timestamp,vehicle_id,rsu_id,x,y,z,speed,acceleration,heading_rad,road_id,rxPower_dbm,sinr_db,txPower_mw,txPowerSource,neighborCount,nearestRSU,packetsSent,packetsReceived,pdr,distance_to_rsu_m,signal_age_ms,cqi,mcs,rsrp_dbm,rsrq_db,connection_type,cbr,throughput_kbps,interference_dbm
117.2,node[15],5,5351.6490,4443.9423,1.8950,13.2839,132.8395,-0.2440,90000943,-76.5872,0.4879,100.0000,default,10,rsu(356m),1,16,0.2217,356,2.0195,4,6,-76.5872,-93.5769,direct,0.0500,0.0109,-86.7612
117.3,node[15],5,5352.9325,4444.2618,1.8950,13.2263,-0.5768,-0.2440,90000943,-74.2222,1.2102,100.0000,default,10,rsu(357m),2,32,0.2901,357,2.0239,5,8,-74.2222,-91.2119,direct,0.0500,0.0109,-86.7663
117.4,node[15],5,5354.2127,4444.5806,1.8950,13.1928,-0.3351,-0.2440,90000943,-73.5713,1.0679,100.0000,default,10,rsu(358m),3,48,0.2757,358,2.0284,5,8,-73.5713,-90.5610,direct,0.0500,12.8000,-86.7714
117.5,node[15],5,5355.4893,4444.8985,1.8950,13.1559,-0.3686,-0.2440,90000943,-78.0240,-0.2272,100.0000,default,10,rsu(359m),4,64,0.1661,359,2.0199,4,6,-78.0240,-95.0137,direct,0.0500,12.8000,-86.7765
117.6,node[15],5,5356.7651,4445.2235,1.8950,13.1663,0.1040,-0.2455,90000943,-74.4654,-0.2649,100.0000,default,10,rsu(360m),5,80,0.1635,360,2.0244,4,6,-74.4654,-91.4551,direct,0.0500,12.8000,-86.7817
117.7,node[15],5,5358.0315,4445.6029,1.8950,13.2194,0.5313,-0.2579,90000943,-75.7117,3.5563,100.0000,default,10,rsu(362m),6,96,0.5691,362,2.0159,6,10,-75.7117,-92.7014,direct,0.0500,12.8000,-86.7866
117.8,node[15],5,5359.2967,4445.9819,1.8950,13.2078,-0.1168,-0.2703,90000943,-82.7184,-3.9630,100.0000,default,10,rsu(363m),7,112,0.0298,363,2.0205,2,2,-82.7184,-99.7081,direct,0.0500,12.8000,-86.7916
117.9,node[15],5,5360.5610,4446.3607,1.8950,13.1975,-0.1027,-0.2827,90000943,-83.7751,-5.0000,100.0000,default,10,rsu(364m),8,128,0.0180,364,2.0251,2,2,-83.7751,-100.7648,direct,0.0500,12.8000,-86.7966
118,node[15],5,5361.8284,4446.7404,1.8950,13.2305,0.3305,-0.2911,90000943,-85.2701,-5.0000,100.0000,default,10,rsu(365m),9,144,0.0180,365,2.0165,2,2,-85.2701,-102.2598,direct,0.0500,12.8000,-86.8017
118.1,node[15],5,5363.1004,4447.1215,1.8950,13.2787,0.4813,-0.2911,90000943,-74.9262,2.5094,100.0000,default,10,rsu(366m),10,160,0.4390,366,2.0210,5,8,-74.9262,-91.9159,direct,0.0500,12.8000,-86.8068
118.2,node[15],5,5364.3721,4447.5025,1.8950,13.2745,-0.0418,-0.2911,90000943,-76.5824,-0.6123,100.0000,default,10,rsu(368m),11,176,0.1411,368,2.0255,4,6,-76.5824,-93.5721,direct,0.0500,12.8000,-86.8120
118.3,node[15],5,5365.6440,4447.8836,1.8950,13.2778,0.0330,-0.2911,90000943,-75.6292,0.3892,100.0000,default,10,rsu(369m),12,192,0.2133,369,2.0171,4,6,-75.6292,-92.6189,direct,0.0500,12.8000,-86.8172
118.4,node[15],5,5366.9053,4448.2615,1.8950,13.1666,-1.1120,-0.2911,90000943,-73.7191,4.4646,100.0000,default,10,rsu(370m),13,208,0.6753,370,2.0217,6,10,-73.7191,-90.7088,direct,0.0500,12.8000,-86.8224
118.5,node[15],5,5368.1707,4448.6406,1.8950,13.2092,0.4259,-0.2911,90000943,-76.0030,2.9319,100.0000,default,10,rsu(371m),14,224,0.4915,371,2.0263,5,8,-76.0030,-92.9927,direct,0.0500,12.8000,-86.8277
118.6,node[15],5,5369.4349,4449.0193,1.8950,13.1975,-0.1169,-0.2911,90000943,-75.4510,1.6815,100.0000,default,10,rsu(372m),15,240,0.3409,372,2.0179,5,8,-75.4510,-92.4407,direct,0.0500,12.8000,-86.8330
118.7,node[15],5,5370.7037,4449.3994,1.8950,13.2444,0.4688,-0.2911,90000943,-78.5189,-2.5369,100.0000,default,10,rsu(374m),16,256,0.0591,374,2.0226,3,4,-78.5189,-95.5086,direct,0.0500,12.8000,-86.8384
118.8,node[15],5,5371.9752,4449.7804,1.8950,13.2730,0.2866,-0.2911,90000943,-79.6390,-1.2619,100.0000,default,10,rsu(375m),17,272,0.1061,375,2.0273,3,4,-79.6390,-96.6287,direct,0.0500,12.8000,-86.8438
118.9,node[15],5,5373.2401,4450.1593,1.8950,13.2039,-0.6910,-0.2911,90000943,-77.4047,-3.1826,100.0000,default,10,rsu(376m),18,288,0.0435,376,2.0190,2,2,-77.4047,-94.3944,direct,0.0500,12.8000,-86.8493
119,node[15],5,5374.4795,4450.5936,1.8950,13.1550,-0.4889,-0.3031,90000943,-80.2229,-4.3487,100.0000,default,10,rsu(377m),19,304,0.0247,377,2.0238,2,2,-80.2229,-97.2126,direct,0.0500,12.8000,-86.8545
119.1,node[15],5,5375.6982,4451.1219,1.8950,13.2819,1.2689,-0.3345,90000943,-72.9305,2.2211,100.0000,default,10,rsu(378m),20,320,0.4038,378,2.0156,5,8,-72.9305,-89.9202,direct,0.0500,12.8000,-86.8595
119.2,node[15],5,5376.9111,4451.6478,1.8950,13.2196,-0.6226,-0.3657,90000943,-74.9143,2.3625,100.0000,default,10,rsu(380m),21,336,0.4210,380,2.0204,5,8,-74.9143,-91.9040,direct,0.0500,12.8000,-86.8645
119.3,node[15],5,5378.1292,4452.1759,1.8950,13.2769,0.5729,-0.3971,90000943,-75.8373,0.9204,100.0000,default,10,rsu(381m),22,352,0.2612,381,2.0253,4,6,-75.8373,-92.8270,direct,0.0500,12.8000,-86.8696
119.4,node[15],5,5379.3406,4452.7011,1.8950,13.2034,-0.7355,-0.4091,90000943,-76.5452,2.1455,100.0000,default,10,rsu(382m),23,368,0.3948,382,2.0172,5,8,-76.5452,-93.5349,direct,0.0500,12.8000,-86.8747
119.5,node[15],5,5380.5490,4453.2250,1.8950,13.1699,-0.3345,-0.4091,90000943,-73.8116,1.9865,100.0000,default,10,rsu(383m),24,384,0.3760,383,2.0221,5,8,-73.8116,-90.8013,direct,0.0500,12.8000,-86.8799
119.6,node[15],5,5381.7598,4453.7500,1.8950,13.1969,0.2692,-0.4091,90000943,-76.8809,0.2558,100.0000,default,10,rsu(384m),25,400,0.2023,384,2.0270,4,6,-76.8809,-93.8706,direct,0.0500,12.8000,-86.8852
119.7,node[15],5,5382.9762,4454.2774,1.8950,13.2582,0.6131,-0.4091,90000943,-74.9698,2.8810,100.0000,default,10,rsu(385m),26,416,0.4851,385,2.0190,5,8,-74.9698,-91.9595,direct,0.0500,12.8000,-86.8905
119.8,node[15],5,5384.1847,4454.8013,1.8950,13.1712,-0.8700,-0.4091,90000943,-78.5704,-2.6145,100.0000,default,10,rsu(386m),27,432,0.0569,386,2.0240,3,4,-78.5704,-95.5601,direct,0.0500,12.8000,-86.8958
119.9,node[15],5,5385.3921,4455.3248,1.8950,13.1599,-0.1128,-0.4091,90000943,-75.8886,0.9030,100.0000,default,10,rsu(387m),28,448,0.2595,387,2.0160,4,6,-75.8886,-92.8783,direct,0.0500,12.8000,-86.9012
120,node[15],5,5386.6025,4455.8496,1.8950,13.1922,0.3232,-0.4091,90000943,-78.2521,-4.4723,100.0000,default,10,rsu(389m),29,464,0.0233,389,2.0210,2,2,-78.2521,-95.2418,direct,0.0500,12.8000,-86.9067
120.1,node[15],5,5387.8149,4456.3752,1.8950,13.2140,0.2185,-0.4091,90000943,-78.9168,-3.8713,100.0000,default,10,rsu(390m),30,480,0.0312,390,2.0261,2,2,-78.9168,-95.9065,direct,0.0500,12.8000,-86.9122
120.2,node[15],5,5389.0279,4456.9011,1.8950,13.2211,0.0702,-0.4091,90000943,-77.9063,-2.7567,100.0000,default,10,rsu(391m),31,496,0.0532,391,2.0182,3,4,-77.9063,-94.8960,direct,0.0500,12.8000,-86.9178
120.3,node[15],5,5390.2364,4457.4250,1.8950,13.1710,-0.5007,-0.4091,90000943,-80.9582,-3.0059,100.0000,default,10,rsu(392m),32,512,0.0473,392,2.0233,2,2,-80.9582,-97.9479,direct,0.0500,12.8000,-86.9235
120.4,node[15],5,5391.4472,4457.9500,1.8950,13.1973,0.2628,-0.4091,90000943,-76.6817,1.6226,100.0000,default,10,rsu(393m),33,528,0.3343,393,2.0284,5,8,-76.6817,-93.6714,direct,0.0500,12.8000,-86.9292
120.5,node[15],5,5392.6590,4458.4754,1.8950,13.2072,0.0991,-0.4091,90000943,-84.5944,-5.0000,100.0000,default,10,rsu(394m),34,544,0.0180,394,2.0206,2,2,-84.5944,-101.5841,direct,0.0500,12.8000,-86.9349
120.6,node[15],5,5393.8776,4459.0037,1.8950,13.2815,0.7428,-0.4091,90000943,-80.0252,-5.0000,100.0000,default,10,rsu(396m),35,560,0.0180,396,2.0258,2,2,-80.0252,-97.0149,direct,0.0500,12.8000,-86.9407
120.7,node[15],5,5395.0839,4459.5429,1.8950,13.2188,-0.6266,-0.4121,90000943,-94.5911,-5.0000,100.0000,default,10,rsu(397m),36,576,0.0180,397,2.0180,2,2,-94.5911,-111.5808,direct,0.0500,12.8000,-86.9465
120.8,node[15],5,5396.2471,4460.1692,1.8950,13.2107,-0.0811,-0.4345,90000943,-73.3797,4.2831,100.0000,default,10,rsu(398m),37,592,0.6551,398,2.0232,6,10,-73.3797,-90.3694,direct,0.0500,12.8000,-86.9520
120.9,node[15],5,5397.4161,4460.7986,1.8950,13.2765,0.6577,-0.4570,90000943,-77.3071,0.2433,100.0000,default,10,rsu(399m),38,608,0.2013,399,2.0284,4,6,-77.3071,-94.2968,direct,0.0500,12.8000,-86.9576
121,node[15],5,5398.5786,4461.4245,1.8950,13.2021,-0.7437,-0.4794,90000943,-74.2456,0.9987,100.0000,default,10,rsu(400m),39,624,0.2688,400,2.0207,4,6,-74.2456,-91.2353,direct,0.0500,12.8000,-86.9633
121.1,node[15],5,5399.7473,4462.0537,1.8950,13.2727,0.7055,-0.4939,90000943,-75.6718,3.4879,100.0000,default,10,rsu(401m),40,640,0.5607,401,2.0260,6,10,-75.6718,-92.6615,direct,0.0500,12.8000,-86.9690
121.2,node[15],5,5400.9150,4462.6824,1.8950,13.2626,-0.1010,-0.4939,90000943,-77.4013,0.0895,100.0000,default,11,rsu(402m),41,657,0.1892,402,2.0183,4,6,-77.4013,-94.3910,direct,0.0500,13.2000,-86.9643
121.3,node[15],5,5402.0824,4463.3110,1.8950,13.2579,-0.0466,-0.4939,90000943,-75.4460,3.4506,100.0000,default,11,rsu(403m),42,674,0.5561,403,2.0236,6,10,-75.4460,-92.4357,direct,0.0500,13.2000,-86.9701
121.4,node[15],5,5403.2470,4463.9380,1.8950,13.2262,-0.3172,-0.4939,90000943,-78.5176,-1.5835,100.0000,default,11,rsu(404m),43,691,0.0918,404,2.0160,3,4,-78.5176,-95.5073,direct,0.0500,13.6000,-86.9759
121.5,node[15],5,5404.4060,4464.5620,1.8950,13.1626,-0.6360,-0.4939,90000943,-74.9259,-0.2405,100.0000,default,11,rsu(405m),44,708,0.1652,405,2.0214,4,6,-74.9259,-91.9156,direct,0.0500,13.6000,-86.9818
121.6,node[15],5,5405.5756,4465.1917,1.8950,13.2836,1.2102,-0.4939,90000943,-72.4740,4.8124,100.0000,default,11,rsu(407m),45,725,0.7122,407,2.0267,6,10,-72.4740,-89.4637,direct,0.0500,13.6000,-86.9878
121.7,node[15],5,5406.7427,4465.8201,1.8950,13.2545,-0.2913,-0.4939,90000943,-72.7085,3.6976,100.0000,default,11,rsu(408m),46,742,0.5863,408,2.0192,6,10,-72.7085,-89.6982,direct,0.0500,13.6000,-86.9938
121.8,node[15],5,5407.9056,4466.4462,1.8950,13.2075,-0.4697,-0.4939,90000943,-83.8969,-5.0000,100.0000,default,11,rsu(409m),47,759,0.0180,409,2.0246,2,2,-83.8969,-100.8866,direct,0.0500,13.6000,-86.9997
121.9,node[15],5,5409.0680,4467.0721,1.8950,13.2015,-0.0598,-0.4939,90000943,-81.0070,-3.8998,100.0000,default,11,rsu(410m),48,776,0.0308,410,2.0170,2,2,-81.0070,-97.9967,direct,0.0500,13.6000,-87.0057
122,node[15],5,5410.2363,4467.7011,1.8950,13.2687,0.6721,-0.4939,90000943,-81.2540,-3.1973,100.0000,default,11,rsu(411m),49,793,0.0432,411,2.0225,2,2,-81.2540,-98.2437,direct,0.0500,13.6000,-87.0118
122.1,node[15],5,5411.4026,4468.3291,1.8950,13.2454,-0.2328,-0.4939,90000943,-91.4860,-5.0000,100.0000,default,11,rsu(412m),50,810,0.0180,412,2.0280,2,2,-91.4860,-108.4757,direct,0.0500,13.6000,-87.0178
122.2,node[15],5,5412.5645,4468.9547,1.8950,13.1959,-0.4954,-0.4939,90000943,-70.6072,3.2524,100.0000,default,11,rsu(413m),51,827,0.5315,413,2.0204,6,10,-70.6072,-87.5969,direct,0.0500,13.6000,-87.0239
122.3,node[15],5,5413.7303,4469.5823,1.8950,13.2400,0.4411,-0.4939,90000943,-76.5626,0.5029,100.0000,default,11,rsu(414m),52,844,0.2230,414,2.0260,4,6,-76.5626,-93.5523,direct,0.0500,13.6000,-87.0299
122.4,node[15],5,5414.8914,4470.2075,1.8950,13.1864,-0.5365,-0.4939,90000943,-78.1008,-4.2829,100.0000,default,11,rsu(415m),53,861,0.0255,415,2.0185,2,2,-78.1008,-95.0905,direct,0.0500,13.6000,-87.0360
122.5,node[15],5,5416.0530,4470.8329,1.8950,13.1930,0.0663,-0.4939,90000943,-80.6497,-3.0208,100.0000,default,11,rsu(417m),54,878,0.0470,417,2.0240,2,2,-80.6497,-97.6394,direct,0.0500,13.6000,-87.0421
122.6,node[15],5,5417.2162,4471.4592,1.8950,13.2097,0.1671,-0.4939,90000943,-76.9470,1.9150,100.0000,default,11,rsu(418m),55,895,0.3676,418,2.0166,5,8,-76.9470,-93.9367,direct,0.0500,13.6000,-87.0482
122.7,node[15],5,5418.3852,4472.0886,1.8950,13.2770,0.6726,-0.4939,90000943,-75.8531,3.5085,100.0000,default,11,rsu(419m),56,912,0.5632,419,2.0222,6,10,-75.8531,-92.8428,direct,0.0500,13.6000,-87.0543
122.8,node[15],5,5419.5436,4472.7123,1.8950,13.1559,-1.2106,-0.4939,90000943,-76.1978,-0.3604,100.0000,default,11,rsu(420m),57,929,0.1571,420,2.0278,4,6,-76.1978,-93.1875,direct,0.0500,13.6000,-87.0603
122.9,node[15],5,5420.7123,4473.3416,1.8950,13.2735,1.1763,-0.4939,90000943,-77.7149,1.4836,100.0000,default,11,rsu(421m),58,946,0.3190,421,2.0204,5,8,-77.7149,-94.7046,direct,0.0500,13.6000,-87.0664
123,node[15],5,5421.8815,4473.9711,1.8950,13.2787,0.0517,-0.4939,90000943,-76.9102,-2.6547,100.0000,default,11,rsu(422m),59,963,0.0559,422,2.0260,3,4,-76.9102,-93.8999,direct,0.0500,13.6000,-87.0725
123.1,node[15],5,5423.0405,4474.5951,1.8950,13.1621,-1.1664,-0.4939,90000943,-78.0676,0.6382,100.0000,default,11,rsu(423m),60,980,0.2349,423,2.0187,4,6,-78.0676,-95.0573,direct,0.0500,13.6000,-87.0786
123.2,node[15],5,5424.2057,4475.2224,1.8950,13.2336,0.7155,-0.4939,90000943,-78.8139,-4.6220,100.0000,default,11,rsu(424m),61,997,0.0216,424,2.0243,2,2,-78.8139,-95.8036,direct,0.0500,13.6000,-87.0847
123.3,node[15],5,5425.3644,4475.8463,1.8950,13.1595,-0.7415,-0.4939,90000943,-81.3186,-4.8295,100.0000,default,11,rsu(426m),62,1014,0.0196,426,2.0170,2,2,-81.3186,-98.3083,direct,0.0500,13.6000,-87.0907
123.4,node[15],5,5426.5316,4476.4747,1.8950,13.2559,0.9643,-0.4939,90000943,-80.7925,-3.6157,100.0000,default,11,rsu(427m),63,1031,0.0353,427,2.0227,2,2,-80.7925,-97.7822,direct,0.0500,13.6000,-87.0968
123.5,node[15],5,5427.6950,4477.1011,1.8950,13.2132,-0.4273,-0.4939,90000943,-73.3000,3.9750,100.0000,default,11,rsu(428m),64,1048,0.6195,428,2.0284,6,10,-73.3000,-90.2897,direct,0.0500,13.6000,-87.1028
123.6,node[15],5,5428.8609,4477.7288,1.8950,13.2403,0.2712,-0.4939,90000943,-81.5502,-3.8347,100.0000,default,11,rsu(429m),65,1065,0.0318,429,2.0211,2,2,-81.5502,-98.5399,direct,0.0500,13.6000,-87.1089
123.7,node[15],5,5430.0250,4478.3556,1.8950,13.2209,-0.1936,-0.4939,90000943,-87.2302,-5.0000,100.0000,default,11,rsu(430m),66,1082,0.0180,430,2.0177,2,2,-87.2302,-104.2199,direct,0.0500,13.6000,-87.1149
123.8,node[15],5,5431.1880,4478.9818,1.8950,13.2087,-0.1227,-0.4939,90000943,-80.5658,-4.8864,100.0000,default,11,rsu(431m),67,1099,0.0190,431,2.0274,2,2,-80.5658,-97.5555,direct,0.0500,13.6000,-87.1209
123.9,node[15],5,5432.3565,4479.6109,1.8950,13.2708,0.6212,-0.4939,90000943,-71.3015,7.8122,100.0000,default,11,rsu(432m),68,1116,0.9173,432,2.0241,8,14,-71.3015,-88.2912,direct,0.0500,13.6000,-87.1269
124,node[15],5,5433.5250,4480.2401,1.8950,13.2712,0.0038,-0.4939,90000943,-79.5443,-0.3682,100.0000,default,11,rsu(433m),69,1133,0.1566,433,2.0208,4,6,-79.5443,-96.5340,direct,0.0500,13.6000,-87.1328
124.1,node[15],5,5434.6920,4480.8684,1.8950,13.2526,-0.1851,-0.4939,90000943,-81.6368,-3.0820,100.0000,default,11,rsu(435m),70,1150,0.0456,435,2.0175,2,2,-81.6368,-98.6265,direct,0.0500,13.6000,-87.1388
124.2,node[15],5,5435.8569,4481.4956,1.8950,13.2299,-0.2271,-0.4939,90000943,-75.1967,2.8476,100.0000,default,11,rsu(436m),71,1167,0.4810,436,2.0272,5,8,-75.1967,-92.1864,direct,0.0500,13.6000,-87.1447
124.3,node[15],5,5437.0197,4482.1216,1.8950,13.2061,-0.2388,-0.4939,90000943,-77.0134,-0.7758,100.0000,default,11,rsu(437m),72,1184,0.1315,437,2.0239,4,6,-77.0134,-94.0031,direct,0.0500,13.6000,-87.1506
124.4,node[15],5,5438.1874,4482.7504,1.8950,13.2625,0.5644,-0.4939,90000943,-82.6354,-4.8487,100.0000,default,11,rsu(438m),73,1201,0.0194,438,2.0206,2,2,-82.6354,-99.6251,direct,0.0500,13.6000,-87.1564
124.5,node[15],5,5439.3481,4483.3753,1.8950,13.1816,-0.8089,-0.4939,90000943,-71.1510,7.9408,100.0000,default,11,rsu(439m),74,1218,0.9220,439,2.0173,8,14,-71.1510,-88.1407,direct,0.0500,13.6000,-87.1623
124.6,node[15],5,5440.5092,4484.0004,1.8950,13.1866,0.0496,-0.4939,90000943,-75.5760,0.5594,100.0000,default,11,rsu(440m),75,1235,0.2279,440,2.0270,4,6,-75.5760,-92.5657,direct,0.0500,13.6000,-87.1681
124.7,node[15],5,5441.6730,4484.6270,1.8950,13.2171,0.3056,-0.4939,90000943,-77.2705,-0.8032,100.0000,default,11,rsu(441m),76,1252,0.1299,441,2.0237,4,6,-77.2705,-94.2602,direct,0.0500,13.6000,-87.1738
124.8,node[15],5,5442.8400,4485.2554,1.8950,13.2537,0.3653,-0.4939,90000943,-82.2557,-3.8813,100.0000,default,11,rsu(443m),77,1269,0.0310,443,2.0205,2,2,-82.2557,-99.2454,direct,0.0500,13.6000,-87.1796
124.9,node[15],5,5443.9890,4485.8740,1.8950,13.0493,-2.0436,-0.4939,90000943,-73.8319,1.8425,100.0000,default,11,rsu(444m),78,1286,0.3592,444,2.0172,5,8,-73.8319,-90.8216,direct,0.0500,13.6000,-87.1853
125,node[15],5,5445.0994,4486.4719,1.8950,12.6108,-4.3849,-0.4939,90000943,-77.2418,-0.6381,100.0000,default,11,rsu(445m),79,1303,0.1395,445,2.0269,4,6,-77.2418,-94.2315,direct,0.0500,13.6000,-87.1909
125.1,node[15],5,5446.1701,4487.0484,1.8950,12.1608,-4.5000,-0.4939,90000943,-88.3549,-5.0000,100.0000,default,11,rsu(446m),80,1320,0.0180,446,2.0236,2,2,-88.3549,-105.3446,direct,0.0500,13.6000,-87.1963
125.2,node[15],5,5447.2013,4487.6036,1.8950,11.7114,-4.4945,-0.4939,90000943,-78.3425,-1.9935,100.0000,default,11,rsu(447m),81,1337,0.0761,447,2.0203,3,4,-78.3425,-95.3322,direct,0.0500,13.6000,-87.2017
125.3,node[15],5,5448.1929,4488.1375,1.8950,11.2614,-4.5000,-0.4939,90000943,-72.6983,2.3823,100.0000,default,11,rsu(448m),82,1354,0.4234,448,2.0171,5,8,-72.6983,-89.6880,direct,0.0500,13.6000,-87.2070
125.4,node[15],5,5449.1448,4488.6500,1.8950,10.8114,-4.5000,-0.4939,90000943,-80.5203,-4.8263,100.0000,default,11,rsu(449m),83,1371,0.0196,449,2.0268,2,2,-80.5203,-97.5100,direct,0.0500,13.6000,-87.2121
125.5,node[15],5,5450.0572,4489.1412,1.8950,10.3614,-4.5000,-0.4939,90000943,-92.0581,-5.0000,100.0000,default,11,rsu(450m),84,1388,0.0180,450,2.0235,2,2,-92.0581,-109.0478,direct,0.0500,13.6000,-87.2172
125.6,node[15],5,5450.9299,4489.6111,1.8950,9.9114,-4.5000,-0.4939,90000943,-85.1996,-5.0000,100.0000,default,11,rsu(451m),85,1405,0.0180,451,2.0203,2,2,-85.1996,-102.1893,direct,0.0500,13.6000,-87.2222
125.7,node[15],5,5451.7630,4490.0596,1.8950,9.4614,-4.5000,-0.4939,90000943,-77.9348,-2.8407,100.0000,default,11,rsu(451m),86,1422,0.0512,451,2.0170,3,4,-77.9348,-94.9245,direct,0.0500,13.6000,-87.2271
125.8,node[15],5,5452.5564,4490.4868,1.8950,9.0114,-4.5000,-0.4939,90000943,-76.7180,1.0500,100.0000,default,11,rsu(452m),87,1439,0.2739,452,2.0267,5,8,-76.7180,-93.7077,direct,0.0500,13.6000,-87.2319
125.9,node[15],5,5453.3103,4490.8927,1.8950,8.5614,-4.5000,-0.4939,90000943,-83.0823,-3.8762,100.0000,default,11,rsu(453m),88,1456,0.0311,453,2.0235,2,2,-83.0823,-100.0720,direct,0.0500,13.6000,-87.2366
126,node[15],5,5454.0245,4491.2773,1.8950,8.1114,-4.5000,-0.4939,90000943,-78.5311,-3.0884,100.0000,default,11,rsu(454m),89,1473,0.0455,454,2.0202,2,2,-78.5311,-95.5208,direct,0.0500,13.6000,-87.2412
126.1,node[15],5,5454.6991,4491.6405,1.8950,7.6614,-4.5000,-0.4939,90000943,-80.3690,-5.0000,100.0000,default,11,rsu(454m),90,1490,0.0180,454,2.0169,2,2,-80.3690,-97.3587,direct,0.0500,13.6000,-87.2457
126.2,node[15],5,5455.3340,4491.9823,1.8950,7.2114,-4.5000,-0.4939,90000943,-79.3372,-1.5538,100.0000,default,11,rsu(455m),91,1507,0.0931,455,2.0267,3,4,-79.3372,-96.3269,direct,0.0500,13.6000,-87.2502
126.3,node[15],5,5455.9294,4492.3029,1.8950,6.7614,-4.5000,-0.4939,90000943,-81.4543,-3.6825,100.0000,default,11,rsu(455m),92,1524,0.0342,455,2.0234,2,2,-81.4543,-98.4440,direct,0.0500,13.6000,-87.2545
126.4,node[15],5,5456.4851,4492.6021,1.8950,6.3114,-4.5000,-0.4939,90000943,-78.9166,-3.0718,100.0000,default,11,rsu(456m),93,1541,0.0458,456,2.0201,2,2,-78.9166,-95.9063,direct,0.0500,13.6000,-87.2588
126.5,node[15],5,5457.0012,4492.8800,1.8950,5.8614,-4.5000,-0.4939,90000943,-73.1928,2.7030,100.0000,default,11,rsu(457m),94,1558,0.4629,457,2.0169,5,8,-73.1928,-90.1825,direct,0.0500,13.6000,-87.2630
126.6,node[15],5,5457.4777,4493.1365,1.8950,5.4114,-4.5000,-0.4939,90000943,-75.2219,-0.2034,100.0000,default,11,rsu(457m),95,1575,0.1677,457,2.0266,4,6,-75.2219,-92.2116,direct,0.0500,13.6000,-87.2671
126.7,node[15],5,5457.9145,4493.3717,1.8950,4.9614,-4.5000,-0.4939,90000943,-75.9380,2.2194,100.0000,default,11,rsu(457m),96,1592,0.4036,457,2.0233,5,8,-75.9380,-92.9277,direct,0.0500,13.6000,-87.2711
126.8,node[15],5,5458.3117,4493.5856,1.8950,4.5114,-4.5000,-0.4939,90000943,-72.6696,5.0342,100.0000,default,11,rsu(458m),97,1609,0.7344,458,2.0200,7,12,-72.6696,-89.6593,direct,0.0500,13.6000,-87.2750
126.9,node[15],5,5458.6693,4493.7781,1.8950,4.0614,-4.5000,-0.4939,90000943,-77.2146,-2.6273,100.0000,default,11,rsu(458m),98,1626,0.0566,458,2.0168,3,4,-77.2146,-94.2043,direct,0.0500,13.6000,-87.2789
127,node[15],5,5459.0067,4493.8538,1.8950,3.6114,-4.5000,-0.4751,:1043330186_0,-74.1465,3.5940,100.0000,default,11,rsu(459m),99,1643,0.5737,459,2.0265,6,10,-74.1465,-91.1362,direct,0.0500,13.6000,-87.2827
127.1,node[15],5,5459.3584,4493.8196,1.8950,3.5311,-0.8023,-0.4349,:1043330186_0,-85.1034,-5.0000,100.0000,default,11,rsu(459m),100,1660,0.0180,459,2.0232,2,2,-85.1034,-102.0931,direct,0.0500,13.6000,-87.2865
127.2,node[15],5,5459.7163,4493.7848,1.8950,3.5930,0.6191,-0.3932,:1043330186_0,-83.1174,-4.5071,100.0000,default,11,rsu(459m),101,1677,0.0229,459,2.0199,2,2,-83.1174,-100.1071,direct,0.0500,13.6000,-87.2904
127.3,node[15],5,5460.0724,4493.7502,1.8950,3.5759,-0.1711,-0.3509,:1043330186_0,-78.4114,-1.9383,100.0000,default,11,rsu(460m),102,1694,0.0781,460,2.0166,3,4,-78.4114,-95.4011,direct,0.0500,13.6000,-87.2942
127.4,node[15],5,5460.4031,4493.6440,1.8950,3.5847,0.0875,-0.2954,:1043330186_0,-78.6650,-1.2267,100.0000,default,11,rsu(460m),103,1711,0.1078,460,2.0263,3,4,-78.6650,-95.6547,direct,0.0500,13.6000,-87.2980
127.5,node[15],5,5460.6954,4493.4398,1.8950,3.5635,-0.2116,-0.2199,:1043330186_0,-76.9657,1.9423,100.0000,default,11,rsu(460m),104,1728,0.3708,460,2.0230,5,8,-76.9657,-93.9554,direct,0.0500,13.6000,-87.3018
127.6,node[15],5,5460.9857,4493.2370,1.8950,3.5380,-0.2548,-0.1416,:1043330186_0,-76.1966,1.1989,100.0000,default,11,rsu(461m),105,1745,0.2889,461,2.0197,5,8,-76.1966,-93.1863,direct,0.0500,13.6000,-87.3055
127.7,node[15],5,5461.0173,4492.8908,1.8950,3.5868,0.4875,-0.0302,:1043330186_0,-77.2319,-3.1633,100.0000,default,11,rsu(461m),106,1762,0.0439,461,2.0164,2,2,-77.2319,-94.2216,direct,0.0500,13.6000,-87.3088
127.8,node[15],5,5461.0252,4492.5364,1.8950,3.5419,-0.4491,0.1000,:1043330186_0,-78.4863,-3.8755,100.0000,default,11,rsu(461m),107,1779,0.0311,461,2.0261,2,2,-78.4863,-95.4760,direct,0.0500,13.6000,-87.3120
127.9,node[15],5,5460.9659,4492.1984,1.8950,3.5370,-0.0489,0.2477,:1043330186_0,-80.3303,-5.0000,100.0000,default,11,rsu(461m),108,1796,0.0180,461,2.0228,2,2,-80.3303,-97.3200,direct,0.0500,13.6000,-87.3152
128,node[15],5,5460.8022,4491.8882,1.8950,3.5049,-0.3214,0.4195,:1043330186_0,-77.2680,1.0361,100.0000,default,11,rsu(460m),109,1813,0.2725,460,2.0194,5,8,-77.2680,-94.2577,direct,0.0500,13.6000,-87.3181
128.1,node[15],5,5460.6359,4491.5729,1.8950,3.5616,0.5676,0.6199,:1043330186_0,-78.0728,-2.9102,100.0000,default,11,rsu(460m),110,1830,0.0495,460,2.0161,3,4,-78.0728,-95.0625,direct,0.0500,13.6000,-87.3211
128.2,node[15],5,5460.4711,4491.2605,1.8950,3.5297,-0.3193,0.8322,:1043330186_0,-79.1256,-1.1252,100.0000,default,11,rsu(460m),111,1847,0.1128,460,2.0258,3,4,-79.1256,-96.1153,direct,0.0500,13.6000,-87.3240
128.3,node[15],5,5460.2604,4490.9964,1.8950,3.5098,-0.1989,1.0441,-90000943,-80.7872,-4.0065,100.0000,default,11,rsu(460m),112,1864,0.0292,460,2.0224,2,2,-80.7872,-97.7769,direct,0.0500,13.6000,-87.3269
128.4,node[15],5,5459.9291,4490.8180,1.8950,3.7629,2.5307,1.2735,-90000943,-83.4260,-5.0000,100.0000,default,11,rsu(460m),113,1881,0.0180,460,2.0191,2,2,-83.4260,-100.4157,direct,0.0500,13.6000,-87.3295
128.5,node[15],5,5459.5854,4490.6330,1.8950,3.9027,1.3982,1.5087,-90000943,-86.6595,-5.0000,100.0000,default,11,rsu(459m),114,1898,0.0180,459,2.0157,2,2,-86.6595,-103.6492,direct,0.0500,13.6000,-87.3321
128.6,node[15],5,5459.2270,4490.4400,1.8950,4.0702,1.6754,1.7388,-90000943,-80.5356,-3.6733,100.0000,default,11,rsu(459m),115,1915,0.0343,459,2.0253,2,2,-80.5356,-97.5253,direct,0.0500,13.6000,-87.3346
128.7,node[15],5,5458.8466,4490.2351,1.8950,4.3208,2.5057,1.9455,-90000943,-90.8756,-5.0000,100.0000,default,11,rsu(458m),116,1932,0.0180,458,2.0219,2,2,-90.8756,-107.8653,direct,0.0500,13.6000,-87.3372
128.8,node[15],5,5458.4495,4490.0213,1.8950,4.5095,1.8875,2.1246,-90000943,-78.0372,-0.7716,100.0000,default,11,rsu(458m),117,1949,0.1317,458,2.0185,4,6,-78.0372,-95.0269,direct,0.0500,13.6000,-87.3397
128.9,node[15],5,5458.0327,4489.7969,1.8950,4.7334,2.2387,2.2817,-90000943,-80.8991,-2.0150,100.0000,default,11,rsu(458m),118,1966,0.0753,458,2.0280,3,4,-80.8991,-97.8888,direct,0.0500,13.6000,-87.3421
129,node[15],5,5457.6006,4489.5643,1.8950,4.9074,1.7403,2.3914,-90000943,-90.7155,-5.0000,100.0000,default,11,rsu(457m),119,1983,0.0180,457,2.0246,2,2,-90.7155,-107.7052,direct,0.0500,13.6000,-87.3445
129.1,node[15],5,5457.1476,4489.3204,1.8950,5.1444,2.3691,2.4909,-90000943,-80.2754,-0.9722,100.0000,default,11,rsu(457m),120,2000,0.1207,457,2.0211,4,6,-80.2754,-97.2651,direct,0.0500,13.6000,-87.3469
129.2,node[15],5,5456.6756,4489.0663,1.8950,5.3601,2.1573,2.5543,-90000943,-80.6439,-2.0854,100.0000,default,11,rsu(456m),121,2018,0.0729,456,2.0176,3,4,-80.6439,-97.6336,direct,0.0500,14.0000,-87.3492
129.3,node[15],5,5456.1887,4488.8041,1.8950,5.5296,1.6952,2.6181,-90000943,-77.5656,-3.0543,100.0000,default,11,rsu(456m),122,2036,0.0462,456,2.0271,2,2,-77.5656,-94.5553,direct,0.0500,14.0000,-87.3515
129.4,node[15],5,5455.6835,4488.5321,1.8950,5.7373,2.0774,2.6477,-90000943,-79.5545,-0.2838,100.0000,default,11,rsu(455m),123,2054,0.1622,455,2.0236,4,6,-79.5545,-96.5442,direct,0.0500,14.4000,-87.3538
129.5,node[15],5,5455.1604,4488.2505,1.8950,5.9405,2.0316,2.6477,-90000943,-74.5716,-0.4914,100.0000,default,11,rsu(455m),124,2072,0.1486,455,2.0201,4,6,-74.5716,-91.5613,direct,0.0500,14.4000,-87.3560
129.6,node[15],5,5454.6214,4487.9603,1.8950,6.1212,1.8072,2.6477,-90000943,-87.3633,-5.0000,100.0000,default,11,rsu(454m),125,2090,0.0180,454,2.0165,2,2,-87.3633,-104.3530,direct,0.0500,14.4000,-87.3581
129.7,node[15],5,5454.0611,4487.6586,1.8950,6.3632,2.4201,2.6477,-90000943,-79.6198,-1.0329,100.0000,default,11,rsu(454m),126,2108,0.1175,454,2.0259,3,4,-79.6198,-96.6095,direct,0.0500,14.4000,-87.3603
129.8,node[15],5,5453.4890,4487.3506,1.8950,6.4974,1.3418,2.6477,-90000943,-78.7524,-1.7393,100.0000,default,11,rsu(453m),127,2126,0.0855,453,2.0223,3,4,-78.7524,-95.7421,direct,0.0500,14.4000,-87.3624
129.9,node[15],5,5452.8963,4487.0314,1.8950,6.7315,2.3409,2.6477,-90000943,-79.7348,-2.3869,100.0000,default,11,rsu(453m),128,2144,0.0634,453,2.0187,3,4,-79.7348,-96.7245,direct,0.0500,14.4000,-87.3644
130,node[15],5,5452.2816,4486.7005,1.8950,6.9807,2.4914,2.6477,-90000943,-75.4632,2.4503,100.0000,default,11,rsu(452m),129,2162,0.4317,452,2.0280,5,8,-75.4632,-92.4529,direct,0.0500,14.4000,-87.3664
130.1,node[15],5,5451.6446,4486.3575,1.8950,7.2337,2.5306,2.6477,-90000943,-80.5006,-5.0000,100.0000,default,11,rsu(451m),130,2180,0.0180,451,2.0244,2,2,-80.5006,-97.4903,direct,0.0500,14.4000,-87.3683
130.2,node[15],5,5450.9865,4486.0032,1.8950,7.4749,2.4117,2.6477,-90000943,-82.0384,-5.0000,100.0000,default,11,rsu(451m),131,2198,0.0180,451,2.0207,2,2,-82.0384,-99.0281,direct,0.0500,14.4000,-87.3702
130.3,node[15],5,5450.3067,4485.6372,1.8950,7.7197,2.4485,2.6477,-90000943,-80.2510,-2.6328,100.0000,default,11,rsu(450m),132,2216,0.0564,450,2.0169,3,4,-80.2510,-97.2407,direct,0.0500,14.4000,-87.3721
130.4,node[15],5,5449.6088,4485.2614,1.8950,7.9256,2.0589,2.6477,-90000943,-79.2980,-0.5602,100.0000,default,11,rsu(449m),133,2234,0.1443,449,2.0262,4,6,-79.2980,-96.2877,direct,0.0500,14.4000,-87.3739
130.5,node[15],5,5448.8884,4484.8735,1.8950,8.1817,2.5608,2.6477,-90000943,-80.0748,-1.3284,100.0000,default,11,rsu(449m),134,2252,0.1030,449,2.0224,3,4,-80.0748,-97.0645,direct,0.0500,14.4000,-87.3756
130.6,node[15],5,5448.1535,4484.4778,1.8950,8.3465,1.6479,2.6477,-90000943,-75.0700,0.7632,100.0000,default,11,rsu(448m),135,2270,0.2463,448,2.0186,4,6,-75.0700,-92.0597,direct,0.0500,14.4000,-87.3773
130.7,node[15],5,5447.4026,4484.0736,1.8950,8.5268,1.8030,2.6477,-90000943,-76.9179,-2.4069,100.0000,default,11,rsu(447m),136,2288,0.0628,447,2.0278,3,4,-76.9179,-93.9076,direct,0.0500,14.4000,-87.3790
130.8,node[15],5,5446.6304,4483.6578,1.8950,8.7701,2.4333,2.6477,-90000943,-82.3455,-4.3697,100.0000,default,11,rsu(446m),137,2306,0.0245,446,2.0240,2,2,-82.3455,-99.3352,direct,0.0500,14.4000,-87.3806
130.9,node[15],5,5445.8414,4483.2330,1.8950,8.9608,1.9071,2.6477,-90000943,-82.5922,-5.0000,100.0000,default,11,rsu(446m),138,2324,0.0180,446,2.0201,2,2,-82.5922,-99.5819,direct,0.0500,14.4000,-87.3822
131,node[15],5,5445.0397,4482.8013,1.8950,9.1044,1.4357,2.6477,-90000943,-78.4974,-1.4935,100.0000,default,11,rsu(445m),139,2342,0.0956,445,2.0162,3,4,-78.4974,-95.4871,direct,0.0500,14.4000,-87.3837
131.1,node[15],5,5444.2151,4482.3574,1.8950,9.3642,2.5978,2.6477,-90000943,-77.3519,1.1211,100.0000,default,11,rsu(444m),140,2360,0.2810,444,2.0252,5,8,-77.3519,-94.3416,direct,0.0500,14.4000,-87.3852
131.2,node[15],5,5443.3702,4481.9025,1.8950,9.5956,2.3147,2.6477,-90000943,-77.2370,-3.2127,100.0000,default,11,rsu(443m),141,2378,0.0428,443,2.0213,2,2,-77.2370,-94.2267,direct,0.0500,14.4000,-87.3866
131.3,node[15],5,5442.5132,4481.4411,1.8950,9.7326,1.3696,2.6477,-90000943,-81.9733,-5.0000,100.0000,default,11,rsu(442m),142,2396,0.0180,442,2.0173,2,2,-81.9733,-98.9630,direct,0.0500,14.4000,-87.3879
131.4,node[15],5,5441.6335,4480.9674,1.8950,9.9909,2.5830,2.6477,-90000943,-81.5482,-5.0000,100.0000,default,11,rsu(442m),143,2414,0.0180,442,2.0262,2,2,-81.5482,-98.5379,direct,0.0500,14.4000,-87.3892
131.5,node[15],5,5440.7346,4480.4834,1.8950,10.2083,2.1736,2.6477,-90000943,-85.9237,-5.0000,100.0000,default,11,rsu(441m),144,2432,0.0180,441,2.0222,2,2,-85.9237,-102.9134,direct,0.0500,14.4000,-87.3905
131.6,node[15],5,5439.8149,4479.9882,1.8950,10.4450,2.3670,2.6477,-90000943,-76.8119,1.5318,100.0000,default,11,rsu(440m),145,2450,0.3243,440,2.0181,5,8,-76.8119,-93.8016,direct,0.0500,14.4000,-87.3917
131.7,node[15],5,5438.8821,4479.4860,1.8950,10.5931,1.4809,2.6477,-90000943,-79.9554,-4.5528,100.0000,default,11,rsu(439m),146,2468,0.0224,439,2.0269,2,2,-79.9554,-96.9451,direct,0.0500,14.4000,-87.3928
131.8,node[15],5,5437.9310,4478.9739,1.8950,10.8020,2.0889,2.6477,-90000943,-77.6082,-0.1236,100.0000,default,11,rsu(438m),147,2486,0.1734,438,2.0228,4,6,-77.6082,-94.5979,direct,0.0500,14.4000,-87.3939
131.9,node[15],5,5436.9667,4478.4547,1.8950,10.9515,1.4954,2.6477,-90000943,-87.2843,-5.0000,100.0000,default,11,rsu(437m),148,2504,0.0180,437,2.0186,2,2,-87.2843,-104.2740,direct,0.0500,14.4000,-87.3949
132,node[15],5,5435.9803,4477.9236,1.8950,11.2024,2.5091,2.6477,-90000943,-81.0965,-2.3643,100.0000,default,11,rsu(436m),149,2522,0.0640,436,2.0273,3,4,-81.0965,-98.0862,direct,0.0500,14.4000,-87.3959
132.1,node[15],5,5434.9801,4477.3851,1.8950,11.3587,1.5632,2.6477,-90000943,-81.0081,-4.2608,100.0000,default,11,rsu(435m),150,2540,0.0258,435,2.0230,2,2,-81.0081,-97.9978,direct,0.0500,14.4000,-87.3968
132.2,node[15],5,5433.9659,4476.8391,1.8950,11.5175,1.5879,2.6477,-90000943,-77.2410,1.7362,100.0000,default,11,rsu(434m),151,2558,0.3471,434,2.0187,5,8,-77.2410,-94.2307,direct,0.0500,14.4000,-87.3977
132.3,node[15],5,5432.9307,4476.2817,1.8950,11.7568,2.3928,2.6477,-90000943,-80.5032,-2.6977,100.0000,default,11,rsu(433m),152,2576,0.0547,433,2.0274,3,4,-80.5032,-97.4929,direct,0.0500,14.4000,-87.3985
132.4,node[15],5,5431.8758,4475.7137,1.8950,11.9808,2.2397,2.6477,-90000943,-76.2452,-0.6805,100.0000,default,11,rsu(432m),153,2594,0.1370,432,2.0230,4,6,-76.2452,-93.2349,direct,0.0500,14.4000,-87.3992
132.5,node[15],5,5430.8061,4475.1378,1.8950,12.1475,1.6679,2.6477,-90000943,-79.4838,-1.9665,100.0000,default,11,rsu(431m),154,2612,0.0770,431,2.0186,3,4,-79.4838,-96.4735,direct,0.0500,14.4000,-87.3999
132.6,node[15],5,5429.7160,4474.5508,1.8950,12.3807,2.3314,2.6477,-90000943,-72.5707,4.1680,100.0000,default,11,rsu(430m),155,2630,0.6420,430,2.0271,6,10,-72.5707,-89.5604,direct,0.0500,14.4000,-87.4005
132.7,node[15],5,5428.6039,4473.9521,1.8950,12.6298,2.4913,2.6477,-90000943,-79.1793,-2.1396,100.0000,default,11,rsu(429m),156,2648,0.0711,429,2.0226,3,4,-79.1793,-96.1690,direct,0.0500,14.4000,-87.4011
132.8,node[15],5,5427.4788,4473.3463,1.8950,12.7769,1.4708,2.6477,-90000943,-78.4350,0.5972,100.0000,default,11,rsu(428m),157,2666,0.2312,428,2.0181,4,6,-78.4350,-95.4247,direct,0.0500,14.4000,-87.4015
132.9,node[15],5,5426.3362,4472.7311,1.8950,12.9767,1.9978,2.6477,-90000943,-82.1057,-4.5624,100.0000,default,11,rsu(427m),158,2684,0.0223,427,2.0265,2,2,-82.1057,-99.0954,direct,0.0500,14.4000,-87.4020
133,node[15],5,5425.1757,4472.1063,1.8950,13.1789,2.0222,2.6477,-90000943,-77.4715,0.3953,100.0000,default,11,rsu(426m),159,2702,0.2138,426,2.0219,4,6,-77.4715,-94.4612,direct,0.0500,14.4000,-87.4023
133.1,node[15],5,5424.0109,4471.4791,1.8950,13.2287,0.4983,2.6477,-90000943,-78.8557,0.0179,100.0000,default,11,rsu(424m),160,2720,0.1838,424,2.0172,4,6,-78.8557,-95.8454,direct,0.0500,14.4000,-87.4026
133.2,node[15],5,5422.8419,4470.8498,1.8950,13.2757,0.4700,2.6477,-90000943,-77.6659,0.4077,100.0000,default,11,rsu(423m),161,2738,0.2148,423,2.0255,4,6,-77.6659,-94.6556,direct,0.0500,14.4000,-87.4029
133.3,node[15],5,5421.6735,4470.2207,1.8950,13.2692,-0.0649,2.6477,-90000943,-82.9005,-5.0000,100.0000,default,11,rsu(422m),162,2756,0.0180,422,2.0208,2,2,-82.9005,-99.8902,direct,0.0500,14.4000,-87.4031
133.4,node[15],5,5420.5119,4469.5952,1.8950,13.1925,-0.7677,2.6477,-90000943,-83.6944,-5.0000,100.0000,default,11,rsu(421m),163,2774,0.0180,421,2.0160,2,2,-83.6944,-100.6841,direct,0.0500,14.4000,-87.4034
133.5,node[15],5,5419.3444,4468.9666,1.8950,13.2585,0.6606,2.6477,-90000943,-79.0853,-0.8698,100.0000,default,11,rsu(420m),164,2792,0.1262,420,2.0242,4,6,-79.0853,-96.0750,direct,0.0500,14.4000,-87.4035
133.6,node[15],5,5418.1829,4468.3413,1.8950,13.1907,-0.6777,2.6477,-90000943,-76.0673,1.5818,100.0000,default,11,rsu(419m),165,2810,0.3298,419,2.0193,5,8,-76.0673,-93.0570,direct,0.0500,14.4000,-87.4037
133.7,node[15],5,5417.0172,4467.7137,1.8950,13.2385,0.4771,2.6477,-90000943,-74.8096,-0.2193,100.0000,default,11,rsu(418m),166,2828,0.1666,418,2.0274,4,6,-74.8096,-91.7993,direct,0.0500,14.4000,-87.4038
133.8,node[15],5,5415.8490,4467.0847,1.8950,13.2669,0.2848,2.6477,-90000943,-78.5302,-3.8656,100.0000,default,11,rsu(417m),167,2846,0.0313,417,2.0225,2,2,-78.5302,-95.5199,direct,0.0500,14.4000,-87.4039
133.9,node[15],5,5414.6857,4466.4583,1.8950,13.2118,-0.5517,2.6477,-90000943,-84.9610,-5.0000,100.0000,default,11,rsu(416m),168,2864,0.0180,416,2.0175,2,2,-84.9610,-101.9507,direct,0.0500,14.4000,-87.4039
134,node[15],5,5413.5174,4465.8293,1.8950,13.2675,0.5573,2.6477,-90000943,-77.0016,-1.1923,100.0000,default,11,rsu(414m),169,2882,0.1095,414,2.0254,3,4,-77.0016,-93.9913,direct,0.0500,14.4000,-87.4039
134.1,node[15],5,5412.3525,4465.2021,1.8950,13.2294,-0.3811,2.6477,-90000943,-76.8076,-2.1239,100.0000,default,11,rsu(413m),170,2900,0.0716,413,2.0204,3,4,-76.8076,-93.7973,direct,0.0500,14.4000,-87.4039
134.2,node[15],5,5411.1925,4464.5775,1.8950,13.1744,-0.5496,2.6477,-90000943,-82.7661,-5.0000,100.0000,default,11,rsu(412m),171,2918,0.0180,412,2.0282,2,2,-82.7661,-99.7558,direct,0.0500,14.4000,-87.4039
134.3,node[15],5,5410.0265,4463.9498,1.8950,13.2411,0.6663,2.6477,-90000943,-75.8932,0.9446,100.0000,default,11,rsu(411m),172,2936,0.2635,411,2.0231,4,6,-75.8932,-92.8829,direct,0.0500,14.4000,-87.4038
134.4,node[15],5,5408.8676,4463.3258,1.8950,13.1621,-0.7897,2.6477,-90000943,-79.9214,-1.3238,100.0000,default,11,rsu(410m),173,2954,0.1032,410,2.0179,3,4,-79.9214,-96.9111,direct,0.0500,14.4000,-87.4037
134.5,node[15],5,5407.7046,4462.6996,1.8950,13.2073,0.4525,2.6477,-90000943,-77.1566,1.7723,100.0000,default,11,rsu(409m),174,2972,0.3512,409,2.0256,5,8,-77.1566,-94.1463,direct,0.0500,14.4000,-87.4035
134.6,node[15],5,5406.5414,4462.0734,1.8950,13.2101,0.0276,2.6477,-90000943,-77.6904,0.3013,100.0000,default,11,rsu(408m),175,2990,0.2060,408,2.0203,4,6,-77.6904,-94.6801,direct,0.0500,14.4000,-87.4033
134.7,node[15],5,5405.3823,4461.4493,1.8950,13.1641,-0.4599,2.6477,-90000943,-82.7183,-4.2193,100.0000,default,11,rsu(407m),176,3008,0.0263,407,2.0280,2,2,-82.7183,-99.7080,direct,0.0500,14.4000,-87.4031
134.8,node[15],5,5404.2228,4460.8250,1.8950,13.1684,0.0428,2.6477,-90000943,-78.8322,-0.0054,100.0000,default,11,rsu(406m),177,3026,0.1820,406,2.0226,4,6,-78.8322,-95.8219,direct,0.0500,14.4000,-87.4029
134.9,node[15],5,5403.0591,4460.1984,1.8950,13.2156,0.4718,2.6477,-90000943,-82.4066,-3.7134,100.0000,default,11,rsu(405m),178,3044,0.0337,405,2.0172,2,2,-82.4066,-99.3963,direct,0.0500,14.4000,-87.4026
135,node[15],5,5401.8946,4459.5715,1.8950,13.2241,0.0854,2.6477,-90000943,-77.5139,0.0082,100.0000,default,11,rsu(403m),179,3062,0.1830,403,2.0248,4,6,-77.5139,-94.5036,direct,0.0500,14.4000,-87.4023
135.1,node[15],5,5400.7320,4458.9455,1.8950,13.2040,-0.2014,2.6477,-90000943,-83.2486,-5.0000,100.0000,default,11,rsu(402m),180,3080,0.0180,402,2.0193,2,2,-83.2486,-100.2383,direct,0.0500,14.4000,-87.4019
135.2,node[15],5,5399.5672,4458.3183,1.8950,13.2279,0.2394,2.6477,-90000943,-73.7208,2.1307,100.0000,default,11,rsu(401m),181,3097,0.3930,401,2.0267,5,8,-73.7208,-90.7105,direct,0.0500,14.0000,-87.4015
135.3,node[15],5,5398.4086,4457.6945,1.8950,13.1581,-0.6983,2.6477,-90000943,-73.7849,4.5022,100.0000,default,11,rsu(400m),182,3114,0.6794,400,2.0211,6,10,-73.7849,-90.7746,direct,0.0500,14.0000,-87.4011
135.4,node[15],5,5397.2463,4457.0687,1.8950,13.2004,0.4233,2.6477,-90000943,-78.3938,-2.8857,100.0000,default,11,rsu(399m),183,3131,0.0501,399,2.0155,3,4,-78.3938,-95.3835,direct,0.0500,13.6000,-87.4007
135.5,node[15],5,5396.0782,4456.4652,1.8950,13.1541,-0.4627,2.6522,-90000943,-75.7093,0.8398,100.0000,default,11,rsu(398m),184,3148,0.2535,398,2.0229,4,6,-75.7093,-92.6990,direct,0.0500,13.6000,-87.4001
135.6,node[15],5,5394.8708,4455.9421,1.8950,13.1578,0.0365,2.6745,-90000943,-75.9684,-1.3673,100.0000,default,11,rsu(397m),185,3165,0.1012,397,2.0172,3,4,-75.9684,-92.9581,direct,0.0500,13.6000,-87.3994
135.7,node[15],5,5393.6613,4455.4180,1.8950,13.1815,0.2370,2.6970,-90000943,-73.8860,4.2719,100.0000,default,11,rsu(396m),186,3182,0.6538,396,2.0244,6,10,-73.8860,-90.8757,direct,0.0500,13.6000,-87.3987
135.8,node[15],5,5392.4438,4454.8905,1.8950,13.2676,0.8614,2.7195,-90000943,-75.3207,-1.5020,100.0000,default,11,rsu(395m),187,3199,0.0953,395,2.0186,3,4,-75.3207,-92.3104,direct,0.0500,13.6000,-87.3979
135.9,node[15],5,5391.2264,4454.3630,1.8950,13.2674,-0.0026,2.7327,-90000943,-73.5766,4.4771,100.0000,default,11,rsu(393m),188,3216,0.6767,393,2.0258,6,10,-73.5766,-90.5663,direct,0.0500,13.6000,-87.3961
136,node[15],5,5390.0124,4453.8370,1.8950,13.2292,-0.3819,2.7327,-90000943,-75.5843,0.4828,100.0000,default,11,rsu(392m),189,3233,0.2212,392,2.0199,4,6,-75.5843,-92.5740,direct,0.0500,13.6000,-87.3943
136.1,node[15],5,5388.8001,4453.3117,1.8950,13.2122,-0.1698,2.7327,-90000943,-81.4704,-3.5327,100.0000,default,11,rsu(391m),190,3250,0.0367,391,2.0270,2,2,-81.4704,-98.4601,direct,0.0500,13.6000,-87.3924
136.2,node[15],5,5387.5872,4452.7862,1.8950,13.2175,0.0529,2.7327,-90000943,-72.9966,2.2804,100.0000,default,11,rsu(390m),191,3267,0.4110,390,2.0211,5,8,-72.9966,-89.9863,direct,0.0500,13.6000,-87.3905
136.3,node[15],5,5386.3684,4452.2581,1.8950,13.2825,0.6504,2.7327,-90000943,-87.7219,-5.0000,100.0000,default,11,rsu(389m),192,3284,0.0180,389,2.0281,2,2,-87.7219,-104.7116,direct,0.0500,13.6000,-87.3886
136.4,node[15],5,5385.1602,4451.7346,1.8950,13.1661,-1.1647,2.7327,-90000943,-78.9956,-0.7740,100.0000,default,11,rsu(388m),193,3301,0.1316,388,2.0220,4,6,-78.9956,-95.9853,direct,0.0500,13.6000,-87.3867
136.5,node[15],5,5383.9520,4451.2111,1.8950,13.1674,0.0133,2.7327,-90000943,-79.4976,-5.0000,100.0000,default,11,rsu(387m),194,3318,0.0180,387,2.0160,2,2,-79.4976,-96.4873,direct,0.0500,13.6000,-87.3848
136.6,node[15],5,5382.7338,4450.6833,1.8950,13.2748,1.0736,2.7327,-90000943,-72.8408,1.0218,100.0000,default,11,rsu(385m),195,3335,0.2711,385,2.0228,5,8,-72.8408,-89.8305,direct,0.0500,13.6000,-87.3828
136.7,node[15],5,5381.5188,4450.1568,1.8950,13.2411,-0.3368,2.7327,-90000943,-78.8365,-1.9416,100.0000,default,11,rsu(384m),196,3353,0.0779,384,2.0218,3,4,-78.8365,-95.8262,direct,0.0500,13.6000,-87.3807
136.8,node[15],5,5380.3008,4449.6291,1.8950,13.2732,0.3217,2.7327,-90000943,-74.3816,0.7866,100.0000,default,11,rsu(383m),197,3371,0.2485,383,2.0207,4,6,-74.3816,-91.3713,direct,0.0500,14.4000,-87.3787
136.9,node[15],5,5379.0915,4449.1051,1.8950,13.1792,-0.9408,2.7327,-90000943,-81.5914,-5.0000,100.0000,default,11,rsu(382m),198,3389,0.0180,382,2.0195,2,2,-81.5914,-98.5811,direct,0.0500,14.4000,-87.3766
137,node[15],5,5377.8824,4448.5813,1.8950,13.1759,-0.0321,2.7327,-90000943,-86.0570,-5.0000,100.0000,default,11,rsu(381m),199,3407,0.0180,381,2.0184,2,2,-86.0570,-103.0467,direct,0.0500,14.4000,-87.3745
137.1,node[15],5,5376.6720,4448.0568,1.8950,13.1914,0.1542,2.7327,-90000943,-75.8119,0.4152,100.0000,default,11,rsu(380m),200,3425,0.2154,380,2.0171,4,6,-75.8119,-92.8016,direct,0.0500,14.4000,-87.3724
137.2,node[15],5,5375.4639,4447.5333,1.8950,13.1653,-0.2611,2.7327,-90000943,-80.3144,-4.9241,100.0000,default,11,rsu(379m),201,3443,0.0187,379,2.0159,2,2,-80.3144,-97.3041,direct,0.0500,14.4000,-87.3703
137.3,node[15],5,5374.2078,4447.1096,1.8950,13.2750,1.0978,2.7549,-90000943,-78.3930,0.1696,100.0000,default,11,rsu(377m),202,3461,0.1954,377,2.0276,4,6,-78.3930,-95.3827,direct,0.0500,14.4000,-87.3679
137.4,node[15],5,5372.9391,4446.7294,1.8950,13.2433,-0.3177,2.7861,-90000943,-82.2856,-4.6813,100.0000,default,11,rsu(376m),203,3479,0.0210,376,2.0263,2,2,-82.2856,-99.2753,direct,0.0500,14.4000,-87.3654
137.5,node[15],5,5371.6745,4446.3503,1.8950,13.2017,-0.4152,2.8172,-90000943,-77.8651,-1.5685,100.0000,default,11,rsu(375m),204,3497,0.0924,375,2.0249,3,4,-77.8651,-94.8548,direct,0.0500,14.4000,-87.3629
137.6,node[15],5,5370.4063,4445.9702,1.8950,13.2384,0.3666,2.8483,-90000943,-81.2012,-2.9157,100.0000,default,11,rsu(374m),205,3515,0.0494,374,2.0235,3,4,-81.2012,-98.1909,direct,0.0500,14.4000,-87.3603
137.7,node[15],5,5369.1407,4445.5909,1.8950,13.2111,-0.2730,2.8504,-90000943,-84.8317,-5.0000,100.0000,default,11,rsu(373m),206,3533,0.0180,373,2.0220,2,2,-84.8317,-101.8214,direct,0.0500,14.4000,-87.3577
137.8,node[15],5,5367.8805,4445.2132,1.8950,13.1558,-0.5532,2.8504,-90000943,-83.8539,-5.0000,100.0000,default,11,rsu(371m),207,3551,0.0180,371,2.0206,2,2,-83.8539,-100.8436,direct,0.0500,14.4000,-87.3551
137.9,node[15],5,5366.6118,4444.8330,1.8950,13.2433,0.8750,2.8504,-90000943,-71.1503,4.6748,100.0000,default,11,rsu(370m),208,3569,0.6979,370,2.0190,6,10,-71.1503,-88.1400,direct,0.0500,14.4000,-87.3524
138,node[15],5,5365.3454,4444.4534,1.8950,13.2199,-0.2338,2.8504,-90000943,-74.0310,5.2332,100.0000,default,11,rsu(369m),209,3587,0.7534,369,2.0175,7,12,-74.0310,-91.0207,direct,0.0500,14.4000,-87.3497
138.1,node[15],5,5364.0740,4444.0723,1.8950,13.2724,0.5249,2.8504,-90000943,-77.3805,0.9556,100.0000,default,11,rsu(368m),210,3605,0.2646,368,2.0159,4,6,-77.3805,-94.3702,direct,0.0500,14.4000,-87.3469
138.2,node[15],5,5362.8048,4443.6919,1.8950,13.2491,-0.2333,2.8504,-90000943,-73.7839,5.2297,100.0000,default,11,rsu(367m),211,3623,0.7530,367,2.0272,7,12,-73.7839,-90.7736,direct,0.0500,14.4000,-87.3441
138.3,node[15],5,5361.5360,4443.3117,1.8950,13.2443,-0.0482,2.8504,-90000943,-75.0260,2.8773,100.0000,default,11,rsu(365m),212,3641,0.4847,365,2.0256,5,8,-75.0260,-92.0157,direct,0.0500,14.4000,-87.3413
138.4,node[15],5,5360.3077,4442.9435,1.8950,12.8222,-4.2205,2.8504,-90000943,-73.0917,6.1723,100.0000,default,11,rsu(364m),213,3659,0.8301,364,2.0238,7,12,-73.0917,-90.0814,direct,0.0500,14.4000,-87.3386
138.5,node[15],5,5359.1199,4442.5875,1.8950,12.4000,-4.2224,2.8504,-90000943,-79.4512,-3.4722,100.0000,default,11,rsu(363m),214,3677,0.0378,363,2.0221,2,2,-79.4512,-96.4409,direct,0.0500,14.4000,-87.3360
138.6,node[15],5,5357.9672,4442.2420,1.8950,12.0326,-3.6737,2.8504,-90000943,-77.9462,0.3437,100.0000,default,11,rsu(362m),215,3695,0.2095,362,2.0203,4,6,-77.9462,-94.9359,direct,0.0500,14.4000,-87.3335
138.7,node[15],5,5356.8497,4441.9385,1.8950,11.5826,-4.5000,2.8564,-90000943,-74.2225,-0.2847,100.0000,default,11,rsu(361m),216,3713,0.1621,361,2.0184,4,6,-74.2225,-91.2122,direct,0.0500,14.4000,-87.3311
138.8,node[15],5,5355.7692,4441.6703,1.8950,11.1326,-4.5000,2.8671,-90000943,-74.1237,0.7687,100.0000,default,11,rsu(360m),217,3731,0.2468,360,2.0165,4,6,-74.1237,-91.1134,direct,0.0500,14.4000,-87.3287
138.9,node[15],5,5354.7323,4441.4129,1.8950,10.6826,-4.5000,2.8773,-90000943,-80.4883,-4.2822,100.0000,default,11,rsu(359m),218,3749,0.0256,359,2.0276,2,2,-80.4883,-97.4780,direct,0.0500,14.4000,-87.3265
139,node[15],5,5353.7392,4441.1663,1.8950,10.2326,-4.5000,2.8871,-90000943,-77.0310,-0.6661,100.0000,default,11,rsu(358m),219,3767,0.1379,358,2.0256,4,6,-77.0310,-94.0207,direct,0.0500,14.4000,-87.3245
139.1,node[15],5,5352.7897,4440.9306,1.8950,9.7826,-4.5000,2.8965,-90000943,-79.9532,-5.0000,100.0000,default,11,rsu(357m),220,3785,0.0180,357,2.0236,2,2,-79.9532,-96.9429,direct,0.0500,14.4000,-87.3225
139.2,node[15],5,5351.8839,4440.7057,1.8950,9.3326,-4.5000,2.8983,-90000943,-84.1732,-5.0000,100.0000,default,11,rsu(356m),221,3803,0.0180,356,2.0216,2,2,-84.1732,-101.1629,direct,0.0500,14.4000,-87.3208
139.3,node[15],5,5351.0217,4440.4917,1.8950,8.8826,-4.5000,2.8983,-90000943,-74.7212,2.9454,100.0000,default,11,rsu(356m),222,3821,0.4932,356,2.0195,5,8,-74.7212,-91.7109,direct,0.0500,14.4000,-87.3191
139.4,node[15],5,5350.2033,4440.2885,1.8950,8.4326,-4.5000,2.8983,-90000943,-81.9750,-3.5124,100.0000,default,11,rsu(355m),223,3839,0.0371,355,2.0174,2,2,-81.9750,-98.9647,direct,0.0500,14.4000,-87.3176
139.5,node[15],5,5349.4285,4440.0962,1.8950,7.9826,-4.5000,2.8983,-90000943,-79.1222,-1.5407,100.0000,default,11,rsu(354m),224,3857,0.0936,354,2.0283,3,4,-79.1222,-96.1119,direct,0.0500,14.4000,-87.3163
139.6,node[15],5,5348.6974,4439.9147,1.8950,7.5326,-4.5000,2.8983,-90000943,-69.8036,9.3824,100.0000,default,11,rsu(353m),225,3875,0.9605,353,2.0261,9,16,-69.8036,-86.7933,direct,0.0500,14.4000,-87.3151
139.7,node[15],5,5348.0099,4439.7440,1.8950,7.0826,-4.4995,2.8983,-90000943,-75.0306,-0.8963,100.0000,default,11,rsu(353m),226,3893,0.1248,353,2.0239,4,6,-75.0306,-92.0203,direct,0.0500,14.4000,-87.3141
139.8,node[15],5,5347.3707,4439.5705,1.8950,6.6326,-4.5000,2.8954,:1043330166_3,-81.2224,-5.0000,100.0000,default,11,rsu(352m),227,3911,0.0180,352,2.0216,2,2,-81.2224,-98.2121,direct,0.0500,14.4000,-87.3132
139.9,node[15],5,5346.7611,4439.3277,1.8950,6.5675,-0.6518,2.8776,:1043330166_3,-75.6270,1.4252,100.0000,default,11,rsu(352m),228,3929,0.3127,352,2.0193,5,8,-75.6270,-92.6167,direct,0.0500,14.4000,-87.3125
140,node[15],5,5346.1475,4439.0833,1.8950,6.6105,0.4300,2.8597,:1043330166_3,-75.5577,1.5589,100.0000,default,11,rsu(351m),229,3947,0.3273,351,2.0170,5,8,-75.5577,-92.5474,direct,0.0500,14.4000,-87.3118
140.1,node[15],5,5345.5424,4438.8423,1.8950,6.5188,-0.9170,2.8420,:1043330166_3,-81.7113,-5.0000,100.0000,default,10,rsu(350m),230,3965,0.0180,350,2.0276,2,2,-81.7113,-98.7010,direct,0.0500,14.4000,-87.3225
140.2,node[15],5,5344.9828,4438.5256,1.8950,6.5387,0.1990,2.8069,:1043330166_3,-77.3717,0.7473,100.0000,default,10,rsu(350m),231,3983,0.2448,350,2.0252,4,6,-77.3717,-94.3614,direct,0.0500,14.4000,-87.3220
140.3,node[15],5,5344.4999,4438.0773,1.8950,6.5945,0.5586,2.7408,:1043330166_3,-76.6587,-1.5519,100.0000,default,10,rsu(350m),232,4001,0.0931,350,2.0228,3,4,-76.6587,-93.6484,direct,0.0500,14.4000,-87.3220
140.4,node[15],5,5344.0145,4437.6269,1.8950,6.6275,0.3299,2.6736,:1043330166_3,-73.4769,5.0677,100.0000,default,10,rsu(349m),233,4019,0.7377,349,2.0203,7,12,-73.4769,-90.4666,direct,0.0500,14.4000,-87.3219
140.5,node[15],5,5343.5803,4437.1418,1.8950,6.6265,-0.0099,2.5946,:1043330166_3,-81.7758,-4.9151,100.0000,default,10,rsu(349m),234,4037,0.0188,349,2.0178,2,2,-81.7758,-98.7655,direct,0.0500,14.4000,-87.3220
140.6,node[15],5,5343.3417,4436.5258,1.8950,6.6113,-0.1518,2.4796,:1043330166_3,-72.8448,4.2775,100.0000,default,10,rsu(349m),235,4055,0.6545,349,2.0282,6,10,-72.8448,-89.8345,direct,0.0500,14.4000,-87.3230
140.7,node[15],5,5343.1045,4435.9136,1.8950,6.5706,-0.4079,2.3699,:1043330166_3,-83.3887,-5.0000,100.0000,default,10,rsu(349m),236,4073,0.0180,349,2.0256,2,2,-83.3887,-100.3784,direct,0.0500,14.4000,-87.3239
140.8,node[15],5,5342.8908,4435.2967,1.8950,6.5758,0.0528,2.2552,:1043330166_3,-78.0886,0.6030,100.0000,default,10,rsu(348m),237,4091,0.2317,348,2.0230,4,6,-78.0886,-95.0783,direct,0.0500,14.4000,-87.3249
140.9,node[15],5,5342.8990,4434.6376,1.8950,6.5969,0.2110,2.0980,:1043330166_3,-83.5276,-4.6073,100.0000,default,10,rsu(349m),238,4109,0.0218,349,2.0204,2,2,-83.5276,-100.5173,direct,0.0500,14.4000,-87.3268
141,node[15],5,5342.9072,4433.9746,1.8950,6.6363,0.3936,1.9757,:1043330166_3,-74.1788,4.0540,100.0000,default,10,rsu(349m),239,4127,0.6288,349,2.0177,6,10,-74.1788,-91.1685,direct,0.0500,14.4000,-87.3287
141.1,node[15],5,5342.9155,4433.3143,1.8950,6.6087,-0.2758,1.8632,:1043330166_3,-76.5221,1.6813,100.0000,default,9,rsu(349m),240,4145,0.3409,349,2.0280,5,8,-76.5221,-93.5118,direct,0.0500,14.4000,-87.4530
141.2,node[15],5,5342.9672,4432.6556,1.8950,6.6286,0.1984,1.7445,-90000939#0,-76.9194,0.6760,100.0000,default,9,rsu(349m),241,4163,0.2383,349,2.0252,4,6,-76.9194,-93.9091,direct,0.0500,14.4000,-87.4550
141.3,node[15],5,5343.0762,4431.9755,1.8950,6.8871,2.5855,1.6509,-90000939#0,-79.7923,-3.3232,100.0000,default,9,rsu(349m),242,4181,0.0406,349,2.0224,2,2,-79.7923,-96.7820,direct,0.0500,14.4000,-87.4572
141.4,node[15],5,5343.1892,4431.2707,1.8950,7.1385,2.5136,1.5751,-90000939#0,-71.4679,6.6069,100.0000,default,9,rsu(350m),243,4199,0.8586,350,2.0196,7,12,-71.4679,-88.4576,direct,0.0500,14.4000,-87.4594
141.5,node[15],5,5343.3056,4430.5450,1.8950,7.3489,2.1046,1.4982,-90000939#0,-74.5950,-0.6013,100.0000,default,9,rsu(350m),244,4217,0.1418,350,2.0168,4,6,-74.5950,-91.5847,direct,0.0500,14.4000,-87.4617
141.6,node[15],5,5343.4244,4429.8041,1.8950,7.5037,1.5476,1.4649,-90000939#0,-77.4781,-0.7465,100.0000,default,9,rsu(350m),245,4235,0.1332,350,2.0270,4,6,-77.4781,-94.4678,direct,0.0500,14.4000,-87.4638
141.7,node[15],5,5343.5465,4429.0421,1.8950,7.7170,2.1328,1.4423,-90000939#0,-77.1629,-0.9159,100.0000,default,9,rsu(350m),246,4253,0.1237,350,2.0241,4,6,-77.1629,-94.1526,direct,0.0500,14.4000,-87.4660
141.8,node[15],5,5343.6720,4428.2596,1.8950,7.9252,2.0826,1.4191,-90000939#0,-79.4800,-2.2442,100.0000,default,9,rsu(351m),247,4271,0.0677,351,2.0212,3,4,-79.4800,-96.4697,direct,0.0500,14.4000,-87.4682
141.9,node[15],5,5343.8002,4427.4603,1.8950,8.0946,1.6939,1.4118,-90000939#0,-81.9750,-5.0000,100.0000,default,9,rsu(351m),248,4289,0.0180,351,2.0183,2,2,-81.9750,-98.9647,direct,0.0500,14.4000,-87.4704
142,node[15],5,5343.9311,4426.6433,1.8950,8.2741,1.7947,1.4118,-90000939#0,-76.7401,-2.5934,100.0000,default,9,rsu(351m),249,4307,0.0575,351,2.0284,3,4,-76.7401,-93.7298,direct,0.0500,14.4000,-87.4725
142.1,node[15],5,5344.0646,4425.8111,1.8950,8.4288,1.5468,1.4118,-90000939#0,-74.8507,3.9793,100.0000,default,9,rsu(351m),250,4325,0.6200,351,2.0254,6,10,-74.8507,-91.8404,direct,0.0500,14.4000,-87.4746
142.2,node[15],5,5344.2006,4424.9625,1.8950,8.5939,1.6517,1.4118,-90000939#0,-78.6398,-0.9478,100.0000,default,9,rsu(352m),251,4343,0.1220,352,2.0225,4,6,-78.6398,-95.6295,direct,0.0500,14.4000,-87.4767
142.3,node[15],5,5344.3400,4424.0931,1.8950,8.8041,2.1020,1.4118,-90000939#0,-75.6150,3.4603,100.0000,default,9,rsu(352m),252,4361,0.5573,352,2.0195,6,10,-75.6150,-92.6047,direct,0.0500,14.4000,-87.4788
142.4,node[15],5,5344.4832,4423.1998,1.8950,9.0473,2.4317,1.4118,-90000939#0,-82.1160,-3.5894,100.0000,default,9,rsu(352m),253,4379,0.0358,352,2.0165,2,2,-82.1160,-99.1057,direct,0.0500,14.4000,-87.4810
142.5,node[15],5,5344.6298,4422.2857,1.8950,9.2575,2.1018,1.4118,-90000939#0,-74.1892,0.7362,100.0000,default,9,rsu(353m),254,4397,0.2438,353,2.0264,4,6,-74.1892,-91.1789,direct,0.0500,14.4000,-87.4831
142.6,node[15],5,5344.7803,4421.3472,1.8950,9.5048,2.4732,1.4118,-90000939#0,-74.2349,1.1353,100.0000,default,9,rsu(353m),255,4415,0.2824,353,2.0234,5,8,-74.2349,-91.2246,direct,0.0500,14.4000,-87.4853
142.7,node[15],5,5344.9330,4420.3942,1.8950,9.6515,1.4675,1.4118,-90000939#0,-77.9716,-1.5712,100.0000,default,9,rsu(354m),256,4433,0.0923,354,2.0203,3,4,-77.9716,-94.9613,direct,0.0500,14.4000,-87.4875
142.8,node[15],5,5345.0804,4419.4192,1.8950,9.8637,2.1218,1.4136,-90000939#0,-80.9450,-5.0000,100.0000,default,9,rsu(354m),257,4451,0.0180,354,2.0173,2,2,-80.9450,-97.9347,direct,0.0500,14.4000,-87.4896
142.9,node[15],5,5345.1665,4418.4213,1.8950,10.0151,1.5134,1.4282,-90000939#0,-76.1913,2.6731,100.0000,default,9,rsu(354m),258,4469,0.4592,354,2.0272,5,8,-76.1913,-93.1810,direct,0.0500,14.4000,-87.4914
143,node[15],5,5345.2542,4417.4040,1.8950,10.2112,1.9614,1.4431,-90000939#0,-73.5441,2.7007,100.0000,default,9,rsu(355m),259,4487,0.4627,355,2.0241,5,8,-73.5441,-90.5338,direct,0.0500,14.4000,-87.4933
143.1,node[15],5,5345.3433,4416.3707,1.8950,10.3706,1.5940,1.4582,-90000939#0,-76.5925,-0.1457,100.0000,default,9,rsu(355m),260,4505,0.1718,355,2.0210,4,6,-76.5925,-93.5822,direct,0.0500,14.4000,-87.4952
143.2,node[15],5,5345.4337,4415.3214,1.8950,10.5317,1.6114,1.4736,-90000939#0,-72.4653,1.9732,100.0000,default,9,rsu(355m),261,4524,0.3744,355,2.0264,5,8,-72.4653,-89.4550,direct,0.0500,14.8000,-87.4969
143.3,node[15],5,5345.5261,4414.2507,1.8950,10.7467,2.1493,1.4848,-90000939#0,-70.1898,7.0367,100.0000,default,9,rsu(356m),262,4543,0.8827,356,2.0189,8,14,-70.1898,-87.1795,direct,0.0500,14.8000,-87.4986
143.4,node[15],5,5345.6202,4413.1592,1.8950,10.9550,2.0833,1.4848,-90000939#0,-80.8586,-3.4631,100.0000,default,9,rsu(356m),263,4562,0.0380,356,2.0244,2,2,-80.8586,-97.8483,direct,0.0500,15.2000,-87.5003
143.5,node[15],5,5345.7156,4412.0529,1.8950,11.1038,1.4885,1.4848,-90000939#0,-74.6907,1.1464,100.0000,default,9,rsu(356m),264,4581,0.2836,356,2.0168,5,8,-74.6907,-91.6804,direct,0.0500,15.2000,-87.5021
143.6,node[15],5,5345.8121,4410.9330,1.8950,11.2403,1.3649,1.4848,-90000939#0,-76.3404,2.9909,100.0000,default,9,rsu(357m),265,4600,0.4989,357,2.0222,5,8,-76.3404,-93.3301,direct,0.0500,15.2000,-87.5037
143.7,node[15],5,5345.9103,4409.7944,1.8950,11.4280,1.8764,1.4848,-90000939#0,-81.3573,-3.9510,100.0000,default,9,rsu(357m),266,4619,0.0300,357,2.0277,2,2,-81.3573,-98.3470,direct,0.0500,15.2000,-87.5052
143.8,node[15],5,5346.0100,4408.6377,1.8950,11.6099,1.8194,1.4848,-90000939#0,-77.0966,-0.6602,100.0000,default,9,rsu(357m),267,4638,0.1382,357,2.0201,4,6,-77.0966,-94.0863,direct,0.0500,15.2000,-87.5067
143.9,node[15],5,5346.1110,4407.4671,1.8950,11.7490,1.3907,1.4848,-90000939#0,-73.8394,4.1333,100.0000,default,9,rsu(358m),268,4657,0.6380,358,2.0255,6,10,-73.8394,-90.8291,direct,0.0500,15.2000,-87.5083
144,node[15],5,5346.2137,4406.2761,1.8950,11.9539,2.0493,1.4848,-90000939#0,-84.6004,-5.0000,100.0000,default,9,rsu(358m),269,4676,0.0180,358,2.0179,2,2,-84.6004,-101.5901,direct,0.0500,15.2000,-87.5098
144.1,node[15],5,5346.3181,4405.0646,1.8950,12.1602,2.0629,1.4848,-90000939#0,-72.5630,3.6423,100.0000,default,9,rsu(359m),270,4695,0.5796,359,2.0233,6,10,-72.5630,-89.5527,direct,0.0500,15.2000,-87.5112
144.2,node[15],5,5346.4245,4403.8310,1.8950,12.3810,2.2083,1.4848,-90000939#0,-75.0481,4.1593,100.0000,default,9,rsu(359m),271,4714,0.6410,359,2.0158,6,10,-75.0481,-92.0378,direct,0.0500,15.2000,-87.5127
144.3,node[15],5,5346.5322,4402.5819,1.8950,12.5374,1.5637,1.4848,-90000939#0,-76.5940,0.7752,100.0000,default,9,rsu(359m),272,4733,0.2474,359,2.0212,4,6,-76.5940,-93.5837,direct,0.0500,15.2000,-87.5143
144.4,node[15],5,5346.6411,4401.3186,1.8950,12.6792,1.4180,1.4848,-90000939#0,-73.9856,1.3271,100.0000,default,9,rsu(360m),273,4752,0.3023,360,2.0266,5,8,-73.9856,-90.9753,direct,0.0500,15.2000,-87.5158
144.5,node[15],5,5346.7522,4400.0302,1.8950,12.9317,2.5248,1.4848,-90000939#0,-75.7124,2.0343,100.0000,default,9,rsu(360m),274,4771,0.3816,360,2.0190,5,8,-75.7124,-92.7021,direct,0.0500,15.2000,-87.5174
144.6,node[15],5,5346.8648,4398.7243,1.8950,13.1067,1.7501,1.4848,-90000939#0,-82.3319,-5.0000,100.0000,default,9,rsu(361m),275,4790,0.0180,361,2.0244,2,2,-82.3319,-99.3216,direct,0.0500,15.2000,-87.5190
144.7,node[15],5,5346.9295,4397.4054,1.8950,13.2106,1.0393,1.4945,-90000939#0,-83.4142,-4.3413,100.0000,default,9,rsu(361m),276,4809,0.0248,361,2.0168,2,2,-83.4142,-100.4039,direct,0.0500,15.2000,-87.5205
144.8,node[15],5,5346.9621,4396.0819,1.8950,13.2395,0.2889,1.5108,-90000939#0,-82.4827,-3.5464,100.0000,default,9,rsu(362m),277,4828,0.0365,362,2.0222,2,2,-82.4827,-99.4724,direct,0.0500,15.2000,-87.5219
144.9,node[15],5,5346.9947,4394.7580,1.8950,13.2427,0.0323,1.5271,-90000939#0,-75.4821,0.5661,100.0000,default,9,rsu(362m),278,4847,0.2285,362,2.0276,4,6,-75.4821,-92.4718,direct,0.0500,15.2000,-87.5232
145,node[15],5,5347.0272,4393.4367,1.8950,13.2161,-0.2659,1.5433,-90000939#0,-76.9427,0.6870,100.0000,default,9,rsu(363m),279,4866,0.2393,363,2.0200,4,6,-76.9427,-93.9324,direct,0.0500,15.2000,-87.5246
145.1,node[15],5,5347.0597,4392.1140,1.8950,13.2306,0.1446,1.5462,-90000939#0,-78.0961,-0.9120,100.0000,default,9,rsu(363m),280,4885,0.1239,363,2.0254,4,6,-78.0961,-95.0858,direct,0.0500,15.2000,-87.5260
145.2,node[15],5,5347.0923,4390.7884,1.8950,13.2604,0.2975,1.5462,-90000939#0,-76.5531,1.4744,100.0000,default,9,rsu(363m),281,4904,0.3180,363,2.0178,5,8,-76.5531,-93.5428,direct,0.0500,15.2000,-87.5274
145.3,node[15],5,5347.1249,4389.4628,1.8950,13.2595,-0.0086,1.5462,-90000939#0,-78.7948,-0.9731,100.0000,default,9,rsu(364m),282,4923,0.1206,364,2.0232,4,6,-78.7948,-95.7845,direct,0.0500,15.2000,-87.5288
145.4,node[15],5,5347.1573,4388.1469,1.8950,13.1629,-0.9661,1.5462,-90000939#0,-74.4957,4.0545,100.0000,default,9,rsu(364m),283,4942,0.6288,364,2.0287,6,10,-74.4957,-91.4854,direct,0.0500,15.2000,-87.5302
145.5,node[15],5,5347.1898,4386.8284,1.8950,13.1881,0.2517,1.5462,-90000939#0,-73.1882,3.9430,100.0000,default,9,rsu(365m),284,4961,0.6157,365,2.0211,6,10,-73.1882,-90.1779,direct,0.0500,15.2000,-87.5316
145.6,node[15],5,5347.2222,4385.5087,1.8950,13.2010,0.1298,1.5462,-90000939#0,-75.1072,1.6493,100.0000,default,9,rsu(365m),285,4980,0.3373,365,2.0265,5,8,-75.1072,-92.0969,direct,0.0500,15.2000,-87.5330
145.7,node[15],5,5347.2546,4384.1914,1.8950,13.1766,-0.2445,1.5462,-90000939#0,-89.3818,-5.0000,100.0000,default,9,rsu(366m),286,4999,0.0180,366,2.0190,2,2,-89.3818,-106.3715,direct,0.0500,15.2000,-87.5344
145.8,node[15],5,5347.2870,4382.8740,1.8950,13.1783,0.0170,1.5462,-90000939#0,-75.4935,0.0277,100.0000,default,9,rsu(366m),287,5018,0.1845,366,2.0244,4,6,-75.4935,-92.4832,direct,0.0500,15.2000,-87.5358
145.9,node[15],5,5347.3195,4381.5541,1.8950,13.2019,0.2356,1.5462,-90000939#0,-81.8643,-5.0000,100.0000,default,9,rsu(366m),288,5037,0.0180,366,2.0169,2,2,-81.8643,-98.8540,direct,0.0500,15.2000,-87.5372
146,node[15],5,5347.3521,4380.2278,1.8950,13.2669,0.6508,1.5462,-90000939#0,-77.3816,1.0633,100.0000,default,9,rsu(367m),289,5056,0.2752,367,2.0224,5,8,-77.3816,-94.3713,direct,0.0500,15.2000,-87.5387
146.1,node[15],5,5347.3848,4378.9006,1.8950,13.2756,0.0869,1.5462,-90000939#0,-75.8632,3.1160,100.0000,default,9,rsu(367m),290,5075,0.5145,367,2.0279,6,10,-75.8632,-92.8529,direct,0.0500,15.2000,-87.5401
146.2,node[15],5,5347.4173,4377.5801,1.8950,13.2094,-0.6627,1.5462,-90000939#0,-76.0750,-1.7022,100.0000,default,9,rsu(368m),291,5094,0.0870,368,2.0204,3,4,-76.0750,-93.0647,direct,0.0500,15.2000,-87.5416
146.3,node[15],5,5347.4498,4376.2563,1.8950,13.2410,0.3159,1.5462,-90000939#0,-76.6946,0.2760,100.0000,default,9,rsu(368m),292,5113,0.2039,368,2.0259,4,6,-76.6946,-93.6843,direct,0.0500,15.2000,-87.5430
146.4,node[15],5,5347.4787,4374.9305,1.8950,13.2611,0.2014,1.5469,-90000939#0,-86.6374,-5.0000,100.0000,default,9,rsu(369m),293,5132,0.0180,369,2.0184,2,2,-86.6374,-103.6271,direct,0.0500,15.2000,-87.5445
146.5,node[15],5,5347.5074,4373.6138,1.8950,13.1701,-0.9103,1.5477,-90000939#0,-74.0977,3.1076,100.0000,default,9,rsu(369m),294,5151,0.5134,369,2.0239,6,10,-74.0977,-91.0874,direct,0.0500,15.2000,-87.5459
146.6,node[15],5,5347.5362,4372.2915,1.8950,13.2261,0.5601,1.5484,-90000939#0,-77.0101,-2.0235,100.0000,default,9,rsu(370m),295,5170,0.0750,370,2.0165,3,4,-77.0101,-93.9998,direct,0.0500,15.2000,-87.5474
146.7,node[15],5,5347.5646,4370.9905,1.8950,13.0123,-2.1379,1.5490,-90000939#0,-82.1541,-5.0000,100.0000,default,9,rsu(370m),296,5189,0.0180,370,2.0220,2,2,-82.1541,-99.1438,direct,0.0500,15.2000,-87.5488
146.8,node[15],5,5347.5919,4369.7346,1.8950,12.5623,-4.5000,1.5490,-90000939#0,-73.1498,0.6344,100.0000,default,9,rsu(371m),297,5208,0.2345,371,2.0276,4,6,-73.1498,-90.1395,direct,0.0500,15.2000,-87.5502
146.9,node[15],5,5347.6183,4368.5236,1.8950,12.1123,-4.5000,1.5490,-90000939#0,-77.2145,-0.0878,100.0000,default,9,rsu(371m),298,5227,0.1760,371,2.0202,4,6,-77.2145,-94.2042,direct,0.0500,15.2000,-87.5515
147,node[15],5,5347.6437,4367.3562,1.8950,11.6770,-4.3530,1.5490,-90000939#0,-82.7697,-5.0000,100.0000,default,9,rsu(372m),299,5246,0.0180,372,2.0258,2,2,-82.7697,-99.7594,direct,0.0500,15.2000,-87.5527
147.1,node[15],5,5347.6682,4366.2337,1.8950,11.2270,-4.5000,1.5490,-90000939#0,-79.0623,-0.0196,100.0000,default,9,rsu(372m),300,5265,0.1810,372,2.0184,4,6,-79.0623,-96.0520,direct,0.0500,15.2000,-87.5539
147.2,node[15],5,5347.6917,4365.1562,1.8950,10.7770,-4.5000,1.5490,-90000939#0,-74.6688,4.4747,100.0000,default,9,rsu(372m),301,5284,0.6764,372,2.0240,6,10,-74.6688,-91.6585,direct,0.0500,15.2000,-87.5551
147.3,node[15],5,5347.7142,4364.1238,1.8950,10.3270,-4.5000,1.5490,-90000939#0,-71.8212,5.3593,100.0000,default,9,rsu(373m),302,5303,0.7649,373,2.0167,7,12,-71.8212,-88.8109,direct,0.0500,15.2000,-87.5562
147.4,node[15],5,5347.7357,4363.1363,1.8950,9.8770,-4.5000,1.5490,-90000939#0,-79.8273,-2.4171,100.0000,default,9,rsu(373m),303,5322,0.0625,373,2.0223,3,4,-79.8273,-96.8170,direct,0.0500,15.2000,-87.5572
147.5,node[15],5,5347.7562,4362.1938,1.8950,9.4270,-4.5000,1.5490,-90000939#0,-79.8448,-1.9496,100.0000,default,9,rsu(374m),304,5341,0.0776,374,2.0280,3,4,-79.8448,-96.8345,direct,0.0500,15.2000,-87.5581
147.6,node[15],5,5347.7758,4361.2963,1.8950,8.9770,-4.5000,1.5490,-90000939#0,-72.9769,5.2437,100.0000,default,9,rsu(374m),305,5360,0.7543,374,2.0207,7,12,-72.9769,-89.9666,direct,0.0500,15.2000,-87.5590
147.7,node[15],5,5347.7943,4360.4438,1.8950,8.5270,-4.5000,1.5490,-90000939#0,-82.4285,-3.7490,100.0000,default,9,rsu(374m),306,5379,0.0331,374,2.0264,2,2,-82.4285,-99.4182,direct,0.0500,15.2000,-87.5598
147.8,node[15],5,5347.8119,4359.6362,1.8950,8.0770,-4.5000,1.5490,-90000939#0,-72.2370,4.9869,100.0000,default,9,rsu(375m),307,5398,0.7298,375,2.0191,6,10,-72.2370,-89.2267,direct,0.0500,15.2000,-87.5606
147.9,node[15],5,5347.8285,4358.8737,1.8950,7.6270,-4.5000,1.5490,-90000939#0,-69.9652,6.1940,100.0000,default,9,rsu(375m),308,5417,0.8316,375,2.0248,7,12,-69.9652,-86.9549,direct,0.0500,15.2000,-87.5613
148,node[15],5,5347.8442,4358.1562,1.8950,7.1770,-4.5000,1.5490,-90000939#0,-72.3349,3.0225,100.0000,default,9,rsu(375m),309,5436,0.5028,375,2.0176,6,10,-72.3349,-89.3246,direct,0.0500,15.2000,-87.5620
148.1,node[15],5,5347.8588,4357.4836,1.8950,6.7270,-4.5000,1.5490,-90000939#0,-78.4994,0.0003,100.0000,default,9,rsu(375m),310,5455,0.1824,375,2.0233,4,6,-78.4994,-95.4891,direct,0.0500,15.2000,-87.5625
148.2,node[15],5,5347.8887,4356.8575,1.8950,6.2770,-4.5000,1.5458,:1043330120_3,-74.9484,2.6384,100.0000,default,9,rsu(376m),311,5474,0.4549,376,2.0161,5,8,-74.9484,-91.9381,direct,0.0500,15.2000,-87.5631
148.3,node[15],5,5347.9913,4356.2391,1.8950,6.2660,-0.1101,1.5279,:1043330120_3,-76.4576,-2.6174,100.0000,default,9,rsu(376m),312,5493,0.0569,376,2.0219,3,4,-76.4576,-93.4473,direct,0.0500,15.2000,-87.5639
148.4,node[15],5,5348.0929,4355.6271,1.8950,6.2003,-0.6567,1.5102,:1043330120_3,-81.9975,-3.3119,100.0000,default,9,rsu(376m),313,5512,0.0409,376,2.0277,2,2,-81.9975,-98.9872,direct,0.0500,15.2000,-87.5647
148.5,node[15],5,5348.1951,4355.0114,1.8950,6.2385,0.3821,1.4924,:1043330120_3,-82.2303,-2.9456,100.0000,default,9,rsu(377m),314,5531,0.0487,377,2.0205,3,4,-82.2303,-99.2200,direct,0.0500,15.2000,-87.5655
148.6,node[15],5,5348.3379,4354.4119,1.8950,6.2347,-0.0384,1.4661,:1043330120_3,-79.9233,-4.5751,100.0000,default,9,rsu(377m),315,5550,0.0221,377,2.0263,2,2,-79.9233,-96.9130,direct,0.0500,15.2000,-87.5664
148.7,node[15],5,5348.6765,4353.8963,1.8950,6.1657,-0.6901,1.3982,:1043330120_3,-77.5571,0.6703,100.0000,default,9,rsu(378m),316,5569,0.2378,378,2.0188,4,6,-77.5571,-94.5468,direct,0.0500,15.2000,-87.5678
148.8,node[15],5,5349.0178,4353.3767,1.8950,6.2137,0.4799,1.3286,:1043330120_3,-74.2974,3.7051,100.0000,default,9,rsu(378m),317,5588,0.5872,378,2.0247,6,10,-74.2974,-91.2871,direct,0.0500,15.2000,-87.5692
148.9,node[15],5,5349.3626,4352.8517,1.8950,6.2779,0.6427,1.2576,:1043330120_3,-81.3848,-5.0000,100.0000,default,9,rsu(379m),318,5607,0.0180,379,2.0176,2,2,-81.3848,-98.3745,direct,0.0500,15.2000,-87.5707
149,node[15],5,5349.9048,4352.5569,1.8950,6.2333,-0.4465,1.1334,:1043330120_3,-73.7425,1.5396,100.0000,default,9,rsu(379m),319,5626,0.3252,379,2.0235,5,8,-73.7425,-90.7322,direct,0.0500,15.2000,-87.5725
149.1,node[15],5,5350.4605,4352.2836,1.8950,6.1892,-0.4407,1.0148,:1043330120_3,-76.1435,1.3107,100.0000,default,9,rsu(380m),320,5645,0.3006,380,2.0164,5,8,-76.1435,-93.1332,direct,0.0500,15.2000,-87.5743
149.2,node[15],5,5351.0129,4352.0120,1.8950,6.1529,-0.3629,0.8945,:1043330120_3,-77.0338,-1.2979,100.0000,default,9,rsu(380m),321,5664,0.1044,380,2.0224,3,4,-77.0338,-94.0235,direct,0.0500,15.2000,-87.5760
149.3,node[15],5,5351.6099,4351.9052,1.8950,6.1836,0.3066,0.7428,:1043330120_3,-83.7175,-5.0000,100.0000,default,9,rsu(381m),322,5683,0.0180,381,2.0284,2,2,-83.7175,-100.7072,direct,0.0500,15.2000,-87.5777
149.4,node[15],5,5352.2326,4351.8828,1.8950,6.2277,0.4409,0.5790,:1043330120_3,-79.8414,-1.4722,100.0000,default,9,rsu(382m),323,5703,0.0966,382,2.0214,3,4,-79.8414,-96.8311,direct,0.0500,15.6000,-87.5794
149.5,node[15],5,5352.8508,4351.8606,1.8950,6.1831,-0.4452,0.4575,:1043330120_3,-80.6211,-1.4475,100.0000,default,9,rsu(382m),324,5723,0.0976,382,2.0275,3,4,-80.6211,-97.6108,direct,0.0500,15.6000,-87.5811
149.6,node[15],5,5353.4683,4351.8383,1.8950,6.1760,-0.0718,0.3377,:1043330120_3,-82.3499,-5.0000,100.0000,default,9,rsu(383m),325,5743,0.0180,383,2.0205,2,2,-82.3499,-99.3396,direct,0.0500,16.0000,-87.5827
149.7,node[15],5,5354.0927,4351.8709,1.8950,6.2658,0.8987,0.2101,-21150305#3,-76.1979,3.1629,100.0000,default,9,rsu(383m),326,5764,0.5204,383,2.0190,6,10,-76.1979,-93.1876,direct,0.0500,16.0000,-87.5843
149.8,node[15],5,5354.7331,4351.9375,1.8950,6.4378,1.7201,0.1288,-21150305#3,-85.9454,-5.0000,100.0000,default,9,rsu(384m),327,5785,0.0180,384,2.0175,2,2,-85.9454,-102.9351,direct,0.0500,16.8000,-87.5859
149.9,node[15],5,5355.3946,4352.0063,1.8950,6.6507,2.1282,0.0539,-21150305#3,-72.8141,4.2856,100.0000,default,9,rsu(384m),328,5806,0.6554,384,2.0160,6,10,-72.8141,-89.8038,direct,0.0500,16.8000,-87.5876
150,node[15],5,5356.0785,4352.0774,1.8950,6.8758,2.2514,-0.0220,-21150305#3,-81.0055,-4.7682,100.0000,default,9,rsu(385m),329,5827,0.0202,385,2.0275,2,2,-81.0055,-97.9952,direct,0.0500,16.8000,-87.5893
150.1,node[15],5,5356.7817,4352.1506,1.8950,7.0695,1.9372,-0.0505,-21150305#3,-74.8244,4.1164,100.0000,default,9,rsu(386m),330,5848,0.6360,386,2.0261,6,10,-74.8244,-91.8141,direct,0.0500,16.8000,-87.5911
150.2,node[15],5,5357.5042,4352.2257,1.8950,7.2644,1.9488,-0.0709,-21150305#3,-72.8709,2.8283,100.0000,default,9,rsu(386m),331,5869,0.4786,386,2.0247,5,8,-72.8709,-89.8606,direct,0.0500,16.8000,-87.5930
150.3,node[15],5,5358.2472,4352.3030,1.8950,7.4703,2.0587,-0.0917,-21150305#3,-71.9414,6.4693,100.0000,default,9,rsu(387m),332,5890,0.8500,387,2.0233,7,12,-71.9414,-88.9311,direct,0.0500,16.8000,-87.5949
150.4,node[15],5,5359.0109,4352.3825,1.8950,7.6776,2.0736,-0.1037,-21150305#3,-76.4950,0.3725,100.0000,default,9,rsu(388m),333,5911,0.2119,388,2.0220,4,6,-76.4950,-93.4847,direct,0.0500,16.8000,-87.5968
150.5,node[15],5,5359.7990,4352.4644,1.8950,7.9237,2.4609,-0.1037,-21150305#3,-76.4591,2.4994,100.0000,default,9,rsu(388m),334,5932,0.4378,388,2.0207,5,8,-76.4591,-93.4488,direct,0.0500,16.8000,-87.5989
150.6,node[15],5,5360.6036,4352.5481,1.8950,8.0891,1.6533,-0.1037,-21150305#3,-77.1347,0.3779,100.0000,default,9,rsu(389m),335,5953,0.2123,389,2.0194,4,6,-77.1347,-94.1244,direct,0.0500,16.8000,-87.6009
150.7,node[15],5,5361.4286,4352.6339,1.8950,8.2935,2.0444,-0.1037,-21150305#3,-81.0931,-5.0000,100.0000,default,9,rsu(390m),336,5974,0.0180,390,2.0182,2,2,-81.0931,-98.0828,direct,0.0500,16.8000,-87.6031
150.8,node[15],5,5362.2746,4352.7220,1.8950,8.5063,2.1278,-0.1037,-21150305#3,-75.7236,1.9696,100.0000,default,9,rsu(391m),337,5995,0.3740,391,2.0169,5,8,-75.7236,-92.7133,direct,0.0500,16.8000,-87.6052
150.9,node[15],5,5363.1414,4352.8121,1.8950,8.7146,2.0828,-0.1037,-21150305#3,-77.5461,-1.4455,100.0000,default,9,rsu(391m),338,6016,0.0977,391,2.0157,3,4,-77.5461,-94.5358,direct,0.0500,16.8000,-87.6075
151,node[15],5,5364.0227,4352.9038,1.8950,8.8604,1.4589,-0.1037,-21150305#3,-80.3901,-5.0000,100.0000,default,9,rsu(392m),339,6037,0.0180,392,2.0276,2,2,-80.3901,-97.3798,direct,0.0500,16.8000,-87.6098
151.1,node[15],5,5364.9197,4352.9971,1.8950,9.0178,1.5739,-0.1037,-21150305#3,-73.3458,5.0085,100.0000,default,9,rsu(393m),340,6058,0.7319,393,2.0265,7,12,-73.3458,-90.3355,direct,0.0500,16.8000,-87.6121
151.2,node[15],5,5365.8366,4353.0925,1.8950,9.2179,2.0011,-0.1037,-21150305#3,-79.5012,-1.6649,100.0000,default,9,rsu(394m),341,6079,0.0885,394,2.0254,3,4,-79.5012,-96.4909,direct,0.0500,16.8000,-87.6144
151.3,node[15],5,5366.7774,4353.1904,1.8950,9.4588,2.4088,-0.1037,-21150305#3,-83.9691,-5.0000,100.0000,default,9,rsu(395m),342,6100,0.0180,395,2.0243,2,2,-83.9691,-100.9588,direct,0.0500,16.8000,-87.6169
151.4,node[15],5,5367.7320,4353.2897,1.8950,9.5972,1.3834,-0.1037,-21150305#3,-75.6218,3.7255,100.0000,default,9,rsu(395m),343,6121,0.5897,395,2.0233,6,10,-75.6218,-92.6115,direct,0.0500,16.8000,-87.6193
151.5,node[15],5,5368.7101,4353.3914,1.8950,9.8336,2.3640,-0.1037,-21150305#3,-73.8503,2.0538,100.0000,default,9,rsu(396m),344,6142,0.3839,396,2.0223,5,8,-73.8503,-90.8400,direct,0.0500,16.8000,-87.6219
151.6,node[15],5,5369.7031,4353.4947,1.8950,9.9830,1.4948,-0.1037,-21150305#3,-97.2217,-5.0000,100.0000,default,9,rsu(397m),345,6163,0.0180,397,2.0213,2,2,-97.2217,-114.2114,direct,0.0500,16.8000,-87.6244
151.7,node[15],5,5370.7193,4353.6004,1.8950,10.2170,2.3397,-0.1037,-21150305#3,-77.0576,-0.2901,100.0000,default,9,rsu(398m),346,6184,0.1618,398,2.0204,4,6,-77.0576,-94.0473,direct,0.0500,16.8000,-87.6270
151.8,node[15],5,5371.7574,4353.7084,1.8950,10.4361,2.1906,-0.1037,-21150305#3,-73.9181,3.8351,100.0000,default,9,rsu(399m),347,6205,0.6029,399,2.0195,6,10,-73.9181,-90.9078,direct,0.0500,16.8000,-87.6297
151.9,node[15],5,5372.8116,4353.8180,1.8950,10.5988,1.6276,-0.1037,-21150305#3,-76.8463,-1.1213,100.0000,default,9,rsu(400m),348,6226,0.1130,400,2.0186,3,4,-76.8463,-93.8360,direct,0.0500,16.8000,-87.6324
152,node[15],5,5373.8854,4353.9297,1.8950,10.7957,1.9690,-0.1037,-21150305#3,-88.9089,-5.0000,100.0000,default,9,rsu(401m),349,6247,0.0180,401,2.0178,2,2,-88.9089,-105.8986,direct,0.0500,16.8000,-87.6351
152.1,node[15],5,5374.9765,4354.0432,1.8950,10.9697,1.7399,-0.1037,-21150305#3,-79.7923,-0.7248,100.0000,default,9,rsu(402m),350,6268,0.1344,402,2.0170,4,6,-79.7923,-96.7820,direct,0.0500,16.8000,-87.6379
152.2,node[15],5,5376.0882,4354.1589,1.8950,11.1771,2.0740,-0.1037,-21150305#3,-77.3142,1.0065,100.0000,default,9,rsu(403m),351,6289,0.2696,403,2.0162,5,8,-77.3142,-94.3039,direct,0.0500,16.8000,-87.6407
152.3,node[15],5,5377.2214,4354.2768,1.8950,11.3921,2.1500,-0.1037,-21150305#3,-73.5457,4.5557,100.0000,default,9,rsu(404m),352,6310,0.6852,404,2.0285,6,10,-73.5457,-90.5354,direct,0.0500,16.8000,-87.6435
152.4,node[15],5,5378.3676,4354.3960,1.8950,11.5239,1.3175,-0.1037,-21150305#3,-73.1174,5.7783,100.0000,default,9,rsu(405m),353,6331,0.8005,405,2.0278,7,12,-73.1174,-90.1071,direct,0.0500,16.8000,-87.6463
152.5,node[15],5,5379.5329,4354.5172,1.8950,11.7158,1.9194,-0.1037,-21150305#3,-76.4279,2.3588,100.0000,default,9,rsu(406m),354,6352,0.4205,406,2.0271,5,8,-76.4279,-93.4176,direct,0.0500,16.8000,-87.6492
152.6,node[15],5,5380.7180,4354.6405,1.8950,11.9150,1.9922,-0.1037,-21150305#3,-83.9462,-5.0000,100.0000,default,9,rsu(407m),355,6373,0.0180,407,2.0265,2,2,-83.9462,-100.9359,direct,0.0500,16.8000,-87.6521
152.7,node[15],5,5381.8835,4354.9209,1.8950,12.0832,1.6821,-0.1354,-21150305#3,-75.2845,1.8040,100.0000,default,9,rsu(408m),356,6394,0.3548,408,2.0259,5,8,-75.2845,-92.2742,direct,0.0500,16.8000,-87.6549
152.8,node[15],5,5383.0362,4355.3499,1.8950,12.2993,2.1606,-0.1976,-21150305#3,-85.2518,-5.0000,100.0000,default,9,rsu(409m),357,6414,0.0180,409,2.0253,2,2,-85.2518,-102.2415,direct,0.0500,16.4000,-87.6574
152.9,node[15],5,5384.2122,4355.7876,1.8950,12.5476,2.4835,-0.2614,-21150305#3,-76.9933,1.8769,100.0000,default,9,rsu(410m),358,6434,0.3632,410,2.0248,5,8,-76.9933,-93.9830,direct,0.0500,16.4000,-87.6600
153,node[15],5,5385.4071,4356.2324,1.8950,12.7493,2.0170,-0.3259,-21150305#3,-84.1876,-5.0000,100.0000,default,9,rsu(411m),359,6454,0.0180,411,2.0243,2,2,-84.1876,-101.1773,direct,0.0500,16.0000,-87.6626
153.1,node[15],5,5386.6171,4356.6827,1.8950,12.9109,1.6160,-0.3563,-21150305#3,-82.0075,-5.0000,100.0000,default,9,rsu(412m),360,6474,0.0180,412,2.0238,2,2,-82.0075,-98.9972,direct,0.0500,16.0000,-87.6652
153.2,node[15],5,5387.8494,4357.1414,1.8950,13.1484,2.3746,-0.3563,-21150305#3,-80.9480,-2.9831,100.0000,default,9,rsu(413m),361,6494,0.0478,413,2.0234,3,4,-80.9480,-97.9377,direct,0.0500,16.0000,-87.6679
153.3,node[15],5,5389.0892,4357.6028,1.8950,13.2286,0.8025,-0.3563,-21150305#3,-83.6544,-5.0000,100.0000,default,9,rsu(414m),362,6514,0.0180,414,2.0230,2,2,-83.6544,-100.6441,direct,0.0500,16.0000,-87.6706
153.4,node[15],5,5390.3272,4358.0636,1.8950,13.2094,-0.1920,-0.3563,-21150305#3,-75.5689,2.4589,100.0000,default,9,rsu(415m),363,6534,0.4328,415,2.0227,5,8,-75.5689,-92.5586,direct,0.0500,16.0000,-87.6733
153.5,node[15],5,5391.5615,4358.5230,1.8950,13.1693,-0.4010,-0.3563,-21150305#3,-72.8324,3.7301,100.0000,default,9,rsu(416m),364,6554,0.5903,416,2.0223,6,10,-72.8324,-89.8221,direct,0.0500,16.0000,-87.6759
153.6,node[15],5,5392.7977,4358.9831,1.8950,13.1906,0.2126,-0.3563,-21150305#3,-86.0302,-5.0000,100.0000,default,9,rsu(417m),365,6574,0.0180,417,2.0221,2,2,-86.0302,-103.0199,direct,0.0500,16.0000,-87.6785
153.7,node[15],5,5394.0388,4359.4451,1.8950,13.2426,0.5195,-0.3563,-21150305#3,-78.6628,-0.3284,100.0000,default,9,rsu(418m),366,6594,0.1592,418,2.0218,4,6,-78.6628,-95.6525,direct,0.0500,16.0000,-87.6812
153.8,node[15],5,5395.2729,4359.9044,1.8950,13.1679,-0.7463,-0.3563,-21150305#3,-73.2085,4.1574,100.0000,default,9,rsu(419m),367,6614,0.6408,419,2.0216,6,10,-73.2085,-90.1982,direct,0.0500,16.0000,-87.6838
153.9,node[15],5,5396.5152,4360.3668,1.8950,13.2552,0.8731,-0.3563,-21150305#3,-79.9556,-2.7385,100.0000,default,9,rsu(420m),368,6634,0.0537,420,2.0215,3,4,-79.9556,-96.9453,direct,0.0500,16.0000,-87.6864
154,node[15],5,5397.7506,4360.8266,1.8950,13.1814,-0.7384,-0.3563,-21150305#3,-82.7405,-4.0090,100.0000,default,9,rsu(421m),369,6654,0.0292,421,2.0214,2,2,-82.7405,-99.7302,direct,0.0500,16.0000,-87.6890
154.1,node[15],5,5398.9920,4361.2886,1.8950,13.2456,0.6417,-0.3563,-21150305#3,-76.6011,-0.2403,100.0000,default,9,rsu(422m),370,6674,0.1652,422,2.0213,4,6,-76.6011,-93.5908,direct,0.0500,16.0000,-87.6916
154.2,node[15],5,5400.2311,4361.7498,1.8950,13.2209,-0.2461,-0.3563,-21150305#3,-69.6123,4.2267,100.0000,default,9,rsu(423m),371,6694,0.6487,423,2.0212,6,10,-69.6123,-86.6020,direct,0.0500,16.0000,-87.6941
154.3,node[15],5,5401.4646,4362.2223,1.8950,13.2153,-0.0569,-0.3588,-21150305#3,-83.4837,-5.0000,100.0000,default,9,rsu(424m),372,6714,0.0180,424,2.0281,2,2,-83.4837,-100.4734,direct,0.0500,16.0000,-87.6967
154.4,node[15],5,5402.6490,4362.8149,1.8950,13.2434,0.2811,-0.3873,-21150305#3,-82.4772,-5.0000,100.0000,default,9,rsu(425m),373,6734,0.0180,425,2.0220,2,2,-82.4772,-99.4669,direct,0.0500,16.0000,-87.6990
154.5,node[15],5,5403.8352,4363.4084,1.8950,13.2630,0.1965,-0.4159,-21150305#3,-74.2270,0.1174,100.0000,default,10,rsu(426m),374,6755,0.1913,426,2.0160,4,6,-74.2270,-91.2167,direct,0.0500,16.0000,-87.6889
154.6,node[15],5,5405.0151,4363.9988,1.8950,13.1935,-0.6947,-0.4443,-21150305#3,-76.3268,2.5383,100.0000,default,10,rsu(427m),375,6776,0.4425,427,2.0230,5,8,-76.3268,-93.3165,direct,0.0500,16.8000,-87.6912
154.7,node[15],5,5406.2018,4364.5925,1.8950,13.2689,0.7534,-0.4639,-21150305#3,-72.9234,2.3825,100.0000,default,10,rsu(428m),376,6797,0.4234,428,2.0171,5,8,-72.9234,-89.9131,direct,0.0500,16.8000,-87.6935
154.8,node[15],5,5407.3831,4365.1836,1.8950,13.2086,-0.6028,-0.4639,-21150305#3,-74.8038,3.9116,100.0000,default,10,rsu(429m),377,6818,0.6120,429,2.0242,6,10,-74.8038,-91.7935,direct,0.0500,16.8000,-87.6958
154.9,node[15],5,5408.5696,4365.7772,1.8950,13.2669,0.5833,-0.4639,-21150305#3,-76.9835,2.2509,100.0000,default,10,rsu(430m),378,6839,0.4074,430,2.0184,5,8,-76.9835,-93.9732,direct,0.0500,16.8000,-87.6980
155,node[15],5,5409.7530,4366.3694,1.8950,13.2333,-0.3363,-0.4639,-21150305#3,-74.1410,0.5685,100.0000,default,10,rsu(430m),379,6860,0.2287,430,2.0257,4,6,-74.1410,-91.1307,direct,0.0500,16.8000,-87.7003
155.1,node[15],5,5410.9349,4366.9607,1.8950,13.2147,-0.1861,-0.4639,-21150305#3,-81.7268,-5.0000,100.0000,default,10,rsu(431m),380,6881,0.0180,431,2.0200,2,2,-81.7268,-98.7165,direct,0.0500,16.8000,-87.7025
155.2,node[15],5,5412.1175,4367.5524,1.8950,13.2242,0.0949,-0.4639,-21150305#3,-79.7763,-1.0380,100.0000,default,10,rsu(432m),381,6902,0.1172,432,2.0274,3,4,-79.7763,-96.7660,direct,0.0500,16.8000,-87.7048
155.3,node[15],5,5413.3000,4368.1441,1.8950,13.2220,-0.0216,-0.4639,-21150305#3,-75.6117,-0.6058,100.0000,default,10,rsu(433m),382,6923,0.1415,433,2.0218,4,6,-75.6117,-92.6014,direct,0.0500,16.8000,-87.7070
155.4,node[15],5,5414.4809,4368.7349,1.8950,13.2039,-0.1808,-0.4639,-21150305#3,-75.3796,-1.3973,100.0000,default,10,rsu(434m),383,6944,0.0999,434,2.0163,3,4,-75.3796,-92.3693,direct,0.0500,16.8000,-87.7092
155.5,node[15],5,5415.6633,4369.3265,1.8950,13.2215,0.1758,-0.4639,-21150305#3,-88.5594,-5.0000,100.0000,default,10,rsu(435m),384,6965,0.0180,435,2.0239,2,2,-88.5594,-105.5491,direct,0.0500,16.8000,-87.7114
155.6,node[15],5,5416.8499,4369.9202,1.8950,13.2672,0.4567,-0.4639,-21150305#3,-77.8808,-4.0784,100.0000,default,10,rsu(436m),385,6986,0.0282,436,2.0185,2,2,-77.8808,-94.8705,direct,0.0500,16.8000,-87.7135
155.7,node[15],5,5418.0351,4370.5132,1.8950,13.2527,-0.1454,-0.4639,-21150305#3,-78.7851,-2.8923,100.0000,default,10,rsu(437m),386,7007,0.0499,437,2.0261,3,4,-78.7851,-95.7748,direct,0.0500,16.8000,-87.7157
155.8,node[15],5,5419.2162,4371.1042,1.8950,13.2073,-0.4534,-0.4639,-21150305#3,-83.4676,-5.0000,100.0000,default,10,rsu(438m),387,7028,0.0180,438,2.0209,2,2,-83.4676,-100.4573,direct,0.0500,16.8000,-87.7179
155.9,node[15],5,5420.3943,4371.6936,1.8950,13.1731,-0.3422,-0.4639,-21150305#3,-90.0810,-5.0000,100.0000,default,10,rsu(439m),388,7049,0.0180,439,2.0157,2,2,-90.0810,-107.0707,direct,0.0500,16.8000,-87.7200
156,node[15],5,5421.5759,4372.2848,1.8950,13.2122,0.3908,-0.4639,-21150305#3,-80.3246,-2.0021,100.0000,default,10,rsu(440m),389,7070,0.0758,440,2.0235,3,4,-80.3246,-97.3143,direct,0.0500,16.8000,-87.7221
156.1,node[15],5,5422.7624,4372.8785,1.8950,13.2666,0.5437,-0.4639,-21150305#3,-79.5623,-2.6357,100.0000,default,10,rsu(441m),390,7091,0.0564,441,2.0184,3,4,-79.5623,-96.5520,direct,0.0500,16.8000,-87.7242
156.2,node[15],5,5423.9448,4373.4700,1.8950,13.2206,-0.4593,-0.4639,-21150305#3,-82.4509,-4.0845,100.0000,default,10,rsu(442m),391,7112,0.0281,442,2.0264,2,2,-82.4509,-99.4406,direct,0.0500,16.8000,-87.7263
156.3,node[15],5,5425.1267,4374.0614,1.8950,13.2159,-0.0468,-0.4639,-21150305#3,-79.8614,-2.4424,100.0000,default,10,rsu(443m),392,7133,0.0617,443,2.0214,3,4,-79.8614,-96.8511,direct,0.0500,16.8000,-87.7284
156.4,node[15],5,5426.3083,4374.6526,1.8950,13.2125,-0.0342,-0.4639,-21150305#3,-80.5128,-5.0000,100.0000,default,10,rsu(444m),393,7154,0.0180,444,2.0165,2,2,-80.5128,-97.5025,direct,0.0500,16.8000,-87.7305
156.5,node[15],5,5427.4850,4375.2414,1.8950,13.1569,-0.5559,-0.4639,-21150305#3,-80.5003,-1.2094,100.0000,default,10,rsu(445m),394,7175,0.1086,445,2.0247,3,4,-80.5003,-97.4900,direct,0.0500,16.8000,-87.7325
156.6,node[15],5,5428.6616,4375.8301,1.8950,13.1567,-0.0026,-0.4639,-21150305#3,-78.1730,-0.3535,100.0000,default,10,rsu(446m),395,7196,0.1575,446,2.0199,4,6,-78.1730,-95.1627,direct,0.0500,16.8000,-87.7345
156.7,node[15],5,5429.8484,4376.4239,1.8950,13.2696,1.1294,-0.4639,-21150305#3,-81.7302,-2.3533,100.0000,default,10,rsu(447m),396,7217,0.0644,447,2.0281,3,4,-81.7302,-98.7199,direct,0.0500,16.8000,-87.7365
156.8,node[15],5,5431.0344,4377.0173,1.8950,13.2617,-0.0791,-0.4639,-21150305#3,-82.3300,-5.0000,100.0000,default,10,rsu(448m),397,7238,0.0180,448,2.0235,2,2,-82.3300,-99.3197,direct,0.0500,16.8000,-87.7385
156.9,node[15],5,5432.2195,4377.6102,1.8950,13.2508,-0.1085,-0.4639,-21150305#3,-86.1937,-5.0000,100.0000,default,10,rsu(449m),398,7259,0.0180,449,2.0170,2,2,-86.1937,-103.1834,direct,0.0500,16.8000,-87.7405
157,node[15],5,5433.4014,4378.2015,1.8950,13.2154,-0.3548,-0.4639,-21150305#3,-76.1859,-1.6581,100.0000,default,10,rsu(450m),399,7280,0.0887,450,2.0235,3,4,-76.1859,-93.1756,direct,0.0500,16.8000,-87.7425
157.1,node[15],5,5434.5886,4378.7956,1.8950,13.2758,0.6042,-0.4639,-21150305#3,-74.4721,4.5292,100.0000,default,10,rsu(451m),400,7301,0.6823,451,2.0171,6,10,-74.4721,-91.4618,direct,0.0500,16.8000,-87.7445
157.2,node[15],5,5435.7685,4379.3859,1.8950,13.1921,-0.8366,-0.4639,-21150305#3,-93.4975,-5.0000,100.0000,default,10,rsu(452m),401,7322,0.0180,452,2.0237,2,2,-93.4975,-110.4872,direct,0.0500,16.8000,-87.7464
157.3,node[15],5,5436.9554,4379.9798,1.8950,13.2722,0.8011,-0.4639,-21150305#3,-77.6150,0.8815,100.0000,default,10,rsu(453m),402,7343,0.2574,453,2.0174,4,6,-77.6150,-94.6047,direct,0.0500,16.8000,-87.7483
157.4,node[15],5,5438.1372,4380.5711,1.8950,13.2139,-0.5830,-0.4639,-21150305#3,-79.1965,-3.3244,100.0000,default,10,rsu(454m),403,7364,0.0406,454,2.0242,2,2,-79.1965,-96.1862,direct,0.0500,16.8000,-87.7502
157.5,node[15],5,5439.3207,4381.1632,1.8950,13.2335,0.1961,-0.4639,-21150305#3,-77.9431,-0.5354,100.0000,default,10,rsu(455m),404,7385,0.1458,455,2.0180,4,6,-77.9431,-94.9328,direct,0.0500,16.8000,-87.7521
157.6,node[15],5,5440.5040,4381.7553,1.8950,13.2312,-0.0233,-0.4639,-21150305#3,-89.1761,-5.0000,100.0000,default,10,rsu(456m),405,7406,0.0180,456,2.0249,2,2,-89.1761,-106.1658,direct,0.0500,16.8000,-87.7540
157.7,node[15],5,5441.6917,4382.3495,1.8950,13.2798,0.4862,-0.4639,-21150305#3,-81.0879,-3.9186,100.0000,default,10,rsu(457m),406,7427,0.0305,457,2.0188,2,2,-81.0879,-98.0776,direct,0.0500,16.8000,-87.7558
157.8,node[15],5,5442.8709,4382.9395,1.8950,13.1853,-0.9459,-0.4639,-21150305#3,-72.0500,6.1837,100.0000,default,10,rsu(458m),407,7448,0.8309,458,2.0258,7,12,-72.0500,-89.0397,direct,0.0500,16.8000,-87.7576
157.9,node[15],5,5444.0577,4383.5333,1.8950,13.2709,0.8564,-0.4639,-21150305#3,-83.8264,-5.0000,100.0000,default,10,rsu(459m),408,7469,0.0180,459,2.0198,2,2,-83.8264,-100.8161,direct,0.0500,16.8000,-87.7594
158,node[15],5,5445.2374,4384.1236,1.8950,13.1913,-0.7959,-0.4639,-21150305#3,-79.3726,-0.6514,100.0000,default,10,rsu(460m),409,7490,0.1388,460,2.0269,4,6,-79.3726,-96.3623,direct,0.0500,16.8000,-87.7612
158.1,node[15],5,5446.4233,4384.6932,1.8950,13.1559,-0.3536,-0.4597,-21150305#3,-92.7707,-5.0000,100.0000,default,10,rsu(461m),410,7511,0.0180,461,2.0211,2,2,-92.7707,-109.7604,direct,0.0500,16.8000,-87.7630
158.2,node[15],5,5447.6220,4385.2596,1.8950,13.2576,1.0165,-0.4537,-21150305#3,-77.4513,1.3066,100.0000,default,10,rsu(462m),411,7532,0.3001,462,2.0283,5,8,-77.4513,-94.4410,direct,0.0500,16.8000,-87.7648
158.3,node[15],5,5448.8177,4385.8245,1.8950,13.2240,-0.3363,-0.4477,-21150305#3,-78.5948,-1.3982,100.0000,default,10,rsu(463m),412,7553,0.0998,463,2.0225,3,4,-78.5948,-95.5845,direct,0.0500,16.8000,-87.7666
158.4,node[15],5,5450.0073,4386.3866,1.8950,13.1562,-0.6777,-0.4418,-21150305#3,-74.9103,0.5166,100.0000,default,10,rsu(464m),413,7574,0.2241,464,2.0168,4,6,-74.9103,-91.9000,direct,0.0500,16.8000,-87.7683
158.5,node[15],5,5451.2001,4386.9502,1.8950,13.1927,0.3646,-0.4414,-21150305#3,-79.6954,-2.4796,100.0000,default,10,rsu(465m),414,7595,0.0607,465,2.0242,3,4,-79.6954,-96.6851,direct,0.0500,16.8000,-87.7700
158.6,node[15],5,5452.3920,4387.5134,1.8950,13.1817,-0.1098,-0.4414,-21150305#3,-79.2612,-3.0625,100.0000,default,10,rsu(466m),415,7616,0.0460,466,2.0186,2,2,-79.2612,-96.2509,direct,0.0500,16.8000,-87.7717
158.7,node[15],5,5453.5855,4388.0773,1.8950,13.2006,0.1896,-0.4414,-21150305#3,-81.8864,-3.6789,100.0000,default,10,rsu(467m),416,7637,0.0342,467,2.0261,2,2,-81.8864,-98.8761,direct,0.0500,16.8000,-87.7734
158.8,node[15],5,5454.7865,4388.6448,1.8950,13.2832,0.8255,-0.4414,-21150305#3,-78.0382,-3.8740,100.0000,default,10,rsu(468m),417,7658,0.0312,468,2.0206,2,2,-78.0382,-95.0279,direct,0.0500,16.8000,-87.7750
158.9,node[15],5,5455.9782,4389.2079,1.8950,13.1800,-1.0322,-0.4414,-21150305#3,-73.1754,3.8231,100.0000,default,10,rsu(469m),418,7679,0.6015,469,2.0282,6,10,-73.1754,-90.1651,direct,0.0500,16.8000,-87.7767
159,node[15],5,5457.1728,4389.7723,1.8950,13.2113,0.3131,-0.4414,-21150305#3,-74.1144,2.8100,100.0000,default,10,rsu(470m),419,7700,0.4763,470,2.0228,5,8,-74.1144,-91.1041,direct,0.0500,16.8000,-87.7783
159.1,node[15],5,5458.3658,4390.3360,1.8950,13.1944,-0.1685,-0.4414,-21150305#3,-78.7508,0.1794,100.0000,default,10,rsu(471m),420,7721,0.1962,471,2.0175,4,6,-78.7508,-95.7405,direct,0.0500,16.8000,-87.7799
159.2,node[15],5,5459.5579,4390.8993,1.8950,13.1848,-0.0960,-0.4414,-21150305#3,-76.8472,-0.7125,100.0000,default,10,rsu(472m),421,7742,0.1351,472,2.0252,4,6,-76.8472,-93.8369,direct,0.0500,16.8000,-87.7814
159.3,node[15],5,5460.7581,4391.4663,1.8950,13.2741,0.8924,-0.4414,-21150305#3,-82.3183,-3.6749,100.0000,default,10,rsu(473m),422,7763,0.0343,473,2.0200,2,2,-82.3183,-99.3080,direct,0.0500,16.8000,-87.7830
159.4,node[15],5,5461.9564,4392.0325,1.8950,13.2522,-0.2182,-0.4414,-21150305#3,-85.9887,-5.0000,100.0000,default,10,rsu(474m),423,7784,0.0180,474,2.0278,2,2,-85.9887,-102.9784,direct,0.0500,16.8000,-87.7845
159.5,node[15],5,5463.1570,4392.5998,1.8950,13.2786,0.2639,-0.4414,-21150305#3,-82.2390,-3.0466,100.0000,default,10,rsu(475m),424,7805,0.0464,475,2.0227,2,2,-82.2390,-99.2287,direct,0.0500,16.8000,-87.7860
159.6,node[15],5,5464.3492,4393.1631,1.8950,13.1861,-0.9257,-0.4414,-21150305#3,-83.1780,-4.5931,100.0000,default,10,rsu(476m),425,7826,0.0220,476,2.0177,2,2,-83.1780,-100.1677,direct,0.0500,16.8000,-87.7875
159.7,node[15],5,5465.5213,4393.7169,1.8950,12.9626,-2.2350,-0.4414,-21150305#3,-82.8498,-5.0000,100.0000,default,10,rsu(477m),426,7847,0.0180,477,2.0257,2,2,-82.8498,-99.8395,direct,0.0500,16.8000,-87.7889
159.8,node[15],5,5466.6530,4394.2517,1.8950,12.5166,-4.4602,-0.4414,-21150305#3,-77.9138,-0.3327,100.0000,default,10,rsu(478m),427,7868,0.1589,478,2.0208,4,6,-77.9138,-94.9035,direct,0.0500,16.8000,-87.7903
159.9,node[15],5,5467.7440,4394.7672,1.8950,12.0666,-4.5000,-0.4414,-21150305#3,-79.1624,-3.1031,100.0000,default,10,rsu(479m),428,7889,0.0452,479,2.0159,2,2,-79.1624,-96.1521,direct,0.0500,16.8000,-87.7916
160,node[15],5,5468.7944,4395.2634,1.8950,11.6166,-4.5000,-0.4414,-21150305#3,-78.6813,-0.7762,100.0000,default,10,rsu(480m),429,7910,0.1315,480,2.0241,4,6,-78.6813,-95.6710,direct,0.0500,16.8000,-87.7929
160.1,node[15],5,5469.8040,4395.7405,1.8950,11.1666,-4.5000,-0.4414,-21150305#3,-79.6272,-0.9869,100.0000,default,10,rsu(481m),430,7931,0.1199,481,2.0193,4,6,-79.6272,-96.6169,direct,0.0500,16.8000,-87.7941
160.2,node[15],5,5470.7730,4396.1983,1.8950,10.7166,-4.5000,-0.4414,-21150305#3,-82.8816,-5.0000,100.0000,default,10,rsu(482m),431,7952,0.0180,482,2.0276,2,2,-82.8816,-99.8713,direct,0.0500,16.8000,-87.7953
160.3,node[15],5,5471.7013,4396.6369,1.8950,10.2666,-4.5000,-0.4414,-21150305#3,-83.0902,-4.6360,100.0000,default,10,rsu(482m),432,7973,0.0215,482,2.0229,2,2,-83.0902,-100.0799,direct,0.0500,16.8000,-87.7964
160.4,node[15],5,5472.5888,4397.0563,1.8950,9.8166,-4.5000,-0.4414,-21150305#3,-80.6929,-3.9282,100.0000,default,10,rsu(483m),433,7994,0.0304,483,2.0183,2,2,-80.6929,-97.6826,direct,0.0500,16.8000,-87.7975
160.5,node[15],5,5473.4357,4397.4565,1.8950,9.3666,-4.5000,-0.4414,-21150305#3,-78.2791,-0.3004,100.0000,default,10,rsu(484m),434,8015,0.1611,484,2.0267,4,6,-78.2791,-95.2688,direct,0.0500,16.8000,-87.7986
160.6,node[15],5,5474.2420,4397.8374,1.8950,8.9166,-4.5000,-0.4414,-21150305#3,-87.5418,-5.0000,100.0000,default,10,rsu(485m),435,8036,0.0180,485,2.0222,2,2,-87.5418,-104.5315,direct,0.0500,16.8000,-87.7996
160.7,node[15],5,5475.0075,4398.1991,1.8950,8.4666,-4.5000,-0.4414,-21150305#3,-78.0273,-2.0800,100.0000,default,10,rsu(485m),436,8057,0.0731,485,2.0178,3,4,-78.0273,-95.0170,direct,0.0500,16.8000,-87.8005
160.8,node[15],5,5475.7323,4398.5416,1.8950,8.0166,-4.5000,-0.4414,-21150305#3,-72.7298,4.2921,100.0000,default,10,rsu(486m),437,8078,0.6561,486,2.0264,6,10,-72.7298,-89.7195,direct,0.0500,16.8000,-87.8014
160.9,node[15],5,5476.4165,4398.8649,1.8950,7.5666,-4.5000,-0.4414,-21150305#3,-80.5098,-3.1703,100.0000,default,10,rsu(487m),438,8099,0.0437,487,2.0221,2,2,-80.5098,-97.4995,direct,0.0500,16.8000,-87.8023
161,node[15],5,5477.0599,4399.1689,1.8950,7.1166,-4.5000,-0.4414,-21150305#3,-74.9932,2.2482,100.0000,default,10,rsu(487m),439,8120,0.4071,487,2.0178,5,8,-74.9932,-91.9829,direct,0.0500,16.8000,-87.8032
161.1,node[15],5,5477.6627,4399.4537,1.8950,6.6666,-4.5000,-0.4414,-21150305#3,-88.1149,-5.0000,100.0000,default,10,rsu(488m),440,8141,0.0180,488,2.0266,2,2,-88.1149,-105.1046,direct,0.0500,16.8000,-87.8040
161.2,node[15],5,5478.2248,4399.7193,1.8950,6.2166,-4.5000,-0.4414,-21150305#3,-74.2402,0.4265,100.0000,default,10,rsu(488m),441,8162,0.2164,488,2.0224,4,6,-74.2402,-91.2299,direct,0.0500,16.8000,-87.8048
161.3,node[15],5,5478.8104,4399.9960,1.8950,6.4766,2.6000,-0.4414,-21150305#3,-85.8580,-5.0000,100.0000,default,10,rsu(489m),442,8183,0.0180,489,2.0183,2,2,-85.8580,-102.8477,direct,0.0500,16.8000,-87.8056
161.4,node[15],5,5479.4195,4400.2838,1.8950,6.7366,2.6000,-0.4414,-21150305#3,-84.6124,-5.0000,100.0000,default,10,rsu(489m),443,8204,0.0180,489,2.0272,2,2,-84.6124,-101.6021,direct,0.0500,16.8000,-87.8064
161.5,node[15],5,5480.0521,4400.5827,1.8950,6.9966,2.6000,-0.4414,-21150305#3,-86.1528,-5.0000,100.0000,default,10,rsu(490m),444,8225,0.0180,490,2.0232,2,2,-86.1528,-103.1425,direct,0.0500,16.8000,-87.8072
161.6,node[15],5,5480.7082,4400.8927,1.8950,7.2566,2.6000,-0.4414,-21150305#3,-79.2821,-2.9284,100.0000,default,10,rsu(490m),445,8246,0.0491,490,2.0193,3,4,-79.2821,-96.2718,direct,0.0500,16.8000,-87.8080
161.7,node[15],5,5481.3878,4401.2138,1.8950,7.5166,2.6000,-0.4414,-21150305#3,-76.0046,2.3863,100.0000,default,10,rsu(491m),446,8267,0.4239,491,2.0154,5,8,-76.0046,-92.9943,direct,0.0500,16.8000,-87.8088
161.8,node[15],5,5482.0990,4401.5224,1.8950,7.7670,2.5045,-0.4364,:227555802_7,-81.1132,-2.1766,100.0000,default,10,rsu(492m),447,8288,0.0699,492,2.0245,3,4,-81.1132,-98.1029,direct,0.0500,16.8000,-87.8097
161.9,node[15],5,5482.8456,4401.7539,1.8950,7.8208,0.5384,-0.4145,:227555802_7,-81.6945,-4.1779,100.0000,default,10,rsu(492m),448,8309,0.0269,492,2.0208,2,2,-81.6945,-98.6842,direct,0.0500,16.8000,-87.8106
162,node[15],5,5483.5944,4401.9861,1.8950,7.8448,0.2392,-0.3924,:227555802_7,-82.5603,-5.0000,100.0000,default,10,rsu(493m),449,8330,0.0180,493,2.0170,2,2,-82.5603,-99.5500,direct,0.0500,16.8000,-87.8114
162.1,node[15],5,5484.3431,4402.2182,1.8950,7.8425,-0.0221,-0.3703,:227555802_7,-79.8240,-3.7002,100.0000,default,10,rsu(494m),450,8351,0.0339,494,2.0263,2,2,-79.8240,-96.8137,direct,0.0500,16.8000,-87.8123
162.2,node[15],5,5485.0960,4402.4516,1.8950,7.8878,0.4522,-0.3480,:227555802_7,-85.3857,-5.0000,100.0000,default,10,rsu(494m),451,8372,0.0180,494,2.0227,2,2,-85.3857,-102.3754,direct,0.0500,16.8000,-87.8131
162.3,node[15],5,5485.8617,4402.5495,1.8950,7.8686,-0.1915,-0.2991,:227555802_7,-75.3653,2.2931,100.0000,default,10,rsu(495m),452,8393,0.4125,495,2.0192,5,8,-75.3653,-92.3550,direct,0.0500,16.8000,-87.8140
162.4,node[15],5,5486.6434,4402.4816,1.8950,7.8510,-0.1767,-0.2166,:227555802_7,-74.1269,0.6975,100.0000,default,10,rsu(496m),453,8414,0.2403,496,2.0157,4,6,-74.1269,-91.1166,direct,0.0500,16.8000,-87.8149
162.5,node[15],5,5487.4206,4402.4141,1.8950,7.8057,-0.4522,-0.1526,:227555802_7,-79.1123,-2.0648,100.0000,default,10,rsu(497m),454,8435,0.0736,497,2.0252,3,4,-79.1123,-96.1020,direct,0.0500,16.8000,-87.8158
162.6,node[15],5,5488.2076,4402.3458,1.8950,7.9047,0.9894,-0.0906,:227555802_7,-75.5673,0.6512,100.0000,default,10,rsu(497m),455,8456,0.2361,497,2.0218,4,6,-75.5673,-92.5570,direct,0.0500,16.8000,-87.8167
162.7,node[15],5,5488.9330,4402.1147,1.8950,7.8336,-0.7104,0.0040,:227555802_7,-74.5101,1.3590,100.0000,default,10,rsu(498m),456,8478,0.3057,498,2.0231,5,8,-74.5101,-91.4998,direct,0.0500,16.8000,-87.8176
162.8,node[15],5,5489.6019,4401.6972,1.8950,7.8889,0.5524,0.1394,:227555802_7,-80.1223,-5.0000,100.0000,default,10,rsu(499m),457,8500,0.0180,499,2.0245,2,2,-80.1223,-97.1120,direct,0.0500,17.6000,-87.8184
162.9,node[15],5,5490.2658,4401.2829,1.8950,7.8309,-0.5800,0.2686,:227555802_7,-71.4947,5.9259,100.0000,default,10,rsu(500m),458,8522,0.8120,500,2.0259,7,12,-71.4947,-88.4844,direct,0.0500,17.6000,-87.8193
163,node[15],5,5490.9308,4400.8679,1.8950,7.8431,0.1225,0.3439,:227555802_7,-79.2513,-2.8612,100.0000,default,10,rsu(500m),459,8544,0.0507,500,2.0273,3,4,-79.2513,-96.2410,direct,0.0500,17.6000,-87.8202
163.1,node[15],5,5491.4957,4400.3506,1.8950,7.8107,-0.3245,0.4465,:227555802_7,-80.0221,-2.7486,100.0000,default,10,rsu(501m),460,8566,0.0534,501,2.0174,3,4,-80.0221,-97.0118,direct,0.0500,17.6000,-87.8210
163.2,node[15],5,5491.9528,4399.7161,1.8950,7.8238,0.1317,0.5814,:227555802_7,-82.1148,-5.0000,100.0000,default,10,rsu(502m),461,8588,0.0180,502,2.0205,2,2,-82.1148,-99.1045,direct,0.0500,17.6000,-87.8218
163.3,node[15],5,5492.4088,4399.0831,1.8950,7.8062,-0.1762,0.7076,:227555802_7,-85.0495,-5.0000,100.0000,default,10,rsu(502m),462,8610,0.0180,502,2.0237,2,2,-85.0495,-102.0392,direct,0.0500,17.6000,-87.8226
163.4,node[15],5,5492.8713,4398.4411,1.8950,7.9172,1.1095,0.7698,:227555802_7,-87.4719,-5.0000,100.0000,default,10,rsu(503m),463,8632,0.0180,503,2.0270,2,2,-87.4719,-104.4616,direct,0.0500,17.6000,-87.8234
163.5,node[15],5,5493.3312,4397.8027,1.8950,7.8722,-0.4496,0.8316,:227555802_7,-85.0691,-5.0000,100.0000,default,10,rsu(503m),464,8654,0.0180,503,2.0173,2,2,-85.0691,-102.0588,direct,0.0500,17.6000,-87.8241
163.6,node[15],5,5493.7271,4397.1214,1.8950,7.8982,0.2600,0.9085,-21156414#1,-74.8728,4.2519,100.0000,default,10,rsu(504m),465,8676,0.6516,504,2.0206,6,10,-74.8728,-91.8625,direct,0.0500,17.6000,-87.8249
163.7,node[15],5,5494.1059,4396.4014,1.8950,8.1354,2.3722,0.9847,-21156414#1,-78.1925,-2.4281,100.0000,default,10,rsu(504m),466,8698,0.0622,504,2.0240,3,4,-78.1925,-95.1822,direct,0.0500,17.6000,-87.8257
163.8,node[15],5,5494.4952,4395.6616,1.8950,8.3589,2.2349,1.0081,-21156414#1,-77.4719,-2.8681,100.0000,default,10,rsu(505m),467,8720,0.0505,505,2.0274,3,4,-77.4719,-94.4616,direct,0.0500,17.6000,-87.8264
163.9,node[15],5,5494.8933,4394.9051,1.8950,8.5482,1.8927,1.0321,-21156414#1,-76.1239,1.2768,100.0000,default,10,rsu(505m),468,8742,0.2970,505,2.0179,5,8,-76.1239,-93.1136,direct,0.0500,17.6000,-87.8272
164,node[15],5,5495.3019,4394.1285,1.8950,8.7756,2.2740,1.0567,-21156414#1,-80.5876,-3.6419,100.0000,default,10,rsu(506m),469,8764,0.0349,506,2.0214,2,2,-80.5876,-97.5773,direct,0.0500,17.6000,-87.8280
164.1,node[15],5,5495.7213,4393.3314,1.8950,9.0070,2.3141,1.0818,-21156414#1,-78.5047,-2.7318,100.0000,default,10,rsu(507m),470,8786,0.0539,507,2.0249,3,4,-78.5047,-95.4944,direct,0.0500,17.6000,-87.8288
164.2,node[15],5,5496.1522,4392.5125,1.8950,9.2532,2.4624,1.0864,-21156414#1,-82.1534,-5.0000,100.0000,default,10,rsu(507m),471,8808,0.0180,507,2.0155,2,2,-82.1534,-99.1431,direct,0.0500,17.6000,-87.8296
164.3,node[15],5,5496.5945,4391.6720,1.8950,9.4974,2.4414,1.0864,-21156414#1,-78.0750,0.5585,100.0000,default,10,rsu(508m),472,8830,0.2278,508,2.0192,4,6,-78.0750,-95.0647,direct,0.0500,17.6000,-87.8304
164.4,node[15],5,5497.0436,4390.8185,1.8950,9.6442,1.4680,1.0864,-21156414#1,-98.2541,-5.0000,100.0000,default,10,rsu(508m),473,8852,0.0180,508,2.0228,2,2,-98.2541,-115.2438,direct,0.0500,17.6000,-87.8312
164.5,node[15],5,5497.5007,4389.9497,1.8950,9.8165,1.7233,1.0864,-21156414#1,-84.3143,-5.0000,100.0000,default,10,rsu(509m),474,8874,0.0180,509,2.0266,2,2,-84.3143,-101.3040,direct,0.0500,17.6000,-87.8321
164.6,node[15],5,5497.9674,4389.0627,1.8950,10.0231,2.0657,1.0864,-21156414#1,-86.6480,-5.0000,100.0000,default,10,rsu(510m),475,8896,0.0180,510,2.0173,2,2,-86.6480,-103.6377,direct,0.0500,17.6000,-87.8329
164.7,node[15],5,5498.4456,4388.1540,1.8950,10.2682,2.4517,1.0864,-21156414#1,-81.6359,-5.0000,100.0000,default,10,rsu(510m),476,8918,0.0180,510,2.0211,2,2,-81.6359,-98.6256,direct,0.0500,17.6000,-87.8337
164.8,node[15],5,5498.9356,4387.2226,1.8950,10.5240,2.5578,1.0864,-21156414#1,-81.0133,-4.7934,100.0000,default,10,rsu(511m),477,8940,0.0199,511,2.0250,2,2,-81.0133,-98.0030,direct,0.0500,17.6000,-87.8345
164.9,node[15],5,5499.4335,4386.2764,1.8950,10.6916,1.6754,1.0864,-21156414#1,-91.9036,-5.0000,100.0000,default,10,rsu(512m),478,8962,0.0180,512,2.0159,2,2,-91.9036,-108.8933,direct,0.0500,17.6000,-87.8354
165,node[15],5,5499.9395,4385.3147,1.8950,10.8669,1.7532,1.0864,-21156414#1,-83.9898,-5.0000,100.0000,default,10,rsu(512m),479,8984,0.0180,512,2.0198,2,2,-83.9898,-100.9795,direct,0.0500,17.6000,-87.8362
165.1,node[15],5,5500.4520,4384.3408,1.8950,11.0055,1.3860,1.0864,-21156414#1,-72.9687,5.5157,100.0000,default,10,rsu(512m),480,9006,0.7787,512,2.0237,7,12,-72.9687,-89.9584,direct,0.0500,17.6000,-87.8370
165.2,node[15],5,5500.9730,4383.3506,1.8950,11.1883,1.8286,1.0864,-21156414#1,-76.1662,2.9269,100.0000,default,10,rsu(512m),481,9028,0.4909,512,2.0277,5,8,-76.1662,-93.1559,direct,0.0500,17.6000,-87.8378
165.3,node[15],5,5501.5005,4382.3481,1.8950,11.3279,1.3953,1.0864,-21156414#1,-84.8074,-5.0000,100.0000,default,10,rsu(512m),482,9050,0.0180,512,2.0188,2,2,-84.8074,-101.7971,direct,0.0500,17.6000,-87.8387
165.4,node[15],5,5502.0401,4381.3227,1.8950,11.5867,2.5881,1.0864,-21156414#1,-87.2723,-5.0000,100.0000,default,10,rsu(511m),483,9072,0.0180,511,2.0228,2,2,-87.2723,-104.2620,direct,0.0500,17.6000,-87.8396
165.5,node[15],5,5502.5871,4380.2831,1.8950,11.7474,1.6068,1.0864,-21156414#1,-77.8075,-0.1111,100.0000,default,10,rsu(511m),484,9094,0.1743,511,2.0269,4,6,-77.8075,-94.7972,direct,0.0500,17.6000,-87.8404
165.6,node[15],5,5503.1410,4379.2303,1.8950,11.8957,1.4829,1.0864,-21156414#1,-90.1219,-5.0000,100.0000,default,10,rsu(511m),485,9116,0.0180,511,2.0181,2,2,-90.1219,-107.1116,direct,0.0500,17.6000,-87.8413
165.7,node[15],5,5503.7045,4378.1595,1.8950,12.0998,2.0417,1.0864,-21156414#1,-89.0076,-5.0000,100.0000,default,10,rsu(511m),486,9138,0.0180,511,2.0222,2,2,-89.0076,-105.9973,direct,0.0500,17.6000,-87.8422
165.8,node[15],5,5504.2795,4377.0666,1.8950,12.3493,2.4945,1.0864,-21156414#1,-80.5738,-5.0000,100.0000,default,10,rsu(510m),487,9160,0.0180,510,2.0265,2,2,-80.5738,-97.5635,direct,0.0500,17.6000,-87.8431
165.9,node[15],5,5504.8639,4375.9561,1.8950,12.5485,1.9926,1.0864,-21156414#1,-87.8210,-5.0000,100.0000,default,10,rsu(510m),488,9182,0.0180,510,2.0177,2,2,-87.8210,-104.8107,direct,0.0500,17.6000,-87.8440
166,node[15],5,5505.4585,4374.8261,1.8950,12.7688,2.2023,1.0864,-21156414#1,-78.3620,0.2883,100.0000,default,10,rsu(510m),489,9204,0.2049,510,2.0220,4,6,-78.3620,-95.3517,direct,0.0500,17.6000,-87.8449
166.1,node[15],5,5506.0642,4373.6748,1.8950,13.0089,2.4012,1.0864,-21156414#1,-76.3457,1.0638,100.0000,default,10,rsu(509m),490,9226,0.2753,509,2.0277,5,8,-76.3457,-93.3354,direct,0.0500,17.6000,-87.8458
166.2,node[15],5,5506.6780,4372.5084,1.8950,13.1797,1.7080,1.0864,-21156414#1,-79.8317,-2.9271,100.0000,default,10,rsu(509m),491,9248,0.0491,509,2.0205,3,4,-79.8317,-96.8214,direct,0.0500,17.6000,-87.8467
166.3,node[15],5,5507.2906,4371.3440,1.8950,13.1570,-0.2271,1.0864,-21156414#1,-76.2122,-0.8224,100.0000,default,10,rsu(509m),492,9270,0.1288,509,2.0263,4,6,-76.2122,-93.2019,direct,0.0500,17.6000,-87.8476
166.4,node[15],5,5507.9072,4370.1722,1.8950,13.2409,0.8393,1.0864,-21156414#1,-73.2435,3.7862,100.0000,default,10,rsu(508m),493,9292,0.5970,508,2.0191,6,10,-73.2435,-90.2332,direct,0.0500,17.6000,-87.8486
166.5,node[15],5,5508.5199,4369.0078,1.8950,13.1580,-0.8291,1.0864,-21156414#1,-79.3972,-4.2676,100.0000,default,10,rsu(508m),494,9314,0.0257,508,2.0250,2,2,-79.3972,-96.3869,direct,0.0500,17.6000,-87.8495
166.6,node[15],5,5509.1366,4367.8357,1.8950,13.2433,0.8530,1.0864,-21156414#1,-82.3134,-5.0000,100.0000,default,10,rsu(508m),495,9336,0.0180,508,2.0178,2,2,-82.3134,-99.3031,direct,0.0500,17.6000,-87.8504
166.7,node[15],5,5509.7523,4366.6656,1.8950,13.2220,-0.2130,1.0864,-21156414#1,-82.6829,-3.3579,100.0000,default,10,rsu(508m),496,9358,0.0400,508,2.0237,2,2,-82.6829,-99.6726,direct,0.0500,17.6000,-87.8513
166.8,node[15],5,5510.3666,4365.4983,1.8950,13.1902,-0.3181,1.0864,-21156414#1,-85.3984,-5.0000,100.0000,default,10,rsu(507m),497,9380,0.0180,507,2.0166,2,2,-85.3984,-102.3881,direct,0.0500,17.6000,-87.8523
166.9,node[15],5,5510.9812,4364.3302,1.8950,13.1986,0.0838,1.0864,-21156414#1,-79.7944,-0.6543,100.0000,default,10,rsu(507m),498,9402,0.1386,507,2.0226,4,6,-79.7944,-96.7841,direct,0.0500,17.6000,-87.8532
167,node[15],5,5511.5986,4363.1569,1.8950,13.2581,0.5957,1.0864,-21156414#1,-82.9417,-4.8159,100.0000,default,10,rsu(507m),499,9425,0.0197,507,2.0155,2,2,-82.9417,-99.9314,direct,0.0500,18.0000,-87.8541
167.1,node[15],5,5512.2118,4361.9914,1.8950,13.1699,-0.8821,1.0864,-21156414#1,-81.0332,-3.5418,100.0000,default,10,rsu(506m),500,9448,0.0366,506,2.0215,2,2,-81.0332,-98.0229,direct,0.0500,18.0000,-87.8550
167.2,node[15],5,5512.8287,4360.8190,1.8950,13.2469,0.7702,1.0864,-21156414#1,-75.8608,2.6152,100.0000,default,10,rsu(506m),501,9471,0.4520,506,2.0275,5,8,-75.8608,-92.8505,direct,0.0500,18.4000,-87.8559
167.3,node[15],5,5513.4460,4359.6459,1.8950,13.2556,0.0862,1.0864,-21156414#1,-75.5794,-0.7849,100.0000,default,10,rsu(506m),502,9494,0.1310,506,2.0205,4,6,-75.5794,-92.5691,direct,0.0500,18.4000,-87.8569
167.4,node[15],5,5514.0621,4358.4749,1.8950,13.2320,-0.2354,1.0864,-21156414#1,-79.4580,-3.7569,100.0000,default,10,rsu(506m),503,9517,0.0330,506,2.0266,2,2,-79.4580,-96.4477,direct,0.0500,18.4000,-87.8578
167.5,node[15],5,5514.6766,4357.3071,1.8950,13.1956,-0.3645,1.0864,-21156414#1,-76.9669,-1.6808,100.0000,default,10,rsu(505m),504,9540,0.0878,505,2.0196,3,4,-76.9669,-93.9566,direct,0.0500,18.4000,-87.8587
167.6,node[15],5,5515.2930,4356.1357,1.8950,13.2369,0.4131,1.0864,-21156414#1,-75.4814,-0.0056,100.0000,default,10,rsu(505m),505,9563,0.1820,505,2.0257,4,6,-75.4814,-92.4711,direct,0.0500,18.4000,-87.8596
167.7,node[15],5,5515.9087,4354.9655,1.8950,13.2227,-0.1422,1.0864,-21156414#1,-78.3893,-3.1914,100.0000,default,10,rsu(505m),506,9586,0.0433,505,2.0188,2,2,-78.3893,-95.3790,direct,0.0500,18.4000,-87.8605
167.8,node[15],5,5516.5215,4353.8009,1.8950,13.1593,-0.6340,1.0864,-21156414#1,-76.6889,-1.1480,100.0000,default,10,rsu(505m),507,9609,0.1116,505,2.0249,3,4,-76.6889,-93.6786,direct,0.0500,18.4000,-87.8614
167.9,node[15],5,5517.1367,4352.6318,1.8950,13.2109,0.5167,1.0864,-21156414#1,-84.8520,-5.0000,100.0000,default,10,rsu(504m),508,9632,0.0180,504,2.0181,2,2,-84.8520,-101.8417,direct,0.0500,18.4000,-87.8623
168,node[15],5,5517.7551,4351.4564,1.8950,13.2814,0.7045,1.0864,-21156414#1,-74.8404,0.0931,100.0000,default,10,rsu(504m),509,9655,0.1895,504,2.0243,4,6,-74.8404,-91.8301,direct,0.0500,18.4000,-87.8633
168.1,node[15],5,5518.3732,4350.2817,1.8950,13.2735,-0.0788,1.0864,-21156414#1,-77.5121,1.1182,100.0000,default,10,rsu(504m),510,9678,0.2807,504,2.0174,5,8,-77.5121,-94.5018,direct,0.0500,18.4000,-87.8642
168.2,node[15],5,5518.9865,4349.1162,1.8950,13.1702,-1.0332,1.0864,-21156414#1,-83.6256,-5.0000,100.0000,default,10,rsu(504m),511,9701,0.0180,504,2.0236,2,2,-83.6256,-100.6153,direct,0.0500,18.4000,-87.8651
168.3,node[15],5,5519.6002,4347.9498,1.8950,13.1788,0.0855,1.0864,-21156414#1,-79.8119,-2.5831,100.0000,default,10,rsu(503m),512,9724,0.0578,503,2.0169,3,4,-79.8119,-96.8016,direct,0.0500,18.4000,-87.8661
168.4,node[15],5,5520.2128,4346.7856,1.8950,13.1559,-0.2288,1.0864,-21156414#1,-79.5582,-1.8836,100.0000,default,10,rsu(503m),513,9747,0.0800,503,2.0231,3,4,-79.5582,-96.5479,direct,0.0500,18.4000,-87.8670
168.5,node[15],5,5520.8268,4345.6187,1.8950,13.1850,0.2913,1.0864,-21156414#1,-85.8023,-5.0000,100.0000,default,10,rsu(503m),514,9770,0.0180,503,2.0192,2,2,-85.8023,-102.7920,direct,0.0500,18.4000,-87.8679
168.6,node[15],5,5521.4400,4344.4534,1.8950,13.1676,-0.1744,1.0864,-21156414#1,-78.8168,-4.2088,100.0000,default,10,rsu(503m),515,9793,0.0265,503,2.0152,2,2,-78.8168,-95.8065,direct,0.0500,18.4000,-87.8688
168.7,node[15],5,5522.0561,4343.2826,1.8950,13.2301,0.6258,1.0864,-21156414#1,-84.0781,-5.0000,100.0000,default,10,rsu(502m),516,9817,0.0180,502,2.0243,2,2,-84.0781,-101.0678,direct,0.0500,18.4000,-87.8698
168.8,node[15],5,5522.6707,4342.1145,1.8950,13.1987,-0.3141,1.0864,-21156414#1,-79.3719,-0.8943,100.0000,default,10,rsu(502m),517,9841,0.1249,502,2.0204,4,6,-79.3719,-96.3616,direct,0.0500,19.2000,-87.8707
168.9,node[15],5,5523.2876,4340.9420,1.8950,13.2488,0.5008,1.0864,-21156414#1,-85.8017,-5.0000,100.0000,default,10,rsu(502m),518,9865,0.0180,502,2.0166,2,2,-85.8017,-102.7914,direct,0.0500,19.2000,-87.8717
169,node[15],5,5523.9008,4339.7766,1.8950,13.1684,-0.8041,1.0864,-21156414#1,-84.2580,-5.0000,100.0000,default,10,rsu(502m),519,9889,0.0180,502,2.0257,2,2,-84.2580,-101.2477,direct,0.0500,19.2000,-87.8726
169.1,node[15],5,5524.5168,4338.6058,1.8950,13.2290,0.6065,1.0864,-21156414#1,-79.0415,-0.6284,100.0000,default,10,rsu(502m),520,9913,0.1401,502,2.0219,4,6,-79.0415,-96.0312,direct,0.0500,19.2000,-87.8736
169.2,node[15],5,5525.1337,4337.4335,1.8950,13.2466,0.1754,1.0864,-21156414#1,-84.0853,-5.0000,100.0000,default,10,rsu(501m),521,9938,0.0180,501,2.0158,2,2,-84.0853,-101.0750,direct,0.0500,19.6000,-87.8745
169.3,node[15],5,5525.7475,4336.2669,1.8950,13.1824,-0.6423,1.0864,-21156414#1,-85.5013,-5.0000,100.0000,default,10,rsu(501m),522,9963,0.0180,501,2.0227,2,2,-85.5013,-102.4910,direct,0.0500,19.6000,-87.8755
169.4,node[15],5,5526.3656,4335.0924,1.8950,13.2721,0.8970,1.0864,-21156414#1,-93.6433,-5.0000,100.0000,default,10,rsu(501m),523,9988,0.0180,501,2.0166,2,2,-93.6433,-110.6330,direct,0.0500,20.0000,-87.8764
169.5,node[15],5,5526.9837,4333.9177,1.8950,13.2735,0.0146,1.0864,-21156414#1,-79.1339,-1.7134,100.0000,default,10,rsu(501m),524,10013,0.0865,501,2.0221,3,4,-79.1339,-96.1236,direct,0.0500,20.0000,-87.8774
169.6,node[15],5,5527.5981,4332.7500,1.8950,13.1941,-0.7938,1.0864,-21156414#1,-83.6149,-5.0000,100.0000,default,10,rsu(501m),525,10038,0.0180,501,2.0161,2,2,-83.6149,-100.6046,direct,0.0500,20.0000,-87.8779
169.7,node[15],5,5528.2115,4331.5841,1.8950,13.1740,-0.2017,1.0864,-21156414#1,-80.6873,-2.0646,100.0000,default,10,rsu(500m),526,10063,0.0736,500,2.0231,3,4,-80.6873,-97.6770,direct,0.0500,20.0000,-87.8785
169.8,node[15],5,5528.8278,4330.4129,1.8950,13.2340,0.6008,1.0864,-21156414#1,-82.9259,-5.0000,100.0000,default,10,rsu(500m),527,10088,0.0180,500,2.0171,2,2,-82.9259,-99.9156,direct,0.0500,20.0000,-87.8790
169.9,node[15],5,5529.4451,4329.2398,1.8950,13.2557,0.2162,1.0864,-21156414#1,-89.0835,-5.0000,100.0000,default,10,rsu(500m),528,10113,0.0180,500,2.0242,2,2,-89.0835,-106.0732,direct,0.0500,20.0000,-87.8795
170,node[15],5,5530.0620,4328.0673,1.8950,13.2496,-0.0607,1.0864,-21156414#1,-82.3069,-5.0000,100.0000,default,10,rsu(500m),529,10138,0.0180,500,2.0183,2,2,-82.3069,-99.2966,direct,0.0500,20.0000,-87.8801
170.1,node[15],5,5530.6759,4326.9007,1.8950,13.1821,-0.6749,1.0864,-21156414#1,-82.9000,-4.4863,100.0000,default,10,rsu(500m),530,10163,0.0231,500,2.0255,2,2,-82.9000,-99.8897,direct,0.0500,20.0000,-87.8806
170.2,node[15],5,5531.2933,4325.7273,1.8950,13.2583,0.7625,1.0864,-21156414#1,-80.3930,-2.5195,100.0000,default,10,rsu(500m),531,10188,0.0595,500,2.0197,3,4,-80.3930,-97.3827,direct,0.0500,20.0000,-87.8812
170.3,node[15],5,5531.9077,4324.5596,1.8950,13.1942,-0.6417,1.0864,-21156414#1,-85.1662,-5.0000,100.0000,default,10,rsu(499m),532,10213,0.0180,499,2.0269,2,2,-85.1662,-102.1559,direct,0.0500,20.0000,-87.8817
170.4,node[15],5,5532.5244,4323.3875,1.8950,13.2448,0.5063,1.0864,-21156414#1,-82.2279,-5.0000,100.0000,default,10,rsu(499m),533,10238,0.0180,499,2.0211,2,2,-82.2279,-99.2176,direct,0.0500,20.0000,-87.8823
170.5,node[15],5,5533.1423,4322.2133,1.8950,13.2679,0.2312,1.0864,-21156414#1,-79.6343,-3.6310,100.0000,default,10,rsu(499m),534,10263,0.0350,499,2.0154,2,2,-79.6343,-96.6240,direct,0.0500,20.0000,-87.8828
170.6,node[15],5,5533.7590,4321.0413,1.8950,13.2436,-0.2431,1.0864,-21156414#1,-74.9595,0.7731,100.0000,default,10,rsu(499m),535,10288,0.2472,499,2.0228,4,6,-74.9595,-91.9492,direct,0.0500,20.0000,-87.8834
170.7,node[15],5,5534.3750,4319.8706,1.8950,13.2275,-0.1606,1.0864,-21156414#1,-87.0969,-5.0000,100.0000,default,10,rsu(499m),536,10313,0.0180,499,2.0171,2,2,-87.0969,-104.0866,direct,0.0500,20.0000,-87.8839
170.8,node[15],5,5534.9880,4318.7055,1.8950,13.1661,-0.6147,1.0864,-21156414#1,-91.6692,-5.0000,100.0000,default,10,rsu(499m),537,10338,0.0180,499,2.0245,2,2,-91.6692,-108.6589,direct,0.0500,20.0000,-87.8845
170.9,node[15],5,5535.6039,4317.5351,1.8950,13.2245,0.5841,1.0864,-21156414#1,-82.4847,-5.0000,100.0000,default,10,rsu(498m),538,10363,0.0180,498,2.0189,2,2,-82.4847,-99.4744,direct,0.0500,20.0000,-87.8850
171,node[15],5,5536.2206,4316.3630,1.8950,13.2445,0.2002,1.0864,-21156414#1,-86.0195,-5.0000,100.0000,default,10,rsu(498m),539,10388,0.0180,498,2.0264,2,2,-86.0195,-103.0092,direct,0.0500,20.0000,-87.8856
171.1,node[15],5,5536.8373,4315.1909,1.8950,13.2436,-0.0089,1.0864,-21156414#1,-82.0250,-5.0000,100.0000,default,10,rsu(498m),540,10413,0.0180,498,2.0209,2,2,-82.0250,-99.0147,direct,0.0500,20.0000,-87.8862
171.2,node[15],5,5537.4545,4314.0180,1.8950,13.2542,0.1057,1.0864,-21156414#1,-79.6084,-0.8649,100.0000,default,10,rsu(498m),541,10438,0.1265,498,2.0154,4,6,-79.6084,-96.5981,direct,0.0500,20.0000,-87.8867
171.3,node[15],5,5538.0718,4312.8448,1.8950,13.2568,0.0263,1.0864,-21156414#1,-82.3931,-5.0000,100.0000,default,10,rsu(498m),542,10463,0.0180,498,2.0230,2,2,-82.3931,-99.3828,direct,0.0500,20.0000,-87.8873
171.4,node[15],5,5538.6862,4311.6772,1.8950,13.1930,-0.6378,1.0864,-21156414#1,-75.7964,-0.0166,100.0000,default,10,rsu(498m),543,10488,0.1812,498,2.0176,4,6,-75.7964,-92.7861,direct,0.0500,20.0000,-87.8878
171.5,node[15],5,5539.3023,4310.5063,1.8950,13.2308,0.3773,1.0864,-21156414#1,-82.2237,-5.0000,100.0000,default,10,rsu(498m),544,10513,0.0180,498,2.0252,2,2,-82.2237,-99.2134,direct,0.0500,20.0000,-87.8884
171.6,node[15],5,5539.9186,4309.3349,1.8950,13.2357,0.0488,1.0864,-21156414#1,-80.3461,-2.7477,100.0000,default,10,rsu(498m),545,10538,0.0535,498,2.0199,3,4,-80.3461,-97.3358,direct,0.0500,20.0000,-87.8890
171.7,node[15],5,5540.5326,4308.1681,1.8950,13.1852,-0.5041,1.0864,-21156414#1,-81.3281,-4.6842,100.0000,default,10,rsu(497m),546,10563,0.0210,497,2.0276,2,2,-81.3281,-98.3178,direct,0.0500,20.0000,-87.8895
171.8,node[15],5,5541.1473,4306.9999,1.8950,13.2001,0.1488,1.0864,-21156414#1,-86.7971,-5.0000,100.0000,default,10,rsu(497m),547,10588,0.0180,497,2.0224,2,2,-86.7971,-103.7868,direct,0.0500,20.0000,-87.8901
171.9,node[15],5,5541.7654,4305.8252,1.8950,13.2737,0.7356,1.0864,-21156414#1,-75.4296,0.3587,100.0000,default,10,rsu(497m),548,10613,0.2107,497,2.0171,4,6,-75.4296,-92.4193,direct,0.0500,20.0000,-87.8907
172,node[15],5,5542.3828,4304.6519,1.8950,13.2578,-0.1584,1.0864,-21156414#1,-76.1655,2.0347,100.0000,default,10,rsu(497m),549,10638,0.3816,497,2.0249,5,8,-76.1655,-93.1552,direct,0.0500,20.0000,-87.8912
172.1,node[15],5,5543.0001,4303.4787,1.8950,13.2566,-0.0120,1.0864,-21156414#1,-75.6137,2.1062,100.0000,default,10,rsu(497m),550,10663,0.3901,497,2.0198,5,8,-75.6137,-92.6034,direct,0.0500,20.0000,-87.8918
172.2,node[15],5,5543.6171,4302.3060,1.8950,13.2505,-0.0618,1.0864,-21156414#1,-75.1924,4.1099,100.0000,default,10,rsu(497m),551,10688,0.6353,497,2.0276,6,10,-75.1924,-92.1821,direct,0.0500,20.0000,-87.8924
172.3,node[15],5,5544.2334,4301.1347,1.8950,13.2353,-0.1514,1.0864,-21156414#1,-78.6002,-0.7743,100.0000,default,10,rsu(497m),552,10713,0.1316,497,2.0225,4,6,-78.6002,-95.5899,direct,0.0500,20.0000,-87.8930
172.4,node[15],5,5544.8510,4299.9610,1.8950,13.2627,0.2742,1.0864,-21156414#1,-84.2282,-5.0000,100.0000,default,10,rsu(497m),553,10738,0.0180,497,2.0175,2,2,-84.2282,-101.2179,direct,0.0500,20.0000,-87.8935
172.5,node[15],5,5545.4691,4298.7864,1.8950,13.2723,0.0951,1.0864,-21156414#1,-84.8208,-5.0000,100.0000,default,10,rsu(497m),554,10763,0.0180,497,2.0255,2,2,-84.8208,-101.8105,direct,0.0500,20.0000,-87.8941
172.6,node[15],5,5546.0855,4297.6149,1.8950,13.2379,-0.3433,1.0864,-21156414#1,-78.1534,-1.0150,100.0000,default,10,rsu(496m),555,10788,0.1184,496,2.0205,3,4,-78.1534,-95.1431,direct,0.0500,20.0000,-87.8947
172.7,node[15],5,5546.7039,4296.4395,1.8950,13.2807,0.4274,1.0864,-21156414#1,-72.6748,2.3215,100.0000,default,10,rsu(496m),556,10813,0.4160,496,2.0155,5,8,-72.6748,-89.6645,direct,0.0500,20.0000,-87.8953
172.8,node[15],5,5547.3168,4295.2748,1.8950,13.1615,-1.1918,1.0864,-21156414#1,-77.1671,-1.0724,100.0000,default,10,rsu(496m),557,10838,0.1155,496,2.0236,3,4,-77.1671,-94.1568,direct,0.0500,20.0000,-87.8958
172.9,node[15],5,5547.9351,4294.0998,1.8950,13.2762,1.1475,1.0864,-21156414#1,-80.4980,-5.0000,100.0000,default,10,rsu(496m),558,10863,0.0180,496,2.0187,2,2,-80.4980,-97.4877,direct,0.0500,20.0000,-87.8964
173,node[15],5,5548.5522,4292.9269,1.8950,13.2535,-0.2274,1.0864,-21156414#1,-78.9237,-1.4710,100.0000,default,10,rsu(496m),559,10888,0.0966,496,2.0268,3,4,-78.9237,-95.9134,direct,0.0500,20.0000,-87.8970
173.1,node[15],5,5549.1661,4291.7603,1.8950,13.1828,-0.7073,1.0864,-21156414#1,-75.3434,1.6098,100.0000,default,10,rsu(496m),560,10913,0.3329,496,2.0220,5,8,-75.3434,-92.3331,direct,0.0500,20.0000,-87.8976
173.2,node[15],5,5549.7787,4290.5960,1.8950,13.1553,-0.2745,1.0864,-21156414#1,-81.4719,-3.5655,100.0000,default,10,rsu(496m),561,10938,0.0362,496,2.0172,2,2,-81.4719,-98.4616,direct,0.0500,20.0000,-87.8982
173.3,node[15],5,5550.3964,4289.4221,1.8950,13.2653,1.1002,1.0864,-21156414#1,-79.6389,-2.7555,100.0000,default,10,rsu(496m),562,10963,0.0533,496,2.0254,3,4,-79.6389,-96.6286,direct,0.0500,20.0000,-87.8988
173.4,node[15],5,5551.0133,4288.2497,1.8950,13.2473,-0.1803,1.0864,-21156414#1,-80.2876,-2.3204,100.0000,default,10,rsu(496m),563,10988,0.0654,496,2.0177,3,4,-80.2876,-97.2773,direct,0.0500,20.0000,-87.8994
173.5,node[15],5,5551.6265,4287.0843,1.8950,13.1684,-0.7886,1.0864,-21156414#1,-83.7769,-5.0000,100.0000,default,10,rsu(496m),564,11013,0.0180,496,2.0231,2,2,-83.7769,-100.7666,direct,0.0500,20.0000,-87.9000
173.6,node[15],5,5552.2422,4285.9142,1.8950,13.2215,0.5310,1.0864,-21156414#1,-76.1545,1.6903,100.0000,default,10,rsu(496m),565,11038,0.3419,496,2.0155,5,8,-76.1545,-93.1442,direct,0.0500,20.0000,-87.9005
173.7,node[15],5,5552.8549,4284.7498,1.8950,13.1577,-0.6383,1.0864,-21156414#1,-74.1151,5.0359,100.0000,default,10,rsu(496m),566,11063,0.7346,496,2.0210,7,12,-74.1151,-91.1048,direct,0.0500,20.0000,-87.9011
173.8,node[15],5,5553.4697,4283.5813,1.8950,13.2031,0.4541,1.0864,-21156414#1,-84.9538,-5.0000,100.0000,default,10,rsu(496m),567,11088,0.0180,496,2.0265,2,2,-84.9538,-101.9435,direct,0.0500,20.0000,-87.9017
173.9,node[15],5,5554.0873,4282.4075,1.8950,13.2630,0.5984,1.0864,-21156414#1,-79.5554,-0.9736,100.0000,default,10,rsu(496m),568,11113,0.1206,496,2.0191,4,6,-79.5554,-96.5451,direct,0.0500,20.0000,-87.9023
174,node[15],5,5554.7004,4281.2424,1.8950,13.1652,-0.9778,1.0864,-21156414#1,-77.4958,-0.0988,100.0000,default,10,rsu(496m),569,11138,0.1752,496,2.0247,4,6,-77.4958,-94.4855,direct,0.0500,20.0000,-87.9029
174.1,node[15],5,5555.3184,4280.0679,1.8950,13.2723,1.0713,1.0864,-21156414#1,-82.5955,-3.2087,100.0000,default,10,rsu(496m),570,11163,0.0429,496,2.0174,2,2,-82.5955,-99.5852,direct,0.0500,20.0000,-87.9035
174.2,node[15],5,5555.9352,4278.8956,1.8950,13.2460,-0.2636,1.0864,-21156414#1,-78.2693,-0.1309,100.0000,default,10,rsu(496m),571,11188,0.1729,496,2.0231,4,6,-78.2693,-95.2590,direct,0.0500,20.0000,-87.9041
174.3,node[15],5,5556.5492,4277.7287,1.8950,13.1858,-0.6016,1.0864,-21156414#1,-75.9695,1.9999,100.0000,default,10,rsu(496m),572,11213,0.3775,496,2.0159,5,8,-75.9695,-92.9592,direct,0.0500,20.0000,-87.9047
174.4,node[15],5,5557.1678,4276.5531,1.8950,13.2832,0.9739,1.0864,-21156414#1,-76.4134,0.8603,100.0000,default,10,rsu(496m),573,11238,0.2554,496,2.0218,4,6,-76.4134,-93.4031,direct,0.0500,20.0000,-87.9053
174.5,node[15],5,5557.7848,4275.3805,1.8950,13.2510,-0.3223,1.0864,-21156414#1,-80.2270,-3.0001,100.0000,default,10,rsu(495m),574,11263,0.0474,495,2.0277,2,2,-80.2270,-97.2167,direct,0.0500,20.0000,-87.9060
174.6,node[15],5,5558.4018,4274.2080,1.8950,13.2483,-0.0261,1.0864,-21156414#1,-105.7441,-5.0000,100.0000,default,10,rsu(495m),575,11288,0.0180,495,2.0206,2,2,-105.7441,-122.7338,direct,0.0500,20.0000,-87.9066
174.7,node[15],5,5559.0190,4273.0349,1.8950,13.2554,0.0708,1.0864,-21156414#1,-74.6697,0.5777,100.0000,default,10,rsu(495m),576,11313,0.2295,495,2.0266,4,6,-74.6697,-91.6594,direct,0.0500,20.0000,-87.9072
174.8,node[15],5,5559.6347,4271.8648,1.8950,13.2220,-0.3341,1.0864,-21156414#1,-75.8374,-1.8635,100.0000,default,10,rsu(495m),577,11338,0.0808,495,2.0197,3,4,-75.8374,-92.8271,direct,0.0500,20.0000,-87.9078
174.9,node[15],5,5560.2493,4270.6968,1.8950,13.1979,-0.2412,1.0864,-21156414#1,-93.1737,-5.0000,100.0000,default,10,rsu(495m),578,11363,0.0180,495,2.0258,2,2,-93.1737,-110.1634,direct,0.0500,20.0000,-87.9084
175,node[15],5,5560.8671,4269.5227,1.8950,13.2672,0.6926,1.0864,-21156414#1,-75.5490,-0.9634,100.0000,default,10,rsu(495m),579,11388,0.1211,495,2.0189,4,6,-75.5490,-92.5387,direct,0.0500,20.0000,-87.9090
175.1,node[15],5,5561.4803,4268.3572,1.8950,13.1687,-0.9844,1.0864,-21156414#1,-77.5211,-1.6593,100.0000,default,9,rsu(495m),580,11413,0.0887,495,2.0252,3,4,-77.5211,-94.5108,direct,0.0500,20.0000,-88.0494
175.2,node[15],5,5562.0948,4267.1893,1.8950,13.1972,0.2845,1.0864,-21156414#1,-74.4905,4.4487,100.0000,default,9,rsu(495m),581,11438,0.6736,495,2.0184,6,10,-74.4905,-91.4802,direct,0.0500,20.0000,-88.0500
175.3,node[15],5,5562.7078,4266.0245,1.8950,13.1623,-0.3489,1.0864,-21156414#1,-73.5089,5.3520,100.0000,default,9,rsu(495m),582,11463,0.7642,495,2.0247,7,12,-73.5089,-90.4986,direct,0.0500,20.0000,-88.0506
175.4,node[15],5,5563.3252,4264.8510,1.8950,13.2597,0.9744,1.0864,-21156414#1,-75.7488,2.5869,100.0000,default,9,rsu(495m),583,11489,0.4485,495,2.0181,5,8,-75.7488,-92.7385,direct,0.0500,20.4000,-88.0513
175.5,node[15],5,5563.9414,4263.6801,1.8950,13.2312,-0.2850,1.0864,-21156414#1,-78.0255,-4.0915,100.0000,default,9,rsu(495m),584,11515,0.0280,495,2.0245,2,2,-78.0255,-95.0152,direct,0.0500,20.4000,-88.0519
175.6,node[15],5,5564.5576,4262.5089,1.8950,13.2337,0.0252,1.0864,-21156414#1,-76.9391,1.9199,100.0000,default,9,rsu(495m),585,11541,0.3682,495,2.0180,5,8,-76.9391,-93.9288,direct,0.0500,20.8000,-88.0526
175.7,node[15],5,5565.1755,4261.3346,1.8950,13.2687,0.3494,1.0864,-21156414#1,-87.7250,-5.0000,100.0000,default,9,rsu(496m),586,11567,0.0180,496,2.0245,2,2,-87.7250,-104.7147,direct,0.0500,20.8000,-88.0532
175.8,node[15],5,5565.7914,4260.1640,1.8950,13.2277,-0.4094,1.0864,-21156414#1,-75.9506,3.2084,100.0000,default,9,rsu(496m),587,11593,0.5260,496,2.0181,6,10,-75.9506,-92.9403,direct,0.0500,20.8000,-88.0539
175.9,node[15],5,5566.4093,4258.9898,1.8950,13.2679,0.4023,1.0864,-21156414#1,-81.4835,-4.2755,100.0000,default,9,rsu(496m),588,11619,0.0256,496,2.0247,2,2,-81.4835,-98.4732,direct,0.0500,20.8000,-88.0545
176,node[15],5,5567.0273,4257.8153,1.8950,13.2717,0.0375,1.0864,-21156414#1,-81.5178,-4.6470,100.0000,default,9,rsu(496m),589,11645,0.0214,496,2.0184,2,2,-81.5178,-98.5075,direct,0.0500,20.8000,-88.0552
176.1,node[15],5,5567.6449,4256.6415,1.8950,13.2631,-0.0855,1.0864,-21156414#1,-81.4389,-3.7009,100.0000,default,9,rsu(496m),590,11671,0.0339,496,2.0251,2,2,-81.4389,-98.4286,direct,0.0500,20.8000,-88.0558
176.2,node[15],5,5568.2623,4255.4681,1.8950,13.2586,-0.0450,1.0864,-21156414#1,-77.8106,-1.7161,100.0000,default,9,rsu(496m),591,11697,0.0864,496,2.0189,3,4,-77.8106,-94.8003,direct,0.0500,20.8000,-88.0565
176.3,node[15],5,5568.8790,4254.2961,1.8950,13.2431,-0.1550,1.0864,-21156414#1,-84.5820,-5.0000,100.0000,default,9,rsu(496m),592,11723,0.0180,496,2.0258,2,2,-84.5820,-101.5717,direct,0.0500,20.8000,-88.0572
176.4,node[15],5,5569.4931,4253.1290,1.8950,13.1885,-0.5461,1.0864,-21156414#1,-81.0911,-4.4492,100.0000,default,9,rsu(496m),593,11749,0.0236,496,2.0196,2,2,-81.0911,-98.0808,direct,0.0500,20.8000,-88.0578
176.5,node[15],5,5570.1096,4251.9574,1.8950,13.2381,0.4953,1.0864,-21156414#1,-81.0469,-4.1424,100.0000,default,9,rsu(496m),594,11775,0.0274,496,2.0266,2,2,-81.0469,-98.0366,direct,0.0500,20.8000,-88.0585
176.6,node[15],5,5570.7241,4250.7896,1.8950,13.1958,-0.4227,1.0864,-21156414#1,-84.4302,-5.0000,100.0000,default,9,rsu(496m),595,11801,0.0180,496,2.0206,2,2,-84.4302,-101.4199,direct,0.0500,20.8000,-88.0592
176.7,node[15],5,5571.3370,4249.6246,1.8950,13.1634,-0.3237,1.0864,-21156414#1,-77.4836,-0.0638,100.0000,default,9,rsu(496m),596,11827,0.1777,496,2.0276,4,6,-77.4836,-94.4733,direct,0.0500,20.8000,-88.0598
176.8,node[15],5,5571.9549,4248.4503,1.8950,13.2691,1.0565,1.0864,-21156414#1,-75.0798,2.3164,100.0000,default,9,rsu(496m),597,11853,0.4154,496,2.0217,5,8,-75.0798,-92.0695,direct,0.0500,20.8000,-88.0605
176.9,node[15],5,5572.5719,4247.2778,1.8950,13.2494,-0.1963,1.0864,-21156414#1,-79.2319,-3.2369,100.0000,default,9,rsu(496m),598,11879,0.0424,496,2.0159,2,2,-79.2319,-96.2216,direct,0.0500,20.8000,-88.0612
177,node[15],5,5573.1856,4246.1114,1.8950,13.1792,-0.7023,1.0864,-21156414#1,-79.5656,-3.1611,100.0000,default,9,rsu(496m),599,11905,0.0439,496,2.0231,2,2,-79.5656,-96.5553,direct,0.0500,20.8000,-88.0618
177.1,node[15],5,5573.8024,4244.9392,1.8950,13.2463,0.6705,1.0864,-21156414#1,-79.4150,-0.5694,100.0000,default,9,rsu(496m),600,11931,0.1437,496,2.0174,4,6,-79.4150,-96.4047,direct,0.0500,20.8000,-88.0625
177.2,node[15],5,5574.4196,4243.7663,1.8950,13.2530,0.0677,1.0864,-21156414#1,-80.1340,-1.1844,100.0000,default,9,rsu(496m),601,11957,0.1099,496,2.0247,3,4,-80.1340,-97.1237,direct,0.0500,20.8000,-88.0632
177.3,node[15],5,5575.0377,4242.5915,1.8950,13.2742,0.2118,1.0864,-21156414#1,-78.0460,0.0628,100.0000,default,9,rsu(496m),602,11983,0.1872,496,2.0191,4,6,-78.0460,-95.0357,direct,0.0500,20.8000,-88.0639
177.4,node[15],5,5575.6518,4241.4245,1.8950,13.1866,-0.8766,1.0864,-21156414#1,-76.9418,0.8178,100.0000,default,9,rsu(496m),603,12009,0.2514,496,2.0265,4,6,-76.9418,-93.9315,direct,0.0500,20.8000,-88.0646
177.5,node[15],5,5576.2656,4240.2580,1.8950,13.1812,-0.0532,1.0864,-21156414#1,-79.3957,-4.0912,100.0000,default,9,rsu(497m),604,12035,0.0280,497,2.0210,2,2,-79.3957,-96.3854,direct,0.0500,20.8000,-88.0652
177.6,node[15],5,5576.8781,4239.0939,1.8950,13.1541,-0.2716,1.0864,-21156414#1,-80.4535,-3.1660,100.0000,default,9,rsu(497m),605,12061,0.0438,497,2.0155,2,2,-80.4535,-97.4432,direct,0.0500,20.8000,-88.0659
177.7,node[15],5,5577.4923,4237.9267,1.8950,13.1892,0.3514,1.0864,-21156414#1,-75.0174,-0.1790,100.0000,default,9,rsu(497m),606,12087,0.1695,497,2.0231,4,6,-75.0174,-92.0071,direct,0.0500,20.8000,-88.0666
177.8,node[15],5,5578.1062,4236.7599,1.8950,13.1841,-0.0515,1.0864,-21156414#1,-79.1588,-0.2631,100.0000,default,9,rsu(497m),607,12113,0.1636,497,2.0177,4,6,-79.1588,-96.1485,direct,0.0500,20.8000,-88.0673
177.9,node[15],5,5578.7207,4235.5920,1.8950,13.1962,0.1215,1.0864,-21156414#1,-75.8819,2.7232,100.0000,default,9,rsu(497m),608,12139,0.4655,497,2.0254,5,8,-75.8819,-92.8716,direct,0.0500,20.8000,-88.0680
178,node[15],5,5579.3358,4234.4231,1.8950,13.2082,0.1195,1.0864,-21156414#1,-75.7606,3.3343,100.0000,default,9,rsu(497m),609,12165,0.5417,497,2.0201,6,10,-75.7606,-92.7503,direct,0.0500,20.8000,-88.0687
178.1,node[15],5,5579.9499,4233.2561,1.8950,13.1875,-0.2064,1.0864,-21156414#1,-75.6304,-1.4929,100.0000,default,9,rsu(497m),610,12191,0.0957,497,2.0149,3,4,-75.6304,-92.6201,direct,0.0500,20.8000,-88.0694
178.2,node[15],5,5580.5647,4232.0876,1.8950,13.2037,0.1612,1.0864,-21156414#1,-79.0472,-2.6709,100.0000,default,9,rsu(497m),611,12217,0.0554,497,2.0228,3,4,-79.0472,-96.0369,direct,0.0500,20.8000,-88.0701
178.3,node[15],5,5581.1795,4230.9192,1.8950,13.2019,-0.0175,1.0864,-21156414#1,-76.7983,-0.2604,100.0000,default,9,rsu(497m),612,12243,0.1638,497,2.0177,4,6,-76.7983,-93.7880,direct,0.0500,20.8000,-88.0708
178.4,node[15],5,5581.7977,4229.7442,1.8950,13.2769,0.7500,1.0864,-21156414#1,-75.6795,2.2238,100.0000,default,9,rsu(497m),613,12269,0.4042,497,2.0257,5,8,-75.6795,-92.6692,direct,0.0500,20.8000,-88.0715
178.5,node[15],5,5582.4115,4228.5777,1.8950,13.1807,-0.9618,1.0864,-21156414#1,-82.3962,-3.0656,100.0000,default,9,rsu(498m),614,12295,0.0460,498,2.0207,2,2,-82.3962,-99.3859,direct,0.0500,20.8000,-88.0722
178.6,node[15],5,5583.0295,4227.4033,1.8950,13.2705,0.8982,1.0864,-21156414#1,-85.0079,-5.0000,100.0000,default,9,rsu(498m),615,12321,0.0180,498,2.0158,2,2,-85.0079,-101.9976,direct,0.0500,20.8000,-88.0729
178.7,node[15],5,5583.6468,4226.2301,1.8950,13.2573,-0.1328,1.0864,-21156414#1,-77.7830,-3.3931,100.0000,default,9,rsu(498m),616,12347,0.0393,498,2.0239,2,2,-77.7830,-94.7727,direct,0.0500,20.8000,-88.0736
178.8,node[15],5,5584.2613,4225.0623,1.8950,13.1950,-0.6222,1.0864,-21156414#1,-85.0384,-5.0000,100.0000,default,9,rsu(498m),617,12373,0.0180,498,2.0191,2,2,-85.0384,-102.0281,direct,0.0500,20.8000,-88.0743
178.9,node[15],5,5584.8798,4223.8869,1.8950,13.2821,0.8707,1.0864,-21156414#1,-82.8228,-5.0000,100.0000,default,9,rsu(498m),618,12399,0.0180,498,2.0274,2,2,-82.8228,-99.8125,direct,0.0500,20.8000,-88.0750
179,node[15],5,5585.4937,4222.7201,1.8950,13.1836,-0.9852,1.0864,-21156414#1,-83.1576,-5.0000,100.0000,default,9,rsu(498m),619,12425,0.0180,498,2.0227,2,2,-83.1576,-100.1473,direct,0.0500,20.8000,-88.0757
179.1,node[15],5,5586.1075,4221.5536,1.8950,13.1809,-0.0266,1.0864,-21156414#1,-88.7109,-5.0000,100.0000,default,9,rsu(498m),620,12451,0.0180,498,2.0181,2,2,-88.7109,-105.7006,direct,0.0500,20.8000,-88.0764
179.2,node[15],5,5586.7226,4220.3845,1.8950,13.2103,0.2939,1.0864,-21156414#1,-76.8659,0.7738,100.0000,default,9,rsu(498m),621,12477,0.2473,498,2.0266,4,6,-76.8659,-93.8556,direct,0.0500,20.8000,-88.0771
179.3,node[15],5,5587.3356,4219.2195,1.8950,13.1646,-0.4576,1.0864,-21156414#1,-80.4563,-3.8833,100.0000,default,9,rsu(499m),622,12503,0.0310,499,2.0221,2,2,-80.4563,-97.4460,direct,0.0500,20.8000,-88.0778
179.4,node[15],5,5587.9530,4218.0462,1.8950,13.2583,0.9376,1.0864,-21156414#1,-82.1522,-3.7648,100.0000,default,9,rsu(499m),623,12529,0.0328,499,2.0176,2,2,-82.1522,-99.1419,direct,0.0500,20.8000,-88.0786
179.5,node[15],5,5588.5712,4216.8713,1.8950,13.2749,0.1653,1.0864,-21156414#1,-85.9642,-5.0000,100.0000,default,10,rsu(499m),624,12555,0.0180,499,2.0263,2,2,-85.9642,-102.9539,direct,0.0500,20.8000,-87.9385
179.6,node[15],5,5589.1886,4215.6980,1.8950,13.2587,-0.1616,1.0864,-21156414#1,-88.6639,-5.0000,100.0000,default,10,rsu(499m),625,12581,0.0180,499,2.0220,2,2,-88.6639,-105.6536,direct,0.0500,20.8000,-87.9383
179.7,node[15],5,5589.8049,4214.5268,1.8950,13.2342,-0.2445,1.0864,-21156414#1,-76.7193,1.2321,100.0000,default,10,rsu(499m),626,12607,0.2924,499,2.0178,5,8,-76.7193,-93.7090,direct,0.0500,20.8000,-87.9380
179.8,node[15],5,5590.4177,4213.3620,1.8950,13.1611,-0.7313,1.0864,-21156414#1,-75.5356,1.5663,100.0000,default,10,rsu(499m),627,12633,0.3281,499,2.0266,5,8,-75.5356,-92.5253,direct,0.0500,20.8000,-87.9377
179.9,node[15],5,5591.0361,4212.1867,1.8950,13.2804,1.1924,1.0864,-21156414#1,-77.9877,-1.1637,100.0000,default,10,rsu(500m),628,12659,0.1109,500,2.0225,3,4,-77.9877,-94.9774,direct,0.0500,20.8000,-87.9374
180,node[15],5,5591.6497,4211.0207,1.8950,13.1758,-1.0456,1.0864,-21156414#1,-80.0707,-0.7282,100.0000,default,10,rsu(500m),629,12685,0.1342,500,2.0185,4,6,-80.0707,-97.0604,direct,0.0500,20.8000,-87.9371
180.1,node[15],5,5592.2676,4209.8463,1.8950,13.2701,0.9432,1.0864,-21156414#1,-82.1450,-5.0000,100.0000,default,10,rsu(500m),630,12711,0.0180,500,2.0275,2,2,-82.1450,-99.1347,direct,0.0500,20.8000,-87.9368
180.2,node[15],5,5592.8843,4208.6744,1.8950,13.2422,-0.2788,1.0864,-21156414#1,-86.6906,-5.0000,100.0000,default,10,rsu(500m),631,12737,0.0180,500,2.0237,2,2,-86.6906,-103.6803,direct,0.0500,20.8000,-87.9364
180.3,node[15],5,5593.4989,4207.5063,1.8950,13.1992,-0.4303,1.0864,-21156414#1,-82.1930,-5.0000,100.0000,default,10,rsu(500m),632,12763,0.0180,500,2.0198,2,2,-82.1930,-99.1827,direct,0.0500,20.8000,-87.9361
180.4,node[15],5,5594.1155,4206.3344,1.8950,13.2415,0.4227,1.0864,-21156414#1,-73.6483,4.2705,100.0000,default,10,rsu(500m),633,12789,0.6537,500,2.0161,6,10,-73.6483,-90.6380,direct,0.0500,20.8000,-87.9358
180.5,node[15],5,5594.7324,4205.1621,1.8950,13.2470,0.0549,1.0864,-21156414#1,-83.0092,-5.0000,100.0000,default,10,rsu(501m),634,12815,0.0180,501,2.0255,2,2,-83.0092,-99.9989,direct,0.0500,20.8000,-87.9354
180.6,node[15],5,5595.3488,4203.9905,1.8950,13.2384,-0.0856,1.0864,-21156414#1,-80.2511,-2.4310,100.0000,default,10,rsu(501m),635,12841,0.0621,501,2.0219,3,4,-80.2511,-97.2408,direct,0.0500,20.8000,-87.9351
180.7,node[15],5,5595.9672,4202.8153,1.8950,13.2797,0.4129,1.0864,-21156414#1,-78.9342,-1.1165,100.0000,default,10,rsu(501m),636,12867,0.1132,501,2.0184,3,4,-78.9342,-95.9239,direct,0.0500,20.8000,-87.9347
180.8,node[15],5,5596.5807,4201.6494,1.8950,13.1740,-1.0567,1.0864,-21156414#1,-77.6295,-2.2039,100.0000,default,10,rsu(501m),637,12893,0.0690,501,2.0149,3,4,-77.6295,-94.6192,direct,0.0500,20.8000,-87.9343
180.9,node[15],5,5597.1977,4200.4767,1.8950,13.2509,0.7685,1.0864,-21156414#1,-75.6795,2.8831,100.0000,default,10,rsu(501m),638,12919,0.4854,501,2.0246,5,8,-75.6795,-92.6692,direct,0.0500,20.8000,-87.9339
181,node[15],5,5597.8106,4199.3120,1.8950,13.1603,-0.9052,1.0864,-21156414#1,-83.0392,-5.0000,100.0000,default,10,rsu(502m),639,12945,0.0180,502,2.0213,2,2,-83.0392,-100.0289,direct,0.0500,20.8000,-87.9335
181.1,node[15],5,5598.4246,4198.1450,1.8950,13.1871,0.2679,1.0864,-21156414#1,-85.6995,-5.0000,100.0000,default,10,rsu(502m),640,12971,0.0180,502,2.0182,2,2,-85.6995,-102.6892,direct,0.0500,20.8000,-87.9331
181.2,node[15],5,5599.0426,4196.9705,1.8950,13.2709,0.8375,1.0864,-21156414#1,-79.8048,-2.4307,100.0000,default,10,rsu(502m),641,12997,0.0621,502,2.0151,3,4,-79.8048,-96.7945,direct,0.0500,20.8000,-87.9327
181.3,node[15],5,5599.6604,4195.7963,1.8950,13.2677,-0.0315,1.0864,-21156414#1,-84.6540,-5.0000,100.0000,default,10,rsu(502m),642,13023,0.0180,502,2.0250,2,2,-84.6540,-101.6437,direct,0.0500,20.8000,-87.9322
181.4,node[15],5,5600.2786,4194.6216,1.8950,13.2737,0.0597,1.0864,-21156414#1,-86.0205,-5.0000,100.0000,default,10,rsu(503m),643,13049,0.0180,503,2.0221,2,2,-86.0205,-103.0102,direct,0.0500,20.8000,-87.9318
181.5,node[15],5,5600.8951,4193.4498,1.8950,13.2408,-0.3290,1.0864,-21156414#1,-79.4759,-4.7404,100.0000,default,10,rsu(503m),644,13075,0.0204,503,2.0193,2,2,-79.4759,-96.4656,direct,0.0500,20.8000,-87.9313
181.6,node[15],5,5601.5113,4192.2788,1.8950,13.2318,-0.0895,1.0864,-21156414#1,-80.0399,-1.1876,100.0000,default,10,rsu(503m),645,13101,0.1097,503,2.0165,3,4,-80.0399,-97.0296,direct,0.0500,20.8000,-87.9309
181.7,node[15],5,5602.1277,4191.1074,1.8950,13.2370,0.0519,1.0864,-21156414#1,-79.1049,-1.9081,100.0000,default,10,rsu(503m),646,13127,0.0791,503,2.0268,3,4,-79.1049,-96.0946,direct,0.0500,20.8000,-87.9304
181.8,node[15],5,5602.7425,4189.9389,1.8950,13.2036,-0.3340,1.0864,-21156414#1,-82.8857,-5.0000,100.0000,default,10,rsu(503m),647,13153,0.0180,503,2.0242,2,2,-82.8857,-99.8754,direct,0.0500,20.8000,-87.9299
181.9,node[15],5,5603.3559,4188.7732,1.8950,13.1721,-0.3153,1.0864,-21156414#1,-81.1617,-5.0000,100.0000,default,10,rsu(504m),648,13179,0.0180,504,2.0217,2,2,-81.1617,-98.1514,direct,0.0500,20.8000,-87.9294
182,node[15],5,5603.9700,4187.6062,1.8950,13.1868,0.1468,1.0864,-21156414#1,-86.2632,-5.0000,100.0000,default,10,rsu(504m),649,13205,0.0180,504,2.0193,2,2,-86.2632,-103.2529,direct,0.0500,20.8000,-87.9289
182.1,node[15],5,5604.5854,4186.4366,1.8950,13.2157,0.2897,1.0864,-21156414#1,-75.8710,0.6927,100.0000,default,10,rsu(504m),650,13231,0.2398,504,2.0169,4,6,-75.8710,-92.8607,direct,0.0500,20.8000,-87.9284
182.2,node[15],5,5605.2037,4185.2615,1.8950,13.2782,0.6240,1.0864,-21156414#1,-85.4016,-5.0000,100.0000,default,11,rsu(504m),651,13258,0.0180,504,2.0152,2,2,-85.4016,-102.3913,direct,0.0500,21.2000,-87.7737
182.3,node[15],5,5605.8166,4184.0967,1.8950,13.1614,-1.1677,1.0864,-21156414#1,-74.9463,2.0452,100.0000,default,11,rsu(505m),652,13285,0.3829,505,2.0266,5,8,-74.9463,-91.9360,direct,0.0500,21.2000,-87.7729
182.4,node[15],5,5606.4307,4182.9296,1.8950,13.1879,0.2653,1.0864,-21156414#1,-75.8935,1.4662,100.0000,default,11,rsu(505m),653,13312,0.3172,505,2.0250,5,8,-75.8935,-92.8832,direct,0.0500,21.6000,-87.7722
182.5,node[15],5,5607.0458,4181.7606,1.8950,13.2087,0.2080,1.0864,-21156414#1,-83.0327,-4.5782,100.0000,default,11,rsu(505m),654,13339,0.0221,505,2.0236,2,2,-83.0327,-100.0224,direct,0.0500,21.6000,-87.7713
182.6,node[15],5,5607.6615,4180.5904,1.8950,13.2234,0.1470,1.0864,-21156414#1,-78.0050,-3.7072,100.0000,default,11,rsu(505m),655,13366,0.0338,505,2.0223,2,2,-78.0050,-94.9947,direct,0.0500,21.6000,-87.7705
182.7,node[15],5,5608.2761,4179.4225,1.8950,13.1967,-0.2667,1.0864,-21156414#1,-81.1914,-5.0000,100.0000,default,11,rsu(506m),656,13393,0.0180,506,2.0211,2,2,-81.1914,-98.1811,direct,0.0500,21.6000,-87.7697
182.8,node[15],5,5608.8923,4178.2513,1.8950,13.2340,0.3728,1.0864,-21156414#1,-79.9556,-1.2581,100.0000,default,11,rsu(506m),657,13420,0.1063,506,2.0199,3,4,-79.9556,-96.9453,direct,0.0500,21.6000,-87.7688
182.9,node[15],5,5609.5052,4177.0866,1.8950,13.1611,-0.7290,1.0864,-21156414#1,-72.0333,4.8206,100.0000,default,11,rsu(506m),658,13447,0.7131,506,2.0189,6,10,-72.0333,-89.0230,direct,0.0500,21.6000,-87.7680
183,node[15],5,5610.1191,4175.9198,1.8950,13.1836,0.2250,1.0864,-21156414#1,-78.6121,-3.0740,100.0000,default,11,rsu(506m),659,13474,0.0458,506,2.0180,2,2,-78.6121,-95.6018,direct,0.0500,21.6000,-87.7671
183.1,node[15],5,5610.7332,4174.7527,1.8950,13.1877,0.0408,1.0864,-21156414#1,-79.8783,-1.9628,100.0000,default,11,rsu(507m),660,13501,0.0772,507,2.0172,3,4,-79.8783,-96.8680,direct,0.0500,21.6000,-87.7662
183.2,node[15],5,5611.3479,4173.5846,1.8950,13.1996,0.1194,1.0864,-21156414#1,-81.3797,-5.0000,100.0000,default,11,rsu(507m),661,13528,0.0180,507,2.0166,2,2,-81.3797,-98.3694,direct,0.0500,21.6000,-87.7652
183.3,node[15],5,5611.9661,4172.4096,1.8950,13.2764,0.7680,1.0864,-21156414#1,-78.1423,-1.2700,100.0000,default,11,rsu(507m),662,13555,0.1057,507,2.0160,3,4,-78.1423,-95.1320,direct,0.0500,21.6000,-87.7643
183.4,node[15],5,5612.5817,4171.2398,1.8950,13.2191,-0.5732,1.0864,-21156414#1,-81.5747,-2.5696,100.0000,default,11,rsu(508m),663,13582,0.0582,508,2.0155,3,4,-81.5747,-98.5644,direct,0.0500,21.6000,-87.7633
183.5,node[15],5,5613.1954,4170.0733,1.8950,13.1803,-0.3882,1.0864,-21156414#1,-82.2430,-5.0000,100.0000,default,11,rsu(508m),664,13609,0.0180,508,2.0152,2,2,-82.2430,-99.2327,direct,0.0500,21.6000,-87.7623
183.6,node[15],5,5613.8102,4168.9048,1.8950,13.2034,0.2307,1.0864,-21156414#1,-72.7833,3.6968,100.0000,default,11,rsu(508m),665,13636,0.5862,508,2.0149,6,10,-72.7833,-89.7730,direct,0.0500,21.6000,-87.7614
183.7,node[15],5,5614.4268,4167.7331,1.8950,13.2402,0.3687,1.0864,-21156414#1,-77.1976,-0.2230,100.0000,default,11,rsu(508m),666,13663,0.1664,508,2.0148,4,6,-77.1976,-94.1873,direct,0.0500,21.6000,-87.7603
183.8,node[15],5,5615.0400,4166.5677,1.8950,13.1681,-0.7219,1.0864,-21156414#1,-84.2949,-5.0000,100.0000,default,11,rsu(509m),667,13690,0.0180,509,2.0147,2,2,-84.2949,-101.2846,direct,0.0500,21.6000,-87.7593
183.9,node[15],5,5615.6561,4165.3968,1.8950,13.2313,0.6319,1.0864,-21156414#1,-75.3312,1.8639,100.0000,default,11,rsu(509m),668,13717,0.3617,509,2.0148,5,8,-75.3312,-92.3209,direct,0.0500,21.6000,-87.7583
184,node[15],5,5616.2729,4164.2246,1.8950,13.2457,0.1450,1.0864,-21156414#1,-78.7228,-1.2575,100.0000,default,11,rsu(509m),669,13744,0.1063,509,2.0150,3,4,-78.7228,-95.7125,direct,0.0500,21.6000,-87.7573
184.1,node[15],5,5616.8870,4163.0575,1.8950,13.1871,-0.5868,1.0864,-21156414#1,-82.3168,-2.9383,100.0000,default,11,rsu(510m),670,13771,0.0488,510,2.0152,3,4,-82.3168,-99.3065,direct,0.0500,21.6000,-87.7563
184.2,node[15],5,5617.5016,4161.8894,1.8950,13.1991,0.1207,1.0864,-21156414#1,-74.7795,-0.2805,100.0000,default,11,rsu(510m),671,13798,0.1624,510,2.0156,4,6,-74.7795,-91.7692,direct,0.0500,21.6000,-87.7552
184.3,node[15],5,5618.1146,4160.7245,1.8950,13.1625,-0.3661,1.0864,-21156414#1,-78.5026,0.6289,100.0000,default,11,rsu(510m),672,13825,0.2341,510,2.0161,4,6,-78.5026,-95.4923,direct,0.0500,21.6000,-87.7542
184.4,node[15],5,5618.7312,4159.5526,1.8950,13.2424,0.7988,1.0864,-21156414#1,-84.5703,-5.0000,100.0000,default,11,rsu(511m),673,13852,0.0180,511,2.0167,2,2,-84.5703,-101.5600,direct,0.0500,21.6000,-87.7531
184.5,node[15],5,5619.3485,4158.3794,1.8950,13.2569,0.1447,1.0864,-21156414#1,-85.4112,-5.0000,100.0000,default,11,rsu(511m),674,13879,0.0180,511,2.0174,2,2,-85.4112,-102.4009,direct,0.0500,21.6000,-87.7521
184.6,node[15],5,5619.9659,4157.2061,1.8950,13.2576,0.0067,1.0864,-21156414#1,-80.0001,-0.9175,100.0000,default,11,rsu(511m),675,13906,0.1236,511,2.0182,4,6,-80.0001,-96.9898,direct,0.0500,21.6000,-87.7511
184.7,node[15],5,5620.5838,4156.0317,1.8950,13.2706,0.1302,1.0864,-21156414#1,-75.9340,2.9805,100.0000,default,11,rsu(512m),676,13933,0.4976,512,2.0191,5,8,-75.9340,-92.9237,direct,0.0500,21.6000,-87.7501
184.8,node[15],5,5621.1978,4154.8649,1.8950,13.1838,-0.8677,1.0864,-21156414#1,-83.8942,-5.0000,100.0000,default,11,rsu(512m),677,13960,0.0180,512,2.0201,2,2,-83.8942,-100.8839,direct,0.0500,21.6000,-87.7491
184.9,node[15],5,5621.8122,4153.6972,1.8950,13.1954,0.1157,1.0864,-21156414#1,-78.6544,0.2220,100.0000,default,11,rsu(512m),678,13987,0.1996,512,2.0212,4,6,-78.6544,-95.6441,direct,0.0500,21.6000,-87.7481
185,node[15],5,5622.4295,4152.5240,1.8950,13.2558,0.6045,1.0864,-21156414#1,-89.2554,-5.0000,100.0000,default,11,rsu(513m),679,14014,0.0180,513,2.0224,2,2,-89.2554,-106.2451,direct,0.0500,21.6000,-87.7471
185.1,node[15],5,5623.0477,4151.3492,1.8950,13.2753,0.1950,1.0864,-21156414#1,-75.4380,-0.5044,100.0000,default,11,rsu(513m),680,14041,0.1478,513,2.0237,4,6,-75.4380,-92.4277,direct,0.0500,21.6000,-87.7461
185.2,node[15],5,5623.6634,4150.1791,1.8950,13.2220,-0.5332,1.0864,-21156414#1,-82.5236,-5.0000,100.0000,default,11,rsu(513m),681,14068,0.0180,513,2.0251,2,2,-82.5236,-99.5133,direct,0.0500,21.6000,-87.7452
185.3,node[15],5,5624.2761,4149.0145,1.8950,13.1586,-0.6342,1.0864,-21156414#1,-78.4419,0.9126,100.0000,default,11,rsu(514m),682,14095,0.2604,514,2.0265,4,6,-78.4419,-95.4316,direct,0.0500,21.6000,-87.7442
185.4,node[15],5,5624.8911,4147.8458,1.8950,13.2065,0.4796,1.0864,-21156414#1,-83.3486,-5.0000,100.0000,default,11,rsu(514m),683,14122,0.0180,514,2.0151,2,2,-83.3486,-100.3383,direct,0.0500,21.6000,-87.7432
185.5,node[15],5,5625.5050,4146.6791,1.8950,13.1829,-0.2359,1.0864,-21156414#1,-80.2494,-1.6850,100.0000,default,11,rsu(514m),684,14149,0.0877,514,2.0168,3,4,-80.2494,-97.2391,direct,0.0500,21.6000,-87.7422
185.6,node[15],5,5626.1188,4145.5126,1.8950,13.1808,-0.0217,1.0864,-21156414#1,-75.3589,2.8602,100.0000,default,11,rsu(515m),685,14176,0.4825,515,2.0186,5,8,-75.3589,-92.3486,direct,0.0500,21.6000,-87.7412
185.7,node[15],5,5626.7327,4144.3458,1.8950,13.1850,0.0420,1.0864,-21156414#1,-82.5586,-3.7808,100.0000,default,11,rsu(515m),686,14203,0.0326,515,2.0204,2,2,-82.5586,-99.5483,direct,0.0500,21.6000,-87.7402
185.8,node[15],5,5627.3503,4143.1721,1.8950,13.2622,0.7725,1.0864,-21156414#1,-82.6402,-4.8297,100.0000,default,11,rsu(515m),687,14230,0.0196,515,2.0224,2,2,-82.6402,-99.6299,direct,0.0500,21.6000,-87.7391
185.9,node[15],5,5627.9663,4142.0014,1.8950,13.2288,-0.3340,1.0864,-21156414#1,-85.7212,-5.0000,100.0000,default,11,rsu(516m),688,14257,0.0180,516,2.0244,2,2,-85.7212,-102.7109,direct,0.0500,21.6000,-87.7381
186,node[15],5,5628.5823,4140.8308,1.8950,13.2273,-0.0149,1.0864,-21156414#1,-83.9034,-5.0000,100.0000,default,11,rsu(516m),689,14284,0.0180,516,2.0266,2,2,-83.9034,-100.8931,direct,0.0500,21.6000,-87.7370
186.1,node[15],5,5629.1953,4139.6656,1.8950,13.1654,-0.6192,1.0864,-21156414#1,-79.8318,-0.7727,100.0000,default,11,rsu(517m),690,14311,0.1317,517,2.0158,4,6,-79.8318,-96.8215,direct,0.0500,21.6000,-87.7360
186.2,node[15],5,5629.8102,4138.4971,1.8950,13.2038,0.3846,1.0864,-21156414#1,-73.6313,5.1163,100.0000,default,11,rsu(517m),691,14338,0.7423,517,2.0147,7,12,-73.6313,-90.6210,direct,0.0500,21.6000,-87.7349
186.3,node[15],5,5630.4281,4137.3228,1.8950,13.2697,0.6581,1.0864,-21156414#1,-79.3729,-2.1315,100.0000,default,11,rsu(517m),692,14365,0.0714,517,2.0267,3,4,-79.3729,-96.3626,direct,0.0500,21.6000,-87.7338
186.4,node[15],5,5631.0426,4136.1550,1.8950,13.1955,-0.7417,1.0864,-21156414#1,-90.0713,-5.0000,100.0000,default,11,rsu(518m),693,14392,0.0180,518,2.0257,2,2,-90.0713,-107.0610,direct,0.0500,21.6000,-87.7327
186.5,node[15],5,5631.6596,4134.9823,1.8950,13.2514,0.5594,1.0864,-21156414#1,-80.2372,-2.2713,100.0000,default,11,rsu(518m),694,14419,0.0669,518,2.0249,3,4,-80.2372,-97.2269,direct,0.0500,21.6000,-87.7315
186.6,node[15],5,5632.2781,4133.8069,1.8950,13.2809,0.2943,1.0864,-21156414#1,-79.1811,-5.0000,100.0000,default,11,rsu(518m),695,14446,0.0180,518,2.0241,2,2,-79.1811,-96.1708,direct,0.0500,21.6000,-87.7304
186.7,node[15],5,5632.8946,4132.6352,1.8950,13.2396,-0.4127,1.0864,-21156414#1,-77.2070,1.7443,100.0000,default,11,rsu(519m),696,14473,0.3480,519,2.0235,5,8,-77.2070,-94.1967,direct,0.0500,21.6000,-87.7292
186.8,node[15],5,5633.5123,4131.4613,1.8950,13.2644,0.2482,1.0864,-21156414#1,-86.1338,-5.0000,100.0000,default,11,rsu(519m),697,14500,0.0180,519,2.0229,2,2,-86.1338,-103.1235,direct,0.0500,21.6000,-87.7281
186.9,node[15],5,5634.1262,4130.2946,1.8950,13.1842,-0.8017,1.0864,-21156414#1,-84.7869,-5.0000,100.0000,default,11,rsu(520m),698,14528,0.0180,520,2.0224,2,2,-84.7869,-101.7766,direct,0.0500,21.6000,-87.7269
187,node[15],5,5634.7415,4129.1251,1.8950,13.2140,0.2971,1.0864,-21156414#1,-78.8564,0.3275,100.0000,default,11,rsu(520m),699,14556,0.2081,520,2.0220,4,6,-78.8564,-95.8461,direct,0.0500,22.4000,-87.7256
187.1,node[15],5,5635.3593,4127.9511,1.8950,13.2662,0.5226,1.0864,-21156414#1,-81.7759,-5.0000,100.0000,default,11,rsu(520m),700,14584,0.0180,520,2.0217,2,2,-81.7759,-98.7656,direct,0.0500,22.4000,-87.7244
187.2,node[15],5,5635.9751,4126.7808,1.8950,13.2239,-0.4235,1.0864,-21156414#1,-84.1448,-5.0000,100.0000,default,11,rsu(521m),701,14612,0.0180,521,2.0226,2,2,-84.1448,-101.1345,direct,0.0500,22.4000,-87.7231
187.3,node[15],5,5636.5922,4125.6080,1.8950,13.2517,0.2789,1.0864,-21156414#1,-77.3647,0.8620,100.0000,default,11,rsu(521m),702,14640,0.2556,521,2.0235,4,6,-77.3647,-94.3544,direct,0.0500,22.4000,-87.7219
187.4,node[15],5,5637.2060,4124.4415,1.8950,13.1811,-0.7060,1.0864,-21156414#1,-83.7989,-5.0000,100.0000,default,11,rsu(522m),703,14668,0.0180,522,2.0246,2,2,-83.7989,-100.7886,direct,0.0500,22.4000,-87.7206
187.5,node[15],5,5637.8211,4123.2724,1.8950,13.2101,0.2898,1.0864,-21156414#1,-82.4336,-5.0000,100.0000,default,11,rsu(522m),704,14696,0.0180,522,2.0257,2,2,-82.4336,-99.4233,direct,0.0500,22.4000,-87.7192
187.6,node[15],5,5638.4394,4122.0975,1.8950,13.2769,0.6674,1.0864,-21156414#1,-81.7605,-5.0000,100.0000,default,11,rsu(523m),705,14724,0.0180,523,2.0269,2,2,-81.7605,-98.7502,direct,0.0500,22.4000,-87.7179
187.7,node[15],5,5639.0528,4120.9317,1.8950,13.1729,-1.0395,1.0864,-21156414#1,-81.6093,-5.0000,100.0000,default,11,rsu(523m),706,14752,0.0180,523,2.0152,2,2,-81.6093,-98.5990,direct,0.0500,22.4000,-87.7165
187.8,node[15],5,5639.6681,4119.7623,1.8950,13.2140,0.4113,1.0864,-21156414#1,-78.2702,0.7898,100.0000,default,11,rsu(523m),707,14780,0.2488,523,2.0165,4,6,-78.2702,-95.2599,direct,0.0500,22.4000,-87.7151
187.9,node[15],5,5640.2864,4118.5873,1.8950,13.2770,0.6298,1.0864,-21156414#1,-84.1082,-5.0000,100.0000,default,11,rsu(524m),708,14808,0.0180,524,2.0179,2,2,-84.1082,-101.0979,direct,0.0500,22.4000,-87.7137
188,node[15],5,5640.9048,4117.4120,1.8950,13.2794,0.0239,1.0864,-21156414#1,-80.3167,-2.6245,100.0000,default,11,rsu(524m),709,14836,0.0567,524,2.0194,3,4,-80.3167,-97.3064,direct,0.0500,22.4000,-87.7123
188.1,node[15],5,5641.5203,4116.2421,1.8950,13.2196,-0.5984,1.0864,-21156414#1,-90.1669,-5.0000,100.0000,default,11,rsu(525m),710,14864,0.0180,525,2.0209,2,2,-90.1669,-107.1566,direct,0.0500,22.4000,-87.7108
188.2,node[15],5,5642.1333,4115.0772,1.8950,13.1637,-0.5582,1.0864,-21156414#1,-82.5592,-5.0000,100.0000,default,11,rsu(525m),711,14892,0.0180,525,2.0225,2,2,-82.5592,-99.5489,direct,0.0500,22.4000,-87.7093
188.3,node[15],5,5642.7478,4113.9093,1.8950,13.1961,0.3232,1.0864,-21156414#1,-76.2370,0.6176,100.0000,default,11,rsu(526m),712,14920,0.2330,526,2.0242,4,6,-76.2370,-93.2267,direct,0.0500,22.4000,-87.7078
188.4,node[15],5,5643.3627,4112.7407,1.8950,13.2051,0.0905,1.0864,-21156414#1,-79.0719,-3.9333,100.0000,default,11,rsu(526m),713,14948,0.0303,526,2.0260,2,2,-79.0719,-96.0616,direct,0.0500,22.4000,-87.7062
188.5,node[15],5,5643.9779,4111.5715,1.8950,13.2116,0.0648,1.0864,-21156414#1,-72.1996,4.9930,100.0000,default,11,rsu(526m),714,14976,0.7304,526,2.0148,6,10,-72.1996,-89.1893,direct,0.0500,22.4000,-87.7047
188.6,node[15],5,5644.5911,4110.4061,1.8950,13.1682,-0.4343,1.0864,-21156414#1,-75.6261,1.9565,100.0000,default,11,rsu(527m),715,15004,0.3724,527,2.0167,5,8,-75.6261,-92.6158,direct,0.0500,22.4000,-87.7031
188.7,node[15],5,5645.2071,4109.2354,1.8950,13.2282,0.6004,1.0864,-21156414#1,-89.1523,-5.0000,100.0000,default,11,rsu(527m),716,15033,0.0180,527,2.0187,2,2,-89.1523,-106.1420,direct,0.0500,22.4000,-87.7014
188.8,node[15],5,5645.8208,4108.0692,1.8950,13.1779,-0.5032,1.0864,-21156414#1,-84.0298,-5.0000,100.0000,default,11,rsu(528m),717,15062,0.0180,528,2.0207,2,2,-84.0298,-101.0195,direct,0.0500,23.2000,-87.6997
188.9,node[15],5,5646.4335,4106.9046,1.8950,13.1590,-0.1888,1.0864,-21156414#1,-87.1687,-5.0000,100.0000,default,11,rsu(528m),718,15091,0.0180,528,2.0229,2,2,-87.1687,-104.1584,direct,0.0500,23.2000,-87.6981
189,node[15],5,5647.0479,4105.7371,1.8950,13.1926,0.3354,1.0864,-21156414#1,-79.5296,-4.2300,100.0000,default,12,rsu(529m),719,15121,0.0262,529,2.0250,2,2,-79.5296,-96.5193,direct,0.0500,23.6000,-87.6840
189.1,node[15],5,5647.6613,4104.5712,1.8950,13.1739,-0.1864,1.0864,-21156414#1,-79.4126,-1.2861,100.0000,default,12,rsu(529m),720,15151,0.1050,529,2.0273,3,4,-79.4126,-96.4023,direct,0.0500,23.6000,-87.6822
189.2,node[15],5,5648.2757,4103.4037,1.8950,13.1931,0.1913,1.0864,-21156414#1,-77.1304,1.7454,100.0000,default,12,rsu(530m),721,15181,0.3481,530,2.0166,5,8,-77.1304,-94.1201,direct,0.0500,24.0000,-87.6804
189.3,node[15],5,5648.8942,4102.2281,1.8950,13.2830,0.8992,1.0864,-21156414#1,-87.2568,-5.0000,100.0000,default,12,rsu(530m),722,15211,0.0180,530,2.0190,2,2,-87.2568,-104.2465,direct,0.0500,24.0000,-87.6786
189.4,node[15],5,5649.5077,4101.0622,1.8950,13.1744,-1.0854,1.0864,-21156414#1,-81.4059,-5.0000,100.0000,default,12,rsu(531m),723,15240,0.0180,531,2.0214,2,2,-81.4059,-98.3956,direct,0.0500,23.6000,-87.6767
189.5,node[15],5,5650.1210,4099.8967,1.8950,13.1694,-0.0501,1.0864,-21156414#1,-82.4719,-5.0000,100.0000,default,12,rsu(531m),724,15270,0.0180,531,2.0239,2,2,-82.4719,-99.4616,direct,0.0500,23.6000,-87.6748
189.6,node[15],5,5650.7361,4098.7278,1.8950,13.2092,0.3975,1.0864,-21156414#1,-74.8549,0.7210,100.0000,default,12,rsu(531m),725,15300,0.2424,531,2.0265,4,6,-74.8549,-91.8446,direct,0.0500,24.0000,-87.6728
189.7,node[15],5,5651.3490,4097.5628,1.8950,13.1631,-0.4608,1.0864,-21156414#1,-81.9876,-4.8797,100.0000,default,12,rsu(532m),726,15329,0.0191,532,2.0161,2,2,-81.9876,-98.9773,direct,0.0500,24.0000,-87.6708
189.8,node[15],5,5651.9664,4096.3895,1.8950,13.2579,0.9478,1.0864,-21156414#1,-82.5279,-5.0000,100.0000,default,12,rsu(532m),727,15359,0.0180,532,2.0188,2,2,-82.5279,-99.5176,direct,0.0500,23.6000,-87.6687
189.9,node[15],5,5652.5849,4095.2141,1.8950,13.2813,0.2342,1.0864,-21156414#1,-86.5077,-5.0000,100.0000,default,12,rsu(533m),728,15388,0.0180,533,2.0216,2,2,-86.5077,-103.4974,direct,0.0500,23.6000,-87.6666
190,node[15],5,5653.2009,4094.0434,1.8950,13.2291,-0.5222,1.0864,-21156414#1,-77.6751,1.0724,100.0000,default,12,rsu(533m),729,15418,0.2761,533,2.0245,5,8,-77.6751,-94.6648,direct,0.0500,23.6000,-87.6645
190.1,node[15],5,5653.8178,4092.8709,1.8950,13.2486,0.1954,1.0864,-21156414#1,-80.1059,-1.8531,100.0000,default,12,rsu(534m),730,15448,0.0812,534,2.0274,3,4,-80.1059,-97.0956,direct,0.0500,23.6000,-87.6623
190.2,node[15],5,5654.4340,4091.6998,1.8950,13.2328,-0.1580,1.0864,-21156414#1,-77.2559,1.3181,100.0000,default,12,rsu(534m),731,15478,0.3013,534,2.0174,5,8,-77.2559,-94.2456,direct,0.0500,24.0000,-87.6600
190.3,node[15],5,5655.0418,4090.5448,1.8950,13.0509,-1.8197,1.0864,-21156414#1,-75.9933,3.2867,100.0000,default,12,rsu(535m),732,15508,0.5358,535,2.0204,6,10,-75.9933,-92.9830,direct,0.0500,24.0000,-87.6577
190.4,node[15],5,5655.6285,4089.4297,1.8950,12.6009,-4.5000,1.0864,-21156414#1,-85.3404,-5.0000,100.0000,default,12,rsu(535m),733,15538,0.0180,535,2.0235,2,2,-85.3404,-102.3301,direct,0.0500,24.0000,-87.6554
190.5,node[15],5,5656.1944,4088.3543,1.8950,12.1509,-4.5000,1.0864,-21156414#1,-78.5703,-3.3523,100.0000,default,12,rsu(536m),734,15567,0.0401,536,2.0267,2,2,-78.5703,-95.5600,direct,0.0500,24.0000,-87.6530
190.6,node[15],5,5656.7392,4087.3188,1.8950,11.7009,-4.5000,1.0864,-21156414#1,-78.2236,1.0389,100.0000,default,12,rsu(536m),735,15597,0.2728,536,2.0169,5,8,-78.2236,-95.2133,direct,0.0500,23.6000,-87.6505
190.7,node[15],5,5657.2631,4086.3231,1.8950,11.2509,-4.5000,1.0864,-21156414#1,-87.9545,-5.0000,100.0000,default,12,rsu(537m),736,15626,0.0180,537,2.0202,2,2,-87.9545,-104.9442,direct,0.0500,23.6000,-87.6479
190.8,node[15],5,5657.7661,4085.3673,1.8950,10.8009,-4.5000,1.0864,-21156414#1,-79.2024,-4.0792,100.0000,default,12,rsu(537m),737,15656,0.0282,537,2.0236,2,2,-79.2024,-96.1921,direct,0.0500,23.6000,-87.6452
190.9,node[15],5,5658.2481,4084.4512,1.8950,10.3509,-4.5000,1.0864,-21156414#1,-75.3735,1.4889,100.0000,default,12,rsu(538m),738,15686,0.3196,538,2.0270,5,8,-75.3735,-92.3632,direct,0.0500,23.6000,-87.6425
191,node[15],5,5658.7091,4083.5750,1.8950,9.9009,-4.5000,1.0864,-21156414#1,-79.9726,-0.6591,100.0000,default,12,rsu(538m),739,15716,0.1383,538,2.0175,4,6,-79.9726,-96.9623,direct,0.0500,24.0000,-87.6398
191.1,node[15],5,5659.1492,4082.7386,1.8950,9.4509,-4.5000,1.0864,-21156414#1,-82.4503,-3.6329,100.0000,default,12,rsu(538m),740,15746,0.0350,538,2.0210,2,2,-82.4503,-99.4400,direct,0.0500,24.0000,-87.6369
191.2,node[15],5,5659.5684,4081.9421,1.8950,9.0009,-4.5000,1.0864,-21156414#1,-82.4242,-5.0000,100.0000,default,12,rsu(539m),741,15775,0.0180,539,2.0247,2,2,-82.4242,-99.4139,direct,0.0500,23.6000,-87.6339
191.3,node[15],5,5659.9665,4081.1853,1.8950,8.5509,-4.5000,1.0864,-21156414#1,-96.1607,-5.0000,100.0000,default,12,rsu(539m),742,15805,0.0180,539,2.0153,2,2,-96.1607,-113.1504,direct,0.0500,23.6000,-87.6309
191.4,node[15],5,5660.3438,4080.4684,1.8950,8.1009,-4.5000,1.0864,-21156414#1,-78.3165,-2.6309,100.0000,default,12,rsu(539m),743,15834,0.0565,539,2.0191,3,4,-78.3165,-95.3062,direct,0.0500,23.6000,-87.6278
191.5,node[15],5,5660.7000,4079.7913,1.8950,7.6509,-4.5000,1.0864,-21156414#1,-83.6368,-5.0000,100.0000,default,12,rsu(540m),744,15863,0.0180,540,2.0229,2,2,-83.6368,-100.6265,direct,0.0500,23.6000,-87.6247
191.6,node[15],5,5661.0354,4079.1541,1.8950,7.2009,-4.5000,1.0864,-21156414#1,-74.5002,1.3499,100.0000,default,12,rsu(540m),745,15893,0.3047,540,2.0268,5,8,-74.5002,-91.4899,direct,0.0500,23.6000,-87.6214
191.7,node[15],5,5661.3497,4078.5566,1.8950,6.7509,-4.5000,1.0864,-21156414#1,-79.9178,-3.9039,100.0000,default,12,rsu(540m),746,15923,0.0307,540,2.0177,2,2,-79.9178,-96.9075,direct,0.0500,23.6000,-87.6181
191.8,node[15],5,5661.6431,4077.9990,1.8950,6.3009,-4.5000,1.0864,-21156414#1,-81.4606,-2.5981,100.0000,default,12,rsu(540m),747,15952,0.0574,540,2.0217,3,4,-81.4606,-98.4503,direct,0.0500,23.6000,-87.6147
191.9,node[15],2,5661.9486,4077.4184,1.8950,6.5609,2.6000,1.0864,-21156414#1,-74.8663,1.2556,100.0000,default,13,rsu(541m),748,15982,0.2948,541,2.0257,5,8,-74.8663,-91.8560,direct,0.0500,23.6000,-87.5991
192,node[15],2,5662.2663,4076.8147,1.8950,6.8209,2.6000,1.0864,-21156414#1,-80.7360,-2.6739,100.0000,default,13,rsu(541m),749,16013,0.0554,541,2.0168,3,4,-80.7360,-97.7257,direct,0.0500,24.4000,-87.5955
192.1,node[15],2,5662.5960,4076.1881,1.8950,7.0809,2.6000,1.0864,-21156414#1,-78.7970,-0.6583,100.0000,default,13,rsu(541m),750,16044,0.1383,541,2.0210,4,6,-78.7970,-95.7867,direct,0.0500,24.4000,-87.5919
192.2,node[15],2,5662.9378,4075.5384,1.8950,7.3409,2.6000,1.0864,-21156414#1,-89.2789,-5.0000,100.0000,default,13,rsu(542m),751,16075,0.0180,542,2.0252,2,2,-89.2789,-106.2686,direct,0.0500,24.8000,-87.5883
192.3,node[15],2,5663.2918,4074.8658,1.8950,7.6009,2.6000,1.0864,-21156414#1,-77.6150,-2.9108,100.0000,default,13,rsu(542m),752,16106,0.0495,542,2.0165,3,4,-77.6150,-94.6047,direct,0.0500,24.8000,-87.5846
192.4,node[15],2,5663.6534,4074.1792,1.8950,7.7598,1.5895,1.0864,:227555796_9,-75.6459,0.4082,100.0000,default,13,rsu(542m),753,16137,0.2149,542,2.0208,4,6,-75.6459,-92.6356,direct,0.0500,24.8000,-87.5808
192.5,node[15],2,5664.0243,4073.4787,1.8950,7.9301,1.7027,1.0860,:227555796_9,-84.6204,-5.0000,100.0000,default,13,rsu(542m),754,16167,0.0180,542,2.0252,2,2,-84.6204,-101.6101,direct,0.0500,24.8000,-87.5769
192.6,node[15],2,5664.4015,4072.7663,1.8950,8.0634,1.3336,1.0855,:227555796_9,-75.8369,-1.3665,100.0000,default,13,rsu(543m),755,16198,0.1013,543,2.0167,3,4,-75.8369,-92.8266,direct,0.0500,24.4000,-87.5730
192.7,node[15],2,5664.7893,4072.0340,1.8950,8.2903,2.2686,1.0851,:227555796_9,-84.9267,-5.0000,100.0000,default,13,rsu(543m),756,16229,0.0180,543,2.0212,2,2,-84.9267,-101.9164,direct,0.0500,24.4000,-87.5690
192.8,node[15],2,5665.1890,4071.2791,1.8950,8.5451,2.5483,1.0847,:227555796_9,-83.4044,-5.0000,100.0000,default,13,rsu(543m),757,16260,0.0180,543,2.0257,2,2,-83.4044,-100.3941,direct,0.0500,24.8000,-87.5649
192.9,node[15],2,5665.5977,4070.5073,1.8950,8.7366,1.9149,1.0842,:227555796_9,-78.7711,-2.0327,100.0000,default,13,rsu(544m),758,16291,0.0747,544,2.0173,3,4,-78.7711,-95.7608,direct,0.0500,24.8000,-87.5607
193,node[15],2,5666.0151,4069.7190,1.8950,8.9234,1.8677,1.0838,:227555796_9,-76.1377,1.4762,100.0000,default,13,rsu(544m),759,16321,0.3182,544,2.0220,5,8,-76.1377,-93.1274,direct,0.0500,24.4000,-87.5561
193.1,node[15],2,5666.4430,4068.9108,1.8950,9.1492,2.2584,1.0838,:227555796_9,-85.3309,-5.0000,100.0000,default,13,rsu(545m),760,16352,0.0180,545,2.0267,2,2,-85.3309,-102.3206,direct,0.0500,24.4000,-87.5515
193.2,node[15],2,5666.8806,4068.0844,1.8950,9.3547,2.0551,1.0838,:227555796_9,-97.6266,-5.0000,100.0000,default,13,rsu(545m),761,16383,0.0180,545,2.0185,2,2,-97.6266,-114.6163,direct,0.0500,24.8000,-87.5467
193.3,node[15],2,5667.3245,4067.2461,1.8950,9.4895,1.3474,1.0838,:227555796_9,-77.9388,-0.0370,100.0000,default,13,rsu(545m),762,16414,0.1797,545,2.0233,4,6,-77.9388,-94.9285,direct,0.0500,24.8000,-87.5419
193.4,node[15],2,5667.7763,4066.3928,1.8950,9.6588,1.6928,1.0838,:227555796_9,-79.7528,-5.0000,100.0000,default,13,rsu(546m),763,16445,0.0180,546,2.0152,2,2,-79.7528,-96.7425,direct,0.0500,24.8000,-87.5370
193.5,node[15],2,5668.2380,4065.5208,1.8950,9.8704,2.1166,1.0838,:227555796_9,-90.1618,-5.0000,100.0000,default,13,rsu(546m),764,16476,0.0180,546,2.0201,2,2,-90.1618,-107.1515,direct,0.0500,24.8000,-87.5320
193.6,node[15],2,5668.7086,4064.6322,1.8950,10.0598,1.8941,1.0838,:227555796_9,-84.3517,-5.0000,100.0000,default,13,rsu(547m),765,16507,0.0180,547,2.0251,2,2,-84.3517,-101.3414,direct,0.0500,24.8000,-87.5270
193.7,node[15],2,5669.1852,4063.7319,1.8950,10.1906,1.3081,1.0838,:227555796_9,-81.1986,-5.0000,100.0000,default,13,rsu(547m),766,16538,0.0180,547,2.0171,2,2,-81.1986,-98.1883,direct,0.0500,24.8000,-87.5218
193.8,node[15],2,5669.6693,4062.8178,1.8950,10.3480,1.5736,1.0838,:227555796_9,-82.3703,-5.0000,100.0000,default,13,rsu(547m),767,16569,0.0180,547,2.0221,2,2,-82.3703,-99.3600,direct,0.0500,24.8000,-87.5166
193.9,node[15],2,5670.1651,4061.8814,1.8950,10.5992,2.5121,1.0838,:227555796_9,-88.1168,-5.0000,100.0000,default,13,rsu(548m),768,16600,0.0180,548,2.0273,2,2,-88.1168,-105.1065,direct,0.0500,24.8000,-87.5113
194,node[15],2,5670.6703,4060.9306,1.8950,10.7692,1.6998,1.0835,-21156414#0,-79.0246,-0.4854,100.0000,default,13,rsu(548m),769,16630,0.1490,548,2.0194,4,6,-79.0246,-96.0143,direct,0.0500,24.4000,-87.5058
194.1,node[15],2,5671.1889,4059.9578,1.8950,11.0248,2.5559,1.0829,-21156414#0,-84.1078,-5.0000,100.0000,default,13,rsu(549m),770,16660,0.0180,549,2.0246,2,2,-84.1078,-101.0975,direct,0.0500,24.4000,-87.5004
194.2,node[15],2,5671.7152,4058.9708,1.8950,11.1848,1.6003,1.0823,-21156414#0,-85.3645,-5.0000,100.0000,default,13,rsu(549m),771,16690,0.0180,549,2.0168,2,2,-85.3645,-102.3542,direct,0.0500,24.0000,-87.4948
194.3,node[15],2,5672.2475,4057.9723,1.8950,11.3156,1.3078,1.0816,-21156414#0,-79.7558,-0.3982,100.0000,default,13,rsu(550m),772,16721,0.1546,550,2.0221,4,6,-79.7558,-96.7455,direct,0.0500,24.0000,-87.4891
194.4,node[15],2,5672.7870,4056.9606,1.8950,11.4657,1.5007,1.0810,-21156414#0,-81.3089,-1.9611,100.0000,default,13,rsu(550m),773,16752,0.0772,550,2.0145,3,4,-81.3089,-98.2986,direct,0.0500,24.8000,-87.4833
194.5,node[15],2,5673.3333,4055.9358,1.8950,11.6132,1.4759,1.0810,-21156414#0,-82.8090,-5.0000,100.0000,default,13,rsu(551m),774,16783,0.0180,551,2.0198,2,2,-82.8090,-99.7987,direct,0.0500,24.8000,-87.4774
194.6,node[15],2,5673.8896,4054.8925,1.8950,11.8238,2.1053,1.0810,-21156414#0,-74.5992,3.5066,100.0000,default,13,rsu(551m),775,16814,0.5630,551,2.0252,6,10,-74.5992,-91.5889,direct,0.0500,24.8000,-87.4714
194.7,node[15],2,5674.4557,4053.8308,1.8950,12.0322,2.0843,1.0810,-21156414#0,-82.8509,-5.0000,100.0000,default,13,rsu(552m),776,16845,0.0180,552,2.0177,2,2,-82.8509,-99.8406,direct,0.0500,24.8000,-87.4654
194.8,node[15],2,5675.0300,4052.7536,1.8950,12.2078,1.7559,1.0810,-21156414#0,-78.7219,-3.6872,100.0000,default,13,rsu(552m),777,16876,0.0341,552,2.0232,2,2,-78.7219,-95.7116,direct,0.0500,24.8000,-87.4592
194.9,node[15],2,5675.6164,4051.6538,1.8950,12.4637,2.5588,1.0810,-21156414#0,-84.1916,-5.0000,100.0000,default,13,rsu(553m),778,16907,0.0180,553,2.0157,2,2,-84.1916,-101.1813,direct,0.0500,24.8000,-87.4529
195,node[15],2,5676.2111,4050.5384,1.8950,12.6403,1.7662,1.0810,-21156414#0,-82.9594,-4.3248,100.0000,default,13,rsu(553m),779,16938,0.0250,553,2.0213,2,2,-82.9594,-99.9491,direct,0.0500,24.8000,-87.4465
195.1,node[15],2,5676.8125,4049.4103,1.8950,12.7838,1.4350,1.0810,-21156414#0,-78.8441,-1.7684,100.0000,default,13,rsu(554m),780,16968,0.0844,554,2.0269,3,4,-78.8441,-95.8338,direct,0.0500,24.8000,-87.4401
195.2,node[15],2,5677.4219,4048.2675,1.8950,12.9516,1.6780,1.0810,-21156414#0,-74.0864,1.7591,100.0000,default,13,rsu(555m),781,16999,0.3497,555,2.0195,5,8,-74.0864,-91.0761,direct,0.0500,24.4000,-87.4335
195.3,node[15],2,5678.0414,4047.1055,1.8950,13.1684,2.1682,1.0810,-21156414#0,-84.1825,-5.0000,100.0000,default,13,rsu(555m),782,17029,0.0180,555,2.0252,2,2,-84.1825,-101.1722,direct,0.0500,24.4000,-87.4268
195.4,node[15],2,5678.6620,4045.9415,1.8950,13.1917,0.2328,1.0810,-21156414#0,-75.3372,-0.8400,100.0000,default,13,rsu(556m),783,17059,0.1279,556,2.0179,4,6,-75.3372,-92.3269,direct,0.0500,24.0000,-87.4200
195.5,node[15],2,5679.2860,4044.7712,1.8950,13.2623,0.7055,1.0810,-21156414#0,-86.3530,-5.0000,100.0000,default,13,rsu(556m),784,17090,0.0180,556,2.0237,2,2,-86.3530,-103.3427,direct,0.0500,24.0000,-87.4131
195.6,node[15],2,5679.9082,4043.6041,1.8950,13.2263,-0.3598,1.0810,-21156414#0,-84.6226,-5.0000,100.0000,default,13,rsu(557m),785,17121,0.0180,557,2.0165,2,2,-84.6226,-101.6123,direct,0.0500,24.8000,-87.4060
195.7,node[15],2,5680.5290,4042.4398,1.8950,13.1946,-0.3166,1.0810,-21156414#0,-88.5491,-5.0000,100.0000,default,13,rsu(558m),786,17151,0.0180,558,2.0223,2,2,-88.5491,-105.5388,direct,0.0500,24.8000,-87.3988
195.8,node[15],2,5681.1491,4041.2767,1.8950,13.1811,-0.1352,1.0810,-21156414#0,-81.5856,-2.3683,100.0000,default,13,rsu(558m),787,17182,0.0639,558,2.0151,3,4,-81.5856,-98.5753,direct,0.0500,24.4000,-87.3915
195.9,node[15],2,5681.7711,4040.1102,1.8950,13.2193,0.3825,1.0810,-21156414#0,-80.8323,-5.0000,100.0000,default,13,rsu(559m),788,17213,0.0180,559,2.0210,2,2,-80.8323,-97.8220,direct,0.0500,24.4000,-87.3841
196,node[15],2,5682.3947,4038.9405,1.8950,13.2562,0.3683,1.0810,-21156414#0,-79.6914,-3.9221,100.0000,default,13,rsu(559m),789,17244,0.0304,559,2.0270,2,2,-79.6914,-96.6811,direct,0.0500,24.8000,-87.3765
196.1,node[15],2,5683.0178,4037.7719,1.8950,13.2429,-0.1324,1.0810,-21156414#0,-83.0837,-4.9639,100.0000,default,13,rsu(560m),790,17274,0.0183,560,2.0199,2,2,-83.0837,-100.0734,direct,0.0500,24.8000,-87.3688
196.2,node[15],2,5683.6386,4036.6075,1.8950,13.1957,-0.4721,1.0810,-21156414#0,-81.4398,-5.0000,100.0000,default,13,rsu(561m),791,17305,0.0180,561,2.0259,2,2,-81.4398,-98.4295,direct,0.0500,24.4000,-87.3610
196.3,node[15],2,5684.2601,4035.4418,1.8950,13.2109,0.1514,1.0810,-21156414#0,-81.4277,-2.2120,100.0000,default,13,rsu(561m),792,17335,0.0688,561,2.0190,3,4,-81.4277,-98.4174,direct,0.0500,24.4000,-87.3530
196.4,node[15],2,5684.8793,4034.2805,1.8950,13.1610,-0.4982,1.0810,-21156414#0,-74.2008,5.1641,100.0000,default,13,rsu(562m),793,17365,0.7469,562,2.0251,7,12,-74.2008,-91.1905,direct,0.0500,24.0000,-87.3448
196.5,node[15],2,5685.4986,4033.1190,1.8950,13.1624,0.0131,1.0810,-21156414#0,-83.0722,-5.0000,100.0000,default,14,rsu(562m),794,17396,0.0180,562,2.0182,2,2,-83.0722,-100.0619,direct,0.0500,24.0000,-87.2178
196.6,node[15],2,5686.1227,4031.9485,1.8950,13.2653,1.0290,1.0810,-21156414#0,-80.6252,-2.7178,100.0000,default,14,rsu(563m),795,17426,0.0542,563,2.0243,3,4,-80.6252,-97.6149,direct,0.0500,24.4000,-87.2095
196.7,node[15],2,5686.7416,4030.7877,1.8950,13.1548,-1.1042,1.0810,-21156414#0,-82.6724,-4.3472,100.0000,default,14,rsu(564m),796,17457,0.0248,564,2.0175,2,2,-82.6724,-99.6621,direct,0.0500,24.4000,-87.2010
196.8,node[15],2,5687.3660,4029.6165,1.8950,13.2726,1.1776,1.0810,-21156414#0,-80.1704,-2.4386,100.0000,default,14,rsu(564m),797,17488,0.0618,564,2.0237,3,4,-80.1704,-97.1601,direct,0.0500,24.8000,-87.1924
196.9,node[15],2,5687.9908,4028.4446,1.8950,13.2805,0.0792,1.0810,-21156414#0,-80.1540,-0.8354,100.0000,default,14,rsu(565m),798,17519,0.1281,565,2.0169,4,6,-80.1540,-97.1437,direct,0.0500,24.8000,-87.1837
197,node[15],2,5688.6113,4027.2808,1.8950,13.1889,-0.9158,1.0810,-21156414#0,-78.5564,-1.8569,100.0000,default,14,rsu(566m),799,17550,0.0810,566,2.0231,3,4,-78.5564,-95.5461,direct,0.0500,24.8000,-87.1748
197.1,node[15],2,5689.2336,4026.1138,1.8950,13.2260,0.3710,1.0810,-21156414#0,-77.2833,-1.9504,100.0000,default,14,rsu(566m),800,17581,0.0776,566,2.0164,3,4,-77.2833,-94.2730,direct,0.0500,24.8000,-87.1658
197.2,node[15],2,5689.8584,4024.9418,1.8950,13.2813,0.5525,1.0810,-21156414#0,-81.7845,-3.7080,100.0000,default,14,rsu(567m),801,17612,0.0338,567,2.0228,2,2,-81.7845,-98.7742,direct,0.0500,24.8000,-87.1567
197.3,node[15],2,5690.4822,4023.7718,1.8950,13.2598,-0.2153,1.0810,-21156414#0,-79.5078,-4.8032,100.0000,default,14,rsu(567m),802,17643,0.0198,567,2.0161,2,2,-79.5078,-96.4975,direct,0.0500,24.8000,-87.1474
197.4,node[15],2,5691.1053,4022.6032,1.8950,13.2428,-0.1695,1.0810,-21156414#0,-83.3689,-4.1938,100.0000,default,14,rsu(568m),803,17674,0.0267,568,2.0225,2,2,-83.3689,-100.3586,direct,0.0500,24.8000,-87.1379
197.5,node[15],2,5691.7247,4021.4415,1.8950,13.1649,-0.7788,1.0810,-21156414#0,-81.1996,-1.9304,100.0000,default,14,rsu(569m),804,17705,0.0783,569,2.0159,3,4,-81.1996,-98.1893,direct,0.0500,24.8000,-87.1283
197.6,node[15],2,5692.3447,4020.2786,1.8950,13.1793,0.1442,1.0810,-21156414#0,-82.7212,-5.0000,100.0000,default,14,rsu(569m),805,17735,0.0180,569,2.0223,2,2,-82.7212,-99.7109,direct,0.0500,24.4000,-87.1185
197.7,node[15],2,5692.9688,4019.1081,1.8950,13.2645,0.8513,1.0810,-21156414#0,-87.7519,-5.0000,100.0000,default,14,rsu(570m),806,17766,0.0180,570,2.0158,2,2,-87.7519,-104.7416,direct,0.0500,24.4000,-87.1086
197.8,node[15],2,5693.5921,4017.9389,1.8950,13.2500,-0.1446,1.0810,-21156414#0,-82.7137,-5.0000,100.0000,default,14,rsu(571m),807,17797,0.0180,571,2.0223,2,2,-82.7137,-99.7034,direct,0.0500,24.8000,-87.0985
197.9,node[15],2,5694.2120,4016.7762,1.8950,13.1765,-0.7355,1.0810,-21156414#0,-82.3911,-4.0458,100.0000,default,14,rsu(571m),808,17827,0.0287,571,2.0158,2,2,-82.3911,-99.3808,direct,0.0500,24.8000,-87.0882
198,node[15],2,5694.8340,4015.6097,1.8950,13.2205,0.4408,1.0810,-21156414#0,-81.7088,-4.3514,100.0000,default,14,rsu(572m),809,17858,0.0247,572,2.0223,2,2,-81.7088,-98.6985,direct,0.0500,24.4000,-87.0778
198.1,node[15],2,5695.4567,4014.4418,1.8950,13.2355,0.1498,1.0810,-21156414#0,-77.3208,-0.3645,100.0000,default,13,rsu(573m),810,17889,0.1568,573,2.0159,4,6,-77.3208,-94.3105,direct,0.0500,24.4000,-87.1819
198.2,node[15],2,5696.0801,4013.2726,1.8950,13.2495,0.1396,1.0810,-21156414#0,-90.6062,-5.0000,100.0000,default,13,rsu(573m),811,17920,0.0180,573,2.0225,2,2,-90.6062,-107.5959,direct,0.0500,24.8000,-87.1708
198.3,node[15],2,5696.7041,4012.1022,1.8950,13.2635,0.1404,1.0810,-21156414#0,-92.6597,-5.0000,100.0000,default,13,rsu(574m),812,17951,0.0180,574,2.0161,2,2,-92.6597,-109.6494,direct,0.0500,24.8000,-87.1596
198.4,node[15],2,5697.3256,4010.9366,1.8950,13.2102,-0.5335,1.0810,-21156414#0,-78.8516,-1.2855,100.0000,default,13,rsu(575m),813,17982,0.1050,575,2.0227,3,4,-78.8516,-95.8413,direct,0.0500,24.8000,-87.1483
198.5,node[15],2,5697.9465,4009.7721,1.8950,13.1970,-0.1316,1.0810,-21156414#0,-81.6155,-2.4514,100.0000,default,13,rsu(575m),814,18013,0.0615,575,2.0164,3,4,-81.6155,-98.6052,direct,0.0500,24.8000,-87.1368
198.6,node[15],2,5698.5682,4008.6060,1.8950,13.2144,0.1737,1.0810,-21156414#0,-76.5936,-1.7520,100.0000,default,13,rsu(576m),815,18043,0.0850,576,2.0230,3,4,-76.5936,-93.5833,direct,0.0500,24.4000,-87.1251
198.7,node[15],2,5699.1909,4007.4381,1.8950,13.2355,0.2109,1.0810,-21156414#0,-81.5876,-3.5577,100.0000,default,13,rsu(577m),816,18074,0.0363,577,2.0167,2,2,-81.5876,-98.5773,direct,0.0500,24.4000,-87.1132
198.8,node[15],2,5699.8157,4006.2662,1.8950,13.2803,0.4487,1.0810,-21156414#0,-81.5140,-3.8540,100.0000,default,13,rsu(577m),817,18104,0.0315,577,2.0235,2,2,-81.5140,-98.5037,direct,0.0500,24.4000,-87.1012
198.9,node[15],2,5700.4370,4005.1009,1.8950,13.2067,-0.7363,1.0810,-21156414#0,-83.3647,-4.3102,100.0000,default,13,rsu(578m),818,18134,0.0252,578,2.0172,2,2,-83.3647,-100.3544,direct,0.0500,24.4000,-87.0890
199,node[15],2,5701.0598,4003.9329,1.8950,13.2369,0.3021,1.0810,-21156414#0,-84.0977,-5.0000,100.0000,default,13,rsu(579m),819,18165,0.0180,579,2.0239,2,2,-84.0977,-101.0874,direct,0.0500,24.4000,-87.0766
199.1,node[15],1,5701.6838,4002.7625,1.8950,13.2632,0.2626,1.0810,-21156414#0,-78.8242,-2.9988,100.0000,default,14,rsu(579m),820,18197,0.0475,579,2.0177,3,4,-78.8242,-95.8139,direct,0.0500,24.4000,-87.0533
199.2,node[15],1,5702.3039,4001.5993,1.8950,13.1822,-0.8095,1.0810,-21156414#0,-77.0926,1.4767,100.0000,default,14,rsu(580m),821,18228,0.3183,580,2.0245,5,8,-77.0926,-94.0823,direct,0.0500,25.2000,-87.0406
199.3,node[15],1,5702.9280,4000.4288,1.8950,13.2646,0.8237,1.0810,-21156414#0,-81.2466,-1.9269,100.0000,default,14,rsu(581m),822,18260,0.0785,581,2.0183,3,4,-81.2466,-98.2363,direct,0.0500,25.2000,-87.0277
199.4,node[15],1,5703.5521,3999.2583,1.8950,13.2655,0.0091,1.0810,-21156414#0,-74.9221,1.3735,100.0000,default,14,rsu(581m),823,18292,0.3072,581,2.0251,5,8,-74.9221,-91.9118,direct,0.0500,25.6000,-87.0146
199.5,node[15],1,5704.1728,3998.0942,1.8950,13.1921,-0.7337,1.0810,-21156414#0,-80.2958,-4.2127,100.0000,default,14,rsu(582m),824,18324,0.0264,582,2.0189,2,2,-80.2958,-97.2855,direct,0.0500,25.6000,-87.0013
199.6,node[15],1,5704.7920,3996.9328,1.8950,13.1617,-0.3040,1.0810,-21156414#0,-78.7097,-0.8456,100.0000,default,14,rsu(583m),825,18355,0.1275,583,2.0258,4,6,-78.7097,-95.6994,direct,0.0500,25.2000,-86.9879
199.7,node[15],1,5705.4146,3995.7651,1.8950,13.2333,0.7159,1.0810,-21156414#0,-77.9475,-2.1171,100.0000,default,14,rsu(583m),826,18386,0.0719,583,2.0196,3,4,-77.9475,-94.9372,direct,0.0500,25.2000,-86.9743
199.8,node[15],1,5706.0382,3994.5955,1.8950,13.2550,0.2169,1.0810,-21156414#0,-79.9080,-3.4811,100.0000,default,14,rsu(584m),827,18417,0.0377,584,2.0265,2,2,-79.9080,-96.8977,direct,0.0500,24.8000,-86.9606
199.9,node[15],1,5706.6629,3993.4237,1.8950,13.2787,0.2364,1.0810,-21156414#0,-80.1550,-0.9322,100.0000,default,14,rsu(585m),828,18449,0.1228,585,2.0204,4,6,-80.1550,-97.1447,direct,0.0500,24.8000,-86.9467
200,node[15],1,5707.2826,3992.2615,1.8950,13.1716,-1.0701,1.0810,-21156414#0,-83.0394,-5.0000,100.0000,default,14,rsu(586m),829,18481,0.0180,586,2.0142,2,2,-83.0394,-100.0291,direct,0.0500,25.6000,-86.9326
200.1,node[15],1,5707.9057,3991.0928,1.8950,13.2441,0.7247,1.0810,-21156414#0,-75.7897,2.3029,100.0000,default,15,rsu(586m),830,18513,0.4137,586,2.0211,5,8,-75.7897,-92.7794,direct,0.0500,25.6000,-86.8100
200.2,node[15],1,5708.5292,3989.9233,1.8950,13.2533,0.0914,1.0810,-21156414#0,-82.4310,-5.0000,100.0000,default,15,rsu(587m),831,18544,0.0180,587,2.0254,2,2,-82.4310,-99.4207,direct,0.0500,25.2000,-86.7953
200.3,node[15],1,5709.1502,3988.7586,1.8950,13.1999,-0.5335,1.0810,-21156414#0,-82.2121,-4.6932,100.0000,default,15,rsu(588m),832,18576,0.0209,588,2.0209,2,2,-82.2121,-99.2018,direct,0.0500,25.2000,-86.7805
200.4,node[15],1,5709.7752,3987.5865,1.8950,13.2828,0.8289,1.0810,-21156414#0,-80.6383,-3.5123,100.0000,default,15,rsu(588m),833,18608,0.0371,588,2.0182,2,2,-80.6383,-97.6280,direct,0.0500,25.6000,-86.7656
200.5,node[15],1,5710.3976,3986.4191,1.8950,13.2300,-0.5280,1.0810,-21156414#0,-83.3261,-5.0000,100.0000,default,15,rsu(589m),834,18640,0.0180,589,2.0267,2,2,-83.3261,-100.3158,direct,0.0500,25.6000,-86.7505
200.6,node[15],1,5711.0210,3985.2497,1.8950,13.2519,0.2190,1.0810,-21156414#0,-84.6467,-5.0000,100.0000,default,15,rsu(590m),835,18672,0.0180,590,2.0240,2,2,-84.6467,-101.6364,direct,0.0500,25.6000,-86.7352
200.7,node[15],1,5711.6424,3984.0842,1.8950,13.2079,-0.4404,1.0810,-21156414#0,-77.4800,-3.3350,100.0000,default,16,rsu(591m),836,18704,0.0404,591,2.0214,2,2,-77.4800,-94.4697,direct,0.0500,25.6000,-86.6165
200.8,node[15],1,5712.2666,3982.9136,1.8950,13.2664,0.5849,1.0810,-21156414#0,-81.4528,-5.0000,100.0000,default,16,rsu(591m),837,18736,0.0180,591,2.0187,2,2,-81.4528,-98.4425,direct,0.0500,25.6000,-86.6007
200.9,node[15],1,5712.8865,3981.7509,1.8950,13.1762,-0.9017,1.0810,-21156414#0,-83.7946,-5.0000,100.0000,default,16,rsu(592m),838,18768,0.0180,592,2.0143,2,2,-83.7946,-100.7843,direct,0.0500,25.6000,-86.5849
201,node[15],1,5713.5069,3980.5874,1.8950,13.1861,0.0993,1.0810,-21156414#0,-85.6005,-5.0000,100.0000,default,16,rsu(593m),839,18800,0.0180,593,2.0229,2,2,-85.6005,-102.5902,direct,0.0500,25.6000,-86.5689
201.1,node[15],1,5714.1261,3979.4259,1.8950,13.1626,-0.2351,1.0810,-21156414#0,-83.2342,-5.0000,100.0000,default,16,rsu(593m),840,18831,0.0180,593,2.0143,2,2,-83.2342,-100.2239,direct,0.0500,25.6000,-86.5527
201.2,node[15],1,5714.7480,3978.2596,1.8950,13.2175,0.5493,1.0810,-21156414#0,-77.1456,-3.1199,100.0000,default,16,rsu(594m),841,18862,0.0448,594,2.0188,2,2,-77.1456,-94.1353,direct,0.0500,24.8000,-86.5365
201.3,node[15],1,5715.3722,3977.0888,1.8950,13.2687,0.5115,1.0810,-21156414#0,-77.0331,0.6309,100.0000,default,16,rsu(595m),842,18894,0.2342,595,2.0162,4,6,-77.0331,-94.0228,direct,0.0500,24.8000,-86.5201
201.4,node[15],1,5715.9957,3975.9194,1.8950,13.2522,-0.1649,1.0810,-21156414#0,-86.8084,-5.0000,100.0000,default,16,rsu(596m),843,18926,0.0180,596,2.0267,2,2,-86.8084,-103.7981,direct,0.0500,25.6000,-86.5037
201.5,node[15],1,5716.6204,3974.7476,1.8950,13.2792,0.2700,1.0810,-21156414#0,-92.3852,-5.0000,100.0000,default,16,rsu(596m),844,18958,0.0180,596,2.0242,2,2,-92.3852,-109.3749,direct,0.0500,25.6000,-86.4873
201.6,node[15],1,5717.2436,3973.5789,1.8950,13.2443,-0.3493,1.0810,-21156414#0,-89.0428,-5.0000,100.0000,default,16,rsu(597m),845,18990,0.0180,597,2.0217,2,2,-89.0428,-106.0325,direct,0.0500,25.6000,-86.4707
201.7,node[15],1,5717.8635,3972.4161,1.8950,13.1781,-0.6614,1.0810,-21156414#0,-79.0838,-1.3536,100.0000,default,16,rsu(598m),846,19022,0.1019,598,2.0174,3,4,-79.0838,-96.0735,direct,0.0500,25.6000,-86.4541
201.8,node[15],1,5718.4829,3971.2545,1.8950,13.1636,-0.1453,1.0810,-21156414#0,-80.7916,-1.8754,100.0000,default,16,rsu(599m),847,19053,0.0803,599,2.0219,3,4,-80.7916,-97.7813,direct,0.0500,25.2000,-86.4374
201.9,node[15],1,5719.1057,3970.0864,1.8950,13.2383,0.7467,1.0810,-21156414#0,-78.9106,-4.5782,100.0000,default,16,rsu(599m),848,19085,0.0221,599,2.0176,2,2,-78.9106,-95.9003,direct,0.0500,25.2000,-86.4206
202,node[15],1,5719.7300,3968.9154,1.8950,13.2707,0.3242,1.0810,-21156414#0,-81.4926,-2.5162,100.0000,default,16,rsu(600m),849,19117,0.0596,600,2.0152,3,4,-81.4926,-98.4823,direct,0.0500,25.6000,-86.4038
202.1,node[15],1,5720.3500,3967.7526,1.8950,13.1772,-0.9352,1.0810,-21156414#0,-85.5221,-5.0000,100.0000,default,16,rsu(601m),850,19149,0.0180,601,2.0239,2,2,-85.5221,-102.5118,direct,0.0500,25.6000,-86.3870
202.2,node[15],1,5720.9748,3966.5807,1.8950,13.2805,1.0335,1.0810,-21156414#0,-87.0027,-5.0000,100.0000,default,16,rsu(601m),851,19181,0.0180,601,2.0215,2,2,-87.0027,-103.9924,direct,0.0500,25.6000,-86.3702
202.3,node[15],1,5721.5970,3965.4138,1.8950,13.2249,-0.5558,1.0810,-21156414#0,-90.3011,-5.0000,100.0000,default,16,rsu(602m),852,19213,0.0180,602,2.0191,2,2,-90.3011,-107.2908,direct,0.0500,25.6000,-86.3534
202.4,node[15],1,5722.2160,3964.2528,1.8950,13.1566,-0.6829,1.0810,-21156414#0,-87.9761,-5.0000,100.0000,default,16,rsu(603m),853,19245,0.0180,603,2.0168,2,2,-87.9761,-104.9658,direct,0.0500,25.6000,-86.3365
202.5,node[15],1,5722.8360,3963.0900,1.8950,13.1781,0.2142,1.0810,-21156414#0,-82.6835,-5.0000,100.0000,default,16,rsu(604m),854,19276,0.0180,604,2.0214,2,2,-82.6835,-99.6732,direct,0.0500,25.6000,-86.3197
202.6,node[15],1,5723.4557,3961.9277,1.8950,13.1719,-0.0615,1.0810,-21156414#0,-83.0785,-5.0000,100.0000,default,16,rsu(604m),855,19308,0.0180,604,2.0191,2,2,-83.0785,-100.0682,direct,0.0500,25.2000,-86.3030
202.7,node[15],1,5724.0763,3960.7637,1.8950,13.1917,0.1975,1.0810,-21156414#0,-83.7666,-5.0000,100.0000,default,16,rsu(605m),856,19340,0.0180,605,2.0149,2,2,-83.7666,-100.7563,direct,0.0500,25.2000,-86.2863
202.8,node[15],1,5724.6962,3959.6010,1.8950,13.1758,-0.1589,1.0810,-21156414#0,-76.7253,-1.5469,100.0000,default,16,rsu(606m),857,19372,0.0933,606,2.0256,3,4,-76.7253,-93.7150,direct,0.0500,25.6000,-86.2697
202.9,node[15],1,5725.3167,3958.4373,1.8950,13.1886,0.1279,1.0810,-21156414#0,-81.5891,-3.2399,100.0000,default,16,rsu(607m),858,19404,0.0423,607,2.0215,2,2,-81.5891,-98.5788,direct,0.0500,25.6000,-86.2531
203,node[15],1,5725.9402,3957.2678,1.8950,13.2530,0.6439,1.0810,-21156414#0,-80.8619,-3.0400,100.0000,default,16,rsu(608m),859,19436,0.0465,608,2.0174,2,2,-80.8619,-97.8516,direct,0.0500,25.6000,-86.2367
203.1,node[15],1,5726.5619,3956.1018,1.8950,13.2143,-0.3870,1.0810,-21156414#0,-87.0406,-5.0000,100.0000,default,16,rsu(608m),860,19468,0.0180,608,2.0264,2,2,-87.0406,-104.0303,direct,0.0500,25.6000,-86.2205
203.2,node[15],1,5727.1828,3954.9371,1.8950,13.1987,-0.1561,1.0810,-21156414#0,-87.2340,-5.0000,100.0000,default,17,rsu(609m),861,19500,0.0180,609,2.0223,2,2,-87.2340,-104.2237,direct,0.0500,25.6000,-86.1125
203.3,node[15],1,5727.8025,3953.7749,1.8950,13.1711,-0.2751,1.0810,-21156414#0,-84.2794,-5.0000,100.0000,default,17,rsu(610m),862,19532,0.0180,610,2.0183,2,2,-84.2794,-101.2691,direct,0.0500,25.6000,-86.0966
203.4,node[15],1,5728.4242,3952.6089,1.8950,13.2142,0.4306,1.0810,-21156414#0,-86.8167,-5.0000,100.0000,default,17,rsu(611m),863,19563,0.0180,611,2.0212,2,2,-86.8167,-103.8064,direct,0.0500,25.2000,-86.0808
203.5,node[15],1,5729.0431,3951.4480,1.8950,13.1558,-0.5842,1.0810,-21156414#0,-85.3668,-5.0000,100.0000,default,17,rsu(611m),864,19595,0.0180,611,2.0153,2,2,-85.3668,-102.3565,direct,0.0500,25.2000,-86.0652
203.6,node[15],1,5729.6641,3950.2834,1.8950,13.1985,0.4275,1.0810,-21156414#0,-80.0675,-4.1387,100.0000,default,17,rsu(612m),865,19627,0.0274,612,2.0243,2,2,-80.0675,-97.0572,direct,0.0500,25.6000,-86.0498
203.7,node[15],1,5730.2854,3949.1180,1.8950,13.2068,0.0825,1.0810,-21156414#0,-83.5064,-5.0000,100.0000,default,17,rsu(613m),866,19659,0.0180,613,2.0270,2,2,-83.5064,-100.4961,direct,0.0500,25.6000,-86.0346
203.8,node[15],1,5730.9077,3947.9508,1.8950,13.2277,0.2093,1.0810,-21156414#0,-79.0946,-1.0126,100.0000,default,17,rsu(614m),867,19691,0.1185,614,2.0211,3,4,-79.0946,-96.0843,direct,0.0500,25.6000,-86.0198
203.9,node[15],1,5731.5319,3946.7801,1.8950,13.2664,0.3870,1.0810,-21156414#0,-81.3330,-4.8927,100.0000,default,18,rsu(614m),868,19723,0.0190,614,2.0171,2,2,-81.3330,-98.3227,direct,0.0500,25.6000,-85.9173
204,node[15],1,5732.1555,3945.6105,1.8950,13.2550,-0.1138,1.0810,-21156414#0,-78.8864,-0.8820,100.0000,default,18,rsu(615m),869,19755,0.1255,615,2.0262,4,6,-78.8864,-95.8761,direct,0.0500,25.6000,-85.9031
204.1,node[15],1,5732.7797,3944.4397,1.8950,13.2684,0.1338,1.0810,-21156414#0,-79.4514,-4.6954,100.0000,default,18,rsu(616m),870,19786,0.0209,616,2.0162,2,2,-79.4514,-96.4411,direct,0.0500,25.6000,-85.8892
204.2,node[15],1,5733.4015,3943.2736,1.8950,13.2150,-0.5345,1.0810,-21156414#0,-82.0267,-5.0000,100.0000,default,18,rsu(617m),871,19818,0.0180,617,2.0253,2,2,-82.0267,-99.0164,direct,0.0500,25.2000,-85.8756
204.3,node[15],1,5734.0261,3942.1019,1.8950,13.2780,0.6301,1.0810,-21156414#0,-84.4481,-5.0000,100.0000,default,18,rsu(618m),872,19850,0.0180,618,2.0176,2,2,-84.4481,-101.4378,direct,0.0500,25.2000,-85.8624
204.4,node[15],1,5734.6506,3940.9307,1.8950,13.2731,-0.0483,1.0810,-21156414#0,-79.1558,-3.9212,100.0000,default,18,rsu(618m),873,19881,0.0305,618,2.0206,2,2,-79.1558,-96.1455,direct,0.0500,25.2000,-85.8496
204.5,node[15],1,5735.2702,3939.7686,1.8950,13.1701,-1.0306,1.0810,-21156414#0,-83.3097,-4.8997,100.0000,default,18,rsu(619m),874,19913,0.0189,619,2.0148,2,2,-83.3097,-100.2994,direct,0.0500,25.2000,-85.8372
204.6,node[15],1,5735.8905,3938.6052,1.8950,13.1841,0.1398,1.0810,-21156414#0,-83.0857,-5.0000,100.0000,default,18,rsu(620m),875,19944,0.0180,620,2.0179,2,2,-83.0857,-100.0754,direct,0.0500,25.2000,-85.8250
204.7,node[15],1,5736.5110,3937.4414,1.8950,13.1895,0.0547,1.0810,-21156414#0,-82.0161,-2.6928,100.0000,default,18,rsu(621m),876,19976,0.0549,621,2.0270,3,4,-82.0161,-99.0058,direct,0.0500,25.2000,-85.8133
204.8,node[15],1,5737.1321,3936.2764,1.8950,13.2018,0.1224,1.0810,-21156414#0,-79.3936,-2.2024,100.0000,default,18,rsu(622m),877,20007,0.0691,622,2.0171,3,4,-79.3936,-96.3833,direct,0.0500,25.2000,-85.8021
204.9,node[15],1,5737.7524,3935.1130,1.8950,13.1846,-0.1713,1.0810,-21156414#0,-84.4653,-5.0000,100.0000,default,18,rsu(622m),878,20038,0.0180,622,2.0202,2,2,-84.4653,-101.4550,direct,0.0500,25.2000,-85.7913
205,node[15],1,5738.3732,3933.9488,1.8950,13.1937,0.0903,1.0810,-21156414#0,-78.7665,-0.3538,100.0000,default,18,rsu(623m),879,20070,0.1575,623,2.0144,4,6,-78.7665,-95.7562,direct,0.0500,25.2000,-85.7810
205.1,node[15],1,5738.9921,3932.7880,1.8950,13.1554,-0.3825,1.0810,-21156414#0,-85.9747,-5.0000,100.0000,default,18,rsu(624m),880,20101,0.0180,624,2.0175,2,2,-85.9747,-102.9644,direct,0.0500,25.2000,-85.7710
205.2,node[15],1,5739.6137,3931.6221,1.8950,13.2128,0.5735,1.0810,-21156414#0,-79.4397,-2.6938,100.0000,default,18,rsu(625m),881,20132,0.0548,625,2.0207,3,4,-79.4397,-96.4294,direct,0.0500,24.8000,-85.7617
205.3,node[15],1,5740.2386,3930.4501,1.8950,13.2815,0.6878,1.0810,-21156414#0,-80.4096,-1.0201,100.0000,default,18,rsu(625m),882,20164,0.1182,625,2.0168,3,4,-80.4096,-97.3993,direct,0.0500,24.8000,-85.7530
205.4,node[15],1,5740.8615,3929.2818,1.8950,13.2404,-0.4113,1.0810,-21156414#0,-82.6219,-5.0000,100.0000,default,18,rsu(626m),883,20196,0.0180,626,2.0260,2,2,-82.6219,-99.6116,direct,0.0500,25.6000,-85.7447
205.5,node[15],1,5741.4861,3928.1103,1.8950,13.2760,0.3562,1.0810,-21156414#0,-82.9531,-5.0000,100.0000,default,18,rsu(627m),884,20227,0.0180,627,2.0162,2,2,-82.9531,-99.9428,direct,0.0500,25.6000,-85.7371
205.6,node[15],1,5742.1052,3926.9490,1.8950,13.1600,-1.1600,1.0810,-21156414#0,-78.3417,-2.4564,100.0000,default,18,rsu(628m),885,20259,0.0613,628,2.0234,3,4,-78.3417,-95.3314,direct,0.0500,25.2000,-85.7298
205.7,node[15],1,5742.7276,3925.7816,1.8950,13.2297,0.6970,1.0810,-21156414#0,-84.3951,-5.0000,100.0000,default,18,rsu(629m),886,20290,0.0180,629,2.0194,2,2,-84.3951,-101.3848,direct,0.0500,25.2000,-85.7228
205.8,node[15],1,5743.3484,3924.6174,1.8950,13.1935,-0.3622,1.0810,-21156414#0,-76.3485,2.1712,100.0000,default,18,rsu(630m),887,20321,0.3979,630,2.0154,5,8,-76.3485,-93.3382,direct,0.0500,24.8000,-85.7162
205.9,node[15],1,5743.9678,3923.4555,1.8950,13.1673,-0.2617,1.0810,-21156414#0,-78.7915,-3.5505,100.0000,default,18,rsu(630m),888,20352,0.0364,630,2.0244,2,2,-78.7915,-95.7812,direct,0.0500,24.8000,-85.7100
206,node[15],1,5744.5875,3922.2934,1.8950,13.1705,0.0318,1.0810,-21156414#0,-82.8907,-5.0000,100.0000,default,18,rsu(631m),889,20384,0.0180,631,2.0244,2,2,-82.8907,-99.8804,direct,0.0500,25.2000,-85.7045
206.1,node[15],1,5745.2123,3921.1215,1.8950,13.2810,1.1051,1.0810,-21156414#0,-80.9924,-4.1791,100.0000,default,18,rsu(632m),890,20416,0.0269,632,2.0265,2,2,-80.9924,-97.9821,direct,0.0500,25.2000,-85.6996
206.2,node[15],1,5745.8366,3919.9506,1.8950,13.2689,-0.1209,1.0810,-21156414#0,-84.8955,-5.0000,100.0000,default,18,rsu(633m),891,20448,0.0180,633,2.0265,2,2,-84.8955,-101.8852,direct,0.0500,25.6000,-85.6951
206.3,node[15],1,5746.4558,3918.7892,1.8950,13.1623,-1.0668,1.0810,-21156414#0,-85.8829,-5.0000,100.0000,default,18,rsu(634m),892,20479,0.0180,634,2.0226,2,2,-85.8829,-102.8726,direct,0.0500,25.6000,-85.6912
206.4,node[15],1,5747.0800,3917.6184,1.8950,13.2680,1.0570,1.0810,-21156414#0,-74.2891,1.9835,100.0000,default,18,rsu(634m),893,20511,0.3756,634,2.0227,5,8,-74.2891,-91.2788,direct,0.0500,25.2000,-85.6880
206.5,node[15],1,5747.7010,3916.4537,1.8950,13.1991,-0.6889,1.0810,-21156414#0,-86.5580,-5.0000,100.0000,default,18,rsu(635m),894,20543,0.0180,635,2.0248,2,2,-86.5580,-103.5477,direct,0.0500,25.2000,-85.6853
206.6,node[15],1,5748.3254,3915.2827,1.8950,13.2704,0.7137,1.0810,-21156414#0,-80.5472,-5.0000,100.0000,default,18,rsu(636m),895,20574,0.0180,636,2.0209,2,2,-80.5472,-97.5369,direct,0.0500,25.2000,-85.6833
206.7,node[15],1,5748.9500,3914.1111,1.8950,13.2771,0.0668,1.0810,-21156414#0,-79.8413,-1.5637,100.0000,default,18,rsu(637m),896,20606,0.0926,637,2.0230,3,4,-79.8413,-96.8310,direct,0.0500,25.2000,-85.6820
206.8,node[15],1,5749.5733,3912.9421,1.8950,13.2477,-0.2945,1.0810,-21156414#0,-76.7948,-2.3039,100.0000,default,18,rsu(638m),897,20638,0.0659,638,2.0252,3,4,-76.7948,-93.7845,direct,0.0500,25.6000,-85.6812
206.9,node[15],1,5750.1923,3911.7811,1.8950,13.1581,-0.8953,1.0810,-21156414#0,-88.4581,-5.0000,100.0000,default,18,rsu(639m),898,20669,0.0180,639,2.0213,2,2,-88.4581,-105.4478,direct,0.0500,25.6000,-85.6810
207,node[15],1,5750.8132,3910.6166,1.8950,13.1971,0.3898,1.0810,-21156414#0,-86.6920,-5.0000,100.0000,default,18,rsu(639m),899,20701,0.0180,639,2.0214,2,2,-86.6920,-103.6817,direct,0.0500,25.2000,-85.6813
207.1,node[15],1,5751.4372,3909.4463,1.8950,13.2624,0.6524,1.0810,-21156414#0,-90.9382,-5.0000,100.0000,default,18,rsu(640m),900,20732,0.0180,640,2.0176,2,2,-90.9382,-107.9279,direct,0.0500,25.2000,-85.6823
207.2,node[15],1,5752.0618,3908.2747,1.8950,13.2765,0.1414,1.0810,-21156414#0,-85.9045,-5.0000,100.0000,default,18,rsu(641m),901,20763,0.0180,641,2.0268,2,2,-85.9045,-102.8942,direct,0.0500,24.8000,-85.6841
207.3,node[15],1,5752.6819,3907.1116,1.8950,13.1815,-0.9504,1.0810,-21156414#0,-82.1145,-2.7759,100.0000,default,18,rsu(642m),902,20795,0.0528,642,2.0269,3,4,-82.1145,-99.1042,direct,0.0500,24.8000,-85.6862
207.4,node[15],1,5753.3046,3905.9437,1.8950,13.2355,0.5404,1.0810,-21156414#0,-84.6028,-5.0000,100.0000,default,18,rsu(643m),903,20827,0.0180,643,2.0161,2,2,-84.6028,-101.5925,direct,0.0500,25.6000,-85.6890
207.5,node[15],1,5753.9286,3904.7735,1.8950,13.2619,0.2637,1.0810,-21156414#0,-84.4252,-5.0000,100.0000,default,18,rsu(644m),904,20859,0.0180,644,2.0183,2,2,-84.4252,-101.4149,direct,0.0500,25.6000,-85.6924
207.6,node[15],1,5754.5488,3903.6101,1.8950,13.1841,-0.7782,1.0810,-21156414#0,-78.8981,-0.0465,100.0000,default,18,rsu(644m),905,20891,0.1790,644,2.0230,4,6,-78.8981,-95.8878,direct,0.0500,25.6000,-85.6962
207.7,node[15],1,5755.1689,3902.4472,1.8950,13.1787,-0.0539,1.0810,-21156414#0,-76.8403,0.3818,100.0000,default,18,rsu(645m),906,20923,0.2126,645,2.0147,4,6,-76.8403,-93.8300,direct,0.0500,25.6000,-85.7006
207.8,node[15],1,5755.7933,3901.2760,1.8950,13.2734,0.9469,1.0810,-21156414#0,-79.8130,-0.4458,100.0000,default,18,rsu(646m),907,20955,0.1515,646,2.0172,4,6,-79.8130,-96.8027,direct,0.0500,25.6000,-85.7056
207.9,node[15],1,5756.4153,3900.1094,1.8950,13.2202,-0.5315,1.0810,-21156414#0,-79.5091,-1.4607,100.0000,default,18,rsu(647m),908,20987,0.0971,647,2.0197,3,4,-79.5091,-96.4988,direct,0.0500,25.6000,-85.7111
208,node[15],1,5757.0363,3898.9446,1.8950,13.2004,-0.1983,1.0810,-21156414#0,-89.5369,-5.0000,100.0000,default,18,rsu(648m),909,21019,0.0180,648,2.0257,2,2,-89.5369,-106.5266,direct,0.0500,25.6000,-85.7170
208.1,node[15],1,5757.6599,3897.7751,1.8950,13.2536,0.5317,1.0810,-21156414#0,-83.9476,-5.0000,100.0000,default,18,rsu(649m),910,21051,0.0180,649,2.0186,2,2,-83.9476,-100.9373,direct,0.0500,25.6000,-85.7235
208.2,node[15],1,5758.2818,3896.6086,1.8950,13.2197,-0.3383,1.0810,-21156414#0,-80.1411,-4.1139,100.0000,default,18,rsu(650m),911,21084,0.0277,650,2.0212,2,2,-80.1411,-97.1308,direct,0.0500,26.0000,-85.7304
208.3,node[15],1,5758.9014,3895.4465,1.8950,13.1698,-0.4991,1.0810,-21156414#0,-82.4106,-3.8844,100.0000,default,18,rsu(650m),912,21117,0.0310,650,2.0238,2,2,-82.4106,-99.4003,direct,0.0500,26.0000,-85.7377
208.4,node[15],1,5759.5260,3894.2751,1.8950,13.2750,1.0519,1.0810,-21156414#0,-82.2386,-5.0000,100.0000,default,18,rsu(651m),913,21150,0.0180,651,2.0264,2,2,-82.2386,-99.2283,direct,0.0500,26.4000,-85.7455
208.5,node[15],1,5760.1492,3893.1063,1.8950,13.2460,-0.2902,1.0810,-21156414#0,-85.4703,-5.0000,100.0000,default,18,rsu(652m),914,21183,0.0180,652,2.0160,2,2,-85.4703,-102.4600,direct,0.0500,26.4000,-85.7537
208.6,node[15],1,5760.7726,3891.9369,1.8950,13.2515,0.0553,1.0810,-21156414#0,-83.3285,-4.9318,100.0000,default,18,rsu(653m),915,21216,0.0186,653,2.0186,2,2,-83.3285,-100.3182,direct,0.0500,26.4000,-85.7623
208.7,node[15],1,5761.3918,3890.7757,1.8950,13.1604,-0.9115,1.0810,-21156414#0,-78.1901,-1.8091,100.0000,default,18,rsu(654m),916,21248,0.0828,654,2.0212,3,4,-78.1901,-95.1798,direct,0.0500,26.4000,-85.7711
208.8,node[15],1,5762.0167,3889.6037,1.8950,13.2819,1.2151,1.0810,-21156414#0,-77.2421,1.9218,100.0000,default,18,rsu(655m),917,21280,0.3684,655,2.0238,5,8,-77.2421,-94.2318,direct,0.0500,25.6000,-85.7804
208.9,node[15],1,5762.6414,3888.4320,1.8950,13.2782,-0.0370,1.0810,-21156414#0,-78.5251,-1.7229,100.0000,default,18,rsu(656m),918,21313,0.0862,656,2.0264,3,4,-78.5251,-95.5148,direct,0.0500,25.6000,-85.7901
209,node[15],1,5763.2644,3887.2634,1.8950,13.2430,-0.3517,1.0810,-21156414#0,-83.1544,-5.0000,100.0000,default,18,rsu(656m),919,21346,0.0180,656,2.0160,2,2,-83.1544,-100.1441,direct,0.0500,26.4000,-85.8000
209.1,node[15],1,5763.8837,3886.1019,1.8950,13.1635,-0.7949,1.0810,-21156414#0,-84.6362,-5.0000,100.0000,default,18,rsu(657m),920,21379,0.0180,657,2.0186,2,2,-84.6362,-101.6259,direct,0.0500,26.4000,-85.8101
209.2,node[15],1,5764.5079,3884.9311,1.8950,13.2677,1.0417,1.0810,-21156414#0,-86.7657,-5.0000,100.0000,default,18,rsu(658m),921,21411,0.0180,658,2.0213,2,2,-86.7657,-103.7554,direct,0.0500,26.0000,-85.8206
209.3,node[15],1,5765.1285,3883.7672,1.8950,13.1907,-0.7702,1.0810,-21156414#0,-82.5028,-5.0000,100.0000,default,18,rsu(659m),922,21444,0.0180,659,2.0239,2,2,-82.5028,-99.4925,direct,0.0500,26.0000,-85.8312
209.4,node[15],1,5765.7492,3882.6030,1.8950,13.1934,0.0272,1.0810,-21156414#0,-76.0965,2.5691,100.0000,default,18,rsu(660m),923,21477,0.4464,660,2.0265,5,8,-76.0965,-93.0862,direct,0.0500,26.4000,-85.8421
209.5,node[15],1,5766.3698,3881.4390,1.8950,13.1908,-0.0258,1.0810,-21156414#0,-82.4676,-3.4571,100.0000,default,18,rsu(661m),924,21510,0.0381,661,2.0161,2,2,-82.4676,-99.4573,direct,0.0500,26.4000,-85.8532
209.6,node[15],1,5766.9894,3880.2768,1.8950,13.1706,-0.2017,1.0810,-21156414#0,-76.2944,-0.4415,100.0000,default,18,rsu(662m),925,21542,0.1518,662,2.0187,4,6,-76.2944,-93.2841,direct,0.0500,26.0000,-85.8644
209.7,node[15],1,5767.6083,3879.1161,1.8950,13.1540,-0.1667,1.0810,-21156414#0,-81.7437,-5.0000,100.0000,default,18,rsu(662m),926,21574,0.0180,662,2.0214,2,2,-81.7437,-98.7334,direct,0.0500,26.0000,-85.8758
209.8,node[15],1,5768.2316,3877.9471,1.8950,13.2482,0.9420,1.0810,-21156414#0,-85.9759,-5.0000,100.0000,default,18,rsu(663m),927,21606,0.0180,663,2.0240,2,2,-85.9759,-102.9656,direct,0.0500,25.6000,-85.8874
209.9,node[15],1,5768.8525,3876.7825,1.8950,13.1983,-0.4991,1.0810,-21156414#0,-84.8798,-5.0000,100.0000,default,18,rsu(664m),928,21638,0.0180,664,2.0266,2,2,-84.8798,-101.8695,direct,0.0500,25.6000,-85.8991
210,node[15],1,5769.4758,3875.6134,1.8950,13.2486,0.5035,1.0810,-21156414#0,-77.8371,-1.2159,100.0000,default,18,rsu(665m),929,21670,0.1083,665,2.0162,3,4,-77.8371,-94.8268,direct,0.0500,25.6000,-85.9110
210.1,node[15],1,5770.0950,3874.4521,1.8950,13.1613,-0.8733,1.0810,-21156414#0,-85.1320,-5.0000,100.0000,default,17,rsu(666m),930,21703,0.0180,666,2.0188,2,2,-85.1320,-102.1217,direct,0.0500,25.6000,-86.0108
210.2,node[15],1,5770.7170,3873.2855,1.8950,13.2209,0.5960,1.0810,-21156414#0,-85.6973,-5.0000,100.0000,default,17,rsu(667m),931,21736,0.0180,667,2.0214,2,2,-85.6973,-102.6870,direct,0.0500,26.4000,-86.0232
210.3,node[15],1,5771.3369,3872.1228,1.8950,13.1761,-0.4475,1.0810,-21156414#0,-78.5718,-0.7601,100.0000,default,17,rsu(668m),932,21769,0.1324,668,2.0239,4,6,-78.5718,-95.5615,direct,0.0500,26.4000,-86.0355
210.4,node[15],1,5771.9590,3870.9561,1.8950,13.2218,0.4571,1.0810,-21156414#0,-85.4536,-5.0000,100.0000,default,17,rsu(669m),933,21802,0.0180,669,2.0265,2,2,-85.4536,-102.4433,direct,0.0500,26.4000,-86.0480
210.5,node[15],1,5772.5806,3869.7902,1.8950,13.2127,-0.0913,1.0810,-21156414#0,-83.2273,-5.0000,100.0000,default,17,rsu(669m),934,21835,0.0180,669,2.0161,2,2,-83.2273,-100.2170,direct,0.0500,26.4000,-86.0605
210.6,node[15],1,5773.2039,3868.6212,1.8950,13.2484,0.3565,1.0810,-21156414#0,-83.2649,-5.0000,100.0000,default,17,rsu(670m),935,21868,0.0180,670,2.0186,2,2,-83.2649,-100.2546,direct,0.0500,26.4000,-86.0731
210.7,node[15],1,5773.8257,3867.4549,1.8950,13.2173,-0.3110,1.0810,-21156414#0,-77.9913,-1.2731,100.0000,default,17,rsu(671m),936,21901,0.1056,671,2.0212,3,4,-77.9913,-94.9810,direct,0.0500,26.4000,-86.0857
210.8,node[15],1,5774.4446,3866.2941,1.8950,13.1541,-0.6316,1.0810,-21156414#0,-80.8592,-3.2455,100.0000,default,17,rsu(672m),937,21934,0.0422,672,2.0237,2,2,-80.8592,-97.8489,direct,0.0500,26.4000,-86.0982
210.9,node[15],1,5775.0683,3865.1244,1.8950,13.2560,1.0187,1.0810,-21156414#0,-84.6906,-5.0000,100.0000,default,17,rsu(673m),938,21967,0.0180,673,2.0262,2,2,-84.6906,-101.6803,direct,0.0500,26.4000,-86.1108
211,node[15],1,5775.6901,3863.9580,1.8950,13.2185,-0.3744,1.0810,-21156414#0,-91.0141,-5.0000,100.0000,default,17,rsu(674m),939,22000,0.0180,674,2.0158,2,2,-91.0141,-108.0038,direct,0.0500,26.4000,-86.1234
211.1,node[15],1,5776.3144,3862.7873,1.8950,13.2676,0.4912,1.0810,-21156414#0,-77.3227,-0.1119,100.0000,default,17,rsu(675m),940,22033,0.1742,675,2.0183,4,6,-77.3227,-94.3124,direct,0.0500,26.4000,-86.1360
211.2,node[15],1,5776.9334,3861.6262,1.8950,13.1583,-1.0933,1.0810,-21156414#0,-92.8087,-5.0000,100.0000,default,17,rsu(676m),941,22065,0.0180,676,2.0207,2,2,-92.8087,-109.7984,direct,0.0500,26.0000,-86.1484
211.3,node[15],1,5777.5570,3860.4566,1.8950,13.2542,0.9592,1.0810,-21156414#0,-89.1001,-5.0000,100.0000,default,17,rsu(677m),942,22098,0.0180,677,2.0232,2,2,-89.1001,-106.0898,direct,0.0500,26.0000,-86.1609
211.4,node[15],1,5778.1800,3859.2881,1.8950,13.2419,-0.1232,1.0810,-21156414#0,-77.3844,-1.9950,100.0000,default,17,rsu(678m),943,22131,0.0760,678,2.0257,3,4,-77.3844,-94.3741,direct,0.0500,26.4000,-86.1733
211.5,node[15],1,5778.8044,3858.1170,1.8950,13.2721,0.3017,1.0810,-21156414#0,-87.6660,-5.0000,100.0000,default,17,rsu(678m),944,22164,0.0180,678,2.0151,2,2,-87.6660,-104.6557,direct,0.0500,26.4000,-86.1857
211.6,node[15],1,5779.4268,3856.9496,1.8950,13.2294,-0.4269,1.0810,-21156414#0,-83.2656,-4.3226,100.0000,default,17,rsu(679m),945,22197,0.0251,679,2.0176,2,2,-83.2656,-100.2553,direct,0.0500,26.4000,-86.1980
211.7,node[15],1,5780.0508,3855.7793,1.8950,13.2630,0.3361,1.0810,-21156414#0,-79.0288,-0.0941,100.0000,default,17,rsu(680m),946,22229,0.1755,680,2.0200,4,6,-79.0288,-96.0185,direct,0.0500,26.4000,-86.2101
211.8,node[15],1,5780.6719,3854.6144,1.8950,13.2015,-0.6150,1.0810,-21156414#0,-85.0621,-5.0000,100.0000,default,17,rsu(681m),947,22261,0.0180,681,2.0224,2,2,-85.0621,-102.0518,direct,0.0500,25.6000,-86.2222
211.9,node[15],1,5781.2960,3853.4439,1.8950,13.2654,0.6393,1.0810,-21156414#0,-105.6543,-5.0000,100.0000,default,17,rsu(682m),948,22294,0.0180,682,2.0248,2,2,-105.6543,-122.6440,direct,0.0500,25.6000,-86.2341
212,node[15],1,5781.9196,3852.2743,1.8950,13.2545,-0.1097,1.0810,-21156414#0,-85.4764,-5.0000,100.0000,default,17,rsu(683m),949,22327,0.0180,683,2.0142,2,2,-85.4764,-102.4661,direct,0.0500,26.4000,-86.2459
212.1,node[15],1,5782.5415,3851.1078,1.8950,13.2194,-0.3505,1.0810,-21156414#0,-87.5040,-5.0000,100.0000,default,17,rsu(684m),950,22360,0.0180,684,2.0165,2,2,-87.5040,-104.4937,direct,0.0500,26.4000,-86.2575
212.2,node[15],1,5783.1653,3849.9378,1.8950,13.2593,0.3985,1.0810,-21156414#0,-90.4323,-5.0000,100.0000,default,17,rsu(685m),951,22392,0.0180,685,2.0189,2,2,-90.4323,-107.4220,direct,0.0500,26.0000,-86.2691
212.3,node[15],1,5783.7867,3848.7723,1.8950,13.2084,-0.5091,1.0810,-21156414#0,-92.8751,-5.0000,100.0000,default,17,rsu(686m),952,22425,0.0180,686,2.0212,2,2,-92.8751,-109.8648,direct,0.0500,26.0000,-86.2805
212.4,node[15],1,5784.4072,3847.6086,1.8950,13.1881,-0.2030,1.0810,-21156414#0,-84.5350,-5.0000,100.0000,default,17,rsu(687m),953,22458,0.0180,687,2.0235,2,2,-84.5350,-101.5247,direct,0.0500,26.4000,-86.2917
212.5,node[15],1,5785.0280,3846.4443,1.8950,13.1945,0.0645,1.0810,-21156414#0,-83.0452,-3.9479,100.0000,default,17,rsu(688m),954,22491,0.0301,688,2.0258,2,2,-83.0452,-100.0349,direct,0.0500,26.4000,-86.3028
212.6,node[15],1,5785.6478,3845.2816,1.8950,13.1757,-0.1879,1.0810,-21156414#0,-81.7324,-5.0000,100.0000,default,17,rsu(688m),955,22524,0.0180,688,2.0151,2,2,-81.7324,-98.7221,direct,0.0500,26.4000,-86.3138
212.7,node[15],1,5786.2677,3844.1191,1.8950,13.1745,-0.0125,1.0810,-21156414#0,-86.2676,-5.0000,100.0000,default,17,rsu(689m),956,22557,0.0180,689,2.0173,2,2,-86.2676,-103.2573,direct,0.0500,26.4000,-86.3246
212.8,node[15],1,5786.8869,3842.9577,1.8950,13.1622,-0.1231,1.0810,-21156414#0,-89.1473,-5.0000,100.0000,default,17,rsu(690m),957,22589,0.0180,690,2.0196,2,2,-89.1473,-106.1370,direct,0.0500,26.0000,-86.3353
212.9,node[15],1,5787.5094,3841.7901,1.8950,13.2322,0.7004,1.0810,-21156414#0,-94.6091,-5.0000,100.0000,default,17,rsu(691m),958,22622,0.0180,691,2.0218,2,2,-94.6091,-111.5988,direct,0.0500,26.0000,-86.3459
213,node[15],1,5788.1310,3840.6242,1.8950,13.2120,-0.2025,1.0810,-21156414#0,-81.2737,-2.1484,100.0000,default,17,rsu(692m),959,22655,0.0708,692,2.0240,3,4,-81.2737,-98.2634,direct,0.0500,26.4000,-86.3563
213.1,node[15],1,5788.7517,3839.4601,1.8950,13.1926,-0.1936,1.0810,-21156414#0,-91.2949,-5.0000,100.0000,default,18,rsu(693m),960,22688,0.0180,693,2.0262,2,2,-91.2949,-108.2846,direct,0.0500,26.4000,-86.2708
213.2,node[15],1,5789.3722,3838.2964,1.8950,13.1883,-0.0430,1.0810,-21156414#0,-77.2433,-3.4026,100.0000,default,18,rsu(694m),961,22721,0.0391,694,2.0154,2,2,-77.2433,-94.2330,direct,0.0500,26.4000,-86.2801
213.3,node[15],1,5789.9931,3837.1318,1.8950,13.1977,0.0944,1.0810,-21156414#0,-78.5955,-1.2500,100.0000,default,18,rsu(695m),962,22754,0.1067,695,2.0175,3,4,-78.5955,-95.5852,direct,0.0500,26.4000,-86.2893
213.4,node[15],1,5790.6150,3835.9653,1.8950,13.2192,0.2145,1.0810,-21156414#0,-79.3619,-4.5471,100.0000,default,18,rsu(696m),963,22786,0.0225,696,2.0197,2,2,-79.3619,-96.3516,direct,0.0500,26.0000,-86.2990
213.5,node[15],1,5791.2369,3834.7989,1.8950,13.2183,-0.0087,1.0810,-21156414#0,-78.0827,1.1630,100.0000,default,18,rsu(697m),964,22819,0.2853,697,2.0218,5,8,-78.0827,-95.0724,direct,0.0500,26.0000,-86.3072
213.6,node[15],1,5791.8589,3833.6322,1.8950,13.2219,0.0359,1.0810,-21156414#0,-88.2533,-5.0000,100.0000,default,18,rsu(698m),965,22852,0.0180,698,2.0239,2,2,-88.2533,-105.2430,direct,0.0500,26.4000,-86.3159
213.7,node[15],1,5792.4829,3832.4620,1.8950,13.2624,0.4051,1.0810,-21156414#0,-76.8599,1.9400,100.0000,default,18,rsu(699m),966,22884,0.3705,699,2.0259,5,8,-76.8599,-93.8496,direct,0.0500,26.4000,-86.3252
213.8,node[15],1,5793.1028,3831.2992,1.8950,13.1771,-0.8536,1.0810,-21156414#0,-84.0390,-5.0000,100.0000,default,18,rsu(699m),967,22917,0.0180,699,2.0149,2,2,-84.0390,-101.0287,direct,0.0500,26.0000,-86.3329
213.9,node[15],1,5793.7266,3830.1292,1.8950,13.2588,0.8171,1.0810,-21156414#0,-88.3964,-5.0000,100.0000,default,18,rsu(700m),968,22949,0.0180,700,2.0170,2,2,-88.3964,-105.3861,direct,0.0500,26.0000,-86.3418
214,node[15],1,5794.3489,3828.9621,1.8950,13.2266,-0.3213,1.0810,-21156414#0,-84.2875,-5.0000,100.0000,default,18,rsu(701m),969,22982,0.0180,701,2.0189,2,2,-84.2875,-101.2772,direct,0.0500,26.0000,-86.3491
214.1,node[15],1,5794.9708,3827.7957,1.8950,13.2192,-0.0749,1.0810,-21156414#0,-84.8324,-5.0000,100.0000,default,18,rsu(702m),970,23015,0.0180,702,2.0209,2,2,-84.8324,-101.8221,direct,0.0500,26.0000,-86.3570
214.2,node[15],1,5795.5949,3826.6251,1.8950,13.2655,0.4631,1.0810,-21156414#0,-80.4463,-5.0000,100.0000,default,18,rsu(703m),971,23048,0.0180,703,2.0228,2,2,-80.4463,-97.4360,direct,0.0500,26.4000,-86.3647
214.3,node[15],1,5796.2153,3825.4616,1.8950,13.1854,-0.8003,1.0810,-21156414#0,-81.8831,-3.9511,100.0000,default,18,rsu(704m),972,23081,0.0300,704,2.0247,2,2,-81.8831,-98.8728,direct,0.0500,26.4000,-86.3722
214.4,node[15],1,5796.8392,3824.2913,1.8950,13.2624,0.7701,1.0810,-21156414#0,-86.0627,-5.0000,100.0000,default,18,rsu(705m),973,23114,0.0180,705,2.0266,2,2,-86.0627,-103.0524,direct,0.0500,26.4000,-86.3796
214.5,node[15],1,5797.4609,3823.1253,1.8950,13.2145,-0.4796,1.0810,-21156414#0,-87.2442,-5.0000,100.0000,default,18,rsu(706m),974,23146,0.0180,706,2.0155,2,2,-87.2442,-104.2339,direct,0.0500,26.4000,-86.3875
214.6,node[15],1,5798.0856,3821.9536,1.8950,13.2784,0.6393,1.0810,-21156414#0,-77.5308,0.4920,100.0000,default,18,rsu(707m),975,23179,0.2220,707,2.0173,4,6,-77.5308,-94.5205,direct,0.0500,26.0000,-86.3938
214.7,node[15],1,5798.7094,3820.7838,1.8950,13.2573,-0.2106,1.0810,-21156414#0,-80.3704,-4.9599,100.0000,default,18,rsu(708m),976,23212,0.0183,708,2.0191,2,2,-80.3704,-97.3601,direct,0.0500,26.0000,-86.4007
214.8,node[15],1,5799.3342,3819.6119,1.8950,13.2807,0.2338,1.0810,-21156414#0,-92.5176,-5.0000,100.0000,default,18,rsu(709m),977,23245,0.0180,709,2.0209,2,2,-92.5176,-109.5073,direct,0.0500,26.4000,-86.4074
214.9,node[15],1,5799.9558,3818.4460,1.8950,13.2122,-0.6851,1.0810,-21156414#0,-83.8587,-5.0000,100.0000,default,18,rsu(710m),978,23278,0.0180,710,2.0226,2,2,-83.8587,-100.8484,direct,0.0500,26.4000,-86.4140
215,node[15],1,5800.5762,3817.2823,1.8950,13.1880,-0.2423,1.0810,-21156414#0,-84.4590,-5.0000,100.0000,default,18,rsu(711m),979,23311,0.0180,711,2.0244,2,2,-84.4590,-101.4487,direct,0.0500,26.4000,-86.4205
215.1,node[15],1,5801.1977,3816.1168,1.8950,13.2088,0.2079,1.0810,-21156414#0,-80.8433,-2.4344,100.0000,default,18,rsu(712m),980,23344,0.0620,712,2.0261,3,4,-80.8433,-97.8330,direct,0.0500,26.4000,-86.4268
215.2,node[15],1,5801.8210,3814.9476,1.8950,13.2497,0.4092,1.0810,-21156414#0,-87.6094,-5.0000,100.0000,default,18,rsu(713m),981,23376,0.0180,713,2.0147,2,2,-87.6094,-104.5991,direct,0.0500,26.0000,-86.4338
215.3,node[15],1,5802.4437,3813.7796,1.8950,13.2360,-0.1366,1.0810,-21156414#0,-78.8557,-1.6045,100.0000,default,18,rsu(714m),982,23409,0.0909,714,2.0164,3,4,-78.8557,-95.8454,direct,0.0500,26.0000,-86.4390
215.4,node[15],1,5803.0630,3812.6183,1.8950,13.1613,-0.7469,1.0810,-21156414#0,-77.2521,-3.3421,100.0000,default,18,rsu(715m),983,23442,0.0403,715,2.0180,2,2,-77.2521,-94.2418,direct,0.0500,26.4000,-86.4448
215.5,node[15],1,5803.6832,3811.4549,1.8950,13.1838,0.2244,1.0810,-21156414#0,-80.4668,-3.8593,100.0000,default,18,rsu(715m),984,23475,0.0314,715,2.0196,2,2,-80.4668,-97.4565,direct,0.0500,26.4000,-86.4506
215.6,node[15],1,5804.3050,3810.2887,1.8950,13.2163,0.3251,1.0810,-21156414#0,-81.3539,-4.2065,100.0000,default,18,rsu(716m),985,23507,0.0265,716,2.0212,2,2,-81.3539,-98.3436,direct,0.0500,26.0000,-86.4571
215.7,node[15],1,5804.9294,3809.1175,1.8950,13.2727,0.5641,1.0810,-21156414#0,-88.3464,-5.0000,100.0000,default,18,rsu(717m),986,23539,0.0180,717,2.0227,2,2,-88.3464,-105.3361,direct,0.0500,26.0000,-86.4633
215.8,node[15],1,5805.5499,3807.9538,1.8950,13.1880,-0.8471,1.0810,-21156414#0,-82.1971,-4.1256,100.0000,default,19,rsu(718m),987,23573,0.0276,718,2.0143,2,2,-82.1971,-99.1868,direct,0.0500,26.4000,-86.4574
215.9,node[15],1,5806.1692,3806.7923,1.8950,13.1634,-0.2455,1.0810,-21156414#0,-84.1678,-5.0000,100.0000,default,19,rsu(719m),988,23606,0.0180,719,2.0187,2,2,-84.1678,-101.1575,direct,0.0500,26.4000,-86.4631
216,node[15],1,5806.7891,3805.6297,1.8950,13.1757,0.1223,1.0810,-21156414#0,-86.2301,-5.0000,100.0000,default,19,rsu(720m),989,23640,0.0180,720,2.0232,2,2,-86.2301,-103.2198,direct,0.0500,26.8000,-86.4670
216.1,node[15],1,5807.4113,3804.4627,1.8950,13.2246,0.4893,1.0810,-21156414#0,-82.2419,-4.4194,100.0000,default,19,rsu(721m),990,23674,0.0239,721,2.0146,2,2,-82.2419,-99.2316,direct,0.0500,26.8000,-86.4714
216.2,node[15],1,5808.0329,3803.2968,1.8950,13.2125,-0.1214,1.0810,-21156414#0,-80.3452,-2.5618,100.0000,default,19,rsu(722m),991,23708,0.0584,722,2.0189,3,4,-80.3452,-97.3349,direct,0.0500,27.2000,-86.4757
216.3,node[15],1,5808.6553,3802.1294,1.8950,13.2298,0.1730,1.0810,-21156414#0,-81.2124,-2.3564,100.0000,default,19,rsu(723m),992,23742,0.0643,723,2.0232,3,4,-81.2124,-98.2021,direct,0.0500,27.2000,-86.4798
216.4,node[15],1,5809.2753,3800.9665,1.8950,13.1793,-0.5049,1.0810,-21156414#0,-77.6579,1.2087,100.0000,default,19,rsu(724m),993,23776,0.2899,724,2.0145,5,8,-77.6579,-94.6476,direct,0.0500,27.2000,-86.4836
216.5,node[15],1,5809.8984,3799.7978,1.8950,13.2441,0.6485,1.0810,-21156414#0,-78.8065,-2.0617,100.0000,default,19,rsu(725m),994,23810,0.0737,725,2.0187,3,4,-78.8065,-95.7962,direct,0.0500,27.2000,-86.4873
216.6,node[15],1,5810.5173,3798.6370,1.8950,13.1547,-0.8942,1.0810,-21156414#0,-76.3934,-0.8566,100.0000,default,19,rsu(726m),995,23844,0.1269,726,2.0229,4,6,-76.3934,-93.3831,direct,0.0500,27.2000,-86.4908
216.7,node[15],1,5811.1388,3797.4713,1.8950,13.2106,0.5585,1.0810,-21156414#0,-81.2273,-3.3521,100.0000,default,19,rsu(727m),996,23878,0.0401,727,2.0140,2,2,-81.2273,-98.2170,direct,0.0500,27.2000,-86.4941
216.8,node[15],1,5811.7633,3796.3001,1.8950,13.2733,0.6276,1.0810,-21156414#0,-84.3897,-5.0000,100.0000,default,19,rsu(728m),997,23912,0.0180,728,2.0181,2,2,-84.3897,-101.3794,direct,0.0500,27.2000,-86.4972
216.9,node[15],1,5812.3882,3795.1282,1.8950,13.2813,0.0796,1.0810,-21156414#0,-81.2667,-2.0065,100.0000,default,19,rsu(729m),998,23945,0.0756,729,2.0221,3,4,-81.2667,-98.2564,direct,0.0500,27.2000,-86.5011
217,node[15],1,5813.0113,3793.9594,1.8950,13.2455,-0.3574,1.0810,-21156414#0,-77.0961,-1.3507,100.0000,default,19,rsu(730m),999,23979,0.1020,730,2.0261,3,4,-77.0961,-94.0858,direct,0.0500,26.8000,-86.5030
217.1,node[15],1,5813.6326,3792.7941,1.8950,13.2052,-0.4032,1.0810,-21156414#0,-88.2636,-5.0000,100.0000,default,19,rsu(731m),1000,24012,0.0180,731,2.0170,2,2,-88.2636,-105.2533,direct,0.0500,26.8000,-86.5066
217.2,node[15],1,5814.2533,3791.6299,1.8950,13.1941,-0.1114,1.0810,-21156414#0,-88.8435,-5.0000,100.0000,default,19,rsu(732m),1001,24046,0.0180,732,2.0209,2,2,-88.8435,-105.8332,direct,0.0500,26.8000,-86.5081
217.3,node[15],1,5814.8767,3790.4608,1.8950,13.2487,0.5457,1.0810,-21156414#0,-77.4675,1.2760,100.0000,default,19,rsu(733m),1002,24080,0.2969,733,2.0247,5,8,-77.4675,-94.4572,direct,0.0500,26.8000,-86.5104
217.4,node[15],1,5815.5002,3789.2912,1.8950,13.2545,0.0587,1.0810,-21156414#0,-88.1150,-5.0000,100.0000,default,19,rsu(734m),1003,24114,0.0180,734,2.0155,2,2,-88.1150,-105.1047,direct,0.0500,27.2000,-86.5125
217.5,node[15],1,5816.1233,3788.1226,1.8950,13.2434,-0.1109,1.0810,-21156414#0,-81.3666,-4.7284,100.0000,default,19,rsu(735m),1004,24148,0.0205,735,2.0192,2,2,-81.3666,-98.3563,direct,0.0500,27.2000,-86.5146
217.6,node[15],1,5816.7456,3786.9555,1.8950,13.2265,-0.1692,1.0810,-21156414#0,-83.9458,-5.0000,100.0000,default,19,rsu(736m),1005,24182,0.0180,736,2.0229,2,2,-83.9458,-100.9355,direct,0.0500,27.2000,-86.5165
217.7,node[15],1,5817.3701,3785.7841,1.8950,13.2749,0.4837,1.0810,-21156414#0,-84.5620,-5.0000,100.0000,default,19,rsu(737m),1006,24215,0.0180,737,2.0265,2,2,-84.5620,-101.5517,direct,0.0500,27.2000,-86.5193
217.8,node[15],1,5817.9900,3784.6215,1.8950,13.1757,-0.9916,1.0810,-21156414#0,-80.6556,-1.8844,100.0000,default,19,rsu(738m),1007,24249,0.0800,738,2.0170,3,4,-80.6556,-97.6453,direct,0.0500,26.8000,-86.5199
217.9,node[15],1,5818.6115,3783.4557,1.8950,13.2112,0.3548,1.0810,-21156414#0,-90.4297,-5.0000,100.0000,default,19,rsu(739m),1008,24282,0.0180,739,2.0205,2,2,-90.4297,-107.4194,direct,0.0500,26.8000,-86.5224
218,node[15],1,5819.2315,3782.2931,1.8950,13.1764,-0.3485,1.0810,-21156414#0,-85.6135,-5.0000,100.0000,default,19,rsu(740m),1009,24316,0.0180,740,2.0240,2,2,-85.6135,-102.6032,direct,0.0500,26.8000,-86.5228
218.1,node[15],1,5819.8545,3781.1245,1.8950,13.2430,0.6669,1.0810,-21156414#0,-79.0307,-1.1574,100.0000,default,19,rsu(741m),1010,24350,0.1112,741,2.0143,3,4,-79.0307,-96.0204,direct,0.0500,26.8000,-86.5242
218.2,node[15],1,5820.4774,3779.9562,1.8950,13.2397,-0.0338,1.0810,-21156414#0,-81.0240,-3.9118,100.0000,default,19,rsu(742m),1011,24384,0.0306,742,2.0177,2,2,-81.0240,-98.0137,direct,0.0500,27.2000,-86.5254
218.3,node[15],1,5821.1010,3778.7867,1.8950,13.2541,0.1444,1.0810,-21156414#0,-80.5212,-3.3271,100.0000,default,19,rsu(743m),1012,24418,0.0406,743,2.0209,2,2,-80.5212,-97.5109,direct,0.0500,27.2000,-86.5266
218.4,node[15],1,5821.7219,3777.6220,1.8950,13.1992,-0.5494,1.0810,-21156414#0,-82.1705,-5.0000,100.0000,default,19,rsu(744m),1013,24452,0.0180,744,2.0241,2,2,-82.1705,-99.1602,direct,0.0500,27.2000,-86.5276
218.5,node[15],1,5822.3414,3776.4601,1.8950,13.1674,-0.3181,1.0810,-21156414#0,-82.9757,-5.0000,100.0000,default,19,rsu(745m),1014,24486,0.0180,745,2.0142,2,2,-82.9757,-99.9654,direct,0.0500,27.2000,-86.5286
218.6,node[15],1,5822.9621,3775.2960,1.8950,13.1916,0.2429,1.0810,-21156414#0,-78.6002,-4.2582,100.0000,default,19,rsu(746m),1015,24520,0.0259,746,2.0173,2,2,-78.6002,-95.5899,direct,0.0500,27.2000,-86.5295
218.7,node[15],1,5823.5864,3774.1251,1.8950,13.2699,0.7823,1.0810,-21156414#0,-80.0099,-3.2432,100.0000,default,19,rsu(747m),1016,24554,0.0422,747,2.0203,2,2,-80.0099,-96.9996,direct,0.0500,27.2000,-86.5304
218.8,node[15],1,5824.2087,3772.9579,1.8950,13.2269,-0.4298,1.0810,-21156414#0,-80.8654,-5.0000,100.0000,default,19,rsu(747m),1017,24588,0.0180,747,2.0233,2,2,-80.8654,-97.8551,direct,0.0500,27.2000,-86.5312
218.9,node[15],1,5824.8261,3771.7999,1.8950,13.1236,-1.0333,1.0810,-21156414#0,-84.0498,-5.0000,100.0000,default,19,rsu(748m),1018,24622,0.0180,748,2.0261,2,2,-84.0498,-101.0395,direct,0.0500,27.2000,-86.5319
219,node[15],1,5825.4232,3770.6799,1.8950,12.6924,-4.3115,1.0810,-21156414#0,-84.9222,-5.0000,100.0000,default,19,rsu(749m),1019,24656,0.0180,749,2.0159,2,2,-84.9222,-101.9119,direct,0.0500,27.2000,-86.5325
219.1,node[15],1,5826.0001,3769.5979,1.8950,12.2622,-4.3024,1.0810,-21156414#0,-83.4195,-4.4635,100.0000,default,19,rsu(750m),1020,24689,0.0234,750,2.0187,2,2,-83.4195,-100.4092,direct,0.0500,27.2000,-86.5341
219.2,node[15],1,5826.5558,3768.5556,1.8950,11.8122,-4.5000,1.0810,-21156414#0,-91.2956,-5.0000,100.0000,default,19,rsu(751m),1021,24722,0.0180,751,2.0214,2,2,-91.2956,-108.2853,direct,0.0500,26.4000,-86.5356
219.3,node[15],1,5827.0904,3767.5530,1.8950,11.3622,-4.5000,1.0810,-21156414#0,-89.1352,-5.0000,100.0000,default,19,rsu(752m),1022,24756,0.0180,752,2.0240,2,2,-89.1352,-106.1249,direct,0.0500,26.4000,-86.5344
219.4,node[15],1,5827.6047,3766.5883,1.8950,10.9323,-4.2989,1.0810,-21156414#0,-86.7892,-5.0000,100.0000,default,19,rsu(753m),1023,24790,0.0180,753,2.0265,2,2,-86.7892,-103.7789,direct,0.0500,27.2000,-86.5350
219.5,node[15],1,5828.0979,3765.6634,1.8950,10.4823,-4.5000,1.0810,-21156414#0,-84.0254,-5.0000,100.0000,default,19,rsu(754m),1024,24824,0.0180,754,2.0160,2,2,-84.0254,-101.0151,direct,0.0500,27.2000,-86.5356
219.6,node[15],1,5828.5699,3764.7781,1.8950,10.0323,-4.5000,1.0810,-21156414#0,-80.4339,-5.0000,100.0000,default,19,rsu(754m),1025,24858,0.0180,754,2.0183,2,2,-80.4339,-97.4236,direct,0.0500,27.2000,-86.5362
219.7,node[15],1,5829.0207,3763.9326,1.8950,9.5823,-4.5000,1.0810,-21156414#0,-84.9743,-5.0000,100.0000,default,19,rsu(755m),1026,24892,0.0180,755,2.0207,2,2,-84.9743,-101.9640,direct,0.0500,27.2000,-86.5368
219.8,node[15],1,5829.4504,3763.1267,1.8950,9.1323,-4.5000,1.0810,-21156414#0,-89.5370,-5.0000,100.0000,default,19,rsu(756m),1027,24925,0.0180,756,2.0229,2,2,-89.5370,-106.5267,direct,0.0500,26.8000,-86.5381
219.9,node[15],1,5829.8588,3762.3606,1.8950,8.6823,-4.5000,1.0810,-21156414#0,-81.5019,-5.0000,100.0000,default,19,rsu(757m),1028,24959,0.0180,757,2.0251,2,2,-81.5019,-98.4916,direct,0.0500,26.8000,-86.5381
220,node[15],1,5830.2461,3761.6342,1.8950,8.2323,-4.5000,1.0810,-21156414#0,-86.5353,-5.0000,100.0000,default,19,rsu(757m),1029,24993,0.0180,757,2.0142,2,2,-86.5353,-103.5250,direct,0.0500,27.2000,-86.5390
220.1,node[15],1,5830.6123,3760.9475,1.8950,7.7823,-4.5000,1.0810,-21156414#0,-85.8261,-5.0000,100.0000,default,19,rsu(758m),1030,25027,0.0180,758,2.0162,2,2,-85.8261,-102.8158,direct,0.0500,27.2000,-86.5400
220.2,node[15],1,5830.9572,3760.3005,1.8950,7.3323,-4.5000,1.0810,-21156414#0,-83.0830,-5.0000,100.0000,default,19,rsu(758m),1031,25060,0.0180,758,2.0181,2,2,-83.0830,-100.0727,direct,0.0500,26.8000,-86.5419
220.3,node[15],1,5831.2810,3759.6932,1.8950,6.8823,-4.5000,1.0810,-21156414#0,-80.9917,-5.0000,100.0000,default,19,rsu(759m),1032,25093,0.0180,759,2.0200,2,2,-80.9917,-97.9814,direct,0.0500,26.8000,-86.5438
220.4,node[15],1,5831.5837,3759.1256,1.8950,6.4323,-4.5000,1.0810,-21156414#0,-85.7682,-5.0000,100.0000,default,19,rsu(759m),1033,25127,0.0180,759,2.0218,2,2,-85.7682,-102.7579,direct,0.0500,26.8000,-86.5438
220.5,node[15],1,5831.8985,3758.5351,1.8950,6.6923,2.6000,1.0810,-21156414#0,-86.0024,-5.0000,100.0000,default,19,rsu(760m),1034,25161,0.0180,760,2.0235,2,2,-86.0024,-102.9921,direct,0.0500,26.8000,-86.5455
220.6,node[15],1,5832.2256,3757.9216,1.8950,6.9523,2.6000,1.0810,-21156414#0,-83.9705,-5.0000,100.0000,default,19,rsu(760m),1035,25195,0.0180,760,2.0251,2,2,-83.9705,-100.9602,direct,0.0500,27.2000,-86.5473
220.7,node[15],1,5832.5649,3757.2852,1.8950,7.2123,2.6000,1.0810,-21156414#0,-81.9134,-5.0000,100.0000,default,19,rsu(761m),1036,25229,0.0180,761,2.0137,2,2,-81.9134,-98.9031,direct,0.0500,27.2000,-86.5491
220.8,node[15],1,5832.9165,3756.6258,1.8950,7.4723,2.6000,1.0810,-21156414#0,-85.5224,-5.0000,100.0000,default,19,rsu(761m),1037,25263,0.0180,761,2.0152,2,2,-85.5224,-102.5121,direct,0.0500,27.2000,-86.5510
220.9,node[15],1,5833.2613,3755.9791,1.8950,7.3290,-1.4330,1.0810,-21156414#0,-82.2436,-5.0000,100.0000,default,19,rsu(762m),1038,25297,0.0180,762,2.0166,2,2,-82.2436,-99.2333,direct,0.0500,27.2000,-86.5531
221,node[15],1,5833.5849,3755.3721,1.8950,6.8790,-4.5000,1.0810,-21156414#0,-84.4314,-5.0000,100.0000,default,19,rsu(762m),1039,25331,0.0180,762,2.0179,2,2,-84.4314,-101.4211,direct,0.0500,27.2000,-86.5553
221.1,node[15],1,5833.9475,3754.8425,1.8950,6.4290,-4.5000,1.0668,:493700236_0,-84.1384,-5.0000,100.0000,default,19,rsu(763m),1040,25365,0.0180,763,2.0191,2,2,-84.1384,-101.1281,direct,0.0500,27.2000,-86.5577
221.2,node[15],1,5834.3264,3754.3234,1.8950,6.4270,-0.0198,1.0487,:493700236_0,-83.1558,-5.0000,100.0000,default,19,rsu(763m),1041,25399,0.0180,763,2.0265,2,2,-83.1558,-100.1455,direct,0.0500,27.2000,-86.5605
221.3,node[15],1,5834.6987,3753.8134,1.8950,6.3147,-1.1230,1.0309,:493700236_0,-81.7742,-4.5356,100.0000,default,19,rsu(764m),1042,25434,0.0226,764,2.0208,2,2,-81.7742,-98.7639,direct,0.0500,27.2000,-86.5624
221.4,node[15],1,5835.0738,3753.2996,1.8950,6.3616,0.4685,1.0130,:493700236_0,-85.3613,-5.0000,100.0000,default,19,rsu(764m),1043,25469,0.0180,764,2.0237,2,2,-85.3613,-102.3510,direct,0.0500,28.0000,-86.5648
221.5,node[15],1,5835.6025,3752.9545,1.8950,6.3576,-0.0392,0.9503,:493700236_0,-81.5444,-5.0000,100.0000,default,19,rsu(764m),1044,25504,0.0180,764,2.0136,2,2,-81.5444,-98.5341,direct,0.0500,28.0000,-86.5675
221.6,node[15],1,5836.1466,3752.6280,1.8950,6.3451,-0.1252,0.8818,:493700236_0,-89.3724,-5.0000,100.0000,default,19,rsu(765m),1045,25539,0.0180,765,2.0165,2,2,-89.3724,-106.3621,direct,0.0500,28.0000,-86.5703
221.7,node[15],1,5836.6904,3752.3017,1.8950,6.3424,-0.0271,0.8126,:493700236_0,-86.4501,-5.0000,100.0000,default,19,rsu(765m),1046,25574,0.0180,765,2.0192,2,2,-86.4501,-103.4398,direct,0.0500,28.0000,-86.5731
221.8,node[15],1,5837.2924,3752.1809,1.8950,6.3056,-0.3681,0.7040,:493700236_0,-86.6531,-5.0000,100.0000,default,19,rsu(765m),1047,25609,0.0180,765,2.0219,2,2,-86.6531,-103.6428,direct,0.0500,28.0000,-86.5764
221.9,node[15],1,5837.9280,3752.1529,1.8950,6.3628,0.5721,0.5884,:493700236_0,-87.7414,-5.0000,100.0000,default,19,rsu(765m),1048,25643,0.0180,765,2.0245,2,2,-87.7414,-104.7311,direct,0.0500,28.0000,-86.5798
222,node[15],1,5838.5676,3752.1247,1.8950,6.4022,0.3938,0.4708,:493700236_0,-83.1386,-5.0000,100.0000,default,19,rsu(765m),1049,25678,0.0180,765,2.0140,2,2,-83.1386,-100.1283,direct,0.0500,27.6000,-86.5832
222.1,node[15],1,5839.1856,3752.2146,1.8950,6.3686,-0.3357,0.3321,:493700236_0,-90.2884,-5.0000,100.0000,default,19,rsu(764m),1050,25713,0.0180,764,2.0164,2,2,-90.2884,-107.2781,direct,0.0500,27.6000,-86.5868
222.2,node[15],1,5839.7814,3752.4329,1.8950,6.3450,-0.2366,0.1715,:493700236_0,-87.2923,-5.0000,100.0000,default,19,rsu(764m),1051,25747,0.0180,764,2.0188,2,2,-87.2923,-104.2820,direct,0.0500,27.6000,-86.5907
222.3,node[15],1,5840.3746,3752.6503,1.8950,6.3185,-0.2642,0.0560,:493700236_0,-86.8147,-5.0000,100.0000,default,19,rsu(764m),1052,25782,0.0180,764,2.0211,2,2,-86.8147,-103.8044,direct,0.0500,27.6000,-86.5944
222.4,node[15],1,5840.9757,3752.8705,1.8950,6.4019,0.8340,-0.0601,:493700236_0,-81.0973,-3.7993,100.0000,default,19,rsu(763m),1053,25817,0.0323,763,2.0233,2,2,-81.0973,-98.0870,direct,0.0500,28.0000,-86.5983
222.5,node[15],1,5841.5478,3753.1374,1.8950,6.3283,-0.7363,-0.1815,21151029#8,-85.3710,-5.0000,100.0000,default,19,rsu(763m),1054,25852,0.0180,763,2.0254,2,2,-85.3710,-102.3607,direct,0.0500,28.0000,-86.6022
222.6,node[15],1,5842.1220,3753.4481,1.8950,6.5287,2.0043,-0.2630,21151029#8,-84.2195,-5.0000,100.0000,default,19,rsu(763m),1055,25886,0.0180,763,2.0144,2,2,-84.2195,-101.2092,direct,0.0500,27.6000,-86.6062
222.7,node[15],1,5842.7160,3753.7694,1.8950,6.7531,2.2432,-0.3362,21151029#8,-86.2106,-5.0000,100.0000,default,19,rsu(762m),1056,25921,0.0180,762,2.0164,2,2,-86.2106,-103.2003,direct,0.0500,27.6000,-86.6102
222.8,node[15],1,5843.3223,3754.0975,1.8950,6.8931,1.4004,-0.4098,21151029#8,-80.0117,-4.9720,100.0000,default,19,rsu(762m),1057,25956,0.0182,762,2.0183,2,2,-80.0117,-97.0014,direct,0.0500,28.0000,-86.6143
222.9,node[15],1,5843.9473,3754.4356,1.8950,7.1054,2.1233,-0.4410,21151029#8,-81.9938,-5.0000,100.0000,default,19,rsu(761m),1058,25991,0.0180,761,2.0201,2,2,-81.9938,-98.9835,direct,0.0500,28.0000,-86.6184
223,node[15],1,5844.5931,3754.7850,1.8950,7.3423,2.3691,-0.4623,21151029#8,-79.1843,-0.1949,100.0000,default,19,rsu(761m),1059,26026,0.1683,761,2.0218,4,6,-79.1843,-96.1740,direct,0.0500,28.0000,-86.6226
223.1,node[15],1,5845.2591,3755.1454,1.8950,7.5726,2.3030,-0.4842,21151029#8,-90.1512,-5.0000,100.0000,default,19,rsu(760m),1060,26061,0.0180,760,2.0234,2,2,-90.1512,-107.1409,direct,0.0500,28.0000,-86.6268
223.2,node[15],1,5845.9465,3755.5173,1.8950,7.8151,2.4250,-0.4960,21151029#8,-86.8232,-5.0000,100.0000,default,19,rsu(760m),1061,26095,0.0180,760,2.0250,2,2,-86.8232,-103.8129,direct,0.0500,27.6000,-86.6312
223.3,node[15],1,5846.6549,3755.9007,1.8950,8.0546,2.3949,-0.4960,21151029#8,-89.6403,-5.0000,100.0000,default,19,rsu(759m),1062,26130,0.0180,759,2.0265,2,2,-89.6403,-106.6300,direct,0.0500,27.6000,-86.6355
223.4,node[15],1,5847.3843,3756.2953,1.8950,8.2921,2.3752,-0.4960,21151029#8,-82.3952,-5.0000,100.0000,default,19,rsu(759m),1063,26165,0.0180,759,2.0149,2,2,-82.3952,-99.3849,direct,0.0500,28.0000,-86.6398
223.5,node[15],1,5848.1261,3756.6966,1.8950,8.4337,1.4154,-0.4960,21151029#8,-86.4686,-5.0000,100.0000,default,19,rsu(758m),1064,26200,0.0180,758,2.0162,2,2,-86.4686,-103.4583,direct,0.0500,28.0000,-86.6442
223.6,node[15],1,5848.8858,3757.1077,1.8950,8.6382,2.0447,-0.4960,21151029#8,-88.3726,-5.0000,100.0000,default,19,rsu(758m),1065,26234,0.0180,758,2.0174,2,2,-88.3726,-105.3623,direct,0.0500,27.6000,-86.6487
223.7,node[15],1,5849.6668,3757.5303,1.8950,8.8790,2.4088,-0.4960,21151029#8,-89.3084,-5.0000,100.0000,default,20,rsu(757m),1066,26269,0.0180,757,2.0186,2,2,-89.3084,-106.2981,direct,0.0500,27.6000,-86.5513
223.8,node[15],1,5850.4621,3757.9606,1.8950,9.0425,1.6341,-0.4960,21151029#8,-79.7578,-1.0258,100.0000,default,20,rsu(756m),1067,26304,0.1179,756,2.0196,3,4,-79.7578,-96.7475,direct,0.0500,28.0000,-86.5555
223.9,node[15],1,5851.2724,3758.3990,1.8950,9.2121,1.6963,-0.4960,21151029#8,-83.8414,-4.8252,100.0000,default,20,rsu(756m),1068,26339,0.0196,756,2.0206,2,2,-83.8414,-100.8311,direct,0.0500,28.0000,-86.5596
224,node[15],1,5852.0951,3758.8441,1.8950,9.3538,1.4167,-0.4960,21151029#8,-90.2406,-5.0000,100.0000,default,20,rsu(755m),1069,26374,0.0180,755,2.0215,2,2,-90.2406,-107.2303,direct,0.0500,28.0000,-86.5638
224.1,node[15],1,5852.9397,3759.3011,1.8950,9.6024,2.4865,-0.4960,21151029#8,-83.8098,-5.0000,100.0000,default,20,rsu(755m),1070,26409,0.0180,755,2.0223,2,2,-83.8098,-100.7995,direct,0.0500,28.0000,-86.5680
224.2,node[15],1,5853.8058,3759.7697,1.8950,9.8468,2.4438,-0.4960,21151029#8,-84.5376,-5.0000,100.0000,default,20,rsu(754m),1071,26444,0.0180,754,2.0231,2,2,-84.5376,-101.5273,direct,0.0500,28.0000,-86.5722
224.3,node[15],1,5854.6873,3760.2467,1.8950,10.0226,1.7581,-0.4960,21151029#8,-82.4092,-5.0000,100.0000,default,20,rsu(753m),1072,26479,0.0180,753,2.0237,2,2,-82.4092,-99.3989,direct,0.0500,28.0000,-86.5764
224.4,node[15],1,5855.5849,3760.7323,1.8950,10.2051,1.8253,-0.4960,21151029#8,-88.2948,-5.0000,100.0000,default,20,rsu(753m),1073,26514,0.0180,753,2.0243,2,2,-88.2948,-105.2845,direct,0.0500,28.0000,-86.5807
224.5,node[15],1,5856.4960,3761.2253,1.8950,10.3586,1.5349,-0.4960,21151029#8,-87.5724,-5.0000,100.0000,default,20,rsu(752m),1074,26549,0.0180,752,2.0248,2,2,-87.5724,-104.5621,direct,0.0500,28.0000,-86.5849
224.6,node[15],1,5857.4253,3761.7281,1.8950,10.5657,2.0705,-0.4960,21151029#8,-80.7289,-4.0163,100.0000,default,20,rsu(751m),1075,26584,0.0291,751,2.0252,2,2,-80.7289,-97.7186,direct,0.0500,28.0000,-86.5891
224.7,node[15],1,5858.3699,3762.2392,1.8950,10.7394,1.7370,-0.4960,21151029#8,-92.4184,-5.0000,100.0000,default,20,rsu(751m),1076,26619,0.0180,751,2.0255,2,2,-92.4184,-109.4081,direct,0.0500,28.0000,-86.5933
224.8,node[15],1,5859.3307,3762.7590,1.8950,10.9237,1.8432,-0.4960,21151029#8,-84.2025,-5.0000,100.0000,default,20,rsu(750m),1077,26654,0.0180,750,2.0257,2,2,-84.2025,-101.1922,direct,0.0500,28.0000,-86.5975
224.9,node[15],1,5860.3140,3763.2911,1.8950,11.1793,2.5559,-0.4960,21151029#8,-85.2968,-5.0000,100.0000,default,20,rsu(749m),1078,26689,0.0180,749,2.0258,2,2,-85.2968,-102.2865,direct,0.0500,28.0000,-86.6014
225,node[15],1,5861.3150,3763.8327,1.8950,11.3811,2.0178,-0.4960,21151029#8,-83.9381,-5.0000,100.0000,default,20,rsu(749m),1079,26724,0.0180,749,2.0259,2,2,-83.9381,-100.9278,direct,0.0500,28.0000,-86.6053
225.1,node[15],1,5862.3299,3764.3818,1.8950,11.5389,1.5783,-0.4960,21151029#8,-95.5572,-5.0000,100.0000,default,20,rsu(748m),1080,26759,0.0180,748,2.0259,2,2,-95.5572,-112.5469,direct,0.0500,28.0000,-86.6091
225.2,node[15],1,5863.3591,3764.9387,1.8950,11.7014,1.6248,-0.4960,21151029#8,-79.7414,-0.8950,100.0000,default,20,rsu(747m),1081,26794,0.1248,747,2.0258,4,6,-79.7414,-96.7311,direct,0.0500,28.0000,-86.6129
225.3,node[15],1,5864.4036,3765.5038,1.8950,11.8761,1.7471,-0.4960,21151029#8,-77.6419,-2.1686,100.0000,default,20,rsu(746m),1082,26828,0.0702,746,2.0256,3,4,-77.6419,-94.6316,direct,0.0500,28.0000,-86.6166
225.4,node[15],1,5865.4619,3766.0764,1.8950,12.0315,1.5540,-0.4960,21151029#8,-81.9567,-3.4647,100.0000,default,20,rsu(746m),1083,26862,0.0380,746,2.0253,2,2,-81.9567,-98.9464,direct,0.0500,27.2000,-86.6203
225.5,node[15],1,5866.5347,3766.6569,1.8950,12.1970,1.6551,-0.4960,21151029#8,-85.3433,-5.0000,100.0000,default,20,rsu(745m),1084,26897,0.0180,745,2.0249,2,2,-85.3433,-102.3330,direct,0.0500,27.2000,-86.6236
225.6,node[15],1,5867.6280,3767.2484,1.8950,12.4305,2.3354,-0.4960,21151029#8,-88.8311,-5.0000,100.0000,default,20,rsu(744m),1085,26931,0.0180,744,2.0245,2,2,-88.8311,-105.8208,direct,0.0500,27.6000,-86.6272
225.7,node[15],1,5868.7431,3767.8518,1.8950,12.6781,2.4763,-0.4960,21151029#8,-81.8406,-4.7644,100.0000,default,20,rsu(743m),1086,26966,0.0202,743,2.0239,2,2,-81.8406,-98.8303,direct,0.0500,27.6000,-86.6305
225.8,node[15],1,5869.8782,3768.4659,1.8950,12.9049,2.2681,-0.4960,21151029#8,-86.6715,-5.0000,100.0000,default,20,rsu(743m),1087,27001,0.0180,743,2.0233,2,2,-86.6715,-103.6612,direct,0.0500,28.0000,-86.6338
225.9,node[15],1,5871.0315,3769.0899,1.8950,13.1122,2.0727,-0.4960,21151029#8,-83.7972,-5.0000,100.0000,default,20,rsu(742m),1088,27035,0.0180,742,2.0226,2,2,-83.7972,-100.7869,direct,0.0500,28.0000,-86.6370
226,node[15],1,5872.2050,3769.7249,1.8950,13.3426,2.3041,-0.4960,21151029#8,-80.2272,-3.9125,100.0000,default,20,rsu(741m),1089,27070,0.0306,741,2.0219,2,2,-80.2272,-97.2169,direct,0.0500,27.6000,-86.6399
226.1,node[15],1,5873.3983,3770.3705,1.8950,13.5670,2.2438,-0.4960,21151029#8,-88.6995,-5.0000,100.0000,default,20,rsu(740m),1090,27104,0.0180,740,2.0210,2,2,-88.6995,-105.6892,direct,0.0500,27.6000,-86.6430
226.2,node[15],1,5874.6128,3771.0276,1.8950,13.8077,2.4069,-0.4960,21151029#8,-81.6483,-3.3791,100.0000,default,20,rsu(739m),1091,27139,0.0396,739,2.0201,2,2,-81.6483,-98.6380,direct,0.0500,27.6000,-86.6457
226.3,node[15],1,5875.8460,3771.6949,1.8950,14.0213,2.1363,-0.4960,21151029#8,-78.6034,-0.6257,100.0000,default,20,rsu(738m),1092,27174,0.1403,738,2.0191,4,6,-78.6034,-95.5931,direct,0.0500,27.6000,-86.6486
226.4,node[15],1,5877.0951,3772.3707,1.8950,14.2013,1.8002,-0.4960,21151029#8,-86.7157,-5.0000,100.0000,default,20,rsu(737m),1093,27209,0.0180,737,2.0180,2,2,-86.7157,-103.7054,direct,0.0500,28.0000,-86.6513
226.5,node[15],1,5878.3581,3773.0541,1.8950,14.3598,1.5847,-0.4960,21151029#8,-81.2013,-3.0081,100.0000,default,20,rsu(737m),1094,27243,0.0472,737,2.0168,2,2,-81.2013,-98.1910,direct,0.0500,28.0000,-86.6541
226.6,node[15],1,5879.6360,3773.7456,1.8950,14.5292,1.6941,-0.4960,21151029#8,-82.9188,-5.0000,100.0000,default,20,rsu(736m),1095,27278,0.0180,736,2.0156,2,2,-82.9188,-99.9085,direct,0.0500,27.6000,-86.6566
226.7,node[15],1,5880.9357,3774.4487,1.8950,14.7759,2.4665,-0.4960,21151029#8,-85.5522,-5.0000,100.0000,default,20,rsu(735m),1096,27313,0.0180,735,2.0143,2,2,-85.5522,-102.5419,direct,0.0500,27.6000,-86.6592
226.8,node[15],1,5882.2548,3775.1625,1.8950,14.9975,2.2160,-0.4960,21151029#8,-86.5542,-5.0000,100.0000,default,20,rsu(734m),1097,27348,0.0180,734,2.0259,2,2,-86.5542,-103.5439,direct,0.0500,28.0000,-86.6617
226.9,node[15],1,5883.5928,3775.8864,1.8950,15.2126,2.1516,-0.4960,21151029#8,-85.8913,-5.0000,100.0000,default,20,rsu(733m),1098,27383,0.0180,733,2.0245,2,2,-85.8913,-102.8810,direct,0.0500,28.0000,-86.6642
227,node[15],1,5884.9428,3776.6168,1.8950,15.3486,1.3594,-0.4960,21151029#8,-77.7745,-0.4834,100.0000,default,20,rsu(732m),1099,27417,0.1491,732,2.0229,4,6,-77.7745,-94.7642,direct,0.0500,27.6000,-86.6668
227.1,node[15],1,5886.3090,3777.3561,1.8950,15.5334,1.8487,-0.4960,21151029#8,-81.6736,-2.7980,100.0000,default,20,rsu(731m),1100,27452,0.0522,731,2.0213,3,4,-81.6736,-98.6633,direct,0.0500,27.6000,-86.6692
227.2,node[15],1,5887.6936,3778.1052,1.8950,15.7412,2.0774,-0.4960,21151029#8,-84.0249,-5.0000,100.0000,default,20,rsu(730m),1101,27487,0.0180,730,2.0196,2,2,-84.0249,-101.0146,direct,0.0500,28.0000,-86.6717
227.3,node[15],1,5889.0985,3778.8654,1.8950,15.9736,2.3242,-0.4960,21151029#8,-85.4493,-5.0000,100.0000,default,20,rsu(729m),1102,27522,0.0180,729,2.0179,2,2,-85.4493,-102.4390,direct,0.0500,28.0000,-86.6741
227.4,node[15],1,5890.5207,3779.6349,1.8950,16.1697,1.9608,-0.4960,21151029#8,-83.8606,-5.0000,100.0000,default,20,rsu(728m),1103,27557,0.0180,728,2.0161,2,2,-83.8606,-100.8503,direct,0.0500,28.0000,-86.6766
227.5,node[15],1,5891.9612,3780.4143,1.8950,16.3771,2.0747,-0.4960,21151029#8,-84.1874,-5.0000,100.0000,default,20,rsu(727m),1104,27591,0.0180,727,2.0141,2,2,-84.1874,-101.1771,direct,0.0500,28.0000,-86.6791
227.6,node[15],1,5893.4226,3781.2050,1.8950,16.6150,2.3788,-0.4960,21151029#8,-81.9732,-3.3566,100.0000,default,20,rsu(726m),1105,27625,0.0400,726,2.0252,2,2,-81.9732,-98.9629,direct,0.0500,27.2000,-86.6816
227.7,node[15],1,5894.9030,3782.0060,1.8950,16.8318,2.1681,-0.4960,21151029#8,-82.8222,-5.0000,100.0000,default,20,rsu(725m),1106,27660,0.0180,725,2.0231,2,2,-82.8222,-99.8119,direct,0.0500,27.2000,-86.6839
227.8,node[15],1,5896.3981,3782.8149,1.8950,16.9986,1.6673,-0.4960,21151029#8,-85.0227,-5.0000,100.0000,default,20,rsu(724m),1107,27695,0.0180,724,2.0250,2,2,-85.0227,-102.0124,direct,0.0500,28.0000,-86.6864
227.9,node[15],1,5897.9094,3783.6326,1.8950,17.1821,1.8350,-0.4960,21151029#8,-81.8448,-5.0000,100.0000,default,20,rsu(723m),1108,27730,0.0180,723,2.0138,2,2,-81.8448,-98.8345,direct,0.0500,28.0000,-86.6889
228,node[15],1,5899.4429,3784.4615,1.8950,17.4311,2.4908,-0.4958,:10023473880_3,-82.6811,-5.0000,100.0000,default,20,rsu(722m),1109,27765,0.0180,722,2.0156,2,2,-82.6811,-99.6708,direct,0.0500,28.0000,-86.6914
228.1,node[15],1,5900.9909,3785.2982,1.8950,17.5953,1.6413,-0.4957,:10023473880_3,-92.0391,-5.0000,100.0000,default,20,rsu(721m),1110,27800,0.0180,721,2.0173,2,2,-92.0391,-109.0288,direct,0.0500,28.0000,-86.6938
228.2,node[15],1,5902.5576,3786.1450,1.8950,17.8069,2.1169,-0.4955,:10023473880_3,-81.1152,-5.0000,100.0000,default,20,rsu(720m),1111,27835,0.0180,720,2.0189,2,2,-81.1152,-98.1049,direct,0.0500,28.0000,-86.6962
228.3,node[15],1,5904.1436,3787.0023,1.8950,18.0273,2.2032,-0.4955,:10023473880_3,-85.3211,-5.0000,100.0000,default,20,rsu(719m),1112,27870,0.0180,719,2.0205,2,2,-85.3211,-102.3108,direct,0.0500,28.0000,-86.6985
228.4,node[15],1,5905.7413,3787.8659,1.8950,18.1608,1.3350,-0.4955,:10023473880_3,-88.6981,-5.0000,100.0000,default,20,rsu(718m),1113,27905,0.0180,718,2.0220,2,2,-88.6981,-105.6878,direct,0.0500,28.0000,-86.7008
228.5,node[15],1,5907.3548,3788.7384,1.8950,18.3430,1.8227,-0.4956,21151029#9,-80.4489,-5.0000,100.0000,default,20,rsu(717m),1114,27939,0.0180,717,2.0235,2,2,-80.4489,-97.4386,direct,0.0500,28.0000,-86.7031
228.6,node[15],1,5908.9873,3789.6213,1.8950,18.5607,2.1766,-0.4957,21151029#9,-78.9272,-2.1139,100.0000,default,20,rsu(716m),1115,27974,0.0720,716,2.0202,3,4,-78.9272,-95.9169,direct,0.0500,27.6000,-86.7051
228.7,node[15],1,5910.6381,3790.5141,1.8950,18.7694,2.0870,-0.4958,21151029#9,-79.5968,-5.0000,100.0000,default,20,rsu(715m),1116,28009,0.0180,715,2.0169,2,2,-79.5968,-96.5865,direct,0.0500,27.6000,-86.7072
228.8,node[15],1,5912.3015,3791.4138,1.8950,18.9126,1.4317,-0.4958,21151029#9,-82.4550,-3.3178,100.0000,default,20,rsu(713m),1117,28044,0.0407,713,2.0136,2,2,-82.4550,-99.4447,direct,0.0500,28.0000,-86.7093
228.9,node[15],1,5913.9775,3792.3202,1.8950,19.0557,1.4318,-0.4958,21151029#9,-86.7835,-5.0000,100.0000,default,20,rsu(712m),1118,28078,0.0180,712,2.0232,2,2,-86.7835,-103.7732,direct,0.0500,28.0000,-86.7114
229,node[15],1,5915.6722,3793.2367,1.8950,19.2675,2.1172,-0.4958,21151029#9,-81.5052,-5.0000,100.0000,default,20,rsu(711m),1119,28113,0.0180,711,2.0198,2,2,-81.5052,-98.4949,direct,0.0500,27.6000,-86.7132
229.1,node[15],1,5917.3821,3794.1616,1.8950,19.4414,1.7395,-0.4958,21151029#9,-75.5652,-1.3668,100.0000,default,20,rsu(710m),1120,28148,0.1013,710,2.0164,3,4,-75.5652,-92.5549,direct,0.0500,27.6000,-86.7150
229.2,node[15],1,5919.1042,3795.0929,1.8950,19.5795,1.3809,-0.4958,21151029#9,-80.4068,-1.8188,100.0000,default,20,rsu(709m),1121,28182,0.0825,709,2.0259,3,4,-80.4068,-97.3965,direct,0.0500,27.6000,-86.7170
229.3,node[15],1,5920.8457,3796.0349,1.8950,19.8014,2.2186,-0.4958,21151029#9,-82.5608,-5.0000,100.0000,default,20,rsu(708m),1122,28217,0.0180,708,2.0225,2,2,-82.5608,-99.5505,direct,0.0500,27.6000,-86.7186
229.4,node[15],1,5922.6029,3796.9852,1.8950,19.9789,1.7751,-0.4958,21151029#9,-78.6522,0.1543,100.0000,default,20,rsu(707m),1123,28252,0.1942,707,2.0189,4,6,-78.6522,-95.6419,direct,0.0500,28.0000,-86.7203
229.5,node[15],1,5924.3789,3797.9458,1.8950,20.1924,2.1357,-0.4958,21151029#9,-91.1800,-5.0000,100.0000,default,20,rsu(706m),1124,28287,0.0180,706,2.0154,2,2,-91.1800,-108.1697,direct,0.0500,28.0000,-86.7219
229.6,node[15],1,5926.1739,3798.9166,1.8950,20.4088,2.1638,-0.4958,21151029#9,-84.5455,-5.0000,100.0000,default,20,rsu(704m),1125,28321,0.0180,704,2.0248,2,2,-84.5455,-101.5352,direct,0.0500,27.6000,-86.7235
229.7,node[15],1,5927.9854,3799.8963,1.8950,20.5959,1.8703,-0.4958,21151029#9,-85.8890,-5.0000,100.0000,default,20,rsu(703m),1126,28356,0.0180,703,2.0212,2,2,-85.8890,-102.8787,direct,0.0500,27.6000,-86.7249
229.8,node[15],1,5929.8174,3800.8871,1.8950,20.8286,2.3277,-0.4958,21151029#9,-95.1845,-5.0000,100.0000,default,20,rsu(702m),1127,28391,0.0180,702,2.0176,2,2,-95.1845,-112.1742,direct,0.0500,28.0000,-86.7263
229.9,node[15],1,5931.6655,3801.8867,1.8950,21.0132,1.8461,-0.4958,21151029#9,-86.5113,-5.0000,100.0000,default,20,rsu(701m),1128,28426,0.0180,701,2.0139,2,2,-86.5113,-103.5010,direct,0.0500,28.0000,-86.7276
230,node[15],1,5933.5350,3802.8977,1.8950,21.2548,2.4161,-0.4958,21151029#9,-81.4414,-4.9825,100.0000,default,20,rsu(700m),1129,28461,0.0181,700,2.0232,2,2,-81.4414,-98.4311,direct,0.0500,28.0000,-86.7289
230.1,node[15],1,5935.4170,3803.9163,1.8950,21.3957,1.4090,-0.4959,:2136577212_3,-78.4329,0.6065,100.0000,default,20,rsu(699m),1130,28496,0.2321,699,2.0195,4,6,-78.4329,-95.4226,direct,0.0500,28.0000,-86.7301
230.2,node[15],1,5937.3173,3804.9458,1.8950,21.6000,2.0422,-0.4962,:2136577212_3,-79.4077,-2.2779,100.0000,default,20,rsu(697m),1131,28531,0.0667,697,2.0158,3,4,-79.4077,-96.3974,direct,0.0500,28.0000,-86.7312
230.3,node[15],1,5939.2379,3805.9862,1.8950,21.8303,2.3037,-0.4965,:2136577212_3,-80.5715,-5.0000,100.0000,default,20,rsu(696m),1132,28565,0.0180,696,2.0250,2,2,-80.5715,-97.5612,direct,0.0500,28.0000,-86.7323
230.4,node[15],1,5941.1745,3807.0353,1.8950,22.0116,1.8122,-0.4965,:2136577212_3,-81.7746,-4.9901,100.0000,default,20,rsu(695m),1133,28600,0.0181,695,2.0212,2,2,-81.7746,-98.7643,direct,0.0500,27.6000,-86.7331
230.5,node[15],1,5943.1260,3808.0923,1.8950,22.1823,1.7072,-0.4964,21151029#10,-85.6022,-5.0000,100.0000,default,20,rsu(694m),1134,28635,0.0180,694,2.0174,2,2,-85.6022,-102.5919,direct,0.0500,27.6000,-86.7339
230.6,node[15],1,5945.0934,3809.1568,1.8950,22.3723,1.9004,-0.4962,21151029#10,-84.3491,-5.0000,100.0000,default,20,rsu(693m),1135,28669,0.0180,693,2.0135,2,2,-84.3491,-101.3388,direct,0.0500,27.6000,-86.7347
230.7,node[15],1,5947.0735,3810.2282,1.8950,22.5164,1.4405,-0.4960,21151029#10,-82.7083,-5.0000,100.0000,default,20,rsu(691m),1136,28704,0.0180,691,2.0195,2,2,-82.7083,-99.6980,direct,0.0500,27.6000,-86.7353
230.8,node[15],1,5949.0712,3811.3092,1.8950,22.7168,2.0038,-0.4960,21151029#10,-81.4808,-2.7023,100.0000,default,20,rsu(690m),1137,28739,0.0546,690,2.0255,3,4,-81.4808,-98.4705,direct,0.0500,28.0000,-86.7358
230.9,node[15],1,5951.0826,3812.3975,1.8950,22.8717,1.5498,-0.4960,21151029#10,-79.6629,-4.2087,100.0000,default,20,rsu(689m),1138,28774,0.0265,689,2.0184,2,2,-79.6629,-96.6526,direct,0.0500,28.0000,-86.7363
231,node[15],1,5953.1064,3813.4925,1.8950,23.0130,1.4130,-0.4960,21151029#10,-80.4279,-2.4776,100.0000,default,20,rsu(688m),1139,28809,0.0607,688,2.0243,3,4,-80.4279,-97.4176,direct,0.0500,28.0000,-86.7366
231.1,node[15],1,5955.1462,3814.5962,1.8950,23.1954,1.8240,-0.4960,21151029#10,-84.3001,-5.0000,100.0000,default,20,rsu(686m),1140,28843,0.0180,686,2.0172,2,2,-84.3001,-101.2898,direct,0.0500,28.0000,-86.7369
231.2,node[15],1,5957.1995,3815.7072,1.8950,23.3487,1.5330,-0.4960,21151029#10,-80.8823,-3.0177,100.0000,default,20,rsu(685m),1141,28878,0.0470,685,2.0230,2,2,-80.8823,-97.8720,direct,0.0500,27.6000,-86.7370
231.3,node[15],1,5959.2734,3816.8294,1.8950,23.5836,2.3486,-0.4960,21151029#10,-85.3067,-5.0000,100.0000,default,20,rsu(684m),1142,28913,0.0180,684,2.0158,2,2,-85.3067,-102.2964,direct,0.0500,27.6000,-86.7370
231.4,node[15],1,5961.3680,3817.9627,1.8950,23.8175,2.3391,-0.4960,21151029#10,-80.5143,-1.7833,100.0000,default,20,rsu(683m),1143,28948,0.0838,683,2.0216,3,4,-80.5143,-97.5040,direct,0.0500,28.0000,-86.7369
231.5,node[15],1,5963.4791,3819.1050,1.8950,24.0059,1.8840,-0.4960,21151029#10,-80.9178,-5.0000,100.0000,default,20,rsu(681m),1144,28983,0.0180,681,2.0144,2,2,-80.9178,-97.9075,direct,0.0500,28.0000,-86.7366
231.6,node[15],1,5965.6122,3820.2592,1.8950,24.2566,2.5074,-0.4960,21151029#10,-81.0364,-2.1523,100.0000,default,20,rsu(680m),1145,29017,0.0707,680,2.0201,3,4,-81.0364,-98.0261,direct,0.0500,27.6000,-86.7364
231.7,node[15],1,5967.7610,3821.4219,1.8950,24.4341,1.7746,-0.4960,21151029#10,-83.8417,-4.6318,100.0000,default,20,rsu(679m),1146,29052,0.0215,679,2.0259,2,2,-83.8417,-100.8314,direct,0.0500,27.6000,-86.7358
231.8,node[15],1,5969.9235,3822.5920,1.8950,24.5911,1.5699,-0.4960,21151029#10,-83.8613,-5.0000,100.0000,default,20,rsu(678m),1147,29087,0.0180,678,2.0185,2,2,-83.8613,-100.8510,direct,0.0500,28.0000,-86.7352
231.9,node[15],1,5972.1046,3823.7721,1.8950,24.8014,2.1031,-0.4960,21151029#10,-82.3239,-4.8903,100.0000,default,20,rsu(676m),1148,29122,0.0190,676,2.0242,2,2,-82.3239,-99.3136,direct,0.0500,28.0000,-86.7344
232,node[15],1,5974.3031,3824.9618,1.8950,25.0005,1.9910,-0.4960,21151029#10,-87.8302,-5.0000,100.0000,default,20,rsu(675m),1149,29157,0.0180,675,2.0169,2,2,-87.8302,-104.8199,direct,0.0500,28.0000,-86.7335
232.1,node[15],1,5976.5188,3826.1606,1.8950,25.1951,1.9464,-0.4960,21151029#10,-84.1720,-5.0000,100.0000,default,20,rsu(674m),1150,29192,0.0180,674,2.0225,2,2,-84.1720,-101.1617,direct,0.0500,28.0000,-86.7325
232.2,node[15],1,5978.7533,3827.3697,1.8950,25.4093,2.1416,-0.4960,21151029#10,-81.6370,-4.3536,100.0000,default,20,rsu(672m),1151,29227,0.0247,672,2.0151,2,2,-81.6370,-98.6267,direct,0.0500,28.0000,-86.7313
232.3,node[15],1,5981.0049,3828.5880,1.8950,25.6030,1.9368,-0.4960,21151029#10,-82.4765,-5.0000,100.0000,default,20,rsu(671m),1152,29262,0.0180,671,2.0207,2,2,-82.4765,-99.4662,direct,0.0500,28.0000,-86.7300
232.4,node[15],1,5983.2733,3829.8154,1.8950,25.7946,1.9168,-0.4960,21151029#10,-79.6493,-4.9285,100.0000,default,20,rsu(670m),1153,29296,0.0186,670,2.0132,2,2,-79.6493,-96.6390,direct,0.0500,27.6000,-86.7286
232.5,node[15],1,5985.5542,3831.0495,1.8950,25.9375,1.4284,-0.4960,21151029#10,-79.8516,-5.0000,100.0000,default,20,rsu(669m),1154,29331,0.0180,669,2.0187,2,2,-79.8516,-96.8413,direct,0.0500,27.6000,-86.7269
232.6,node[15],1,5987.8507,3832.2921,1.8950,26.1138,1.7627,-0.4960,21151029#10,-79.8143,-2.5528,100.0000,default,20,rsu(667m),1155,29365,0.0586,667,2.0242,3,4,-79.8143,-96.8040,direct,0.0500,27.6000,-86.7252
232.7,node[15],1,5990.1678,3833.5459,1.8950,26.3483,2.3451,-0.4960,21151029#10,-86.5104,-5.0000,100.0000,default,20,rsu(666m),1156,29400,0.0180,666,2.0167,2,2,-86.5104,-103.5001,direct,0.0500,27.6000,-86.7231
232.8,node[15],1,5992.5004,3834.8080,1.8950,26.5254,1.7709,-0.4960,21151029#10,-83.4661,-5.0000,100.0000,default,20,rsu(665m),1157,29435,0.0180,665,2.0221,2,2,-83.4661,-100.4558,direct,0.0500,28.0000,-86.7209
232.9,node[15],1,5994.8524,3836.0806,1.8950,26.7450,2.1960,-0.4960,21151029#10,-85.5631,-5.0000,100.0000,default,20,rsu(663m),1158,29470,0.0180,663,2.0146,2,2,-85.5631,-102.5528,direct,0.0500,28.0000,-86.7186
233,node[15],1,5997.2199,3837.3616,1.8950,26.9213,1.7632,-0.4960,21151029#10,-83.1788,-4.3164,100.0000,default,20,rsu(662m),1159,29505,0.0251,662,2.0199,2,2,-83.1788,-100.1685,direct,0.0500,28.0000,-86.7160
233.1,node[15],1,5999.6060,3838.6518,1.8950,27.1258,2.0447,-0.4958,:10023473889_3,-88.7983,-5.0000,100.0000,default,20,rsu(661m),1160,29540,0.0180,661,2.0253,2,2,-88.7983,-105.7880,direct,0.0500,28.0000,-86.7133
233.2,node[15],1,6002.0093,3839.9508,1.8950,27.3164,1.9063,-0.4956,:10023473889_3,-79.1344,-0.2972,100.0000,default,20,rsu(660m),1161,29575,0.1613,660,2.0176,4,6,-79.1344,-96.1241,direct,0.0500,28.0000,-86.7104
233.3,node[15],1,6004.4278,3841.2580,1.8950,27.4895,1.7315,-0.4955,:10023473889_3,-76.4840,0.8319,100.0000,default,20,rsu(658m),1162,29609,0.2527,658,2.0230,4,6,-76.4840,-93.4737,direct,0.0500,28.0000,-86.7074
233.4,node[15],1,6006.8461,3842.5651,1.8950,27.4862,-0.0330,-0.4955,21151029#11,-81.5442,-3.9719,100.0000,default,20,rsu(657m),1163,29643,0.0297,657,2.0152,2,2,-81.5442,-98.5339,direct,0.0500,27.2000,-86.7043
233.5,node[15],1,6009.2659,3843.8728,1.8950,27.4986,0.1238,-0.4955,21151029#11,-80.6446,-2.2738,100.0000,default,20,rsu(656m),1164,29678,0.0668,656,2.0205,3,4,-80.6446,-97.6343,direct,0.0500,27.2000,-86.7006
233.6,node[15],1,6011.6872,3845.1813,1.8950,27.5166,0.1802,-0.4954,21151029#11,-86.8994,-5.0000,100.0000,default,20,rsu(654m),1165,29713,0.0180,654,2.0257,2,2,-86.8994,-103.8891,direct,0.0500,28.0000,-86.6969
233.7,node[15],1,6014.1011,3846.4857,1.8950,27.4312,-0.8540,-0.4954,21151029#11,-81.2121,-2.1132,100.0000,default,20,rsu(653m),1166,29748,0.0720,653,2.0179,3,4,-81.2121,-98.2018,direct,0.0500,28.0000,-86.6920
233.8,node[15],1,6016.5147,3847.7900,1.8950,27.4280,-0.0322,-0.4954,21151029#11,-75.4109,-1.2384,100.0000,default,20,rsu(652m),1167,29783,0.1072,652,2.0230,3,4,-75.4109,-92.4006,direct,0.0500,28.0000,-86.6870
233.9,node[15],1,6018.9236,3849.0940,1.8950,27.3925,-0.3552,-0.4958,:8604359020_3,-81.4214,-3.9520,100.0000,default,20,rsu(651m),1168,29817,0.0300,651,2.0151,2,2,-81.4214,-98.4111,direct,0.0500,28.0000,-86.6819
234,node[15],1,6021.3397,3850.4044,1.8950,27.4956,1.0314,-0.4967,:8604359020_3,-81.9499,-5.0000,100.0000,default,20,rsu(649m),1169,29852,0.0180,649,2.0202,2,2,-81.9499,-98.9396,direct,0.0500,27.6000,-86.6763
234.1,node[15],1,6023.7530,3851.7133,1.8950,27.4643,-0.3136,-0.4970,:8604359020_3,-82.5721,-5.0000,100.0000,default,21,rsu(648m),1170,29887,0.0180,648,2.0252,2,2,-82.5721,-99.5618,direct,0.0500,27.6000,-86.5687
234.2,node[15],1,6026.1643,3853.0210,1.8950,27.4393,-0.2494,-0.4969,21151029#12,-81.3720,-3.0655,100.0000,default,21,rsu(647m),1171,29922,0.0460,647,2.0240,2,2,-81.3720,-98.3617,direct,0.0500,28.0000,-86.5630
234.3,node[15],1,6028.5805,3854.3280,1.8950,27.4701,0.3077,-0.4963,21151029#12,-83.6169,-4.9879,100.0000,default,21,rsu(646m),1172,29957,0.0181,646,2.0229,2,2,-83.6169,-100.6066,direct,0.0500,28.0000,-86.5561
234.4,node[15],1,6030.9913,3855.6320,1.8950,27.4089,-0.6115,-0.4958,21151029#12,-83.7355,-5.0000,100.0000,default,21,rsu(645m),1173,29993,0.0180,645,2.0217,2,2,-83.7355,-100.7252,direct,0.0500,28.4000,-86.5483
234.5,node[15],1,6033.4050,3856.9376,1.8950,27.4406,0.3170,-0.4958,21151029#12,-76.5567,-0.0274,100.0000,default,21,rsu(643m),1174,30029,0.1804,643,2.0205,4,6,-76.5567,-93.5464,direct,0.0500,28.4000,-86.5408
234.6,node[15],1,6035.8245,3858.2463,1.8950,27.5075,0.6683,-0.4958,21151029#12,-80.9721,-2.2120,100.0000,default,21,rsu(642m),1175,30065,0.0688,642,2.0192,3,4,-80.9721,-97.9618,direct,0.0500,28.8000,-86.5332
234.7,node[15],1,6038.2378,3859.5517,1.8950,27.4366,-0.7085,-0.4958,21151029#12,-77.3322,1.6785,100.0000,default,21,rsu(641m),1176,30101,0.3406,641,2.0180,5,8,-77.3322,-94.3219,direct,0.0500,28.8000,-86.5254
234.8,node[15],1,6040.6469,3860.8548,1.8950,27.3896,-0.4698,-0.4958,21151029#12,-86.2030,-5.0000,100.0000,default,21,rsu(640m),1177,30137,0.0180,640,2.0167,2,2,-86.2030,-103.1927,direct,0.0500,28.8000,-86.5175
234.9,node[15],1,6043.0591,3862.1596,1.8950,27.4236,0.3398,-0.4958,21151029#12,-82.8308,-4.8352,100.0000,default,21,rsu(639m),1178,30172,0.0195,639,2.0154,2,2,-82.8308,-99.8205,direct,0.0500,28.8000,-86.5097
235,node[15],1,6045.4737,3863.4657,1.8950,27.4520,0.2841,-0.4958,21151029#12,-84.1830,-5.0000,100.0000,default,21,rsu(638m),1179,30207,0.0180,638,2.0141,2,2,-84.1830,-101.1727,direct,0.0500,28.0000,-86.5018
235.1,node[15],1,6047.8915,3864.7735,1.8950,27.4877,0.3562,-0.4958,21151029#12,-85.9805,-5.0000,100.0000,default,21,rsu(637m),1180,30243,0.0180,637,2.0258,2,2,-85.9805,-102.9702,direct,0.0500,28.0000,-86.4927
235.2,node[15],1,6050.3044,3866.0787,1.8950,27.4325,-0.5514,-0.4958,21151029#12,-89.5976,-5.0000,100.0000,default,21,rsu(635m),1181,30279,0.0180,635,2.0244,2,2,-89.5976,-106.5873,direct,0.0500,28.8000,-86.4841
235.3,node[15],1,6052.7241,3867.3875,1.8950,27.5088,0.7631,-0.4958,21151029#12,-79.3557,-4.1977,100.0000,default,21,rsu(634m),1182,30315,0.0266,634,2.0231,2,2,-79.3557,-96.3454,direct,0.0500,28.8000,-86.4753
235.4,node[15],1,6055.1358,3868.6920,1.8950,27.4191,-0.8970,-0.4958,21151029#12,-82.7546,-3.4495,100.0000,default,21,rsu(633m),1183,30351,0.0382,633,2.0217,2,2,-82.7546,-99.7443,direct,0.0500,28.8000,-86.4664
235.5,node[15],1,6057.5481,3869.9968,1.8950,27.4255,0.0641,-0.4958,:8604325512_3,-80.2374,-3.9588,100.0000,default,21,rsu(632m),1184,30387,0.0299,632,2.0202,2,2,-80.2374,-97.2271,direct,0.0500,28.8000,-86.4572
235.6,node[15],1,6059.9591,3871.3000,1.8950,27.4040,-0.2155,-0.4957,:8604325512_3,-80.8056,-5.0000,100.0000,default,21,rsu(631m),1185,30422,0.0180,631,2.0188,2,2,-80.8056,-97.7953,direct,0.0500,28.4000,-86.4483
235.7,node[15],1,6062.3731,3872.6047,1.8950,27.4379,0.3391,-0.4955,:8604325512_3,-97.2144,-5.0000,100.0000,default,21,rsu(630m),1186,30458,0.0180,630,2.0174,2,2,-97.2144,-114.2041,direct,0.0500,28.4000,-86.4384
235.8,node[15],1,6064.7845,3873.9081,1.8950,27.4092,-0.2867,-0.4955,:8604325512_3,-77.6181,-2.4299,100.0000,default,21,rsu(629m),1187,30492,0.0621,629,2.0159,3,4,-77.6181,-94.6078,direct,0.0500,28.0000,-86.4291
235.9,node[15],1,6067.2003,3875.2146,1.8950,27.4643,0.5510,-0.4956,21151029#13,-79.3085,-1.5702,100.0000,default,21,rsu(628m),1188,30527,0.0924,628,2.0144,3,4,-79.3085,-96.2982,direct,0.0500,28.0000,-86.4188
236,node[15],1,6069.6104,3876.5184,1.8950,27.4023,-0.6198,-0.4958,21151029#13,-85.9843,-5.0000,100.0000,default,21,rsu(627m),1189,30562,0.0180,627,2.0259,2,2,-85.9843,-102.9740,direct,0.0500,28.0000,-86.4087
236.1,node[15],1,6072.0256,3877.8249,1.8950,27.4598,0.5742,-0.4959,21151029#13,-90.1494,-5.0000,100.0000,default,21,rsu(626m),1190,30597,0.0180,626,2.0244,2,2,-90.1494,-107.1391,direct,0.0500,28.0000,-86.3985
236.2,node[15],1,6074.4379,3879.1299,1.8950,27.4278,-0.3200,-0.4959,21151029#13,-82.7561,-5.0000,100.0000,default,21,rsu(625m),1191,30632,0.0180,625,2.0229,2,2,-82.7561,-99.7458,direct,0.0500,28.0000,-86.3880
236.3,node[15],1,6076.8502,3880.4349,1.8950,27.4277,-0.0009,-0.4959,21151029#13,-91.8226,-5.0000,100.0000,default,21,rsu(624m),1192,30666,0.0180,624,2.0213,2,2,-91.8226,-108.8123,direct,0.0500,28.0000,-86.3778
236.4,node[15],1,6079.2610,3881.7390,1.8950,27.4100,-0.1773,-0.4959,21151029#13,-96.2901,-5.0000,100.0000,default,21,rsu(623m),1193,30700,0.0180,623,2.0198,2,2,-96.2901,-113.2798,direct,0.0500,27.2000,-86.3674
236.5,node[15],1,6081.6730,3883.0439,1.8950,27.4243,0.1433,-0.4959,21151029#13,-83.2779,-5.0000,100.0000,default,21,rsu(622m),1194,30735,0.0180,622,2.0182,2,2,-83.2779,-100.2676,direct,0.0500,27.2000,-86.3553
236.6,node[15],1,6084.0889,3884.3508,1.8950,27.4683,0.4401,-0.4959,21151029#13,-79.7486,-2.5551,100.0000,default,21,rsu(621m),1195,30768,0.0586,621,2.0166,3,4,-79.7486,-96.7383,direct,0.0500,27.2000,-86.3445
236.7,node[15],1,6086.5010,3885.6556,1.8950,27.4243,-0.4401,-0.4959,21151029#13,-78.8804,-1.9549,100.0000,default,21,rsu(620m),1196,30802,0.0775,620,2.0150,3,4,-78.8804,-95.8701,direct,0.0500,27.2000,-86.3325
236.8,node[15],1,6088.9193,3886.9639,1.8950,27.4960,0.7177,-0.4959,21151029#13,-86.3709,-5.0000,100.0000,default,21,rsu(619m),1197,30835,0.0180,619,2.0134,2,2,-86.3709,-103.3606,direct,0.0500,26.8000,-86.3212
236.9,node[15],1,6091.3326,3888.2694,1.8950,27.4379,-0.5812,-0.4959,21151029#13,-81.7704,-2.5692,100.0000,default,21,rsu(618m),1198,30869,0.0582,618,2.0134,3,4,-81.7704,-98.7601,direct,0.0500,26.8000,-86.3087
237,node[15],1,6093.7438,3889.5738,1.8950,27.4154,-0.2253,-0.4959,21151029#13,-81.7487,-5.0000,100.0000,default,21,rsu(617m),1199,30902,0.0180,617,2.0134,2,2,-81.7487,-98.7384,direct,0.0500,26.8000,-86.2970
237.1,node[15],1,6096.1590,3890.8803,1.8950,27.4597,0.4435,-0.4959,21151029#13,-79.2805,-2.7251,100.0000,default,21,rsu(616m),1200,30936,0.0540,616,2.0134,3,4,-79.2805,-96.2702,direct,0.0500,26.8000,-86.2839
237.2,node[15],1,6098.5778,3892.1888,1.8950,27.5019,0.4211,-0.4959,21151029#13,-80.0117,-1.2053,100.0000,default,22,rsu(615m),1201,30970,0.1088,615,2.0134,3,4,-80.0117,-97.0014,direct,0.0500,27.2000,-86.1779
237.3,node[15],1,6100.9892,3893.4933,1.8950,27.4172,-0.8465,-0.4959,21151029#13,-86.6514,-5.0000,100.0000,default,22,rsu(614m),1202,31003,0.0180,614,2.0134,2,2,-86.6514,-103.6411,direct,0.0500,27.2000,-86.1654
237.4,node[15],1,6103.4060,3894.8007,1.8950,27.4780,0.6078,-0.4959,21151029#13,-79.1409,-0.8336,100.0000,default,22,rsu(613m),1203,31036,0.1282,613,2.0134,4,6,-79.1409,-96.1306,direct,0.0500,26.4000,-86.1518
237.5,node[15],1,6105.8256,3896.1097,1.8950,27.5106,0.3266,-0.4959,21151029#13,-89.3416,-5.0000,100.0000,default,22,rsu(613m),1204,31070,0.0180,613,2.0134,2,2,-89.3416,-106.3313,direct,0.0500,26.4000,-86.1361
237.6,node[15],1,6108.2370,3897.4142,1.8950,27.4175,-0.9312,-0.4959,21151029#13,-82.7998,-5.0000,100.0000,default,22,rsu(612m),1205,31104,0.0180,612,2.0133,2,2,-82.7998,-99.7895,direct,0.0500,27.2000,-86.1215
237.7,node[15],1,6110.6528,3898.7210,1.8950,27.4664,0.4888,-0.4959,21151029#13,-82.5748,-4.3716,100.0000,default,22,rsu(611m),1206,31137,0.0245,611,2.0133,2,2,-82.5748,-99.5645,direct,0.0500,27.2000,-86.1072
237.8,node[15],1,6113.0637,3900.0253,1.8950,27.4122,-0.5421,-0.4959,21151029#13,-82.1667,-5.0000,100.0000,default,22,rsu(610m),1207,31171,0.0180,610,2.0132,2,2,-82.1667,-99.1564,direct,0.0500,26.8000,-86.0914
237.9,node[15],1,6115.4836,3901.3343,1.8950,27.5129,1.0070,-0.4959,21151029#13,-79.4618,-2.9564,100.0000,default,22,rsu(609m),1208,31205,0.0484,609,2.0131,3,4,-79.4618,-96.4515,direct,0.0500,26.8000,-86.0759
238,node[15],1,6117.8974,3902.6401,1.8950,27.4444,-0.6852,-0.4959,21151029#13,-92.4897,-5.0000,100.0000,default,22,rsu(608m),1209,31239,0.0180,608,2.0130,2,2,-92.4897,-109.4794,direct,0.0500,27.2000,-86.0601
238.1,node[15],1,6120.3082,3903.9443,1.8950,27.4107,-0.3369,-0.4959,21151029#13,-88.3344,-5.0000,100.0000,default,23,rsu(608m),1210,31272,0.0180,608,2.0129,2,2,-88.3344,-105.3241,direct,0.0500,27.2000,-85.9552
238.2,node[15],1,6122.7110,3905.2754,1.8950,27.4633,0.5262,-0.5014,:1543680544_3,-82.0964,-5.0000,100.0000,default,23,rsu(607m),1211,31305,0.0180,607,2.0128,2,2,-82.0964,-99.0861,direct,0.0500,26.4000,-85.9387
238.3,node[15],1,6125.0868,3906.6512,1.8950,27.4284,-0.3487,-0.5173,:1543680544_3,-81.6817,-5.0000,100.0000,default,24,rsu(606m),1212,31339,0.0180,606,2.0257,2,2,-81.6817,-98.6714,direct,0.0500,26.4000,-85.8333
238.4,node[15],1,6127.4655,3908.0286,1.8950,27.4624,0.3394,-0.5249,:1543680544_3,-80.5134,-4.5589,100.0000,default,24,rsu(605m),1213,31373,0.0223,605,2.0256,2,2,-80.5134,-97.5031,direct,0.0500,27.2000,-85.8148
238.5,node[15],1,6129.8443,3909.4062,1.8950,27.4636,0.0126,-0.5249,:1543680544_3,-79.0990,-1.6098,100.0000,default,24,rsu(604m),1214,31407,0.0907,604,2.0254,3,4,-79.0990,-96.0887,direct,0.0500,27.2000,-85.7960
238.6,node[15],1,6132.1900,3910.8446,1.8950,27.5161,0.5246,-0.5387,21151029#14,-82.8674,-5.0000,100.0000,default,24,rsu(603m),1215,31441,0.0180,603,2.0253,2,2,-82.8674,-99.8571,direct,0.0500,27.2000,-85.7769
238.7,node[15],1,6134.5213,3912.2843,1.8950,27.4018,-1.1430,-0.5532,21151029#14,-74.6614,3.0539,100.0000,default,24,rsu(602m),1216,31475,0.5067,602,2.0251,6,10,-74.6614,-91.6511,direct,0.0500,27.2000,-85.7575
238.8,node[15],1,6136.8558,3913.7261,1.8950,27.4405,0.3869,-0.5532,21151029#14,-78.3453,-3.4748,100.0000,default,24,rsu(602m),1217,31508,0.0378,602,2.0249,2,2,-78.3453,-95.3350,direct,0.0500,26.8000,-85.7385
238.9,node[15],1,6139.1928,3915.1694,1.8950,27.4699,0.2947,-0.5532,21151029#14,-87.9646,-5.0000,100.0000,default,24,rsu(601m),1218,31542,0.0180,601,2.0247,2,2,-87.9646,-104.9543,direct,0.0500,26.8000,-85.7176
239,node[15],1,6141.5324,3916.6143,1.8950,27.4999,0.2991,-0.5532,21151029#14,-86.3609,-5.0000,100.0000,default,24,rsu(600m),1219,31576,0.0180,600,2.0245,2,2,-86.3609,-103.3506,direct,0.0500,27.2000,-85.6970
239.1,node[15],1,6143.8724,3918.0594,1.8950,27.5047,0.0485,-0.5532,21151029#14,-83.9128,-4.8082,100.0000,default,23,rsu(599m),1220,31610,0.0198,599,2.0242,2,2,-83.9128,-100.9025,direct,0.0500,27.2000,-85.7590
239.2,node[15],1,6146.2124,3919.5045,1.8950,27.5045,-0.0021,-0.5532,21151029#14,-79.1363,0.1665,100.0000,default,23,rsu(598m),1221,31644,0.1952,598,2.0240,4,6,-79.1363,-96.1260,direct,0.0500,27.2000,-85.7373
239.3,node[15],1,6148.5465,3920.9460,1.8950,27.4358,-0.6869,-0.5532,21151029#14,-82.8272,-5.0000,100.0000,default,23,rsu(597m),1222,31678,0.0180,597,2.0237,2,2,-82.8272,-99.8169,direct,0.0500,27.2000,-85.7151
239.4,node[15],1,6150.8854,3922.3905,1.8950,27.4915,0.5572,-0.5532,21151029#14,-76.3885,0.8868,100.0000,default,23,rsu(596m),1223,31712,0.2580,596,2.0234,4,6,-76.3885,-93.3782,direct,0.0500,27.2000,-85.6925
239.5,node[15],1,6153.2243,3923.8349,1.8950,27.4921,0.0054,-0.5532,21151029#14,-87.1796,-5.0000,100.0000,default,23,rsu(596m),1224,31746,0.0180,596,2.0231,2,2,-87.1796,-104.1693,direct,0.0500,27.2000,-85.6695
239.6,node[15],1,6155.5588,3925.2767,1.8950,27.4400,-0.5211,-0.5532,21151029#14,-79.6804,-1.4144,100.0000,default,23,rsu(595m),1225,31779,0.0991,595,2.0227,3,4,-79.6804,-96.6701,direct,0.0500,26.8000,-85.6469
239.7,node[15],1,6157.8953,3926.7196,1.8950,27.4634,0.2348,-0.5532,21151029#14,-83.8208,-4.7634,100.0000,default,23,rsu(594m),1226,31813,0.0202,594,2.0224,2,2,-83.8208,-100.8105,direct,0.0500,26.8000,-85.6221
239.8,node[15],1,6160.2330,3928.1634,1.8950,27.4785,0.1508,-0.5532,21151029#14,-80.7324,-5.0000,100.0000,default,23,rsu(593m),1227,31846,0.0180,593,2.0220,2,2,-80.7324,-97.7221,direct,0.0500,26.8000,-85.5986
239.9,node[15],1,6162.5730,3929.6085,1.8950,27.5044,0.2588,-0.5532,21151029#14,-77.0570,1.6959,100.0000,default,23,rsu(593m),1228,31880,0.3425,593,2.0216,5,8,-77.0570,-94.0467,direct,0.0500,26.8000,-85.5728
240,node[15],1,6164.9085,3931.0509,1.8950,27.4519,-0.5252,-0.5532,21151029#14,-79.7100,-4.0696,100.0000,default,23,rsu(592m),1229,31914,0.0283,592,2.0212,2,2,-79.7100,-96.6997,direct,0.0500,27.2000,-85.5474
240.1,node[15],1,6167.2427,3932.4924,1.8950,27.4371,-0.1480,-0.5532,21151029#14,-81.3929,-3.7930,100.0000,default,22,rsu(591m),1230,31948,0.0324,591,2.0208,2,2,-81.3929,-98.3826,direct,0.0500,27.2000,-85.6019
240.2,node[15],1,6169.5754,3933.9330,1.8950,27.4183,-0.1877,-0.5532,21151029#14,-77.3141,-2.6480,100.0000,default,22,rsu(590m),1231,31981,0.0560,590,2.0203,3,4,-77.3141,-94.3038,direct,0.0500,26.8000,-85.5760
240.3,node[15],1,6171.9122,3935.3762,1.8950,27.4675,0.4922,-0.5532,21151029#14,-79.8680,-4.6504,100.0000,default,22,rsu(590m),1232,32015,0.0213,590,2.0199,2,2,-79.8680,-96.8577,direct,0.0500,26.8000,-85.5475
240.4,node[15],1,6174.2495,3936.8196,1.8950,27.4726,0.0511,-0.5532,21151029#14,-84.3556,-5.0000,100.0000,default,22,rsu(589m),1233,32049,0.0180,589,2.0194,2,2,-84.3556,-101.3453,direct,0.0500,27.2000,-85.5195
240.5,node[15],1,6176.5836,3938.2612,1.8950,27.4363,-0.3636,-0.5532,21151029#14,-76.2050,1.8949,100.0000,default,22,rsu(588m),1234,32083,0.3653,588,2.0189,5,8,-76.2050,-93.1947,direct,0.0500,27.2000,-85.4909
240.6,node[15],1,6178.9154,3939.7012,1.8950,27.4077,-0.2861,-0.5532,21151029#14,-79.5620,-4.3525,100.0000,default,22,rsu(588m),1235,32116,0.0247,588,2.0183,2,2,-79.5620,-96.5517,direct,0.0500,26.8000,-85.4628
240.7,node[15],1,6181.2458,3941.1404,1.8950,27.3918,-0.1590,-0.5532,21151029#14,-84.0536,-5.0000,100.0000,default,22,rsu(587m),1236,32149,0.0180,587,2.0178,2,2,-84.0536,-101.0433,direct,0.0500,26.8000,-85.4340
240.8,node[15],1,6183.5758,3942.5805,1.8950,27.3951,0.0332,-0.5534,:10023484142_3,-84.2141,-5.0000,100.0000,default,22,rsu(586m),1237,32183,0.0180,586,2.0172,2,2,-84.2141,-101.2038,direct,0.0500,26.8000,-85.4015
240.9,node[15],1,6185.9134,3944.0269,1.8950,27.4963,1.0124,-0.5539,:10023484142_3,-79.0944,-3.7246,100.0000,default,22,rsu(586m),1238,32217,0.0335,586,2.0166,2,2,-79.0944,-96.0841,direct,0.0500,26.8000,-85.3703
241,node[15],1,6188.2430,3945.4683,1.8950,27.4023,-0.9405,-0.5541,:10023484142_3,-76.8668,0.0818,100.0000,default,22,rsu(585m),1239,32251,0.1886,585,2.0160,4,6,-76.8668,-93.8565,direct,0.0500,27.2000,-85.3386
241.1,node[15],2,6190.5790,3946.9137,1.8950,27.4763,0.7402,-0.5541,:10023484142_3,-81.9439,-5.0000,100.0000,default,21,rsu(585m),1240,32285,0.0180,585,2.0153,2,2,-81.9439,-98.9336,direct,0.0500,27.2000,-85.3134
241.2,node[15],2,6192.9172,3948.3574,1.8950,27.4921,0.1577,-0.5536,21151029#15,-80.7124,-5.0000,100.0000,default,21,rsu(584m),1241,32319,0.0180,584,2.0146,2,2,-80.7124,-97.7021,direct,0.0500,27.2000,-85.2803
241.3,node[15],2,6195.2576,3949.8023,1.8950,27.5174,0.2529,-0.5531,21151029#15,-78.0396,0.7524,100.0000,default,21,rsu(583m),1242,32353,0.2453,583,2.0139,4,6,-78.0396,-95.0293,direct,0.0500,27.2000,-85.2465
241.4,node[15],2,6197.5951,3951.2454,1.8950,27.4829,-0.3441,-0.5531,21151029#15,-82.7665,-5.0000,100.0000,default,21,rsu(583m),1243,32387,0.0180,583,2.0132,2,2,-82.7665,-99.7562,direct,0.0500,27.2000,-85.2121
241.5,node[15],2,6199.9292,3952.6865,1.8950,27.4437,-0.3927,-0.5531,21151029#15,-79.3637,-4.5233,100.0000,default,21,rsu(582m),1244,32421,0.0227,582,2.0254,2,2,-79.3637,-96.3534,direct,0.0500,27.2000,-85.1769
241.6,node[15],2,6202.2629,3954.1272,1.8950,27.4376,-0.0611,-0.5531,21151029#15,-81.1749,-5.0000,100.0000,default,21,rsu(582m),1245,32455,0.0180,582,2.0246,2,2,-81.1749,-98.1646,direct,0.0500,27.2000,-85.1421
241.7,node[15],2,6204.6005,3955.5704,1.8950,27.4839,0.4634,-0.5531,21151029#15,-82.5560,-4.4163,100.0000,default,21,rsu(581m),1246,32490,0.0239,581,2.0238,2,2,-82.5560,-99.5457,direct,0.0500,27.2000,-85.1042
241.8,node[15],2,6206.9361,3957.0125,1.8950,27.4560,-0.2795,-0.5531,:1543680536_0,-81.0991,-2.1540,100.0000,default,21,rsu(581m),1247,32525,0.0706,581,2.0229,3,4,-81.0991,-98.0888,direct,0.0500,28.0000,-85.0666
241.9,node[15],2,6209.2728,3958.4554,1.8950,27.4598,0.0386,-0.5532,:1543680536_0,-88.5577,-5.0000,100.0000,default,21,rsu(580m),1248,32560,0.0180,580,2.0221,2,2,-88.5577,-105.5474,direct,0.0500,28.0000,-85.0286
242,node[15],2,6211.6106,3959.8990,1.8950,27.4714,0.1160,-0.5532,:1543680536_0,-80.1018,-5.0000,100.0000,default,21,rsu(580m),1249,32595,0.0180,580,2.0211,2,2,-80.1018,-97.0915,direct,0.0500,28.0000,-84.9902
242.1,node[15],2,6213.9502,3961.3438,1.8950,27.4939,0.2244,-0.5532,:1543680536_0,-75.0223,0.7570,100.0000,default,21,rsu(579m),1250,32629,0.2457,579,2.0202,4,6,-75.0223,-92.0120,direct,0.0500,28.0000,-84.9522
242.2,node[15],2,6216.2828,3962.7842,1.8950,27.4117,-0.8221,-0.5532,:1543680536_0,-77.0796,-2.1671,100.0000,default,21,rsu(579m),1251,32663,0.0702,579,2.0192,3,4,-77.0796,-94.0693,direct,0.0500,27.2000,-84.9134
242.3,node[15],2,6218.6160,3964.2250,1.8950,27.4173,0.0568,-0.5532,:1543680536_0,-88.9671,-5.0000,100.0000,default,21,rsu(578m),1252,32698,0.0180,578,2.0182,2,2,-88.9671,-105.9568,direct,0.0500,27.2000,-84.8704
242.4,node[15],2,6220.9563,3965.6701,1.8950,27.5016,0.8422,-0.5532,:1543680536_0,-79.5152,-0.4323,100.0000,default,21,rsu(578m),1253,32733,0.1524,578,2.0172,4,6,-79.5152,-96.5049,direct,0.0500,28.0000,-84.8294
242.5,node[15],2,6223.2938,3967.1135,1.8950,27.4686,-0.3292,-0.5532,:1543680536_0,-87.8457,-5.0000,100.0000,default,21,rsu(577m),1254,32767,0.0180,577,2.0161,2,2,-87.8457,-104.8354,direct,0.0500,28.0000,-84.7893
242.6,node[15],2,6225.6344,3968.5589,1.8950,27.5053,0.3670,-0.5532,:1543680536_0,-76.8500,-1.2036,100.0000,default,21,rsu(577m),1255,32802,0.1089,577,2.0150,3,4,-76.8500,-93.8397,direct,0.0500,27.6000,-84.7460
242.7,node[15],2,6227.9756,3970.0047,1.8950,27.5128,0.0746,-0.5532,:1543680536_0,-76.6624,-2.3779,100.0000,default,21,rsu(576m),1256,32836,0.0636,576,2.0138,3,4,-76.6624,-93.6521,direct,0.0500,27.6000,-84.7042
242.8,node[15],2,6230.3110,3971.4468,1.8950,27.4440,-0.6883,-0.5532,:1543680536_0,-81.5804,-5.0000,100.0000,default,21,rsu(576m),1257,32870,0.0180,576,2.0127,2,2,-81.5804,-98.5701,direct,0.0500,27.2000,-84.6619
242.9,node[15],2,6232.6495,3972.8909,1.8950,27.4814,0.3747,-0.5532,21151029#16,-80.8330,-1.8194,100.0000,default,21,rsu(576m),1258,32905,0.0824,576,2.0245,3,4,-80.8330,-97.8227,direct,0.0500,27.2000,-84.6157
243,node[15],2,6234.9821,3974.3321,1.8950,27.4208,-0.6058,-0.5533,21151029#16,-82.0649,-3.5789,100.0000,default,21,rsu(575m),1259,32940,0.0359,575,2.0232,2,2,-82.0649,-99.0546,direct,0.0500,28.0000,-84.5710
243.1,node[15],2,6237.3203,3975.7768,1.8950,27.4874,0.6655,-0.5534,21151029#16,-78.9604,0.0403,100.0000,default,20,rsu(575m),1260,32975,0.1855,575,2.0220,4,6,-78.9604,-95.9501,direct,0.0500,28.0000,-84.5894
243.2,node[15],2,6239.6530,3977.2180,1.8950,27.4229,-0.6454,-0.5534,21151029#16,-93.3149,-5.0000,100.0000,default,20,rsu(575m),1261,33009,0.0180,575,2.0207,2,2,-93.3149,-110.3046,direct,0.0500,27.6000,-84.5436
243.3,node[15],2,6241.9902,3978.6621,1.8950,27.4755,0.5265,-0.5534,21151029#16,-87.6059,-5.0000,100.0000,default,20,rsu(574m),1262,33044,0.0180,574,2.0193,2,2,-87.6059,-104.5956,direct,0.0500,27.6000,-84.4945
243.4,node[15],2,6244.3299,3980.1076,1.8950,27.5044,0.2891,-0.5534,21151029#16,-81.6232,-5.0000,100.0000,default,20,rsu(574m),1263,33079,0.0180,574,2.0180,2,2,-81.6232,-98.6129,direct,0.0500,28.0000,-84.4456
243.5,node[15],2,6246.6686,3981.5526,1.8950,27.4927,-0.1176,-0.5534,21151029#16,-82.6657,-5.0000,100.0000,default,20,rsu(574m),1264,33114,0.0180,574,2.0166,2,2,-82.6657,-99.6554,direct,0.0500,28.0000,-84.3959
243.6,node[15],2,6249.0077,3982.9978,1.8950,27.4979,0.0523,-0.5534,21151029#16,-80.2253,-2.7905,100.0000,default,20,rsu(573m),1265,33149,0.0524,573,2.0151,3,4,-80.2253,-97.2150,direct,0.0500,28.0000,-84.3452
243.7,node[15],2,6251.3420,3984.4401,1.8950,27.4423,-0.5560,-0.5534,21151029#16,-76.4450,-0.6036,100.0000,default,20,rsu(573m),1266,33183,0.1416,573,2.0137,4,6,-76.4450,-93.4347,direct,0.0500,28.0000,-84.2947
243.8,node[15],2,6253.6753,3985.8818,1.8950,27.4297,-0.1260,-0.5534,21151029#16,-77.8528,-0.6891,100.0000,default,21,rsu(573m),1267,33218,0.1365,573,2.0252,4,6,-77.8528,-94.8425,direct,0.0500,27.6000,-84.1823
243.9,node[15],2,6256.0062,3987.3219,1.8950,27.4005,-0.2923,-0.5534,21151029#16,-75.8289,2.4647,100.0000,default,21,rsu(573m),1268,33253,0.4335,573,2.0237,5,8,-75.8289,-92.8186,direct,0.0500,27.6000,-84.1292
244,node[15],2,6258.3424,3988.7653,1.8950,27.4638,0.6332,-0.5534,21151029#16,-76.5600,-2.6023,100.0000,default,21,rsu(572m),1269,33288,0.0573,572,2.0221,3,4,-76.5600,-93.5497,direct,0.0500,28.0000,-84.0750
244.1,node[15],2,6260.6807,3990.2100,1.8950,27.4887,0.2494,-0.5534,21151029#16,-79.6602,-2.1068,100.0000,default,21,rsu(572m),1270,33323,0.0722,572,2.0205,3,4,-79.6602,-96.6499,direct,0.0500,28.0000,-84.0196
244.2,node[15],2,6263.0188,3991.6546,1.8950,27.4865,-0.0220,-0.5534,21151029#16,-83.8667,-5.0000,100.0000,default,21,rsu(572m),1271,33358,0.0180,572,2.0189,2,2,-83.8667,-100.8564,direct,0.0500,28.0000,-83.9632
244.3,node[15],2,6265.3564,3993.0989,1.8950,27.4791,-0.0740,-0.5534,21151029#16,-80.4431,-5.0000,100.0000,default,21,rsu(572m),1272,33393,0.0180,572,2.0172,2,2,-80.4431,-97.4328,direct,0.0500,28.0000,-83.9057
244.4,node[15],2,6267.6933,3994.5428,1.8950,27.4728,-0.0628,-0.5534,21151029#16,-77.6063,-2.3470,100.0000,default,21,rsu(571m),1273,33428,0.0646,571,2.0155,3,4,-77.6063,-94.5960,direct,0.0500,28.0000,-83.8470
244.5,node[15],2,6270.0289,3995.9770,1.8950,27.4120,-0.6081,-0.5519,21151029#16,-81.7521,-3.2052,100.0000,default,21,rsu(571m),1274,33461,0.0430,571,2.0234,2,2,-81.7521,-98.7418,direct,0.0500,28.0000,-83.7885
244.6,node[15],2,6272.4313,3997.3086,1.8950,27.4690,0.5702,-0.5259,21151029#16,-75.8096,2.2792,100.0000,default,21,rsu(571m),1275,33494,0.4109,571,2.0183,5,8,-75.8096,-92.7993,direct,0.0500,26.4000,-83.7287
244.7,node[15],2,6274.8359,3998.6414,1.8950,27.4949,0.2589,-0.5061,21151029#16,-94.0532,-5.0000,100.0000,default,21,rsu(571m),1276,33528,0.0180,571,2.0130,2,2,-94.0532,-111.0429,direct,0.0500,26.4000,-83.6644
244.8,node[15],2,6277.2402,3999.9741,1.8950,27.4917,-0.0325,-0.5061,21151029#16,-82.9611,-5.0000,100.0000,default,21,rsu(571m),1277,33562,0.0180,571,2.0208,2,2,-82.9611,-99.9508,direct,0.0500,27.2000,-83.6012
244.9,node[15],2,6279.6356,4001.3019,1.8950,27.3905,-1.0121,-0.5061,21151029#16,-77.0624,-1.0090,100.0000,default,21,rsu(571m),1278,33596,0.1187,571,2.0155,3,4,-77.0624,-94.0521,direct,0.0500,27.2000,-83.5371
245,node[15],2,6282.0358,4002.6322,1.8950,27.4447,0.5417,-0.5061,21151029#16,-81.5092,-5.0000,100.0000,default,21,rsu(571m),1279,33630,0.0180,571,2.0231,2,2,-81.5092,-98.4989,direct,0.0500,27.2000,-83.4716
245.1,node[15],2,6284.4368,4003.9631,1.8950,27.4535,0.0882,-0.5061,21151029#16,-80.6700,-5.0000,100.0000,default,21,rsu(571m),1280,33664,0.0180,571,2.0177,2,2,-80.6700,-97.6597,direct,0.0500,27.2000,-83.4049
245.2,node[15],2,6286.8418,4005.2961,1.8950,27.4999,0.4647,-0.5061,21151029#16,-76.5314,2.7350,100.0000,default,21,rsu(571m),1281,33697,0.4669,571,2.0252,5,8,-76.5314,-93.5211,direct,0.0500,26.8000,-83.3380
245.3,node[15],2,6289.2642,4006.6006,1.8950,27.5064,0.0649,-0.4994,:8597520380_3,-81.4371,-4.8227,100.0000,default,21,rsu(571m),1282,33731,0.0196,571,2.0197,2,2,-81.4371,-98.4268,direct,0.0500,26.8000,-83.2676
245.4,node[15],2,6291.6818,4007.8914,1.8950,27.3960,-1.1048,-0.4908,:8597520380_3,-81.7194,-2.9452,100.0000,default,21,rsu(572m),1283,33764,0.0487,572,2.0141,3,4,-81.7194,-98.7091,direct,0.0500,26.8000,-83.1986
245.5,node[15],2,6294.1099,4009.1877,1.8950,27.5137,1.1770,-0.4904,:8597520380_3,-85.3736,-5.0000,100.0000,default,21,rsu(572m),1284,33798,0.0180,572,2.0215,2,2,-85.3736,-102.3633,direct,0.0500,26.8000,-83.1257
245.6,node[15],2,6296.5430,4010.4706,1.8950,27.5030,-0.1068,-0.4875,21151029#17,-80.6856,-3.4994,100.0000,default,21,rsu(572m),1285,33831,0.0373,572,2.0159,2,2,-80.6856,-97.6753,direct,0.0500,26.8000,-83.0538
245.7,node[15],2,6298.9840,4011.7297,1.8950,27.4747,-0.2830,-0.4797,21151029#17,-80.6308,-2.2500,100.0000,default,21,rsu(572m),1286,33865,0.0675,572,2.0231,3,4,-80.6308,-97.6205,direct,0.0500,26.8000,-82.9788
245.8,node[15],2,6301.4258,4012.9892,1.8950,27.4837,0.0904,-0.4762,21151029#17,-77.7937,-2.8489,100.0000,default,21,rsu(572m),1287,33899,0.0510,572,2.0174,3,4,-77.7937,-94.7834,direct,0.0500,27.2000,-82.9035
245.9,node[15],2,6303.8593,4014.2443,1.8950,27.3893,-0.9444,-0.4762,21151029#17,-77.7452,-0.6707,100.0000,default,21,rsu(572m),1288,33932,0.1376,572,2.0245,4,6,-77.7452,-94.7349,direct,0.0500,27.2000,-82.8283
246,node[15],2,6306.2962,4015.5013,1.8950,27.4288,0.3951,-0.4762,21151029#17,-82.6906,-4.1069,100.0000,default,21,rsu(573m),1289,33965,0.0278,573,2.0187,2,2,-82.6906,-99.6803,direct,0.0500,26.4000,-82.7517
246.1,node[15],2,6308.7329,4016.7578,1.8950,27.4093,-0.1949,-0.4761,:8597520381_3,-82.8033,-3.9959,100.0000,default,21,rsu(573m),1290,33998,0.0294,573,2.0127,2,2,-82.8033,-99.7930,direct,0.0500,26.4000,-82.6738
246.2,node[15],2,6311.1790,4018.0189,1.8950,27.5043,0.9499,-0.4760,:8597520381_3,-81.8239,-4.0639,100.0000,default,21,rsu(573m),1291,34032,0.0284,573,2.0198,2,2,-81.8239,-98.8136,direct,0.0500,26.8000,-82.5903
246.3,node[15],2,6313.6195,4019.2771,1.8950,27.4414,-0.6295,-0.4760,:8597520381_3,-86.5338,-5.0000,100.0000,default,21,rsu(573m),1292,34066,0.0180,573,2.0137,2,2,-86.5338,-103.5235,direct,0.0500,26.8000,-82.5090
246.4,node[15],2,6316.0643,4020.5372,1.8950,27.4912,0.4982,-0.4760,21151029#18,-86.7258,-5.0000,100.0000,default,21,rsu(574m),1293,34100,0.0180,574,2.0207,2,2,-86.7258,-103.7155,direct,0.0500,27.2000,-82.4264
246.5,node[15],2,6318.5033,4021.7926,1.8950,27.4404,-0.5076,-0.4756,21151029#18,-78.3044,-0.7623,100.0000,default,21,rsu(574m),1294,34133,0.1323,574,2.0145,4,6,-78.3044,-95.2941,direct,0.0500,27.2000,-82.3442
246.6,node[15],2,6320.9470,4023.0505,1.8950,27.4932,0.5278,-0.4754,21151029#18,-80.2045,-2.0524,100.0000,default,21,rsu(574m),1295,34167,0.0740,574,2.0213,3,4,-80.2045,-97.1942,direct,0.0500,26.8000,-82.2588
246.7,node[15],2,6323.3823,4024.3040,1.8950,27.3988,-0.9435,-0.4754,21151029#18,-80.7371,-2.0056,100.0000,default,21,rsu(575m),1296,34201,0.0757,575,2.0151,3,4,-80.7371,-97.7268,direct,0.0500,26.8000,-82.1740
246.8,node[15],2,6325.8201,4025.5588,1.8950,27.4260,0.2715,-0.4754,21151029#18,-83.5858,-5.0000,100.0000,default,21,rsu(575m),1297,34234,0.0180,575,2.0218,2,2,-83.5858,-100.5755,direct,0.0500,26.8000,-82.0893
246.9,node[15],2,6328.2582,4026.8137,1.8950,27.4305,0.0451,-0.4754,21151029#18,-83.3448,-5.0000,100.0000,default,21,rsu(575m),1298,34268,0.0180,575,2.0154,2,2,-83.3448,-100.3345,direct,0.0500,26.8000,-82.0020
247,node[15],2,6330.6974,4028.0693,1.8950,27.4425,0.1202,-0.4754,21151029#18,-80.8318,-4.7212,100.0000,default,21,rsu(576m),1299,34301,0.0206,576,2.0220,2,2,-80.8318,-97.8215,direct,0.0500,26.8000,-81.9163
247.1,node[15],2,6333.1334,4029.3231,1.8950,27.4062,-0.3629,-0.4754,21151029#18,-89.3727,-5.0000,100.0000,default,21,rsu(576m),1300,34335,0.0180,576,2.0249,2,2,-89.3727,-106.3624,direct,0.0500,26.8000,-81.8286
247.2,node[15],2,6335.5777,4030.5813,1.8950,27.5005,0.9425,-0.4754,21151029#18,-82.7896,-5.0000,100.0000,default,21,rsu(577m),1301,34370,0.0180,577,2.0131,2,2,-82.7896,-99.7793,direct,0.0500,27.6000,-81.7415
247.3,node[15],2,6338.0002,4031.8765,1.8950,27.4608,-0.3972,-0.4839,:3205653458_2,-82.8873,-5.0000,100.0000,default,21,rsu(577m),1302,34404,0.0180,577,2.0133,2,2,-82.8873,-99.8770,direct,0.0500,27.6000,-81.6550
247.4,node[15],2,6340.4137,4033.1929,1.8950,27.4700,0.0922,-0.4971,:3205653458_2,-87.6336,-5.0000,100.0000,default,21,rsu(577m),1303,34438,0.0180,577,2.0134,2,2,-87.6336,-104.6233,direct,0.0500,27.2000,-81.5685
247.5,node[15],2,6342.8149,4034.5308,1.8950,27.4802,0.1026,-0.5043,21151029#19,-86.1600,-5.0000,100.0000,default,21,rsu(578m),1304,34472,0.0180,578,2.0134,2,2,-86.1600,-103.1497,direct,0.0500,27.2000,-81.4821
247.6,node[15],2,6345.1810,4035.8964,1.8950,27.3317,-1.4858,-0.5175,21151029#19,-77.4639,0.1170,100.0000,default,21,rsu(578m),1305,34507,0.1913,578,2.0134,4,6,-77.4639,-94.4536,direct,0.0500,27.6000,-81.3932
247.7,node[15],2,6347.5081,4037.2395,1.8950,26.8817,-4.5000,-0.5235,21151029#19,-76.6280,2.4262,100.0000,default,21,rsu(578m),1306,34542,0.4288,578,2.0132,5,8,-76.6280,-93.6177,direct,0.0500,27.6000,-81.3102
247.8,node[15],2,6349.7963,4038.5602,1.8950,26.4317,-4.5000,-0.5235,21151029#19,-85.5042,-5.0000,100.0000,default,21,rsu(579m),1307,34576,0.0180,579,2.0130,2,2,-85.5042,-102.4939,direct,0.0500,27.6000,-81.2316
247.9,node[15],2,6352.0455,4039.8584,1.8950,25.9817,-4.5000,-0.5235,21151029#19,-80.7917,-5.0000,100.0000,default,21,rsu(579m),1308,34611,0.0180,579,2.0238,2,2,-80.7917,-97.7814,direct,0.0500,27.6000,-81.1550
248,node[15],2,6354.2558,4041.1341,1.8950,25.5317,-4.5000,-0.5235,21151029#19,-79.6133,-2.6848,100.0000,default,21,rsu(579m),1309,34646,0.0551,579,2.0215,3,4,-79.6133,-96.6030,direct,0.0500,28.0000,-81.0837
248.1,node[15],2,6356.4286,4042.3900,1.8950,25.0817,-4.5000,-0.5238,:10023484170_1,-94.3184,-5.0000,100.0000,default,21,rsu(580m),1310,34681,0.0180,580,2.0191,2,2,-94.3184,-111.3081,direct,0.0500,28.0000,-81.0167
248.2,node[15],2,6358.5629,4043.6238,1.8950,24.6351,-4.4659,-0.5241,:10023484170_1,-88.9285,-5.0000,100.0000,default,21,rsu(580m),1311,34716,0.0180,580,2.0166,2,2,-88.9285,-105.9182,direct,0.0500,28.0000,-80.9545
248.3,node[15],2,6360.6586,4044.8335,1.8950,24.1851,-4.5000,-0.5238,21151029#20,-87.9832,-5.0000,100.0000,default,21,rsu(580m),1312,34750,0.0180,580,2.0140,2,2,-87.9832,-104.9729,direct,0.0500,28.0000,-80.8986
248.4,node[15],2,6362.7161,4046.0189,1.8950,23.7354,-4.4965,-0.5232,21151029#20,-82.9051,-3.5379,100.0000,default,21,rsu(581m),1313,34785,0.0367,581,2.0244,2,2,-82.9051,-99.8948,direct,0.0500,27.6000,-80.8462
248.5,node[15],2,6364.7345,4047.1819,1.8950,23.2854,-4.5000,-0.5227,21151029#20,-83.6991,-5.0000,100.0000,default,21,rsu(581m),1314,34820,0.0180,581,2.0216,2,2,-83.6991,-100.6888,direct,0.0500,27.6000,-80.8003
248.6,node[15],2,6366.7139,4048.3223,1.8950,22.8354,-4.5000,-0.5227,21151029#20,-81.0896,-2.3733,100.0000,default,21,rsu(581m),1315,34855,0.0638,581,2.0188,3,4,-81.0896,-98.0793,direct,0.0500,28.0000,-80.7600
248.7,node[15],2,6368.6533,4049.4412,1.8950,22.3854,-4.5000,-0.5230,:10023484180_1,-77.9171,-3.8798,100.0000,default,21,rsu(582m),1316,34890,0.0311,582,2.0159,2,2,-77.9171,-94.9068,direct,0.0500,28.0000,-80.7252
248.8,node[15],2,6370.5531,4050.5380,1.8950,21.9354,-4.5000,-0.5233,:10023484180_1,-80.3964,-4.1877,100.0000,default,21,rsu(582m),1317,34925,0.0268,582,2.0129,2,2,-80.3964,-97.3861,direct,0.0500,28.0000,-80.6960
248.9,node[15],2,6372.4141,4051.6122,1.8950,21.4854,-4.5000,-0.5235,:10023484180_1,-78.8674,-0.7353,100.0000,default,21,rsu(582m),1318,34960,0.1338,582,2.0228,4,6,-78.8674,-95.8571,direct,0.0500,28.0000,-80.6721
249,node[15],2,6374.2348,4052.6624,1.8950,21.0354,-4.5000,-0.5234,21151029#21,-83.7594,-5.0000,100.0000,default,21,rsu(583m),1319,34995,0.0180,583,2.0196,2,2,-83.7594,-100.7491,direct,0.0500,28.0000,-80.6534
249.1,node[15],2,6376.0163,4053.6899,1.8950,20.5854,-4.5000,-0.5232,21151029#21,-81.8703,-2.8252,100.0000,default,21,rsu(583m),1320,35029,0.0515,583,2.0163,3,4,-81.8703,-98.8600,direct,0.0500,28.0000,-80.6409
249.2,node[15],2,6377.7590,4054.6950,1.8950,20.1354,-4.5000,-0.5231,21151029#21,-82.4308,-5.0000,100.0000,default,21,rsu(583m),1321,35063,0.0180,583,2.0129,2,2,-82.4308,-99.4205,direct,0.0500,27.2000,-80.6305
249.3,node[15],2,6379.4626,4055.6775,1.8950,19.6854,-4.5000,-0.5231,21151029#21,-81.4340,-5.0000,100.0000,default,21,rsu(584m),1322,35097,0.0180,584,2.0225,2,2,-81.4340,-98.4237,direct,0.0500,27.2000,-80.6257
249.4,node[15],2,6381.1274,4056.6376,1.8950,19.2354,-4.5000,-0.5231,21151029#21,-77.3170,-1.4104,100.0000,default,21,rsu(584m),1323,35131,0.0993,584,2.0189,3,4,-77.3170,-94.3067,direct,0.0500,27.2000,-80.6249
249.5,node[15],2,6382.7532,4057.5754,1.8950,18.7854,-4.5000,-0.5232,:10023484181_3,-86.0316,-5.0000,100.0000,default,21,rsu(585m),1324,35165,0.0180,585,2.0153,2,2,-86.0316,-103.0213,direct,0.0500,27.2000,-80.6278
249.6,node[15],2,6384.3413,4058.4932,1.8950,18.3354,-4.5000,-0.5235,:10023484181_3,-82.4521,-3.6577,100.0000,default,21,rsu(585m),1325,35198,0.0346,585,2.0246,2,2,-82.4521,-99.4418,direct,0.0500,26.8000,-80.6345
249.7,node[15],2,6385.8903,4059.3884,1.8950,17.8854,-4.5000,-0.5238,:10023484181_3,-79.6969,-2.5721,100.0000,default,21,rsu(585m),1326,35231,0.0581,585,2.0208,3,4,-79.6969,-96.6866,direct,0.0500,26.8000,-80.6434
249.8,node[15],2,6387.4010,4060.2615,1.8950,17.4425,-4.4290,-0.5240,:10023484181_3,-83.9606,-5.0000,100.0000,default,21,rsu(586m),1327,35265,0.0180,586,2.0169,2,2,-83.9606,-100.9503,direct,0.0500,26.8000,-80.6489
249.9,node[15],2,6388.8727,4061.1120,1.8950,16.9925,-4.5000,-0.5240,:10023484181_3,-83.4981,-5.0000,100.0000,default,21,rsu(586m),1328,35299,0.0180,586,2.0129,2,2,-83.4981,-100.4878,direct,0.0500,26.8000,-80.6589
250,node[15],2,6390.3055,4061.9400,1.8950,16.5425,-4.5000,-0.5240,:10023484181_3,-84.9979,-5.0000,100.0000,default,21,rsu(586m),1329,35333,0.0180,586,2.0218,2,2,-84.9979,-101.9876,direct,0.0500,27.2000,-80.6696
250.1,node[15],2,6391.6995,4062.7447,1.8950,16.0925,-4.5000,-0.5239,21151029#22,-81.5274,-2.1570,100.0000,default,20,rsu(587m),1330,35367,0.0705,587,2.0177,3,4,-81.5274,-98.5171,direct,0.0500,27.2000,-80.6831
250.2,node[15],2,6393.0546,4063.5266,1.8950,15.6425,-4.5000,-0.5237,21151029#22,-82.3311,-3.0773,100.0000,default,20,rsu(587m),1331,35400,0.0457,587,2.0134,2,2,-82.3311,-99.3208,direct,0.0500,26.8000,-80.6962
250.3,node[15],2,6394.3708,4064.2860,1.8950,15.1925,-4.5000,-0.5234,21151029#22,-79.0607,-1.5302,100.0000,default,20,rsu(587m),1332,35434,0.0941,587,2.0221,3,4,-79.0607,-96.0504,direct,0.0500,26.8000,-80.7049
250.4,node[15],2,6395.6479,4065.0229,1.8950,14.7425,-4.5000,-0.5233,21151029#22,-75.9312,0.9850,100.0000,default,20,rsu(588m),1333,35468,0.2675,588,2.0176,4,6,-75.9312,-92.9209,direct,0.0500,27.2000,-80.7150
250.5,node[15],2,6396.8873,4065.7380,1.8950,14.3066,-4.3592,-0.5233,21151029#22,-90.8516,-5.0000,100.0000,default,20,rsu(588m),1334,35502,0.0180,588,2.0131,2,2,-90.8516,-107.8413,direct,0.0500,27.2000,-80.7240
250.6,node[15],2,6398.0877,4066.4306,1.8950,13.8566,-4.5000,-0.5233,21151029#22,-77.7962,-3.2058,100.0000,default,20,rsu(588m),1335,35536,0.0430,588,2.0215,2,2,-77.7962,-94.7859,direct,0.0500,27.2000,-80.7317
250.7,node[15],2,6399.2492,4067.1007,1.8950,13.4066,-4.5000,-0.5233,21151029#22,-80.9639,-5.0000,100.0000,default,20,rsu(588m),1336,35570,0.0180,588,2.0168,2,2,-80.9639,-97.9536,direct,0.0500,27.2000,-80.7377
250.8,node[15],2,6400.3716,4067.7483,1.8950,12.9566,-4.5000,-0.5233,21151029#22,-78.9473,-2.0626,100.0000,default,20,rsu(589m),1337,35604,0.0737,589,2.0250,3,4,-78.9473,-95.9370,direct,0.0500,27.2000,-80.7421
250.9,node[15],2,6401.4551,4068.3734,1.8950,12.5066,-4.5000,-0.5233,21151029#22,-79.5143,-1.6208,100.0000,default,20,rsu(589m),1338,35638,0.0903,589,2.0201,3,4,-79.5143,-96.5040,direct,0.0500,27.2000,-80.7442
251,node[15],2,6402.4996,4068.9760,1.8950,12.0566,-4.5000,-0.5233,21151029#22,-75.7249,1.7022,100.0000,default,20,rsu(589m),1339,35671,0.3432,589,2.0151,5,8,-75.7249,-92.7146,direct,0.0500,26.8000,-80.7441
251.1,node[15],2,6403.5050,4069.5562,1.8950,11.6066,-4.5000,-0.5233,21151029#22,-83.1403,-4.5046,100.0000,default,20,rsu(590m),1340,35704,0.0229,590,2.0230,2,2,-83.1403,-100.1300,direct,0.0500,26.8000,-80.7415
251.2,node[15],2,6404.4716,4070.1138,1.8950,11.1566,-4.5000,-0.5233,21151029#22,-88.8109,-5.0000,100.0000,default,20,rsu(590m),1341,35737,0.0180,590,2.0178,2,2,-88.8109,-105.8006,direct,0.0500,26.4000,-80.7364
251.3,node[15],2,6405.3991,4070.6490,1.8950,10.7066,-4.5000,-0.5233,21151029#22,-88.5010,-5.0000,100.0000,default,20,rsu(590m),1342,35770,0.0180,590,2.0126,2,2,-88.5010,-105.4907,direct,0.0500,26.4000,-80.7284
251.4,node[15],2,6406.2876,4071.1616,1.8950,10.2566,-4.5000,-0.5233,21151029#22,-82.3188,-4.7051,100.0000,default,20,rsu(590m),1343,35803,0.0208,590,2.0188,2,2,-82.3188,-99.3085,direct,0.0500,26.4000,-80.7176
251.5,node[15],2,6407.1372,4071.6518,1.8950,9.8066,-4.5000,-0.5233,21151029#22,-76.8219,-0.3958,100.0000,default,20,rsu(590m),1344,35836,0.1547,590,2.0248,4,6,-76.8219,-93.8116,direct,0.0500,26.4000,-80.7038
251.6,node[15],2,6407.9478,4072.1195,1.8950,9.3566,-4.5000,-0.5233,21151029#22,-77.9948,0.8783,100.0000,default,20,rsu(591m),1345,35869,0.2571,591,2.0177,4,6,-77.9948,-94.9845,direct,0.0500,26.4000,-80.6874
251.7,node[15],2,6408.7193,4072.5646,1.8950,8.9066,-4.5000,-0.5233,21151029#22,-82.8637,-5.0000,100.0000,default,20,rsu(591m),1346,35903,0.0180,591,2.0203,2,2,-82.8637,-99.8534,direct,0.0500,26.4000,-80.6681
251.8,node[15],2,6409.4519,4072.9873,1.8950,8.4566,-4.5000,-0.5233,21151029#22,-83.7315,-5.0000,100.0000,default,20,rsu(591m),1347,35937,0.0180,591,2.0129,2,2,-83.7315,-100.7212,direct,0.0500,27.2000,-80.6460
251.9,node[15],2,6410.1456,4073.3875,1.8950,8.0066,-4.5000,-0.5233,21151029#22,-76.5636,1.9509,100.0000,default,20,rsu(591m),1348,35971,0.3718,591,2.0153,5,8,-76.5636,-93.5533,direct,0.0500,27.2000,-80.6213
252,node[15],2,6410.8002,4073.7652,1.8950,7.5566,-4.5000,-0.5233,21151029#22,-78.5180,0.4974,100.0000,default,20,rsu(591m),1349,36004,0.2225,591,2.0245,4,6,-78.5180,-95.5077,direct,0.0500,26.8000,-80.5985
252.1,node[15],2,6411.4159,4074.1204,1.8950,7.1066,-4.5000,-0.5233,21151029#22,-83.7710,-5.0000,100.0000,default,20,rsu(592m),1350,36038,0.0180,592,2.0136,2,2,-83.7710,-100.7607,direct,0.0500,26.8000,-80.5644
252.2,node[15],2,6411.9925,4074.4532,1.8950,6.6566,-4.5000,-0.5233,21151029#22,-82.4211,-3.2978,100.0000,default,20,rsu(592m),1351,36072,0.0411,592,2.0156,2,2,-82.4211,-99.4108,direct,0.0500,27.2000,-80.5326
252.3,node[15],2,6412.5302,4074.7634,1.8950,6.2066,-4.5000,-0.5233,21151029#22,-77.0395,0.1016,100.0000,default,20,rsu(592m),1352,36106,0.1901,592,2.0205,4,6,-77.0395,-94.0292,direct,0.0500,27.2000,-80.4990
252.4,node[15],2,6413.0289,4075.0511,1.8950,5.7566,-4.5000,-0.5233,21151029#22,-88.9092,-5.0000,100.0000,default,20,rsu(592m),1353,36140,0.0180,592,2.0123,2,2,-88.9092,-105.8989,direct,0.0500,27.2000,-80.4639
252.5,node[15],2,6413.4886,4075.3164,1.8950,5.3066,-4.5000,-0.5233,21151029#22,-79.8320,-0.8456,100.0000,default,20,rsu(592m),1354,36174,0.1275,592,2.0170,4,6,-79.8320,-96.8217,direct,0.0500,27.2000,-80.4277
252.6,node[15],2,6413.9094,4075.5591,1.8950,4.8566,-4.5000,-0.5233,21151029#22,-82.4205,-5.0000,100.0000,default,20,rsu(592m),1355,36208,0.0180,592,2.0215,2,2,-82.4205,-99.4102,direct,0.0500,27.2000,-80.3908
252.7,node[15],2,6414.2911,4075.7794,1.8950,4.4066,-4.5000,-0.5233,21151029#22,-79.0038,-0.5045,100.0000,default,20,rsu(592m),1356,36242,0.1478,592,2.0129,4,6,-79.0038,-95.9935,direct,0.0500,27.2000,-80.3538
252.8,node[15],2,6414.6339,4075.9771,1.8950,3.9566,-4.5000,-0.5233,21151029#22,-78.8762,-2.0214,100.0000,default,20,rsu(593m),1357,36276,0.0751,593,2.0142,3,4,-78.8762,-95.8659,direct,0.0500,27.2000,-80.3189
252.9,node[15],2,6414.9377,4076.1524,1.8950,3.5066,-4.5000,-0.5233,21151029#22,-77.4271,1.4185,100.0000,default,20,rsu(593m),1358,36310,0.3120,593,2.0155,5,8,-77.4271,-94.4168,direct,0.0500,27.2000,-80.2848
253,node[15],2,6415.2025,4076.3052,1.8950,3.0566,-4.5000,-0.5233,21151029#22,-83.0152,-4.8891,100.0000,default,20,rsu(593m),1359,36344,0.0190,593,2.0195,2,2,-83.0152,-100.0049,direct,0.0500,27.2000,-80.2519
253.1,node[15],2,6415.4283,4076.4355,1.8950,2.6066,-4.5000,-0.5233,21151029#22,-85.1069,-5.0000,100.0000,default,20,rsu(593m),1360,36379,0.0180,593,2.0233,2,2,-85.1069,-102.0966,direct,0.0500,27.2000,-80.2206
253.2,node[15],2,6415.6151,4076.5433,1.8950,2.1566,-4.5000,-0.5233,21151029#22,-80.1215,-2.0317,100.0000,default,20,rsu(593m),1361,36414,0.0748,593,2.0242,3,4,-80.1215,-97.1112,direct,0.0500,28.0000,-80.1913
253.3,node[15],2,6415.7629,4076.6286,1.8950,1.7066,-4.5000,-0.5233,21151029#22,-77.5999,-2.1879,100.0000,default,20,rsu(593m),1362,36449,0.0695,593,2.0148,3,4,-77.5999,-94.5896,direct,0.0500,28.0000,-80.1643
253.4,node[15],2,6415.8718,4076.6914,1.8950,1.2566,-4.5000,-0.5233,21151029#22,-76.5096,-1.4152,100.0000,default,20,rsu(593m),1363,36483,0.0991,593,2.0226,3,4,-76.5096,-93.4993,direct,0.0500,27.6000,-80.1488
253.5,node[15],2,6415.9417,4076.7317,1.8950,0.8066,-4.5000,-0.5233,21151029#22,-92.1749,-5.0000,100.0000,default,20,rsu(593m),1364,36517,0.0180,593,2.0172,2,2,-92.1749,-109.1646,direct,0.0500,27.6000,-80.1368
253.6,node[15],2,6415.9726,4076.7495,1.8950,0.3569,-4.4974,-0.5233,21151029#22,-85.0208,-5.0000,100.0000,default,20,rsu(593m),1365,36551,0.0180,593,2.0247,2,2,-85.0208,-102.0105,direct,0.0500,27.2000,-80.1286
253.7,node[15],2,6415.9728,4076.7497,1.8950,0.0026,-3.5426,-0.5233,21151029#22,-84.5258,-5.0000,100.0000,default,21,rsu(593m),1366,36587,0.0180,593,2.0144,2,2,-84.5258,-101.5155,direct,0.0500,27.2000,-80.0501
253.8,node[15],2,6415.9728,4076.7497,1.8950,0.0000,-0.0258,-0.5233,21151029#22,-81.2919,-5.0000,100.0000,default,21,rsu(593m),1367,36622,0.0180,593,2.0214,2,2,-81.2919,-98.2816,direct,0.0500,28.4000,-80.0471
253.9,node[15],2,6415.9728,4076.7497,1.8950,0.0000,-0.0002,-0.5233,21151029#22,-81.5547,-5.0000,100.0000,default,21,rsu(593m),1368,36658,0.0180,593,2.0238,2,2,-81.5547,-98.5444,direct,0.0500,28.4000,-80.0226
254,node[15],2,6415.9728,4076.7497,1.8950,0.0000,0.0000,-0.5233,21151029#22,-86.6044,-5.0000,100.0000,default,21,rsu(593m),1369,36694,0.0180,593,2.0132,2,2,-86.6044,-103.5941,direct,0.0500,28.8000,-80.0125
254.1,node[15],2,6415.9728,4076.7497,1.8950,0.0000,0.0000,-0.5233,21151029#22,-81.9113,-2.7480,100.0000,default,20,rsu(593m),1370,36729,0.0535,593,2.0199,3,4,-81.9113,-98.9010,direct,0.0500,28.8000,-80.0211
254.2,node[15],2,6415.9728,4076.7497,1.8950,0.0000,0.0000,-0.5233,21151029#22,-85.6363,-5.0000,100.0000,default,20,rsu(593m),1371,36764,0.0180,593,2.0134,2,2,-85.6363,-102.6260,direct,0.0500,28.0000,-80.0321
254.3,node[15],2,6415.9728,4076.7497,1.8950,0.0000,0.0000,-0.5233,21151029#22,-88.2103,-5.0000,100.0000,default,20,rsu(593m),1372,36800,0.0180,593,2.0129,2,2,-88.2103,-105.2000,direct,0.0500,28.0000,-80.0044
254.4,node[15],2,6415.9728,4076.7497,1.8950,0.0000,0.0000,-0.5233,21151029#22,-80.4640,-1.8390,100.0000,default,20,rsu(593m),1373,36836,0.0817,593,2.0123,3,4,-80.4640,-97.4537,direct,0.0500,28.8000,-80.0044
254.5,node[15],2,6415.9728,4076.7497,1.8950,0.0000,0.0000,-0.5233,21151029#22,-83.1585,-5.0000,100.0000,default,20,rsu(593m),1374,36872,0.0180,593,2.0140,2,2,-83.1585,-100.1482,direct,0.0500,28.8000,-80.0080
254.6,node[15],2,6415.9728,4076.7497,1.8950,0.0000,0.0000,-0.5233,21151029#22,-77.6476,-0.5761,100.0000,default,20,rsu(593m),1375,36908,0.1433,593,2.0156,4,6,-77.6476,-94.6373,direct,0.0500,28.8000,-80.0152
254.7,node[15],2,6415.9728,4076.7497,1.8950,0.0000,0.0000,-0.5233,21151029#22,-85.8199,-5.0000,100.0000,default,20,rsu(593m),1376,36944,0.0180,593,2.0128,2,2,-85.8199,-102.8096,direct,0.0500,28.8000,-80.0257
254.8,node[15],2,6415.9728,4076.7497,1.8950,0.0000,0.0000,-0.5233,21151029#22,-74.8655,3.1572,100.0000,default,20,rsu(593m),1377,36980,0.5196,593,2.0206,6,10,-74.8655,-91.8552,direct,0.0500,28.8000,-80.0393
254.9,node[15],2,6415.9728,4076.7497,1.8950,0.0000,0.0000,-0.5233,21151029#22,-76.1642,-0.9611,100.0000,default,20,rsu(593m),1378,37016,0.1213,593,2.0153,4,6,-76.1642,-93.1539,direct,0.0500,28.8000,-80.0556
255,node[15],2,6415.9728,4076.7497,1.8950,0.0000,0.0000,-0.5233,21151029#22,-80.3057,-1.4120,100.0000,default,20,rsu(593m),1379,37052,0.0992,593,2.0229,3,4,-80.3057,-97.2954,direct,0.0500,28.8000,-80.0741
255.1,node[15],2,6415.9728,4076.7497,1.8950,0.0000,0.0000,-0.5233,21151029#22,-80.0603,-3.8839,100.0000,default,20,rsu(593m),1380,37088,0.0310,593,2.0174,2,2,-80.0603,-97.0500,direct,0.0500,28.8000,-80.0945
255.2,node[15],2,6415.9728,4076.7497,1.8950,0.0000,0.0000,-0.5233,21151029#22,-94.9300,-5.0000,100.0000,default,20,rsu(593m),1381,37124,0.0180,593,2.0248,2,2,-94.9300,-111.9197,direct,0.0500,28.8000,-80.1161
255.3,node[15],2,6415.9728,4076.7497,1.8950,0.0000,0.0000,-0.5233,21151029#22,-80.5842,-5.0000,100.0000,default,20,rsu(593m),1382,37160,0.0180,593,2.0191,2,2,-80.5842,-97.5739,direct,0.0500,28.8000,-80.1382
255.4,node[15],2,6415.9728,4076.7497,1.8950,0.0000,0.0000,-0.5233,21151029#22,-79.3220,-2.1093,100.0000,default,20,rsu(593m),1383,37196,0.0721,593,2.0155,3,4,-79.3220,-96.3117,direct,0.0500,28.8000,-80.1604
255.5,node[15],2,6415.9728,4076.7497,1.8950,0.0000,0.0000,-0.5233,21151029#22,-90.1065,-5.0000,100.0000,default,20,rsu(593m),1384,37231,0.0180,593,2.0167,2,2,-90.1065,-107.0962,direct,0.0500,28.8000,-80.2196
255.6,node[15],2,6415.9728,4076.7497,1.8950,0.0000,0.0000,-0.5233,21151029#22,-81.7386,-2.8038,100.0000,default,20,rsu(593m),1385,37267,0.0521,593,2.0238,3,4,-81.7386,-98.7283,direct,0.0500,28.4000,-80.2012
255.7,node[15],2,6415.9728,4076.7497,1.8950,0.0000,0.0000,-0.5233,21151029#22,-78.5492,-0.4069,100.0000,default,20,rsu(593m),1386,37303,0.1540,593,2.0178,4,6,-78.5492,-95.5389,direct,0.0500,28.4000,-80.2183
255.8,node[15],2,6415.9728,4076.7497,1.8950,0.0000,0.0000,-0.5233,21151029#22,-77.1652,2.1239,100.0000,default,20,rsu(593m),1387,37339,0.3922,593,2.0138,5,8,-77.1652,-94.1549,direct,0.0500,28.8000,-80.2328
255.9,node[15],2,6415.9728,4076.7497,1.8950,0.0000,0.0000,-0.5233,21151029#22,-79.7499,-5.0000,100.0000,default,20,rsu(593m),1388,37375,0.0180,593,2.0226,2,2,-79.7499,-96.7396,direct,0.0500,28.8000,-80.2424
256,node[15],2,6415.9728,4076.7497,1.8950,0.0000,0.0000,-0.5233,21151029#22,-77.3540,1.1513,100.0000,default,20,rsu(593m),1389,37410,0.2841,593,2.0234,5,8,-77.3540,-94.3437,direct,0.0500,28.4000,-80.3079
256.1,node[15],6,6415.9728,4076.7497,1.8950,0.0000,0.0000,-0.5233,21151029#22,-80.4476,-5.0000,100.0000,default,19,rsu(593m),1390,37446,0.0180,593,2.0191,2,2,-80.4476,-97.4373,direct,0.0500,28.4000,-80.2464
256.2,node[15],6,6415.9728,4076.7497,1.8950,0.0000,0.0000,-0.5233,21151029#22,-80.8895,-2.2655,100.0000,default,19,rsu(593m),1391,37482,0.0671,593,2.0146,3,4,-80.8895,-97.8792,direct,0.0500,28.8000,-80.2360
256.3,node[15],6,6415.9728,4076.7497,1.8950,0.0000,0.0000,-0.5233,21151029#22,-79.4770,-1.6310,100.0000,default,19,rsu(593m),1392,37518,0.0898,593,2.0230,3,4,-79.4770,-96.4667,direct,0.0500,28.8000,-80.2162
256.4,node[15],6,6415.9728,4076.7497,1.8950,0.0000,0.0000,-0.5233,21151029#22,-75.9463,1.1969,100.0000,default,19,rsu(593m),1393,37553,0.2887,593,2.0235,5,8,-75.9463,-92.9360,direct,0.0500,28.4000,-80.2785
256.5,node[15],6,6415.9728,4076.7497,1.8950,0.0000,0.0000,-0.5233,21151029#22,-85.5403,-5.0000,100.0000,default,19,rsu(593m),1394,37589,0.0180,593,2.0187,2,2,-85.5403,-102.5300,direct,0.0500,28.4000,-80.1437
256.6,node[15],6,6415.9728,4076.7497,1.8950,0.0000,0.0000,-0.5233,21151029#22,-80.7331,-1.4843,100.0000,default,19,rsu(593m),1395,37625,0.0960,593,2.0120,3,4,-80.7331,-97.7228,direct,0.0500,28.8000,-80.0878
256.7,node[15],6,6415.9728,4076.7497,1.8950,0.0000,0.0000,-0.5233,21151029#22,-86.5340,-5.0000,100.0000,default,19,rsu(593m),1396,37661,0.0180,593,2.0201,2,2,-86.5340,-103.5237,direct,0.0500,28.8000,-80.0169
256.8,node[15],6,6415.9728,4076.7497,1.8950,0.0000,0.0000,-0.5233,21151029#22,-75.8051,3.0224,100.0000,default,19,rsu(593m),1397,37696,0.5028,593,2.0202,6,10,-75.8051,-92.7948,direct,0.0500,28.4000,-80.0713
256.9,node[15],6,6415.9728,4076.7497,1.8950,0.0000,0.0000,-0.5233,21151029#22,-77.1069,1.3111,100.0000,default,19,rsu(593m),1398,37732,0.3006,593,2.0133,5,8,-77.1069,-94.0966,direct,0.0500,28.4000,-79.8212
257,node[15],6,6415.9728,4076.7497,1.8950,0.0000,0.0000,-0.5233,21151029#22,-93.7776,-5.0000,100.0000,default,19,rsu(593m),1399,37767,0.0180,593,2.0134,2,2,-93.7776,-110.7673,direct,0.0500,28.4000,-79.8703
257.1,node[15],6,6415.9728,4076.7497,1.8950,0.0000,0.0000,-0.5233,21151029#22,-90.6744,-5.0000,100.0000,default,19,rsu(593m),1400,37803,0.0180,593,2.0193,2,2,-90.6744,-107.6641,direct,0.0500,28.4000,-79.5391
257.2,node[15],6,6415.9728,4076.7497,1.8950,0.0000,0.0000,-0.5233,21151029#22,-84.6468,-5.0000,100.0000,default,19,rsu(593m),1401,37839,0.0180,593,2.0122,2,2,-84.6468,-101.6365,direct,0.0500,28.8000,-79.3593
257.3,node[15],6,6415.9728,4076.7497,1.8950,0.0000,0.0000,-0.5233,21151029#22,-80.7787,-5.0000,100.0000,default,19,rsu(593m),1402,37875,0.0180,593,2.0196,2,2,-80.7787,-97.7684,direct,0.0500,28.8000,-79.1499
257.4,node[15],6,6415.9728,4076.7497,1.8950,0.0000,0.0000,-0.5233,21151029#22,-88.2662,-5.0000,100.0000,default,19,rsu(593m),1403,37911,0.0180,593,2.0124,2,2,-88.2662,-105.2559,direct,0.0500,28.8000,-78.9082
257.5,node[15],6,6415.9728,4076.7497,1.8950,0.0000,0.0000,-0.5233,21151029#22,-79.8238,-0.7714,100.0000,default,19,rsu(593m),1404,37947,0.1317,593,2.0180,4,6,-79.8238,-96.8135,direct,0.0500,28.8000,-78.6305
257.6,node[15],6,6415.9728,4076.7497,1.8950,0.0000,0.0000,-0.5233,21151029#22,-89.9869,-5.0000,100.0000,default,19,rsu(593m),1405,37983,0.0180,593,2.0121,2,2,-89.9869,-106.9766,direct,0.0500,28.8000,-78.3144
257.7,node[15],6,6415.9728,4076.7497,1.8950,0.0000,0.0000,-0.5233,21151029#22,-80.4004,-4.4570,100.0000,default,19,rsu(593m),1406,38019,0.0235,593,2.0176,2,2,-80.4004,-97.3901,direct,0.0500,28.8000,-77.9566
257.8,node[15],6,6415.9728,4076.7497,1.8950,0.0000,0.0000,-0.5233,21151029#22,-80.7974,-1.9572,100.0000,default,19,rsu(593m),1407,38055,0.0774,593,2.0231,3,4,-80.7974,-97.7871,direct,0.0500,28.8000,-77.5548
257.9,node[15],6,6415.9728,4076.7497,1.8950,0.0000,0.0000,-0.5233,21151029#22,-80.5242,-1.8619,100.0000,default,19,rsu(593m),1408,38091,0.0808,593,2.0155,3,4,-80.5242,-97.5139,direct,0.0500,28.8000,-77.1068
258,node[15],6,6415.9728,4076.7497,1.8950,0.0000,0.0000,-0.5233,21151029#22,-97.2384,-5.0000,100.0000,default,19,rsu(593m),1409,38127,0.0180,593,2.0233,2,2,-97.2384,-114.2281,direct,0.0500,28.8000,-76.6124
258.1,node[15],6,6415.9728,4076.7497,1.8950,0.0000,0.0000,-0.5233,21151029#22,-97.8753,-5.0000,100.0000,default,19,rsu(593m),1410,38163,0.0180,593,2.0180,2,2,-97.8753,-114.8650,direct,0.0500,28.8000,-76.0736
258.2,node[15],6,6415.9728,4076.7497,1.8950,0.0000,0.0000,-0.5233,21151029#22,-79.0407,-2.7200,100.0000,default,19,rsu(593m),1411,38198,0.0542,593,2.0196,3,4,-79.0407,-96.0304,direct,0.0500,28.4000,-76.0869
258.3,node[15],6,6415.9728,4076.7497,1.8950,0.0000,0.0000,-0.5233,21151029#22,-73.4520,0.9830,100.0000,default,19,rsu(593m),1412,38234,0.2673,593,2.0155,4,6,-73.4520,-90.4417,direct,0.0500,28.4000,-74.9134
258.4,node[15],6,6415.9728,4076.7497,1.8950,0.0000,0.0000,-0.5233,21151029#22,-79.4463,-4.6806,100.0000,default,19,rsu(593m),1413,38270,0.0210,593,2.0230,2,2,-79.4463,-96.4360,direct,0.0500,28.8000,-74.3260
258.5,node[15],6,6415.9728,4076.7497,1.8950,0.0000,0.0000,-0.5233,21151029#22,-81.4994,-2.5546,100.0000,default,19,rsu(593m),1414,38306,0.0586,593,2.0175,3,4,-81.4994,-98.4891,direct,0.0500,28.8000,-73.7811
258.6,node[15],6,6415.9728,4076.7497,1.8950,0.0000,0.0000,-0.5233,21151029#22,-82.3579,-5.0000,100.0000,default,19,rsu(593m),1415,38342,0.0180,593,2.0249,2,2,-82.3579,-99.3476,direct,0.0500,28.8000,-73.3281
258.7,node[15],6,6415.9728,4076.7497,1.8950,0.0000,0.0000,-0.5233,21151029#22,-78.8968,-0.6053,100.0000,default,19,rsu(593m),1416,38378,0.1415,593,2.0192,4,6,-78.8968,-95.8865,direct,0.0500,28.8000,-73.0236
258.8,node[15],6,6415.9728,4076.7497,1.8950,0.0000,0.0000,-0.5233,21151029#22,-75.8336,1.7487,100.0000,default,19,rsu(593m),1417,38414,0.3485,593,2.0146,5,8,-75.8336,-92.8233,direct,0.0500,28.8000,-72.9154
258.9,node[15],6,6415.9728,4076.7497,1.8950,0.0000,0.0000,-0.5233,21151029#22,-75.0874,3.2933,100.0000,default,19,rsu(593m),1418,38449,0.5366,593,2.0157,6,10,-75.0874,-92.0771,direct,0.0500,28.8000,-72.9202
259,node[15],6,6415.9728,4076.7497,1.8950,0.0000,0.0000,-0.5233,21151029#22,-80.6087,-5.0000,100.0000,default,19,rsu(593m),1419,38485,0.0180,593,2.0228,2,2,-80.6087,-97.5984,direct,0.0500,28.4000,-73.3290
259.1,node[15],6,6415.9728,4076.7497,1.8950,0.0000,0.0000,-0.5233,21151029#22,-79.2153,-4.8027,100.0000,default,19,rsu(593m),1420,38520,0.0198,593,2.0239,2,2,-79.2153,-96.2050,direct,0.0500,28.4000,-73.3339
259.2,node[15],6,6415.9728,4076.7497,1.8950,0.0000,0.0000,-0.5233,21151029#22,-75.6017,0.3453,100.0000,default,19,rsu(593m),1421,38556,0.2096,593,2.0178,4,6,-75.6017,-92.5914,direct,0.0500,28.4000,-74.3494
259.3,node[15],6,6415.9728,4076.7497,1.8950,0.0000,0.0000,-0.5233,21151029#22,-92.8089,-5.0000,100.0000,default,19,rsu(593m),1422,38592,0.0180,593,2.0247,2,2,-92.8089,-109.7986,direct,0.0500,28.4000,-74.9593
259.4,node[15],6,6415.9728,4076.7497,1.8950,0.0000,0.0000,-0.5233,21151029#22,-84.7735,-5.0000,100.0000,default,19,rsu(593m),1423,38627,0.0180,593,2.0125,2,2,-84.7735,-101.7632,direct,0.0500,28.4000,-74.9657
259.5,node[15],6,6415.9728,4076.7497,1.8950,0.0000,0.0000,-0.5233,21151029#22,-83.9212,-5.0000,100.0000,default,19,rsu(593m),1424,38663,0.0180,593,2.0193,2,2,-83.9212,-100.9109,direct,0.0500,28.4000,-76.1894
259.6,node[15],6,6415.9728,4076.7497,1.8950,0.0000,0.0000,-0.5233,21151029#22,-83.1684,-3.7816,100.0000,default,19,rsu(593m),1425,38699,0.0326,593,2.0129,2,2,-83.1684,-100.1581,direct,0.0500,28.8000,-76.7658
259.7,node[15],6,6415.9728,4076.7497,1.8950,0.0000,0.0000,-0.5233,21151029#22,-79.2359,-3.7446,100.0000,default,19,rsu(593m),1426,38735,0.0332,593,2.0135,2,2,-79.2359,-96.2256,direct,0.0500,28.8000,-77.3034
259.8,node[15],6,6415.9728,4076.7497,1.8950,0.0000,0.0000,-0.5233,21151029#22,-86.5758,-5.0000,100.0000,default,19,rsu(593m),1427,38771,0.0180,593,2.0200,2,2,-86.5758,-103.5655,direct,0.0500,28.8000,-77.7997
259.9,node[15],6,6415.9728,4076.7497,1.8950,0.0000,0.0000,-0.5233,21151029#22,-79.8536,-2.0664,100.0000,default,19,rsu(593m),1428,38807,0.0736,593,2.0205,3,4,-79.8536,-96.8433,direct,0.0500,28.8000,-78.2556
260,node[15],6,6415.9728,4076.7497,1.8950,0.0000,0.0000,-0.5233,21151029#22,-80.7391,-2.1211,100.0000,default,19,rsu(593m),1429,38843,0.0717,593,2.0138,3,4,-80.7391,-97.7288,direct,0.0500,28.8000,-78.6727
260.1,node[15],6,6415.9728,4076.7497,1.8950,0.0000,0.0000,-0.5233,21151029#22,-84.5666,-5.0000,100.0000,default,19,rsu(593m),1430,38878,0.0180,593,2.0141,2,2,-84.5666,-101.5563,direct,0.0500,28.8000,-78.6839
260.2,node[15],6,6415.9728,4076.7497,1.8950,0.0000,0.0000,-0.5233,21151029#22,-80.4915,-1.2120,100.0000,default,19,rsu(593m),1431,38914,0.1085,593,2.0158,3,4,-80.4915,-97.4812,direct,0.0500,28.4000,-79.4042
260.3,node[15],6,6415.9728,4076.7497,1.8950,0.0000,0.0000,-0.5233,21151029#22,-79.4323,-5.0000,100.0000,default,20,rsu(593m),1432,38950,0.0180,593,2.0247,2,2,-79.4323,-96.4220,direct,0.0500,28.4000,-79.7035
260.4,node[15],6,6415.9728,4076.7497,1.8950,0.0000,0.0000,-0.5233,21151029#22,-79.0714,0.0717,100.0000,default,20,rsu(593m),1433,38986,0.1878,593,2.0212,4,6,-79.0714,-96.0611,direct,0.0500,28.8000,-79.9955
260.5,node[15],6,6415.9728,4076.7497,1.8950,0.0000,0.0000,-0.5233,21151029#22,-82.6036,-5.0000,100.0000,default,20,rsu(593m),1434,39022,0.0180,593,2.0239,2,2,-82.6036,-99.5933,direct,0.0500,28.8000,-80.2637
260.6,node[15],6,6415.9728,4076.7497,1.8950,0.0000,0.0000,-0.5233,21151029#22,-78.6986,-0.4900,100.0000,default,20,rsu(593m),1435,39058,0.1487,593,2.0202,4,6,-78.6986,-95.6883,direct,0.0500,28.8000,-80.5104
260.7,node[15],6,6415.9728,4076.7497,1.8950,0.0000,0.0000,-0.5233,21151029#22,-82.5414,-3.4586,100.0000,default,20,rsu(593m),1436,39094,0.0381,593,2.0157,2,2,-82.5414,-99.5311,direct,0.0500,28.8000,-80.7375
260.8,node[15],6,6415.9728,4076.7497,1.8950,0.0000,0.0000,-0.5233,21151029#22,-80.0277,-1.1574,100.0000,default,20,rsu(593m),1437,39129,0.1112,593,2.0224,3,4,-80.0277,-97.0174,direct,0.0500,28.4000,-80.7514
260.9,node[15],6,6415.9728,4076.7497,1.8950,0.0000,0.0000,-0.5233,21151029#22,-82.2151,-5.0000,100.0000,default,20,rsu(593m),1438,39165,0.0180,593,2.0184,2,2,-82.2151,-99.2048,direct,0.0500,28.4000,-81.1411
261,node[15],6,6415.9728,4076.7497,1.8950,0.0000,0.0000,-0.5233,21151029#22,-78.8884,-0.4203,100.0000,default,20,rsu(593m),1439,39201,0.1531,593,2.0137,4,6,-78.8884,-95.8781,direct,0.0500,28.8000,-81.3206
261.1,node[15],6,6415.9728,4076.7497,1.8950,0.0000,0.0000,-0.5233,21151029#22,-81.9216,-4.8809,100.0000,default,20,rsu(593m),1440,39237,0.0191,593,2.0219,2,2,-81.9216,-98.9113,direct,0.0500,28.8000,-81.4873
261.2,node[15],6,6415.9728,4076.7497,1.8950,0.0000,0.0000,-0.5233,21151029#22,-83.4831,-5.0000,100.0000,default,20,rsu(593m),1441,39272,0.0180,593,2.0240,2,2,-83.4831,-100.4728,direct,0.0500,28.4000,-81.5014
261.3,node[15],6,6415.9728,4076.7497,1.8950,0.0000,0.0000,-0.5233,21151029#22,-79.1411,-0.1769,100.0000,default,20,rsu(593m),1442,39308,0.1696,593,2.0190,4,6,-79.1411,-96.1308,direct,0.0500,28.4000,-81.7865
261.4,node[15],6,6415.9728,4076.7497,1.8950,0.0000,0.0000,-0.5233,21151029#22,-78.5765,-0.0261,100.0000,default,20,rsu(593m),1443,39344,0.1805,593,2.0208,4,6,-78.5765,-95.5662,direct,0.0500,28.8000,-81.9210
261.5,node[15],6,6415.9728,4076.7497,1.8950,0.0000,0.0000,-0.5233,21151029#22,-74.1650,5.2079,100.0000,default,20,rsu(593m),1444,39380,0.7510,593,2.0160,7,12,-74.1650,-91.1547,direct,0.0500,28.8000,-82.0466
261.6,node[15],6,6415.9728,4076.7497,1.8950,0.0000,0.0000,-0.5233,21151029#22,-81.4440,-2.5384,100.0000,default,20,rsu(593m),1445,39416,0.0590,593,2.0237,3,4,-81.4440,-98.4337,direct,0.0500,28.8000,-82.1641
261.7,node[15],6,6415.9728,4076.7497,1.8950,0.0000,0.0000,-0.5233,21151029#22,-76.6676,-0.8806,100.0000,default,20,rsu(593m),1446,39451,0.1256,593,2.0123,4,6,-76.6676,-93.6573,direct,0.0500,28.8000,-82.1774
261.8,node[15],6,6415.9728,4076.7497,1.8950,0.0000,0.0000,-0.5233,21151029#22,-77.8552,-0.0465,100.0000,default,20,rsu(593m),1447,39487,0.1790,593,2.0197,4,6,-77.8552,-94.8449,direct,0.0500,28.4000,-82.3773
261.9,node[15],6,6415.9728,4076.7497,1.8950,0.0000,0.0000,-0.5233,21151029#22,-84.7530,-5.0000,100.0000,default,20,rsu(593m),1448,39522,0.0180,593,2.0210,2,2,-84.7530,-101.7427,direct,0.0500,28.4000,-82.3901
262,node[15],6,6415.9728,4076.7497,1.8950,0.0000,0.0000,-0.5233,21151029#22,-91.3094,-5.0000,100.0000,default,20,rsu(593m),1449,39558,0.0180,593,2.0152,2,2,-91.3094,-108.2991,direct,0.0500,28.4000,-82.5651
262.1,node[15],6,6415.9728,4076.7497,1.8950,0.0000,0.0000,-0.5233,21151029#22,-78.6499,-0.2486,100.0000,default,20,rsu(593m),1450,39594,0.1646,593,2.0223,4,6,-78.6499,-95.6396,direct,0.0500,28.4000,-82.6507
262.2,node[15],6,6415.9728,4076.7497,1.8950,0.0000,0.0000,-0.5233,21151029#22,-95.1075,-5.0000,100.0000,default,20,rsu(593m),1451,39630,0.0180,593,2.0163,2,2,-95.1075,-112.0972,direct,0.0500,28.8000,-82.7313
262.3,node[15],6,6415.9728,4076.7497,1.8950,0.0000,0.0000,-0.5233,21151029#22,-87.0091,-5.0000,100.0000,default,20,rsu(593m),1452,39666,0.0180,593,2.0172,2,2,-87.0091,-103.9988,direct,0.0500,28.8000,-82.8072
262.4,node[15],6,6415.9728,4076.7497,1.8950,0.0000,0.0000,-0.5233,21151029#22,-84.6526,-5.0000,100.0000,default,20,rsu(593m),1453,39702,0.0180,593,2.0240,2,2,-84.6526,-101.6423,direct,0.0500,28.8000,-82.8787
262.5,node[15],6,6415.9728,4076.7497,1.8950,0.0000,0.0000,-0.5233,21151029#22,-80.8393,-3.5656,100.0000,default,20,rsu(593m),1454,39738,0.0362,593,2.0176,2,2,-80.8393,-97.8290,direct,0.0500,28.8000,-82.9462
262.6,node[15],6,6415.9728,4076.7497,1.8950,0.0000,0.0000,-0.5233,21151029#22,-83.4530,-5.0000,100.0000,default,20,rsu(593m),1455,39774,0.0180,593,2.0242,2,2,-83.4530,-100.4427,direct,0.0500,28.8000,-83.0100
262.7,node[15],6,6415.9728,4076.7497,1.8950,0.0000,0.0000,-0.5233,21151029#22,-81.7992,-5.0000,100.0000,default,20,rsu(593m),1456,39810,0.0180,593,2.0176,2,2,-81.7992,-98.7889,direct,0.0500,28.8000,-83.0703
262.8,node[15],6,6415.9728,4076.7497,1.8950,0.0000,0.0000,-0.5233,21151029#22,-79.9352,-1.5144,100.0000,default,20,rsu(593m),1457,39846,0.0947,593,2.0239,3,4,-79.9352,-96.9249,direct,0.0500,28.8000,-83.1273
262.9,node[15],6,6415.9728,4076.7497,1.8950,0.0000,0.0000,-0.5233,21151029#22,-85.4551,-5.0000,100.0000,default,20,rsu(593m),1458,39882,0.0180,593,2.0173,2,2,-85.4551,-102.4448,direct,0.0500,28.8000,-83.1811
263,node[15],6,6415.9728,4076.7497,1.8950,0.0000,0.0000,-0.5233,21151029#22,-76.9181,1.6722,100.0000,default,20,rsu(593m),1459,39918,0.3399,593,2.0174,5,8,-76.9181,-93.9078,direct,0.0500,28.8000,-83.2315
263.1,node[15],6,6415.9728,4076.7497,1.8950,0.0000,0.0000,-0.5233,21151029#22,-82.7691,-5.0000,100.0000,default,20,rsu(593m),1460,39954,0.0180,593,2.0234,2,2,-82.7691,-99.7588,direct,0.0500,28.8000,-83.2792
263.2,node[15],6,6415.9728,4076.7497,1.8950,0.0000,0.0000,-0.5233,21151029#22,-82.3579,-5.0000,100.0000,default,20,rsu(593m),1461,39990,0.0180,593,2.0163,2,2,-82.3579,-99.3476,direct,0.0500,28.8000,-83.3238
263.3,node[15],6,6415.9728,4076.7497,1.8950,0.0000,0.0000,-0.5233,21151029#22,-78.8381,-2.5770,100.0000,default,20,rsu(593m),1462,40026,0.0579,593,2.0220,3,4,-78.8381,-95.8278,direct,0.0500,28.8000,-83.3653
263.4,node[15],6,6415.9728,4076.7497,1.8950,0.0000,0.0000,-0.5233,21151029#22,-87.1241,-5.0000,100.0000,default,20,rsu(593m),1463,40061,0.0180,593,2.0217,2,2,-87.1241,-104.1138,direct,0.0500,28.4000,-83.3718
263.5,node[15],6,6415.9728,4076.7497,1.8950,0.0000,0.0000,-0.5233,21151029#22,-74.6788,4.3186,100.0000,default,20,rsu(593m),1464,40097,0.6591,593,2.0142,6,10,-74.6788,-91.6685,direct,0.0500,28.4000,-83.4411
263.6,node[15],6,6415.9728,4076.7497,1.8950,0.0000,0.0000,-0.5233,21151029#22,-81.1944,-5.0000,100.0000,default,20,rsu(593m),1465,40133,0.0180,593,2.0136,2,2,-81.1944,-98.1841,direct,0.0500,28.8000,-83.4754
263.7,node[15],6,6415.9728,4076.7497,1.8950,0.0000,0.0000,-0.5233,21151029#22,-82.3573,-5.0000,100.0000,default,20,rsu(593m),1466,40169,0.0180,593,2.0129,2,2,-82.3573,-99.3470,direct,0.0500,28.8000,-83.5080
263.8,node[15],6,6415.9728,4076.7497,1.8950,0.0000,0.0000,-0.5233,21151029#22,-78.8820,-4.3416,100.0000,default,20,rsu(593m),1467,40205,0.0248,593,2.0181,2,2,-78.8820,-95.8717,direct,0.0500,28.8000,-83.5388
263.9,node[15],6,6415.9728,4076.7497,1.8950,0.0000,0.0000,-0.5233,21151029#22,-78.1737,-2.9160,100.0000,default,20,rsu(593m),1468,40240,0.0494,593,2.0172,3,4,-78.1737,-95.1634,direct,0.0500,28.8000,-83.5426
264,node[15],6,6415.9728,4076.7497,1.8950,0.0000,0.0000,-0.5233,21151029#22,-82.9124,-5.0000,100.0000,default,20,rsu(593m),1469,40276,0.0180,593,2.0222,2,2,-82.9124,-99.9021,direct,0.0500,28.4000,-83.5983
264.1,node[15],6,6415.9728,4076.7497,1.8950,0.0000,0.0000,-0.5233,21151029#22,-84.1877,-5.0000,100.0000,default,20,rsu(593m),1470,40312,0.0180,593,2.0210,2,2,-84.1877,-101.1774,direct,0.0500,28.4000,-83.6261
264.2,node[15],6,6415.9728,4076.7497,1.8950,0.0000,0.0000,-0.5233,21151029#22,-78.9968,0.3415,100.0000,default,20,rsu(593m),1471,40348,0.2093,593,2.0128,4,6,-78.9968,-95.9865,direct,0.0500,28.8000,-83.6525
264.3,node[15],6,6415.9728,4076.7497,1.8950,0.0000,0.0000,-0.5233,21151029#22,-82.7709,-5.0000,100.0000,default,20,rsu(593m),1472,40383,0.0180,593,2.0244,2,2,-82.7709,-99.7606,direct,0.0500,28.8000,-83.6544
264.4,node[15],6,6415.9728,4076.7497,1.8950,0.0000,0.0000,-0.5233,21151029#22,-76.7127,-1.9212,100.0000,default,20,rsu(593m),1473,40419,0.0787,593,2.0168,3,4,-76.7127,-93.7024,direct,0.0500,28.4000,-83.7018
264.5,node[15],6,6415.9728,4076.7497,1.8950,0.0000,0.0000,-0.5233,21151029#22,-81.1385,-1.7761,100.0000,default,20,rsu(593m),1474,40455,0.0841,593,2.0220,3,4,-81.1385,-98.1282,direct,0.0500,28.4000,-83.7244
264.6,node[15],6,6415.9728,4076.7497,1.8950,0.0000,0.0000,-0.5233,21151029#22,-81.5529,-5.0000,100.0000,default,20,rsu(593m),1475,40491,0.0180,593,2.0140,2,2,-81.5529,-98.5426,direct,0.0500,28.8000,-83.7458
264.7,node[15],6,6415.9728,4076.7497,1.8950,0.0000,0.0000,-0.5233,21151029#22,-84.6308,-5.0000,100.0000,default,20,rsu(593m),1476,40527,0.0180,593,2.0131,2,2,-84.6308,-101.6205,direct,0.0500,28.8000,-83.7658
264.8,node[15],6,6415.9728,4076.7497,1.8950,0.0000,0.0000,-0.5233,21151029#22,-82.6604,-4.9235,100.0000,default,20,rsu(593m),1477,40562,0.0187,593,2.0120,2,2,-82.6604,-99.6501,direct,0.0500,28.4000,-83.7648
264.9,node[15],6,6415.9728,4076.7497,1.8950,0.0000,0.0000,-0.5233,21151029#22,-79.1349,-2.6425,100.0000,default,20,rsu(593m),1478,40598,0.0562,593,2.0167,3,4,-79.1349,-96.1246,direct,0.0500,28.4000,-83.8024
265,node[15],6,6415.9728,4076.7497,1.8950,0.0000,0.0000,-0.5233,21151029#22,-81.3958,-2.0076,100.0000,default,20,rsu(593m),1479,40633,0.0756,593,2.0154,3,4,-81.3958,-98.3855,direct,0.0500,28.4000,-83.8001
265.1,node[15],6,6415.9728,4076.7497,1.8950,0.0000,0.0000,-0.5233,21151029#22,-85.5745,-5.0000,100.0000,default,20,rsu(593m),1480,40669,0.0180,593,2.0198,2,2,-85.5745,-102.5642,direct,0.0500,28.4000,-83.8340
265.2,node[15],6,6415.9728,4076.7497,1.8950,0.0000,0.0000,-0.5233,21151029#22,-84.2347,-5.0000,100.0000,default,20,rsu(593m),1481,40704,0.0180,593,2.0183,2,2,-84.2347,-101.2244,direct,0.0500,28.4000,-83.8304
265.3,node[15],6,6415.9728,4076.7497,1.8950,0.0000,0.0000,-0.5233,21151029#22,-78.9997,-1.1292,100.0000,default,20,rsu(593m),1482,40740,0.1126,593,2.0227,3,4,-78.9997,-95.9894,direct,0.0500,28.4000,-83.8607
265.4,node[15],6,6415.9728,4076.7497,1.8950,0.0000,0.0000,-0.5233,21151029#22,-86.4865,-5.0000,100.0000,default,20,rsu(593m),1483,40776,0.0180,593,2.0188,2,2,-86.4865,-103.4762,direct,0.0500,28.8000,-83.8723
265.5,node[15],6,6415.9728,4076.7497,1.8950,0.0000,0.0000,-0.5233,21151029#22,-78.5656,-0.4823,100.0000,default,20,rsu(593m),1484,40812,0.1492,593,2.0218,4,6,-78.5656,-95.5553,direct,0.0500,28.8000,-83.8825
265.6,node[15],6,6415.9728,4076.7497,1.8950,0.0000,0.0000,-0.5233,21151029#22,-82.9480,-4.4881,100.0000,default,20,rsu(593m),1485,40848,0.0231,593,2.0177,2,2,-82.9480,-99.9377,direct,0.0500,28.8000,-83.8912
265.7,node[15],6,6415.9728,4076.7497,1.8950,0.0000,0.0000,-0.5233,21151029#22,-89.4700,-5.0000,100.0000,default,20,rsu(593m),1486,40884,0.0180,593,2.0205,2,2,-89.4700,-106.4597,direct,0.0500,28.8000,-83.8989
265.8,node[15],6,6415.9728,4076.7497,1.8950,0.0000,0.0000,-0.5233,21151029#22,-75.8819,-0.4882,100.0000,default,20,rsu(593m),1487,40920,0.1488,593,2.0232,4,6,-75.8819,-92.8716,direct,0.0500,28.8000,-83.9056
265.9,node[15],6,6415.9728,4076.7497,1.8950,0.0000,0.0000,-0.5233,21151029#22,-76.7529,1.6850,100.0000,default,20,rsu(593m),1488,40955,0.3413,593,2.0147,5,8,-76.7529,-93.7426,direct,0.0500,28.8000,-83.8968
266,node[15],6,6415.9728,4076.7497,1.8950,0.0000,0.0000,-0.5233,21151029#22,-84.7114,-5.0000,100.0000,default,20,rsu(593m),1489,40991,0.0180,593,2.0248,2,2,-84.7114,-101.7011,direct,0.0500,28.4000,-83.9152
266.1,node[15],6,6415.9728,4076.7497,1.8950,0.0000,0.0000,-0.5233,21151029#22,-77.1042,1.3878,100.0000,default,20,rsu(593m),1490,41026,0.3087,593,2.0158,5,8,-77.1042,-94.0939,direct,0.0500,28.4000,-83.9050
266.2,node[15],6,6415.9728,4076.7497,1.8950,0.0000,0.0000,-0.5233,21151029#22,-75.6806,0.1955,100.0000,default,20,rsu(593m),1491,41061,0.1975,593,2.0198,4,6,-75.6806,-92.6703,direct,0.0500,28.0000,-83.8941
266.3,node[15],6,6415.9728,4076.7497,1.8950,0.0000,0.0000,-0.5233,21151029#22,-85.6358,-5.0000,100.0000,default,20,rsu(593m),1492,41097,0.0180,593,2.0163,2,2,-85.6358,-102.6255,direct,0.0500,28.0000,-83.9212
266.4,node[15],6,6415.9728,4076.7497,1.8950,0.0000,0.0000,-0.5233,21151029#22,-94.6561,-5.0000,100.0000,default,20,rsu(593m),1493,41133,0.0180,593,2.0126,2,2,-94.6561,-111.6458,direct,0.0500,28.8000,-83.9209
266.5,node[15],6,6415.9728,4076.7497,1.8950,0.0000,0.0000,-0.5233,21151029#22,-78.7393,-2.1879,100.0000,default,20,rsu(593m),1494,41169,0.0695,593,2.0223,3,4,-78.7393,-95.7290,direct,0.0500,28.8000,-83.9195
266.6,node[15],6,6415.9728,4076.7497,1.8950,0.0000,0.0000,-0.5233,21151029#22,-74.4472,3.1725,100.0000,default,20,rsu(593m),1495,41205,0.5216,593,2.0130,6,10,-74.4472,-91.4369,direct,0.0500,28.8000,-83.9170
266.7,node[15],6,6415.9728,4076.7497,1.8950,0.0000,0.0000,-0.5233,21151029#22,-85.5264,-5.0000,100.0000,default,20,rsu(593m),1496,41241,0.0180,593,2.0225,2,2,-85.5264,-102.5161,direct,0.0500,28.8000,-83.9134
266.8,node[15],6,6415.9728,4076.7497,1.8950,0.0000,0.0000,-0.5233,21151029#22,-82.7415,-3.7832,100.0000,default,20,rsu(593m),1497,41277,0.0326,593,2.0146,2,2,-82.7415,-99.7312,direct,0.0500,28.8000,-83.9087
266.9,node[15],6,6415.9728,4076.7497,1.8950,0.0000,0.0000,-0.5233,21151029#22,-83.8039,-5.0000,100.0000,default,20,rsu(593m),1498,41312,0.0180,593,2.0137,2,2,-83.8039,-100.7936,direct,0.0500,28.8000,-83.8924
267,node[15],6,6415.9728,4076.7497,1.8950,0.0000,0.0000,-0.5233,21151029#22,-78.7117,-4.7852,100.0000,default,20,rsu(593m),1499,41347,0.0200,593,2.0126,2,2,-78.7117,-95.7014,direct,0.0500,28.0000,-83.8753
267.1,node[15],6,6415.9728,4076.7497,1.8950,0.0000,0.0000,-0.5233,21151029#22,-87.8191,-5.0000,100.0000,default,20,rsu(593m),1500,41383,0.0180,593,2.0169,2,2,-87.8191,-104.8088,direct,0.0500,28.0000,-83.8876
267.2,node[15],6,6415.9728,4076.7497,1.8950,0.0000,0.0000,-0.5233,21151029#22,-78.4609,-2.1222,100.0000,default,20,rsu(593m),1501,41419,0.0717,593,2.0156,3,4,-78.4609,-95.4506,direct,0.0500,28.8000,-83.8784
267.3,node[15],6,6415.9728,4076.7497,1.8950,0.0000,0.0000,-0.5233,21151029#22,-85.1110,-5.0000,100.0000,default,20,rsu(593m),1502,41455,0.0180,593,2.0203,2,2,-85.1110,-102.1007,direct,0.0500,28.8000,-83.8679
267.4,node[15],6,6415.9728,4076.7497,1.8950,0.0000,0.0000,-0.5233,21151029#22,-90.1988,-5.0000,100.0000,default,20,rsu(593m),1503,41491,0.0180,593,2.0243,2,2,-90.1988,-107.1885,direct,0.0500,28.8000,-83.8561
267.5,node[15],6,6415.9728,4076.7497,1.8950,0.0000,0.0000,-0.5233,21151029#22,-80.6760,-1.8310,100.0000,default,20,rsu(593m),1504,41526,0.0820,593,2.0227,3,4,-80.6760,-97.6657,direct,0.0500,28.8000,-83.8345
267.6,node[15],6,6415.9728,4076.7497,1.8950,0.0000,0.0000,-0.5233,21151029#22,-77.4566,0.8880,100.0000,default,20,rsu(593m),1505,41561,0.2581,593,2.0211,4,6,-77.4566,-94.4463,direct,0.0500,28.0000,-83.8118
267.7,node[15],6,6415.9728,4076.7497,1.8950,0.0000,0.0000,-0.5233,21151029#22,-81.6798,-3.6861,100.0000,default,20,rsu(593m),1506,41597,0.0341,593,2.0124,2,2,-81.6798,-98.6695,direct,0.0500,28.0000,-83.8134
267.8,node[15],6,6415.9728,4076.7497,1.8950,0.0000,0.0000,-0.5233,21151029#22,-91.2542,-5.0000,100.0000,default,20,rsu(593m),1507,41633,0.0180,593,2.0166,2,2,-91.2542,-108.2439,direct,0.0500,28.8000,-83.7966
267.9,node[15],6,6415.9728,4076.7497,1.8950,0.0000,0.0000,-0.5233,21151029#22,-82.3287,-5.0000,100.0000,default,20,rsu(593m),1508,41669,0.0180,593,2.0214,2,2,-82.3287,-99.3184,direct,0.0500,28.8000,-83.7784
268,node[15],6,6415.9728,4076.7497,1.8950,0.0000,0.0000,-0.5233,21151029#22,-81.7504,-4.9881,100.0000,default,20,rsu(593m),1509,41704,0.0181,593,2.0201,2,2,-81.7504,-98.7401,direct,0.0500,28.4000,-83.7514
268.1,node[15],6,6415.9728,4076.7497,1.8950,0.0000,0.0000,-0.5233,21151029#22,-78.9999,-0.6408,100.0000,default,20,rsu(593m),1510,41740,0.1394,593,2.0248,4,6,-78.9999,-95.9896,direct,0.0500,28.4000,-83.7379
268.2,node[15],6,6415.9728,4076.7497,1.8950,0.0000,0.0000,-0.5233,21151029#22,-79.4475,-4.4309,100.0000,default,20,rsu(593m),1511,41776,0.0238,593,2.0157,2,2,-79.4475,-96.4372,direct,0.0500,28.8000,-83.7156
268.3,node[15],6,6415.9728,4076.7497,1.8950,0.0000,0.0000,-0.5233,21151029#22,-94.2644,-5.0000,100.0000,default,20,rsu(593m),1512,41811,0.0180,593,2.0142,2,2,-94.2644,-111.2541,direct,0.0500,28.8000,-83.6849
268.4,node[15],6,6415.9728,4076.7497,1.8950,0.0000,0.0000,-0.5233,21151029#22,-77.3242,0.0657,100.0000,default,20,rsu(593m),1513,41847,0.1874,593,2.0187,4,6,-77.3242,-94.3139,direct,0.0500,28.4000,-83.6664
268.5,node[15],6,6415.9728,4076.7497,1.8950,0.0000,0.0000,-0.5233,21151029#22,-74.7001,4.2223,100.0000,default,20,rsu(593m),1514,41883,0.6482,593,2.0224,6,10,-74.7001,-91.6898,direct,0.0500,28.4000,-83.6395
268.6,node[15],6,6415.9728,4076.7497,1.8950,0.0000,0.0000,-0.5233,21151029#22,-84.5699,-5.0000,100.0000,default,20,rsu(593m),1515,41919,0.0180,593,2.0208,2,2,-84.5699,-101.5596,direct,0.0500,28.8000,-83.6110
268.7,node[15],6,6415.9728,4076.7497,1.8950,0.0000,0.0000,-0.5233,21151029#22,-84.7268,-5.0000,100.0000,default,20,rsu(593m),1516,41955,0.0180,593,2.0121,2,2,-84.7268,-101.7165,direct,0.0500,28.8000,-83.5807
268.8,node[15],6,6415.9728,4076.7497,1.8950,0.0000,0.0000,-0.5233,21151029#22,-80.2587,-4.5929,100.0000,default,20,rsu(593m),1517,41991,0.0220,593,2.0164,2,2,-80.2587,-97.2484,direct,0.0500,28.8000,-83.5488
268.9,node[15],6,6415.9728,4076.7497,1.8950,0.0000,0.0000,-0.5233,21151029#22,-79.4144,-3.2848,100.0000,default,20,rsu(593m),1518,42026,0.0414,593,2.0146,2,2,-79.4144,-96.4041,direct,0.0500,28.8000,-83.5093
269,node[15],6,6415.9728,4076.7497,1.8950,0.0000,0.0000,-0.5233,21151029#22,-83.0569,-5.0000,100.0000,default,20,rsu(593m),1519,42061,0.0180,593,2.0128,2,2,-83.0569,-100.0466,direct,0.0500,28.0000,-83.4684
269.1,node[15],6,6415.9728,4076.7497,1.8950,0.0000,0.0000,-0.5233,21151029#22,-81.4261,-4.4715,100.0000,default,20,rsu(593m),1520,42097,0.0233,593,2.0160,2,2,-81.4261,-98.4158,direct,0.0500,28.0000,-83.4421
269.2,node[15],6,6415.9728,4076.7497,1.8950,0.0000,0.0000,-0.5233,21151029#22,-78.1693,1.0733,100.0000,default,20,rsu(593m),1521,42133,0.2762,593,2.0192,5,8,-78.1693,-95.1590,direct,0.0500,28.8000,-83.4028
269.3,node[15],6,6415.9728,4076.7497,1.8950,0.0000,0.0000,-0.5233,21151029#22,-81.1600,-2.3716,100.0000,default,20,rsu(593m),1522,42169,0.0638,593,2.0233,3,4,-81.1600,-98.1497,direct,0.0500,28.8000,-83.3615
269.4,node[15],6,6415.9728,4076.7497,1.8950,0.0000,0.0000,-0.5233,21151029#22,-89.8967,-5.0000,100.0000,default,20,rsu(593m),1523,42205,0.0180,593,2.0142,2,2,-89.8967,-106.8864,direct,0.0500,28.8000,-83.3180
269.5,node[15],6,6415.9728,4076.7497,1.8950,0.0000,0.0000,-0.5233,21151029#22,-85.0695,-5.0000,100.0000,default,20,rsu(593m),1524,42241,0.0180,593,2.0203,2,2,-85.0695,-102.0592,direct,0.0500,28.8000,-83.2723
269.6,node[15],6,6415.9728,4076.7497,1.8950,0.0000,0.0000,-0.5233,21151029#22,-83.7868,-5.0000,100.0000,default,20,rsu(593m),1525,42277,0.0180,593,2.0134,2,2,-83.7868,-100.7765,direct,0.0500,28.8000,-83.2243
269.7,node[15],6,6415.9728,4076.7497,1.8950,0.0000,0.0000,-0.5233,21151029#22,-92.5909,-5.0000,100.0000,default,20,rsu(593m),1526,42313,0.0180,593,2.0194,2,2,-92.5909,-109.5806,direct,0.0500,28.8000,-83.1738
269.8,node[15],6,6415.9728,4076.7497,1.8950,0.0000,0.0000,-0.5233,21151029#22,-91.5846,-5.0000,100.0000,default,20,rsu(593m),1527,42348,0.0180,593,2.0193,2,2,-91.5846,-108.5743,direct,0.0500,28.4000,-83.1168
269.9,node[15],6,6415.9728,4076.7497,1.8950,0.0000,0.0000,-0.5233,21151029#22,-77.7635,-0.0877,100.0000,default,20,rsu(593m),1528,42383,0.1760,593,2.0191,4,6,-77.7635,-94.7532,direct,0.0500,28.4000,-83.0576
270,node[15],6,6415.9728,4076.7497,1.8950,0.0000,0.0000,-0.5233,21151029#22,-77.7574,0.7909,100.0000,default,20,rsu(593m),1529,42419,0.2489,593,2.0189,4,6,-77.7574,-94.7471,direct,0.0500,28.4000,-83.0078
270.1,node[15],6,6415.9728,4076.7497,1.8950,0.0000,0.0000,-0.5233,21151029#22,-80.3431,-1.5037,100.0000,default,20,rsu(593m),1530,42455,0.0952,593,2.0247,3,4,-80.3431,-97.3328,direct,0.0500,28.4000,-82.9469
270.2,node[15],6,6415.9728,4076.7497,1.8950,0.0000,0.0000,-0.5233,21151029#22,-79.5161,-1.3848,100.0000,default,20,rsu(593m),1531,42491,0.1004,593,2.0243,3,4,-79.5161,-96.5058,direct,0.0500,28.8000,-82.8834
270.3,node[15],6,6415.9728,4076.7497,1.8950,0.0000,0.0000,-0.5233,21151029#22,-86.6413,-5.0000,100.0000,default,20,rsu(593m),1532,42526,0.0180,593,2.0239,2,2,-86.6413,-103.6310,direct,0.0500,28.8000,-82.8133
270.4,node[15],6,6415.9728,4076.7497,1.8950,0.0000,0.0000,-0.5233,21151029#22,-83.7509,-5.0000,100.0000,default,21,rsu(593m),1533,42562,0.0180,593,2.0154,2,2,-83.7509,-100.7406,direct,0.0500,28.4000,-82.7053
270.5,node[15],6,6415.9728,4076.7497,1.8950,0.0000,0.0000,-0.5233,21151029#22,-87.2892,-5.0000,100.0000,default,21,rsu(593m),1534,42598,0.0180,593,2.0197,2,2,-87.2892,-104.2789,direct,0.0500,28.4000,-82.6328
270.6,node[15],6,6415.9728,4076.7497,1.8950,0.0000,0.0000,-0.5233,21151029#22,-81.0182,-3.5086,100.0000,default,21,rsu(593m),1535,42634,0.0372,593,2.0121,2,2,-81.0182,-98.0079,direct,0.0500,28.8000,-82.5572
270.7,node[15],6,6415.9728,4076.7497,1.8950,0.0000,0.0000,-0.5233,21151029#22,-79.1571,-5.0000,100.0000,default,21,rsu(593m),1536,42670,0.0180,593,2.0245,2,2,-79.1571,-96.1468,direct,0.0500,28.8000,-82.4775
270.8,node[15],6,6415.9728,4076.7497,1.8950,0.0000,0.0000,-0.5233,21151029#22,-84.8435,-5.0000,100.0000,default,21,rsu(593m),1537,42706,0.0180,593,2.0238,2,2,-84.8435,-101.8332,direct,0.0500,28.8000,-82.3940
270.9,node[15],6,6415.9728,4076.7497,1.8950,0.0000,0.0000,-0.5233,21151029#22,-76.6618,0.2420,100.0000,default,21,rsu(593m),1538,42742,0.2012,593,2.0230,4,6,-76.6618,-93.6515,direct,0.0500,28.8000,-82.3069
271,node[15],6,6415.9728,4076.7497,1.8950,0.0000,0.0000,-0.5233,21151029#22,-82.6617,-5.0000,100.0000,default,21,rsu(593m),1539,42778,0.0180,593,2.0152,2,2,-82.6617,-99.6514,direct,0.0500,28.8000,-82.2157
271.1,node[15],6,6415.9728,4076.7497,1.8950,0.0000,0.0000,-0.5233,21151029#22,-81.8556,-2.8638,100.0000,default,21,rsu(593m),1540,42814,0.0506,593,2.0203,3,4,-81.8556,-98.8453,direct,0.0500,28.8000,-82.1202
271.2,node[15],6,6415.9728,4076.7497,1.8950,0.0000,0.0000,-0.5233,21151029#22,-80.3670,-1.3406,100.0000,default,21,rsu(593m),1541,42850,0.1025,593,2.0124,3,4,-80.3670,-97.3567,direct,0.0500,28.8000,-82.0201
271.3,node[15],6,6415.9728,4076.7497,1.8950,0.0000,0.0000,-0.5233,21151029#22,-80.7927,-5.0000,100.0000,default,21,rsu(593m),1542,42886,0.0180,593,2.0162,2,2,-80.7927,-97.7824,direct,0.0500,28.8000,-81.9153
271.4,node[15],6,6415.9728,4076.7497,1.8950,0.0000,0.0000,-0.5233,21151029#22,-92.6815,-5.0000,100.0000,default,21,rsu(593m),1543,42921,0.0180,593,2.0151,2,2,-92.6815,-109.6712,direct,0.0500,28.4000,-81.8034
271.5,node[15],6,6415.9728,4076.7497,1.8950,0.0000,0.0000,-0.5233,21151029#22,-85.6088,-5.0000,100.0000,default,21,rsu(593m),1544,42957,0.0180,593,2.0188,2,2,-85.6088,-102.5985,direct,0.0500,28.4000,-81.6900
271.6,node[15],6,6415.9728,4076.7497,1.8950,0.0000,0.0000,-0.5233,21151029#22,-78.2317,0.4312,100.0000,default,21,rsu(593m),1545,42993,0.2168,593,2.0236,4,6,-78.2317,-95.2214,direct,0.0500,28.8000,-81.5693
271.7,node[15],6,6415.9728,4076.7497,1.8950,0.0000,0.0000,-0.5233,21151029#22,-80.6985,-2.5035,100.0000,default,21,rsu(593m),1546,43029,0.0600,593,2.0142,3,4,-80.6985,-97.6882,direct,0.0500,28.8000,-81.4432
271.8,node[15],6,6415.9728,4076.7497,1.8950,0.0000,0.0000,-0.5233,21151029#22,-79.9010,-5.0000,100.0000,default,21,rsu(593m),1547,43064,0.0180,593,2.0129,2,2,-79.9010,-96.8907,direct,0.0500,28.4000,-81.3092
271.9,node[15],6,6415.9728,4076.7497,1.8950,0.0000,0.0000,-0.5233,21151029#22,-85.1438,-5.0000,100.0000,default,21,rsu(593m),1548,43100,0.0180,593,2.0177,2,2,-85.1438,-102.1335,direct,0.0500,28.4000,-81.1713
272,node[15],6,6415.9728,4076.7497,1.8950,0.0000,0.0000,-0.5233,21151029#22,-79.8723,-4.4812,100.0000,default,21,rsu(593m),1549,43136,0.0232,593,2.0164,2,2,-79.8723,-96.8620,direct,0.0500,28.8000,-81.0255
272.1,node[15],6,6415.9728,4076.7497,1.8950,0.0000,0.0000,-0.5233,21151029#22,-84.3509,-5.0000,100.0000,default,21,rsu(593m),1550,43172,0.0180,593,2.0210,2,2,-84.3509,-101.3406,direct,0.0500,28.8000,-80.8726
272.2,node[15],6,6415.9728,4076.7497,1.8950,0.0000,0.0000,-0.5233,21151029#22,-76.0267,3.3008,100.0000,default,21,rsu(593m),1551,43208,0.5375,593,2.0126,6,10,-76.0267,-93.0164,direct,0.0500,28.8000,-80.7113
272.3,node[15],6,6415.9728,4076.7497,1.8950,0.0000,0.0000,-0.5233,21151029#22,-79.8861,-4.6163,100.0000,default,21,rsu(593m),1552,43243,0.0217,593,2.0242,2,2,-79.8861,-96.8758,direct,0.0500,28.8000,-80.5411
272.4,node[15],6,6415.9728,4076.7497,1.8950,0.0000,0.0000,-0.5233,21151029#22,-81.7051,-5.0000,100.0000,default,21,rsu(593m),1553,43278,0.0180,593,2.0227,2,2,-81.7051,-98.6948,direct,0.0500,28.0000,-80.3622
272.5,node[15],6,6415.9728,4076.7497,1.8950,0.0000,0.0000,-0.5233,21151029#22,-85.5447,-5.0000,100.0000,default,21,rsu(593m),1554,43313,0.0180,593,2.0212,2,2,-85.5447,-102.5344,direct,0.0500,28.0000,-80.1746
272.6,node[15],6,6415.9728,4076.7497,1.8950,0.0000,0.0000,-0.5233,21151029#22,-84.6097,-5.0000,100.0000,default,21,rsu(593m),1555,43349,0.0180,593,2.0242,2,2,-84.6097,-101.5994,direct,0.0500,28.4000,-79.9814
272.7,node[15],6,6415.9728,4076.7497,1.8950,0.0000,0.0000,-0.5233,21151029#22,-77.3872,0.2404,100.0000,default,21,rsu(593m),1556,43385,0.2010,593,2.0156,4,6,-77.3872,-94.3769,direct,0.0500,28.4000,-79.7752
272.8,node[15],6,6415.9728,4076.7497,1.8950,0.0000,0.0000,-0.5233,21151029#22,-82.2730,-5.0000,100.0000,default,21,rsu(593m),1557,43421,0.0180,593,2.0200,2,2,-82.2730,-99.2627,direct,0.0500,28.8000,-79.5576
272.9,node[15],6,6415.9728,4076.7497,1.8950,0.0000,0.0000,-0.5233,21151029#22,-83.1038,-5.0000,100.0000,default,21,rsu(593m),1558,43457,0.0180,593,2.0183,2,2,-83.1038,-100.0935,direct,0.0500,28.8000,-79.3288
273,node[15],6,6415.9728,4076.7497,1.8950,0.0000,0.0000,-0.5233,21151029#22,-75.2042,0.2919,100.0000,default,21,rsu(593m),1559,43492,0.2052,593,2.0165,4,6,-75.2042,-92.1939,direct,0.0500,28.4000,-79.0922
273.1,node[15],6,6415.9728,4076.7497,1.8950,0.0000,0.0000,-0.5233,21151029#22,-79.8304,-1.8932,100.0000,default,21,rsu(593m),1560,43528,0.0797,593,2.0148,3,4,-79.8304,-96.8201,direct,0.0500,28.4000,-78.8491
273.2,node[15],6,6415.9728,4076.7497,1.8950,0.0000,0.0000,-0.5233,21151029#22,-80.3980,-2.6419,100.0000,default,21,rsu(593m),1561,43564,0.0562,593,2.0190,3,4,-80.3980,-97.3877,direct,0.0500,28.8000,-78.5978
273.3,node[15],6,6415.9728,4076.7497,1.8950,0.0000,0.0000,-0.5233,21151029#22,-85.2444,-5.0000,100.0000,default,21,rsu(593m),1562,43599,0.0180,593,2.0171,2,2,-85.2444,-102.2341,direct,0.0500,28.8000,-78.3387
273.4,node[15],6,6415.9728,4076.7497,1.8950,0.0000,0.0000,-0.5233,21151029#22,-88.5680,-5.0000,100.0000,default,21,rsu(593m),1563,43635,0.0180,593,2.0212,2,2,-88.5680,-105.5577,direct,0.0500,28.4000,-78.0729
273.5,node[15],6,6415.9728,4076.7497,1.8950,0.0000,0.0000,-0.5233,21151029#22,-83.5933,-5.0000,100.0000,default,21,rsu(593m),1564,43671,0.0180,593,2.0193,2,2,-83.5933,-100.5830,direct,0.0500,28.4000,-77.7988
273.6,node[15],6,6415.9728,4076.7497,1.8950,0.0000,0.0000,-0.5233,21151029#22,-79.9346,-4.9382,100.0000,default,21,rsu(593m),1565,43708,0.0185,593,2.0233,2,2,-79.9346,-96.9243,direct,0.0500,29.2000,-77.5180
273.7,node[15],6,6415.9728,4076.7497,1.8950,0.0000,0.0000,-0.5233,21151029#22,-81.3120,-5.0000,100.0000,default,21,rsu(593m),1566,43745,0.0180,593,2.0143,2,2,-81.3120,-98.3017,direct,0.0500,29.2000,-77.2295
273.8,node[15],6,6415.9728,4076.7497,1.8950,0.0000,0.0000,-0.5233,21151029#22,-77.7942,-3.0885,100.0000,default,21,rsu(593m),1567,43782,0.0455,593,2.0167,2,2,-77.7942,-94.7839,direct,0.0500,29.6000,-76.9337
273.9,node[15],6,6415.9728,4076.7497,1.8950,0.0000,0.0000,-0.5233,21151029#22,-79.9681,-3.0651,100.0000,default,21,rsu(593m),1568,43818,0.0460,593,2.0146,2,2,-79.9681,-96.9578,direct,0.0500,29.6000,-76.6305
274,node[15],6,6415.9728,4076.7497,1.8950,0.0000,0.0000,-0.5233,21151029#22,-88.0503,-5.0000,100.0000,default,21,rsu(593m),1569,43855,0.0180,593,2.0169,2,2,-88.0503,-105.0400,direct,0.0500,29.2000,-76.3207
274.1,node[15],6,6415.9728,4076.7497,1.8950,0.0000,0.0000,-0.5233,21151029#22,-82.5739,-3.4437,100.0000,default,21,rsu(593m),1570,43891,0.0384,593,2.0147,2,2,-82.5739,-99.5636,direct,0.0500,29.2000,-76.0037
274.2,node[15],6,6415.9728,4076.7497,1.8950,0.0000,0.0000,-0.5233,21151029#22,-80.1913,-0.9902,100.0000,default,21,rsu(593m),1571,43928,0.1197,593,2.0125,4,6,-80.1913,-97.1810,direct,0.0500,29.2000,-75.6804
274.3,node[15],6,6415.9728,4076.7497,1.8950,0.0000,0.0000,-0.5233,21151029#22,-80.1211,-2.4326,100.0000,default,21,rsu(593m),1572,43965,0.0620,593,2.0171,3,4,-80.1211,-97.1108,direct,0.0500,29.2000,-75.3506
274.4,node[15],6,6415.9728,4076.7497,1.8950,0.0000,0.0000,-0.5233,21151029#22,-79.5899,-3.6827,100.0000,default,21,rsu(593m),1573,44001,0.0342,593,2.0157,2,2,-79.5899,-96.5796,direct,0.0500,29.2000,-75.0145
274.5,node[15],6,6415.9728,4076.7497,1.8950,0.0000,0.0000,-0.5233,21151029#22,-82.3923,-3.2524,100.0000,default,21,rsu(593m),1574,44037,0.0420,593,2.0143,2,2,-82.3923,-99.3820,direct,0.0500,29.2000,-74.6726
274.6,node[15],6,6415.9728,4076.7497,1.8950,0.0000,0.0000,-0.5233,21151029#22,-89.3854,-5.0000,100.0000,default,21,rsu(593m),1575,44074,0.0180,593,2.0129,2,2,-89.3854,-106.3751,direct,0.0500,29.2000,-74.3258
274.7,node[15],6,6415.9728,4076.7497,1.8950,0.0000,0.0000,-0.5233,21151029#22,-88.1050,-5.0000,100.0000,default,21,rsu(593m),1576,44111,0.0180,593,2.0158,2,2,-88.1050,-105.0947,direct,0.0500,29.2000,-73.9740
274.8,node[15],6,6415.9728,4076.7497,1.8950,0.0000,0.0000,-0.5233,21151029#22,-79.0568,-5.0000,100.0000,default,21,rsu(593m),1577,44148,0.0180,593,2.0202,2,2,-79.0568,-96.0465,direct,0.0500,29.6000,-73.6180
274.9,node[15],6,6415.9728,4076.7497,1.8950,0.0000,0.0000,-0.5233,21151029#22,-78.2934,0.8506,100.0000,default,21,rsu(593m),1578,44185,0.2545,593,2.0247,4,6,-78.2934,-95.2831,direct,0.0500,29.6000,-73.2585
275,node[15],6,6415.9728,4076.7497,1.8950,0.0000,0.0000,-0.5233,21151029#22,-80.2820,-2.2862,100.0000,default,21,rsu(593m),1579,44222,0.0664,593,2.0160,3,4,-80.2820,-97.2717,direct,0.0500,29.6000,-72.8961
275.1,node[15],6,6415.9728,4076.7497,1.8950,0.0000,0.0000,-0.5233,21151029#22,-74.6994,1.8875,100.0000,default,21,rsu(593m),1580,44259,0.3644,593,2.0187,5,8,-74.6994,-91.6891,direct,0.0500,29.6000,-72.5317
275.2,node[15],6,6415.9728,4076.7497,1.8950,0.0000,0.0000,-0.5233,21151029#22,-81.4817,-5.0000,100.0000,default,21,rsu(593m),1581,44296,0.0180,593,2.0230,2,2,-81.4817,-98.4714,direct,0.0500,29.6000,-72.1662
275.3,node[15],6,6415.9728,4076.7497,1.8950,0.0000,0.0000,-0.5233,21151029#22,-76.5828,-0.1370,100.0000,default,21,rsu(593m),1582,44333,0.1724,593,2.0212,4,6,-76.5828,-93.5725,direct,0.0500,29.6000,-71.8007
275.4,node[15],6,6415.9728,4076.7497,1.8950,0.0000,0.0000,-0.5233,21151029#22,-80.5675,-2.0481,100.0000,default,21,rsu(593m),1583,44370,0.0742,593,2.0124,3,4,-80.5675,-97.5572,direct,0.0500,29.6000,-71.4363
275.5,node[15],6,6415.9728,4076.7497,1.8950,0.0000,0.0000,-0.5233,21151029#22,-78.3740,0.8194,100.0000,default,21,rsu(593m),1584,44407,0.2516,593,2.0149,4,6,-78.3740,-95.3637,direct,0.0500,29.6000,-71.0743
275.6,node[15],6,6415.9728,4076.7497,1.8950,0.0000,0.0000,-0.5233,21151029#22,-78.5605,0.6496,100.0000,default,21,rsu(593m),1585,44443,0.2359,593,2.0130,4,6,-78.5605,-95.5502,direct,0.0500,29.2000,-70.7158
275.7,node[15],6,6415.9728,4076.7497,1.8950,0.0000,0.0000,-0.5233,21151029#22,-78.0498,-0.1758,100.0000,default,21,rsu(593m),1586,44480,0.1697,593,2.0240,4,6,-78.0498,-95.0395,direct,0.0500,29.2000,-70.3625
275.8,node[15],6,6415.9728,4076.7497,1.8950,0.0000,0.0000,-0.5233,21151029#22,-77.6109,0.3815,100.0000,default,21,rsu(593m),1587,44517,0.2126,593,2.0133,4,6,-77.6109,-94.6006,direct,0.0500,29.6000,-70.0159
275.9,node[15],6,6415.9728,4076.7497,1.8950,0.0000,0.0000,-0.5233,21151029#22,-81.3445,-3.5198,100.0000,default,21,rsu(593m),1588,44554,0.0370,593,2.0156,2,2,-81.3445,-98.3342,direct,0.0500,29.6000,-69.6777
276,node[15],6,6415.9728,4076.7497,1.8950,0.0000,0.0000,-0.5233,21151029#22,-88.9527,-5.0000,100.0000,default,21,rsu(593m),1589,44591,0.0180,593,2.0194,2,2,-88.9527,-105.9424,direct,0.0500,29.6000,-69.3494
276.1,node[15],6,6415.9728,4076.7497,1.8950,0.0000,0.0000,-0.5233,21151029#22,-80.8886,-2.2416,100.0000,default,21,rsu(593m),1590,44627,0.0678,593,2.0131,3,4,-80.8886,-97.8783,direct,0.0500,29.6000,-69.0327
276.2,node[15],6,6415.9728,4076.7497,1.8950,0.0000,0.0000,-0.5233,21151029#22,-78.4512,-3.0437,100.0000,default,21,rsu(593m),1591,44664,0.0464,593,2.0126,2,2,-78.4512,-95.4409,direct,0.0500,29.2000,-68.7292
276.3,node[15],6,6415.9728,4076.7497,1.8950,0.0000,0.0000,-0.5233,21151029#22,-77.7140,-0.8356,100.0000,default,21,rsu(593m),1592,44701,0.1281,593,2.0121,4,6,-77.7140,-94.7037,direct,0.0500,29.2000,-68.4404
276.4,node[15],6,6415.9728,4076.7497,1.8950,0.0000,0.0000,-0.5233,21151029#22,-84.6211,-5.0000,100.0000,default,21,rsu(593m),1593,44738,0.0180,593,2.0246,2,2,-84.6211,-101.6108,direct,0.0500,29.6000,-68.1675
276.5,node[15],6,6415.9728,4076.7497,1.8950,0.0000,0.0000,-0.5233,21151029#22,-84.0010,-5.0000,100.0000,default,21,rsu(593m),1594,44774,0.0180,593,2.0180,2,2,-84.0010,-100.9907,direct,0.0500,29.6000,-67.9111
276.6,node[15],6,6415.9728,4076.7497,1.8950,0.0000,0.0000,-0.5233,21151029#22,-77.8769,-1.7526,100.0000,default,21,rsu(593m),1595,44810,0.0850,593,2.0244,3,4,-77.8769,-94.8666,direct,0.0500,28.8000,-67.6732
276.7,node[15],6,6415.9728,4076.7497,1.8950,0.0000,0.0000,-0.5233,21151029#22,-82.5714,-5.0000,100.0000,default,21,rsu(593m),1596,44847,0.0180,593,2.0238,2,2,-82.5714,-99.5611,direct,0.0500,28.8000,-67.4545
276.8,node[15],6,6415.9728,4076.7497,1.8950,0.0000,0.0000,-0.5233,21151029#22,-81.4523,-5.0000,100.0000,default,21,rsu(593m),1597,44884,0.0180,593,2.0231,2,2,-81.4523,-98.4420,direct,0.0500,29.6000,-67.2557
276.9,node[15],6,6415.9728,4076.7497,1.8950,0.0000,0.0000,-0.5233,21151029#22,-82.7477,-5.0000,100.0000,default,21,rsu(593m),1598,44921,0.0180,593,2.0223,2,2,-82.7477,-99.7374,direct,0.0500,29.6000,-67.0771
277,node[15],6,6415.9728,4076.7497,1.8950,0.0000,0.0000,-0.5233,21151029#22,-80.7673,-2.6321,100.0000,default,21,rsu(593m),1599,44957,0.0565,593,2.0155,3,4,-80.7673,-97.7570,direct,0.0500,29.2000,-66.9188
277.1,node[15],6,6415.9728,4076.7497,1.8950,0.0000,0.0000,-0.5233,21151029#22,-81.5412,-5.0000,100.0000,default,21,rsu(593m),1600,44994,0.0180,593,2.0130,2,2,-81.5412,-98.5309,direct,0.0500,29.2000,-66.7809
277.2,node[15],6,6415.9728,4076.7497,1.8950,0.0000,0.0000,-0.5233,21151029#22,-77.6696,1.6859,100.0000,default,21,rsu(593m),1601,45031,0.3414,593,2.0121,5,8,-77.6696,-94.6593,direct,0.0500,29.6000,-66.6632
277.3,node[15],6,6415.9728,4076.7497,1.8950,0.0000,0.0000,-0.5233,21151029#22,-80.7096,-1.8760,100.0000,default,21,rsu(593m),1602,45068,0.0803,593,2.0242,3,4,-80.7096,-97.6993,direct,0.0500,29.6000,-66.5651
277.4,node[15],6,6415.9728,4076.7497,1.8950,0.0000,0.0000,-0.5233,21151029#22,-78.0370,-3.9653,100.0000,default,21,rsu(593m),1603,45104,0.0298,593,2.0172,2,2,-78.0370,-95.0267,direct,0.0500,29.2000,-66.4865
277.5,node[15],6,6415.9728,4076.7497,1.8950,0.0000,0.0000,-0.5233,21151029#22,-85.9688,-5.0000,100.0000,default,21,rsu(593m),1604,45141,0.0180,593,2.0161,2,2,-85.9688,-102.9585,direct,0.0500,29.2000,-66.4272
277.6,node[15],6,6415.9728,4076.7497,1.8950,0.0000,0.0000,-0.5233,21151029#22,-86.4918,-5.0000,100.0000,default,21,rsu(593m),1605,45178,0.0180,593,2.0151,2,2,-86.4918,-103.4815,direct,0.0500,29.6000,-66.3866
277.7,node[15],6,6415.9728,4076.7497,1.8950,0.0000,0.0000,-0.5233,21151029#22,-81.8752,-2.6031,100.0000,default,21,rsu(593m),1606,45215,0.0572,593,2.0139,3,4,-81.8752,-98.8649,direct,0.0500,29.6000,-66.3648
277.8,node[15],6,6415.9728,4076.7497,1.8950,0.0000,0.0000,-0.5233,21151029#22,-85.1674,-5.0000,100.0000,default,21,rsu(593m),1607,45252,0.0180,593,2.0240,2,2,-85.1674,-102.1571,direct,0.0500,29.6000,-66.3609
277.9,node[15],6,6415.9728,4076.7497,1.8950,0.0000,0.0000,-0.5233,21151029#22,-77.6755,-0.0593,100.0000,default,21,rsu(593m),1608,45289,0.1780,593,2.0210,4,6,-77.6755,-94.6652,direct,0.0500,29.6000,-66.3608
278,node[15],6,6415.9728,4076.7497,1.8950,0.0000,0.0000,-0.5233,21151029#22,-77.5133,1.6410,100.0000,default,21,rsu(593m),1609,45326,0.3364,593,2.0179,5,8,-77.5133,-94.5030,direct,0.0500,29.6000,-66.3608
278.1,node[15],6,6415.9728,4076.7497,1.8950,0.0000,0.0000,-0.5233,21151029#22,-82.9124,-5.0000,100.0000,default,21,rsu(593m),1610,45362,0.0180,593,2.0235,2,2,-82.9124,-99.9021,direct,0.0500,29.6000,-66.3608
278.2,node[15],6,6415.9728,4076.7497,1.8950,0.0000,0.0000,-0.5233,21151029#22,-77.5032,-2.2025,100.0000,default,21,rsu(593m),1611,45398,0.0691,593,2.0161,3,4,-77.5032,-94.4929,direct,0.0500,28.8000,-66.3608
278.3,node[15],6,6415.9728,4076.7497,1.8950,0.0000,0.0000,-0.5233,21151029#22,-79.8844,-0.6370,100.0000,default,21,rsu(593m),1612,45434,0.1396,593,2.0217,4,6,-79.8844,-96.8741,direct,0.0500,28.8000,-66.3608
278.4,node[15],6,6415.9728,4076.7497,1.8950,0.0000,0.0000,-0.5233,21151029#22,-80.2822,-3.4168,100.0000,default,21,rsu(593m),1613,45471,0.0389,593,2.0202,2,2,-80.2822,-97.2719,direct,0.0500,29.2000,-66.3608
278.5,node[15],6,6415.9728,4076.7497,1.8950,0.0000,0.0000,-0.5233,21151029#22,-81.7642,-2.7020,100.0000,default,21,rsu(593m),1614,45508,0.0546,593,2.0126,3,4,-81.7642,-98.7539,direct,0.0500,29.2000,-66.3608
278.6,node[15],6,6415.9728,4076.7497,1.8950,0.0000,0.0000,-0.5233,21151029#22,-83.3509,-5.0000,100.0000,default,21,rsu(593m),1615,45545,0.0180,593,2.0240,2,2,-83.3509,-100.3406,direct,0.0500,29.6000,-66.3608
278.7,node[15],6,6415.9728,4076.7497,1.8950,0.0000,0.0000,-0.5233,21151029#22,-80.1985,-0.8074,100.0000,default,21,rsu(593m),1616,45582,0.1297,593,2.0223,4,6,-80.1985,-97.1882,direct,0.0500,29.6000,-66.3608
278.8,node[15],6,6415.9728,4076.7497,1.8950,0.0000,0.0000,-0.5233,21151029#22,-78.6779,-3.4734,100.0000,default,21,rsu(593m),1617,45619,0.0378,593,2.0206,2,2,-78.6779,-95.6676,direct,0.0500,29.6000,-66.3608
278.9,node[15],6,6415.9728,4076.7497,1.8950,0.0000,0.0000,-0.5233,21151029#22,-76.4576,-0.3759,100.0000,default,21,rsu(593m),1618,45656,0.1560,593,2.0188,4,6,-76.4576,-93.4473,direct,0.0500,29.6000,-66.3608
279,node[15],6,6415.9728,4076.7497,1.8950,0.0000,0.0000,-0.5233,21151029#22,-84.8863,-5.0000,100.0000,default,21,rsu(593m),1619,45692,0.0180,593,2.0240,2,2,-84.8863,-101.8760,direct,0.0500,29.2000,-66.3608
279.1,node[15],6,6415.9728,4076.7497,1.8950,0.0000,0.0000,-0.5233,21151029#22,-89.1248,-5.0000,100.0000,default,21,rsu(593m),1620,45729,0.0180,593,2.0161,2,2,-89.1248,-106.1145,direct,0.0500,29.2000,-66.3608
279.2,node[15],6,6415.9728,4076.7497,1.8950,0.0000,0.0000,-0.5233,21151029#22,-78.5566,-0.0360,100.0000,default,21,rsu(593m),1621,45765,0.1798,593,2.0212,4,6,-78.5566,-95.5463,direct,0.0500,29.2000,-66.3608
279.3,node[15],6,6415.9728,4076.7497,1.8950,0.0000,0.0000,-0.5233,21151029#22,-73.5195,4.1723,100.0000,default,21,rsu(593m),1622,45802,0.6425,593,2.0192,6,10,-73.5195,-90.5092,direct,0.0500,29.2000,-66.3609
279.4,node[15],6,6415.9728,4076.7497,1.8950,0.0000,0.0000,-0.5233,21151029#22,-87.1070,-5.0000,100.0000,default,21,rsu(593m),1623,45838,0.0180,593,2.0241,2,2,-87.1070,-104.0967,direct,0.0500,29.2000,-66.3608
279.5,node[15],6,6415.9728,4076.7497,1.8950,0.0000,0.0000,-0.5233,21151029#22,-81.8490,-5.0000,100.0000,default,21,rsu(593m),1624,45875,0.0180,593,2.0220,2,2,-81.8490,-98.8387,direct,0.0500,29.2000,-66.3609
279.6,node[15],6,6415.9728,4076.7497,1.8950,0.0000,0.0000,-0.5233,21151029#22,-80.6739,-2.1970,100.0000,default,21,rsu(593m),1625,45912,0.0692,593,2.0179,3,4,-80.6739,-97.6636,direct,0.0500,29.6000,-66.3609
279.7,node[15],6,6415.9728,4076.7497,1.8950,0.0000,0.0000,-0.5233,21151029#22,-81.4803,-3.1468,100.0000,default,21,rsu(593m),1626,45950,0.0442,593,2.0176,2,2,-81.4803,-98.4700,direct,0.0500,29.6000,-66.3609
279.8,node[15],6,6415.9728,4076.7497,1.8950,0.0000,0.0000,-0.5233,21151029#22,-82.7419,-5.0000,100.0000,default,21,rsu(593m),1627,45987,0.0180,593,2.0224,2,2,-82.7419,-99.7316,direct,0.0500,30.0000,-66.3608
279.9,node[15],6,6415.9728,4076.7497,1.8950,0.0000,0.0000,-0.5233,21151029#22,-78.9516,-3.3709,100.0000,default,21,rsu(593m),1628,46025,0.0397,593,2.0141,2,2,-78.9516,-95.9413,direct,0.0500,30.0000,-66.3609
280,node[15],6,6415.9728,4076.7497,1.8950,0.0000,0.0000,-0.5233,21151029#22,-96.4260,-5.0000,100.0000,default,21,rsu(593m),1629,46062,0.0180,593,2.0243,2,2,-96.4260,-113.4157,direct,0.0500,30.0000,-66.3609
280.1,node[15],6,6415.9728,4076.7497,1.8950,0.0000,0.0000,-0.5233,21151029#22,-82.4378,-5.0000,100.0000,default,21,rsu(593m),1630,46100,0.0180,593,2.0237,2,2,-82.4378,-99.4275,direct,0.0500,30.0000,-66.3609
280.2,node[15],6,6415.9728,4076.7497,1.8950,0.0000,0.0000,-0.5233,21151029#22,-81.3321,-4.6511,100.0000,default,21,rsu(593m),1631,46136,0.0213,593,2.0148,2,2,-81.3321,-98.3218,direct,0.0500,29.6000,-66.3608
280.3,node[15],6,6415.9728,4076.7497,1.8950,0.0000,0.0000,-0.5233,21151029#22,-88.2460,-5.0000,100.0000,default,21,rsu(593m),1632,46174,0.0180,593,2.0211,2,2,-88.2460,-105.2357,direct,0.0500,29.6000,-66.3609
280.4,node[15],6,6415.9728,4076.7497,1.8950,0.0000,0.0000,-0.5233,21151029#22,-89.6628,-5.0000,100.0000,default,21,rsu(593m),1633,46212,0.0180,593,2.0143,2,2,-89.6628,-106.6525,direct,0.0500,30.4000,-66.3609
280.5,node[15],6,6415.9728,4076.7497,1.8950,0.0000,0.0000,-0.5233,21151029#22,-83.9686,-5.0000,100.0000,default,21,rsu(593m),1634,46249,0.0180,593,2.0205,2,2,-83.9686,-100.9583,direct,0.0500,30.4000,-66.3608
280.6,node[15],6,6415.9728,4076.7497,1.8950,0.0000,0.0000,-0.5233,21151029#22,-82.3421,-4.8045,100.0000,default,21,rsu(593m),1635,46287,0.0198,593,2.0195,2,2,-82.3421,-99.3318,direct,0.0500,30.0000,-66.3609
280.7,node[15],6,6415.9728,4076.7497,1.8950,0.0000,0.0000,-0.5233,21151029#22,-80.5156,-1.8943,100.0000,default,21,rsu(593m),1636,46325,0.0796,593,2.0185,3,4,-80.5156,-97.5053,direct,0.0500,30.0000,-66.3609
280.8,node[15],6,6415.9728,4076.7497,1.8950,0.0000,0.0000,-0.5233,21151029#22,-87.1912,-5.0000,100.0000,default,21,rsu(593m),1637,46362,0.0180,593,2.0226,2,2,-87.1912,-104.1809,direct,0.0500,30.0000,-66.3608
280.9,node[15],6,6415.9728,4076.7497,1.8950,0.0000,0.0000,-0.5233,21151029#22,-82.1627,-5.0000,100.0000,default,21,rsu(593m),1638,46400,0.0180,593,2.0214,2,2,-82.1627,-99.1524,direct,0.0500,30.0000,-66.3608
281,node[15],6,6415.9728,4076.7497,1.8950,0.0000,0.0000,-0.5233,21151029#22,-85.9642,-5.0000,100.0000,default,21,rsu(593m),1639,46437,0.0180,593,2.0123,2,2,-85.9642,-102.9539,direct,0.0500,30.0000,-66.3608
281.1,node[15],6,6415.9728,4076.7497,1.8950,0.0000,0.0000,-0.5233,21151029#22,-77.9910,1.0841,100.0000,default,21,rsu(593m),1640,46475,0.2773,593,2.0219,5,8,-77.9910,-94.9807,direct,0.0500,30.0000,-66.3608
281.2,node[15],6,6415.9728,4076.7497,1.8950,0.0000,0.0000,-0.5233,21151029#22,-80.4772,-1.9700,100.0000,default,21,rsu(593m),1641,46512,0.0769,593,2.0182,3,4,-80.4772,-97.4669,direct,0.0500,30.0000,-66.3608
281.3,node[15],6,6415.9728,4076.7497,1.8950,0.0000,0.0000,-0.5233,21151029#22,-83.3365,-5.0000,100.0000,default,21,rsu(593m),1642,46550,0.0180,593,2.0168,2,2,-83.3365,-100.3262,direct,0.0500,30.0000,-66.3608
281.4,node[15],6,6415.9728,4076.7497,1.8950,0.0000,0.0000,-0.5233,21151029#22,-79.8154,-1.9009,100.0000,default,21,rsu(593m),1643,46587,0.0794,593,2.0237,3,4,-79.8154,-96.8051,direct,0.0500,30.0000,-66.3608
281.5,node[15],6,6415.9728,4076.7497,1.8950,0.0000,0.0000,-0.5233,21151029#22,-83.9129,-5.0000,100.0000,default,21,rsu(593m),1644,46624,0.0180,593,2.0176,2,2,-83.9129,-100.9026,direct,0.0500,30.0000,-66.3608
281.6,node[15],6,6415.9728,4076.7497,1.8950,0.0000,0.0000,-0.5233,21151029#22,-84.0698,-5.0000,100.0000,default,21,rsu(593m),1645,46662,0.0180,593,2.0159,2,2,-84.0698,-101.0595,direct,0.0500,30.0000,-66.3608
281.7,node[15],6,6415.9728,4076.7497,1.8950,0.0000,0.0000,-0.5233,21151029#22,-77.4913,-1.5068,100.0000,default,21,rsu(593m),1646,46700,0.0951,593,2.0142,3,4,-77.4913,-94.4810,direct,0.0500,30.0000,-66.3608
281.8,node[15],6,6415.9728,4076.7497,1.8950,0.0000,0.0000,-0.5233,21151029#22,-80.1422,-2.3870,100.0000,default,21,rsu(593m),1647,46738,0.0634,593,2.0125,3,4,-80.1422,-97.1319,direct,0.0500,30.4000,-66.3608
281.9,node[15],6,6415.9728,4076.7497,1.8950,0.0000,0.0000,-0.5233,21151029#22,-76.6519,1.5702,100.0000,default,21,rsu(593m),1648,46775,0.3285,593,2.0157,5,8,-76.6519,-93.6416,direct,0.0500,30.4000,-66.3607
282,node[15],6,6415.9728,4076.7497,1.8950,0.0000,0.0000,-0.5233,21151029#22,-81.7214,-2.9821,100.0000,default,21,rsu(593m),1649,46813,0.0478,593,2.0208,3,4,-81.7214,-98.7111,direct,0.0500,30.0000,-66.3608
282.1,node[15],6,6415.9728,4076.7497,1.8950,0.0000,0.0000,-0.5233,21151029#22,-81.7259,-2.6628,100.0000,default,21,rsu(593m),1650,46850,0.0557,593,2.0128,3,4,-81.7259,-98.7156,direct,0.0500,30.0000,-66.3607
282.2,node[15],6,6415.9728,4076.7497,1.8950,0.0000,0.0000,-0.5233,21151029#22,-83.8637,-5.0000,100.0000,default,21,rsu(593m),1651,46888,0.0180,593,2.0238,2,2,-83.8637,-100.8534,direct,0.0500,30.0000,-66.3607
282.3,node[15],6,6415.9728,4076.7497,1.8950,0.0000,0.0000,-0.5233,21151029#22,-76.2368,2.6506,100.0000,default,21,rsu(593m),1652,46926,0.4564,593,2.0194,5,8,-76.2368,-93.2265,direct,0.0500,30.0000,-66.3607
282.4,node[15],6,6415.9728,4076.7497,1.8950,0.0000,0.0000,-0.5233,21151029#22,-77.2066,1.2754,100.0000,default,21,rsu(593m),1653,46964,0.2969,593,2.0173,5,8,-77.2066,-94.1963,direct,0.0500,30.4000,-66.3607
282.5,node[15],6,6415.9728,4076.7497,1.8950,0.0000,0.0000,-0.5233,21151029#22,-77.7369,-0.6442,100.0000,default,21,rsu(593m),1654,47002,0.1392,593,2.0220,4,6,-77.7369,-94.7266,direct,0.0500,30.4000,-66.3607
282.6,node[15],6,6415.9728,4076.7497,1.8950,0.0000,0.0000,-0.5233,21151029#22,-86.0731,-5.0000,100.0000,default,21,rsu(593m),1655,47040,0.0180,593,2.0197,2,2,-86.0731,-103.0628,direct,0.0500,30.4000,-66.3607
282.7,node[15],6,6415.9728,4076.7497,1.8950,0.0000,0.0000,-0.5233,21151029#22,-84.5960,-5.0000,100.0000,default,21,rsu(593m),1656,47078,0.0180,593,2.0150,2,2,-84.5960,-101.5857,direct,0.0500,30.4000,-66.3607
282.8,node[15],6,6415.9728,4076.7497,1.8950,0.0000,0.0000,-0.5233,21151029#22,-75.8345,3.3564,100.0000,default,21,rsu(593m),1657,47116,0.5444,593,2.0233,6,10,-75.8345,-92.8242,direct,0.0500,30.4000,-66.3606
282.9,node[15],6,6415.9728,4076.7497,1.8950,0.0000,0.0000,-0.5233,21151029#22,-78.4099,-0.8697,100.0000,default,21,rsu(593m),1658,47154,0.1262,593,2.0208,4,6,-78.4099,-95.3996,direct,0.0500,30.4000,-66.3606
283,node[15],6,6415.9728,4076.7497,1.8950,0.0000,0.0000,-0.5233,21151029#22,-82.6306,-5.0000,100.0000,default,21,rsu(593m),1659,47192,0.0180,593,2.0159,2,2,-82.6306,-99.6203,direct,0.0500,30.4000,-66.3606
283.1,node[15],6,6415.9728,4076.7497,1.8950,0.0000,0.0000,-0.5233,21151029#22,-88.4665,-5.0000,100.0000,default,21,rsu(593m),1660,47230,0.0180,593,2.0238,2,2,-88.4665,-105.4562,direct,0.0500,30.4000,-66.3606
283.2,node[15],6,6415.9728,4076.7497,1.8950,0.0000,0.0000,-0.5233,21151029#22,-84.6780,-5.0000,100.0000,default,21,rsu(593m),1661,47268,0.0180,593,2.0168,2,2,-84.6780,-101.6677,direct,0.0500,30.4000,-66.3605
283.3,node[15],6,6415.9728,4076.7497,1.8950,0.0000,0.0000,-0.5233,21151029#22,-75.8915,3.3059,100.0000,default,21,rsu(593m),1662,47305,0.5382,593,2.0246,6,10,-75.8915,-92.8812,direct,0.0500,30.4000,-66.3605
283.4,node[15],6,6415.9728,4076.7497,1.8950,0.0000,0.0000,-0.5233,21151029#22,-80.4782,-2.1096,100.0000,default,21,rsu(593m),1663,47340,0.0721,593,2.0132,3,4,-80.4782,-97.4679,direct,0.0500,28.8000,-66.3605
283.5,node[15],6,6415.9728,4076.7497,1.8950,0.0000,0.0000,-0.5233,21151029#22,-79.2282,0.1177,100.0000,default,21,rsu(593m),1664,47376,0.1914,593,2.0173,4,6,-79.2282,-96.2179,direct,0.0500,28.8000,-66.3604
283.6,node[15],6,6415.9728,4076.7497,1.8950,0.0000,0.0000,-0.5233,21151029#22,-83.9012,-4.6871,100.0000,default,21,rsu(593m),1665,47413,0.0210,593,2.0213,2,2,-83.9012,-100.8909,direct,0.0500,29.2000,-66.3604
283.7,node[15],6,6415.9728,4076.7497,1.8950,0.0000,0.0000,-0.5233,21151029#22,-86.9890,-5.0000,100.0000,default,21,rsu(593m),1666,47451,0.0180,593,2.0183,2,2,-86.9890,-103.9787,direct,0.0500,29.2000,-66.3604
283.8,node[15],6,6415.9728,4076.7497,1.8950,0.0000,0.0000,-0.5233,21151029#22,-80.6251,-2.6421,100.0000,default,21,rsu(593m),1667,47487,0.0562,593,2.0195,3,4,-80.6251,-97.6148,direct,0.0500,29.6000,-66.3603
283.9,node[15],6,6415.9728,4076.7497,1.8950,0.0000,0.0000,-0.5233,21151029#22,-85.0553,-5.0000,100.0000,default,21,rsu(593m),1668,47524,0.0180,593,2.0202,2,2,-85.0553,-102.0450,direct,0.0500,29.6000,-66.3603
284,node[15],6,6415.9728,4076.7497,1.8950,0.0000,0.0000,-0.5233,21151029#22,-79.5539,-3.6568,100.0000,default,21,rsu(593m),1669,47561,0.0346,593,2.0240,2,2,-79.5539,-96.5436,direct,0.0500,29.6000,-66.3602
284.1,node[15],6,6415.9728,4076.7497,1.8950,0.0000,0.0000,-0.5233,21151029#22,-81.4202,-2.6516,100.0000,default,21,rsu(593m),1670,47599,0.0559,593,2.0187,3,4,-81.4202,-98.4099,direct,0.0500,29.6000,-66.3602
284.2,node[15],6,6415.9728,4076.7497,1.8950,0.0000,0.0000,-0.5233,21151029#22,-81.6256,-5.0000,100.0000,default,21,rsu(593m),1671,47637,0.0180,593,2.0128,2,2,-81.6256,-98.6153,direct,0.0500,30.4000,-66.3602
284.3,node[15],6,6415.9728,4076.7497,1.8950,0.0000,0.0000,-0.5233,21151029#22,-86.6603,-5.0000,100.0000,default,21,rsu(593m),1672,47675,0.0180,593,2.0223,2,2,-86.6603,-103.6500,direct,0.0500,30.4000,-66.3601
284.4,node[15],6,6415.9728,4076.7497,1.8950,0.0000,0.0000,-0.5233,21151029#22,-87.3722,-5.0000,100.0000,default,21,rsu(593m),1673,47713,0.0180,593,2.0238,2,2,-87.3722,-104.3619,direct,0.0500,30.4000,-66.3601
284.5,node[15],6,6415.9728,4076.7497,1.8950,0.0000,0.0000,-0.5233,21151029#22,-78.3814,-0.1186,100.0000,default,21,rsu(593m),1674,47751,0.1737,593,2.0142,4,6,-78.3814,-95.3711,direct,0.0500,30.4000,-66.3600
284.6,node[15],6,6415.9728,4076.7497,1.8950,0.0000,0.0000,-0.5233,21151029#22,-82.2431,-3.9377,100.0000,default,21,rsu(593m),1675,47787,0.0302,593,2.0139,2,2,-82.2431,-99.2328,direct,0.0500,29.6000,-66.3599
284.7,node[15],6,6415.9728,4076.7497,1.8950,0.0000,0.0000,-0.5233,21151029#22,-87.7831,-5.0000,100.0000,default,21,rsu(593m),1676,47824,0.0180,593,2.0194,2,2,-87.7831,-104.7728,direct,0.0500,29.6000,-66.3599
284.8,node[15],6,6415.9728,4076.7497,1.8950,0.0000,0.0000,-0.5233,21151029#22,-80.0528,-4.1417,100.0000,default,21,rsu(593m),1677,47861,0.0274,593,2.0217,2,2,-80.0528,-97.0425,direct,0.0500,29.6000,-66.3598
284.9,node[15],6,6415.9728,4076.7497,1.8950,0.0000,0.0000,-0.5233,21151029#22,-81.6767,-3.4308,100.0000,default,21,rsu(593m),1678,47898,0.0386,593,2.0238,2,2,-81.6767,-98.6664,direct,0.0500,29.6000,-66.3598
285,node[15],6,6415.9728,4076.7497,1.8950,0.0000,0.0000,-0.5233,21151029#22,-86.4556,-5.0000,100.0000,default,21,rsu(593m),1679,47936,0.0180,593,2.0163,2,2,-86.4556,-103.4453,direct,0.0500,30.0000,-66.3597
285.1,node[15],6,6415.9728,4076.7497,1.8950,0.0000,0.0000,-0.5233,21151029#22,-84.3726,-5.0000,100.0000,default,21,rsu(593m),1680,47974,0.0180,593,2.0244,2,2,-84.3726,-101.3623,direct,0.0500,30.0000,-66.3597
285.2,node[15],6,6415.9728,4076.7497,1.8950,0.0000,0.0000,-0.5233,21151029#22,-77.9849,-0.9945,100.0000,default,21,rsu(593m),1681,48011,0.1195,593,2.0167,4,6,-77.9849,-94.9746,direct,0.0500,30.0000,-66.3596
285.3,node[15],6,6415.9728,4076.7497,1.8950,0.0000,0.0000,-0.5233,21151029#22,-81.8245,-5.0000,100.0000,default,21,rsu(593m),1682,48049,0.0180,593,2.0199,2,2,-81.8245,-98.8142,direct,0.0500,30.0000,-66.3596
285.4,node[15],6,6415.9728,4076.7497,1.8950,0.0000,0.0000,-0.5233,21151029#22,-83.3776,-5.0000,100.0000,default,21,rsu(593m),1683,48087,0.0180,593,2.0148,2,2,-83.3776,-100.3673,direct,0.0500,30.4000,-66.3595
285.5,node[15],6,6415.9728,4076.7497,1.8950,0.0000,0.0000,-0.5233,21151029#22,-77.9145,0.5830,100.0000,default,21,rsu(593m),1684,48125,0.2300,593,2.0225,4,6,-77.9145,-94.9042,direct,0.0500,30.4000,-66.3594
285.6,node[15],6,6415.9728,4076.7497,1.8950,0.0000,0.0000,-0.5233,21151029#22,-79.2375,-4.0932,100.0000,default,21,rsu(593m),1685,48163,0.0280,593,2.0172,2,2,-79.2375,-96.2272,direct,0.0500,30.4000,-66.3594
285.7,node[15],6,6415.9728,4076.7497,1.8950,0.0000,0.0000,-0.5233,21151029#22,-81.6885,-3.3689,100.0000,default,21,rsu(593m),1686,48200,0.0398,593,2.0220,2,2,-81.6885,-98.6782,direct,0.0500,30.4000,-66.3593
285.8,node[15],6,6415.9728,4076.7497,1.8950,0.0000,0.0000,-0.5233,21151029#22,-85.6060,-5.0000,100.0000,default,21,rsu(593m),1687,48238,0.0180,593,2.0165,2,2,-85.6060,-102.5957,direct,0.0500,30.0000,-66.3592
285.9,node[15],6,6415.9728,4076.7497,1.8950,0.0000,0.0000,-0.5233,21151029#22,-80.4018,-1.8906,100.0000,default,21,rsu(593m),1688,48275,0.0798,593,2.0216,3,4,-80.4018,-97.3915,direct,0.0500,30.0000,-66.3591
286,node[15],6,6415.9728,4076.7497,1.8950,0.0000,0.0000,-0.5233,21151029#22,-79.3216,-1.1672,100.0000,default,21,rsu(593m),1689,48312,0.1107,593,2.0246,3,4,-79.3216,-96.3113,direct,0.0500,29.6000,-66.3591
286.1,node[15],6,6415.9728,4076.7497,1.8950,0.0000,0.0000,-0.5233,21151029#22,-76.1005,0.7510,100.0000,default,21,rsu(593m),1690,48350,0.2452,593,2.0226,4,6,-76.1005,-93.0902,direct,0.0500,29.6000,-66.3590
286.2,node[15],6,6415.9728,4076.7497,1.8950,0.0000,0.0000,-0.5233,21151029#22,-76.5713,0.2322,100.0000,default,21,rsu(593m),1691,48388,0.2004,593,2.0205,4,6,-76.5713,-93.5610,direct,0.0500,30.4000,-66.3589
286.3,node[15],6,6415.9728,4076.7497,1.8950,0.0000,0.0000,-0.5233,21151029#22,-74.2120,0.4480,100.0000,default,21,rsu(593m),1692,48425,0.2182,593,2.0233,4,6,-74.2120,-91.2017,direct,0.0500,30.4000,-66.3588
286.4,node[15],6,6415.9728,4076.7497,1.8950,0.0000,0.0000,-0.5233,21151029#22,-80.7553,-3.5118,100.0000,default,21,rsu(593m),1693,48463,0.0371,593,2.0151,2,2,-80.7553,-97.7450,direct,0.0500,30.0000,-66.3588
286.5,node[15],6,6415.9728,4076.7497,1.8950,0.0000,0.0000,-0.5233,21151029#22,-81.4495,-5.0000,100.0000,default,21,rsu(593m),1694,48500,0.0180,593,2.0198,2,2,-81.4495,-98.4392,direct,0.0500,30.0000,-66.3587
286.6,node[15],6,6415.9728,4076.7497,1.8950,0.0000,0.0000,-0.5233,21151029#22,-76.0124,1.6865,100.0000,default,21,rsu(593m),1695,48538,0.3415,593,2.0126,5,8,-76.0124,-93.0021,direct,0.0500,30.0000,-66.3586
286.7,node[15],6,6415.9728,4076.7497,1.8950,0.0000,0.0000,-0.5233,21151029#22,-90.8715,-5.0000,100.0000,default,21,rsu(593m),1696,48576,0.0180,593,2.0205,2,2,-90.8715,-107.8612,direct,0.0500,30.0000,-66.3585
286.8,node[15],6,6415.9728,4076.7497,1.8950,0.0000,0.0000,-0.5233,21151029#22,-88.6002,-5.0000,100.0000,default,21,rsu(593m),1697,48614,0.0180,593,2.0120,2,2,-88.6002,-105.5899,direct,0.0500,30.4000,-66.3584
286.9,node[15],6,6415.9728,4076.7497,1.8950,0.0000,0.0000,-0.5233,21151029#22,-77.5511,-0.0069,100.0000,default,21,rsu(593m),1698,48652,0.1819,593,2.0225,4,6,-77.5511,-94.5408,direct,0.0500,30.4000,-66.3583
287,node[15],6,6415.9728,4076.7497,1.8950,0.0000,0.0000,-0.5233,21151029#22,-75.2359,0.1903,100.0000,default,21,rsu(593m),1699,48689,0.1970,593,2.0138,4,6,-75.2359,-92.2256,direct,0.0500,30.0000,-66.3582
287.1,node[15],6,6415.9728,4076.7497,1.8950,0.0000,0.0000,-0.5233,21151029#22,-81.1324,-5.0000,100.0000,default,21,rsu(593m),1700,48727,0.0180,593,2.0182,2,2,-81.1324,-98.1221,direct,0.0500,30.0000,-66.3582
287.2,node[15],6,6415.9728,4076.7497,1.8950,0.0000,0.0000,-0.5233,21151029#22,-85.2763,-5.0000,100.0000,default,21,rsu(593m),1701,48765,0.0180,593,2.0154,2,2,-85.2763,-102.2660,direct,0.0500,30.4000,-66.3581
287.3,node[15],6,6415.9728,4076.7497,1.8950,0.0000,0.0000,-0.5233,21151029#22,-77.3027,-0.9576,100.0000,default,21,rsu(593m),1702,48803,0.1214,593,2.0235,4,6,-77.3027,-94.2924,direct,0.0500,30.4000,-66.3580
287.4,node[15],6,6415.9728,4076.7497,1.8950,0.0000,0.0000,-0.5233,21151029#22,-80.9371,-4.4812,100.0000,default,21,rsu(593m),1703,48842,0.0232,593,2.0212,2,2,-80.9371,-97.9268,direct,0.0500,30.8000,-66.3579
287.5,node[15],6,6415.9728,4076.7497,1.8950,0.0000,0.0000,-0.5233,21151029#22,-86.0222,-5.0000,100.0000,default,21,rsu(593m),1704,48880,0.0180,593,2.0128,2,2,-86.0222,-103.0119,direct,0.0500,30.8000,-66.3578
287.6,node[15],6,6415.9728,4076.7497,1.8950,0.0000,0.0000,-0.5233,21151029#22,-82.1656,-5.0000,100.0000,default,21,rsu(593m),1705,48919,0.0180,593,2.0174,2,2,-82.1656,-99.1553,direct,0.0500,30.8000,-66.3577
287.7,node[15],6,6415.9728,4076.7497,1.8950,0.0000,0.0000,-0.5233,21151029#22,-84.7675,-5.0000,100.0000,default,21,rsu(593m),1706,48958,0.0180,593,2.0243,2,2,-84.7675,-101.7572,direct,0.0500,30.8000,-66.3576
287.8,node[15],6,6415.9728,4076.7497,1.8950,0.0000,0.0000,-0.5233,21151029#22,-88.4786,-5.0000,100.0000,default,21,rsu(593m),1707,48996,0.0180,593,2.0158,2,2,-88.4786,-105.4683,direct,0.0500,30.8000,-66.3575
287.9,node[15],6,6415.9728,4076.7497,1.8950,0.0000,0.0000,-0.5233,21151029#22,-84.6086,-5.0000,100.0000,default,21,rsu(593m),1708,49035,0.0180,593,2.0198,2,2,-84.6086,-101.5983,direct,0.0500,30.8000,-66.3574
288,node[15],6,6415.9728,4076.7497,1.8950,0.0000,0.0000,-0.5233,21151029#22,-88.0719,-5.0000,100.0000,default,21,rsu(593m),1709,49074,0.0180,593,2.0151,2,2,-88.0719,-105.0616,direct,0.0500,31.2000,-66.3573
288.1,node[15],6,6415.9728,4076.7497,1.8950,0.0000,0.0000,-0.5233,21151029#22,-80.3381,-2.8008,100.0000,default,20,rsu(593m),1710,49113,0.0521,593,2.0233,3,4,-80.3381,-97.3278,direct,0.0500,31.2000,-66.3581
288.2,node[15],6,6415.9728,4076.7497,1.8950,0.0000,0.0000,-0.5233,21151029#22,-79.4233,-4.8579,100.0000,default,20,rsu(593m),1711,49152,0.0193,593,2.0146,2,2,-79.4233,-96.4130,direct,0.0500,31.2000,-66.3580
288.3,node[15],6,6415.9728,4076.7497,1.8950,0.0000,0.0000,-0.5233,21151029#22,-86.8972,-5.0000,100.0000,default,20,rsu(593m),1712,49190,0.0180,593,2.0188,2,2,-86.8972,-103.8869,direct,0.0500,31.2000,-66.3579
288.4,node[15],6,6415.9728,4076.7497,1.8950,0.0000,0.0000,-0.5233,21151029#22,-81.5614,-5.0000,100.0000,default,20,rsu(593m),1713,49229,0.0180,593,2.0160,2,2,-81.5614,-98.5511,direct,0.0500,30.8000,-66.3578
288.5,node[15],6,6415.9728,4076.7497,1.8950,0.0000,0.0000,-0.5233,21151029#22,-79.2150,-1.4104,100.0000,default,20,rsu(593m),1714,49268,0.0993,593,2.0234,3,4,-79.2150,-96.2047,direct,0.0500,30.8000,-66.3576
288.6,node[15],6,6415.9728,4076.7497,1.8950,0.0000,0.0000,-0.5233,21151029#22,-83.6928,-5.0000,100.0000,default,20,rsu(593m),1715,49306,0.0180,593,2.0177,2,2,-83.6928,-100.6825,direct,0.0500,30.8000,-66.3575
288.7,node[15],6,6415.9728,4076.7497,1.8950,0.0000,0.0000,-0.5233,21151029#22,-86.5450,-5.0000,100.0000,default,20,rsu(593m),1716,49345,0.0180,593,2.0197,2,2,-86.5450,-103.5347,direct,0.0500,30.8000,-66.3574
288.8,node[15],6,6415.9728,4076.7497,1.8950,0.0000,0.0000,-0.5233,21151029#22,-78.3073,1.0181,100.0000,default,20,rsu(593m),1717,49384,0.2707,593,2.0244,5,8,-78.3073,-95.2970,direct,0.0500,31.2000,-66.3572
288.9,node[15],6,6415.9728,4076.7497,1.8950,0.0000,0.0000,-0.5233,21151029#22,-85.5525,-5.0000,100.0000,default,20,rsu(593m),1718,49423,0.0180,593,2.0214,2,2,-85.5525,-102.5422,direct,0.0500,31.2000,-66.3571
289,node[15],6,6415.9728,4076.7497,1.8950,0.0000,0.0000,-0.5233,21151029#22,-76.6239,1.8893,100.0000,default,20,rsu(593m),1719,49462,0.3646,593,2.0155,5,8,-76.6239,-93.6136,direct,0.0500,31.2000,-66.3570
289.1,node[15],6,6415.9728,4076.7497,1.8950,0.0000,0.0000,-0.5233,21151029#22,-85.3080,-5.0000,100.0000,default,20,rsu(593m),1720,49501,0.0180,593,2.0201,2,2,-85.3080,-102.2977,direct,0.0500,31.2000,-66.3568
289.2,node[15],6,6415.9728,4076.7497,1.8950,0.0000,0.0000,-0.5233,21151029#22,-79.7386,-2.4270,100.0000,default,20,rsu(593m),1721,49539,0.0622,593,2.0186,3,4,-79.7386,-96.7283,direct,0.0500,30.8000,-66.3567
289.3,node[15],6,6415.9728,4076.7497,1.8950,0.0000,0.0000,-0.5233,21151029#22,-81.8647,-5.0000,100.0000,default,20,rsu(593m),1722,49578,0.0180,593,2.0231,2,2,-81.8647,-98.8544,direct,0.0500,30.8000,-66.3565
289.4,node[15],6,6415.9728,4076.7497,1.8950,0.0000,0.0000,-0.5233,21151029#22,-84.4482,-5.0000,100.0000,default,20,rsu(593m),1723,49617,0.0180,593,2.0198,2,2,-84.4482,-101.4379,direct,0.0500,31.2000,-66.3564
289.5,node[15],6,6415.9728,4076.7497,1.8950,0.0000,0.0000,-0.5233,21151029#22,-76.3926,-0.3504,100.0000,default,20,rsu(593m),1724,49656,0.1577,593,2.0242,4,6,-76.3926,-93.3823,direct,0.0500,31.2000,-66.3562
289.6,node[15],6,6415.9728,4076.7497,1.8950,0.0000,0.0000,-0.5233,21151029#22,-86.7276,-5.0000,100.0000,default,20,rsu(593m),1725,49695,0.0180,593,2.0148,2,2,-86.7276,-103.7173,direct,0.0500,31.2000,-66.3561
289.7,node[15],6,6415.9728,4076.7497,1.8950,0.0000,0.0000,-0.5233,21151029#22,-80.7599,-2.9003,100.0000,default,20,rsu(593m),1726,49734,0.0497,593,2.0191,3,4,-80.7599,-97.7496,direct,0.0500,31.2000,-66.3559
289.8,node[15],6,6415.9728,4076.7497,1.8950,0.0000,0.0000,-0.5233,21151029#22,-77.8407,-0.9994,100.0000,default,20,rsu(593m),1727,49773,0.1192,593,2.0234,4,6,-77.8407,-94.8304,direct,0.0500,31.2000,-66.3557
289.9,node[15],6,6415.9728,4076.7497,1.8950,0.0000,0.0000,-0.5233,21151029#22,-76.5265,-0.3953,100.0000,default,20,rsu(593m),1728,49812,0.1548,593,2.0199,4,6,-76.5265,-93.5162,direct,0.0500,31.2000,-66.3556
290,node[15],6,6415.9728,4076.7497,1.8950,0.0000,0.0000,-0.5233,21151029#22,-76.9285,1.6000,100.0000,default,20,rsu(593m),1729,49850,0.3318,593,2.0242,5,8,-76.9285,-93.9182,direct,0.0500,30.8000,-66.3554
290.1,node[15],6,6415.9728,4076.7497,1.8950,0.0000,0.0000,-0.5233,21151029#22,-83.1357,-4.8870,100.0000,default,20,rsu(593m),1730,49889,0.0190,593,2.0208,2,2,-83.1357,-100.1254,direct,0.0500,30.8000,-66.3552
290.2,node[15],6,6415.9728,4076.7497,1.8950,0.0000,0.0000,-0.5233,21151029#22,-74.8702,-0.9538,100.0000,default,20,rsu(593m),1731,49928,0.1217,593,2.0173,4,6,-74.8702,-91.8599,direct,0.0500,31.2000,-66.3550
290.3,node[15],6,6415.9728,4076.7497,1.8950,0.0000,0.0000,-0.5233,21151029#22,-76.9753,-0.4477,100.0000,default,20,rsu(593m),1732,49967,0.1514,593,2.0145,4,6,-76.9753,-93.9650,direct,0.0500,31.2000,-66.3548
290.4,node[15],6,6415.9728,4076.7497,1.8950,0.0000,0.0000,-0.5233,21151029#22,-75.9157,1.9719,100.0000,default,20,rsu(593m),1733,50005,0.3742,593,2.0142,5,8,-75.9157,-92.9054,direct,0.0500,30.8000,-66.3546
290.5,node[15],6,6415.9728,4076.7497,1.8950,0.0000,0.0000,-0.5233,21151029#22,-81.4851,-3.9864,100.0000,default,20,rsu(593m),1734,50042,0.0295,593,2.0237,2,2,-81.4851,-98.4748,direct,0.0500,30.8000,-66.3544
290.6,node[15],6,6415.9728,4076.7497,1.8950,0.0000,0.0000,-0.5233,21151029#22,-83.8293,-4.7710,100.0000,default,20,rsu(593m),1735,50080,0.0201,593,2.0202,2,2,-83.8293,-100.8190,direct,0.0500,30.0000,-66.3542
290.7,node[15],6,6415.9728,4076.7497,1.8950,0.0000,0.0000,-0.5233,21151029#22,-78.3514,0.3296,100.0000,default,20,rsu(593m),1736,50118,0.2083,593,2.0144,4,6,-78.3514,-95.3411,direct,0.0500,30.0000,-66.3540
290.8,node[15],6,6415.9728,4076.7497,1.8950,0.0000,0.0000,-0.5233,21151029#22,-80.6442,-3.7341,100.0000,default,20,rsu(593m),1737,50155,0.0333,593,2.0239,2,2,-80.6442,-97.6339,direct,0.0500,30.0000,-66.3538
290.9,node[15],6,6415.9728,4076.7497,1.8950,0.0000,0.0000,-0.5233,21151029#22,-79.6337,-0.5216,100.0000,default,20,rsu(593m),1738,50193,0.1467,593,2.0133,4,6,-79.6337,-96.6234,direct,0.0500,30.0000,-66.3536
291,node[15],6,6415.9728,4076.7497,1.8950,0.0000,0.0000,-0.5233,21151029#22,-85.1361,-5.0000,100.0000,default,20,rsu(593m),1739,50231,0.0180,593,2.0158,2,2,-85.1361,-102.1258,direct,0.0500,30.4000,-66.3533
291.1,node[15],6,6415.9728,4076.7497,1.8950,0.0000,0.0000,-0.5233,21151029#22,-80.5496,-2.9567,100.0000,default,20,rsu(593m),1740,50268,0.0484,593,2.0197,3,4,-80.5496,-97.5393,direct,0.0500,30.4000,-66.3531
291.2,node[15],6,6415.9728,4076.7497,1.8950,0.0000,0.0000,-0.5233,21151029#22,-89.5014,-5.0000,100.0000,default,20,rsu(593m),1741,50306,0.0180,593,2.0167,2,2,-89.5014,-106.4911,direct,0.0500,30.0000,-66.3529
291.3,node[15],6,6415.9728,4076.7497,1.8950,0.0000,0.0000,-0.5233,21151029#22,-90.0879,-5.0000,100.0000,default,20,rsu(593m),1742,50344,0.0180,593,2.0238,2,2,-90.0879,-107.0776,direct,0.0500,30.0000,-66.3526
291.4,node[15],6,6415.9728,4076.7497,1.8950,0.0000,0.0000,-0.5233,21151029#22,-72.0393,4.9023,100.0000,default,20,rsu(593m),1743,50381,0.7213,593,2.0201,6,10,-72.0393,-89.0290,direct,0.0500,30.0000,-66.3524
291.5,node[15],6,6415.9728,4076.7497,1.8950,0.0000,0.0000,-0.5233,21151029#22,-76.8598,1.7762,100.0000,default,20,rsu(593m),1744,50419,0.3516,593,2.0240,5,8,-76.8598,-93.8495,direct,0.0500,30.0000,-66.3521
291.6,node[15],6,6415.9728,4076.7497,1.8950,0.0000,0.0000,-0.5233,21151029#22,-77.3378,-2.4422,100.0000,default,20,rsu(593m),1745,50457,0.0617,593,2.0134,3,4,-77.3378,-94.3275,direct,0.0500,30.4000,-66.3518
291.7,node[15],6,6415.9728,4076.7497,1.8950,0.0000,0.0000,-0.5233,21151029#22,-80.7127,-5.0000,100.0000,default,20,rsu(593m),1746,50495,0.0180,593,2.0129,2,2,-80.7127,-97.7024,direct,0.0500,30.4000,-66.3515
291.8,node[15],6,6415.9728,4076.7497,1.8950,0.0000,0.0000,-0.5233,21151029#22,-83.1313,-5.0000,100.0000,default,20,rsu(593m),1747,50533,0.0180,593,2.0222,2,2,-83.1313,-100.1210,direct,0.0500,30.4000,-66.3513
291.9,node[15],6,6415.9728,4076.7497,1.8950,0.0000,0.0000,-0.5233,21151029#22,-80.0279,-5.0000,100.0000,default,20,rsu(593m),1748,50572,0.0180,593,2.0217,2,2,-80.0279,-97.0176,direct,0.0500,30.4000,-66.3510
292,node[15],6,6415.9728,4076.7497,1.8950,0.0000,0.0000,-0.5233,21151029#22,-81.3447,-2.6752,100.0000,default,20,rsu(593m),1749,50611,0.0553,593,2.0180,3,4,-81.3447,-98.3344,direct,0.0500,31.2000,-66.3507
292.1,node[15],6,6415.9728,4076.7497,1.8950,0.0000,0.0000,-0.5233,21151029#22,-85.5362,-5.0000,100.0000,default,20,rsu(593m),1750,50650,0.0180,593,2.0147,2,2,-85.5362,-102.5259,direct,0.0500,31.2000,-66.3504
292.2,node[15],6,6415.9728,4076.7497,1.8950,0.0000,0.0000,-0.5233,21151029#22,-85.7596,-5.0000,100.0000,default,20,rsu(593m),1751,50689,0.0180,593,2.0170,2,2,-85.7596,-102.7493,direct,0.0500,31.2000,-66.3500
292.3,node[15],6,6415.9728,4076.7497,1.8950,0.0000,0.0000,-0.5233,21151029#22,-78.4170,-0.4557,100.0000,default,20,rsu(593m),1752,50728,0.1509,593,2.0138,4,6,-78.4170,-95.4067,direct,0.0500,31.2000,-66.3497
292.4,node[15],6,6415.9728,4076.7497,1.8950,0.0000,0.0000,-0.5233,21151029#22,-82.0241,-4.3395,100.0000,default,20,rsu(593m),1753,50767,0.0248,593,2.0160,2,2,-82.0241,-99.0138,direct,0.0500,31.2000,-66.3494
292.5,node[15],6,6415.9728,4076.7497,1.8950,0.0000,0.0000,-0.5233,21151029#22,-90.8965,-5.0000,100.0000,default,20,rsu(593m),1754,50805,0.0180,593,2.0197,2,2,-90.8965,-107.8862,direct,0.0500,31.2000,-66.3490
292.6,node[15],6,6415.9728,4076.7497,1.8950,0.0000,0.0000,-0.5233,21151029#22,-80.9553,-2.1900,100.0000,default,20,rsu(593m),1755,50844,0.0695,593,2.0234,3,4,-80.9553,-97.9450,direct,0.0500,30.8000,-66.3487
292.7,node[15],6,6415.9728,4076.7497,1.8950,0.0000,0.0000,-0.5233,21151029#22,-91.8381,-5.0000,100.0000,default,20,rsu(593m),1756,50883,0.0180,593,2.0177,2,2,-91.8381,-108.8278,direct,0.0500,30.8000,-66.3483
292.8,node[15],6,6415.9728,4076.7497,1.8950,0.0000,0.0000,-0.5233,21151029#22,-84.3696,-5.0000,100.0000,default,20,rsu(593m),1757,50921,0.0180,593,2.0195,2,2,-84.3696,-101.3593,direct,0.0500,30.8000,-66.3480
292.9,node[15],6,6415.9728,4076.7497,1.8950,0.0000,0.0000,-0.5233,21151029#22,-83.0561,-5.0000,100.0000,default,20,rsu(593m),1758,50959,0.0180,593,2.0213,2,2,-83.0561,-100.0458,direct,0.0500,30.8000,-66.3476
293,node[15],6,6415.9728,4076.7497,1.8950,0.0000,0.0000,-0.5233,21151029#22,-89.1554,-5.0000,100.0000,default,20,rsu(593m),1759,50998,0.0180,593,2.0155,2,2,-89.1554,-106.1451,direct,0.0500,30.8000,-66.3472
293.1,node[15],6,6415.9728,4076.7497,1.8950,0.0000,0.0000,-0.5233,21151029#22,-93.7358,-5.0000,100.0000,default,20,rsu(593m),1760,51037,0.0180,593,2.0204,2,2,-93.7358,-110.7255,direct,0.0500,30.8000,-66.3468
293.2,node[15],6,6415.9728,4076.7497,1.8950,0.0000,0.0000,-0.5233,21151029#22,-99.3929,-5.0000,100.0000,default,20,rsu(593m),1761,51076,0.0180,593,2.0221,2,2,-99.3929,-116.3826,direct,0.0500,31.2000,-66.3464
293.3,node[15],6,6415.9728,4076.7497,1.8950,0.0000,0.0000,-0.5233,21151029#22,-79.2855,-1.7524,100.0000,default,20,rsu(593m),1762,51115,0.0850,593,2.0193,3,4,-79.2855,-96.2752,direct,0.0500,31.2000,-66.3460
293.4,node[15],6,6415.9728,4076.7497,1.8950,0.0000,0.0000,-0.5233,21151029#22,-80.5391,-2.4311,100.0000,default,20,rsu(593m),1763,51154,0.0621,593,2.0139,3,4,-80.5391,-97.5288,direct,0.0500,31.2000,-66.3455
293.5,node[15],6,6415.9728,4076.7497,1.8950,0.0000,0.0000,-0.5233,21151029#22,-80.0907,-5.0000,100.0000,default,20,rsu(593m),1764,51193,0.0180,593,2.0242,2,2,-80.0907,-97.0804,direct,0.0500,31.2000,-66.3451
293.6,node[15],6,6415.9728,4076.7497,1.8950,0.0000,0.0000,-0.5233,21151029#22,-83.0158,-4.8040,100.0000,default,20,rsu(593m),1765,51232,0.0198,593,2.0182,2,2,-83.0158,-100.0055,direct,0.0500,31.2000,-66.3446
293.7,node[15],6,6415.9728,4076.7497,1.8950,0.0000,0.0000,-0.5233,21151029#22,-75.1554,-1.0763,100.0000,default,20,rsu(593m),1766,51271,0.1153,593,2.0127,3,4,-75.1554,-92.1451,direct,0.0500,31.2000,-66.3442
293.8,node[15],6,6415.9728,4076.7497,1.8950,0.0000,0.0000,-0.5233,21151029#22,-83.4457,-5.0000,100.0000,default,20,rsu(593m),1767,51309,0.0180,593,2.0196,2,2,-83.4457,-100.4354,direct,0.0500,30.8000,-66.3437
293.9,node[15],6,6415.9728,4076.7497,1.8950,0.0000,0.0000,-0.5233,21151029#22,-78.7248,0.1101,100.0000,default,20,rsu(593m),1768,51348,0.1908,593,2.0141,4,6,-78.7248,-95.7145,direct,0.0500,30.8000,-66.3432
294,node[15],6,6415.9728,4076.7497,1.8950,0.0000,0.0000,-0.5233,21151029#22,-79.1049,-2.2494,100.0000,default,20,rsu(593m),1769,51387,0.0676,593,2.0140,3,4,-79.1049,-96.0946,direct,0.0500,31.2000,-66.3427
294.1,node[15],6,6415.9728,4076.7497,1.8950,0.0000,0.0000,-0.5233,21151029#22,-88.6991,-5.0000,100.0000,default,20,rsu(593m),1770,51426,0.0180,593,2.0208,2,2,-88.6991,-105.6888,direct,0.0500,31.2000,-66.3421
294.2,node[15],6,6415.9728,4076.7497,1.8950,0.0000,0.0000,-0.5233,21151029#22,-90.7301,-5.0000,100.0000,default,20,rsu(593m),1771,51464,0.0180,593,2.0147,2,2,-90.7301,-107.7198,direct,0.0500,30.8000,-66.3416
294.3,node[15],6,6415.9728,4076.7497,1.8950,0.0000,0.0000,-0.5233,21151029#22,-80.2865,-5.0000,100.0000,default,20,rsu(593m),1772,51502,0.0180,593,2.0215,2,2,-80.2865,-97.2762,direct,0.0500,30.8000,-66.3410
294.4,node[15],6,6415.9728,4076.7497,1.8950,0.0000,0.0000,-0.5233,21151029#22,-79.6113,-0.5943,100.0000,default,20,rsu(593m),1773,51541,0.1422,593,2.0212,4,6,-79.6113,-96.6010,direct,0.0500,30.8000,-66.3405
294.5,node[15],6,6415.9728,4076.7497,1.8950,0.0000,0.0000,-0.5233,21151029#22,-79.4499,-4.0874,100.0000,default,20,rsu(593m),1774,51579,0.0281,593,2.0150,2,2,-79.4499,-96.4396,direct,0.0500,30.8000,-66.3399
294.6,node[15],6,6415.9728,4076.7497,1.8950,0.0000,0.0000,-0.5233,21151029#22,-79.8093,-3.1096,100.0000,default,20,rsu(593m),1775,51618,0.0450,593,2.0147,2,2,-79.8093,-96.7990,direct,0.0500,30.8000,-66.3393
294.7,node[15],6,6415.9728,4076.7497,1.8950,0.0000,0.0000,-0.5233,21151029#22,-79.7474,-4.2366,100.0000,default,20,rsu(593m),1776,51657,0.0261,593,2.0213,2,2,-79.7474,-96.7371,direct,0.0500,30.8000,-66.3386
294.8,node[15],6,6415.9728,4076.7497,1.8950,0.0000,0.0000,-0.5233,21151029#22,-78.5207,-2.1986,100.0000,default,20,rsu(593m),1777,51696,0.0692,593,2.0182,3,4,-78.5207,-95.5104,direct,0.0500,31.2000,-66.3380
294.9,node[15],6,6415.9728,4076.7497,1.8950,0.0000,0.0000,-0.5233,21151029#22,-87.9022,-5.0000,100.0000,default,20,rsu(593m),1778,51734,0.0180,593,2.0194,2,2,-87.9022,-104.8919,direct,0.0500,31.2000,-66.3373
295,node[15],6,6415.9728,4076.7497,1.8950,0.0000,0.0000,-0.5233,21151029#22,-82.4119,-5.0000,100.0000,default,20,rsu(593m),1779,51773,0.0180,593,2.0136,2,2,-82.4119,-99.4016,direct,0.0500,30.8000,-66.3366
295.1,node[15],6,6415.9728,4076.7497,1.8950,0.0000,0.0000,-0.5233,21151029#22,-84.7975,-5.0000,100.0000,default,20,rsu(593m),1780,51812,0.0180,593,2.0233,2,2,-84.7975,-101.7872,direct,0.0500,30.8000,-66.3359
295.2,node[15],6,6415.9728,4076.7497,1.8950,0.0000,0.0000,-0.5233,21151029#22,-81.7611,-5.0000,100.0000,default,20,rsu(593m),1781,51851,0.0180,593,2.0169,2,2,-81.7611,-98.7508,direct,0.0500,31.2000,-66.3352
295.3,node[15],6,6415.9728,4076.7497,1.8950,0.0000,0.0000,-0.5233,21151029#22,-77.0254,-2.4093,100.0000,default,20,rsu(593m),1782,51890,0.0627,593,2.0212,3,4,-77.0254,-94.0151,direct,0.0500,31.2000,-66.3344
295.4,node[15],6,6415.9728,4076.7497,1.8950,0.0000,0.0000,-0.5233,21151029#22,-89.2103,-5.0000,100.0000,default,20,rsu(593m),1783,51929,0.0180,593,2.0188,2,2,-89.2103,-106.2000,direct,0.0500,31.2000,-66.3336
295.5,node[15],6,6415.9728,4076.7497,1.8950,0.0000,0.0000,-0.5233,21151029#22,-77.5819,-1.1360,100.0000,default,20,rsu(593m),1784,51968,0.1122,593,2.0212,3,4,-77.5819,-94.5716,direct,0.0500,31.2000,-66.3328
295.6,node[15],6,6415.9728,4076.7497,1.8950,0.0000,0.0000,-0.5233,21151029#22,-82.3663,-5.0000,100.0000,default,20,rsu(593m),1785,52007,0.0180,593,2.0188,2,2,-82.3663,-99.3560,direct,0.0500,31.2000,-66.3320
295.7,node[15],6,6415.9728,4076.7497,1.8950,0.0000,0.0000,-0.5233,21151029#22,-88.3222,-5.0000,100.0000,default,20,rsu(593m),1786,52046,0.0180,593,2.0241,2,2,-88.3222,-105.3119,direct,0.0500,31.2000,-66.3311
295.8,node[15],6,6415.9728,4076.7497,1.8950,0.0000,0.0000,-0.5233,21151029#22,-78.4547,-0.7979,100.0000,default,20,rsu(593m),1787,52085,0.1302,593,2.0216,4,6,-78.4547,-95.4444,direct,0.0500,31.2000,-66.3302
295.9,node[15],6,6415.9728,4076.7497,1.8950,0.0000,0.0000,-0.5233,21151029#22,-75.2369,-0.7194,100.0000,default,20,rsu(593m),1788,52124,0.1347,593,2.0192,4,6,-75.2369,-92.2266,direct,0.0500,31.2000,-66.3293
296,node[15],6,6415.9728,4076.7497,1.8950,0.0000,0.0000,-0.5233,21151029#22,-85.7346,-5.0000,100.0000,default,20,rsu(593m),1789,52163,0.0180,593,2.0245,2,2,-85.7346,-102.7243,direct,0.0500,31.2000,-66.3284
296.1,node[15],6,6415.9728,4076.7497,1.8950,0.0000,0.0000,-0.5233,21151029#22,-85.4753,-5.0000,100.0000,default,19,rsu(593m),1790,52202,0.0180,593,2.0193,2,2,-85.4753,-102.4650,direct,0.0500,31.2000,-66.3283
296.2,node[15],6,6415.9728,4076.7497,1.8950,0.0000,0.0000,-0.5233,21151029#22,-78.1431,-0.0934,100.0000,default,19,rsu(593m),1791,52240,0.1756,593,2.0186,4,6,-78.1431,-95.1328,direct,0.0500,30.8000,-66.3273
296.3,node[15],6,6415.9728,4076.7497,1.8950,0.0000,0.0000,-0.5233,21151029#22,-75.8027,1.9561,100.0000,default,19,rsu(593m),1792,52278,0.3724,593,2.0179,5,8,-75.8027,-92.7924,direct,0.0500,30.8000,-66.3262
296.4,node[15],6,6415.9728,4076.7497,1.8950,0.0000,0.0000,-0.5233,21151029#22,-82.8956,-4.6979,100.0000,default,19,rsu(593m),1793,52317,0.0209,593,2.0204,2,2,-82.8956,-99.8853,direct,0.0500,30.8000,-66.3251
296.5,node[15],6,6415.9728,4076.7497,1.8950,0.0000,0.0000,-0.5233,21151029#22,-76.7638,0.9614,100.0000,default,19,rsu(593m),1794,52356,0.2652,593,2.0229,4,6,-76.7638,-93.7535,direct,0.0500,30.8000,-66.3240
296.6,node[15],6,6415.9728,4076.7497,1.8950,0.0000,0.0000,-0.5233,21151029#22,-80.9024,-2.9780,100.0000,default,19,rsu(593m),1795,52395,0.0479,593,2.0205,3,4,-80.9024,-97.8921,direct,0.0500,31.2000,-66.3228
296.7,node[15],6,6415.9728,4076.7497,1.8950,0.0000,0.0000,-0.5233,21151029#22,-79.6928,-0.8189,100.0000,default,19,rsu(593m),1796,52434,0.1290,593,2.0129,4,6,-79.6928,-96.6825,direct,0.0500,31.2000,-66.3216
296.8,node[15],6,6415.9728,4076.7497,1.8950,0.0000,0.0000,-0.5233,21151029#22,-84.6217,-5.0000,100.0000,default,19,rsu(593m),1797,52473,0.0180,593,2.0234,2,2,-84.6217,-101.6114,direct,0.0500,31.2000,-66.3203
296.9,node[15],6,6415.9728,4076.7497,1.8950,0.0000,0.0000,-0.5233,21151029#22,-78.1943,0.6598,100.0000,default,19,rsu(593m),1798,52512,0.2368,593,2.0210,4,6,-78.1943,-95.1840,direct,0.0500,31.2000,-66.3190
297,node[15],6,6415.9728,4076.7497,1.8950,0.0000,0.0000,-0.5233,21151029#22,-80.8932,-3.3812,100.0000,default,19,rsu(593m),1799,52551,0.0395,593,2.0236,2,2,-80.8932,-97.8829,direct,0.0500,31.2000,-66.3176
297.1,node[15],6,6415.9728,4076.7497,1.8950,0.0000,0.0000,-0.5233,21151029#22,-81.2341,-5.0000,100.0000,default,19,rsu(593m),1800,52590,0.0180,593,2.0212,2,2,-81.2341,-98.2238,direct,0.0500,31.2000,-66.3162
297.2,node[15],6,6415.9728,4076.7497,1.8950,0.0000,0.0000,-0.5233,21151029#22,-83.5672,-5.0000,100.0000,default,19,rsu(593m),1801,52629,0.0180,593,2.0128,2,2,-83.5672,-100.5569,direct,0.0500,31.2000,-66.3147
297.3,node[15],6,6415.9728,4076.7497,1.8950,0.0000,0.0000,-0.5233,21151029#22,-78.8747,-2.4616,100.0000,default,19,rsu(593m),1802,52667,0.0612,593,2.0173,3,4,-78.8747,-95.8644,direct,0.0500,31.2000,-66.3131
297.4,node[15],6,6415.9728,4076.7497,1.8950,0.0000,0.0000,-0.5233,21151029#22,-79.3512,-5.0000,100.0000,default,19,rsu(593m),1803,52706,0.0180,593,2.0228,2,2,-79.3512,-96.3409,direct,0.0500,30.8000,-66.3115
297.5,node[15],6,6415.9728,4076.7497,1.8950,0.0000,0.0000,-0.5233,21151029#22,-87.0632,-5.0000,100.0000,default,19,rsu(593m),1804,52745,0.0180,593,2.0204,2,2,-87.0632,-104.0529,direct,0.0500,30.8000,-66.3098
297.6,node[15],6,6415.9728,4076.7497,1.8950,0.0000,0.0000,-0.5233,21151029#22,-83.6021,-4.6460,100.0000,default,19,rsu(593m),1805,52784,0.0214,593,2.0199,2,2,-83.6021,-100.5918,direct,0.0500,31.2000,-66.3080
297.7,node[15],6,6415.9728,4076.7497,1.8950,0.0000,0.0000,-0.5233,21151029#22,-88.1142,-5.0000,100.0000,default,19,rsu(593m),1806,52823,0.0180,593,2.0124,2,2,-88.1142,-105.1039,direct,0.0500,31.2000,-66.3062
297.8,node[15],6,6415.9728,4076.7497,1.8950,0.0000,0.0000,-0.5233,21151029#22,-85.2624,-5.0000,100.0000,default,19,rsu(593m),1807,52863,0.0180,593,2.0229,2,2,-85.2624,-102.2521,direct,0.0500,31.6000,-66.3043
297.9,node[15],6,6415.9728,4076.7497,1.8950,0.0000,0.0000,-0.5233,21151029#22,-78.1499,0.8349,100.0000,default,19,rsu(593m),1808,52903,0.2530,593,2.0205,4,6,-78.1499,-95.1396,direct,0.0500,31.6000,-66.3022
298,node[15],6,6415.9728,4076.7497,1.8950,0.0000,0.0000,-0.5233,21151029#22,-81.2911,-2.0047,100.0000,default,19,rsu(593m),1809,52942,0.0757,593,2.0200,3,4,-81.2911,-98.2808,direct,0.0500,31.6000,-66.3001
298.1,node[15],6,6415.9728,4076.7497,1.8950,0.0000,0.0000,-0.5233,21151029#22,-82.5507,-5.0000,100.0000,default,19,rsu(593m),1810,52982,0.0180,593,2.0196,2,2,-82.5507,-99.5404,direct,0.0500,31.6000,-66.2979
298.2,node[15],6,6415.9728,4076.7497,1.8950,0.0000,0.0000,-0.5233,21151029#22,-80.8810,-2.0537,100.0000,default,19,rsu(593m),1811,53022,0.0740,593,2.0192,3,4,-80.8810,-97.8707,direct,0.0500,32.0000,-66.2956
298.3,node[15],6,6415.9728,4076.7497,1.8950,0.0000,0.0000,-0.5233,21151029#22,-85.7120,-5.0000,100.0000,default,19,rsu(593m),1812,53062,0.0180,593,2.0187,2,2,-85.7120,-102.7017,direct,0.0500,32.0000,-66.2931
298.4,node[15],6,6415.9728,4076.7497,1.8950,0.0000,0.0000,-0.5233,21151029#22,-82.9265,-5.0000,100.0000,default,19,rsu(593m),1813,53101,0.0180,593,2.0243,2,2,-82.9265,-99.9162,direct,0.0500,31.6000,-66.2906
298.5,node[15],6,6415.9728,4076.7497,1.8950,0.0000,0.0000,-0.5233,21151029#22,-82.8139,-5.0000,100.0000,default,19,rsu(593m),1814,53141,0.0180,593,2.0147,2,2,-82.8139,-99.8036,direct,0.0500,31.6000,-66.2879
298.6,node[15],6,6415.9728,4076.7497,1.8950,0.0000,0.0000,-0.5233,21151029#22,-91.6575,-5.0000,100.0000,default,19,rsu(593m),1815,53181,0.0180,593,2.0182,2,2,-91.6575,-108.6472,direct,0.0500,32.0000,-66.2851
298.7,node[15],6,6415.9728,4076.7497,1.8950,0.0000,0.0000,-0.5233,21151029#22,-81.2465,-5.0000,100.0000,default,19,rsu(593m),1816,53221,0.0180,593,2.0167,2,2,-81.2465,-98.2362,direct,0.0500,32.0000,-66.2821
298.8,node[15],6,6415.9728,4076.7497,1.8950,0.0000,0.0000,-0.5233,21151029#22,-87.5200,-5.0000,100.0000,default,19,rsu(593m),1817,53261,0.0180,593,2.0124,2,2,-87.5200,-104.5097,direct,0.0500,32.0000,-66.2790
298.9,node[15],6,6415.9728,4076.7497,1.8950,0.0000,0.0000,-0.5233,21151029#22,-82.8470,-5.0000,100.0000,default,19,rsu(593m),1818,53301,0.0180,593,2.0130,2,2,-82.8470,-99.8367,direct,0.0500,32.0000,-66.2757
299,node[15],6,6415.9728,4076.7497,1.8950,0.0000,0.0000,-0.5233,21151029#22,-80.1254,-5.0000,100.0000,default,19,rsu(593m),1819,53341,0.0180,593,2.0136,2,2,-80.1254,-97.1151,direct,0.0500,32.0000,-66.2722
299.1,node[15],6,6415.9728,4076.7497,1.8950,0.0000,0.0000,-0.5233,21151029#22,-78.6698,-2.2304,100.0000,default,19,rsu(593m),1820,53381,0.0682,593,2.0240,3,4,-78.6698,-95.6595,direct,0.0500,32.0000,-66.2685
299.2,node[15],6,6415.9728,4076.7497,1.8950,0.0000,0.0000,-0.5233,21151029#22,-82.2866,-5.0000,100.0000,default,19,rsu(593m),1821,53422,0.0180,593,2.0211,2,2,-82.2866,-99.2763,direct,0.0500,32.4000,-66.2647
299.3,node[15],6,6415.9728,4076.7497,1.8950,0.0000,0.0000,-0.5233,21151029#22,-76.6712,0.1642,100.0000,default,19,rsu(593m),1822,53463,0.1950,593,2.0197,4,6,-76.6712,-93.6609,direct,0.0500,32.4000,-66.2606
299.4,node[15],6,6415.9728,4076.7497,1.8950,0.0000,0.0000,-0.5233,21151029#22,-88.7262,-5.0000,100.0000,default,19,rsu(593m),1823,53504,0.0180,593,2.0154,2,2,-88.7262,-105.7159,direct,0.0500,32.8000,-66.2562
299.5,node[15],6,6415.9728,4076.7497,1.8950,0.0000,0.0000,-0.5233,21151029#22,-82.4207,-5.0000,100.0000,default,19,rsu(593m),1824,53545,0.0180,593,2.0187,2,2,-82.4207,-99.4104,direct,0.0500,32.8000,-66.2516
299.6,node[15],6,6415.9728,4076.7497,1.8950,0.0000,0.0000,-0.5233,21151029#22,-81.7491,-4.1840,100.0000,default,19,rsu(593m),1825,53586,0.0268,593,2.0242,2,2,-81.7491,-98.7388,direct,0.0500,32.8000,-66.2467
299.7,node[15],6,6415.9728,4076.7497,1.8950,0.0000,0.0000,-0.5233,21151029#22,-81.3328,-4.4574,100.0000,default,19,rsu(593m),1826,53626,0.0235,593,2.0215,2,2,-81.3328,-98.3225,direct,0.0500,32.8000,-66.2415
299.8,node[15],6,6415.9728,4076.7497,1.8950,0.0000,0.0000,-0.5233,21151029#22,-77.3302,-0.8958,100.0000,default,19,rsu(593m),1827,53667,0.1248,593,2.0220,4,6,-77.3302,-94.3199,direct,0.0500,32.4000,-66.2359
299.9,node[15],6,6415.9728,4076.7497,1.8950,0.0000,0.0000,-0.5233,21151029#22,-80.5636,-5.0000,100.0000,default,19,rsu(593m),1828,53707,0.0180,593,2.0193,2,2,-80.5636,-97.5533,direct,0.0500,32.4000,-66.2300
300,node[15],6,6415.9728,4076.7497,1.8950,0.0000,0.0000,-0.5233,21151029#22,-85.2473,-5.0000,100.0000,default,19,rsu(593m),1829,53748,0.0180,593,2.0150,2,2,-85.2473,-102.2370,direct,0.0500,32.4000,-66.2237
300.1,node[15],6,6415.9728,4076.7497,1.8950,0.0000,0.0000,-0.5233,21151029#22,-75.6502,0.0084,100.0000,default,19,rsu(593m),1830,53789,0.1831,593,2.0122,4,6,-75.6502,-92.6399,direct,0.0500,32.4000,-66.2169
300.2,node[15],6,6415.9950,4076.7624,1.8950,0.2556,2.5560,-0.5233,21151029#22,-79.6895,-5.0000,100.0000,default,19,rsu(593m),1831,53830,0.0180,593,2.0126,2,2,-79.6895,-96.6792,direct,0.0500,32.8000,-66.1949
300.3,node[15],6,6416.0387,4076.7877,1.8950,0.5050,2.4937,-0.5233,21151029#22,-78.5470,-2.3064,100.0000,default,19,rsu(593m),1832,53871,0.0658,593,2.0157,3,4,-78.5470,-95.5367,direct,0.0500,32.8000,-66.1579
300.4,node[15],6,6416.1034,4076.8250,1.8950,0.7469,2.4193,-0.5233,21151029#22,-77.1352,-2.3077,100.0000,default,19,rsu(593m),1833,53911,0.0658,593,2.0213,3,4,-77.1352,-94.1249,direct,0.0500,32.4000,-66.1063
300.5,node[15],6,6416.1868,4076.8731,1.8950,0.9623,2.1537,-0.5233,21151029#22,-88.0604,-5.0000,100.0000,default,19,rsu(593m),1834,53952,0.0180,593,2.0198,2,2,-88.0604,-105.0501,direct,0.0500,32.4000,-66.0416
300.6,node[15],6,6416.2891,4076.9322,1.8950,1.1816,2.1928,-0.5233,21151029#22,-85.2095,-5.0000,100.0000,default,19,rsu(593m),1835,53993,0.0180,593,2.0183,2,2,-85.2095,-102.1992,direct,0.0500,32.8000,-65.9633
300.7,node[15],6,6416.4134,4077.0039,1.8950,1.4343,2.5271,-0.5233,21151029#22,-79.2390,-1.9656,100.0000,default,19,rsu(593m),1836,54034,0.0771,593,2.0244,3,4,-79.2390,-96.2287,direct,0.0500,32.8000,-65.8694
300.8,node[15],6,6416.5587,4077.0877,1.8950,1.6771,2.4280,-0.5233,21151029#22,-83.8947,-5.0000,100.0000,default,19,rsu(593m),1837,54075,0.0180,593,2.0201,2,2,-83.8947,-100.8844,direct,0.0500,32.8000,-65.7602
300.9,node[15],6,6416.7254,4077.1839,1.8950,1.9248,2.4776,-0.5233,21151029#22,-78.3488,-4.5348,100.0000,default,19,rsu(593m),1838,54116,0.0226,593,2.0203,2,2,-78.3488,-95.3385,direct,0.0500,32.8000,-65.6352
301,node[15],6,6416.9073,4077.2877,1.8950,2.0943,1.6948,-0.5231,:227505081_7,-82.4557,-3.0887,100.0000,default,19,rsu(593m),1839,54157,0.0455,593,2.0206,2,2,-82.4557,-99.4454,direct,0.0500,32.8000,-65.4992
301.1,node[15],6,6417.1102,4077.4014,1.8950,2.3250,2.3074,-0.5225,:227505081_7,-82.3568,-5.0000,100.0000,default,19,rsu(593m),1840,54198,0.0180,593,2.0236,2,2,-82.3568,-99.3465,direct,0.0500,32.8000,-65.3488
301.2,node[15],6,6417.3275,4077.5232,1.8950,2.4904,1.6540,-0.5219,:227505081_7,-85.7431,-5.0000,100.0000,default,19,rsu(593m),1841,54239,0.0180,593,2.0193,2,2,-85.7431,-102.7328,direct,0.0500,32.8000,-65.1869
301.3,node[15],6,6417.5592,4077.6530,1.8950,2.6553,1.6486,-0.5212,:227505081_7,-81.8316,-2.8957,100.0000,default,19,rsu(593m),1842,54280,0.0498,593,2.0195,3,4,-81.8316,-98.8213,direct,0.0500,32.8000,-65.0134
301.4,node[15],6,6417.8065,4077.7916,1.8950,2.8340,1.7866,-0.5205,:227505081_7,-84.3910,-5.0000,100.0000,default,19,rsu(593m),1843,54321,0.0180,593,2.0164,2,2,-84.3910,-101.3807,direct,0.0500,32.8000,-64.8275
301.5,node[15],6,6418.0731,4077.9409,1.8950,3.0548,2.2084,-0.5198,:227505081_7,-83.6744,-5.0000,100.0000,default,19,rsu(594m),1844,54362,0.0180,594,2.0219,2,2,-83.6744,-100.6641,direct,0.0500,32.8000,-64.6264
301.6,node[15],6,6418.3512,4078.0967,1.8950,3.1875,1.3266,-0.5190,:227505081_7,-85.9400,-5.0000,100.0000,default,19,rsu(594m),1845,54402,0.0180,594,2.0188,2,2,-85.9400,-102.9297,direct,0.0500,32.4000,-64.4154
301.7,node[15],6,6418.6428,4078.2601,1.8950,3.3415,1.5408,-0.5181,:227505081_7,-82.2633,-3.0139,100.0000,default,19,rsu(594m),1846,54443,0.0471,594,2.0216,2,2,-82.2633,-99.2530,direct,0.0500,32.4000,-64.1935
301.8,node[15],6,6418.9563,4078.4358,1.8950,3.5932,2.5164,-0.5172,:227505081_7,-76.3466,-1.1807,100.0000,default,19,rsu(594m),1847,54484,0.1100,594,2.0245,3,4,-76.3466,-93.3363,direct,0.0500,32.8000,-63.9552
301.9,node[15],6,6419.2865,4078.6208,1.8950,3.7844,1.9124,-0.5163,:227505081_7,-76.9635,1.5207,100.0000,default,19,rsu(594m),1848,54525,0.3231,594,2.0229,5,8,-76.9635,-93.9532,direct,0.0500,32.8000,-63.7045
302,node[15],6,6419.6341,4078.8156,1.8950,3.9834,1.9902,-0.5153,:227505081_7,-83.7924,-5.0000,100.0000,default,19,rsu(594m),1849,54566,0.0180,594,2.0197,2,2,-83.7924,-100.7821,direct,0.0500,32.8000,-63.4420
302.1,node[15],6,6419.9987,4079.0199,1.8950,4.1780,1.9459,-0.5142,:227505081_7,-77.3038,1.7885,100.0000,default,19,rsu(594m),1850,54607,0.3530,594,2.0224,5,8,-77.3038,-94.2935,direct,0.0500,32.8000,-63.1691
302.2,node[15],6,6420.3859,4079.2368,1.8950,4.4373,2.5924,-0.5131,:227505081_7,-80.5546,-2.1692,100.0000,default,19,rsu(594m),1851,54648,0.0701,594,2.0121,3,4,-80.5546,-97.5443,direct,0.0500,32.8000,-62.8843
302.3,node[15],6,6420.7918,4079.4642,1.8950,4.6519,2.1461,-0.5119,:227505081_7,-81.1776,-3.1951,100.0000,default,20,rsu(594m),1852,54689,0.0432,594,2.0207,2,2,-81.1776,-98.1673,direct,0.0500,32.8000,-62.5934
302.4,node[15],6,6421.2202,4079.7043,1.8950,4.9101,2.5819,-0.5107,:227505081_7,-78.2000,-1.6110,100.0000,default,20,rsu(595m),1853,54729,0.0907,595,2.0173,3,4,-78.2000,-95.1897,direct,0.0500,32.4000,-62.2992
302.5,node[15],6,6421.6705,4079.9566,1.8950,5.1608,2.5077,-0.5107,:227505081_7,-78.9487,0.2897,100.0000,default,20,rsu(595m),1854,54770,0.2050,595,2.0125,4,6,-78.9487,-95.9384,direct,0.0500,32.4000,-62.0081
302.6,node[15],6,6422.1361,4080.2175,1.8950,5.3356,1.7479,-0.5107,:227505081_7,-85.3553,-5.0000,100.0000,default,20,rsu(595m),1855,54811,0.0180,595,2.0122,2,2,-85.3553,-102.3450,direct,0.0500,32.8000,-61.7311
302.7,node[15],6,6422.6164,4080.4866,1.8950,5.5044,1.6879,-0.5107,:227505081_7,-77.9547,-1.5759,100.0000,default,20,rsu(595m),1856,54852,0.0921,595,2.0236,3,4,-77.9547,-94.9444,direct,0.0500,32.8000,-61.4770
302.8,node[15],6,6423.1150,4080.7660,1.8950,5.7137,2.0931,-0.5107,:227505081_7,-77.4699,1.5123,100.0000,default,20,rsu(595m),1857,54892,0.3222,595,2.0159,5,8,-77.4699,-94.4596,direct,0.0500,32.4000,-61.2541
302.9,node[15],6,6423.6337,4081.0566,1.8950,5.9444,2.3072,-0.5107,:227505081_7,-88.6746,-5.0000,100.0000,default,20,rsu(595m),1858,54933,0.0180,595,2.0124,2,2,-88.6746,-105.6643,direct,0.0500,32.4000,-61.0732
303,node[15],6,6424.1697,4081.3569,1.8950,6.1427,1.9825,-0.5107,:227505081_7,-89.5138,-5.0000,100.0000,default,20,rsu(595m),1859,54974,0.0180,595,2.0237,2,2,-89.5138,-106.5035,direct,0.0500,32.8000,-60.9466
303.1,node[15],6,6424.7193,4081.6649,1.8950,6.2986,1.5591,-0.5107,:227505081_7,-78.6246,-0.2893,100.0000,default,20,rsu(596m),1860,55015,0.1618,596,2.0220,4,6,-78.6246,-95.6143,direct,0.0500,32.8000,-60.8838
303.2,node[15],6,6425.2854,4081.9821,1.8950,6.4876,1.8897,-0.5107,:227505081_7,-95.7902,-5.0000,100.0000,default,20,rsu(596m),1861,55056,0.0180,596,2.0175,2,2,-95.7902,-112.7799,direct,0.0500,32.8000,-60.8902
303.3,node[15],6,6425.8724,4082.3110,1.8950,6.7276,2.3998,-0.5107,:227505081_7,-87.2877,-5.0000,100.0000,default,20,rsu(596m),1862,55097,0.0180,596,2.0198,2,2,-87.2877,-104.2774,direct,0.0500,32.8000,-60.9690
303.4,node[15],6,6426.4749,4082.6486,1.8950,6.9054,1.7781,-0.5107,:227505081_7,-78.5442,-2.4644,100.0000,default,20,rsu(596m),1863,55138,0.0611,596,2.0181,3,4,-78.5442,-95.5339,direct,0.0500,32.8000,-61.1168
303.5,node[15],6,6427.0891,4082.9927,1.8950,7.0384,1.3302,-0.5107,:227505081_7,-81.5230,-2.9126,100.0000,default,20,rsu(596m),1864,55179,0.0494,596,2.0204,3,4,-81.5230,-98.5127,direct,0.0500,32.8000,-61.3241
303.6,node[15],6,6427.7164,4083.3443,1.8950,7.1895,1.5110,-0.5107,:227505081_7,-84.6854,-5.0000,100.0000,default,20,rsu(597m),1865,55220,0.0180,597,2.0126,2,2,-84.6854,-101.6751,direct,0.0500,32.8000,-61.5811
303.7,node[15],6,6428.3629,4083.7065,1.8950,7.4090,2.1954,-0.5107,:227505081_7,-79.5924,-4.2603,100.0000,default,20,rsu(597m),1866,55261,0.0258,597,2.0239,2,2,-79.5924,-96.5821,direct,0.0500,32.8000,-61.8803
303.8,node[15],6,6429.0226,4084.0761,1.8950,7.5599,1.5086,-0.5107,:227505081_7,-83.1833,-5.0000,100.0000,default,20,rsu(597m),1867,55301,0.0180,597,2.0161,2,2,-83.1833,-100.1730,direct,0.0500,32.4000,-62.2087
303.9,node[15],6,6429.7053,4084.4544,1.8950,7.8049,2.4500,-0.5100,21151029#23,-93.3937,-5.0000,100.0000,default,20,rsu(597m),1868,55342,0.0180,597,2.0154,2,2,-93.3937,-110.3834,direct,0.0500,32.4000,-62.5652
304,node[15],6,6430.4122,4084.8389,1.8950,8.0476,2.4274,-0.5080,21151029#23,-82.1283,-5.0000,100.0000,default,20,rsu(598m),1869,55382,0.0180,598,2.0245,2,2,-82.1283,-99.1180,direct,0.0500,32.4000,-62.9441
304.1,node[15],6,6431.1365,4085.2330,1.8950,8.2462,1.9857,-0.5059,21151029#23,-85.4379,-5.0000,100.0000,default,20,rsu(598m),1870,55423,0.0180,598,2.0227,2,2,-85.4379,-102.4276,direct,0.0500,32.4000,-63.3363
304.2,node[15],6,6431.8738,4085.6342,1.8950,8.3953,1.4912,-0.5038,21151029#23,-81.9996,-5.0000,100.0000,default,20,rsu(598m),1871,55463,0.0180,598,2.0148,2,2,-81.9996,-98.9893,direct,0.0500,32.4000,-63.7366
304.3,node[15],6,6432.6266,4086.0437,1.8950,8.5701,1.7476,-0.5017,21151029#23,-80.2522,-2.1183,100.0000,default,20,rsu(598m),1872,55504,0.0718,598,2.0140,3,4,-80.2522,-97.2419,direct,0.0500,32.4000,-64.1450
304.4,node[15],6,6433.4013,4086.4652,1.8950,8.8200,2.4990,-0.4995,21151029#23,-78.4997,-3.9009,100.0000,default,20,rsu(599m),1873,55544,0.0308,599,2.0230,2,2,-78.4997,-95.4894,direct,0.0500,32.4000,-64.5639
304.5,node[15],6,6434.1940,4086.8965,1.8950,9.0262,2.0618,-0.4983,21151029#23,-85.5671,-5.0000,100.0000,default,20,rsu(599m),1874,55584,0.0180,599,2.0151,2,2,-85.5671,-102.5568,direct,0.0500,32.4000,-64.9890
304.6,node[15],6,6435.0044,4087.3374,1.8950,9.2266,2.0047,-0.4983,21151029#23,-77.6028,-1.3922,100.0000,default,20,rsu(599m),1875,55625,0.1001,599,2.0240,3,4,-77.6028,-94.5925,direct,0.0500,32.4000,-65.4177
304.7,node[15],6,6435.8321,4087.7877,1.8950,9.4228,1.9615,-0.4983,21151029#23,-84.4195,-5.0000,100.0000,default,20,rsu(599m),1876,55666,0.0180,599,2.0221,2,2,-84.4195,-101.4092,direct,0.0500,32.4000,-65.8477
304.8,node[15],6,6436.6726,4088.2450,1.8950,9.5695,1.4669,-0.4983,21151029#23,-77.5927,-1.6577,100.0000,default,20,rsu(600m),1877,55706,0.0888,600,2.0141,3,4,-77.5927,-94.5824,direct,0.0500,32.4000,-66.2747
304.9,node[15],6,6437.5340,4088.7137,1.8950,9.8079,2.3843,-0.4983,21151029#23,-80.5441,-1.6073,100.0000,default,20,rsu(600m),1878,55747,0.0908,600,2.0229,3,4,-80.5441,-97.5338,direct,0.0500,32.4000,-66.7010
305,node[15],6,6438.4122,4089.1915,1.8950,9.9982,1.9033,-0.4983,21151029#23,-85.1347,-5.0000,100.0000,default,20,rsu(600m),1879,55788,0.0180,600,2.0209,2,2,-85.1347,-102.1244,direct,0.0500,32.8000,-67.1227
305.1,node[15],6,6439.3079,4089.6788,1.8950,10.1976,1.9935,-0.4983,21151029#23,-78.3790,-1.3735,100.0000,default,20,rsu(601m),1880,55829,0.1009,601,2.0190,3,4,-78.3790,-95.3687,direct,0.0500,32.8000,-67.5388
305.2,node[15],6,6440.2185,4090.1742,1.8950,10.3675,1.6995,-0.4983,21151029#23,-85.2699,-5.0000,100.0000,default,20,rsu(601m),1881,55870,0.0180,601,2.0206,2,2,-85.2699,-102.2596,direct,0.0500,32.8000,-67.9471
305.3,node[15],6,6441.1440,4090.6778,1.8950,10.5377,1.7016,-0.4983,21151029#23,-83.6083,-4.7797,100.0000,default,20,rsu(601m),1882,55911,0.0200,601,2.0186,2,2,-83.6083,-100.5980,direct,0.0500,32.8000,-68.3469
305.4,node[15],6,6442.0827,4091.1885,1.8950,10.6876,1.4994,-0.4983,21151029#23,-81.3468,-5.0000,100.0000,default,20,rsu(602m),1883,55952,0.0180,602,2.0142,2,2,-81.3468,-98.3365,direct,0.0500,32.8000,-68.7369
305.5,node[15],6,6443.0342,4091.7061,1.8950,10.8328,1.4517,-0.4983,21151029#23,-87.3164,-5.0000,100.0000,default,20,rsu(602m),1884,55993,0.0180,602,2.0158,2,2,-87.3164,-104.3061,direct,0.0500,32.8000,-69.1169
305.6,node[15],6,6444.0024,4092.2329,1.8950,11.0236,1.9081,-0.4983,21151029#23,-83.4055,-5.0000,100.0000,default,20,rsu(602m),1885,56034,0.0180,602,2.0243,2,2,-83.4055,-100.3952,direct,0.0500,32.8000,-69.4881
305.7,node[15],6,6444.9899,4092.7702,1.8950,11.2431,2.1947,-0.4983,21151029#23,-86.4542,-5.0000,100.0000,default,20,rsu(603m),1886,56076,0.0180,603,2.0237,2,2,-86.4542,-103.4439,direct,0.0500,32.8000,-69.8501
305.8,node[15],6,6445.9995,4093.3195,1.8950,11.4950,2.5189,-0.4983,21151029#23,-82.2687,-5.0000,100.0000,default,20,rsu(603m),1887,56118,0.0180,603,2.0200,2,2,-82.2687,-99.2584,direct,0.0500,33.6000,-70.2039
305.9,node[15],6,6447.0258,4093.8779,1.8950,11.6845,1.8955,-0.4983,21151029#23,-82.0245,-4.1522,100.0000,default,20,rsu(603m),1888,56160,0.0272,603,2.0223,2,2,-82.0245,-99.0142,direct,0.0500,33.6000,-70.5476
306,node[15],6,6448.0685,4094.4451,1.8950,11.8708,1.8630,-0.4983,21151029#23,-80.0763,-5.0000,100.0000,default,20,rsu(604m),1889,56201,0.0180,604,2.0246,2,2,-80.0763,-97.0660,direct,0.0500,33.2000,-70.8814
306.1,node[15],6,6449.1308,4095.0231,1.8950,12.0953,2.2445,-0.4983,21151029#23,-85.0387,-5.0000,100.0000,default,20,rsu(604m),1890,56242,0.0180,604,2.0240,2,2,-85.0387,-102.0284,direct,0.0500,33.2000,-71.2066
306.2,node[15],6,6450.2090,4095.6097,1.8950,12.2760,1.8076,-0.4983,21151029#23,-80.4575,-1.6528,100.0000,default,20,rsu(605m),1891,56283,0.0890,605,2.0133,3,4,-80.4575,-97.4472,direct,0.0500,32.8000,-71.5220
306.3,node[15],6,6451.3099,4096.2087,1.8950,12.5334,2.5740,-0.4983,21151029#23,-95.2338,-5.0000,100.0000,default,20,rsu(605m),1892,56324,0.0180,605,2.0190,2,2,-95.2338,-112.2235,direct,0.0500,32.8000,-71.8298
306.4,node[15],6,6452.4287,4096.8174,1.8950,12.7380,2.0462,-0.4983,21151029#23,-82.0534,-5.0000,100.0000,default,20,rsu(606m),1893,56365,0.0180,606,2.0247,2,2,-82.0534,-99.0431,direct,0.0500,32.8000,-72.1286
306.5,node[15],6,6453.5661,4097.4362,1.8950,12.9501,2.1208,-0.4983,21151029#23,-85.7988,-5.0000,100.0000,default,20,rsu(606m),1894,56405,0.0180,606,2.0210,2,2,-85.7988,-102.7885,direct,0.0500,32.8000,-72.4186
306.6,node[15],6,6454.7172,4098.0625,1.8950,13.1054,1.5528,-0.4983,21151029#23,-83.0138,-5.0000,100.0000,default,20,rsu(606m),1895,56445,0.0180,606,2.0172,2,2,-83.0138,-100.0035,direct,0.0500,32.0000,-72.6988
306.7,node[15],6,6455.8867,4098.6988,1.8950,13.3152,2.0982,-0.4983,21151029#23,-80.0587,-5.0000,100.0000,default,20,rsu(607m),1896,56486,0.0180,607,2.0200,2,2,-80.0587,-97.0484,direct,0.0500,32.0000,-72.9702
306.8,node[15],6,6457.0712,4099.3432,1.8950,13.4863,1.7108,-0.4983,21151029#23,-78.7358,-2.6970,100.0000,default,20,rsu(607m),1897,56527,0.0548,607,2.0223,3,4,-78.7358,-95.7255,direct,0.0500,32.8000,-73.2323
306.9,node[15],6,6458.2703,4099.9956,1.8950,13.6519,1.6557,-0.4983,21151029#23,-83.0582,-5.0000,100.0000,default,20,rsu(608m),1898,56567,0.0180,608,2.0127,2,2,-83.0582,-100.0479,direct,0.0500,32.8000,-73.4849
307,node[15],6,6459.4918,4100.6602,1.8950,13.9076,2.5570,-0.4983,21151029#23,-76.7339,0.4704,100.0000,default,20,rsu(608m),1899,56608,0.2202,608,2.0161,4,6,-76.7339,-93.7236,direct,0.0500,32.4000,-73.7297
307.1,node[15],6,6460.7341,4101.3361,1.8950,14.1438,2.3625,-0.4983,21151029#23,-96.0515,-5.0000,100.0000,default,19,rsu(609m),1900,56649,0.0180,609,2.0157,2,2,-96.0515,-113.0412,direct,0.0500,32.4000,-73.9718
307.2,node[15],6,6461.9962,4102.0228,1.8950,14.3698,2.2597,-0.4983,21151029#23,-76.8267,1.7811,100.0000,default,19,rsu(609m),1901,56690,0.3522,609,2.0126,5,8,-76.8267,-93.8164,direct,0.0500,32.8000,-74.2001
307.3,node[15],6,6463.2787,4102.7205,1.8950,14.6012,2.3143,-0.4983,21151029#23,-83.7882,-5.0000,100.0000,default,19,rsu(610m),1902,56731,0.0180,610,2.0191,2,2,-83.7882,-100.7779,direct,0.0500,32.8000,-74.4198
307.4,node[15],6,6464.5760,4103.4265,1.8950,14.7693,1.6807,-0.4983,:3205652774_3,-82.4175,-4.4622,100.0000,default,19,rsu(610m),1903,56771,0.0234,610,2.0127,2,2,-82.4175,-99.4072,direct,0.0500,32.4000,-74.6300
307.5,node[15],6,6465.8867,4104.1399,1.8950,14.9178,1.4848,-0.4983,:3205652774_3,-81.6509,-5.0000,100.0000,default,19,rsu(611m),1904,56812,0.0180,611,2.0221,2,2,-81.6509,-98.6406,direct,0.0500,32.4000,-74.8305
307.6,node[15],6,6467.2152,4104.8630,1.8950,15.1207,2.0291,-0.4984,:3205652774_3,-85.8056,-5.0000,100.0000,default,19,rsu(611m),1905,56853,0.0180,611,2.0124,2,2,-85.8056,-102.7953,direct,0.0500,32.8000,-75.0222
307.7,node[15],6,6468.5562,4105.5929,1.8950,15.2636,1.4290,-0.4985,:3205652774_3,-75.5937,1.9518,100.0000,default,19,rsu(612m),1906,56894,0.3719,612,2.0218,5,8,-75.5937,-92.5834,direct,0.0500,32.8000,-75.2044
307.8,node[15],6,6469.9196,4106.3350,1.8950,15.5179,2.5434,-0.4985,:3205652774_3,-75.9056,2.1167,100.0000,default,19,rsu(613m),1907,56935,0.3913,613,2.0181,5,8,-75.9056,-92.8953,direct,0.0500,32.8000,-75.3788
307.9,node[15],6,6471.2992,4107.0859,1.8950,15.7020,1.8410,-0.4985,:3205652774_3,-81.6401,-4.1244,100.0000,default,19,rsu(613m),1908,56975,0.0276,613,2.0245,2,2,-81.6401,-98.6298,direct,0.0500,32.8000,-75.5450
308,node[15],6,6472.6941,4107.8451,1.8950,15.8763,1.7427,-0.4985,:3205652774_3,-80.1010,-5.0000,100.0000,default,19,rsu(614m),1909,57016,0.0180,614,2.0180,2,2,-80.1010,-97.0907,direct,0.0500,32.4000,-75.7030
308.1,node[15],6,6474.1072,4108.6143,1.8950,16.0842,2.0787,-0.4985,:3205652774_3,-80.5326,-4.9858,100.0000,default,19,rsu(614m),1910,57057,0.0181,614,2.0146,2,2,-80.5326,-97.5223,direct,0.0500,32.4000,-75.8541
308.2,node[15],6,6475.5412,4109.3948,1.8950,16.3207,2.3653,-0.4985,:3205652774_3,-88.1268,-5.0000,100.0000,default,19,rsu(615m),1911,57097,0.0180,615,2.0209,2,2,-88.1268,-105.1165,direct,0.0500,32.4000,-75.9992
308.3,node[15],6,6476.9880,4110.1823,1.8950,16.4683,1.4754,-0.4985,:3205652774_3,-82.6937,-4.5793,100.0000,default,19,rsu(616m),1912,57138,0.0221,616,2.0242,2,2,-82.6937,-99.6834,direct,0.0500,32.4000,-76.1382
308.4,node[15],6,6478.4484,4110.9772,1.8950,16.6218,1.5351,-0.4985,:3205652774_3,-90.8253,-5.0000,100.0000,default,19,rsu(616m),1913,57179,0.0180,616,2.0204,2,2,-90.8253,-107.8150,direct,0.0500,32.8000,-76.2724
308.5,node[15],6,6479.9211,4111.7788,1.8950,16.7622,1.4039,-0.4985,:3205652774_3,-81.1324,-5.0000,100.0000,default,19,rsu(617m),1914,57220,0.0180,617,2.0167,2,2,-81.1324,-98.1221,direct,0.0500,32.8000,-76.4029
308.6,node[15],6,6481.4067,4112.5874,1.8950,16.9087,1.4659,-0.4985,:3205652774_3,-77.1935,1.0935,100.0000,default,19,rsu(617m),1915,57261,0.2782,617,2.0159,5,8,-77.1935,-94.1832,direct,0.0500,32.8000,-76.5311
308.7,node[15],6,6482.9042,4113.4026,1.8950,17.0445,1.3577,-0.4985,:3205652774_3,-87.3777,-5.0000,100.0000,default,19,rsu(618m),1916,57302,0.0180,618,2.0221,2,2,-87.3777,-104.3674,direct,0.0500,32.8000,-76.6582
308.8,node[15],6,6484.4168,4114.2253,1.8950,17.2208,1.7630,-0.4984,21151029#24,-86.1824,-5.0000,100.0000,default,19,rsu(619m),1917,57343,0.0180,619,2.0123,2,2,-86.1824,-103.1721,direct,0.0500,32.8000,-76.7853
308.9,node[15],6,6485.9441,4115.0560,1.8950,17.3890,1.6824,-0.4983,21151029#24,-79.5552,-4.1186,100.0000,default,19,rsu(619m),1918,57384,0.0277,619,2.0215,2,2,-79.5552,-96.5449,direct,0.0500,32.8000,-76.9135
309,node[15],6,6487.4833,4115.8932,1.8950,17.5257,1.3661,-0.4981,21151029#24,-77.4878,-0.2649,100.0000,default,19,rsu(620m),1919,57425,0.1635,620,2.0148,4,6,-77.4878,-94.4775,direct,0.0500,32.8000,-77.0431
309.1,node[15],6,6489.0343,4116.7368,1.8950,17.6595,1.3386,-0.4981,21151029#24,-87.4865,-5.0000,100.0000,default,19,rsu(621m),1920,57466,0.0180,621,2.0139,2,2,-87.4865,-104.4762,direct,0.0500,32.8000,-77.1748
309.2,node[15],6,6490.6024,4117.5896,1.8950,17.8530,1.9345,-0.4981,21151029#24,-78.6134,-3.7221,100.0000,default,19,rsu(622m),1921,57507,0.0335,622,2.0129,2,2,-78.6134,-95.6031,direct,0.0500,32.8000,-77.3092
309.3,node[15],6,6492.1823,4118.4489,1.8950,17.9893,1.3631,-0.4981,21151029#24,-78.4053,-0.3313,100.0000,default,19,rsu(622m),1922,57548,0.1590,622,2.0192,4,6,-78.4053,-95.3950,direct,0.0500,32.8000,-77.4460
309.4,node[15],6,6493.7810,4119.3184,1.8950,18.2017,2.1248,-0.4981,21151029#24,-82.3741,-5.0000,100.0000,default,19,rsu(623m),1923,57589,0.0180,623,2.0182,2,2,-82.3741,-99.3638,direct,0.0500,32.8000,-77.5858
309.5,node[15],6,6495.3988,4120.1984,1.8950,18.4199,2.1814,-0.4981,21151029#24,-81.5938,-3.1311,100.0000,default,19,rsu(624m),1924,57630,0.0446,624,2.0171,2,2,-81.5938,-98.5835,direct,0.0500,32.8000,-77.7284
309.6,node[15],6,6497.0375,4121.0897,1.8950,18.6583,2.3839,-0.4981,21151029#24,-80.2608,-0.8879,100.0000,default,19,rsu(624m),1925,57671,0.1252,624,2.0160,4,6,-80.2608,-97.2505,direct,0.0500,32.8000,-77.8735
309.7,node[15],6,6498.6959,4121.9916,1.8950,18.8819,2.2358,-0.4981,21151029#24,-78.8583,-3.5129,100.0000,default,19,rsu(625m),1926,57712,0.0371,625,2.0120,2,2,-78.8583,-95.8480,direct,0.0500,32.8000,-78.0207
309.8,node[15],6,6500.3682,4122.9012,1.8950,19.0404,1.5855,-0.4981,21151029#24,-80.3109,-4.9758,100.0000,default,19,rsu(625m),1927,57753,0.0182,625,2.0183,2,2,-80.3109,-97.3006,direct,0.0500,32.8000,-78.1690
309.9,node[15],6,6502.0537,4123.8179,1.8950,19.1908,1.5037,-0.4981,21151029#24,-82.0297,-5.0000,100.0000,default,19,rsu(624m),1928,57793,0.0180,624,2.0241,2,2,-82.0297,-99.0194,direct,0.0500,32.8000,-78.3181
310,node[15],6,6503.7577,4124.7447,1.8950,19.4005,2.0972,-0.4981,21151029#24,-77.7347,-3.9348,100.0000,default,19,rsu(622m),1929,57834,0.0303,622,2.0173,2,2,-77.7347,-94.7244,direct,0.0500,32.4000,-78.4672
310.1,node[15],6,6505.4750,4125.6788,1.8950,19.5537,1.5319,-0.4981,21151029#24,-80.9925,-2.7380,100.0000,default,19,rsu(620m),1930,57875,0.0537,620,2.0215,3,4,-80.9925,-97.9822,direct,0.0500,32.4000,-78.6161
310.2,node[15],6,6507.2151,4126.6251,1.8950,19.8113,2.5765,-0.4981,21151029#24,-78.6982,-2.0549,100.0000,default,19,rsu(618m),1931,57916,0.0740,618,2.0203,3,4,-78.6982,-95.6879,direct,0.0500,32.8000,-78.7649
310.3,node[15],6,6508.9724,4127.5810,1.8950,20.0091,1.9779,-0.4981,21151029#24,-85.1353,-5.0000,100.0000,default,19,rsu(616m),1932,57957,0.0180,616,2.0219,2,2,-85.1353,-102.1250,direct,0.0500,32.8000,-78.9128
310.4,node[15],6,6510.7470,4128.5462,1.8950,20.2049,1.9573,-0.4981,21151029#24,-76.7148,2.1229,100.0000,default,19,rsu(614m),1933,57997,0.3921,614,2.0175,5,8,-76.7148,-93.7045,direct,0.0500,32.4000,-79.0597
310.5,node[15],6,6512.5365,4129.5195,1.8950,20.3747,1.6988,-0.4981,21151029#24,-84.8129,-5.0000,100.0000,default,19,rsu(612m),1934,58038,0.0180,612,2.0216,2,2,-84.8129,-101.8026,direct,0.0500,32.4000,-79.2041
310.6,node[15],6,6514.3418,4130.5014,1.8950,20.5549,1.8020,-0.4981,21151029#24,-84.7554,-5.0000,100.0000,default,19,rsu(610m),1935,58079,0.0180,610,2.0232,2,2,-84.7554,-101.7451,direct,0.0500,32.8000,-79.3469
310.7,node[15],6,6516.1676,4131.4944,1.8950,20.7872,2.3228,-0.4981,21151029#24,-83.0403,-5.0000,100.0000,default,19,rsu(608m),1936,58120,0.0180,608,2.0118,2,2,-83.0403,-100.0300,direct,0.0500,32.8000,-79.4879
310.8,node[15],6,6518.0061,4132.4943,1.8950,20.9329,1.4569,-0.4981,21151029#24,-84.6646,-5.0000,100.0000,default,19,rsu(606m),1937,58161,0.0180,606,2.0235,2,2,-84.6646,-101.6543,direct,0.0500,32.8000,-79.6267
310.9,node[15],6,6519.8583,4133.5017,1.8950,21.0893,1.5637,-0.4981,21151029#24,-79.0554,-0.7745,100.0000,default,19,rsu(604m),1938,58201,0.1316,604,2.0191,4,6,-79.0554,-96.0451,direct,0.0500,32.8000,-79.7632
311,node[15],6,6521.7323,4134.5210,1.8950,21.3367,2.4745,-0.4981,21151029#24,-78.2990,-2.7672,100.0000,default,19,rsu(601m),1939,58241,0.0530,601,2.0171,3,4,-78.2990,-95.2887,direct,0.0500,32.0000,-79.8975
311.1,node[15],6,6523.6272,4135.5516,1.8950,21.5740,2.3725,-0.4981,21151029#24,-84.3258,-5.0000,100.0000,default,19,rsu(599m),1940,58282,0.0180,599,2.0183,2,2,-84.3258,-101.3155,direct,0.0500,32.0000,-80.0276
311.2,node[15],6,6525.5355,4136.5905,1.8950,21.7214,1.4743,-0.4983,:8310479304_3,-80.9673,-2.5381,100.0000,default,19,rsu(597m),1941,58323,0.0590,597,2.0162,3,4,-80.9673,-97.9570,direct,0.0500,32.8000,-80.1558
311.3,node[15],6,6527.4556,4137.6366,1.8950,21.8519,1.3054,-0.4986,:8310479304_3,-77.1811,0.8180,100.0000,default,19,rsu(595m),1942,58363,0.2514,595,2.0142,4,6,-77.1811,-94.1708,direct,0.0500,32.8000,-80.2815
311.4,node[15],6,6529.3887,4138.6897,1.8950,21.9986,1.4669,-0.4988,:8310479304_3,-81.8916,-4.9018,100.0000,default,19,rsu(593m),1943,58404,0.0189,593,2.0120,2,2,-81.8916,-98.8813,direct,0.0500,32.4000,-80.4029
311.5,node[15],6,6531.3428,4139.7543,1.8950,22.2378,2.3919,-0.4988,:8310479304_3,-86.0955,-5.0000,100.0000,default,19,rsu(591m),1944,58445,0.0180,591,2.0135,2,2,-86.0955,-103.0852,direct,0.0500,32.4000,-80.5223
311.6,node[15],6,6533.3111,4140.8260,1.8950,22.4011,1.6328,-0.4987,21151029#25,-72.5865,5.8456,100.0000,default,19,rsu(588m),1945,58486,0.8058,588,2.0220,7,12,-72.5865,-89.5762,direct,0.0500,32.8000,-80.6387
311.7,node[15],6,6535.2923,4141.9034,1.8950,22.5535,1.5243,-0.4984,21151029#25,-78.8566,-2.1765,100.0000,default,19,rsu(586m),1946,58527,0.0699,586,2.0235,3,4,-78.8566,-95.8463,direct,0.0500,32.8000,-80.7520
311.8,node[15],6,6537.2885,4142.9890,1.8950,22.7249,1.7138,-0.4981,21151029#25,-84.9417,-5.0000,100.0000,default,19,rsu(584m),1947,58568,0.0180,584,2.0222,2,2,-84.9417,-101.9314,direct,0.0500,32.8000,-80.8625
311.9,node[15],6,6539.2990,4144.0823,1.8950,22.8871,1.6221,-0.4981,21151029#25,-77.3502,1.5498,100.0000,default,19,rsu(582m),1948,58609,0.3263,582,2.0236,5,8,-77.3502,-94.3399,direct,0.0500,32.8000,-80.9702
312,node[15],6,6541.3253,4145.1842,1.8950,23.0658,1.7864,-0.4981,21151029#25,-80.4840,-3.3384,100.0000,default,19,rsu(579m),1949,58650,0.0403,579,2.0222,2,2,-80.4840,-97.4737,direct,0.0500,32.8000,-81.0751
312.1,node[15],6,6543.3731,4146.2978,1.8950,23.3117,2.4590,-0.4981,21151029#25,-77.5320,0.1266,100.0000,default,19,rsu(577m),1950,58691,0.1921,577,2.0177,4,6,-77.5320,-94.5217,direct,0.0500,32.8000,-81.1776
312.2,node[15],6,6545.4385,4147.4210,1.8950,23.5121,2.0039,-0.4981,21151029#25,-79.4151,-4.3368,100.0000,default,19,rsu(575m),1951,58731,0.0249,575,2.0153,2,2,-79.4151,-96.4048,direct,0.0500,32.4000,-81.2785
312.3,node[15],6,6547.5229,4148.5545,1.8950,23.7281,2.1605,-0.4981,21151029#25,-80.0405,-4.4280,100.0000,default,19,rsu(572m),1952,58771,0.0238,572,2.0128,2,2,-80.0405,-97.0302,direct,0.0500,32.4000,-81.3770
312.4,node[15],6,6549.6289,4149.6998,1.8950,23.9749,2.4681,-0.4981,21151029#25,-77.7834,-1.3103,100.0000,default,19,rsu(570m),1953,58812,0.1039,570,2.0244,3,4,-77.7834,-94.7731,direct,0.0500,32.4000,-81.4701
312.5,node[15],6,6551.7494,4150.8530,1.8950,24.1385,1.6359,-0.4981,21151029#25,-84.0885,-5.0000,100.0000,default,19,rsu(568m),1954,58853,0.0180,568,2.0230,2,2,-84.0885,-101.0782,direct,0.0500,32.4000,-81.5627
312.6,node[15],6,6553.8923,4152.0183,1.8950,24.3948,2.5634,-0.4981,21151029#25,-79.0398,-1.0563,100.0000,default,19,rsu(565m),1955,58893,0.1163,565,2.0183,3,4,-79.0398,-96.0295,direct,0.0500,32.4000,-81.6542
312.7,node[15],6,6556.0542,4153.1940,1.8950,24.6099,2.1501,-0.4981,21151029#25,-85.3122,-5.0000,100.0000,default,19,rsu(563m),1956,58934,0.0180,563,2.0217,2,2,-85.3122,-102.3019,direct,0.0500,32.4000,-81.7411
312.8,node[15],6,6558.2316,4154.3780,1.8950,24.7868,1.7695,-0.4981,21151029#25,-82.4006,-4.9688,100.0000,default,19,rsu(560m),1957,58975,0.0183,560,2.0202,2,2,-82.4006,-99.3903,direct,0.0500,32.8000,-81.8268
312.9,node[15],6,6560.4296,4155.5734,1.8950,25.0219,2.3512,-0.4981,21151029#25,-82.9804,-3.8699,100.0000,default,19,rsu(558m),1958,59016,0.0312,558,2.0215,2,2,-82.9804,-99.9701,direct,0.0500,32.8000,-81.9104
313,node[15],6,6562.6391,4156.7749,1.8950,25.1523,1.3042,-0.4981,21151029#25,-81.4465,-3.4109,100.0000,default,19,rsu(555m),1959,59057,0.0390,555,2.0200,2,2,-81.4465,-98.4362,direct,0.0500,32.8000,-81.9916
313.1,node[15],6,6564.8709,4157.9886,1.8950,25.4058,2.5348,-0.4981,21151029#25,-83.5206,-5.0000,100.0000,default,19,rsu(553m),1960,59097,0.0180,553,2.0213,2,2,-83.5206,-100.5103,direct,0.0500,32.8000,-82.0708
313.2,node[15],6,6567.1244,4159.2141,1.8950,25.6539,2.4807,-0.4981,21151029#25,-79.0404,-1.3660,100.0000,default,19,rsu(550m),1961,59136,0.1013,550,2.0165,3,4,-79.0404,-96.0301,direct,0.0500,31.6000,-82.1496
313.3,node[15],6,6569.3896,4160.4459,1.8950,25.7855,1.3161,-0.4981,21151029#25,-95.2081,-5.0000,100.0000,default,19,rsu(548m),1962,59175,0.0180,548,2.0137,2,2,-95.2081,-112.1978,direct,0.0500,31.6000,-82.2262
313.4,node[15],6,6571.6770,4161.6899,1.8950,26.0400,2.5446,-0.4981,21151029#25,-73.0888,1.3344,100.0000,default,19,rsu(545m),1963,59215,0.3030,545,2.0219,5,8,-73.0888,-90.0785,direct,0.0500,31.6000,-82.2962
313.5,node[15],6,6573.9871,4162.9461,1.8950,26.2969,2.5697,-0.4981,21151029#25,-81.8520,-2.8564,100.0000,default,19,rsu(543m),1964,59255,0.0508,543,2.0203,3,4,-81.8520,-98.8417,direct,0.0500,31.6000,-82.3676
313.6,node[15],6,6576.3111,4164.2099,1.8950,26.4559,1.5900,-0.4981,21151029#25,-81.3622,-2.0448,100.0000,default,19,rsu(540m),1965,59295,0.0743,540,2.0155,3,4,-81.3622,-98.3519,direct,0.0500,32.0000,-82.4369
313.7,node[15],6,6578.6542,4165.4841,1.8950,26.6734,2.1749,-0.4981,21151029#25,-78.6202,-3.3451,100.0000,default,19,rsu(537m),1966,59333,0.0402,537,10.0840,2,2,-78.6202,-95.6099,direct,0.0000,32.0000,-82.5063
313.8,node[15],6,6581.0190,4166.7701,1.8950,26.9201,2.4665,-0.4981,21151029#25,-78.2977,-2.1537,100.0000,default,19,rsu(535m),1967,59372,0.0706,535,10.0851,3,4,-78.2977,-95.2874,direct,0.0000,30.8000,-82.5701
313.9,node[15],6,6583.4057,4168.0680,1.8950,27.1690,2.4889,-0.4981,21151029#25,-78.4247,-1.1211,100.0000,default,19,rsu(532m),1968,59411,0.1130,532,10.0803,3,4,-78.4247,-95.4144,direct,0.0000,30.8000,-82.6342
314,node[15],6,6585.8146,4169.3780,1.8950,27.4231,2.5408,-0.4981,21151029#25,-85.5757,-5.0000,100.0000,default,19,rsu(529m),1969,59450,0.0180,529,10.0813,2,2,-85.5757,-102.5654,direct,0.0000,31.2000,-82.6966
314.1,node[15],6,6588.2254,4170.6902,1.8950,27.4513,0.2822,-0.4983,:8310479302_3,-79.8388,-5.0000,100.0000,default,19,rsu(527m),1970,59489,0.0180,527,10.0764,2,2,-79.8388,-96.8285,direct,0.0000,31.2000,-82.7569
314.2,node[15],6,6590.6369,4172.0056,1.8950,27.4755,0.2427,-0.4990,:8310479302_3,-82.0221,-3.1714,100.0000,default,19,rsu(524m),1971,59528,0.0437,524,10.0862,2,2,-82.0221,-99.0118,direct,0.0000,31.2000,-82.8152
314.3,node[15],6,6593.0483,4173.3209,1.8950,27.4756,0.0006,-0.4993,:8310479302_3,-84.9888,-5.0000,100.0000,default,19,rsu(521m),1972,59566,0.0180,521,10.0830,2,2,-84.9888,-101.9785,direct,0.0000,31.2000,-82.8738
314.4,node[15],6,6595.4533,4174.6327,1.8950,27.4025,-0.7310,-0.4993,:8310479302_3,-77.2947,-0.5414,100.0000,default,19,rsu(519m),1973,59605,0.1455,519,10.0840,4,6,-77.2947,-94.2844,direct,0.0000,30.8000,-82.9258
314.5,node[15],6,6597.8616,4175.9429,1.8950,27.4124,0.0993,-0.4987,21151029#26,-78.2845,-0.5688,100.0000,default,19,rsu(516m),1974,59643,0.1438,516,10.0790,4,6,-78.2845,-95.2742,direct,0.0000,30.8000,-82.9811
314.6,node[15],6,6600.2783,4177.2571,1.8950,27.5043,0.9186,-0.4981,21151029#26,-78.1930,1.0744,100.0000,default,19,rsu(513m),1975,59682,0.2763,513,10.0771,5,8,-78.1930,-95.1827,direct,0.0000,30.8000,-83.0299
314.7,node[15],6,6602.6898,4178.5685,1.8950,27.4456,-0.5873,-0.4981,21151029#26,-79.9845,-4.6874,100.0000,default,19,rsu(511m),1976,59721,0.0210,511,10.0769,2,2,-79.9845,-96.9742,direct,0.0000,30.8000,-83.0796
314.8,node[15],6,6605.1051,4179.8819,1.8950,27.4882,0.4259,-0.4981,21151029#26,-80.5050,-2.7411,100.0000,default,19,rsu(508m),1977,59760,0.0536,508,10.0766,3,4,-80.5050,-97.4947,direct,0.0000,31.2000,-83.1279
314.9,node[15],6,6607.5214,4181.1964,1.8950,27.4973,0.0918,-0.4982,:9969100567_3,-76.7272,-1.8319,100.0000,default,19,rsu(505m),1978,59799,0.0820,505,10.0791,3,4,-76.7272,-93.7169,direct,0.0000,31.2000,-83.1746
315,node[15],6,6609.9310,4182.5075,1.8950,27.4172,-0.8017,-0.4983,:9969100567_3,-81.0344,-4.7108,100.0000,default,19,rsu(502m),1979,59837,0.0207,502,10.0869,2,2,-81.0344,-98.0241,direct,0.0000,30.8000,-83.2229
315.1,node[15],6,6612.3388,4183.8177,1.8950,27.3974,-0.1975,-0.4983,:9969100567_3,-87.6251,-5.0000,100.0000,default,19,rsu(500m),1980,59876,0.0180,500,10.0763,2,2,-87.6251,-104.6148,direct,0.0000,30.8000,-83.2636
315.2,node[15],6,6614.7558,4185.1328,1.8950,27.5022,1.0477,-0.4983,21151029#27,-78.9876,-1.2976,100.0000,default,19,rsu(497m),1981,59915,0.1044,497,10.0857,3,4,-78.9876,-95.9773,direct,0.0000,31.2000,-83.3063
315.3,node[15],6,6617.1709,4186.4464,1.8950,27.4940,-0.0819,-0.4982,21151029#27,-81.8862,-5.0000,100.0000,default,19,rsu(494m),1982,59954,0.0180,494,10.0804,2,2,-81.8862,-98.8759,direct,0.0000,31.2000,-83.3478
315.4,node[15],6,6619.5858,4187.7599,1.8950,27.4911,-0.0290,-0.4982,21151029#27,-76.2857,1.2570,100.0000,default,19,rsu(492m),1983,59993,0.2949,492,10.0752,5,8,-76.2857,-93.2754,direct,0.0000,31.2000,-83.3880
315.5,node[15],6,6621.9923,4189.0688,1.8950,27.3950,-0.9612,-0.4982,21151029#27,-85.9481,-5.0000,100.0000,default,19,rsu(489m),1984,60032,0.0180,489,10.0774,2,2,-85.9481,-102.9378,direct,0.0000,31.2000,-83.4270
315.6,node[15],6,6624.4096,4190.3836,1.8950,27.5186,1.2368,-0.4982,21151029#27,-81.4458,-2.5282,100.0000,default,19,rsu(486m),1985,60071,0.0593,486,10.0767,3,4,-81.4458,-98.4355,direct,0.0000,31.2000,-83.4649
315.7,node[15],6,6626.8160,4191.6925,1.8950,27.3935,-1.2516,-0.4982,21151029#27,-92.0453,-5.0000,100.0000,default,19,rsu(484m),1986,60110,0.0180,484,10.0759,2,2,-92.0453,-109.0350,direct,0.0000,31.2000,-83.5016
315.8,node[15],6,6629.2270,4193.0039,1.8950,27.4473,0.5385,-0.4982,21151029#27,-78.4747,-2.7213,100.0000,default,19,rsu(481m),1987,60149,0.0541,481,10.0779,3,4,-78.4747,-95.4644,direct,0.0000,31.2000,-83.5372
315.9,node[15],6,6631.6400,4194.3163,1.8950,27.4695,0.2212,-0.4982,21151029#27,-76.2257,1.3518,100.0000,default,19,rsu(478m),1988,60188,0.3049,478,10.0799,5,8,-76.2257,-93.2154,direct,0.0000,31.2000,-83.5717
316,node[15],6,6634.0552,4195.6300,1.8950,27.4939,0.2441,-0.4982,21151029#27,-83.8981,-5.0000,100.0000,default,19,rsu(475m),1989,60226,0.0180,475,10.0745,2,2,-83.8981,-100.8878,direct,0.0000,30.8000,-83.6091
316.1,node[15],6,6636.4649,4196.9406,1.8950,27.4315,-0.6237,-0.4982,21151029#27,-91.3394,-5.0000,100.0000,default,19,rsu(473m),1990,60265,0.0180,473,10.0834,2,2,-91.3394,-108.3291,direct,0.0000,30.8000,-83.6375
316.2,node[15],6,6638.8803,4198.2544,1.8950,27.4970,0.6552,-0.4982,21151029#27,-78.6305,-4.5612,100.0000,default,19,rsu(470m),1991,60304,0.0223,470,10.0839,2,2,-78.6305,-95.6202,direct,0.0000,31.2000,-83.6688
316.3,node[15],6,6641.2929,4199.5666,1.8950,27.4650,-0.3206,-0.4982,21151029#27,-79.5886,-3.3365,100.0000,default,19,rsu(467m),1992,60343,0.0404,467,10.0844,2,2,-79.5886,-96.5783,direct,0.0000,31.2000,-83.6990
316.4,node[15],6,6643.6996,4200.8757,1.8950,27.3976,-0.6735,-0.4982,21151029#27,-79.5825,-1.2429,100.0000,default,19,rsu(465m),1993,60382,0.1070,465,10.0788,3,4,-79.5825,-96.5722,direct,0.0000,31.2000,-83.7282
316.5,node[15],6,6646.1061,4202.1846,1.8950,27.3947,-0.0288,-0.4982,21151029#27,-79.9082,-5.0000,100.0000,default,19,rsu(462m),1994,60421,0.0180,462,10.0792,2,2,-79.9082,-96.8979,direct,0.0000,31.2000,-83.7563
316.6,node[15],6,6648.5231,4203.4992,1.8950,27.5152,1.2044,-0.4982,21151029#27,-81.8810,-4.1717,100.0000,default,19,rsu(459m),1995,60460,0.0270,459,10.0768,2,2,-81.8810,-98.8707,direct,0.0000,31.2000,-83.7835
316.7,node[15],6,6650.9305,4204.8086,1.8950,27.4058,-1.0943,-0.4982,21151029#27,-83.4606,-5.0000,100.0000,default,19,rsu(457m),1996,60498,0.0180,457,10.0854,2,2,-83.4606,-100.4503,direct,0.0000,31.2000,-83.8144
316.8,node[15],6,6653.3437,4206.1212,1.8950,27.4715,0.6577,-0.4982,21151029#27,-79.3248,-5.0000,100.0000,default,19,rsu(454m),1997,60537,0.0180,454,10.0857,2,2,-79.3248,-96.3145,direct,0.0000,30.8000,-83.8349
316.9,node[15],6,6655.7519,4207.4310,1.8950,27.4145,-0.5699,-0.4982,21151029#27,-75.1210,3.0836,100.0000,default,19,rsu(451m),1998,60575,0.5104,451,10.0800,6,10,-75.1210,-92.1107,direct,0.0000,30.8000,-83.8640
317,node[15],6,6658.1692,4208.7458,1.8950,27.5180,1.0346,-0.4982,21151029#27,-79.0729,0.0700,100.0000,default,19,rsu(449m),1999,60614,0.1877,449,10.0743,4,6,-79.0729,-96.0626,direct,0.0000,30.8000,-83.8825
317.1,node[15],6,6660.5763,4210.0551,1.8950,27.4028,-1.1520,-0.4982,21151029#27,-78.0751,-4.2482,100.0000,default,19,rsu(446m),2000,60653,0.0260,446,10.0756,2,2,-78.0751,-95.0648,direct,0.0000,30.8000,-83.9049
317.2,node[15],6,6662.9904,4211.3681,1.8950,27.4817,0.7896,-0.4982,21151029#27,-82.0970,-5.0000,100.0000,default,19,rsu(443m),2001,60692,0.0180,443,10.0839,2,2,-82.0970,-99.0867,direct,0.0000,31.2000,-83.9265
317.3,node[15],6,6665.4056,4212.6818,1.8950,27.4944,0.1265,-0.4982,21151029#27,-75.7333,3.3718,100.0000,default,19,rsu(441m),2002,60731,0.5463,441,10.0841,6,10,-75.7333,-92.7230,direct,0.0000,31.2000,-83.9471
317.4,node[15],6,6667.8134,4213.9914,1.8950,27.4105,-0.8390,-0.4982,21151029#27,-86.5721,-5.0000,100.0000,default,19,rsu(438m),2003,60770,0.0180,438,10.0782,2,2,-86.5721,-103.5618,direct,0.0000,31.2000,-83.9668
317.5,node[15],6,6670.2242,4215.3027,1.8950,27.4443,0.3378,-0.4982,21151029#27,-81.4014,-3.7335,100.0000,default,19,rsu(435m),2004,60809,0.0334,435,10.0795,2,2,-81.4014,-98.3911,direct,0.0000,31.2000,-83.9856
317.6,node[15],6,6672.6385,4216.6159,1.8950,27.4839,0.3962,-0.4982,21151029#27,-80.5173,-4.3601,100.0000,default,19,rsu(432m),2005,60848,0.0246,432,10.0808,2,2,-80.5173,-97.5070,direct,0.0000,31.2000,-84.0036
317.7,node[15],6,6675.0508,4217.9279,1.8950,27.4611,-0.2283,-0.4982,21151029#27,-80.7047,-5.0000,100.0000,default,19,rsu(430m),2006,60887,0.0180,430,10.0820,2,2,-80.7047,-97.6944,direct,0.0000,31.2000,-84.0207
317.8,node[15],6,6677.4647,4219.2409,1.8950,27.4802,0.1918,-0.4982,21151029#27,-80.4007,-4.5539,100.0000,default,19,rsu(427m),2007,60925,0.0224,427,10.0771,2,2,-80.4007,-97.3904,direct,0.0000,30.8000,-84.0429
317.9,node[15],6,6679.8736,4220.5511,1.8950,27.4218,-0.5846,-0.4982,21151029#27,-78.7031,-3.5814,100.0000,default,19,rsu(424m),2008,60963,0.0359,424,10.0862,2,2,-78.7031,-95.6928,direct,0.0000,30.8000,-84.0643
318,node[15],6,6682.2866,4221.8636,1.8950,27.4699,0.4816,-0.4982,21151029#27,-79.3569,-1.4409,100.0000,default,19,rsu(422m),2009,61002,0.0979,422,10.0844,3,4,-79.3569,-96.3466,direct,0.0000,30.8000,-84.0670
318.1,node[15],6,6684.7010,4223.1768,1.8950,27.4856,0.1570,-0.4982,21151029#27,-74.8568,2.6512,100.0000,default,19,rsu(419m),2010,61041,0.4565,419,10.0855,5,8,-74.8568,-91.8465,direct,0.0000,30.8000,-84.0808
318.2,node[15],6,6687.1103,4224.4872,1.8950,27.4263,-0.5935,-0.4982,21151029#27,-77.9387,0.7736,100.0000,default,19,rsu(416m),2011,61080,0.2473,416,10.0865,4,6,-77.9387,-94.9284,direct,0.0000,31.2000,-84.0937
318.3,node[15],6,6689.5213,4225.7986,1.8950,27.4465,0.2023,-0.4982,21151029#27,-77.4405,-1.9905,100.0000,default,19,rsu(414m),2012,61119,0.0762,414,10.0824,3,4,-77.4405,-94.4302,direct,0.0000,31.2000,-84.1059
318.4,node[15],6,6691.9361,4227.1120,1.8950,27.4905,0.4395,-0.4982,21151029#27,-80.3415,-2.2214,100.0000,default,19,rsu(411m),2013,61157,0.0685,411,10.0773,3,4,-80.3415,-97.3312,direct,0.0000,30.8000,-84.1238
318.5,node[15],6,6694.3492,4228.4246,1.8950,27.4707,-0.1980,-0.4982,21151029#27,-77.9655,0.2413,100.0000,default,19,rsu(408m),2014,61196,0.2011,408,10.0861,4,6,-77.9655,-94.9552,direct,0.0000,30.8000,-84.1279
318.6,node[15],6,6696.7614,4229.7365,1.8950,27.4594,-0.1122,-0.4982,21151029#27,-90.8435,-5.0000,100.0000,default,19,rsu(406m),2015,61234,0.0180,406,10.0810,2,2,-90.8435,-107.8332,direct,0.0000,30.8000,-84.1445
318.7,node[15],6,6699.1751,4231.0494,1.8950,27.4773,0.1782,-0.4982,21151029#27,-75.7487,-1.2849,100.0000,default,19,rsu(403m),2016,61273,0.1050,403,10.0825,3,4,-75.7487,-92.7384,direct,0.0000,30.8000,-84.1468
318.8,node[15],6,6701.5921,4232.3640,1.8950,27.5152,0.3794,-0.4982,21151029#27,-74.3373,2.0800,100.0000,default,19,rsu(400m),2017,61311,0.3870,400,10.0840,5,8,-74.3373,-91.3270,direct,0.0000,30.8000,-84.1621
318.9,node[15],6,6704.0095,4233.6782,1.8950,27.5171,0.0187,-0.4980,21151029#27,-81.9360,-5.0000,100.0000,default,19,rsu(398m),2018,61350,0.0180,398,10.0854,2,2,-81.9360,-98.9257,direct,0.0000,30.8000,-84.1626
319,node[15],6,6706.4234,4234.9883,1.8950,27.4653,-0.5177,-0.4975,21151029#27,-82.7000,-3.6888,100.0000,default,19,rsu(395m),2019,61389,0.0341,395,10.0868,2,2,-82.7000,-99.6897,direct,0.0000,31.2000,-84.1694
319.1,node[15],6,6708.8378,4236.2986,1.8950,27.4713,0.0605,-0.4972,21151029#27,-83.6536,-5.0000,100.0000,default,18,rsu(392m),2020,61428,0.0180,392,10.0758,2,2,-83.6536,-100.6433,direct,0.0000,31.2000,-84.1809
319.2,node[15],6,6711.2557,4237.6108,1.8950,27.5112,0.3988,-0.4972,21151029#27,-75.5769,1.6653,100.0000,default,18,rsu(390m),2021,61467,0.3391,390,10.0778,5,8,-75.5769,-92.5666,direct,0.0000,31.2000,-84.1863
319.3,node[15],6,6713.6706,4238.9214,1.8950,27.4768,-0.3447,-0.4972,21151029#27,-74.2582,1.9009,100.0000,default,18,rsu(387m),2022,61506,0.3660,387,10.0797,5,8,-74.2582,-91.2479,direct,0.0000,31.2000,-84.1909
319.4,node[15],6,6716.0880,4240.2333,1.8950,27.5057,0.2893,-0.4972,21151029#27,-78.0526,-1.4371,100.0000,default,18,rsu(384m),2023,61545,0.0981,384,10.0808,3,4,-78.0526,-95.0423,direct,0.0000,31.2000,-84.1947
319.5,node[15],6,6718.4954,4241.5399,1.8950,27.3922,-1.1346,-0.4972,21151029#27,-79.4017,-2.0454,100.0000,default,18,rsu(382m),2024,61584,0.0743,382,10.0819,3,4,-79.4017,-96.3914,direct,0.0000,31.2000,-84.1979
319.6,node[15],6,6720.9138,4242.8524,1.8950,27.5169,1.2466,-0.4972,21151029#27,-76.3110,-0.9118,100.0000,default,18,rsu(379m),2025,61623,0.1239,379,10.0829,4,6,-76.3110,-93.3007,direct,0.0000,31.2000,-84.2003
319.7,node[15],6,6723.3255,4244.1612,1.8950,27.4404,-0.7650,-0.4972,21151029#27,-77.9938,-1.9516,100.0000,default,18,rsu(376m),2026,61662,0.0776,376,10.0839,3,4,-77.9938,-94.9835,direct,0.0000,31.2000,-84.2016
319.8,node[15],6,6725.7431,4245.4733,1.8950,27.5086,0.6823,-0.4972,21151029#27,-82.7347,-5.0000,100.0000,default,18,rsu(374m),2027,61701,0.0180,374,10.0848,2,2,-82.7347,-99.7244,direct,0.0000,31.2000,-84.2019
319.9,node[15],6,6728.1574,4246.7836,1.8950,27.4699,-0.3876,-0.4972,21151029#27,-80.8273,-2.3014,100.0000,default,18,rsu(371m),2028,61739,0.0659,371,10.0857,3,4,-80.8273,-97.8170,direct,0.0000,31.2000,-84.2108
320,node[15],6,6730.5669,4248.0912,1.8950,27.4158,-0.5403,-0.4972,21151029#27,-82.3208,-5.0000,100.0000,default,18,rsu(368m),2029,61778,0.0180,368,10.0865,2,2,-82.3208,-99.3105,direct,0.0000,30.8000,-84.1996
320.1,node[15],6,6732.9824,4249.4021,1.8950,27.4838,0.6793,-0.4972,21151029#27,-73.2472,3.5899,100.0000,default,18,rsu(366m),2030,61817,0.5732,366,10.0742,6,10,-73.2472,-90.2369,direct,0.0000,30.8000,-84.1963
320.2,node[15],6,6735.3913,4250.7095,1.8950,27.4087,-0.7504,-0.4972,21151029#27,-78.7516,-4.8501,100.0000,default,18,rsu(363m),2031,61856,0.0194,363,10.0754,2,2,-78.7516,-95.7413,direct,0.0000,31.2000,-84.1922
320.3,node[15],6,6737.8046,4252.0192,1.8950,27.4586,0.4982,-0.4972,21151029#27,-73.3959,2.1290,100.0000,default,18,rsu(360m),2032,61895,0.3928,360,10.0766,5,8,-73.3959,-90.3856,direct,0.0000,31.2000,-84.1868
320.4,node[15],6,6740.2215,4253.3308,1.8950,27.4998,0.4123,-0.4972,21151029#27,-76.6671,1.3394,100.0000,default,18,rsu(358m),2033,61934,0.3036,358,10.0777,5,8,-76.6671,-93.6568,direct,0.0000,31.2000,-84.1802
320.5,node[15],6,6742.6373,4254.6420,1.8950,27.4884,-0.1143,-0.4972,21151029#27,-78.2215,-1.5549,100.0000,default,18,rsu(355m),2034,61973,0.0930,355,10.0787,3,4,-78.2215,-95.2112,direct,0.0000,31.2000,-84.1727
320.6,node[15],6,6745.0508,4255.9518,1.8950,27.4603,-0.2807,-0.4972,21151029#27,-75.7598,1.7954,100.0000,default,18,rsu(352m),2035,62012,0.3538,352,10.0791,5,8,-75.7598,-92.7495,direct,0.0000,31.2000,-84.1643
320.7,node[15],6,6747.4594,4257.2589,1.8950,27.4056,-0.5474,-0.4972,21151029#27,-77.0141,-2.8199,100.0000,default,18,rsu(350m),2036,62051,0.0517,350,10.0795,3,4,-77.0141,-94.0038,direct,0.0000,31.2000,-84.1551
320.8,node[15],6,6749.8764,4258.5707,1.8950,27.5013,0.9573,-0.4972,21151029#27,-76.4435,-0.4913,100.0000,default,18,rsu(347m),2037,62090,0.1486,347,10.0798,4,6,-76.4435,-93.4332,direct,0.0000,31.2000,-84.1450
320.9,node[15],6,6752.2927,4259.8821,1.8950,27.4935,-0.0783,-0.4972,21151029#27,-77.0206,0.5323,100.0000,default,18,rsu(344m),2038,62129,0.2255,344,10.0801,4,6,-77.0206,-94.0103,direct,0.0000,31.2000,-84.1340
321,node[15],6,6754.7054,4261.1915,1.8950,27.4523,-0.4121,-0.4972,21151029#27,-79.4879,-2.8013,100.0000,default,18,rsu(342m),2039,62168,0.0521,342,10.0803,3,4,-79.4879,-96.4776,direct,0.0000,31.2000,-84.1221
321.1,node[15],6,6757.1148,4262.4990,1.8950,27.4141,-0.3814,-0.4972,21151029#27,-77.0578,-0.0557,100.0000,default,18,rsu(339m),2040,62207,0.1783,339,10.0804,4,6,-77.0578,-94.0475,direct,0.0000,31.2000,-84.1094
321.2,node[15],6,6759.5244,4263.8068,1.8950,27.4167,0.0260,-0.4972,21151029#27,-75.3369,2.6745,100.0000,default,18,rsu(337m),2041,62246,0.4594,337,10.0805,5,8,-75.3369,-92.3266,direct,0.0000,31.2000,-84.0958
321.3,node[15],6,6761.9353,4265.1152,1.8950,27.4318,0.1511,-0.4972,21151029#27,-74.6953,0.2080,100.0000,default,18,rsu(334m),2042,62284,0.1984,334,10.0805,4,6,-74.6953,-91.6850,direct,0.0000,31.2000,-84.0981
321.4,node[15],6,6764.3520,4266.4267,1.8950,27.4973,0.6545,-0.4972,21151029#27,-72.3625,4.9972,100.0000,default,18,rsu(331m),2043,62323,0.7308,331,10.0805,6,10,-72.3625,-89.3522,direct,0.0000,30.8000,-84.0658
321.5,node[15],6,6766.7632,4267.7354,1.8950,27.4358,-0.6151,-0.4972,21151029#27,-71.0690,3.4546,100.0000,default,18,rsu(329m),2044,62362,0.5566,329,10.0804,6,10,-71.0690,-88.0587,direct,0.0000,30.8000,-84.0494
321.6,node[15],6,6769.1727,4269.0430,1.8950,27.4147,-0.2111,-0.4972,21151029#27,-78.3676,-1.2415,100.0000,default,18,rsu(326m),2045,62401,0.1071,326,10.0803,3,4,-78.3676,-95.3573,direct,0.0000,31.2000,-84.0322
321.7,node[15],6,6771.5845,4270.3519,1.8950,27.4423,0.2764,-0.4972,21151029#27,-72.2066,2.9379,100.0000,default,18,rsu(323m),2046,62440,0.4922,323,10.0801,5,8,-72.2066,-89.1963,direct,0.0000,31.2000,-84.0141
321.8,node[15],6,6773.9961,4271.6607,1.8950,27.4401,-0.0221,-0.4972,21151029#27,-71.6436,5.0835,100.0000,default,18,rsu(321m),2047,62479,0.7392,321,10.0798,7,12,-71.6436,-88.6333,direct,0.0000,31.2000,-83.9951
321.9,node[15],6,6776.4045,4272.9678,1.8950,27.4029,-0.3721,-0.4972,21151029#27,-73.2859,5.4564,100.0000,default,18,rsu(318m),2048,62518,0.7735,318,10.0795,7,12,-73.2859,-90.2756,direct,0.0000,31.2000,-83.9752
322,node[15],6,6778.8226,4274.2801,1.8950,27.5132,1.1035,-0.4972,21151029#27,-76.1805,2.5446,100.0000,default,18,rsu(316m),2049,62556,0.4433,316,10.0794,5,8,-76.1805,-93.1702,direct,0.0000,30.8000,-83.9748
322.1,node[15],6,6781.2415,4275.5899,1.8950,27.5051,-0.0811,-0.4967,:227505094_0,-75.4293,-0.7044,100.0000,default,18,rsu(313m),2050,62593,0.1356,313,10.0751,4,6,-75.4293,-92.4190,direct,0.0000,30.8000,-83.9382
322.2,node[15],6,6783.6526,4276.8940,1.8950,27.4070,-0.9812,-0.4959,:227505094_0,-74.8902,-0.6407,100.0000,default,18,rsu(310m),2051,62630,0.1394,310,10.0837,4,6,-74.8902,-91.8799,direct,0.0000,29.6000,-83.9214
322.3,node[15],6,6786.0649,4278.1986,1.8950,27.4205,0.1352,-0.4958,:227505094_0,-77.8164,0.3979,100.0000,default,18,rsu(308m),2052,62669,0.2140,308,10.0817,4,6,-77.8164,-94.8061,direct,0.0000,29.6000,-83.8862
322.4,node[15],6,6788.4789,4279.5042,1.8950,27.4396,0.1908,-0.4958,:227505094_0,-75.8660,-0.4334,100.0000,default,18,rsu(305m),2053,62707,0.1523,305,10.0770,4,6,-75.8660,-92.8557,direct,0.0000,30.8000,-83.8844
322.5,node[15],6,6790.8886,4280.8075,1.8950,27.3907,-0.4891,-0.4958,:227505094_0,-93.5641,-5.0000,100.0000,default,18,rsu(302m),2054,62746,0.0180,302,10.0766,2,2,-93.5641,-110.5538,direct,0.0000,30.8000,-83.8364
322.6,node[15],6,6793.2993,4282.1113,1.8950,27.4021,0.1142,-0.4958,:227505094_0,-79.1072,-1.7714,100.0000,default,18,rsu(300m),2055,62785,0.0843,300,10.0761,3,4,-79.1072,-96.0969,direct,0.0000,31.2000,-83.8101
322.7,node[15],6,6795.7119,4283.4162,1.8950,27.4245,0.2239,-0.4958,:227505094_0,-75.1085,-1.2025,100.0000,default,18,rsu(297m),2056,62824,0.1090,297,10.0843,3,4,-75.1085,-92.0982,direct,0.0000,31.2000,-83.7829
322.8,node[15],6,6798.1263,4284.7220,1.8950,27.4438,0.1931,-0.4958,:227505094_0,-72.6201,3.7135,100.0000,default,18,rsu(295m),2057,62862,0.5883,295,10.0837,6,10,-72.6201,-89.6098,direct,0.0000,30.8000,-83.7798
322.9,node[15],6,6800.5435,4286.0293,1.8950,27.4759,0.3213,-0.4958,:227505094_0,-70.5383,6.1061,100.0000,default,18,rsu(292m),2058,62899,0.8254,292,10.0788,7,12,-70.5383,-87.5280,direct,0.0000,30.8000,-83.7325
323,node[15],6,6802.9549,4287.3335,1.8950,27.4106,-0.6537,-0.4958,:227505094_0,-71.8005,4.4291,100.0000,default,18,rsu(289m),2059,62937,0.6714,289,10.0868,6,10,-71.8005,-88.7902,direct,0.0000,30.0000,-83.7220
323.1,node[15],6,6805.3679,4288.6385,1.8950,27.4285,0.1797,-0.4958,:227505094_0,-75.5768,-0.2833,100.0000,default,18,rsu(287m),2060,62976,0.1622,287,10.0860,4,6,-75.5768,-92.5665,direct,0.0000,30.0000,-83.6652
323.2,node[15],6,6807.7849,4289.9457,1.8950,27.4734,0.4486,-0.4958,:227505094_0,-74.9347,3.2057,100.0000,default,18,rsu(284m),2061,63015,0.5257,284,10.0852,6,10,-74.9347,-91.9244,direct,0.0000,31.2000,-83.6336
323.3,node[15],6,6810.1989,4291.2447,1.8950,27.4100,-0.6338,-0.4946,21151029#28,-76.8147,-2.3799,100.0000,default,18,rsu(282m),2062,63054,0.0636,282,10.0843,3,4,-76.8147,-93.8044,direct,0.0000,31.2000,-83.6013
323.4,node[15],6,6812.6527,4292.4751,1.8950,27.4588,0.4878,-0.4776,21151029#28,-71.0559,2.9309,100.0000,default,18,rsu(279m),2063,63092,0.4914,279,10.0833,5,8,-71.0559,-88.0456,direct,0.0000,30.8000,-83.5963
323.5,node[15],6,6815.1029,4293.7036,1.8950,27.4173,-0.4147,-0.4648,21151029#28,-76.4832,0.7806,100.0000,default,18,rsu(277m),2064,63131,0.2479,277,10.0823,4,6,-76.4832,-93.4729,direct,0.0000,30.8000,-83.5338
323.6,node[15],6,6817.5532,4294.9322,1.8950,27.4193,0.0196,-0.4648,21151029#28,-72.6029,5.7437,100.0000,default,18,rsu(274m),2065,63170,0.7977,274,10.0770,7,12,-72.6029,-89.5926,direct,0.0000,31.2000,-83.4990
323.7,node[15],6,6820.0034,4296.1608,1.8950,27.4177,-0.0156,-0.4648,21151029#28,-73.5857,4.3059,100.0000,default,18,rsu(271m),2066,63207,0.6577,271,10.0847,6,10,-73.5857,-90.5754,direct,0.0000,31.2000,-83.4710
323.8,node[15],6,6822.4619,4297.3935,1.8950,27.5110,0.9328,-0.4648,21151029#28,-73.8702,4.3964,100.0000,default,18,rsu(269m),2067,63245,0.6678,269,10.0793,6,10,-73.8702,-90.8599,direct,0.0000,30.0000,-83.4572
323.9,node[15],6,6824.9129,4298.6225,1.8950,27.4273,-0.8371,-0.4648,21151029#28,-76.1078,2.8489,100.0000,default,18,rsu(266m),2068,63283,0.4811,266,10.0780,5,8,-76.1078,-93.0975,direct,0.0000,30.0000,-83.4509
324,node[15],6,6827.3636,4299.8513,1.8950,27.4235,-0.0379,-0.4648,21151029#28,-83.7978,-5.0000,100.0000,default,18,rsu(264m),2069,63321,0.0180,264,10.0767,2,2,-83.7978,-100.7875,direct,0.0000,30.4000,-83.4443
324.1,node[15],6,6829.8195,4301.0823,1.8950,27.4709,0.4737,-0.4647,:3205653711_0,-82.1496,-5.0000,100.0000,default,18,rsu(261m),2070,63360,0.0180,261,10.0841,2,2,-82.1496,-99.1393,direct,0.0000,30.4000,-83.3090
324.2,node[15],6,6832.2794,4302.3152,1.8950,27.5141,0.4327,-0.4646,:3205653711_0,-75.0170,2.1553,100.0000,default,18,rsu(259m),2071,63399,0.3960,259,10.0810,5,8,-75.0170,-92.0067,direct,0.0000,31.2000,-83.2675
324.3,node[15],6,6834.7326,4303.5448,1.8950,27.4395,-0.7463,-0.4646,:3205653711_0,-81.8891,-3.6164,100.0000,default,18,rsu(256m),2072,63438,0.0353,256,10.0795,2,2,-81.8891,-98.8788,direct,0.0000,31.2000,-83.2250
324.4,node[15],6,6837.1820,4304.7724,1.8950,27.3957,-0.4384,-0.4646,:3205653711_0,-79.3970,-1.6310,100.0000,default,18,rsu(254m),2073,63475,0.0898,254,10.0868,3,4,-79.3970,-96.3867,direct,0.0000,30.4000,-83.1901
324.5,node[15],6,6839.6317,4306.0002,1.8950,27.4001,0.0441,-0.4646,:3205653711_0,-71.6848,5.3763,100.0000,default,18,rsu(251m),2074,63514,0.7664,251,10.0852,7,12,-71.6848,-88.6745,direct,0.0000,30.4000,-83.1365
324.6,node[15],6,6842.0855,4307.2302,1.8950,27.4467,0.4664,-0.4646,:3205653711_0,-75.9340,1.4815,100.0000,default,18,rsu(249m),2075,63553,0.3188,249,10.0794,5,8,-75.9340,-92.9237,direct,0.0000,31.2000,-83.0903
324.7,node[15],6,6844.5409,4308.4608,1.8950,27.4633,0.1661,-0.4646,:3205653711_0,-68.0935,11.2606,100.0000,default,18,rsu(246m),2076,63591,0.9842,246,10.0763,10,18,-68.0935,-85.0832,direct,0.0000,31.2000,-83.0821
324.8,node[15],6,6846.9982,4309.6925,1.8950,27.4851,0.2176,-0.4646,:3205653711_0,-76.6905,-0.3788,100.0000,default,18,rsu(244m),2077,63628,0.1559,244,10.0820,4,6,-76.6905,-93.6802,direct,0.0000,30.0000,-83.0032
324.9,node[15],6,6849.4566,4310.9281,1.8950,27.5176,0.3250,-0.4652,21151029#29,-69.2013,8.8212,100.0000,default,18,rsu(241m),2078,63667,0.9484,241,10.0788,8,14,-69.2013,-86.1910,direct,0.0000,30.0000,-82.9432
325,node[15],6,6851.9083,4312.1571,1.8950,27.4327,-0.8489,-0.4653,21151029#29,-70.1593,8.7362,100.0000,default,18,rsu(239m),2079,63705,0.9462,239,10.0755,8,14,-70.1593,-87.1490,direct,0.0000,30.8000,-82.9345
325.1,node[15],6,6854.3630,4313.3870,1.8950,27.4568,0.2405,-0.4645,:12198523282_3,-66.7570,11.2816,100.0000,default,18,rsu(236m),2080,63744,0.9843,236,10.0852,10,18,-66.7570,-83.7467,direct,0.0000,30.8000,-82.8383
325.2,node[15],6,6856.8225,4314.6182,1.8950,27.4896,0.3284,-0.4643,:12198523282_3,-73.8971,3.7784,100.0000,default,18,rsu(234m),2081,63783,0.5961,234,10.0777,6,10,-73.8971,-90.8868,direct,0.0000,31.2000,-82.7833
325.3,node[15],6,6859.2797,4315.8483,1.8950,27.4653,-0.2431,-0.4641,:12198523282_3,-69.9071,7.2099,100.0000,default,18,rsu(231m),2082,63822,0.8914,231,10.0833,8,14,-69.9071,-86.8968,direct,0.0000,31.2000,-82.7267
325.4,node[15],6,6861.7328,4317.0763,1.8950,27.4188,-0.4649,-0.4641,:12198523282_3,-79.0620,-0.1150,100.0000,default,18,rsu(229m),2083,63860,0.1740,229,10.0798,4,6,-79.0620,-96.0517,direct,0.0000,30.8000,-82.7171
325.5,node[15],6,6864.1911,4318.3079,1.8950,27.4929,0.7414,-0.4643,21151029#30,-70.7312,6.2655,100.0000,default,18,rsu(226m),2084,63899,0.8365,226,10.0762,7,12,-70.7312,-87.7209,direct,0.0000,30.8000,-82.6085
325.6,node[15],6,6866.6408,4319.5353,1.8950,27.3979,-0.9501,-0.4645,21151029#30,-72.2091,4.3487,100.0000,default,18,rsu(224m),2085,63938,0.6625,224,10.0815,6,10,-72.2091,-89.1988,direct,0.0000,31.2000,-82.5469
325.7,node[15],6,6869.0902,4320.7626,1.8950,27.3952,-0.0272,-0.4645,21151029#30,-79.5825,-4.2063,100.0000,default,18,rsu(221m),2086,63977,0.0265,221,10.0796,2,2,-79.5825,-96.5722,direct,0.0000,31.2000,-82.4835
325.8,node[15],6,6871.5428,4321.9915,1.8950,27.4308,0.3563,-0.4645,21151029#30,-72.6129,2.6031,100.0000,default,18,rsu(219m),2087,64016,0.4506,219,10.0776,5,8,-72.6129,-89.6026,direct,0.0000,31.2000,-82.4180
325.9,node[15],6,6874.0021,4323.2238,1.8950,27.5056,0.7474,-0.4645,21151029#30,-72.9180,5.5408,100.0000,default,18,rsu(217m),2088,64055,0.7808,217,10.0847,7,12,-72.9180,-89.9077,direct,0.0000,31.2000,-82.3502
326,node[15],6,6876.4589,4324.4547,1.8950,27.4771,-0.2843,-0.4645,21151029#30,-76.0973,-1.3293,100.0000,default,18,rsu(214m),2089,64091,0.1030,214,10.0786,3,4,-76.0973,-93.0870,direct,0.0000,30.0000,-82.3511
326.1,node[15],6,6878.9150,4325.6854,1.8950,27.4696,-0.0751,-0.4645,21151029#30,-78.1918,-2.4166,100.0000,default,18,rsu(212m),2090,64130,0.0625,212,10.0765,3,4,-78.1918,-95.1815,direct,0.0000,30.0000,-82.2084
326.2,node[15],6,6881.3670,4326.9140,1.8950,27.4245,-0.4511,-0.4645,21151029#30,-68.0668,9.9311,100.0000,default,18,rsu(209m),2091,64168,0.9697,209,10.0745,9,16,-68.0668,-85.0565,direct,0.0000,30.8000,-82.1975
326.3,node[15],6,6883.8128,4328.1394,1.8950,27.3545,-0.7007,-0.4645,21151029#30,-74.3494,1.5422,100.0000,default,18,rsu(207m),2092,64206,0.3254,207,10.0814,5,8,-74.3494,-91.3391,direct,0.0000,30.8000,-82.1862
326.4,node[15],6,6886.2183,4329.3447,1.8950,26.9045,-4.5000,-0.4645,21151029#30,-73.6310,5.2957,100.0000,default,18,rsu(205m),2093,64245,0.7591,205,10.0753,7,12,-73.6310,-90.6207,direct,0.0000,30.8000,-81.9809
326.5,node[15],6,6888.5836,4330.5299,1.8950,26.4545,-4.5000,-0.4645,21151029#30,-71.0556,6.2046,100.0000,default,18,rsu(202m),2094,64282,0.8323,202,10.0820,7,12,-71.0556,-88.0453,direct,0.0000,30.8000,-81.9146
326.6,node[15],6,6890.9102,4331.6918,1.8950,26.0045,-4.5000,-0.4638,21151029#30,-75.6180,1.4015,100.0000,default,18,rsu(200m),2095,64321,0.3102,200,10.0798,5,8,-75.6180,-92.6077,direct,0.0000,30.4000,-81.8238
326.7,node[15],6,6893.2021,4332.8225,1.8950,25.5545,-4.5000,-0.4606,21151029#30,-75.6923,3.0973,100.0000,default,18,rsu(198m),2096,64360,0.5122,198,10.0775,6,10,-75.6923,-92.6820,direct,0.0000,30.4000,-81.7434
326.8,node[15],6,6895.4537,4333.9332,1.8950,25.1045,-4.5000,-0.4583,21151029#30,-70.2097,7.3024,100.0000,default,18,rsu(196m),2097,64395,0.8958,196,10.0841,8,14,-70.2097,-87.1994,direct,0.0000,29.6000,-81.7453
326.9,node[15],6,6897.6648,4335.0241,1.8950,24.6545,-4.5000,-0.4583,21151029#30,-69.7871,4.2459,100.0000,default,18,rsu(194m),2098,64433,0.6509,194,10.0818,6,10,-69.7871,-86.7768,direct,0.0000,29.6000,-81.5797
327,node[15],6,6899.8356,4336.0950,1.8950,24.2045,-4.5000,-0.4583,21151029#30,-66.8883,11.9745,100.0000,default,18,rsu(192m),2099,64471,0.9889,192,10.0755,10,18,-66.8883,-83.8780,direct,0.0000,30.4000,-81.4969
327.1,node[15],6,6901.9661,4337.1460,1.8950,23.7545,-4.5000,-0.4583,21151029#30,-66.3909,10.7170,100.0000,default,18,rsu(190m),2100,64507,0.9793,190,10.0821,9,16,-66.3909,-83.3806,direct,0.0000,30.4000,-81.4257
327.2,node[15],6,6904.0562,4338.1771,1.8950,23.3045,-4.5000,-0.4583,21151029#30,-73.8554,3.2137,100.0000,default,18,rsu(188m),2101,64543,0.5267,188,10.0756,6,10,-73.8554,-90.8451,direct,0.0000,28.8000,-81.3548
327.3,node[15],6,6906.1059,4339.1883,1.8950,22.8545,-4.5000,-0.4583,21151029#30,-73.4583,1.1950,100.0000,default,18,rsu(186m),2102,64580,0.2885,186,10.0823,5,8,-73.4583,-90.4480,direct,0.0000,28.8000,-81.2516
327.4,node[15],6,6908.1153,4340.1796,1.8950,22.4045,-4.5000,-0.4583,21151029#30,-63.9979,13.7004,100.0000,default,18,rsu(184m),2103,64617,0.9953,184,10.0761,11,20,-63.9979,-80.9876,direct,0.0000,29.6000,-81.1713
327.5,node[15],6,6910.0843,4341.1509,1.8950,21.9545,-4.5000,-0.4583,21151029#30,-69.2831,8.5817,100.0000,default,18,rsu(182m),2104,64652,0.9422,182,10.0827,8,14,-69.2831,-86.2728,direct,0.0000,29.6000,-81.1633
327.6,node[15],6,6912.0130,4342.1024,1.8950,21.5045,-4.5000,-0.4583,21151029#30,-67.7872,10.4591,100.0000,default,18,rsu(180m),2105,64688,0.9766,180,10.0856,9,16,-67.7872,-84.7769,direct,0.0000,28.4000,-81.0141
327.7,node[15],6,6913.9013,4343.0340,1.8950,21.0545,-4.5000,-0.4583,21151029#30,-69.7911,6.7553,100.0000,default,18,rsu(179m),2106,64723,0.8673,179,10.0752,7,12,-69.7911,-86.7808,direct,0.0000,28.4000,-81.0067
327.8,node[15],6,6915.7492,4343.9456,1.8950,20.6045,-4.5000,-0.4583,21151029#30,-69.7612,9.4727,100.0000,default,18,rsu(177m),2107,64757,0.9622,177,10.0818,9,16,-69.7612,-86.7509,direct,0.0000,27.6000,-80.9995
327.9,node[15],6,6917.5568,4344.8373,1.8950,20.1545,-4.5000,-0.4583,21151029#30,-67.8641,10.6862,100.0000,default,18,rsu(175m),2108,64792,0.9790,175,10.0846,9,16,-67.8641,-84.8538,direct,0.0000,27.6000,-80.7887
328,node[15],6,6919.3240,4345.7091,1.8950,19.7045,-4.5000,-0.4583,21151029#30,-69.2431,4.6339,100.0000,default,18,rsu(174m),2109,64827,0.6936,174,10.0767,6,10,-69.2431,-86.2328,direct,0.0000,28.0000,-80.7169
328.1,node[15],6,6921.0509,4346.5610,1.8950,19.2545,-4.5000,-0.4583,21151029#30,-71.2660,5.1110,100.0000,default,18,rsu(172m),2110,64861,0.7418,172,10.0794,7,12,-71.2660,-88.2557,direct,0.0000,28.0000,-80.7107
328.2,node[15],6,6922.7374,4347.3930,1.8950,18.8045,-4.5000,-0.4583,21151029#30,-69.1971,6.3391,100.0000,default,18,rsu(171m),2111,64896,0.8415,171,10.0821,7,12,-69.1971,-86.1868,direct,0.0000,27.6000,-80.5792
328.3,node[15],6,6924.3836,4348.2051,1.8950,18.3545,-4.5000,-0.4583,21151029#30,-75.5820,1.3454,100.0000,default,18,rsu(169m),2112,64930,0.3042,169,10.0756,5,8,-75.5820,-92.5717,direct,0.0000,27.6000,-80.5135
328.4,node[15],6,6925.9894,4348.9973,1.8950,17.9045,-4.5000,-0.4583,21151029#30,-67.2572,11.0711,100.0000,default,18,rsu(168m),2113,64964,0.9826,168,10.0783,10,18,-67.2572,-84.2469,direct,0.0000,27.2000,-80.4501
328.5,node[15],6,6927.5548,4349.7696,1.8950,17.4545,-4.5000,-0.4583,21151029#30,-69.8823,5.3826,100.0000,default,18,rsu(166m),2114,64998,0.7670,166,10.0810,7,12,-69.8823,-86.8720,direct,0.0000,27.2000,-80.3890
328.6,node[15],6,6929.0799,4350.5219,1.8950,17.0045,-4.5000,-0.4583,21151029#30,-71.5994,6.0789,100.0000,default,18,rsu(165m),2115,65032,0.8234,165,10.0760,7,12,-71.5994,-88.5891,direct,0.0000,27.2000,-80.3303
328.7,node[15],6,6930.5646,4351.2544,1.8950,16.5545,-4.5000,-0.4583,21151029#30,-73.6734,4.2474,100.0000,default,18,rsu(164m),2116,65066,0.6511,164,10.0840,6,10,-73.6734,-90.6631,direct,0.0000,27.2000,-80.2741
328.8,node[15],6,6932.0071,4351.9706,1.8950,16.1045,-4.5000,-0.4591,21151029#30,-71.6633,2.8709,100.0000,default,18,rsu(162m),2117,65097,0.4839,162,10.0750,5,8,-71.6633,-88.6530,direct,0.0000,26.0000,-80.2784
328.9,node[15],6,6933.4043,4352.6768,1.8950,15.6545,-4.5000,-0.4622,21151029#30,-65.2511,13.2661,100.0000,default,18,rsu(161m),2118,65131,0.9941,161,10.0792,11,20,-65.2511,-82.2408,direct,0.0000,26.0000,-80.1705
329,node[15],6,6934.7636,4353.3639,1.8950,15.2297,-4.2475,-0.4651,21151029#30,-77.5456,-0.7879,100.0000,default,18,rsu(160m),2119,65163,0.1308,160,10.0831,4,6,-77.5456,-94.5353,direct,0.0000,26.4000,-80.1311
329.1,node[15],6,6936.0827,4354.0307,1.8950,14.7797,-4.5000,-0.4680,21151029#30,-73.3938,5.5981,100.0000,default,18,rsu(159m),2120,65195,0.7857,159,10.0740,7,12,-73.3938,-90.3835,direct,0.0000,26.4000,-80.0940
329.2,node[15],6,6937.3616,4354.6772,1.8950,14.3297,-4.5000,-0.4680,21151029#30,-74.3372,0.5888,100.0000,default,18,rsu(158m),2121,65226,0.2305,158,10.0779,4,6,-74.3372,-91.3269,direct,0.0000,25.2000,-80.0985
329.3,node[15],6,6938.6004,4355.3034,1.8950,13.8797,-4.5000,-0.4680,21151029#30,-68.4888,5.5740,100.0000,default,18,rsu(157m),2122,65259,0.7836,157,10.0857,7,12,-68.4888,-85.4785,direct,0.0000,25.2000,-80.0712
329.4,node[15],6,6939.7991,4355.9092,1.8950,13.4297,-4.5000,-0.4680,21151029#30,-66.5867,12.5110,100.0000,default,18,rsu(156m),2123,65292,0.9915,156,10.0790,10,18,-66.5867,-83.5764,direct,0.0000,26.4000,-80.0682
329.5,node[15],6,6940.9575,4356.4948,1.8950,12.9797,-4.5000,-0.4680,21151029#30,-74.6906,4.5485,100.0000,default,18,rsu(155m),2124,65325,0.6844,155,10.0867,6,10,-74.6906,-91.6803,direct,0.0000,26.4000,-80.0654
329.6,node[15],6,6942.0758,4357.0601,1.8950,12.5297,-4.5000,-0.4680,21151029#30,-68.4551,7.0091,100.0000,default,18,rsu(154m),2125,65357,0.8813,154,10.0775,8,14,-68.4551,-85.4448,direct,0.0000,26.0000,-79.8985
329.7,node[15],6,6943.1540,4357.6051,1.8950,12.0797,-4.5000,-0.4680,21151029#30,-64.0568,12.6070,100.0000,default,18,rsu(153m),2126,65391,0.9919,153,10.0815,10,18,-64.0568,-81.0465,direct,0.0000,26.0000,-79.8616
329.8,node[15],6,6944.1919,4358.1297,1.8950,11.6297,-4.5000,-0.4680,21151029#30,-70.0323,5.9639,100.0000,default,18,rsu(152m),2127,65425,0.8149,152,10.0761,7,12,-70.0323,-87.0220,direct,0.0000,27.2000,-79.8340
329.9,node[15],6,6945.1898,4358.6341,1.8950,11.1797,-4.5000,-0.4680,21151029#30,-72.1972,3.3347,100.0000,default,18,rsu(151m),2128,65459,0.5417,151,10.0836,6,10,-72.1972,-89.1869,direct,0.0000,27.2000,-79.8086
330,node[15],6,6946.1474,4359.1182,1.8950,10.7297,-4.5000,-0.4680,21151029#30,-67.5997,8.2364,100.0000,default,18,rsu(150m),2129,65491,0.9320,150,10.0742,8,14,-67.5997,-84.5894,direct,0.0000,26.4000,-79.7914
330.1,node[15],6,6947.0649,4359.5819,1.8950,10.2797,-4.5000,-0.4680,21151029#30,-69.5287,8.1792,100.0000,default,18,rsu(150m),2130,65525,0.9302,150,10.0817,8,14,-69.5287,-86.5184,direct,0.0000,26.4000,-79.7639
330.2,node[15],6,6947.9422,4360.0254,1.8950,9.8297,-4.5000,-0.4680,21151029#30,-69.2075,7.9769,100.0000,default,18,rsu(149m),2131,65558,0.9233,149,10.0761,8,14,-69.2075,-86.1972,direct,0.0000,26.8000,-79.7624
330.3,node[15],6,6948.7794,4360.4485,1.8950,9.3797,-4.5000,-0.4680,21151029#30,-66.1817,8.8882,100.0000,default,18,rsu(148m),2132,65592,0.9500,148,10.0835,8,14,-66.1817,-83.1714,direct,0.0000,26.8000,-79.7270
330.4,node[15],6,6949.5764,4360.8514,1.8950,8.9297,-4.5000,-0.4680,21151029#30,-63.9603,11.4142,100.0000,default,18,rsu(148m),2133,65625,0.9853,148,10.0779,10,18,-63.9603,-80.9500,direct,0.0000,26.8000,-79.7258
330.5,node[15],6,6950.3332,4361.2340,1.8950,8.4797,-4.5000,-0.4680,21151029#30,-65.9260,10.0141,100.0000,default,18,rsu(147m),2134,65659,0.9709,147,10.0852,9,16,-65.9260,-82.9157,direct,0.0000,26.8000,-79.6970
330.6,node[15],6,6951.0499,4361.5962,1.8950,8.0297,-4.5000,-0.4680,21151029#30,-74.0793,2.7123,100.0000,default,18,rsu(146m),2135,65692,0.4641,146,10.0794,5,8,-74.0793,-91.0690,direct,0.0000,26.8000,-79.6962
330.7,node[15],6,6951.7284,4361.9392,1.8950,7.6020,-4.2774,-0.4680,21151029#30,-76.4923,-2.5602,100.0000,default,18,rsu(146m),2136,65726,0.0584,146,10.0866,3,4,-76.4923,-93.4820,direct,0.0000,26.8000,-79.6733
330.8,node[15],6,6952.4092,4362.2094,1.8950,7.3304,-2.7156,-0.4548,:227505106_8,-66.1233,11.0320,100.0000,default,18,rsu(145m),2137,65760,0.9823,145,10.0772,10,18,-66.1233,-83.1130,direct,0.0000,27.2000,-79.6584
330.9,node[15],6,6953.0949,4362.4814,1.8950,7.3821,0.5171,-0.4415,:227505106_8,-66.4324,9.3259,100.0000,default,18,rsu(145m),2138,65794,0.9594,145,10.0843,9,16,-66.4324,-83.4221,direct,0.0000,27.2000,-79.6438
331,node[15],6,6953.7776,4362.7523,1.8950,7.3497,-0.3241,-0.4282,:227505106_8,-70.0566,4.9475,100.0000,default,18,rsu(144m),2139,65828,0.7259,144,10.0749,6,10,-70.0566,-87.0463,direct,0.0000,27.2000,-79.6297
331.1,node[15],6,6954.4632,4363.0242,1.8950,7.3812,0.3149,-0.4148,:227505106_8,-72.3615,5.2686,100.0000,default,18,rsu(144m),2140,65862,0.7566,144,10.0819,7,12,-72.3615,-89.3512,direct,0.0000,27.2000,-79.6159
331.2,node[15],6,6955.1558,4363.2990,1.8950,7.4563,0.7510,-0.4014,:227505106_8,-70.8398,6.7937,100.0000,default,18,rsu(143m),2141,65896,0.8695,143,10.0758,7,12,-70.8398,-87.8295,direct,0.0000,27.2000,-79.6023
331.3,node[15],6,6955.8787,4363.4336,1.8950,7.4168,-0.3948,-0.3596,:227505106_8,-72.5293,5.2653,100.0000,default,18,rsu(143m),2142,65927,0.7563,143,10.0789,7,12,-72.5293,-89.5190,direct,0.0000,27.2000,-79.6057
331.4,node[15],6,6956.6137,4363.5096,1.8950,7.3945,-0.2234,-0.3087,:227505106_8,-70.7570,8.1879,100.0000,default,18,rsu(143m),2143,65960,0.9305,143,10.0857,8,14,-70.7570,-87.7467,direct,0.0000,25.6000,-79.6033
331.5,node[15],6,6957.3470,4363.5853,1.8950,7.3774,-0.1709,-0.2680,:227505106_8,-75.3236,2.0427,100.0000,default,18,rsu(142m),2144,65993,0.3826,142,10.0758,5,8,-75.3236,-92.3133,direct,0.0000,25.6000,-79.6039
331.6,node[15],6,6958.0844,4363.6615,1.8950,7.4178,0.4046,-0.2270,:227505106_8,-61.2140,12.6364,100.0000,default,18,rsu(142m),2145,66027,0.9920,142,10.0825,10,18,-61.2140,-78.2037,direct,0.0000,26.8000,-79.5006
331.7,node[15],6,6958.8000,4363.5371,1.8950,7.4340,0.1616,-0.1466,:227505106_8,-76.8160,2.0597,100.0000,default,19,rsu(142m),2146,66061,0.3846,142,10.0788,5,8,-76.8160,-93.8057,direct,0.0000,26.8000,-79.3780
331.8,node[15],6,6959.5010,4363.2935,1.8950,7.4273,-0.0674,-0.0408,:227505106_8,-77.2937,0.1448,100.0000,default,19,rsu(142m),2147,66093,0.1935,142,10.0856,4,6,-77.2937,-94.2834,direct,0.0000,26.4000,-79.3831
331.9,node[15],6,6960.2007,4363.0504,1.8950,7.4119,-0.1538,0.0652,:227505106_8,-65.7038,11.5936,100.0000,default,19,rsu(142m),2148,66126,0.9866,142,10.0794,10,18,-65.7038,-82.6935,direct,0.0000,26.4000,-79.2553
332,node[15],6,6960.8505,4362.7244,1.8950,7.4585,0.4666,0.1513,:227505106_8,-68.8935,6.5821,100.0000,default,19,rsu(142m),2149,66161,0.8571,142,10.0866,7,12,-68.8935,-85.8832,direct,0.0000,27.2000,-79.2099
332.1,node[15],6,6961.3466,4362.1710,1.8950,7.4372,-0.2132,0.2909,:227505106_8,-69.1883,7.3948,100.0000,default,18,rsu(143m),2150,66196,0.9000,143,10.0841,8,14,-69.1883,-86.1780,direct,0.0000,27.2000,-79.1731
332.2,node[15],6,6961.8382,4361.6226,1.8950,7.3702,-0.6698,0.4324,:227505106_8,-81.8819,-5.0000,100.0000,default,18,rsu(143m),2151,66230,0.0180,143,10.0816,2,2,-81.8819,-98.8716,direct,0.0000,27.6000,-79.1805
332.3,node[15],6,6962.3311,4361.0726,1.8950,7.3908,0.2052,0.5717,:227505106_8,-66.5421,12.7479,100.0000,default,18,rsu(143m),2152,66264,0.9924,143,10.0790,10,18,-66.5421,-83.5318,direct,0.0000,27.6000,-79.1878
332.4,node[15],6,6962.7244,4360.4539,1.8950,7.3639,-0.2691,0.6785,-55543255#0,-67.4099,10.4541,100.0000,default,18,rsu(144m),2153,66300,0.9765,144,10.0764,9,16,-67.4099,-84.3996,direct,0.0000,28.0000,-78.9983
332.5,node[15],6,6963.0951,4359.7969,1.8950,7.5429,1.7906,0.7889,-55543255#0,-64.6937,10.1346,100.0000,default,18,rsu(144m),2154,66336,0.9725,144,10.0834,9,16,-64.6937,-81.6834,direct,0.0000,28.0000,-78.9347
332.6,node[15],6,6963.4760,4359.1221,1.8950,7.7483,2.0543,0.9000,-55543255#0,-69.1194,7.9150,100.0000,default,18,rsu(145m),2155,66369,0.9211,145,10.0768,8,14,-69.1194,-86.1091,direct,0.0000,27.6000,-78.9383
332.7,node[15],6,6963.8683,4358.4270,1.8950,7.9814,2.3303,0.9653,-55543255#0,-73.7027,5.3073,100.0000,default,18,rsu(146m),2156,66405,0.7602,146,10.0833,7,12,-73.7027,-90.6924,direct,0.0000,27.6000,-78.7958
332.8,node[15],6,6964.2709,4357.7137,1.8950,8.1896,2.0827,1.0009,-55543255#0,-68.9970,6.1709,100.0000,default,18,rsu(146m),2157,66441,0.8300,146,10.0805,7,12,-68.9970,-85.9867,direct,0.0000,28.8000,-78.7201
332.9,node[15],6,6964.6828,4356.9839,1.8950,8.3806,1.9093,1.0372,-55543255#0,-66.3697,11.7102,100.0000,default,18,rsu(147m),2158,66477,0.9873,147,10.0763,10,18,-66.3697,-83.3594,direct,0.0000,28.8000,-78.6403
333,node[15],6,6965.1053,4356.2353,1.8950,8.5946,2.1406,1.0570,-55543255#0,-67.6985,7.6813,100.0000,default,18,rsu(147m),2159,66513,0.9122,147,10.0830,8,14,-67.6985,-84.6882,direct,0.0000,28.8000,-78.5558
333.1,node[15],6,6965.5403,4355.4645,1.8950,8.8508,2.5614,1.0570,-55543255#0,-75.4547,2.4127,100.0000,default,18,rsu(148m),2160,66549,0.4271,148,10.0800,5,8,-75.4547,-92.4444,direct,0.0000,28.8000,-78.4660
333.2,node[15],6,6965.9854,4354.6758,1.8950,9.0557,2.0494,1.0570,-55543255#0,-65.8337,11.5908,100.0000,default,18,rsu(149m),2161,66582,0.9866,149,10.0862,10,18,-65.8337,-82.8234,direct,0.0000,27.6000,-78.4687
333.3,node[15],6,6966.4381,4353.8737,1.8950,9.2100,1.5426,1.0570,-55543255#0,-69.8236,7.5665,100.0000,default,18,rsu(149m),2162,66618,0.9075,149,10.0831,8,14,-69.8236,-86.8133,direct,0.0000,27.6000,-78.2717
333.4,node[15],6,6966.8998,4353.0558,1.8950,9.3915,1.8153,1.0570,-55543255#0,-67.9733,10.5574,100.0000,default,18,rsu(150m),2163,66654,0.9777,150,10.0799,9,16,-67.9733,-84.9630,direct,0.0000,28.8000,-78.1669
333.5,node[15],6,6967.3740,4352.2155,1.8950,9.6477,2.5615,1.0570,-55543255#0,-68.7714,9.7372,100.0000,default,18,rsu(151m),2164,66690,0.9667,151,10.0767,9,16,-68.7714,-85.7611,direct,0.0000,28.8000,-78.0556
333.6,node[15],6,6967.8559,4351.3617,1.8950,9.8038,1.5610,1.0570,-55543255#0,-66.5480,11.5733,100.0000,default,18,rsu(152m),2165,66726,0.9864,152,10.0828,10,18,-66.5480,-83.5377,direct,0.0000,28.8000,-77.9387
333.7,node[15],6,6968.3495,4350.4870,1.8950,10.0429,2.3913,1.0570,-55543255#0,-69.1391,9.6447,100.0000,default,18,rsu(152m),2166,66760,0.9652,152,10.0757,9,16,-69.1391,-86.1288,direct,0.0000,28.8000,-77.8113
333.8,node[15],6,6968.8517,4349.5974,1.8950,10.2150,1.7210,1.0570,-55543255#0,-64.8132,12.0323,100.0000,default,18,rsu(153m),2167,66796,0.9892,153,10.0853,10,18,-64.8132,-81.8029,direct,0.0000,28.0000,-77.6845
333.9,node[15],6,6969.3621,4348.6929,1.8950,10.3854,1.7041,1.0570,-55543255#0,-64.8095,11.0983,100.0000,default,18,rsu(154m),2168,66830,0.9829,154,10.0781,10,18,-64.8095,-81.7992,direct,0.0000,28.0000,-77.5439
334,node[15],6,6969.8791,4347.7769,1.8950,10.5177,1.3231,1.0570,-55543255#0,-73.3213,5.5344,100.0000,default,18,rsu(155m),2169,66866,0.7803,155,10.0746,7,12,-73.3213,-90.3110,direct,0.0000,28.0000,-77.4034
334.1,node[15],6,6970.4053,4346.8445,1.8950,10.7053,1.8758,1.0570,-55543255#0,-74.2704,2.5042,100.0000,default,18,rsu(156m),2170,66901,0.4383,156,10.0808,5,8,-74.2704,-91.2601,direct,0.0000,28.0000,-77.4083
334.2,node[15],6,6970.9424,4345.8929,1.8950,10.9263,2.2103,1.0570,-55543255#0,-65.0397,13.4624,100.0000,default,18,rsu(156m),2171,66934,0.9947,156,10.0865,11,20,-65.0397,-82.0294,direct,0.0000,27.2000,-77.4099
334.3,node[15],6,6971.4893,4344.9240,1.8950,11.1254,1.9907,1.0570,-55543255#0,-63.7531,14.9967,100.0000,default,18,rsu(157m),2172,66970,0.9975,157,10.0845,11,20,-63.7531,-80.7428,direct,0.0000,27.2000,-77.4181
334.4,node[15],6,6972.0437,4343.9416,1.8950,11.2797,1.5433,1.0570,-55543255#0,-67.1308,8.5564,100.0000,default,18,rsu(158m),2173,67007,0.9415,158,10.0825,8,14,-67.1308,-84.1205,direct,0.0000,29.2000,-76.7423
334.5,node[15],6,6972.6049,4342.9473,1.8950,11.4162,1.3650,1.0570,-55543255#0,-68.1324,8.4097,100.0000,default,18,rsu(159m),2174,67043,0.9373,159,10.0805,8,14,-68.1324,-85.1221,direct,0.0000,29.2000,-76.7464
334.6,node[15],6,6973.1774,4341.9329,1.8950,11.6473,2.3111,1.0570,-55543255#0,-73.8660,4.4093,100.0000,default,18,rsu(160m),2175,67079,0.6692,160,10.0784,6,10,-73.8660,-90.8557,direct,0.0000,28.8000,-76.7505
334.7,node[15],6,6973.7616,4340.8978,1.8950,11.8851,2.3780,1.0570,-55543255#0,-65.3317,13.3376,100.0000,default,18,rsu(161m),2176,67116,0.9943,161,10.0763,11,20,-65.3317,-82.3214,direct,0.0000,28.8000,-76.1424
334.8,node[15],6,6974.3536,4339.8488,1.8950,12.0443,1.5916,1.0570,-55543255#0,-67.7702,9.9999,100.0000,default,18,rsu(162m),2177,67153,0.9707,162,10.0742,9,16,-67.7702,-84.7599,direct,0.0000,29.6000,-75.9182
334.9,node[15],6,6974.9543,4338.7845,1.8950,12.2205,1.7623,1.0570,-55543255#0,-70.2409,8.4803,100.0000,default,18,rsu(163m),2178,67190,0.9394,163,10.0850,8,14,-70.2409,-87.2306,direct,0.0000,29.6000,-75.6807
335,node[15],6,6975.5642,4337.7038,1.8950,12.4082,1.8764,1.0570,-55543255#0,-68.8454,7.6428,100.0000,default,18,rsu(164m),2179,67227,0.9106,164,10.0828,8,14,-68.8454,-85.8351,direct,0.0000,29.6000,-75.6838
335.1,node[15],6,6976.1692,4336.6318,1.8950,12.3087,-0.9949,1.0570,-55543255#0,-70.2811,8.9710,100.0000,default,17,rsu(165m),2180,67262,0.9519,165,10.0768,8,14,-70.2811,-87.2708,direct,0.0000,29.6000,-75.6929
335.2,node[15],6,6976.7531,4335.5973,1.8950,11.8791,-4.2961,1.0570,-55543255#0,-69.2463,9.2861,100.0000,default,17,rsu(166m),2181,67300,0.9586,166,10.0745,9,16,-69.2463,-86.2360,direct,0.0000,29.2000,-74.9106
335.3,node[15],6,6977.3218,4334.5897,1.8950,11.5689,-3.1014,1.0570,-55543255#0,-72.1899,6.2722,100.0000,default,17,rsu(166m),2182,67338,0.8370,166,10.0851,7,12,-72.1899,-89.1796,direct,0.0000,29.2000,-74.6417
335.4,node[15],6,6977.8731,4333.6129,1.8950,11.2152,-3.5377,1.0570,-55543255#0,-69.2769,7.4786,100.0000,default,17,rsu(167m),2183,67375,0.9037,167,10.0828,8,14,-69.2769,-86.2666,direct,0.0000,30.0000,-74.6439
335.5,node[15],6,6978.4099,4332.6618,1.8950,10.9212,-2.9391,1.0570,-55543255#0,-72.9340,4.0094,100.0000,default,17,rsu(168m),2184,67413,0.6236,168,10.0768,6,10,-72.9340,-89.9237,direct,0.0000,30.0000,-74.0928
335.6,node[15],6,6978.9316,4331.7374,1.8950,10.6137,-3.0752,1.0570,-55543255#0,-67.8901,9.4601,100.0000,default,17,rsu(169m),2185,67451,0.9620,169,10.0744,9,16,-67.8901,-84.8798,direct,0.0000,30.4000,-73.8121
335.7,node[15],6,6979.4369,4330.8422,1.8950,10.2788,-3.3492,1.0570,-55543255#0,-67.8637,6.8848,100.0000,default,17,rsu(170m),2186,67489,0.8746,170,10.0849,7,12,-67.8637,-84.8534,direct,0.0000,30.4000,-73.5284
335.8,node[15],6,6979.9255,4329.9763,1.8950,9.9420,-3.3685,1.0570,-55543255#0,-74.5913,1.8025,100.0000,default,17,rsu(171m),2187,67526,0.3546,171,10.0823,5,8,-74.5913,-91.5810,direct,0.0000,30.0000,-73.5298
335.9,node[15],6,6980.3989,4329.1376,1.8950,9.6299,-3.1207,1.0570,-55543255#0,-67.9745,9.5720,100.0000,default,17,rsu(171m),2188,67562,0.9639,171,10.0760,9,16,-67.9745,-84.9642,direct,0.0000,30.0000,-72.9522
336,node[15],6,6980.8580,4328.3242,1.8950,9.3392,-2.9070,1.0570,-55543255#0,-72.1170,6.1520,100.0000,default,17,rsu(172m),2189,67597,0.8286,172,10.0827,7,12,-72.1170,-89.1067,direct,0.0000,28.4000,-72.9525
336.1,node[15],6,6981.3004,4327.5403,1.8950,9.0017,-3.3748,1.0570,-55543255#0,-80.0051,-5.0000,100.0000,default,17,rsu(173m),2190,67635,0.0180,173,10.0770,2,2,-80.0051,-96.9948,direct,0.0000,28.4000,-72.3672
336.2,node[15],6,6981.7319,4326.7758,1.8950,8.7777,-2.2401,1.0570,-55543255#0,-66.4155,10.3460,100.0000,default,18,rsu(174m),2191,67671,0.9752,174,10.0836,9,16,-66.4155,-83.4052,direct,0.0000,29.6000,-72.0647
336.3,node[15],6,6982.1445,4326.0448,1.8950,8.3934,-3.8429,1.0570,-55543255#0,-68.5185,8.6498,100.0000,default,18,rsu(174m),2192,67709,0.9440,174,10.0797,8,14,-68.5185,-85.5082,direct,0.0000,29.6000,-71.7684
336.4,node[15],6,6982.5472,4325.3312,1.8950,8.1938,-1.9956,1.0570,-55543255#0,-70.3946,4.3945,100.0000,default,18,rsu(175m),2193,67746,0.6676,175,10.0771,6,10,-70.3946,-87.3843,direct,0.0000,30.0000,-71.7691
336.5,node[15],6,6982.9324,4324.6486,1.8950,7.8371,-3.5670,1.0570,-55543255#0,-63.9527,12.0289,100.0000,default,18,rsu(176m),2194,67784,0.9892,176,10.0745,10,18,-63.9527,-80.9424,direct,0.0000,30.0000,-71.1659
336.6,node[15],6,6983.3004,4323.9966,1.8950,7.4858,-3.5133,1.0570,-55543255#0,-64.7477,13.6703,100.0000,default,18,rsu(176m),2195,67819,0.9952,176,10.0812,11,20,-64.7477,-81.7374,direct,0.0000,29.2000,-71.1660
336.7,node[15],6,6983.6541,4323.3699,1.8950,7.1964,-2.8942,1.0570,-55543255#0,-69.2676,7.5220,100.0000,default,18,rsu(177m),2196,67857,0.9056,177,10.0751,8,14,-69.2676,-86.2573,direct,0.0000,29.2000,-70.5683
336.8,node[15],6,6983.9949,4322.7662,1.8950,6.9315,-2.6486,1.0570,-55543255#0,-69.8284,8.9102,100.0000,default,18,rsu(177m),2197,67895,0.9505,177,10.0820,8,14,-69.8284,-86.8181,direct,0.0000,30.4000,-70.2692
336.9,node[15],6,6984.3238,4322.1833,1.8950,6.6926,-2.3899,1.0570,-55543255#0,-71.4247,2.5815,100.0000,default,18,rsu(178m),2198,67932,0.4479,178,10.0792,5,8,-71.4247,-88.4144,direct,0.0000,30.4000,-70.2696
337,node[15],6,6984.6362,4321.6298,1.8950,6.3552,-3.3736,1.0570,-55543255#0,-73.2752,5.5102,100.0000,default,18,rsu(179m),2199,67970,0.7782,179,10.0765,7,12,-73.2752,-90.2649,direct,0.0000,30.0000,-69.6728
337.1,node[15],6,6984.9388,4321.0936,1.8950,6.1569,-1.9832,1.0570,-55543255#0,-78.6801,0.2870,100.0000,default,18,rsu(179m),2200,68007,0.2048,179,10.0866,4,6,-78.6801,-95.6698,direct,0.0000,30.0000,-69.6731
337.2,node[15],6,6985.2304,4320.5771,1.8950,5.9311,-2.2573,1.0570,-55543255#0,-72.7628,6.2309,100.0000,default,18,rsu(180m),2201,68044,0.8342,180,10.0838,7,12,-72.7628,-89.7525,direct,0.0000,29.6000,-69.6734
337.3,node[15],6,6985.5056,4320.0894,1.8950,5.5992,-3.3199,1.0570,-55543255#0,-70.1666,4.0963,100.0000,default,18,rsu(180m),2202,68082,0.6337,180,10.0809,6,10,-70.1666,-87.1563,direct,0.0000,29.6000,-68.7850
337.4,node[15],6,6985.7683,4319.6239,1.8950,5.3447,-2.5446,1.0570,-55543255#0,-67.5422,8.1428,100.0000,default,18,rsu(180m),2203,68117,0.9290,180,10.0744,8,14,-67.5422,-84.5319,direct,0.0000,29.2000,-68.7850
337.5,node[15],6,6986.0209,4319.1763,1.8950,5.1395,-2.0515,1.0570,-55543255#0,-69.7011,8.2484,100.0000,default,18,rsu(181m),2204,68155,0.9324,181,10.0844,8,14,-69.7011,-86.6908,direct,0.0000,29.2000,-68.2081
337.6,node[15],6,6986.2614,4318.7503,1.8950,4.8916,-2.4795,1.0570,-55543255#0,-70.0325,8.1063,100.0000,default,18,rsu(181m),2205,68193,0.9278,181,10.0781,8,14,-70.0325,-87.0222,direct,0.0000,30.4000,-67.9242
337.7,node[15],6,6986.4886,4318.3477,1.8950,4.6228,-2.6876,1.0570,-55543255#0,-71.1884,7.6932,100.0000,default,18,rsu(182m),2206,68231,0.9127,182,10.0751,8,14,-71.1884,-88.1781,direct,0.0000,30.4000,-67.6465
337.8,node[15],6,6986.7025,4317.9688,1.8950,4.3504,-2.7245,1.0570,-55543255#0,-73.9322,5.4426,100.0000,default,18,rsu(182m),2207,68269,0.7723,182,10.0850,7,12,-73.9322,-90.9219,direct,0.0000,30.4000,-67.3762
337.9,node[15],6,6986.9037,4317.6122,1.8950,4.0947,-2.5566,1.0570,-55543255#0,-69.7162,9.0904,100.0000,default,18,rsu(182m),2208,68307,0.9546,182,10.0819,9,16,-69.7162,-86.7059,direct,0.0000,30.4000,-67.1135
338,node[15],6,6987.0958,4317.2719,1.8950,3.9075,-1.8720,1.0570,-55543255#0,-69.3061,4.6457,100.0000,default,18,rsu(183m),2209,68345,0.6948,183,10.0778,6,10,-69.3061,-86.2958,direct,0.0000,30.4000,-66.8547
338.1,node[15],6,6987.2775,4316.9500,1.8950,3.6959,-2.1162,1.0570,-55543255#0,-70.4295,7.6134,100.0000,default,18,rsu(183m),2210,68383,0.9094,183,10.0848,8,14,-70.4295,-87.4192,direct,0.0000,30.4000,-66.6022
338.2,node[15],6,6987.4500,4316.6443,1.8950,3.5099,-1.8604,1.0570,-55543255#0,-73.7907,0.5132,100.0000,default,18,rsu(183m),2211,68422,0.2238,183,10.0829,4,6,-73.7907,-90.7804,direct,0.0000,30.8000,-66.3551
338.3,node[15],6,6987.6157,4316.3507,1.8950,3.3706,-1.3924,1.0570,-55543255#0,-75.2233,3.2030,100.0000,default,18,rsu(184m),2212,68459,0.5253,184,10.0775,6,10,-75.2233,-92.2130,direct,0.0000,30.8000,-66.1106
338.4,node[15],6,6987.7701,4316.0772,1.8950,3.1407,-2.2988,1.0570,-55543255#0,-71.3564,7.6420,100.0000,default,18,rsu(184m),2213,68498,0.9106,184,10.0756,8,14,-71.3564,-88.3461,direct,0.0000,30.4000,-65.8762
338.5,node[15],6,6987.9141,4315.8219,1.8950,2.9312,-2.0953,1.0570,-55543255#0,-82.5272,-5.0000,100.0000,default,18,rsu(184m),2214,68537,0.0180,184,10.0866,2,2,-82.5272,-99.5169,direct,0.0000,30.4000,-65.6514
338.6,node[15],6,6988.0476,4315.5854,1.8950,2.7158,-2.1541,1.0570,-55543255#0,-76.2775,-0.6464,100.0000,default,18,rsu(184m),2215,68576,0.1391,184,10.0846,4,6,-76.2775,-93.2672,direct,0.0000,31.2000,-65.4375
338.7,node[15],6,6988.1749,4315.3598,1.8950,2.5902,-1.2564,1.0570,-55543255#0,-77.8857,-3.0824,100.0000,default,18,rsu(185m),2216,68615,0.0456,185,10.0826,2,2,-77.8857,-94.8754,direct,0.0000,31.2000,-65.2283
338.8,node[15],6,6988.2940,4315.1489,1.8950,2.4217,-1.6849,1.0570,-55543255#0,-73.3907,1.2066,100.0000,default,18,rsu(185m),2217,68654,0.2897,185,10.0805,5,8,-73.3907,-90.3804,direct,0.0000,31.2000,-65.0279
338.9,node[15],6,6988.4026,4314.9565,1.8950,2.2092,-2.1242,1.0570,-55543255#0,-68.1062,9.5917,100.0000,default,18,rsu(185m),2218,68693,0.9643,185,10.0784,9,16,-68.1062,-85.0959,direct,0.0000,31.2000,-64.8408
339,node[15],6,6988.5055,4314.7741,1.8950,2.0945,-1.1479,1.0570,-55543255#0,-71.6764,3.1674,100.0000,default,18,rsu(185m),2219,68731,0.5209,185,10.0762,6,10,-71.6764,-88.6661,direct,0.0000,30.8000,-64.8408
339.1,node[15],6,6988.6000,4314.6066,1.8950,1.9225,-1.7196,1.0570,-55543255#0,-69.5151,5.3971,100.0000,default,18,rsu(185m),2220,68770,0.7683,185,10.0838,7,12,-69.5151,-86.5048,direct,0.0000,30.8000,-64.4896
339.2,node[15],6,6988.6892,4314.4487,1.8950,1.8134,-1.0906,1.0570,-55543255#0,-65.4216,13.2673,100.0000,default,18,rsu(185m),2221,68809,0.9941,185,10.0831,11,20,-65.4216,-82.4113,direct,0.0000,31.2000,-64.3261
339.3,node[15],6,6988.7714,4314.3030,1.8950,1.6730,-1.4041,1.0570,-55543255#0,-72.5467,4.8372,100.0000,default,18,rsu(186m),2222,68848,0.7148,186,10.0823,6,10,-72.5467,-89.5364,direct,0.0000,31.2000,-64.1725
339.4,node[15],6,6988.8489,4314.1657,1.8950,1.5758,-0.9723,1.0570,-55543255#0,-73.5418,0.7540,100.0000,default,18,rsu(186m),2223,68887,0.2455,186,10.0815,4,6,-73.5418,-90.5315,direct,0.0000,31.2000,-64.0251
339.5,node[15],6,6988.9205,4314.0388,1.8950,1.4573,-1.1848,1.0570,-55543255#0,-76.1247,-1.3120,100.0000,default,18,rsu(186m),2224,68925,0.1038,186,10.0806,3,4,-76.1247,-93.1144,direct,0.0000,31.2000,-64.0251
339.6,node[15],6,6988.9845,4313.9254,1.8950,1.3029,-1.5445,1.0570,-55543255#0,-73.4758,0.3779,100.0000,default,18,rsu(186m),2225,68964,0.2123,186,10.0796,4,6,-73.4758,-90.4655,direct,0.0000,30.8000,-63.7607
339.7,node[15],6,6989.0445,4313.8192,1.8950,1.2193,-0.8352,1.0570,-55543255#0,-64.9247,12.9483,100.0000,default,18,rsu(186m),2226,69002,0.9931,186,10.0759,10,18,-64.9247,-81.9144,direct,0.0000,30.8000,-63.7607
339.8,node[15],6,6989.0987,4313.7231,1.8950,1.1026,-1.1679,1.0570,-55543255#0,-64.0955,14.5045,100.0000,default,18,rsu(186m),2227,69041,0.9968,186,10.0749,11,20,-64.0955,-81.0852,direct,0.0000,30.8000,-63.5317
339.9,node[15],6,6989.1492,4313.6336,1.8950,1.0284,-0.7420,1.0570,-55543255#0,-66.7850,7.5254,100.0000,default,18,rsu(186m),2228,69080,0.9057,186,10.0841,8,14,-66.7850,-83.7747,direct,0.0000,30.8000,-63.4283
340,node[15],6,6989.1960,4313.5507,1.8950,0.9511,-0.7730,1.0570,-55543255#0,-69.8635,6.9012,100.0000,default,18,rsu(186m),2229,69118,0.8755,186,10.0829,7,12,-69.8635,-86.8532,direct,0.0000,30.8000,-63.4283
340.1,node[15],6,6989.2387,4313.4749,1.8950,0.8703,-0.8072,1.0570,-55543255#0,-71.6108,3.9556,100.0000,default,18,rsu(186m),2230,69157,0.6172,186,10.0816,6,10,-71.6108,-88.6005,direct,0.0000,30.8000,-63.2419
340.2,node[15],6,6989.2777,4313.4060,1.8950,0.7921,-0.7822,1.0570,-55543255#0,-74.4136,3.1914,100.0000,default,18,rsu(186m),2231,69196,0.5239,186,10.0803,6,10,-74.4136,-91.4033,direct,0.0000,31.2000,-63.1596
340.3,node[15],6,6989.3120,4313.3452,1.8950,0.6978,-0.9429,1.0570,-55543255#0,-66.7820,11.3004,100.0000,default,18,rsu(186m),2232,69235,0.9845,186,10.0763,10,18,-66.7820,-83.7717,direct,0.0000,31.2000,-63.0864
340.4,node[15],6,6989.3441,4313.2883,1.8950,0.6533,-0.4454,1.0570,-55543255#0,-78.1739,0.2311,100.0000,default,18,rsu(187m),2233,69274,0.2003,187,10.0849,4,6,-78.1739,-95.1636,direct,0.0000,31.2000,-63.0173
340.5,node[15],6,6989.3727,4313.2377,1.8950,0.5812,-0.7205,1.0570,-55543255#0,-66.9674,8.7367,100.0000,default,18,rsu(187m),2234,69313,0.9463,187,10.0864,8,14,-66.9674,-83.9571,direct,0.0000,31.2000,-62.9553
340.6,node[15],6,6989.3995,4313.1901,1.8950,0.5466,-0.3468,1.0570,-55543255#0,-64.3500,13.9422,100.0000,default,18,rsu(187m),2235,69351,0.9958,187,10.0774,11,20,-64.3500,-81.3397,direct,0.0000,30.8000,-62.9553
340.7,node[15],6,6989.4238,4313.1471,1.8950,0.4933,-0.5327,1.0570,-55543255#0,-75.7174,1.7260,100.0000,default,18,rsu(187m),2236,69390,0.3459,187,10.0821,5,8,-75.7174,-92.7071,direct,0.0000,30.8000,-62.8433
340.8,node[15],6,6989.4457,4313.1083,1.8950,0.4454,-0.4792,1.0570,-55543255#0,-72.3898,2.3154,100.0000,default,18,rsu(187m),2237,69429,0.4153,187,10.0764,5,8,-72.3898,-89.3795,direct,0.0000,31.2000,-62.7949
340.9,node[15],6,6989.4654,4313.0733,1.8950,0.4020,-0.4336,1.0570,-55543255#0,-66.3187,12.3391,100.0000,default,18,rsu(187m),2238,69468,0.9907,187,10.0837,10,18,-66.3187,-83.3084,direct,0.0000,31.2000,-62.7510
341,node[15],6,6989.4840,4313.0404,1.8950,0.3773,-0.2469,1.0570,-55543255#0,-71.0684,6.1253,100.0000,default,18,rsu(187m),2239,69507,0.8267,187,10.0780,7,12,-71.0684,-88.0581,direct,0.0000,31.2000,-62.7095
341.1,node[15],6,6989.5001,4313.0118,1.8950,0.3288,-0.4853,1.0570,-55543255#0,-71.8017,2.4941,100.0000,default,18,rsu(187m),2240,69546,0.4371,187,10.0852,5,8,-71.8017,-88.7914,direct,0.0000,31.2000,-62.6732
341.2,node[15],6,6989.5147,4312.9860,1.8950,0.2963,-0.3244,1.0570,-55543255#0,-68.4624,5.7375,100.0000,default,18,rsu(187m),2241,69585,0.7972,187,10.0794,7,12,-68.4624,-85.4521,direct,0.0000,31.2000,-62.6404
341.3,node[15],6,6989.5277,4312.9630,1.8950,0.2639,-0.3242,1.0570,-55543255#0,-75.7287,-0.5061,100.0000,default,18,rsu(187m),2242,69623,0.1477,187,10.0840,4,6,-75.7287,-92.7184,direct,0.0000,31.2000,-62.6404
341.4,node[15],6,6989.5398,4312.9415,1.8950,0.2466,-0.1737,1.0570,-55543255#0,-73.4403,5.0603,100.0000,default,18,rsu(187m),2243,69659,0.7369,187,10.0747,7,12,-73.4403,-90.4300,direct,0.0000,29.6000,-62.6403
341.5,node[15],6,6989.5508,4312.9221,1.8950,0.2233,-0.2326,1.0570,-55543255#0,-72.3911,5.5994,100.0000,default,18,rsu(187m),2244,69698,0.7858,187,10.0790,7,12,-72.3911,-89.3808,direct,0.0000,29.6000,-62.5585
341.6,node[15],6,6989.5607,4312.9045,1.8950,0.2025,-0.2077,1.0570,-55543255#0,-70.5948,8.5158,100.0000,default,18,rsu(187m),2245,69736,0.9404,187,10.0860,8,14,-70.5948,-87.5845,direct,0.0000,30.8000,-62.5585
341.7,node[15],6,6989.5694,4312.8890,1.8950,0.1769,-0.2561,1.0570,-55543255#0,-76.0140,3.3040,100.0000,default,18,rsu(187m),2246,69775,0.5379,187,10.0800,6,10,-76.0140,-93.0037,direct,0.0000,30.8000,-62.5158
341.8,node[15],6,6989.5774,4312.8749,1.8950,0.1622,-0.1471,1.0570,-55543255#0,-66.6446,10.6771,100.0000,default,18,rsu(187m),2247,69814,0.9789,187,10.0841,9,16,-66.6446,-83.6343,direct,0.0000,31.2000,-62.4975
341.9,node[15],6,6989.5845,4312.8622,1.8950,0.1458,-0.1645,1.0570,-55543255#0,-67.5271,9.0218,100.0000,default,18,rsu(187m),2248,69852,0.9531,187,10.0756,9,16,-67.5271,-84.5168,direct,0.0000,31.2000,-62.4975
342,node[15],6,6989.5910,4312.8508,1.8950,0.1312,-0.1456,1.0570,-55543255#0,-71.0162,3.4978,100.0000,default,18,rsu(187m),2249,69891,0.5619,187,10.0825,6,10,-71.0162,-88.0059,direct,0.0000,30.8000,-62.4662
342.1,node[15],6,6989.5969,4312.8403,1.8950,0.1203,-0.1091,1.0570,-55543255#0,-74.0690,-0.1626,100.0000,default,18,rsu(187m),2250,69930,0.1706,187,10.0763,4,6,-74.0690,-91.0587,direct,0.0000,30.8000,-62.4525
342.2,node[15],6,6989.6021,4312.8311,1.8950,0.1056,-0.1465,1.0570,-55543255#0,-72.7763,3.3433,100.0000,default,18,rsu(187m),2251,69968,0.5428,187,10.0832,6,10,-72.7763,-89.7660,direct,0.0000,30.8000,-62.4525
342.3,node[15],6,6989.6070,4312.8225,1.8950,0.0992,-0.0645,1.0570,-55543255#0,-72.0369,3.6374,100.0000,default,18,rsu(187m),2252,70007,0.5790,187,10.0790,6,10,-72.0369,-89.0266,direct,0.0000,30.8000,-62.4292
342.4,node[15],6,6989.6113,4312.8148,1.8950,0.0887,-0.1051,1.0570,-55543255#0,-80.1930,-3.9369,100.0000,default,18,rsu(187m),2253,70046,0.0302,187,10.0748,2,2,-80.1930,-97.1827,direct,0.0000,31.2000,-62.4191
342.5,node[15],6,6989.6151,4312.8080,1.8950,0.0771,-0.1157,1.0570,-55543255#0,-69.5488,9.7906,100.0000,default,18,rsu(187m),2254,70085,0.9676,187,10.0836,9,16,-69.5488,-86.5385,direct,0.0000,31.2000,-62.4103
342.6,node[15],6,6989.6186,4312.8019,1.8950,0.0707,-0.0636,1.0570,-55543255#0,-71.6270,7.4878,100.0000,default,18,rsu(187m),2255,70123,0.9041,187,10.0770,8,14,-71.6270,-88.6167,direct,0.0000,30.8000,-62.4102
342.7,node[15],6,6989.6218,4312.7962,1.8950,0.0654,-0.0539,1.0570,-55543255#0,-71.6353,5.0321,100.0000,default,18,rsu(187m),2256,70162,0.7342,187,10.0857,7,12,-71.6353,-88.6250,direct,0.0000,30.8000,-62.3947
342.8,node[15],6,6989.6246,4312.7912,1.8950,0.0567,-0.0861,1.0570,-55543255#0,-66.3203,12.7251,100.0000,default,18,rsu(187m),2257,70201,0.9923,187,10.0790,10,18,-66.3203,-83.3100,direct,0.0000,31.2000,-62.3882
342.9,node[15],6,6989.6272,4312.7867,1.8950,0.0521,-0.0464,1.0570,-55543255#0,-68.6751,10.7003,100.0000,default,18,rsu(187m),2258,70239,0.9792,187,10.0872,9,16,-68.6751,-85.6648,direct,0.0000,31.2000,-62.3882
343,node[15],6,6989.6295,4312.7826,1.8950,0.0467,-0.0537,1.0570,-55543255#0,-77.6371,-0.9999,100.0000,default,18,rsu(187m),2259,70278,0.1192,187,10.0828,4,6,-77.6371,-94.6268,direct,0.0000,30.8000,-62.3768
343.1,node[15],6,6989.6315,4312.7789,1.8950,0.0425,-0.0423,1.0570,-55543255#0,-69.0803,5.0409,100.0000,default,18,rsu(187m),2260,70317,0.7351,187,10.0808,7,12,-69.0803,-86.0700,direct,0.0000,30.8000,-62.3719
343.2,node[15],6,6989.6334,4312.7756,1.8950,0.0384,-0.0408,1.0570,-55543255#0,-80.9750,-5.0000,100.0000,default,18,rsu(187m),2261,70355,0.0180,187,10.0787,2,2,-80.9750,-97.9647,direct,0.0000,30.8000,-62.3719
343.3,node[15],6,6989.6352,4312.7725,1.8950,0.0350,-0.0341,1.0570,-55543255#0,-68.1569,6.1552,100.0000,default,18,rsu(187m),2262,70393,0.8289,187,10.0765,7,12,-68.1569,-85.1466,direct,0.0000,30.8000,-62.3719
343.4,node[15],6,6989.6367,4312.7698,1.8950,0.0314,-0.0364,1.0570,-55543255#0,-69.2102,7.2796,100.0000,default,18,rsu(187m),2263,70430,0.8947,187,10.0841,8,14,-69.2102,-86.1999,direct,0.0000,30.0000,-62.3598
343.5,node[15],6,6989.6381,4312.7674,1.8950,0.0280,-0.0336,1.0570,-55543255#0,-75.5189,-1.4055,100.0000,default,18,rsu(187m),2264,70467,0.0995,187,10.0785,3,4,-75.5189,-92.5086,direct,0.0000,30.0000,-62.3566
343.6,node[15],6,6989.6393,4312.7651,1.8950,0.0259,-0.0216,1.0570,-55543255#0,-68.1664,10.4862,100.0000,default,18,rsu(187m),2265,70504,0.9769,187,10.0860,9,16,-68.1664,-85.1561,direct,0.0000,29.6000,-62.3536
343.7,node[15],6,6989.6405,4312.7632,1.8950,0.0224,-0.0344,1.0570,-55543255#0,-74.2670,2.7689,100.0000,default,18,rsu(187m),2266,70543,0.4711,187,10.0814,5,8,-74.2670,-91.2567,direct,0.0000,29.6000,-62.3510
343.8,node[15],6,6989.6415,4312.7614,1.8950,0.0208,-0.0160,1.0570,-55543255#0,-70.7374,4.2092,100.0000,default,18,rsu(187m),2267,70582,0.6467,187,10.0791,6,10,-70.7374,-87.7271,direct,0.0000,31.2000,-62.3486
343.9,node[15],6,6989.6424,4312.7597,1.8950,0.0185,-0.0230,1.0570,-55543255#0,-73.7870,5.5074,100.0000,default,18,rsu(187m),2268,70618,0.7779,187,10.0865,7,12,-73.7870,-90.7767,direct,0.0000,31.2000,-62.3486
344,node[15],6,6989.6432,4312.7583,1.8950,0.0166,-0.0193,1.0570,-55543255#0,-72.6605,2.0265,100.0000,default,18,rsu(187m),2269,70657,0.3807,187,10.0813,5,8,-72.6605,-89.6502,direct,0.0000,30.0000,-62.3445
344.1,node[15],6,6989.6440,4312.7569,1.8950,0.0156,-0.0099,1.0570,-55543255#0,-79.2062,-2.3294,100.0000,default,18,rsu(187m),2270,70694,0.0651,187,10.0756,3,4,-79.2062,-96.1959,direct,0.0000,30.0000,-62.3427
344.2,node[15],6,6989.6446,4312.7557,1.8950,0.0137,-0.0190,1.0570,-55543255#0,-68.4418,9.2706,100.0000,default,18,rsu(187m),2271,70733,0.9583,187,10.0861,9,16,-68.4418,-85.4315,direct,0.0000,30.4000,-62.3411
344.3,node[15],6,6989.6452,4312.7547,1.8950,0.0123,-0.0135,1.0570,-55543255#0,-77.7962,-2.3040,100.0000,default,18,rsu(187m),2272,70772,0.0659,187,10.0835,3,4,-77.7962,-94.7859,direct,0.0000,30.4000,-62.3396
344.4,node[15],6,6989.6458,4312.7537,1.8950,0.0111,-0.0120,1.0570,-55543255#0,-72.6741,2.1443,100.0000,default,18,rsu(187m),2273,70811,0.3946,187,10.0809,5,8,-72.6741,-89.6638,direct,0.0000,31.2000,-62.3383
344.5,node[15],6,6989.6463,4312.7528,1.8950,0.0103,-0.0088,1.0570,-55543255#0,-70.1172,6.5020,100.0000,default,18,rsu(187m),2274,70850,0.8521,187,10.0760,7,12,-70.1172,-87.1069,direct,0.0000,31.2000,-62.3371
344.6,node[15],6,6989.6468,4312.7520,1.8950,0.0094,-0.0088,1.0570,-55543255#0,-70.7966,4.9758,100.0000,default,18,rsu(187m),2275,70889,0.7287,187,10.0841,6,10,-70.7966,-87.7863,direct,0.0000,31.2000,-62.3360
344.7,node[15],6,6989.6472,4312.7513,1.8950,0.0081,-0.0127,1.0570,-55543255#0,-70.5868,7.1906,100.0000,default,18,rsu(187m),2276,70927,0.8904,187,10.0813,8,14,-70.5868,-87.5765,direct,0.0000,31.2000,-62.3360
344.8,node[15],6,6989.6475,4312.7506,1.8950,0.0076,-0.0048,1.0570,-55543255#0,-72.2902,6.8223,100.0000,default,18,rsu(187m),2277,70966,0.8711,187,10.0835,7,12,-72.2902,-89.2799,direct,0.0000,30.8000,-62.3341
344.9,node[15],6,6989.6479,4312.7500,1.8950,0.0067,-0.0092,1.0570,-55543255#0,-69.4076,9.5720,100.0000,default,18,rsu(187m),2278,71004,0.9639,187,10.0834,9,16,-69.4076,-86.3973,direct,0.0000,30.8000,-62.3341
345,node[15],6,6989.6482,4312.7495,1.8950,0.0060,-0.0068,1.0570,-55543255#0,-77.3109,1.4293,100.0000,default,18,rsu(187m),2279,71043,0.3132,187,10.0855,5,8,-77.3109,-94.3006,direct,0.0000,30.8000,-62.3326
345.1,node[15],6,6989.6484,4312.7490,1.8950,0.0055,-0.0048,1.0570,-55543255#0,-85.5775,-5.0000,100.0000,default,18,rsu(187m),2280,71082,0.0180,187,10.0875,2,2,-85.5775,-102.5672,direct,0.0000,30.8000,-62.3319
345.2,node[15],6,6989.6487,4312.7486,1.8950,0.0050,-0.0057,1.0570,-55543255#0,-67.6968,7.0535,100.0000,default,18,rsu(187m),2281,71120,0.8836,187,10.0764,8,14,-67.6968,-84.6865,direct,0.0000,30.8000,-62.3319
345.3,node[15],6,6989.6489,4312.7482,1.8950,0.0045,-0.0047,1.0570,-55543255#0,-69.8192,8.6105,100.0000,default,18,rsu(187m),2282,71159,0.9430,187,10.0783,8,14,-69.8192,-86.8089,direct,0.0000,30.8000,-62.3307
345.4,node[15],6,6989.6491,4312.7479,1.8950,0.0041,-0.0038,1.0570,-55543255#0,-68.5725,10.4701,100.0000,default,18,rsu(187m),2283,71198,0.9767,187,10.0801,9,16,-68.5725,-85.5622,direct,0.0000,31.2000,-62.3302
345.5,node[15],6,6989.6493,4312.7475,1.8950,0.0036,-0.0047,1.0570,-55543255#0,-64.0598,9.6898,100.0000,default,18,rsu(187m),2284,71237,0.9659,187,10.0819,9,16,-64.0598,-81.0495,direct,0.0000,31.2000,-62.3298
345.6,node[15],6,6989.6494,4312.7473,1.8950,0.0032,-0.0041,1.0570,-55543255#0,-69.5460,7.7900,100.0000,default,18,rsu(187m),2285,71276,0.9164,187,10.0816,8,14,-69.5460,-86.5357,direct,0.0000,31.2000,-62.3294
345.7,node[15],6,6989.6496,4312.7470,1.8950,0.0030,-0.0027,1.0570,-55543255#0,-67.2866,10.3865,100.0000,default,18,rsu(187m),2286,71315,0.9757,187,10.0833,9,16,-67.2866,-84.2763,direct,0.0000,31.2000,-62.3290
345.8,node[15],6,6989.6497,4312.7468,1.8950,0.0027,-0.0024,1.0570,-55543255#0,-71.2020,5.4443,100.0000,default,18,rsu(187m),2287,71352,0.7724,187,10.0765,7,12,-71.2020,-88.1917,direct,0.0000,30.4000,-62.3286
345.9,node[15],6,6989.6498,4312.7466,1.8950,0.0023,-0.0038,1.0570,-55543255#0,-69.2867,9.0946,100.0000,default,18,rsu(187m),2288,71391,0.9547,187,10.0860,9,16,-69.2867,-86.2764,direct,0.0000,30.4000,-62.3283
346,node[15],6,6989.6499,4312.7464,1.8950,0.0022,-0.0018,1.0570,-55543255#0,-73.8659,0.5800,100.0000,default,18,rsu(187m),2289,71430,0.2297,187,10.0824,4,6,-73.8659,-90.8556,direct,0.0000,31.2000,-62.3280
346.1,node[15],6,6989.6500,4312.7462,1.8950,0.0019,-0.0023,1.0570,-55543255#0,-74.5499,3.9943,100.0000,default,18,rsu(187m),2290,71469,0.6218,187,10.0761,6,10,-74.5499,-91.5396,direct,0.0000,31.2000,-62.3278
346.2,node[15],6,6989.6501,4312.7460,1.8950,0.0018,-0.0012,1.0570,-55543255#0,-66.7105,7.3911,100.0000,default,18,rsu(187m),2291,71507,0.8998,187,10.0833,8,14,-66.7105,-83.7002,direct,0.0000,30.8000,-62.3277
346.3,node[15],6,6989.6502,4312.7459,1.8950,0.0016,-0.0022,1.0570,-55543255#0,-68.4945,9.1596,100.0000,default,18,rsu(187m),2292,71545,0.9561,187,10.0796,9,16,-68.4945,-85.4842,direct,0.0000,30.8000,-62.3277
346.4,node[15],6,6989.6503,4312.7458,1.8950,0.0014,-0.0016,1.0570,-55543255#0,-73.6630,3.3305,100.0000,default,18,rsu(187m),2293,71584,0.5412,187,10.0757,6,10,-73.6630,-90.6527,direct,0.0000,30.8000,-62.3271
346.5,node[15],6,6989.6503,4312.7457,1.8950,0.0013,-0.0011,1.0570,-55543255#0,-71.1622,6.4304,100.0000,default,18,rsu(187m),2294,71623,0.8475,187,10.0849,7,12,-71.1622,-88.1519,direct,0.0000,30.8000,-62.3269
346.6,node[15],6,6989.6504,4312.7456,1.8950,0.0012,-0.0010,1.0570,-55543255#0,-68.0150,9.8427,100.0000,default,18,rsu(187m),2295,71660,0.9684,187,10.0777,9,16,-68.0150,-85.0047,direct,0.0000,30.4000,-62.3267
346.7,node[15],6,6989.6504,4312.7455,1.8950,0.0011,-0.0012,1.0570,-55543255#0,-67.3493,8.0558,100.0000,default,18,rsu(187m),2296,71699,0.9261,187,10.0867,8,14,-67.3493,-84.3390,direct,0.0000,30.4000,-62.3265
346.8,node[15],6,6989.6505,4312.7454,1.8950,0.0009,-0.0014,1.0570,-55543255#0,-68.2879,9.5560,100.0000,default,18,rsu(187m),2297,71738,0.9637,187,10.0827,9,16,-68.2879,-85.2776,direct,0.0000,31.2000,-62.3263
346.9,node[15],6,6989.6505,4312.7453,1.8950,0.0009,-0.0009,1.0570,-55543255#0,-74.2765,-0.2413,100.0000,default,18,rsu(187m),2298,71776,0.1651,187,10.0786,4,6,-74.2765,-91.2662,direct,0.0000,31.2000,-62.3263
347,node[15],6,6989.6506,4312.7453,1.8950,0.0008,-0.0009,1.0570,-55543255#0,-73.1304,4.7778,100.0000,default,18,rsu(187m),2299,71815,0.7087,187,10.0874,6,10,-73.1304,-90.1201,direct,0.0000,30.8000,-62.3260
347.1,node[15],6,6989.6506,4312.7452,1.8950,0.0007,-0.0007,1.0570,-55543255#0,-70.3259,7.2141,100.0000,default,18,rsu(187m),2300,71855,0.8916,187,10.0832,8,14,-70.3259,-87.3156,direct,0.0000,30.8000,-62.3259
347.2,node[15],6,6989.6506,4312.7451,1.8950,0.0006,-0.0007,1.0570,-55543255#0,-71.1551,4.5537,100.0000,default,18,rsu(187m),2301,71894,0.6850,187,10.0790,6,10,-71.1551,-88.1448,direct,0.0000,31.6000,-62.3258
347.3,node[15],6,6989.6507,4312.7451,1.8950,0.0006,-0.0006,1.0570,-55543255#0,-68.5796,10.0832,100.0000,default,18,rsu(187m),2302,71933,0.9718,187,10.0747,9,16,-68.5796,-85.5693,direct,0.0000,31.6000,-62.3258
347.4,node[15],6,6989.6507,4312.7450,1.8950,0.0005,-0.0004,1.0570,-55543255#0,-70.1705,5.8323,100.0000,default,18,rsu(187m),2303,71973,0.8047,187,10.0833,7,12,-70.1705,-87.1602,direct,0.0000,31.6000,-62.3255
347.5,node[15],6,6989.6507,4312.7450,1.8950,0.0005,-0.0005,1.0570,-55543255#0,-71.0894,7.6227,100.0000,default,18,rsu(187m),2304,72013,0.9098,187,10.0788,8,14,-71.0894,-88.0791,direct,0.0000,31.6000,-62.3254
347.6,node[15],6,6989.6507,4312.7450,1.8950,0.0004,-0.0005,1.0570,-55543255#0,-67.7036,6.6524,100.0000,default,18,rsu(187m),2305,72053,0.8613,187,10.0873,7,12,-67.7036,-84.6933,direct,0.0000,32.0000,-62.3253
347.7,node[15],6,6989.6507,4312.7449,1.8950,0.0004,-0.0004,1.0570,-55543255#0,-72.6192,6.3430,100.0000,default,18,rsu(187m),2306,72093,0.8418,187,10.0828,7,12,-72.6192,-89.6089,direct,0.0000,32.0000,-62.3252
347.8,node[15],6,6989.6508,4312.7449,1.8950,0.0003,-0.0003,1.0570,-55543255#0,-68.8167,5.0810,100.0000,default,18,rsu(187m),2307,72132,0.7389,187,10.0763,7,12,-68.8167,-85.8064,direct,0.0000,31.6000,-62.3251
347.9,node[15],6,6989.6508,4312.7449,1.8950,0.0003,-0.0004,1.0570,-55543255#0,-82.2666,-4.7220,100.0000,default,18,rsu(187m),2308,72170,0.0206,187,10.0814,2,2,-82.2666,-99.2563,direct,0.0000,31.6000,-62.3250
348,node[15],6,6989.6508,4312.7449,1.8950,0.0003,-0.0002,1.0570,-55543255#0,-69.4988,7.5119,100.0000,default,18,rsu(187m),2309,72210,0.9052,187,10.0838,8,14,-69.4988,-86.4885,direct,0.0000,31.2000,-62.3249
348.1,node[15],6,6989.6508,4312.7448,1.8950,0.0002,-0.0004,1.0570,-55543255#0,-74.0635,2.0818,100.0000,default,18,rsu(187m),2310,72249,0.3872,187,10.0862,5,8,-74.0635,-91.0532,direct,0.0000,31.2000,-62.3248
348.2,node[15],6,6989.6508,4312.7448,1.8950,0.0002,-0.0002,1.0570,-55543255#0,-74.5516,-0.6465,100.0000,default,18,rsu(187m),2311,72288,0.1390,187,10.0867,4,6,-74.5516,-91.5413,direct,0.0000,31.2000,-62.3247
348.3,node[15],6,6989.6508,4312.7448,1.8950,0.0002,-0.0002,1.0570,-55543255#0,-75.5612,3.5445,100.0000,default,18,rsu(187m),2312,72328,0.5676,187,10.0760,6,10,-75.5612,-92.5509,direct,0.0000,31.2000,-62.3246
348.4,node[15],6,6989.6508,4312.7448,1.8950,0.0002,-0.0002,1.0570,-55543255#0,-77.5638,-1.9994,100.0000,default,18,rsu(187m),2313,72367,0.0759,187,10.0782,3,4,-77.5638,-94.5535,direct,0.0000,31.6000,-62.3245
348.5,node[15],6,6989.6508,4312.7448,1.8950,0.0002,-0.0002,1.0570,-55543255#0,-70.1765,5.0703,100.0000,default,18,rsu(187m),2314,72406,0.7379,187,10.0804,7,12,-70.1765,-87.1662,direct,0.0000,31.6000,-62.3244
348.6,node[15],6,6989.6508,4312.7447,1.8950,0.0002,-0.0002,1.0570,-55543255#0,-70.0413,5.3518,100.0000,default,18,rsu(187m),2315,72446,0.7642,187,10.0807,7,12,-70.0413,-87.0310,direct,0.0000,31.6000,-62.3242
348.7,node[15],6,6989.6509,4312.7447,1.8950,0.0001,-0.0001,1.0570,-55543255#0,-74.9284,2.6565,100.0000,default,18,rsu(187m),2316,72484,0.4572,187,10.0797,5,8,-74.9284,-91.9181,direct,0.0000,31.6000,-62.3241
348.8,node[15],6,6989.6509,4312.7447,1.8950,0.0001,-0.0001,1.0570,-55543255#0,-81.0497,-1.9006,100.0000,default,18,rsu(187m),2317,72522,0.0794,187,10.0785,3,4,-81.0497,-98.0394,direct,0.0000,30.4000,-62.3240
348.9,node[15],6,6989.6509,4312.7447,1.8950,0.0001,-0.0002,1.0570,-55543255#0,-66.5118,8.1405,100.0000,default,18,rsu(187m),2318,72561,0.9289,187,10.0788,8,14,-66.5118,-83.5015,direct,0.0000,30.4000,-62.3239
349,node[15],6,6989.6509,4312.7447,1.8950,0.0001,-0.0001,1.0570,-55543255#0,-68.8255,7.2929,100.0000,default,18,rsu(187m),2319,72601,0.8953,187,10.0808,8,14,-68.8255,-85.8152,direct,0.0000,31.6000,-62.3238
349.1,node[15],6,6989.6509,4312.7447,1.8950,0.0001,-0.0001,1.0570,-55543255#0,-68.1723,9.7248,100.0000,default,18,rsu(187m),2320,72640,0.9665,187,10.0827,9,16,-68.1723,-85.1620,direct,0.0000,31.6000,-62.3237
349.2,node[15],6,6989.6509,4312.7447,1.8950,0.0001,-0.0001,1.0570,-55543255#0,-65.8917,9.1679,100.0000,default,18,rsu(187m),2321,72679,0.9562,187,10.0846,9,16,-65.8917,-82.8814,direct,0.0000,31.2000,-62.3236
349.3,node[15],6,6989.6509,4312.7447,1.8950,0.0001,-0.0001,1.0570,-55543255#0,-68.6681,7.3749,100.0000,default,18,rsu(187m),2322,72719,0.8991,187,10.0865,8,14,-68.6681,-85.6578,direct,0.0000,31.2000,-62.3235
349.4,node[15],6,6989.6509,4312.7447,1.8950,0.0001,-0.0001,1.0570,-55543255#0,-71.9457,2.2496,100.0000,default,18,rsu(187m),2323,72758,0.4073,187,10.0754,5,8,-71.9457,-88.9354,direct,0.0000,31.6000,-62.3234
349.5,node[15],6,6989.6509,4312.7447,1.8950,0.0001,-0.0001,1.0570,-55543255#0,-76.8552,-1.4031,100.0000,default,18,rsu(187m),2324,72796,0.0996,187,10.0870,3,4,-76.8552,-93.8449,direct,0.0000,31.6000,-62.3233
349.6,node[15],6,6989.6509,4312.7447,1.8950,0.0001,-0.0001,1.0570,-55543255#0,-68.5297,6.6323,100.0000,default,18,rsu(187m),2325,72836,0.8601,187,10.0758,7,12,-68.5297,-85.5194,direct,0.0000,31.2000,-62.3231
349.7,node[15],6,6989.6509,4312.7447,1.8950,0.0000,-0.0001,1.0570,-55543255#0,-75.8941,1.3849,100.0000,default,18,rsu(187m),2326,72876,0.3084,187,10.0775,5,8,-75.8941,-92.8838,direct,0.0000,31.2000,-62.3230
349.8,node[15],6,6989.6509,4312.7447,1.8950,0.0000,-0.0001,1.0570,-55543255#0,-71.7785,2.2673,100.0000,default,18,rsu(187m),2327,72915,0.4094,187,10.0767,5,8,-71.7785,-88.7682,direct,0.0000,31.6000,-62.3229
349.9,node[15],6,6989.6509,4312.7447,1.8950,0.0000,-0.0000,1.0570,-55543255#0,-68.4684,7.1343,100.0000,default,18,rsu(187m),2328,72955,0.8877,187,10.0784,8,14,-68.4684,-85.4581,direct,0.0000,31.6000,-62.3227
350,node[15],6,6989.6509,4312.7447,1.8950,0.0000,-0.0000,1.0570,-55543255#0,-66.6136,11.5044,100.0000,default,18,rsu(187m),2329,72995,0.9860,187,10.0805,10,18,-66.6136,-83.6033,direct,0.0000,32.0000,-62.3226
350.1,node[15],6,6989.6509,4312.7447,1.8950,0.0000,-0.0000,1.0570,-55543255#0,-68.8609,10.4044,100.0000,default,18,rsu(187m),2330,73035,0.9759,187,10.0820,9,16,-68.8609,-85.8506,direct,0.0000,32.0000,-62.3225
350.2,node[15],6,6989.6509,4312.7446,1.8950,0.0000,-0.0000,1.0570,-55543255#0,-68.9592,7.0612,100.0000,default,18,rsu(187m),2331,73073,0.8840,187,10.0804,8,14,-68.9592,-85.9489,direct,0.0000,31.2000,-62.3223
350.3,node[15],6,6989.6509,4312.7446,1.8950,0.0000,-0.0000,1.0570,-55543255#0,-79.5504,-5.0000,100.0000,default,18,rsu(187m),2332,73113,0.0180,187,10.0818,2,2,-79.5504,-96.5401,direct,0.0000,31.2000,-62.3222
350.4,node[15],6,6989.6509,4312.7446,1.8950,0.0000,-0.0000,1.0570,-55543255#0,-76.0851,3.2874,100.0000,default,18,rsu(187m),2333,73150,0.5359,187,10.0801,6,10,-76.0851,-93.0748,direct,0.0000,30.8000,-62.3220
350.5,node[15],6,6989.6509,4312.7446,1.8950,0.0000,-0.0000,1.0570,-55543255#0,-66.2418,9.9437,100.0000,default,18,rsu(187m),2334,73189,0.9699,187,10.0798,9,16,-66.2418,-83.2315,direct,0.0000,30.8000,-62.3219
350.6,node[15],6,6989.6509,4312.7446,1.8950,0.0000,-0.0000,1.0570,-55543255#0,-90.1684,-5.0000,100.0000,default,18,rsu(187m),2335,73229,0.0180,187,10.0795,2,2,-90.1684,-107.1581,direct,0.0000,31.6000,-62.3217
350.7,node[15],6,6989.6509,4312.7446,1.8950,0.0000,-0.0000,1.0570,-55543255#0,-73.6339,5.5506,100.0000,default,18,rsu(187m),2336,73269,0.7816,187,10.0808,7,12,-73.6339,-90.6236,direct,0.0000,31.6000,-62.3216
350.8,node[15],6,6989.6509,4312.7446,1.8950,0.0000,-0.0000,1.0570,-55543255#0,-73.8186,1.2601,100.0000,default,18,rsu(187m),2337,73306,0.2953,187,10.0789,5,8,-73.8186,-90.8083,direct,0.0000,30.8000,-62.3214
350.9,node[15],6,6989.6509,4312.7446,1.8950,0.0000,-0.0000,1.0570,-55543255#0,-72.9984,5.1543,100.0000,default,18,rsu(187m),2338,73345,0.7460,187,10.0785,7,12,-72.9984,-89.9881,direct,0.0000,30.8000,-62.3213
351,node[15],6,6989.6509,4312.7446,1.8950,0.0000,-0.0000,1.0570,-55543255#0,-79.6159,-3.3169,100.0000,default,18,rsu(187m),2339,73385,0.0408,187,10.0797,2,2,-79.6159,-96.6056,direct,0.0000,31.6000,-62.3211
351.1,node[15],6,6989.6509,4312.7446,1.8950,0.0000,-0.0000,1.0570,-55543255#0,-78.7226,-3.2997,100.0000,default,18,rsu(187m),2340,73425,0.0411,187,10.0808,2,2,-78.7226,-95.7123,direct,0.0000,31.6000,-62.3209
351.2,node[15],6,6989.6509,4312.7446,1.8950,0.0000,-0.0000,1.0570,-55543255#0,-68.7587,5.1142,100.0000,default,18,rsu(187m),2341,73465,0.7421,187,10.0812,7,12,-68.7587,-85.7484,direct,0.0000,32.0000,-62.3207
351.3,node[15],6,6989.6509,4312.7446,1.8950,0.0000,-0.0001,1.0570,-55543255#0,-71.0776,7.1712,100.0000,default,18,rsu(187m),2342,73506,0.8895,187,10.0789,8,14,-71.0776,-88.0673,direct,0.0000,32.0000,-62.3206
351.4,node[15],6,6989.6509,4312.7446,1.8950,0.0000,0.0000,1.0570,-55543255#0,-65.9821,13.0015,100.0000,default,18,rsu(187m),2343,73547,0.9933,187,10.0765,11,20,-65.9821,-82.9718,direct,0.0000,32.8000,-62.3204
351.5,node[15],6,6989.6509,4312.7446,1.8950,0.0000,0.0000,1.0570,-55543255#0,-74.5070,3.3879,100.0000,default,18,rsu(187m),2344,73587,0.5483,187,10.0871,6,10,-74.5070,-91.4967,direct,0.0000,32.8000,-62.3202
351.6,node[15],6,6989.6509,4312.7446,1.8950,0.0000,0.0000,1.0570,-55543255#0,-74.3700,4.0001,100.0000,default,18,rsu(187m),2345,73628,0.6225,187,10.0847,6,10,-74.3700,-91.3597,direct,0.0000,32.4000,-62.3200
351.7,node[15],6,6989.6509,4312.7446,1.8950,0.0000,0.0000,1.0570,-55543255#0,-71.4578,6.1773,100.0000,default,18,rsu(187m),2346,73667,0.8304,187,10.0791,7,12,-71.4578,-88.4475,direct,0.0000,32.4000,-62.3198
351.8,node[15],6,6989.6509,4312.7446,1.8950,0.0000,0.0000,1.0570,-55543255#0,-78.4717,0.2889,100.0000,default,18,rsu(187m),2347,73707,0.2050,187,10.0751,4,6,-78.4717,-95.4614,direct,0.0000,31.6000,-62.3196
351.9,node[15],6,6989.6509,4312.7446,1.8950,0.0000,0.0000,1.0570,-55543255#0,-73.0032,5.4093,100.0000,default,18,rsu(187m),2348,73748,0.7693,187,10.0855,7,12,-73.0032,-89.9929,direct,0.0000,31.6000,-62.3194
352,node[15],6,6989.6509,4312.7446,1.8950,0.0000,0.0000,1.0570,-55543255#0,-85.7656,-5.0000,100.0000,default,18,rsu(187m),2349,73789,0.0180,187,10.0830,2,2,-85.7656,-102.7553,direct,0.0000,32.8000,-62.3192
352.1,node[15],6,6989.6509,4312.7446,1.8950,0.0000,0.0000,1.0570,-55543255#0,-65.1653,13.7053,100.0000,default,18,rsu(187m),2350,73829,0.9953,187,10.0789,11,20,-65.1653,-82.1550,direct,0.0000,32.8000,-62.3189
352.2,node[15],6,6989.6509,4312.7446,1.8950,0.0000,0.0000,1.0570,-55543255#0,-71.4496,5.6454,100.0000,default,18,rsu(187m),2351,73870,0.7896,187,10.0762,7,12,-71.4496,-88.4393,direct,0.0000,32.4000,-62.3187
352.3,node[15],6,6989.6509,4312.7446,1.8950,0.0000,0.0000,1.0570,-55543255#0,-75.3581,0.0312,100.0000,default,18,rsu(187m),2352,73908,0.1848,187,10.0834,4,6,-75.3581,-92.3478,direct,0.0000,32.4000,-62.3185
352.4,node[15],6,6989.6509,4312.7446,1.8950,0.0000,0.0000,1.0570,-55543255#0,-71.6896,6.1008,100.0000,default,18,rsu(187m),2353,73949,0.8250,187,10.0792,7,12,-71.6896,-88.6793,direct,0.0000,31.6000,-62.3183
352.5,node[15],6,6989.6509,4312.7446,1.8950,0.0000,0.0000,1.0570,-55543255#0,-70.9229,7.6049,100.0000,default,18,rsu(187m),2354,73989,0.9091,187,10.0765,8,14,-70.9229,-87.9126,direct,0.0000,31.6000,-62.3180
352.6,node[15],6,6989.6509,4312.7446,1.8950,0.0000,0.0000,1.0570,-55543255#0,-70.3252,8.0211,100.0000,default,18,rsu(187m),2355,74030,0.9249,187,10.0867,8,14,-70.3252,-87.3149,direct,0.0000,32.4000,-62.3178
352.7,node[15],6,6989.6509,4312.7446,1.8950,0.0000,0.0000,1.0570,-55543255#0,-77.0247,0.0892,100.0000,default,18,rsu(187m),2356,74071,0.1892,187,10.0825,4,6,-77.0247,-94.0144,direct,0.0000,32.4000,-62.3175
352.8,node[15],6,6989.6509,4312.7446,1.8950,0.0000,0.0000,1.0570,-55543255#0,-66.4214,11.1959,100.0000,default,18,rsu(187m),2357,74112,0.9837,187,10.0796,10,18,-66.4214,-83.4111,direct,0.0000,32.8000,-62.3173
352.9,node[15],6,6989.6509,4312.7446,1.8950,0.0000,0.0000,1.0570,-55543255#0,-78.3224,0.7716,100.0000,default,18,rsu(187m),2358,74153,0.2471,187,10.0753,4,6,-78.3224,-95.3121,direct,0.0000,32.8000,-62.3170
353,node[15],6,6989.6509,4312.7446,1.8950,0.0000,0.0000,1.0570,-55543255#0,-77.9349,-4.0997,100.0000,default,18,rsu(187m),2359,74194,0.0279,187,10.0854,2,2,-77.9349,-94.9246,direct,0.0000,32.8000,-62.3167
353.1,node[15],6,6989.6509,4312.7446,1.8950,0.0000,0.0000,1.0570,-55543255#0,-82.7614,-3.4487,100.0000,default,18,rsu(187m),2360,74234,0.0383,187,10.0832,2,2,-82.7614,-99.7511,direct,0.0000,32.8000,-62.3164
353.2,node[15],6,6989.6509,4312.7446,1.8950,0.0000,0.0000,1.0570,-55543255#0,-74.1682,2.6495,100.0000,default,18,rsu(187m),2361,74275,0.4563,187,10.0803,5,8,-74.1682,-91.1579,direct,0.0000,32.4000,-62.3161
353.3,node[15],6,6989.6509,4312.7446,1.8950,0.0000,0.0000,1.0570,-55543255#0,-70.2686,5.0728,100.0000,default,18,rsu(187m),2362,74315,0.7382,187,10.0772,7,12,-70.2686,-87.2583,direct,0.0000,32.4000,-62.3158
353.4,node[15],6,6989.6509,4312.7446,1.8950,0.0000,0.0000,1.0570,-55543255#0,-74.1686,2.6356,100.0000,default,18,rsu(187m),2363,74356,0.4546,187,10.0750,5,8,-74.1686,-91.1583,direct,0.0000,32.4000,-62.3155
353.5,node[15],6,6989.6509,4312.7446,1.8950,0.0000,0.0000,1.0570,-55543255#0,-72.1805,4.4303,100.0000,default,18,rsu(187m),2364,74395,0.6715,187,10.0818,6,10,-72.1805,-89.1702,direct,0.0000,32.4000,-62.3152
353.6,node[15],6,6989.6509,4312.7446,1.8950,0.0000,0.0000,1.0570,-55543255#0,-71.6986,4.8112,100.0000,default,18,rsu(187m),2365,74437,0.7121,187,10.0786,6,10,-71.6986,-88.6883,direct,0.0000,32.4000,-62.3149
353.7,node[15],6,6989.6509,4312.7446,1.8950,0.0000,0.0000,1.0570,-55543255#0,-68.1733,7.0324,100.0000,default,18,rsu(187m),2366,74477,0.8825,187,10.0853,8,14,-68.1733,-85.1630,direct,0.0000,32.4000,-62.3145
353.8,node[15],6,6989.6509,4312.7446,1.8950,0.0000,0.0000,1.0570,-55543255#0,-72.9024,3.4073,100.0000,default,18,rsu(187m),2367,74519,0.5507,187,10.0821,6,10,-72.9024,-89.8921,direct,0.0000,32.8000,-62.3142
353.9,node[15],6,6989.6509,4312.7446,1.8950,0.0000,0.0000,1.0570,-55543255#0,-76.9461,1.1472,100.0000,default,18,rsu(187m),2368,74560,0.2837,187,10.0788,5,8,-76.9461,-93.9358,direct,0.0000,32.8000,-62.3138
354,node[15],6,6989.6509,4312.7446,1.8950,0.0000,0.0000,1.0570,-55543255#0,-70.8655,5.4491,100.0000,default,18,rsu(187m),2369,74600,0.7729,187,10.0854,7,12,-70.8655,-87.8552,direct,0.0000,32.4000,-62.3134
354.1,node[15],6,6989.6509,4312.7446,1.8950,0.0000,0.0000,1.0570,-55543255#0,-68.6788,10.2375,100.0000,default,18,rsu(187m),2370,74641,0.9739,187,10.0820,9,16,-68.6788,-85.6685,direct,0.0000,32.4000,-62.3130
354.2,node[15],6,6989.6509,4312.7446,1.8950,0.0000,0.0000,1.0570,-55543255#0,-77.9571,1.3416,100.0000,default,18,rsu(187m),2371,74681,0.3038,187,10.0755,5,8,-77.9571,-94.9468,direct,0.0000,32.4000,-62.3126
354.3,node[15],6,6989.6509,4312.7446,1.8950,0.0000,0.0000,1.0570,-55543255#0,-72.1032,2.6261,100.0000,default,18,rsu(187m),2372,74721,0.4534,187,10.0819,5,8,-72.1032,-89.0929,direct,0.0000,32.4000,-62.3122
354.4,node[15],6,6989.6509,4312.7446,1.8950,0.0000,0.0000,1.0570,-55543255#0,-68.9419,8.0639,100.0000,default,18,rsu(187m),2373,74762,0.9264,187,10.0784,8,14,-68.9419,-85.9316,direct,0.0000,32.4000,-62.3117
354.5,node[15],6,6989.6509,4312.7446,1.8950,0.0000,0.0000,1.0570,-55543255#0,-77.4438,0.7225,100.0000,default,18,rsu(187m),2374,74802,0.2426,187,10.0847,4,6,-77.4438,-94.4335,direct,0.0000,32.4000,-62.3113
354.6,node[15],6,6989.6509,4312.7446,1.8950,0.0000,0.0000,1.0570,-55543255#0,-68.9028,6.6823,100.0000,default,18,rsu(187m),2375,74841,0.8631,187,10.0779,7,12,-68.9028,-85.8925,direct,0.0000,31.6000,-62.3108
354.7,node[15],6,6989.6509,4312.7446,1.8950,0.0000,0.0000,1.0570,-55543255#0,-70.4980,5.2175,100.0000,default,18,rsu(187m),2376,74883,0.7519,187,10.0873,7,12,-70.4980,-87.4877,direct,0.0000,31.6000,-62.3103
354.8,node[15],6,6989.6509,4312.7446,1.8950,0.0000,0.0000,1.0570,-55543255#0,-66.6811,11.5020,100.0000,default,18,rsu(187m),2377,74925,0.9860,187,10.0835,10,18,-66.6811,-83.6708,direct,0.0000,33.6000,-62.3098
354.9,node[15],6,6989.6509,4312.7446,1.8950,0.0000,0.0000,1.0570,-55543255#0,-69.2288,7.6644,100.0000,default,18,rsu(187m),2378,74967,0.9115,187,10.0817,8,14,-69.2288,-86.2185,direct,0.0000,33.6000,-62.3092
355,node[15],6,6989.6509,4312.7446,1.8950,0.0000,0.0000,1.0570,-55543255#0,-68.5673,7.5571,100.0000,default,18,rsu(187m),2379,75009,0.9071,187,10.0784,8,14,-68.5673,-85.5570,direct,0.0000,33.6000,-62.3087
355.1,node[15],6,6989.6509,4312.7446,1.8950,0.0000,0.0000,1.0570,-55543255#0,-66.7771,11.4865,100.0000,default,18,rsu(187m),2380,75051,0.9858,187,10.0765,10,18,-66.7771,-83.7668,direct,0.0000,33.6000,-62.3081
355.2,node[15],6,6989.6509,4312.7446,1.8950,0.0000,0.0000,1.0570,-55543255#0,-72.6681,3.8424,100.0000,default,18,rsu(187m),2381,75092,0.6038,187,10.0874,6,10,-72.6681,-89.6578,direct,0.0000,33.2000,-62.3075
355.3,node[15],6,6989.6509,4312.7446,1.8950,0.0000,0.0000,1.0570,-55543255#0,-71.0901,8.0574,100.0000,default,18,rsu(187m),2382,75134,0.9261,187,10.0839,8,14,-71.0901,-88.0798,direct,0.0000,33.2000,-62.3068
355.4,node[15],6,6989.6509,4312.7446,1.8950,0.0000,0.0000,1.0570,-55543255#0,-71.1767,6.2507,100.0000,default,18,rsu(187m),2383,75176,0.8355,187,10.0804,7,12,-71.1767,-88.1664,direct,0.0000,33.6000,-62.3061
355.5,node[15],6,6989.6509,4312.7446,1.8950,0.0000,0.0000,1.0570,-55543255#0,-75.0345,0.8537,100.0000,default,18,rsu(187m),2384,75218,0.2548,187,10.0758,4,6,-75.0345,-92.0242,direct,0.0000,33.6000,-62.3054
355.6,node[15],6,6989.6509,4312.7446,1.8950,0.0000,0.0000,1.0570,-55543255#0,-68.0427,7.1652,100.0000,default,18,rsu(187m),2385,75260,0.8892,187,10.0865,8,14,-68.0427,-85.0324,direct,0.0000,33.6000,-62.3046
355.7,node[15],6,6989.6509,4312.7446,1.8950,0.0000,0.0000,1.0570,-55543255#0,-73.6169,3.4950,100.0000,default,18,rsu(187m),2386,75300,0.5616,187,10.0811,6,10,-73.6169,-90.6066,direct,0.0000,33.6000,-62.3038
355.8,node[15],6,6989.6509,4312.7446,1.8950,0.0000,0.0000,1.0570,-55543255#0,-75.4224,2.0341,100.0000,default,18,rsu(187m),2387,75342,0.3816,187,10.0787,5,8,-75.4224,-92.4121,direct,0.0000,32.8000,-62.3030
355.9,node[15],6,6989.6509,4312.7446,1.8950,0.0000,0.0000,1.0570,-55543255#0,-73.7777,0.1043,100.0000,default,18,rsu(187m),2388,75384,0.1903,187,10.0879,4,6,-73.7777,-90.7674,direct,0.0000,32.8000,-62.3021
356,node[15],6,6989.6509,4312.7446,1.8950,0.0000,0.0000,1.0570,-55543255#0,-72.4055,4.3450,100.0000,default,18,rsu(187m),2389,75426,0.6621,187,10.0854,6,10,-72.4055,-89.3952,direct,0.0000,33.6000,-62.3012
356.1,node[15],6,6989.6509,4312.7446,1.8950,0.0000,0.0000,1.0570,-55543255#0,-70.5237,7.1740,100.0000,default,17,rsu(187m),2390,75468,0.8896,187,10.0806,8,14,-70.5237,-87.5134,direct,0.0000,33.6000,-62.3007
356.2,node[15],6,6989.6509,4312.7446,1.8950,0.0000,0.0000,1.0570,-55543255#0,-72.9171,1.0664,100.0000,default,17,rsu(187m),2391,75510,0.2755,187,10.0757,5,8,-72.9171,-89.9068,direct,0.0000,33.6000,-62.2998
356.3,node[15],6,6989.6509,4312.7446,1.8950,0.0000,0.0000,1.0570,-55543255#0,-75.6268,0.1598,100.0000,default,17,rsu(187m),2392,75551,0.1946,187,10.0860,4,6,-75.6268,-92.6165,direct,0.0000,33.6000,-62.2988
356.4,node[15],6,6989.6509,4312.7446,1.8950,0.0000,0.0000,1.0570,-55543255#0,-66.6225,12.5290,100.0000,default,17,rsu(187m),2393,75593,0.9915,187,10.0834,10,18,-66.6225,-83.6122,direct,0.0000,33.2000,-62.2978
356.5,node[15],6,6989.6509,4312.7446,1.8950,0.0000,0.0000,1.0570,-55543255#0,-70.2224,9.0591,100.0000,default,17,rsu(187m),2394,75635,0.9539,187,10.0806,9,16,-70.2224,-87.2121,direct,0.0000,33.2000,-62.2967
356.6,node[15],6,6989.6509,4312.7446,1.8950,0.0000,0.0000,1.0570,-55543255#0,-76.0182,1.9375,100.0000,default,17,rsu(187m),2395,75675,0.3702,187,10.0877,5,8,-76.0182,-93.0079,direct,0.0000,32.8000,-62.2957
356.7,node[15],6,6989.6509,4312.7446,1.8950,0.0000,0.0000,1.0570,-55543255#0,-69.3958,7.9132,100.0000,default,17,rsu(187m),2396,75715,0.9210,187,10.0817,8,14,-69.3958,-86.3855,direct,0.0000,32.8000,-62.2946
356.8,node[15],6,6989.6509,4312.7446,1.8950,0.0000,0.0000,1.0570,-55543255#0,-74.4106,0.8094,100.0000,default,17,rsu(187m),2397,75757,0.2506,187,10.0788,4,6,-74.4106,-91.4003,direct,0.0000,32.8000,-62.2934
356.9,node[15],6,6989.6509,4312.7446,1.8950,0.0000,0.0000,1.0570,-55543255#0,-73.9946,0.1157,100.0000,default,17,rsu(187m),2398,75799,0.1912,187,10.0875,4,6,-73.9946,-90.9843,direct,0.0000,32.8000,-62.2923
357,node[15],6,6989.6509,4312.7446,1.8950,0.0000,0.0000,1.0570,-55543255#0,-70.1363,8.2753,100.0000,default,17,rsu(187m),2399,75841,0.9332,187,10.0845,8,14,-70.1363,-87.1260,direct,0.0000,33.6000,-62.2911
357.1,node[15],6,6989.6509,4312.7446,1.8950,0.0000,0.0000,1.0570,-55543255#0,-66.9897,10.6631,100.0000,default,17,rsu(187m),2400,75882,0.9788,187,10.0802,9,16,-66.9897,-83.9794,direct,0.0000,33.6000,-62.2899
357.2,node[15],6,6989.6509,4312.7446,1.8950,0.0000,0.0000,1.0570,-55543255#0,-72.6114,6.0499,100.0000,default,17,rsu(187m),2401,75924,0.8213,187,10.0758,7,12,-72.6114,-89.6011,direct,0.0000,33.2000,-62.2887
357.3,node[15],6,6989.6509,4312.7446,1.8950,0.0000,0.0000,1.0570,-55543255#0,-66.8258,7.4293,100.0000,default,17,rsu(187m),2402,75964,0.9016,187,10.0824,8,14,-66.8258,-83.8155,direct,0.0000,33.2000,-62.2875
357.4,node[15],6,6989.6509,4312.7446,1.8950,0.0000,0.0000,1.0570,-55543255#0,-67.8492,7.6724,100.0000,default,17,rsu(187m),2403,76005,0.9118,187,10.0792,8,14,-67.8492,-84.8389,direct,0.0000,32.4000,-62.2862
357.5,node[15],6,6989.6509,4312.7446,1.8950,0.0000,0.0000,1.0570,-55543255#0,-72.7987,3.2927,100.0000,default,17,rsu(187m),2404,76046,0.5365,187,10.0759,6,10,-72.7987,-89.7884,direct,0.0000,32.4000,-62.2850
357.6,node[15],6,6989.6509,4312.7446,1.8950,0.0000,0.0000,1.0570,-55543255#0,-70.6655,5.5019,100.0000,default,17,rsu(187m),2405,76088,0.7775,187,10.0856,7,12,-70.6655,-87.6552,direct,0.0000,33.2000,-62.2837
357.7,node[15],6,6989.6509,4312.7446,1.8950,0.0000,0.0000,1.0570,-55543255#0,-71.2044,7.4086,100.0000,default,17,rsu(187m),2406,76131,0.9006,187,10.0759,8,14,-71.2044,-88.1941,direct,0.0000,33.2000,-62.2824
357.8,node[15],6,6989.6509,4312.7446,1.8950,0.0000,0.0000,1.0570,-55543255#0,-73.7789,4.3515,100.0000,default,17,rsu(187m),2407,76173,0.6628,187,10.0836,6,10,-73.7789,-90.7686,direct,0.0000,34.0000,-62.2812
357.9,node[15],6,6989.6509,4312.7446,1.8950,0.0000,0.0000,1.0570,-55543255#0,-75.1431,1.4266,100.0000,default,17,rsu(187m),2408,76216,0.3129,187,10.0760,5,8,-75.1431,-92.1328,direct,0.0000,34.0000,-62.2799
358,node[15],6,6989.6509,4312.7446,1.8950,0.0000,0.0000,1.0570,-55543255#0,-76.4280,1.7082,100.0000,default,17,rsu(187m),2409,76259,0.3439,187,10.0824,5,8,-76.4280,-93.4177,direct,0.0000,34.4000,-62.2786
358.1,node[15],6,6989.6509,4312.7446,1.8950,0.0000,0.0000,1.0570,-55543255#0,-71.5664,5.9217,100.0000,default,17,rsu(187m),2410,76301,0.8117,187,10.0833,7,12,-71.5664,-88.5561,direct,0.0000,34.4000,-62.2774
358.2,node[15],6,6989.6509,4312.7446,1.8950,0.0000,0.0000,1.0570,-55543255#0,-75.1334,3.5075,100.0000,default,17,rsu(187m),2411,76342,0.5631,187,10.0810,6,10,-75.1334,-92.1231,direct,0.0000,33.2000,-62.2761
358.3,node[15],6,6989.6509,4312.7446,1.8950,0.0000,0.0000,1.0570,-55543255#0,-78.5731,-0.4616,100.0000,default,17,rsu(187m),2412,76385,0.1505,187,10.0819,4,6,-78.5731,-95.5628,direct,0.0000,33.2000,-62.2748
358.4,node[15],6,6989.6509,4312.7446,1.8950,0.0000,0.0000,1.0570,-55543255#0,-71.3715,4.5202,100.0000,default,17,rsu(187m),2413,76427,0.6814,187,10.0827,6,10,-71.3715,-88.3612,direct,0.0000,34.0000,-62.2736
358.5,node[15],6,6989.6509,4312.7446,1.8950,0.0000,0.0000,1.0570,-55543255#0,-76.7699,-1.7066,100.0000,default,17,rsu(187m),2414,76469,0.0868,187,10.0834,3,4,-76.7699,-93.7596,direct,0.0000,34.0000,-62.2724
358.6,node[15],6,6989.6509,4312.7446,1.8950,0.0000,0.0000,1.0570,-55543255#0,-70.0984,3.8949,100.0000,default,17,rsu(187m),2415,76512,0.6100,187,10.0841,6,10,-70.0984,-87.0881,direct,0.0000,34.0000,-62.2712
358.7,node[15],6,6989.6509,4312.7446,1.8950,0.0000,0.0000,1.0570,-55543255#0,-71.2379,5.8615,100.0000,default,17,rsu(187m),2416,76555,0.8070,187,10.0847,7,12,-71.2379,-88.2276,direct,0.0000,34.0000,-62.2700
358.8,node[15],6,6989.6509,4312.7446,1.8950,0.0000,0.0000,1.0570,-55543255#0,-71.9798,7.1554,100.0000,default,17,rsu(187m),2417,76597,0.8887,187,10.0841,8,14,-71.9798,-88.9695,direct,0.0000,34.0000,-62.2689
358.9,node[15],6,6989.6509,4312.7446,1.8950,0.0000,0.0000,1.0570,-55543255#0,-83.5922,-5.0000,100.0000,default,17,rsu(187m),2418,76639,0.0180,187,10.0846,2,2,-83.5922,-100.5819,direct,0.0000,34.0000,-62.2678
359,node[15],6,6989.6509,4312.7446,1.8950,0.0000,0.0000,1.0570,-55543255#0,-82.6576,-3.6816,100.0000,default,17,rsu(187m),2419,76680,0.0342,187,10.0838,2,2,-82.6576,-99.6473,direct,0.0000,33.2000,-62.2667
359.1,node[15],6,6989.6509,4312.7446,1.8950,0.0000,0.0000,1.0570,-55543255#0,-76.6416,1.6028,100.0000,default,17,rsu(187m),2420,76723,0.3321,187,10.0863,5,8,-76.6416,-93.6313,direct,0.0000,33.2000,-62.2657
359.2,node[15],6,6989.6509,4312.7446,1.8950,0.0000,0.0000,1.0570,-55543255#0,-73.8664,4.8898,100.0000,default,17,rsu(187m),2421,76766,0.7201,187,10.0757,6,10,-73.8664,-90.8561,direct,0.0000,34.4000,-62.2647
359.3,node[15],6,6989.6509,4312.7446,1.8950,0.0000,0.0000,1.0570,-55543255#0,-66.5027,10.6742,100.0000,default,17,rsu(187m),2422,76809,0.9789,187,10.0781,9,16,-66.5027,-83.4924,direct,0.0000,34.4000,-62.2637
359.4,node[15],6,6989.6509,4312.7446,1.8950,0.0000,0.0000,1.0570,-55543255#0,-66.4352,11.1379,100.0000,default,17,rsu(187m),2423,76852,0.9832,187,10.0779,10,18,-66.4352,-83.4249,direct,0.0000,34.4000,-62.2628
359.5,node[15],6,6989.6509,4312.7446,1.8950,0.0000,0.0000,1.0570,-55543255#0,-67.0879,7.3961,100.0000,default,17,rsu(187m),2424,76895,0.9001,187,10.0852,8,14,-67.0879,-84.0776,direct,0.0000,34.4000,-62.2618
359.6,node[15],6,6989.6509,4312.7446,1.8950,0.0000,0.0000,1.0570,-55543255#0,-74.1337,-0.3870,100.0000,default,17,rsu(187m),2425,76938,0.1553,187,10.0795,4,6,-74.1337,-91.1234,direct,0.0000,34.4000,-62.2610
359.7,node[15],6,6989.6509,4312.7446,1.8950,0.0000,0.0000,1.0570,-55543255#0,-86.2792,-5.0000,100.0000,default,17,rsu(187m),2426,76980,0.0180,187,10.0868,2,2,-86.2792,-103.2689,direct,0.0000,34.4000,-62.2601
359.8,node[15],6,6989.6509,4312.7446,1.8950,0.0000,0.0000,1.0570,-55543255#0,-76.5473,0.5080,100.0000,default,17,rsu(187m),2427,77023,0.2234,187,10.0810,4,6,-76.5473,-93.5370,direct,0.0000,34.0000,-62.2593
359.9,node[15],6,6989.6509,4312.7446,1.8950,0.0000,0.0000,1.0570,-55543255#0,-69.1137,9.6481,100.0000,default,17,rsu(187m),2428,77066,0.9652,187,10.0752,9,16,-69.1137,-86.1034,direct,0.0000,34.0000,-62.2585
360,node[15],6,6989.6509,4312.7446,1.8950,0.0000,0.0000,1.0570,-55543255#0,-75.5411,-1.5687,100.0000,default,17,rsu(187m),2429,77108,0.0924,187,10.0823,3,4,-75.5411,-92.5308,direct,0.0000,34.0000,-62.2577
360.1,node[15],6,6989.6509,4312.7446,1.8950,0.0000,0.0000,1.0570,-55543255#0,-70.0537,8.0681,100.0000,default,17,rsu(187m),2430,77151,0.9265,187,10.0764,8,14,-70.0537,-87.0434,direct,0.0000,34.0000,-62.2570
360.2,node[15],6,6989.6509,4312.7446,1.8950,0.0000,0.0000,1.0570,-55543255#0,-68.2955,7.6799,100.0000,default,17,rsu(187m),2431,77194,0.9121,187,10.0835,8,14,-68.2955,-85.2852,direct,0.0000,34.4000,-62.2845
360.3,node[15],6,6989.6521,4312.7426,1.8950,0.0238,0.2377,1.0570,-55543255#0,-68.8133,8.0286,100.0000,default,17,rsu(187m),2432,77236,0.9251,187,10.0775,8,14,-68.8133,-85.8030,direct,0.0000,34.4000,-62.2838
360.4,node[15],6,6989.6557,4312.7362,1.8950,0.0731,0.4931,1.0570,-55543255#0,-70.4466,7.7686,100.0000,default,17,rsu(187m),2433,77279,0.9156,187,10.0845,8,14,-70.4466,-87.4363,direct,0.0000,34.0000,-62.4080
360.5,node[15],6,6989.6635,4312.7222,1.8950,0.1603,0.8717,1.0570,-55543255#0,-73.1724,3.0881,100.0000,default,17,rsu(187m),2434,77322,0.5110,187,10.0784,6,10,-73.1724,-90.1621,direct,0.0000,34.0000,-62.4983
360.6,node[15],6,6989.6770,4312.6984,1.8950,0.2740,1.1377,1.0570,-55543255#0,-73.8913,1.9933,100.0000,default,17,rsu(187m),2435,77365,0.3768,187,10.0853,5,8,-73.8913,-90.8810,direct,0.0000,34.4000,-62.6013
360.7,node[15],6,6989.6978,4312.6615,1.8950,0.4232,1.4914,1.0570,-55543255#0,-70.0106,6.2799,100.0000,default,17,rsu(187m),2436,77407,0.8375,187,10.0792,7,12,-70.0106,-87.0003,direct,0.0000,34.4000,-62.6007
360.8,node[15],6,6989.7247,4312.6139,1.8950,0.5469,1.2374,1.0570,-55543255#0,-72.0479,4.4950,100.0000,default,17,rsu(187m),2437,77449,0.6786,187,10.0834,6,10,-72.0479,-89.0376,direct,0.0000,33.6000,-62.6001
360.9,node[15],6,6989.7587,4312.5537,1.8950,0.6907,1.4382,1.0570,-55543255#0,-73.2138,1.9915,100.0000,default,17,rsu(187m),2438,77492,0.3765,187,10.0772,5,8,-73.2138,-90.2035,direct,0.0000,33.6000,-62.9349
361,node[15],6,6989.7991,4312.4821,1.8950,0.8222,1.3148,1.0570,-55543255#0,-71.1646,6.2159,100.0000,default,17,rsu(187m),2439,77534,0.8331,187,10.0840,7,12,-71.1646,-88.1543,direct,0.0000,34.0000,-62.9344
361.1,node[15],6,6989.8486,4312.3944,1.8950,1.0073,1.8505,1.0570,-55543255#0,-79.0366,-0.8036,100.0000,default,17,rsu(187m),2440,77576,0.1299,187,10.0777,4,6,-79.0366,-96.0263,direct,0.0000,34.0000,-62.9339
361.2,node[15],6,6989.9043,4312.2956,1.8950,1.1339,1.2662,1.0570,-55543255#0,-69.0890,7.7779,100.0000,default,17,rsu(187m),2441,77619,0.9160,187,10.0844,8,14,-69.0890,-86.0787,direct,0.0000,34.0000,-63.2909
361.3,node[15],6,6989.9675,4312.1836,1.8950,1.2861,1.5222,1.0570,-55543255#0,-77.7489,-3.5127,100.0000,default,17,rsu(188m),2442,77662,0.0371,188,10.0781,2,2,-77.7489,-94.7386,direct,0.0000,34.0000,-63.4188
361.4,node[15],6,6990.0412,4312.0530,1.8950,1.4994,2.1330,1.0570,-55543255#0,-72.4538,5.4521,100.0000,default,17,rsu(188m),2443,77705,0.7731,188,10.0847,7,12,-72.4538,-89.4435,direct,0.0000,34.4000,-63.5441
361.5,node[15],6,6990.1228,4311.9085,1.8950,1.6594,1.6000,1.0570,-55543255#0,-72.1151,6.7951,100.0000,default,17,rsu(188m),2444,77748,0.8696,188,10.0783,7,12,-72.1151,-89.1048,direct,0.0000,34.4000,-63.6747
361.6,node[15],6,6990.2164,4311.7426,1.8950,1.9047,2.4531,1.0570,-55543255#0,-65.6146,13.4018,100.0000,default,17,rsu(188m),2445,77791,0.9945,188,10.0849,11,20,-65.6146,-82.6043,direct,0.0000,34.4000,-63.7938
361.7,node[15],6,6990.3188,4311.5613,1.8950,2.0824,1.7769,1.0570,-55543255#0,-77.0734,1.8666,100.0000,default,17,rsu(188m),2446,77833,0.3620,188,10.0784,5,8,-77.0734,-94.0631,direct,0.0000,34.4000,-63.7935
361.8,node[15],6,6990.4285,4311.3669,1.8950,2.2322,1.4980,1.0570,-55543255#0,-70.8611,3.3040,100.0000,default,17,rsu(188m),2447,77876,0.5379,188,10.0850,6,10,-70.8611,-87.8508,direct,0.0000,34.0000,-64.0227
361.9,node[15],6,6990.5465,4311.1578,1.8950,2.4008,1.6863,1.0570,-55543255#0,-70.5155,8.0138,100.0000,default,17,rsu(189m),2448,77919,0.9246,189,10.0773,8,14,-70.5155,-87.5052,direct,0.0000,34.0000,-64.1329
362,node[15],6,6990.6706,4310.9380,1.8950,2.5238,1.2300,1.0570,-55543255#0,-76.1247,-1.9560,100.0000,default,17,rsu(189m),2449,77962,0.0774,189,10.0838,3,4,-76.1247,-93.1144,direct,0.0000,34.4000,-64.2514
362.1,node[15],6,6990.8018,4310.7055,1.8950,2.6688,1.4496,1.0570,-55543255#0,-68.7312,9.5597,100.0000,default,16,rsu(189m),2450,78005,0.9637,189,10.0761,9,16,-68.7312,-85.7209,direct,0.0000,34.4000,-64.3694
362.2,node[15],6,6990.9445,4310.4526,1.8950,2.9044,2.3565,1.0570,-55543255#0,-72.7655,2.1907,100.0000,default,16,rsu(189m),2451,78048,0.4002,189,10.0813,5,8,-72.7655,-89.7552,direct,0.0000,34.4000,-64.4770
362.3,node[15],6,6991.0922,4310.1909,1.8950,3.0043,0.9985,1.0570,-55543255#0,-70.0831,5.0353,100.0000,default,16,rsu(190m),2452,78090,0.7345,190,10.0866,7,12,-70.0831,-87.0728,direct,0.0000,34.4000,-64.4766
362.4,node[15],6,6991.2502,4309.9110,1.8950,3.2146,2.1032,1.0570,-55543255#0,-69.8220,9.1216,100.0000,default,16,rsu(190m),2453,78133,0.9552,190,10.0784,9,16,-69.8220,-86.8117,direct,0.0000,34.0000,-64.7055
362.5,node[15],6,6991.4165,4309.6163,1.8950,3.3832,1.6863,1.0570,-55543255#0,-79.3097,-3.3643,100.0000,default,16,rsu(190m),2454,78175,0.0398,190,10.0798,2,2,-79.3097,-96.2994,direct,0.0000,34.0000,-64.7051
362.6,node[15],6,6991.5884,4309.3117,1.8950,3.4976,1.1434,1.0570,-55543255#0,-66.6263,9.0114,100.0000,default,16,rsu(190m),2455,78218,0.9528,190,10.0812,9,16,-66.6263,-83.6160,direct,0.0000,34.0000,-64.9279
362.7,node[15],6,6991.7693,4308.9913,1.8950,3.6791,1.8149,1.0570,-55543255#0,-69.2838,8.6946,100.0000,default,16,rsu(191m),2456,78260,0.9452,191,10.0815,8,14,-69.2838,-86.2735,direct,0.0000,34.0000,-64.9274
362.8,node[15],6,6991.9616,4308.6505,1.8950,3.9126,2.3356,1.0570,-55543255#0,-67.6611,7.0001,100.0000,default,16,rsu(191m),2457,78303,0.8808,191,10.0803,8,14,-67.6611,-84.6508,direct,0.0000,34.0000,-65.1401
362.9,node[15],6,6992.1590,4308.3007,1.8950,4.0162,1.0353,1.0570,-55543255#0,-74.0395,3.1469,100.0000,default,16,rsu(191m),2458,78345,0.5184,191,10.0805,6,10,-74.0395,-91.0292,direct,0.0000,34.0000,-65.1396
363,node[15],6,6992.3678,4307.9307,1.8950,4.2481,2.3197,1.0570,-55543255#0,-70.4477,6.5737,100.0000,default,16,rsu(192m),2459,78388,0.8565,192,10.0879,7,12,-70.4477,-87.4374,direct,0.0000,34.0000,-65.3567
363.1,node[15],6,6992.5848,4307.5462,1.8950,4.4151,1.6697,1.0570,-55543255#0,-77.4697,0.9271,100.0000,default,16,rsu(192m),2460,78428,0.2618,192,10.0859,4,6,-77.4697,-94.4594,direct,0.0000,34.0000,-65.3561
363.2,node[15],6,6992.8114,4307.1448,1.8950,4.6087,1.9358,1.0570,-55543255#0,-71.5144,5.8102,100.0000,default,16,rsu(192m),2461,78469,0.8030,192,10.0873,7,12,-71.5144,-88.5041,direct,0.0000,32.4000,-65.3555
363.3,node[15],6,6993.0461,4306.7289,1.8950,4.7763,1.6764,1.0570,-55543255#0,-73.9917,3.8139,100.0000,default,16,rsu(193m),2462,78511,0.6004,193,10.0817,6,10,-73.9917,-90.9814,direct,0.0000,32.4000,-65.6925
363.4,node[15],6,6993.2874,4306.3013,1.8950,4.9090,1.3264,1.0570,-55543255#0,-75.2182,0.3868,100.0000,default,16,rsu(193m),2463,78553,0.2131,193,10.0862,4,6,-75.2182,-92.2079,direct,0.0000,33.6000,-65.8049
363.5,node[15],6,6993.5359,4305.8611,1.8950,5.0542,1.4521,1.0570,-55543255#0,-76.2289,-1.6391,100.0000,default,16,rsu(194m),2464,78595,0.0895,194,10.0805,3,4,-76.2289,-93.2186,direct,0.0000,33.6000,-65.9170
363.6,node[15],6,6993.7916,4305.4080,1.8950,5.2027,1.4855,1.0570,-55543255#0,-82.7852,-5.0000,100.0000,default,16,rsu(194m),2465,78637,0.0180,194,10.0868,2,2,-82.7852,-99.7749,direct,0.0000,33.6000,-66.0293
363.7,node[15],6,6994.0504,4304.9340,1.8950,5.4037,2.0095,1.0585,:227504528_6,-70.8622,7.3588,100.0000,default,16,rsu(195m),2466,78677,0.8984,195,10.0778,8,14,-70.8622,-87.8519,direct,0.0000,33.6000,-66.1360
363.8,node[15],6,6994.3204,4304.4365,1.8950,5.6629,2.5923,1.0604,:227504528_6,-72.6746,2.7389,100.0000,default,16,rsu(195m),2467,78718,0.4674,195,10.0792,5,8,-72.6746,-89.6643,direct,0.0000,32.4000,-66.1349
363.9,node[15],6,6994.6006,4303.9204,1.8950,5.8756,2.1266,1.0623,:227504528_6,-74.8222,3.6755,100.0000,default,16,rsu(196m),2468,78760,0.5836,196,10.0805,6,10,-74.8222,-91.8119,direct,0.0000,32.4000,-66.3427
364,node[15],6,6994.8905,4303.3863,1.8950,6.0802,2.0463,1.0643,:227504528_6,-69.9730,5.6856,100.0000,default,16,rsu(196m),2469,78802,0.7930,196,10.0868,7,12,-69.9730,-86.9627,direct,0.0000,33.6000,-66.4459
364.1,node[15],6,6995.1896,4302.8354,1.8950,6.2721,1.9196,1.0664,:227504528_6,-71.6555,3.8831,100.0000,default,15,rsu(197m),2470,78841,0.6086,197,10.0848,6,10,-71.6555,-88.6452,direct,0.0000,33.6000,-66.4450
364.2,node[15],6,6995.4994,4302.2646,1.8950,6.4985,2.2635,1.0685,:227504528_6,-71.2153,5.2483,100.0000,default,15,rsu(197m),2471,78881,0.7548,197,10.0795,7,12,-71.2153,-88.2050,direct,0.0000,31.6000,-66.6464
364.3,node[15],6,6995.8166,4301.6804,1.8950,6.6512,1.5269,1.0707,:227504528_6,-70.4466,7.1019,100.0000,default,15,rsu(198m),2472,78923,0.8860,198,10.0877,8,14,-70.4466,-87.4363,direct,0.0000,31.6000,-66.7432
364.4,node[15],6,6996.1433,4301.0785,1.8950,6.8522,2.0104,1.0730,:227504528_6,-77.6332,-3.3221,100.0000,default,15,rsu(198m),2473,78965,0.0407,198,10.0821,2,2,-77.6332,-94.6229,direct,0.0000,33.6000,-66.8350
364.5,node[15],6,6996.4803,4300.4576,1.8950,7.0681,2.1590,1.0735,:227504528_6,-76.7671,0.6336,100.0000,default,15,rsu(199m),2474,79007,0.2345,199,10.0801,4,6,-76.7671,-93.7568,direct,0.0000,33.6000,-66.9261
364.6,node[15],6,6996.8288,4299.8156,1.8950,7.3094,2.4125,1.0735,:227504528_6,-71.1118,7.1018,100.0000,default,15,rsu(200m),2475,79048,0.8860,200,10.0851,8,14,-71.1118,-88.1015,direct,0.0000,33.2000,-66.9224
364.7,node[15],6,6997.1862,4299.1572,1.8950,7.4946,1.8519,1.0735,:227504528_6,-64.8050,13.5065,100.0000,default,15,rsu(200m),2476,79090,0.9948,200,10.0824,11,20,-64.8050,-81.7947,direct,0.0000,33.2000,-67.0961
364.8,node[15],6,6997.5544,4298.4790,1.8950,7.7217,2.2717,1.0735,:227504528_6,-77.0879,-3.0224,100.0000,default,15,rsu(201m),2477,79131,0.0469,201,10.0867,2,2,-77.0879,-94.0776,direct,0.0000,33.2000,-67.0910
364.9,node[15],6,6997.9310,4297.7851,1.8950,7.8998,1.7806,1.0735,:227504528_6,-77.4631,-1.0273,100.0000,default,15,rsu(202m),2478,79173,0.1178,202,10.0840,3,4,-77.4631,-94.4528,direct,0.0000,33.2000,-67.2564
365,node[15],6,6998.3185,4297.0712,1.8950,8.1268,2.2702,1.0735,:227504528_6,-72.9291,4.5982,100.0000,default,15,rsu(202m),2479,79215,0.6898,202,10.0753,6,10,-72.9291,-89.9188,direct,0.0000,33.6000,-67.3337
365.1,node[15],6,6998.7133,4296.3439,1.8950,8.2802,1.5343,1.0735,:227504528_6,-71.3938,4.3197,100.0000,default,15,rsu(203m),2480,79256,0.6592,203,10.0817,6,10,-71.3938,-88.3835,direct,0.0000,33.6000,-67.3250
365.2,node[15],6,6999.1196,4295.5955,1.8950,8.5205,2.4024,1.0735,:227504528_6,-77.6938,-0.6003,100.0000,default,15,rsu(204m),2481,79298,0.1418,204,10.0786,4,6,-77.6938,-94.6835,direct,0.0000,33.2000,-67.4820
365.3,node[15],6,6999.5282,4294.8224,1.8950,8.7404,2.1990,1.0754,-21159137#9,-70.3922,7.4445,100.0000,default,15,rsu(205m),2482,79337,0.9022,205,10.0801,8,14,-70.3922,-87.3819,direct,0.0000,33.2000,-67.4693
365.4,node[15],6,6999.9379,4294.0338,1.8950,8.8768,1.3645,1.0787,-21159137#9,-69.4243,4.9699,100.0000,default,15,rsu(205m),2483,79378,0.7281,205,10.0825,6,10,-69.4243,-86.4140,direct,0.0000,32.0000,-67.4544
365.5,node[15],6,7000.3576,4293.2260,1.8950,9.0937,2.1685,1.0820,-21159137#9,-66.2699,12.5848,100.0000,default,15,rsu(206m),2484,79420,0.9918,206,10.0873,10,18,-66.2699,-83.2596,direct,0.0000,32.0000,-67.6619
365.6,node[15],6,7000.7891,4292.3954,1.8950,9.3496,2.5593,1.0854,-21159137#9,-71.3972,3.0095,100.0000,default,15,rsu(207m),2485,79461,0.5012,207,10.0777,6,10,-71.3972,-88.3869,direct,0.0000,33.2000,-67.6389
365.7,node[15],6,7001.2303,4291.5470,1.8950,9.5529,2.0328,1.0887,:12914009956_1,-67.2409,11.6717,100.0000,default,15,rsu(208m),2486,79503,0.9871,208,10.0875,10,18,-67.2409,-84.2306,direct,0.0000,33.2000,-67.7490
365.8,node[15],6,7001.6790,4290.6872,1.8950,9.6931,1.4019,1.0912,:12914009956_1,-68.6692,10.2509,100.0000,default,15,rsu(209m),2487,79545,0.9741,209,10.0838,9,16,-68.6692,-85.6589,direct,0.0000,33.6000,-67.7871
365.9,node[15],6,7002.1383,4289.8073,1.8950,9.9199,2.2678,1.0908,:12914009956_1,-69.3155,8.4793,100.0000,default,15,rsu(210m),2488,79586,0.9393,210,10.0872,8,14,-69.3155,-86.3052,direct,0.0000,33.6000,-67.7418
366,node[15],6,7002.6040,4288.9149,1.8950,10.0605,1.4065,1.0905,:12914009956_1,-78.8384,-0.7180,100.0000,default,15,rsu(211m),2489,79628,0.1348,211,10.0787,4,6,-78.8384,-95.8281,direct,0.0000,33.2000,-67.8193
366.1,node[15],6,7003.0774,4288.0080,1.8950,10.2243,1.6375,1.0901,:12914009956_1,-79.5614,-4.2653,100.0000,default,15,rsu(212m),2490,79670,0.0258,212,10.0866,2,2,-79.5614,-96.5511,direct,0.0000,33.2000,-67.8078
366.2,node[15],6,7003.5574,4287.0883,1.8950,10.3678,1.4359,1.0898,:12914009956_1,-70.9398,6.1412,100.0000,default,15,rsu(212m),2491,79712,0.8279,212,10.0841,7,12,-70.9398,-87.9295,direct,0.0000,33.6000,-67.7714
366.3,node[15],6,7004.0464,4286.1481,1.8950,10.5946,2.2677,1.0901,-21159137#8,-76.4407,2.1745,100.0000,default,15,rsu(213m),2492,79753,0.3983,213,10.0864,5,8,-76.4407,-93.4304,direct,0.0000,33.6000,-67.6388
366.4,node[15],6,7004.5452,4285.1886,1.8950,10.8116,2.1694,1.0904,-21159137#8,-70.5262,3.3433,100.0000,default,15,rsu(214m),2493,79794,0.5428,214,10.0779,6,10,-70.5262,-87.5159,direct,0.0000,32.8000,-67.4594
366.5,node[15],6,7005.0536,4284.2104,1.8950,11.0221,2.1057,1.0908,-21159137#8,-73.1637,5.1704,100.0000,default,15,rsu(215m),2494,79836,0.7475,215,10.0858,7,12,-73.1637,-90.1534,direct,0.0000,32.8000,-67.3718
366.6,node[15],6,7005.5700,4283.2170,1.8950,11.1931,1.7096,1.0912,-21159137#8,-72.2404,5.6091,100.0000,default,15,rsu(216m),2495,79878,0.7866,216,10.0805,7,12,-72.2404,-89.2301,direct,0.0000,33.6000,-67.0510
366.7,node[15],6,7006.0959,4282.2052,1.8950,11.4009,2.0782,1.0914,-21159137#8,-75.7612,-0.2839,100.0000,default,15,rsu(217m),2496,79919,0.1622,217,10.0853,4,6,-75.7612,-92.7509,direct,0.0000,33.6000,-66.4987
366.8,node[15],6,7006.6299,4281.1779,1.8950,11.5747,1.7380,1.0914,-21159137#8,-78.2993,0.1580,100.0000,default,15,rsu(218m),2497,79961,0.1945,218,10.0800,4,6,-78.2993,-95.2890,direct,0.0000,33.2000,-65.7190
366.9,node[15],6,7007.1747,4280.1297,1.8950,11.8106,2.3584,1.0914,-21159137#8,-76.9652,-2.5081,100.0000,default,15,rsu(219m),2498,80003,0.0599,219,10.0869,3,4,-76.9652,-93.9549,direct,0.0000,33.2000,-64.3550
367,node[15],6,7007.7301,4279.0611,1.8950,12.0406,2.3001,1.0914,-21159137#8,-75.2777,-0.1973,100.0000,default,15,rsu(221m),2499,80045,0.1682,221,10.0845,4,6,-75.2777,-92.2674,direct,0.0000,33.6000,-62.0453
367.1,node[15],6,7008.2939,4277.9764,1.8950,12.2219,1.8133,1.0914,-21159137#8,-72.2641,4.4770,100.0000,default,15,rsu(222m),2500,80086,0.6767,222,10.0789,6,10,-72.2641,-89.2538,direct,0.0000,33.6000,-58.1600
367.2,node[15],6,7008.8651,4276.8776,1.8950,12.3807,1.5886,1.0914,-21159137#8,-73.2135,3.0786,100.0000,default,15,rsu(223m),2501,80129,0.5098,223,10.0858,6,10,-73.2135,-90.2032,direct,0.0000,33.6000,-54.8083
367.3,node[15],6,7009.4436,4275.7646,1.8950,12.5414,1.6067,1.0914,-21159137#8,-67.0884,9.9763,100.0000,default,15,rsu(224m),2502,80172,0.9703,224,10.0835,9,16,-67.0884,-84.0781,direct,0.0000,33.6000,-58.7394
367.4,node[15],6,7010.0297,4274.6370,1.8950,12.7049,1.6352,1.0914,-21159137#8,-71.6480,2.6872,100.0000,default,15,rsu(225m),2503,80215,0.4610,225,10.0812,5,8,-71.6480,-88.6377,direct,0.0000,34.4000,-62.4907
367.5,node[15],6,7010.6232,4273.4952,1.8950,12.8653,1.6036,1.0914,-21159137#8,-69.3722,8.9727,100.0000,default,15,rsu(226m),2504,80258,0.9520,226,10.0790,8,14,-69.3722,-86.3619,direct,0.0000,34.4000,-64.7678
367.6,node[15],6,7011.2240,4272.3394,1.8950,13.0228,1.5751,1.0914,-21159137#8,-68.3294,9.6419,100.0000,default,15,rsu(227m),2505,80301,0.9651,227,10.0768,9,16,-68.3294,-85.3191,direct,0.0000,34.4000,-66.1809
367.7,node[15],6,7011.8339,4271.1630,1.8950,13.2589,2.3606,1.0917,:9713003624_6,-81.6270,-3.2430,100.0000,default,15,rsu(229m),2506,80343,0.0422,229,10.0816,2,2,-81.6270,-98.6167,direct,0.0000,34.4000,-67.0710
367.8,node[15],6,7012.4538,4269.9663,1.8950,13.4875,2.2863,1.0921,:9713003624_6,-74.4546,0.0552,100.0000,default,15,rsu(230m),2507,80386,0.1866,230,10.0794,4,6,-74.4546,-91.4443,direct,0.0000,34.0000,-67.7398
367.9,node[15],6,7013.0790,4268.7592,1.8950,13.6053,1.1781,1.0925,:9713003624_6,-75.9563,2.9947,100.0000,default,15,rsu(231m),2508,80429,0.4993,231,10.0816,5,8,-75.9563,-92.9460,direct,0.0000,34.0000,-68.2000
368,node[15],6,7013.7107,4267.5398,1.8950,13.7438,1.3853,1.0929,:9713003624_6,-70.9237,7.7886,100.0000,default,15,rsu(232m),2509,80472,0.9164,232,10.0794,8,14,-70.9237,-87.9134,direct,0.0000,34.4000,-68.5498
368.1,node[15],6,7014.3540,4266.2978,1.8950,13.9983,2.5443,1.0929,:9713003624_6,-72.2015,4.9277,100.0000,default,15,rsu(234m),2510,80515,0.7239,234,10.0843,6,10,-72.2015,-89.1912,direct,0.0000,34.4000,-68.8218
368.2,node[15],6,7015.0062,4265.0388,1.8950,14.1909,1.9268,1.0929,:9713003624_6,-72.7549,4.6429,100.0000,default,15,rsu(235m),2511,80558,0.6945,235,10.0783,6,10,-72.7549,-89.7446,direct,0.0000,34.4000,-69.0427
368.3,node[15],6,7015.6694,4263.7584,1.8950,14.4307,2.3976,1.0929,:9713003624_6,-77.2152,-2.4356,100.0000,default,15,rsu(236m),2512,80600,0.0619,236,10.0822,3,4,-77.2152,-94.2049,direct,0.0000,34.4000,-69.1760
368.4,node[15],6,7016.3415,4262.4596,1.8950,14.6266,1.9592,1.0930,-21159137#7,-70.1904,4.9980,100.0000,default,15,rsu(238m),2513,80643,0.7309,238,10.0772,6,10,-70.1904,-87.1801,direct,0.0000,34.0000,-69.3795
368.5,node[15],6,7017.0225,4261.1435,1.8950,14.8202,1.9355,1.0931,-21159137#7,-74.1132,0.7495,100.0000,default,15,rsu(239m),2514,80686,0.2450,239,10.0751,4,6,-74.1132,-91.1029,direct,0.0000,34.0000,-69.5175
368.6,node[15],6,7017.7086,4259.8177,1.8950,14.9300,1.0982,1.0932,-21159137#7,-83.4294,-5.0000,100.0000,default,15,rsu(240m),2515,80729,0.0180,240,10.0861,2,2,-83.4294,-100.4191,direct,0.0000,34.4000,-69.6426
368.7,node[15],6,7018.4023,4258.4769,1.8950,15.0981,1.6812,1.0933,-21159137#7,-75.2466,0.9821,100.0000,default,15,rsu(242m),2516,80772,0.2672,242,10.0827,4,6,-75.2466,-92.2363,direct,0.0000,34.4000,-69.7597
368.8,node[15],6,7019.1035,4257.1219,1.8950,15.2582,1.6007,1.0933,-21159137#7,-70.8723,7.3919,100.0000,default,15,rsu(243m),2517,80814,0.8999,243,10.0867,8,14,-70.8723,-87.8620,direct,0.0000,34.0000,-69.8106
368.9,node[15],6,7019.8142,4255.7483,1.8950,15.4680,2.0983,1.0933,-21159137#7,-73.1681,6.0952,100.0000,default,15,rsu(245m),2518,80857,0.8246,245,10.0818,7,12,-73.1681,-90.1578,direct,0.0000,34.0000,-69.9720
369,node[15],6,7020.5316,4254.3621,1.8950,15.6101,1.4210,1.0933,-21159137#7,-68.5450,10.2903,100.0000,default,15,rsu(246m),2519,80900,0.9745,246,10.0798,9,16,-68.5450,-85.5347,direct,0.0000,34.4000,-70.0718
369.1,node[15],6,7021.2586,4252.9569,1.8950,15.8232,2.1306,1.0933,-21159137#7,-85.1365,-5.0000,100.0000,default,15,rsu(247m),2520,80942,0.0180,247,10.0848,2,2,-85.1365,-102.1262,direct,0.0000,34.4000,-70.1054
369.2,node[15],6,7021.9953,4251.5334,1.8950,16.0302,2.0704,1.0933,-21159137#7,-74.9706,4.3670,100.0000,default,15,rsu(249m),2521,80985,0.6645,249,10.0759,6,10,-74.9706,-91.9603,direct,0.0000,34.0000,-70.2570
369.3,node[15],6,7022.7386,4250.0969,1.8950,16.1757,1.4543,1.0933,-21159137#7,-80.6433,-2.4052,100.0000,default,15,rsu(250m),2522,81028,0.0628,250,10.0856,3,4,-80.6433,-97.6330,direct,0.0000,34.0000,-70.3448
369.4,node[15],6,7023.4917,4248.6414,1.8950,16.3906,2.1498,1.0933,-21159137#7,-78.4425,-1.8855,100.0000,default,15,rsu(252m),2523,81069,0.0800,252,10.0775,3,4,-78.4425,-95.4322,direct,0.0000,33.6000,-70.4274
369.5,node[15],6,7024.2517,4247.1726,1.8950,16.5391,1.4841,1.0933,-21159137#7,-70.5425,7.0068,100.0000,default,15,rsu(253m),2524,81112,0.8812,253,10.0826,8,14,-70.5425,-87.5322,direct,0.0000,33.6000,-70.5072
369.6,node[15],6,7025.0192,4245.6894,1.8950,16.7025,1.6344,1.0933,-21159137#7,-84.1567,-5.0000,100.0000,default,16,rsu(255m),2525,81153,0.0180,255,10.0875,2,2,-84.1567,-101.1464,direct,0.0000,33.6000,-70.5833
369.7,node[15],6,7025.7938,4244.1924,1.8950,16.8573,1.5479,1.0933,-21159137#7,-69.3293,6.4976,100.0000,default,16,rsu(257m),2526,81196,0.8518,257,10.0787,7,12,-69.3293,-86.3190,direct,0.0000,33.6000,-70.6619
369.8,node[15],6,7026.5768,4242.6792,1.8950,17.0400,1.8268,1.0933,-21159137#7,-71.8310,2.7437,100.0000,default,16,rsu(258m),2527,81239,0.4680,258,10.0839,5,8,-71.8310,-88.8207,direct,0.0000,34.4000,-70.7398
369.9,node[15],6,7027.3717,4241.1430,1.8950,17.2989,2.5892,1.0933,-21159137#7,-78.1437,0.8933,100.0000,default,16,rsu(260m),2528,81282,0.2586,260,10.0865,4,6,-78.1437,-95.1334,direct,0.0000,34.4000,-70.8156
370,node[15],6,7028.1751,4239.5904,1.8950,17.4829,1.8400,1.0933,-21159137#7,-74.7101,0.8932,100.0000,default,16,rsu(261m),2529,81324,0.2586,261,10.0787,4,6,-74.7101,-91.6998,direct,0.0000,34.0000,-70.8299
370.1,node[15],6,7028.9886,4238.0182,1.8950,17.7041,2.2124,1.0933,-21159137#7,-86.6917,-5.0000,100.0000,default,16,rsu(263m),2530,81367,0.0180,263,10.0770,2,2,-86.6917,-103.6814,direct,0.0000,34.0000,-70.9608
370.2,node[15],6,7029.8129,4236.4273,1.8950,17.9181,2.1396,1.0931,:9713003617_8,-73.3058,1.0325,100.0000,default,16,rsu(265m),2531,81410,0.2721,265,10.0814,5,8,-73.3058,-90.2955,direct,0.0000,34.4000,-71.0313
370.3,node[15],6,7030.6492,4234.8165,1.8950,18.1480,2.2996,1.0926,:9713003617_8,-75.9623,2.3662,100.0000,default,16,rsu(266m),2532,81452,0.4214,266,10.0842,5,8,-75.9623,-92.9520,direct,0.0000,34.4000,-71.0431
370.4,node[15],6,7031.4931,4233.1910,1.8950,18.3127,1.6464,1.0921,:9713003617_8,-75.2313,0.7221,100.0000,default,16,rsu(268m),2533,81495,0.2425,268,10.0766,4,6,-75.2313,-92.2210,direct,0.0000,34.0000,-71.1666
370.5,node[15],6,7032.3435,4231.5529,1.8950,18.4543,1.4164,1.0919,:9713003617_8,-71.8066,4.4309,100.0000,default,17,rsu(270m),2534,81538,0.6716,270,10.0750,6,10,-71.8066,-88.7963,direct,0.0000,34.0000,-71.2305
370.6,node[15],6,7033.2001,4229.9030,1.8950,18.5882,1.3391,1.0919,:9713003617_8,-73.4825,4.1881,100.0000,default,17,rsu(272m),2535,81581,0.6443,272,10.0865,6,10,-73.4825,-90.4722,direct,0.0000,34.4000,-71.3008
370.7,node[15],6,7034.0647,4228.2387,1.8950,18.7529,1.6468,1.0918,-21159137#6,-81.4363,-2.1926,100.0000,default,17,rsu(273m),2536,81624,0.0694,273,10.0822,3,4,-81.4363,-98.4260,direct,0.0000,34.4000,-71.3727
370.8,node[15],6,7034.9395,4226.5647,1.8950,18.8893,1.3642,1.0908,-21159137#6,-78.0816,-1.0099,100.0000,default,17,rsu(275m),2537,81665,0.1187,275,10.0774,3,4,-78.0816,-95.0713,direct,0.0000,33.6000,-71.4474
370.9,node[15],6,7035.8217,4224.8767,1.8950,19.0479,1.5861,1.0898,-21159137#6,-79.5912,-1.5721,100.0000,default,17,rsu(277m),2538,81706,0.0923,277,10.0811,3,4,-79.5912,-96.5809,direct,0.0000,33.6000,-71.5245
371,node[15],6,7036.7153,4223.1667,1.8950,19.2959,2.4792,1.0892,-21159137#6,-69.6300,5.6803,100.0000,default,17,rsu(279m),2539,81748,0.7925,279,10.0814,7,12,-69.6300,-86.6197,direct,0.0000,33.2000,-71.5319
371.1,node[15],6,7037.6178,4221.4396,1.8950,19.4891,1.9321,1.0892,-21159137#6,-75.6161,2.9450,100.0000,default,17,rsu(281m),2540,81791,0.4931,281,10.0817,5,8,-75.6161,-92.6058,direct,0.0000,33.2000,-71.6671
371.2,node[15],6,7038.5310,4219.6922,1.8950,19.7179,2.2888,1.0892,-21159137#6,-72.4899,5.7278,100.0000,default,17,rsu(282m),2541,81834,0.7964,282,10.0759,7,12,-72.4899,-89.4796,direct,0.0000,34.4000,-71.7384
371.3,node[15],6,7039.4526,4217.9286,1.8950,19.9012,1.8327,1.0892,-21159137#6,-71.0647,5.8180,100.0000,default,17,rsu(284m),2542,81876,0.8036,284,10.0771,7,12,-71.0647,-88.0544,direct,0.0000,34.4000,-71.7453
371.4,node[15],6,7040.3846,4216.1453,1.8950,20.1234,2.2216,1.0892,-21159137#6,-69.8491,9.2064,100.0000,default,17,rsu(286m),2543,81919,0.9570,286,10.0783,9,16,-69.8491,-86.8388,direct,0.0000,34.0000,-71.8821
371.5,node[15],6,7041.3234,4214.3487,1.8950,20.2726,1.4927,1.0892,-21159137#6,-68.5941,6.6921,100.0000,default,17,rsu(288m),2544,81962,0.8637,288,10.0828,7,12,-68.5941,-85.5838,direct,0.0000,34.0000,-71.9558
371.6,node[15],6,7042.2687,4212.5398,1.8950,20.4120,1.3936,1.0892,-21159137#6,-79.9281,-3.5867,100.0000,default,17,rsu(290m),2545,82004,0.0358,290,10.0841,2,2,-79.9281,-96.9178,direct,0.0000,34.0000,-71.9619
371.7,node[15],6,7043.2214,4210.7167,1.8950,20.5727,1.6073,1.0892,-21159137#6,-73.8418,0.4143,100.0000,default,18,rsu(292m),2546,82046,0.2154,292,10.0854,4,6,-73.8418,-90.8315,direct,0.0000,34.0000,-71.9641
371.8,node[15],6,7044.1852,4208.8725,1.8950,20.8107,2.3798,1.0892,-21159137#6,-76.3205,-0.3229,100.0000,default,18,rsu(294m),2547,82089,0.1596,294,10.0867,4,6,-76.3205,-93.3102,direct,0.0000,34.0000,-72.1714
371.9,node[15],6,7045.1552,4207.0163,1.8950,20.9448,1.3409,1.0892,-21159137#6,-79.2424,-3.6274,100.0000,default,18,rsu(296m),2548,82132,0.0351,296,10.0783,2,2,-79.2424,-96.2321,direct,0.0000,34.0000,-72.2431
372,node[15],6,7046.1363,4205.1389,1.8950,21.1858,2.4099,1.0892,-21159137#6,-75.1528,-0.9047,100.0000,default,18,rsu(298m),2549,82175,0.1243,298,10.0857,4,6,-75.1528,-92.1425,direct,0.0000,34.4000,-72.3131
372.1,node[15],6,7047.1270,4203.2430,1.8950,21.3934,2.0765,1.0892,-21159137#6,-74.8310,3.0309,100.0000,default,18,rsu(300m),2550,82218,0.5039,300,10.0871,6,10,-74.8310,-91.8207,direct,0.0000,34.4000,-72.3179
372.2,node[15],6,7048.1249,4201.3335,1.8950,21.5476,1.5412,1.0892,-21159137#6,-74.4699,2.8040,100.0000,default,18,rsu(302m),2551,82259,0.4755,302,10.0853,5,8,-74.4699,-91.4596,direct,0.0000,33.6000,-72.3235
372.3,node[15],6,7049.1332,4199.4041,1.8950,21.7709,2.2339,1.0892,-21159137#6,-76.3731,-0.6196,100.0000,default,18,rsu(304m),2552,82303,0.1407,304,10.0790,4,6,-76.3731,-93.3628,direct,0.0000,33.6000,-72.5151
372.4,node[15],6,7050.1497,4197.4590,1.8950,21.9497,1.7873,1.0892,-21159137#6,-73.1001,3.9998,100.0000,default,18,rsu(306m),2553,82347,0.6224,306,10.0811,6,10,-73.1001,-90.0898,direct,0.0000,35.2000,-72.5816
372.5,node[15],6,7051.1762,4195.4947,1.8950,22.1651,2.1545,1.0892,-21159137#6,-72.7266,5.1775,100.0000,default,18,rsu(308m),2554,82391,0.7481,308,10.0757,7,12,-72.7266,-89.7163,direct,0.0000,35.2000,-72.6486
372.6,node[15],6,7052.2106,4193.5152,1.8950,22.3370,1.7192,1.0892,-21159137#6,-77.3727,-1.1447,100.0000,default,18,rsu(310m),2555,82435,0.1118,310,10.0772,3,4,-77.3727,-94.3624,direct,0.0000,35.2000,-72.7135
372.7,node[15],6,7053.2556,4191.5156,1.8950,22.5644,2.2737,1.0892,-21159137#6,-74.7090,0.1240,100.0000,default,18,rsu(313m),2556,82478,0.1919,313,10.0788,4,6,-74.7090,-91.6987,direct,0.0000,35.2000,-72.7166
372.8,node[15],6,7054.3067,4189.5042,1.8950,22.6969,1.3248,1.0892,-21159137#6,-77.5394,-0.2730,100.0000,default,18,rsu(315m),2557,82520,0.1629,315,10.0831,4,6,-77.5394,-94.5291,direct,0.0000,34.0000,-72.8399
372.9,node[15],6,7055.3690,4187.4714,1.8950,22.9389,2.4199,1.0892,-21159137#6,-73.7751,0.8000,100.0000,default,18,rsu(317m),2558,82564,0.2497,317,10.0777,4,6,-73.7751,-90.7648,direct,0.0000,34.0000,-72.9002
373,node[15],6,7056.4409,4185.4202,1.8950,23.1457,2.0686,1.0892,-21159137#6,-80.8980,-5.0000,100.0000,default,18,rsu(319m),2559,82608,0.0180,319,10.0848,2,2,-80.8980,-97.8877,direct,0.0000,35.2000,-72.9624
373.1,node[15],6,7057.5365,4183.3628,1.8950,23.3087,1.6296,1.0856,:227502475_3,-74.7437,3.6676,100.0000,default,18,rsu(321m),2560,82650,0.5827,321,10.0831,6,10,-74.7437,-91.7334,direct,0.0000,35.2000,-73.0285
373.2,node[15],6,7058.6550,4181.2892,1.8950,23.5575,2.4884,1.0794,:227502475_3,-74.0960,0.6315,100.0000,default,18,rsu(324m),2561,82693,0.2343,324,10.0848,4,6,-74.0960,-91.0857,direct,0.0000,34.0000,-73.0269
373.3,node[15],6,7059.7821,4179.1996,1.8950,23.7382,1.8065,1.0761,:227502475_3,-74.6624,4.2159,100.0000,default,18,rsu(326m),2562,82737,0.6475,326,10.0796,6,10,-74.6624,-91.6521,direct,0.0000,34.0000,-73.1476
373.4,node[15],6,7060.9207,4177.0885,1.8950,23.9824,2.4418,1.0761,:227502475_3,-80.7335,-2.6012,100.0000,default,18,rsu(328m),2563,82781,0.0573,328,10.0807,3,4,-80.7335,-97.7232,direct,0.0000,35.2000,-73.2063
373.5,node[15],6,7062.0687,4174.9603,1.8950,24.1780,1.9564,1.0761,:227502475_3,-81.9654,-5.0000,100.0000,default,18,rsu(330m),2564,82823,0.0180,330,10.0823,2,2,-81.9654,-98.9551,direct,0.0000,35.2000,-73.2697
373.6,node[15],6,7063.2273,4172.8122,1.8950,24.4027,2.2471,1.0761,:227502475_3,-72.1632,3.2906,100.0000,default,18,rsu(333m),2565,82866,0.5363,333,10.0841,6,10,-72.1632,-89.1529,direct,0.0000,34.0000,-73.2646
373.7,node[15],6,7064.4105,4170.6577,1.8950,24.6095,2.0675,1.0724,-21159137#5,-76.8080,-0.6774,100.0000,default,18,rsu(335m),2566,82908,0.1372,335,10.0858,4,6,-76.8080,-93.7977,direct,0.0000,34.0000,-73.3848
373.8,node[15],6,7065.6137,4168.4900,1.8950,24.8411,2.3164,1.0664,-21159137#5,-71.0670,3.0066,100.0000,default,18,rsu(337m),2567,82950,0.5008,337,10.0773,6,10,-71.0670,-88.0567,direct,0.0000,33.6000,-73.4470
373.9,node[15],6,7066.8287,4166.3035,1.8950,25.0191,1.7796,1.0639,:8295633717_2,-85.5961,-5.0000,100.0000,default,18,rsu(340m),2568,82994,0.0180,340,10.0852,2,2,-85.5961,-102.5858,direct,0.0000,33.6000,-73.4901
374,node[15],6,7068.0535,4164.1005,1.8950,25.1927,1.7366,1.0635,:8295633717_2,-79.6555,-4.3078,100.0000,default,18,rsu(342m),2569,83038,0.0252,342,10.0871,2,2,-79.6555,-96.6452,direct,0.0000,35.2000,-73.5436
374.1,node[15],6,7069.2900,4161.8763,1.8950,25.4352,2.4249,1.0634,:8295633717_2,-76.0575,3.1411,100.0000,default,18,rsu(345m),2570,83082,0.5176,345,10.0761,6,10,-76.0575,-93.0472,direct,0.0000,35.2000,-73.5949
374.2,node[15],6,7070.5392,4159.6295,1.8950,25.6931,2.5792,1.0634,:8295633717_2,-78.7148,-4.5079,100.0000,default,18,rsu(347m),2571,83125,0.0229,347,10.0828,2,2,-78.7148,-95.7045,direct,0.0000,34.8000,-73.5892
374.3,node[15],6,7071.7998,4157.3618,1.8950,25.9427,2.4956,1.0634,-21159137#4,-80.1908,-2.9752,100.0000,default,18,rsu(350m),2572,83167,0.0480,350,10.0763,3,4,-80.1908,-97.1805,direct,0.0000,34.8000,-73.6996
374.4,node[15],6,7073.0676,4155.0812,1.8950,26.0915,1.4884,1.0634,-21159137#4,-73.4372,5.8958,100.0000,default,18,rsu(352m),2573,83211,0.8097,352,10.0852,7,12,-73.4372,-90.4269,direct,0.0000,34.4000,-73.7350
374.5,node[15],6,7074.3442,4152.7849,1.8950,26.2708,1.7928,1.0634,-21159137#4,-76.8119,1.2145,100.0000,default,18,rsu(355m),2574,83255,0.2905,355,10.0834,5,8,-76.8119,-93.8016,direct,0.0000,34.4000,-73.7797
374.6,node[15],6,7075.6274,4150.4766,1.8950,26.4075,1.3672,1.0634,-21159137#4,-79.8121,-5.0000,100.0000,default,18,rsu(357m),2575,83298,0.0180,357,10.0789,2,2,-79.8121,-96.8018,direct,0.0000,34.8000,-73.8233
374.7,node[15],6,7076.9181,4148.1549,1.8950,26.5612,1.5368,1.0634,-21159137#4,-80.2418,-1.8883,100.0000,default,18,rsu(360m),2576,83342,0.0799,360,10.0777,3,4,-80.2418,-97.2315,direct,0.0000,34.8000,-73.8673
374.8,node[15],6,7078.2176,4145.8173,1.8950,26.7434,1.8216,1.0634,-21159137#4,-71.5266,5.7399,100.0000,default,18,rsu(362m),2577,83386,0.7974,362,10.0765,7,12,-71.5266,-88.5163,direct,0.0000,35.2000,-73.9089
374.9,node[15],6,7079.5296,4143.4572,1.8950,27.0014,2.5802,1.0634,-21159137#4,-69.8492,6.5816,100.0000,default,18,rsu(365m),2578,83430,0.8570,365,10.0820,7,12,-69.8492,-86.8389,direct,0.0000,35.2000,-73.9460
375,node[15],6,7080.8487,4141.0844,1.8950,27.1450,1.4362,1.0634,-21159137#4,-81.7890,-5.0000,100.0000,default,18,rsu(367m),2579,83474,0.0180,367,10.0749,2,2,-81.7890,-98.7787,direct,0.0000,35.2000,-73.9803
375.1,node[15],6,7082.1768,4138.6954,1.8950,27.3314,1.8633,1.0634,-21159137#4,-83.4580,-5.0000,100.0000,default,18,rsu(370m),2580,83517,0.0180,370,10.0808,2,2,-83.4580,-100.4477,direct,0.0000,35.2000,-73.9523
375.2,node[15],6,7083.5124,4136.2929,1.8950,27.4861,1.5474,1.0634,-21159137#4,-74.9897,-0.3279,100.0000,default,18,rsu(373m),2581,83561,0.1592,373,10.0798,4,6,-74.9897,-91.9794,direct,0.0000,34.8000,-74.0326
375.3,node[15],6,7084.8472,4133.8918,1.8950,27.4698,-0.1625,1.0634,-21159137#4,-75.7322,2.6919,100.0000,default,18,rsu(375m),2582,83605,0.4616,375,10.0755,5,8,-75.7322,-92.7219,direct,0.0000,34.8000,-74.0518
375.4,node[15],6,7086.1795,4131.4881,1.8950,27.4820,0.1220,1.0641,:3530983603_6,-76.9131,-1.5868,100.0000,default,18,rsu(378m),2583,83649,0.0917,378,10.0746,3,4,-76.9131,-93.9028,direct,0.0000,35.2000,-74.0662
375.5,node[15],6,7087.5007,4129.0766,1.8950,27.5060,0.2398,1.0675,:3530983603_6,-76.9838,-1.1143,100.0000,default,18,rsu(381m),2584,83691,0.1133,381,10.0773,3,4,-76.9838,-93.9735,direct,0.0000,35.2000,-74.0082
375.6,node[15],6,7088.8187,4126.6710,1.8950,27.4379,-0.6809,1.0696,:3530983603_6,-75.1978,0.3491,100.0000,default,18,rsu(383m),2585,83734,0.2099,383,10.0830,4,6,-75.1978,-92.1875,direct,0.0000,34.0000,-73.9397
375.7,node[15],6,7090.1362,4124.2662,1.8950,27.4296,-0.0838,1.0696,:3530983603_6,-77.2282,1.1130,100.0000,default,18,rsu(386m),2586,83776,0.2802,386,10.0807,5,8,-77.2282,-94.2179,direct,0.0000,34.0000,-73.8563
375.8,node[15],6,7091.4480,4121.8485,1.8950,27.5064,0.7682,1.0718,-21159137#3,-76.0732,-0.4067,100.0000,default,18,rsu(389m),2587,83820,0.1540,389,10.0850,4,6,-76.0732,-93.0629,direct,0.0000,34.4000,-74.0156
375.9,node[15],6,7092.7542,4119.4344,1.8950,27.4462,-0.6020,1.0747,-21159137#3,-76.0036,-0.1872,100.0000,default,18,rsu(391m),2588,83863,0.1689,391,10.0861,4,6,-76.0036,-92.9933,direct,0.0000,34.4000,-73.8841
376,node[15],6,7094.0619,4117.0175,1.8950,27.4769,0.3074,1.0748,-21159137#3,-79.4723,-1.8111,100.0000,default,18,rsu(394m),2589,83905,0.0827,394,10.0839,3,4,-79.4723,-96.4620,direct,0.0000,34.0000,-73.7208
376.1,node[15],6,7095.3709,4114.5982,1.8950,27.5050,0.2809,1.0748,-21159137#3,-81.3182,-5.0000,100.0000,default,18,rsu(397m),2590,83949,0.0180,397,10.0753,2,2,-81.3182,-98.3079,direct,0.0000,34.0000,-73.6946
376.2,node[15],6,7096.6786,4112.1814,1.8950,27.4768,-0.2819,1.0748,-21159137#3,-76.1004,-0.6542,100.0000,default,18,rsu(399m),2591,83993,0.1386,399,10.0801,4,6,-76.1004,-93.0901,direct,0.0000,35.2000,-73.4771
376.3,node[15],6,7097.9841,4109.7685,1.8950,27.4313,-0.4554,1.0748,-21159137#3,-75.3750,3.9376,100.0000,default,18,rsu(402m),2592,84036,0.6151,402,10.0840,6,10,-75.3750,-92.3647,direct,0.0000,35.2000,-73.1708
376.4,node[15],6,7099.2890,4107.3568,1.8950,27.4190,-0.1229,1.0748,-21159137#3,-77.7214,-2.3169,100.0000,default,18,rsu(405m),2593,84080,0.0655,405,10.0780,3,4,-77.7214,-94.7111,direct,0.0000,34.8000,-72.7432
376.5,node[15],6,7100.5982,4104.9371,1.8950,27.5091,0.9012,1.0748,-21159137#3,-74.5884,4.7601,100.0000,default,18,rsu(407m),2594,84124,0.7068,407,10.0794,6,10,-74.5884,-91.5781,direct,0.0000,34.8000,-72.1424
376.6,node[15],6,7101.9039,4102.5240,1.8950,27.4345,-0.7461,1.0748,-21159137#3,-83.5448,-5.0000,100.0000,default,18,rsu(410m),2595,84168,0.0180,410,10.0807,2,2,-83.5448,-100.5345,direct,0.0000,35.2000,-71.3051
376.7,node[15],6,7103.2107,4100.1087,1.8950,27.4594,0.2489,1.0748,-21159137#3,-76.7156,2.1844,100.0000,default,18,rsu(413m),2596,84212,0.3994,413,10.0749,5,8,-76.7156,-93.7053,direct,0.0000,35.2000,-70.1169
376.8,node[15],3,7104.5203,4097.6883,1.8950,27.5170,0.5758,1.0748,-21159137#3,-77.2699,0.4927,100.0000,default,19,rsu(415m),2597,84256,0.2221,415,10.0763,4,6,-77.2699,-94.2596,direct,0.0000,35.2000,-68.3769
376.9,node[15],3,7105.8283,4095.2708,1.8950,27.4841,-0.3288,1.0748,-21159137#3,-82.8384,-4.2316,100.0000,default,19,rsu(418m),2598,84299,0.0262,418,10.0744,2,2,-82.8384,-99.8281,direct,0.0000,35.2000,-65.7926
377,node[15],3,7107.1336,4092.8585,1.8950,27.4258,-0.5826,1.0748,-21159137#3,-77.1636,-2.3057,100.0000,default,19,rsu(421m),2599,84344,0.0658,421,10.0869,3,4,-77.1636,-94.1533,direct,0.0000,35.2000,-61.6941
377.1,node[15],3,7108.4381,4090.4475,1.8950,27.4103,-0.1547,1.0748,-21159137#3,-85.0375,-5.0000,100.0000,default,19,rsu(423m),2600,84388,0.0180,423,10.0830,2,2,-85.0375,-102.0272,direct,0.0000,35.2000,-55.5937
377.2,node[15],3,7109.7457,4088.0314,1.8950,27.4709,0.6059,1.0748,:8295633719_2,-78.9378,-1.4589,100.0000,default,19,rsu(426m),2601,84434,0.0971,426,10.0853,3,4,-78.9378,-95.9275,direct,0.0000,36.0000,-58.5193
377.3,node[15],3,7111.0551,4085.6172,1.8950,27.4747,0.0373,1.0742,:8295633719_2,-86.2228,-5.0000,100.0000,default,19,rsu(429m),2602,84480,0.0180,429,10.0771,2,2,-86.2228,-103.2125,direct,0.0000,36.0000,-63.8961
377.4,node[15],3,7112.3630,4083.2057,1.8950,27.4424,-0.3230,1.0738,:8295633719_2,-78.5205,-1.1214,100.0000,default,19,rsu(431m),2603,84525,0.1130,431,10.0855,3,4,-78.5205,-95.5102,direct,0.0000,36.4000,-67.1998
377.5,node[15],3,7113.6718,4080.7927,1.8950,27.4607,0.1830,1.0738,:8295633719_2,-70.5517,7.0054,100.0000,default,19,rsu(434m),2604,84570,0.8811,434,10.0870,8,14,-70.5517,-87.5414,direct,0.0000,36.4000,-69.3620
377.6,node[15],3,7114.9832,4078.3741,1.8950,27.5152,0.5454,1.0739,-21159137#2,-73.4531,2.3267,100.0000,default,19,rsu(437m),2605,84616,0.4166,437,10.0858,5,8,-73.4531,-90.4428,direct,0.0000,36.4000,-70.8642
377.7,node[15],3,7116.2894,4075.9650,1.8950,27.4037,-1.1156,1.0740,-21159137#2,-74.7116,1.2271,100.0000,default,19,rsu(439m),2606,84662,0.2918,439,10.0777,5,8,-74.7116,-91.7013,direct,0.0000,36.4000,-71.9404
377.8,node[15],3,7117.5980,4073.5514,1.8950,27.4547,0.5104,1.0740,-21159137#2,-79.5136,-0.3274,100.0000,default,19,rsu(442m),2607,84707,0.1593,442,10.0792,4,6,-79.5136,-96.5033,direct,0.0000,36.4000,-72.7309
377.9,node[15],3,7118.8990,4071.1518,1.8950,27.2952,-1.5948,1.0740,-21159137#2,-74.7847,-0.4157,100.0000,default,19,rsu(445m),2608,84752,0.1534,445,10.0779,4,6,-74.7847,-91.7744,direct,0.0000,36.4000,-73.3194
378,node[15],3,7120.1831,4068.7835,1.8950,26.9396,-3.5563,1.0740,-21159137#2,-88.7571,-5.0000,100.0000,default,19,rsu(447m),2609,84798,0.0180,447,10.0775,2,2,-88.7571,-105.7468,direct,0.0000,36.4000,-73.7644
378.1,node[15],3,7121.4510,4066.4449,1.8950,26.6016,-3.3796,1.0740,-21159137#2,-76.4366,-2.4785,100.0000,default,19,rsu(450m),2610,84844,0.0607,450,10.0825,3,4,-76.4366,-93.4263,direct,0.0000,36.4000,-74.1036
378.2,node[15],3,7122.6990,4064.1433,1.8950,26.1810,-4.2064,1.0740,-21159137#2,-73.0335,5.3416,100.0000,default,19,rsu(452m),2611,84890,0.7633,452,10.0744,7,12,-73.0335,-90.0232,direct,0.0000,36.8000,-74.3655
378.3,node[15],3,7123.9289,4061.8747,1.8950,25.8049,-3.7613,1.0740,-21159137#2,-79.0803,-2.1820,100.0000,default,19,rsu(455m),2612,84936,0.0697,455,10.0794,3,4,-79.0803,-96.0700,direct,0.0000,36.8000,-74.5694
378.4,node[15],3,7125.1384,4059.6439,1.8950,25.3756,-4.2930,1.0740,-21159137#2,-81.5224,-4.3603,100.0000,default,19,rsu(457m),2613,84982,0.0246,457,10.0844,2,2,-81.5224,-98.5121,direct,0.0000,36.8000,-74.7298
378.5,node[15],3,7126.3320,4057.4424,1.8950,25.0417,-3.3386,1.0740,-21159137#2,-76.6611,-1.8063,100.0000,default,19,rsu(460m),2614,85028,0.0829,460,10.0835,3,4,-76.6611,-93.6508,direct,0.0000,36.8000,-74.8551
378.6,node[15],3,7127.5062,4055.2769,1.8950,24.6330,-4.0872,1.0740,-21159137#2,-70.2627,6.8959,100.0000,default,19,rsu(462m),2615,85073,0.8752,462,10.0851,7,12,-70.2627,-87.2524,direct,0.0000,36.4000,-74.9532
378.7,node[15],3,7128.6632,4053.1428,1.8950,24.2749,-3.5804,1.0740,-21159137#2,-82.5185,-3.1442,100.0000,default,19,rsu(465m),2616,85119,0.0443,465,10.0743,2,2,-82.5185,-99.5082,direct,0.0000,36.4000,-75.0295
378.8,node[15],3,7129.7988,4051.0483,1.8950,23.8249,-4.5000,1.0740,-21159137#2,-77.9335,1.4576,100.0000,default,19,rsu(467m),2617,85165,0.3162,467,10.0864,5,8,-77.9335,-94.9232,direct,0.0000,36.8000,-75.0886
378.9,node[15],3,7130.9171,4048.9857,1.8950,23.4620,-3.6291,1.0740,-21159137#2,-76.5285,1.4906,100.0000,default,19,rsu(469m),2618,85211,0.3198,469,10.0785,5,8,-76.5285,-93.5182,direct,0.0000,36.8000,-75.1324
379,node[15],3,7132.0190,4046.9534,1.8950,23.1170,-3.4505,1.0740,-21159137#2,-80.0788,-3.3824,100.0000,default,19,rsu(471m),2619,85257,0.0395,471,10.0776,2,2,-80.0788,-97.0685,direct,0.0000,36.8000,-75.1628
379.1,node[15],3,7133.1034,4044.9534,1.8950,22.7505,-3.6648,1.0740,-21159137#2,-79.4864,-3.5843,100.0000,default,18,rsu(474m),2620,85302,0.0358,474,10.0767,2,2,-79.4864,-96.4761,direct,0.0000,36.8000,-75.2228
379.2,node[15],3,7134.1701,4042.9860,1.8950,22.3794,-3.7103,1.0740,-21159137#2,-79.3984,-0.4700,100.0000,default,18,rsu(476m),2621,85347,0.1499,476,10.0785,4,6,-79.3984,-96.3881,direct,0.0000,36.0000,-75.1992
379.3,node[15],3,7135.2202,4041.0491,1.8950,22.0315,-3.4800,1.0740,-21159137#2,-87.3015,-5.0000,100.0000,default,18,rsu(478m),2622,85393,0.0180,478,10.0812,2,2,-87.3015,-104.2912,direct,0.0000,36.0000,-75.2008
379.4,node[15],3,7136.2489,4039.1519,1.8950,21.5815,-4.5000,1.0740,-21159137#2,-80.1388,-2.0206,100.0000,default,18,rsu(480m),2623,85437,0.0751,480,10.0770,3,4,-80.1388,-97.1285,direct,0.0000,36.0000,-75.2348
379.5,node[15],3,7137.2614,4037.2843,1.8950,21.2429,-3.3859,1.0740,-21159137#2,-81.1069,-3.5302,100.0000,default,18,rsu(482m),2624,85483,0.0368,482,10.0823,2,2,-81.1069,-98.0966,direct,0.0000,36.0000,-75.1850
379.6,node[15],3,7138.2557,4035.4504,1.8950,20.8606,-3.8223,1.0740,-21159137#2,-76.7064,0.8340,100.0000,default,18,rsu(484m),2625,85529,0.2529,484,10.0815,4,6,-76.7064,-93.6961,direct,0.0000,36.8000,-75.1680
379.7,node[15],3,7139.2286,4033.6561,1.8950,20.4106,-4.5000,1.0740,-21159137#2,-80.5946,-3.9667,100.0000,default,18,rsu(486m),2626,85574,0.0298,486,10.0833,2,2,-80.5946,-97.5843,direct,0.0000,36.8000,-75.1472
379.8,node[15],3,7140.1850,4031.8920,1.8950,20.0664,-3.4420,1.0740,-21159137#2,-76.7848,0.5828,100.0000,default,18,rsu(488m),2627,85619,0.2300,488,10.0824,4,6,-76.7848,-93.7745,direct,0.0000,36.0000,-75.1680
379.9,node[15],3,7141.1260,4030.1566,1.8950,19.7408,-3.2564,1.0740,-21159137#2,-75.8743,1.8492,100.0000,default,18,rsu(490m),2628,85664,0.3600,490,10.0816,5,8,-75.8743,-92.8640,direct,0.0000,36.0000,-75.1866
380,node[15],3,7142.0470,4028.4579,1.8950,19.3221,-4.1865,1.0740,-21159137#2,-75.2034,1.7782,100.0000,default,18,rsu(492m),2629,85710,0.3519,492,10.0871,5,8,-75.2034,-92.1931,direct,0.0000,36.4000,-75.0551
380.1,node[15],3,7142.9522,4026.7883,1.8950,18.9913,-3.3088,1.0740,-21159137#2,-81.2027,-4.9741,100.0000,default,18,rsu(494m),2630,85755,0.0182,494,10.0865,2,2,-81.2027,-98.1924,direct,0.0000,36.4000,-75.0698
380.2,node[15],3,7143.8377,4025.1550,1.8950,18.5787,-4.1256,1.0740,-21159137#2,-82.5677,-5.0000,100.0000,default,18,rsu(496m),2631,85801,0.0180,496,10.0787,2,2,-82.5677,-99.5574,direct,0.0000,36.4000,-74.9727
380.3,node[15],3,7144.7093,4023.5474,1.8950,18.2867,-2.9197,1.0740,-21159137#2,-84.1415,-5.0000,100.0000,default,18,rsu(497m),2632,85847,0.0180,497,10.0779,2,2,-84.1415,-101.1312,direct,0.0000,36.4000,-74.9246
380.4,node[15],3,7145.5595,4021.9793,1.8950,17.8367,-4.5000,1.0740,-21159137#2,-78.3627,-0.9599,100.0000,default,18,rsu(499m),2633,85894,0.1213,499,10.0831,4,6,-78.3627,-95.3524,direct,0.0000,37.2000,-74.8745
380.5,node[15],3,7146.3933,4020.4416,1.8950,17.4917,-3.4499,1.0740,-21159137#2,-75.8790,0.4910,100.0000,default,18,rsu(501m),2634,85940,0.2219,501,10.0816,4,6,-75.8790,-92.8687,direct,0.0000,37.2000,-74.8842
380.6,node[15],3,7147.2125,4018.9306,1.8950,17.1873,-3.0442,1.0740,-21159137#2,-82.0846,-2.7442,100.0000,default,18,rsu(503m),2635,85986,0.0536,503,10.0800,3,4,-82.0846,-99.0743,direct,0.0000,36.8000,-74.8931
380.7,node[15],3,7148.0135,4017.4533,1.8950,16.8049,-3.8246,1.0740,-21159137#2,-79.0699,-4.1616,100.0000,default,18,rsu(504m),2636,86033,0.0271,504,10.0816,2,2,-79.0699,-96.0596,direct,0.0000,36.8000,-74.6982
380.8,node[15],3,7148.7986,4016.0053,1.8950,16.4708,-3.3411,1.0740,-21159137#2,-82.3979,-5.0000,100.0000,default,18,rsu(506m),2637,86079,0.0180,506,10.0826,2,2,-82.3979,-99.3876,direct,0.0000,37.2000,-74.6311
380.9,node[15],3,7149.5657,4014.5919,1.8950,16.0814,-3.8936,1.0738,:8295633721_2,-75.7125,1.2791,100.0000,default,18,rsu(507m),2638,86128,0.2972,507,10.0797,5,8,-75.7125,-92.7022,direct,0.0000,37.2000,-74.5610
381,node[15],3,7150.3178,4013.2198,1.8950,15.6426,-4.3880,1.0724,:8295633721_2,-76.8491,0.2278,100.0000,default,18,rsu(509m),2639,86178,0.2000,509,10.0782,4,6,-76.8491,-93.8388,direct,0.0000,39.6000,-74.4889
381.1,node[15],3,7151.0555,4011.8739,1.8950,15.3439,-2.9871,1.0710,:8295633721_2,-76.5578,-1.2144,100.0000,default,18,rsu(510m),2640,86227,0.1084,510,10.0763,3,4,-76.5578,-93.5475,direct,0.0000,39.6000,-74.4113
381.2,node[15],3,7151.7746,4010.5618,1.8950,14.9585,-3.8540,1.0696,:8295633721_2,-76.6873,-2.5232,100.0000,default,18,rsu(512m),2641,86277,0.0594,512,10.0807,3,4,-76.6873,-93.6770,direct,0.0000,39.6000,-74.3307
381.3,node[15],3,7152.4799,4009.2751,1.8950,14.6700,-2.8850,1.0694,:8295633721_2,-81.5047,-4.4635,100.0000,default,18,rsu(513m),2642,86327,0.0234,513,10.0851,2,2,-81.5047,-98.4944,direct,0.0000,39.6000,-74.2442
381.4,node[15],3,7153.1665,4008.0223,1.8950,14.2822,-3.8776,1.0694,:8295633721_2,-78.1577,-2.4220,100.0000,default,18,rsu(515m),2643,86377,0.0623,515,10.0765,3,4,-78.1577,-95.1474,direct,0.0000,40.0000,-74.1543
381.5,node[15],3,7153.8369,4006.7994,1.8950,13.9429,-3.3938,1.0694,:8295633721_2,-85.3845,-5.0000,100.0000,default,18,rsu(516m),2644,86427,0.0180,516,10.0857,2,2,-85.3845,-102.3742,direct,0.0000,40.0000,-74.0598
381.6,node[15],3,7154.4955,4005.6049,1.8950,13.6382,-3.0466,1.0687,-21159137#1,-78.2386,0.6942,100.0000,default,18,rsu(517m),2645,86477,0.2400,517,10.0758,4,6,-78.2386,-95.2283,direct,0.0000,40.0000,-73.9595
381.7,node[15],3,7155.1354,4004.4465,1.8950,13.2316,-4.0659,1.0678,-21159137#1,-80.4656,-4.6589,100.0000,default,18,rsu(519m),2646,86527,0.0213,519,10.0785,2,2,-80.4656,-97.4553,direct,0.0000,40.0000,-73.8560
381.8,node[15],3,7155.7610,4003.3139,1.8950,12.9378,-2.9382,1.0670,-21159137#1,-77.4922,0.9168,100.0000,default,18,rsu(520m),2647,86577,0.2608,520,10.0787,4,6,-77.4922,-94.4819,direct,0.0000,40.0000,-73.7460
381.9,node[15],3,7156.3673,4002.2164,1.8950,12.5363,-4.0150,1.0662,-21159137#1,-85.3671,-5.0000,100.0000,default,18,rsu(521m),2648,86627,0.0180,521,10.0814,2,2,-85.3671,-102.3568,direct,0.0000,40.0000,-73.6325
382,node[15],3,7156.9575,4001.1480,1.8950,12.2047,-3.3160,1.0661,-21159137#1,-82.6706,-4.3637,100.0000,default,18,rsu(522m),2649,86677,0.0246,522,10.0829,2,2,-82.6706,-99.6603,direct,0.0000,40.0000,-73.5134
382.1,node[15],3,7157.5348,4000.1029,1.8950,11.9381,-2.6662,1.0661,-21159137#1,-74.4170,0.0712,100.0000,default,18,rsu(524m),2650,86727,0.1878,524,10.0832,4,6,-74.4170,-91.4067,direct,0.0000,40.0000,-73.3865
382.2,node[15],3,7158.0947,3999.0894,1.8950,11.5769,-3.6115,1.0661,-21159137#1,-77.7326,-1.6686,100.0000,default,18,rsu(525m),2651,86777,0.0883,525,10.0818,3,4,-77.7326,-94.7223,direct,0.0000,40.0000,-73.2543
382.3,node[15],3,7158.6405,3998.1013,1.8950,11.2875,-2.8945,1.0661,-21159137#1,-78.7661,-4.7944,100.0000,default,18,rsu(526m),2652,86825,0.0199,526,10.0812,2,2,-78.7661,-95.7558,direct,0.0000,40.0000,-73.1129
382.4,node[15],3,7159.1673,3997.1476,1.8950,10.8931,-3.9433,1.0661,-21159137#1,-80.8983,-5.0000,100.0000,default,18,rsu(527m),2653,86875,0.0180,527,10.0814,2,2,-80.8983,-97.8880,direct,0.0000,39.2000,-72.9699
382.5,node[15],3,7159.6786,3996.2221,1.8950,10.5727,-3.2041,1.0661,-21159137#1,-75.9713,1.9170,100.0000,default,18,rsu(528m),2654,86925,0.3678,528,10.0846,5,8,-75.9713,-92.9610,direct,0.0000,39.2000,-72.8404
382.6,node[15],3,7160.1910,3995.2944,1.8950,10.5963,0.2359,1.0661,-21159137#1,-79.5717,-1.3361,100.0000,default,18,rsu(529m),2655,86975,0.1027,529,10.0812,3,4,-79.5717,-96.5614,direct,0.0000,40.0000,-72.7156
382.7,node[15],3,7160.7032,3994.3672,1.8950,10.5911,-0.0520,1.0661,-21159137#1,-85.9532,-5.0000,100.0000,default,18,rsu(530m),2656,87025,0.0180,530,10.0779,2,2,-85.9532,-102.9429,direct,0.0000,40.0000,-72.5766
382.8,node[15],3,7161.1993,3993.4691,1.8950,10.2591,-3.3200,1.0661,-21159137#1,-77.4082,1.2492,100.0000,default,18,rsu(531m),2657,87073,0.2941,531,10.0773,5,8,-77.4082,-94.3979,direct,0.0000,39.2000,-72.5777
382.9,node[15],3,7161.6808,3992.5974,1.8950,9.9569,-3.0220,1.0661,-21159137#1,-79.7941,-1.7072,100.0000,default,18,rsu(532m),2658,87123,0.0868,532,10.0860,3,4,-79.7941,-96.7838,direct,0.0000,39.2000,-72.2770
383,node[15],3,7162.1458,3991.7557,1.8950,9.6154,-3.4155,1.0661,-21159137#1,-76.1932,-0.5559,100.0000,default,18,rsu(533m),2659,87173,0.1446,533,10.0757,4,6,-76.1932,-93.1829,direct,0.0000,40.0000,-72.1160
383.1,node[15],3,7162.5964,3990.9400,1.8950,9.3177,-2.9766,1.0661,-21159137#1,-75.3361,1.2318,100.0000,default,18,rsu(534m),2660,87222,0.2923,534,10.0789,5,8,-75.3361,-92.3258,direct,0.0000,40.0000,-72.1168
383.2,node[15],3,7163.0300,3990.1551,1.8950,8.9651,-3.5266,1.0661,-21159137#1,-78.9298,-3.1872,100.0000,default,18,rsu(535m),2661,87271,0.0434,535,10.0816,2,2,-78.9298,-95.9195,direct,0.0000,39.2000,-72.1176
383.3,node[15],3,7163.4486,3989.3973,1.8950,8.6561,-3.0898,1.0661,-21159137#1,-78.1448,0.1988,100.0000,default,18,rsu(536m),2662,87321,0.1977,536,10.0844,4,6,-78.1448,-95.1345,direct,0.0000,39.2000,-71.5493
383.4,node[15],3,7163.8624,3988.6482,1.8950,8.5569,-0.9915,1.0661,-21159137#1,-83.4501,-5.0000,100.0000,default,18,rsu(536m),2663,87370,0.0180,536,10.0741,2,2,-83.4501,-100.4398,direct,0.0000,39.6000,-71.5500
383.5,node[15],3,7164.2651,3987.9192,1.8950,8.3276,-2.2930,1.0661,-21159137#1,-88.4722,-5.0000,100.0000,default,18,rsu(537m),2664,87420,0.0180,537,10.0829,2,2,-88.4722,-105.4619,direct,0.0000,39.6000,-71.1390
383.6,node[15],3,7164.6609,3987.2027,1.8950,8.1848,-1.4281,1.0661,-21159137#1,-82.8073,-4.3916,100.0000,default,18,rsu(538m),2665,87470,0.0242,538,10.0806,2,2,-82.8073,-99.7970,direct,0.0000,40.0000,-70.8924
383.7,node[15],3,7165.0520,3986.4947,1.8950,8.0870,-0.9777,1.0661,-21159137#1,-80.7088,-3.2578,100.0000,default,18,rsu(539m),2666,87518,0.0419,539,10.0855,2,2,-80.7088,-97.6985,direct,0.0000,40.0000,-70.6110
383.8,node[15],3,7165.4364,3985.7988,1.8950,7.9493,-1.3776,1.0661,-21159137#1,-90.1766,-5.0000,100.0000,default,18,rsu(540m),2667,87567,0.0180,540,10.0752,2,2,-90.1766,-107.1663,direct,0.0000,38.8000,-70.6118
383.9,node[15],3,7165.8145,3985.1144,1.8950,7.8171,-1.3213,1.0661,-21159137#1,-80.4150,-5.0000,100.0000,default,18,rsu(540m),2668,87617,0.0180,540,10.0839,2,2,-80.4150,-97.4047,direct,0.0000,38.8000,-69.7822
384,node[15],3,7166.1827,3984.4479,1.8950,7.6137,-2.0341,1.0661,-21159137#1,-76.6576,2.3493,100.0000,default,18,rsu(541m),2669,87667,0.4194,541,10.0768,5,8,-76.6576,-93.6473,direct,0.0000,40.0000,-69.2705
384.1,node[15],3,7166.5456,3983.7909,1.8950,7.5050,-1.0871,1.0661,-21159137#1,-89.4642,-5.0000,100.0000,default,18,rsu(542m),2670,87717,0.0180,542,10.0850,2,2,-89.4642,-106.4539,direct,0.0000,40.0000,-68.7345
384.2,node[15],3,7166.9040,3983.1420,1.8950,7.4122,-0.9280,1.0661,-21159137#1,-97.8355,-5.0000,100.0000,default,18,rsu(543m),2671,87766,0.0180,543,10.0742,2,2,-97.8355,-114.8252,direct,0.0000,39.6000,-68.7347
384.3,node[15],3,7167.2503,3982.5153,1.8950,7.1592,-2.5299,1.0661,-21159137#1,-83.0071,-5.0000,100.0000,default,18,rsu(543m),2672,87816,0.0180,543,10.0844,2,2,-83.0071,-99.9968,direct,0.0000,39.6000,-67.5659
384.4,node[15],3,7167.5909,3981.8986,1.8950,7.0442,-1.1499,1.0661,-21159137#1,-80.8307,-3.7310,100.0000,default,18,rsu(544m),2673,87866,0.0334,544,10.0857,2,2,-80.8307,-97.8204,direct,0.0000,40.0000,-66.8664
384.5,node[15],3,7167.9427,3981.2618,1.8950,7.2742,2.2997,1.0661,-21159137#1,-78.3597,-1.6604,100.0000,default,18,rsu(545m),2674,87916,0.0887,545,10.0809,3,4,-78.3597,-95.3494,direct,0.0000,40.0000,-66.0758
384.6,node[15],3,7168.3038,3980.6081,1.8950,7.4669,1.9266,1.0661,-21159137#1,-82.9586,-5.0000,100.0000,default,18,rsu(545m),2675,87965,0.0180,545,10.0832,2,2,-82.9586,-99.9483,direct,0.0000,39.6000,-66.0759
384.7,node[15],3,7168.6750,3979.9361,1.8950,7.6761,2.0920,1.0661,-21159137#1,-83.3588,-4.1754,100.0000,default,18,rsu(546m),2676,88013,0.0269,546,10.0753,2,2,-83.3588,-100.3485,direct,0.0000,39.6000,-64.1450
384.8,node[15],3,7169.0540,3979.2500,1.8950,7.8368,1.6069,1.0661,-21159137#1,-89.1998,-5.0000,100.0000,default,18,rsu(547m),2677,88061,0.0180,547,10.0804,2,2,-89.1998,-106.1895,direct,0.0000,38.4000,-62.9624
384.9,node[15],3,7169.4434,3978.5460,1.8950,8.0496,2.1284,1.0660,:12914010015_1,-81.1007,-2.7503,100.0000,default,18,rsu(548m),2678,88108,0.0534,548,10.0796,3,4,-81.1007,-98.0904,direct,0.0000,38.4000,-62.9624
385,node[15],3,7169.8430,3977.8242,1.8950,8.2572,2.0758,1.0659,:12914010015_1,-79.9008,-1.8443,100.0000,default,18,rsu(549m),2679,88158,0.0815,549,10.0850,3,4,-79.9008,-96.8905,direct,0.0000,38.8000,-59.9745
385.1,node[15],3,7170.2397,3977.1075,1.8950,8.1985,-0.5870,1.0657,:12914010015_1,-79.7605,-0.7239,100.0000,default,18,rsu(549m),2680,88208,0.1345,549,10.0804,4,6,-79.7605,-96.7502,direct,0.0000,38.8000,-58.1728
385.2,node[15],3,7170.6203,3976.4198,1.8950,7.8669,-3.3161,1.0656,:12914010015_1,-80.5501,-5.0000,100.0000,default,18,rsu(550m),2681,88256,0.0180,550,10.0856,2,2,-80.5501,-97.5398,direct,0.0000,39.2000,-56.3863
385.3,node[15],3,7170.9792,3975.7714,1.8950,7.4169,-4.5000,1.0655,:12914010015_1,-79.5020,-4.4938,100.0000,default,18,rsu(551m),2682,88305,0.0230,551,10.0749,2,2,-79.5020,-96.4917,direct,0.0000,39.2000,-56.3863
385.4,node[15],3,7171.3163,3975.1624,1.8950,6.9669,-4.5000,1.0654,:12914010015_1,-80.0001,-1.4809,100.0000,default,18,rsu(552m),2683,88355,0.0962,552,10.0833,3,4,-80.0001,-96.9898,direct,0.0000,39.6000,-55.1153
385.5,node[15],3,7171.6316,3974.5927,1.8950,6.5169,-4.5000,1.0653,:12914010015_1,-79.3677,-0.8263,100.0000,default,18,rsu(552m),2684,88404,0.1286,552,10.0848,4,6,-79.3677,-96.3574,direct,0.0000,39.6000,-55.1153
385.6,node[15],3,7171.9252,3974.0623,1.8950,6.0669,-4.5000,1.0653,:12914010015_1,-80.6203,-1.5474,100.0000,default,18,rsu(553m),2685,88454,0.0933,553,10.0802,3,4,-80.6203,-97.6100,direct,0.0000,39.6000,-57.9119
385.7,node[15],3,7172.2310,3973.5092,1.8950,6.3269,2.6000,1.0653,-21159137#0,-83.5049,-5.0000,100.0000,default,18,rsu(553m),2686,88504,0.0180,553,10.0827,2,2,-83.5049,-100.4946,direct,0.0000,39.6000,-59.6381
385.8,node[15],3,7172.5477,3972.9336,1.8950,6.5869,2.6000,1.0656,-21159137#0,-81.6298,-4.1340,100.0000,default,18,rsu(554m),2687,88554,0.0275,554,22.0622,2,2,-81.6298,-98.6195,direct,0.0000,40.0000,-61.2715
385.9,node[15],3,7172.8770,3972.3353,1.8950,6.8469,2.6000,1.0660,-21159137#0,-78.6797,-0.5105,100.0000,default,18,rsu(555m),2688,88604,0.1474,555,22.0647,4,6,-78.6797,-95.6694,direct,0.0000,40.0000,-62.7601
386,node[15],3,7173.2188,3971.7142,1.8950,7.1069,2.6000,1.0663,-21159137#0,-82.7964,-4.1134,100.0000,default,18,rsu(555m),2689,88654,0.0277,555,22.0723,2,2,-82.7964,-99.7861,direct,0.0000,40.0000,-64.1033
386.1,node[15],3,7173.5544,3971.1044,1.8950,6.9781,-1.2881,1.0667,-21159137#0,-87.6268,-5.0000,100.0000,default,18,rsu(556m),2690,88703,0.0180,556,22.0748,2,2,-87.6268,-104.6165,direct,0.0000,40.0000,-64.1034
386.2,node[15],3,7173.8827,3970.5427,1.8950,6.5281,-4.5000,1.0636,:227583674_3,-80.6596,-1.4308,100.0000,default,18,rsu(557m),2691,88752,0.0984,557,22.0643,3,4,-80.6596,-97.6493,direct,0.0000,39.2000,-64.1034
386.3,node[15],3,7174.2663,3970.0296,1.8950,6.4012,-1.2690,1.0461,:227583674_3,-85.4505,-5.0000,100.0000,default,18,rsu(557m),2692,88802,0.0180,557,22.0720,2,2,-85.4505,-102.4402,direct,0.0000,39.2000,-67.2961
386.4,node[15],3,7174.6569,3969.5071,1.8950,6.5191,1.1794,1.0283,:227583674_3,-76.5405,2.1991,100.0000,default,18,rsu(558m),2693,88850,0.4012,558,22.0646,5,8,-76.5405,-93.5302,direct,0.0000,39.2000,-68.1716
386.5,node[15],3,7175.0453,3968.9875,1.8950,6.4824,-0.3673,1.0104,:227583674_3,-97.4685,-5.0000,100.0000,default,18,rsu(559m),2694,88898,0.0180,559,22.0673,2,2,-97.4685,-114.4582,direct,0.0000,39.2000,-68.9718
386.6,node[15],3,7175.4834,3968.5232,1.8950,6.4832,0.0086,0.9779,:227583674_3,-74.6292,-0.5446,100.0000,default,18,rsu(559m),2695,88947,0.1453,559,22.0691,4,6,-74.6292,-91.6189,direct,0.0000,38.8000,-68.9719
386.7,node[15],3,7176.0390,3968.1942,1.8950,6.4528,-0.3045,0.9098,:227583674_3,-84.3163,-5.0000,100.0000,default,18,rsu(560m),2696,88995,0.0180,560,22.0719,2,2,-84.3163,-101.3060,direct,0.0000,38.8000,-70.3788
386.8,node[15],3,7176.5908,3967.8674,1.8950,6.4081,-0.4464,0.8412,:227583674_3,-98.6660,-5.0000,100.0000,default,18,rsu(560m),2697,89045,0.0180,560,22.0655,2,2,-98.6660,-115.6557,direct,0.0000,39.2000,-71.0025
386.9,node[15],3,7177.1471,3967.5576,1.8950,6.4009,-0.0720,0.7692,:227583674_3,-77.0809,0.4105,100.0000,default,18,rsu(561m),2698,89094,0.2151,561,22.0674,4,6,-77.0809,-94.0706,direct,0.0000,39.2000,-71.0025
387,node[15],3,7177.7982,3967.5164,1.8950,6.5194,1.1845,0.6487,:227583674_3,-85.7279,-5.0000,100.0000,default,18,rsu(561m),2699,89142,0.0180,561,22.0671,2,2,-85.7279,-102.7176,direct,0.0000,38.8000,-72.0831
387.1,node[15],3,7178.4385,3967.4758,1.8950,6.4113,-1.0808,0.5361,:227583674_3,-82.3810,-3.0764,100.0000,default,18,rsu(561m),2700,89192,0.0457,561,22.0706,2,2,-82.3810,-99.3707,direct,0.0000,38.8000,-72.5550
387.2,node[15],3,7179.0843,3967.4348,1.8950,6.4667,0.5537,0.4216,:227583674_3,-78.3242,-0.8539,100.0000,default,18,rsu(561m),2701,89242,0.1271,561,22.0742,4,6,-78.3242,-95.3139,direct,0.0000,40.0000,-73.0066
387.3,node[15],3,7179.6933,3967.6177,1.8950,6.4067,-0.5996,0.2669,:227583674_3,-74.9894,-1.0481,100.0000,default,18,rsu(561m),2702,89291,0.1167,561,22.0647,3,4,-74.9894,-91.9791,direct,0.0000,40.0000,-73.3807
387.4,node[15],3,7180.2984,3967.8306,1.8950,6.4102,0.0348,0.1309,:227583674_3,-81.3516,-4.0184,100.0000,default,18,rsu(561m),2703,89340,0.0291,561,22.0728,2,2,-81.3516,-98.3413,direct,0.0000,39.2000,-73.7361
387.5,node[15],3,7180.9044,3968.0439,1.8950,6.4200,0.0979,0.0162,:227583674_3,-86.6176,-5.0000,100.0000,default,18,rsu(561m),2704,89389,0.0180,561,22.0666,2,2,-86.6176,-103.6073,direct,0.0000,39.2000,-74.0803
387.6,node[15],3,7181.5161,3968.2637,1.8950,6.4991,0.7915,-0.0987,836117679#0,-82.6224,-5.0000,100.0000,default,18,rsu(561m),2705,89435,0.0180,561,22.0666,2,2,-82.6224,-99.6121,direct,0.0000,38.0000,-74.0804
387.7,node[15],3,7182.1071,3968.5742,1.8950,6.6751,1.7600,-0.2119,836117679#0,-79.8199,-1.1790,100.0000,default,18,rsu(561m),2706,89484,0.1101,561,22.0633,3,4,-79.8199,-96.8096,direct,0.0000,38.0000,-74.7166
387.8,node[15],3,7182.7189,3968.8956,1.8950,6.9099,2.3479,-0.2881,836117679#0,-83.6073,-5.0000,100.0000,default,18,rsu(561m),2707,89533,0.0180,561,22.0730,2,2,-83.6073,-100.5970,direct,0.0000,39.2000,-75.0139
387.9,node[15],3,7183.3473,3969.2258,1.8950,7.0984,1.8846,-0.3655,836117679#0,-87.8371,-5.0000,100.0000,default,18,rsu(561m),2708,89582,0.0180,561,22.0661,2,2,-87.8371,-104.8268,direct,0.0000,39.2000,-75.3059
388,node[15],3,7183.9970,3969.5671,1.8950,7.3384,2.4003,-0.4207,836117679#0,-85.3138,-5.0000,100.0000,default,18,rsu(561m),2709,89630,0.0180,561,22.0691,2,2,-85.3138,-102.3035,direct,0.0000,38.8000,-75.3051
388.1,node[15],3,7184.6652,3969.9182,1.8950,7.5473,2.0883,-0.4427,836117679#0,-78.6031,-2.9984,100.0000,default,18,rsu(561m),2710,89679,0.0475,561,22.0623,3,4,-78.6031,-95.5928,direct,0.0000,38.8000,-75.8719
388.2,node[15],3,7185.3452,3970.2754,1.8950,7.6811,1.3379,-0.4650,836117679#0,-81.8921,-5.0000,100.0000,default,18,rsu(561m),2711,89725,0.0180,561,22.0625,2,2,-81.8921,-98.8818,direct,0.0000,38.0000,-75.8720
388.3,node[15],3,7186.0390,3970.6400,1.8950,7.8368,1.5578,-0.4837,836117679#0,-89.8236,-5.0000,100.0000,default,18,rsu(561m),2712,89773,0.0180,561,22.0656,2,2,-89.8236,-106.8133,direct,0.0000,38.0000,-75.8700
388.4,node[15],3,7186.7470,3971.0120,1.8950,7.9977,1.6084,-0.4837,836117679#0,-80.6318,-4.4017,100.0000,default,18,rsu(560m),2713,89822,0.0241,560,22.0746,2,2,-80.6318,-97.6215,direct,0.0000,38.8000,-76.6686
388.5,node[15],3,7187.4746,3971.3942,1.8950,8.2181,2.2044,-0.4837,836117679#0,-87.6801,-5.0000,100.0000,default,18,rsu(560m),2714,89871,0.0180,560,22.0708,2,2,-87.6801,-104.6698,direct,0.0000,38.8000,-76.9226
388.6,node[15],3,7188.2155,3971.7835,1.8950,8.3687,1.5062,-0.4837,836117679#0,-87.2657,-5.0000,100.0000,default,18,rsu(560m),2715,89920,0.0180,560,22.0641,2,2,-87.2657,-104.2554,direct,0.0000,39.2000,-77.1690
388.7,node[15],3,7188.9740,3972.1819,1.8950,8.5669,1.9813,-0.4837,836117679#0,-74.5476,1.9416,100.0000,default,19,rsu(560m),2716,89968,0.3707,560,9.9160,5,8,-74.5476,-91.5373,direct,0.0500,39.2000,-77.1560
388.8,node[15],3,7189.7534,3972.5914,1.8950,8.8037,2.3683,-0.4837,836117679#0,-78.0287,-2.0740,100.0000,default,19,rsu(560m),2717,90016,0.0733,560,9.9186,3,4,-78.0287,-95.0184,direct,0.0500,38.4000,-77.1545
388.9,node[15],3,7190.5490,3973.0094,1.8950,8.9865,1.8276,-0.4837,836117679#0,-84.5391,-5.0000,100.0000,default,19,rsu(560m),2718,90065,0.0180,560,9.9148,2,2,-84.5391,-101.5288,direct,0.0500,38.4000,-77.8582
389,node[15],3,7191.3562,3973.4335,1.8950,9.1181,1.3163,-0.4837,836117679#0,-79.5750,-2.5674,100.0000,default,19,rsu(560m),2719,90113,0.0582,560,9.9181,3,4,-79.5750,-96.5647,direct,0.0500,38.8000,-77.8563
389.1,node[15],3,7192.1815,3973.8671,1.8950,9.3224,2.0429,-0.4837,836117679#0,-80.4761,-5.0000,100.0000,default,19,rsu(560m),2720,90162,0.0180,560,9.8809,2,2,-80.4761,-97.4658,direct,0.0500,38.8000,-78.2943
389.2,node[15],3,7193.0252,3974.3104,1.8950,9.5295,2.0708,-0.4837,836117679#0,-76.2985,0.9873,100.0000,default,19,rsu(560m),2721,90211,0.2677,560,9.9180,4,6,-76.2985,-93.2882,direct,0.0500,39.2000,-78.5030
389.3,node[15],3,7193.8885,3974.7639,1.8950,9.7509,2.2144,-0.4837,836117679#0,-86.4712,-5.0000,100.0000,default,19,rsu(559m),2722,90260,0.0180,559,9.9102,2,2,-86.4712,-103.4609,direct,0.0500,39.2000,-78.7062
389.4,node[15],3,7194.7714,3975.2278,1.8950,9.9733,2.2241,-0.4837,836117679#0,-80.0101,-4.3393,100.0000,default,19,rsu(559m),2723,90308,0.0249,559,9.9159,2,2,-80.0101,-96.9998,direct,0.0500,38.8000,-78.9041
389.5,node[15],3,7195.6707,3975.7003,1.8950,10.1574,1.8406,-0.4837,836117679#0,-84.5682,-5.0000,100.0000,default,19,rsu(559m),2724,90357,0.0180,559,9.9106,2,2,-84.5682,-101.5579,direct,0.0500,38.8000,-79.0959
389.6,node[15],3,7196.5829,3976.1795,1.8950,10.3041,1.4672,-0.4837,836117679#0,-82.9154,-5.0000,100.0000,default,19,rsu(559m),2725,90404,0.0180,559,9.9133,2,2,-82.9154,-99.9051,direct,0.0500,38.4000,-79.0929
389.7,node[15],3,7197.5136,3976.6685,1.8950,10.5117,2.0765,-0.4837,836117679#0,-84.7214,-5.0000,100.0000,default,19,rsu(559m),2726,90453,0.0180,559,9.8707,2,2,-84.7214,-101.7111,direct,0.0500,38.4000,-79.4626
389.8,node[15],3,7198.4648,3977.1682,1.8950,10.7447,2.3295,-0.4837,836117679#0,-77.5804,1.4653,100.0000,default,19,rsu(559m),2727,90499,0.3170,559,9.9124,5,8,-77.5804,-94.5701,direct,0.0500,38.0000,-79.4628
389.9,node[15],3,7199.4293,3977.6750,1.8950,10.8947,1.4999,-0.4837,836117679#0,-81.3826,-3.7859,100.0000,default,19,rsu(559m),2728,90548,0.0325,559,9.9107,2,2,-81.3826,-98.3723,direct,0.0500,38.0000,-79.8067
390,node[15],3,7200.4088,3978.1896,1.8950,11.0633,1.6860,-0.4837,836117679#0,-75.4944,2.2950,100.0000,default,19,rsu(558m),2729,90597,0.4128,558,9.8830,5,8,-75.4944,-92.4841,direct,0.0500,39.2000,-79.9706
390.1,node[15],3,7201.4063,3978.7137,1.8950,11.2675,2.0419,-0.4837,836117679#0,-87.9800,-5.0000,100.0000,default,18,rsu(558m),2730,90646,0.0180,558,9.9154,2,2,-87.9800,-104.9697,direct,0.0500,39.2000,-80.1525
390.2,node[15],3,7202.4229,3979.2477,1.8950,11.4823,2.1480,-0.4837,836117679#0,-78.2606,-2.8775,100.0000,default,18,rsu(558m),2731,90696,0.0503,558,9.9064,3,4,-78.2606,-95.2503,direct,0.0500,39.6000,-80.3071
390.3,node[15],3,7203.4607,3979.7930,1.8950,11.7226,2.4035,-0.4837,836117679#0,-76.9702,0.7433,100.0000,default,18,rsu(558m),2732,90746,0.2445,558,9.9104,4,6,-76.9702,-93.9599,direct,0.0500,39.6000,-80.4564
390.4,node[15],3,7204.5194,3980.3492,1.8950,11.9582,2.3554,-0.4837,836117679#0,-79.2541,-2.0906,100.0000,default,18,rsu(558m),2733,90796,0.0727,558,9.8695,3,4,-79.2541,-96.2438,direct,0.0500,40.0000,-80.6007
390.5,node[15],3,7205.5950,3980.9143,1.8950,12.1495,1.9135,-0.4837,836117679#0,-80.8242,-3.0283,100.0000,default,18,rsu(558m),2734,90846,0.0468,558,9.9126,2,2,-80.8242,-97.8139,direct,0.0500,40.0000,-80.7403
390.6,node[15],3,7206.6891,3981.4891,1.8950,12.3582,2.0867,-0.4837,836117679#0,-94.1611,-5.0000,100.0000,default,18,rsu(558m),2735,90895,0.0180,558,9.9107,2,2,-94.1611,-111.1508,direct,0.0500,39.6000,-80.7346
390.7,node[15],3,7207.8034,3982.0746,1.8950,12.5863,2.2813,-0.4837,836117679#0,-83.7787,-5.0000,100.0000,default,18,rsu(558m),2736,90945,0.0180,558,9.9115,2,2,-83.7787,-100.7684,direct,0.0500,39.6000,-81.0056
390.8,node[15],3,7208.9347,3982.6689,1.8950,12.7780,1.9169,-0.4837,836117679#0,-82.5960,-3.5831,100.0000,default,18,rsu(557m),2737,90995,0.0359,557,9.9157,2,2,-82.5960,-99.5857,direct,0.0500,40.0000,-81.1312
390.9,node[15],3,7210.0828,3983.2721,1.8950,12.9685,1.9050,-0.4837,836117679#0,-81.3675,-5.0000,100.0000,default,18,rsu(557m),2738,91044,0.0180,557,9.9138,2,2,-81.3675,-98.3572,direct,0.0500,40.0000,-81.1246
391,node[15],3,7211.2535,3983.8872,1.8950,13.2234,2.5490,-0.4837,836117679#0,-82.6679,-5.0000,100.0000,default,18,rsu(557m),2739,91094,0.0180,557,9.9147,2,2,-82.6679,-99.6576,direct,0.0500,39.6000,-81.3686
391.1,node[15],3,7212.4441,3984.5127,1.8950,13.4485,2.2510,-0.4837,836117679#0,-80.8074,-1.5480,100.0000,default,17,rsu(557m),2740,91144,0.0933,557,22.0722,3,4,-80.8074,-97.7971,direct,0.0000,39.6000,-81.5119
391.2,node[15],3,7213.6577,3985.1503,1.8950,13.7080,2.5950,-0.4837,836117679#0,-88.9715,-5.0000,100.0000,default,17,rsu(557m),2741,91194,0.0180,557,22.0630,2,2,-88.9715,-105.9612,direct,0.0000,40.0000,-81.6208
391.3,node[15],3,7214.8905,3985.7980,1.8950,13.9243,2.1631,-0.4837,836117679#0,-79.6119,-2.2456,100.0000,default,17,rsu(557m),2742,91244,0.0677,557,22.0683,3,4,-79.6119,-96.6016,direct,0.0000,40.0000,-81.7253
391.4,node[15],3,7216.1443,3986.4567,1.8950,14.1624,2.3812,-0.4837,836117679#0,-77.7376,0.2991,100.0000,default,17,rsu(557m),2743,91294,0.2058,557,22.0725,4,6,-77.7376,-94.7273,direct,0.0000,40.0000,-81.8259
391.5,node[15],3,7217.4099,3987.1216,1.8950,14.2951,1.3270,-0.4837,836117679#0,-78.8252,-4.2197,100.0000,default,17,rsu(557m),2744,91344,0.0263,557,22.0637,2,2,-78.8252,-95.8149,direct,0.0000,40.0000,-81.9221
391.6,node[15],3,7218.6973,3987.7980,1.8950,14.5418,2.4662,-0.4837,836117679#0,-83.6652,-5.0000,100.0000,default,17,rsu(556m),2745,91394,0.0180,556,22.0749,2,2,-83.6652,-100.6549,direct,0.0000,40.0000,-82.0141
391.7,node[15],3,7220.0060,3988.4856,1.8950,14.7821,2.4037,-0.4837,836117679#0,-78.6452,-0.2759,100.0000,default,17,rsu(556m),2746,91444,0.1627,556,22.0717,4,6,-78.6452,-95.6349,direct,0.0000,40.0000,-82.1026
391.8,node[15],3,7221.3298,3989.1811,1.8950,14.9532,1.7108,-0.4837,836117679#0,-80.0997,-5.0000,100.0000,default,17,rsu(556m),2747,91493,0.0180,556,22.0694,2,2,-80.0997,-97.0894,direct,0.0000,39.6000,-82.1872
391.9,node[15],3,7222.6548,3989.9018,1.8950,15.0877,1.3453,-0.4881,:3548035726_3,-75.9403,3.0793,100.0000,default,17,rsu(556m),2748,91541,0.5099,556,22.0640,6,10,-75.9403,-92.9300,direct,0.0000,39.6000,-82.1770
392,node[15],3,7223.9930,3990.6329,1.8950,15.2541,1.6637,-0.4931,:3548035726_3,-85.9751,-5.0000,100.0000,default,17,rsu(556m),2749,91591,0.0180,556,22.0668,2,2,-85.9751,-102.9648,direct,0.0000,39.2000,-82.3434
392.1,node[15],3,7225.3455,3991.3718,1.8950,15.4164,1.6228,-0.4981,:3548035726_3,-79.1342,-3.8336,100.0000,default,17,rsu(556m),2750,91640,0.0318,556,22.0697,2,2,-79.1342,-96.1239,direct,0.0000,39.2000,-82.4160
392.2,node[15],3,7226.7141,3992.1195,1.8950,15.6006,1.8416,-0.5000,:3548035726_3,-80.0580,-0.9885,100.0000,default,17,rsu(556m),2751,91689,0.1198,556,22.0694,4,6,-80.0580,-97.0477,direct,0.0000,39.2000,-82.4852
392.3,node[15],3,7228.0890,3992.9089,1.8950,15.8143,2.1379,-0.5067,836117679#1,-78.5516,-0.4719,100.0000,default,17,rsu(556m),2752,91738,0.1498,556,22.0722,4,6,-78.5516,-95.5413,direct,0.0000,39.2000,-82.5500
392.4,node[15],3,7229.4913,3993.6867,1.8950,16.0350,2.2069,-0.5088,:3548035725_2,-96.2492,-5.0000,100.0000,default,17,rsu(555m),2753,91787,0.0180,555,22.0723,2,2,-96.2492,-113.2389,direct,0.0000,39.2000,-82.6127
392.5,node[15],3,7230.9159,3994.4735,1.8950,16.2768,2.4180,-0.5103,:3548035725_2,-80.7809,-2.0736,100.0000,default,17,rsu(555m),2754,91836,0.0733,555,22.0622,3,4,-80.7809,-97.7706,direct,0.0000,39.2000,-82.6723
392.6,node[15],3,7232.3567,3995.2694,1.8950,16.4624,1.8561,-0.5056,:3548035725_2,-84.5189,-5.0000,100.0000,default,17,rsu(555m),2755,91883,0.0180,555,22.0664,2,2,-84.5189,-101.5086,direct,0.0000,38.4000,-82.7292
392.7,node[15],3,7233.8130,3996.0731,1.8950,16.6369,1.7449,-0.5045,836117679#2,-75.9243,-0.9377,100.0000,default,17,rsu(555m),2756,91930,0.1225,555,22.0735,4,6,-75.9243,-92.9140,direct,0.0000,38.4000,-82.7833
392.8,node[15],3,7235.2995,3996.8709,1.8950,16.8709,2.3394,-0.5005,836117679#2,-86.8732,-5.0000,100.0000,default,17,rsu(555m),2757,91977,0.0180,555,22.0647,2,2,-86.8732,-103.8629,direct,0.0000,37.6000,-82.8355
392.9,node[15],3,7236.7995,3997.6759,1.8950,17.0240,1.5311,-0.4963,836117679#2,-81.3411,-5.0000,100.0000,default,17,rsu(555m),2758,92025,0.0180,555,22.0730,2,2,-81.3411,-98.3308,direct,0.0000,37.6000,-82.8850
393,node[15],3,7238.3144,3998.4890,1.8950,17.1933,1.6935,-0.4926,836117679#2,-79.1844,-3.8268,100.0000,default,17,rsu(555m),2759,92073,0.0319,555,22.0632,2,2,-79.1844,-96.1741,direct,0.0000,38.4000,-82.9322
393.1,node[15],3,7239.8510,3999.3137,1.8950,17.4397,2.4638,-0.4926,836117679#2,-90.5767,-5.0000,100.0000,default,17,rsu(555m),2760,92120,0.0180,555,22.0656,2,2,-90.5767,-107.5664,direct,0.0000,38.4000,-82.9198
393.2,node[15],3,7241.4087,4000.1498,1.8950,17.6796,2.3986,-0.4926,836117679#2,-82.8460,-5.0000,100.0000,default,17,rsu(555m),2761,92167,0.0180,555,22.0688,2,2,-82.8460,-99.8357,direct,0.0000,37.6000,-82.9077
393.3,node[15],3,7242.9843,4000.9954,1.8950,17.8821,2.0255,-0.4926,836117679#2,-76.5475,-0.7300,100.0000,default,17,rsu(555m),2762,92215,0.1341,555,22.0718,4,6,-76.5475,-93.5372,direct,0.0000,37.6000,-83.0611
393.4,node[15],3,7244.5775,4001.8505,1.8950,18.0815,1.9942,-0.4926,836117679#2,-81.2759,-5.0000,100.0000,default,17,rsu(554m),2763,92263,0.0180,554,22.0681,2,2,-81.2759,-98.2656,direct,0.0000,38.4000,-83.1002
393.5,node[15],3,7246.1825,4002.7119,1.8950,18.2155,1.3398,-0.4926,836117679#2,-86.1031,-5.0000,100.0000,default,17,rsu(554m),2764,92311,0.0180,554,22.0641,2,2,-86.1031,-103.0928,direct,0.0000,38.4000,-83.1376
393.6,node[15],3,7247.8073,4003.5839,1.8950,18.4410,2.2547,-0.4926,836117679#2,-79.8840,-2.3156,100.0000,default,17,rsu(554m),2765,92359,0.0655,554,22.0719,3,4,-79.8840,-96.8737,direct,0.0000,38.4000,-83.1735
393.7,node[15],3,7249.4462,4004.4635,1.8950,18.6006,1.5963,-0.4926,836117679#2,-76.8975,-2.2874,100.0000,default,17,rsu(554m),2766,92407,0.0664,554,22.0750,3,4,-76.8975,-93.8872,direct,0.0000,38.4000,-83.2080
393.8,node[15],3,7251.1011,4005.3517,1.8950,18.7824,1.8177,-0.4926,836117679#2,-79.5921,-0.5444,100.0000,default,17,rsu(554m),2767,92453,0.1453,554,22.0634,4,6,-79.5921,-96.5818,direct,0.0000,37.6000,-83.1974
393.9,node[15],3,7252.7783,4006.2519,1.8950,19.0354,2.5304,-0.4926,836117679#2,-75.3481,3.4617,100.0000,default,17,rsu(554m),2768,92500,0.5575,554,22.0681,6,10,-75.3481,-92.3378,direct,0.0000,37.6000,-83.1875
394,node[15],3,7254.4780,4007.1642,1.8950,19.2913,2.5589,-0.4926,836117679#2,-83.8054,-5.0000,100.0000,default,17,rsu(554m),2769,92548,0.0180,554,22.0714,2,2,-83.8054,-100.7951,direct,0.0000,38.0000,-83.3048
394.1,node[15],3,7256.1397,4008.0560,1.8950,18.8593,-4.3204,-0.4926,836117679#2,-79.1988,-2.5513,100.0000,default,17,rsu(554m),2770,92596,0.0587,554,22.0749,3,4,-79.1988,-96.1885,direct,0.0000,38.0000,-83.3341
394.2,node[15],3,7257.7618,4008.9266,1.8950,18.4093,-4.5000,-0.4926,836117679#2,-80.6414,-5.0000,100.0000,default,17,rsu(554m),2771,92643,0.0180,554,22.0651,2,2,-80.6414,-97.6311,direct,0.0000,38.0000,-83.3247
394.3,node[15],3,7259.3442,4009.7758,1.8950,17.9593,-4.5000,-0.4926,836117679#2,-75.9965,1.5814,100.0000,default,17,rsu(554m),2772,92690,0.3298,554,22.0700,5,8,-75.9965,-92.9862,direct,0.0000,38.0000,-83.3870
394.4,node[15],3,7260.8926,4010.6069,1.8950,17.5736,-3.8572,-0.4926,836117679#2,-80.1861,-4.3574,100.0000,default,17,rsu(554m),2773,92738,0.0246,554,22.0665,2,2,-80.1861,-97.1758,direct,0.0000,38.0000,-83.4109
394.5,node[15],3,7262.4013,4011.4166,1.8950,17.1236,-4.5000,-0.4926,836117679#2,-88.6774,-5.0000,100.0000,default,17,rsu(554m),2774,92786,0.0180,554,22.0631,2,2,-88.6774,-105.6671,direct,0.0000,38.0000,-83.4332
394.6,node[15],3,7263.8704,4012.2051,1.8950,16.6736,-4.5000,-0.4926,836117679#2,-77.6196,-0.4308,100.0000,default,17,rsu(554m),2775,92833,0.1525,554,22.0666,4,6,-77.6196,-94.6093,direct,0.0000,38.0000,-83.4236
394.7,node[15],3,7265.2999,4012.9723,1.8950,16.2236,-4.5000,-0.4926,836117679#2,-95.2455,-5.0000,100.0000,default,17,rsu(554m),2776,92881,0.0180,554,22.0646,2,2,-95.2455,-112.2352,direct,0.0000,38.0000,-83.4731
394.8,node[15],3,7266.6897,4013.7182,1.8950,15.7736,-4.5000,-0.4926,836117679#2,-80.1111,-2.5594,100.0000,default,17,rsu(554m),2777,92929,0.0584,554,22.0683,3,4,-80.1111,-97.1008,direct,0.0000,38.4000,-83.4909
394.9,node[15],3,7268.0398,4014.4429,1.8950,15.3236,-4.5000,-0.4926,836117679#2,-78.7696,0.5384,100.0000,default,17,rsu(554m),2778,92977,0.2260,554,22.0644,4,6,-78.7696,-95.7593,direct,0.0000,38.4000,-83.5076
395,node[15],3,7269.3503,4015.1462,1.8950,14.8736,-4.5000,-0.4926,836117679#2,-84.0994,-5.0000,100.0000,default,17,rsu(554m),2779,93025,0.0180,554,22.0681,2,2,-84.0994,-101.0891,direct,0.0000,38.4000,-83.5233
395.1,node[15],3,7270.6212,4015.8283,1.8950,14.4236,-4.5000,-0.4926,836117679#2,-82.7833,-5.0000,100.0000,default,17,rsu(554m),2780,93073,0.0180,554,22.0649,2,2,-82.7833,-99.7730,direct,0.0000,38.4000,-83.5379
395.2,node[15],3,7271.8524,4016.4891,1.8950,13.9736,-4.5000,-0.4926,836117679#2,-85.6798,-5.0000,100.0000,default,17,rsu(554m),2781,93119,0.0180,554,22.0671,2,2,-85.6798,-102.6695,direct,0.0000,37.6000,-83.5285
395.3,node[15],3,7273.0439,4017.1286,1.8950,13.5236,-4.5000,-0.4926,836117679#2,-86.2384,-5.0000,100.0000,default,17,rsu(554m),2782,93167,0.0180,554,22.0639,2,2,-86.2384,-103.2281,direct,0.0000,37.6000,-83.5646
395.4,node[15],3,7274.1958,4017.7468,1.8950,13.0736,-4.5000,-0.4926,836117679#2,-92.7037,-5.0000,100.0000,default,17,rsu(554m),2783,93215,0.0180,554,22.0678,2,2,-92.7037,-109.6934,direct,0.0000,38.4000,-83.5765
395.5,node[15],3,7275.3081,4018.3438,1.8950,12.6236,-4.5000,-0.4926,836117679#2,-77.4186,0.5569,100.0000,default,17,rsu(554m),2784,93263,0.2277,554,22.0748,4,6,-77.4186,-94.4083,direct,0.0000,38.4000,-83.5878
395.6,node[15],3,7276.3806,4018.9191,1.8950,12.1736,-4.5000,-0.4925,:3530983608_6,-84.2178,-5.0000,100.0000,default,17,rsu(554m),2785,93311,0.0180,554,22.0672,2,2,-84.2178,-101.2075,direct,0.0000,38.4000,-83.5983
395.7,node[15],3,7277.4132,4019.4729,1.8950,11.7236,-4.5000,-0.4925,:3530983608_6,-79.7765,-4.2586,100.0000,default,17,rsu(554m),2786,93359,0.0258,554,22.0656,2,2,-79.7765,-96.7662,direct,0.0000,38.4000,-83.6080
395.8,node[15],3,7278.4063,4020.0054,1.8950,11.2736,-4.5000,-0.4924,:3530983608_6,-73.2812,3.0972,100.0000,default,17,rsu(554m),2787,93406,0.5121,554,22.0681,6,10,-73.2812,-90.2709,direct,0.0000,38.0000,-83.6170
395.9,node[15],3,7279.3597,4020.5166,1.8950,10.8236,-4.5000,-0.4923,:3530983608_6,-82.2885,-3.5384,100.0000,default,17,rsu(554m),2788,93453,0.0366,554,22.0736,2,2,-82.2885,-99.2782,direct,0.0000,38.0000,-83.6080
396,node[15],3,7280.2734,4021.0066,1.8950,10.3736,-4.5000,-0.4922,:3530983608_6,-83.7407,-5.0000,100.0000,default,17,rsu(554m),2789,93501,0.0180,554,22.0676,2,2,-83.7407,-100.7304,direct,0.0000,38.0000,-83.6330
396.1,node[15],3,7281.1475,4021.4753,1.8950,9.9236,-4.5000,-0.4922,:3530983608_6,-81.6230,-2.4480,100.0000,default,16,rsu(555m),2790,93548,0.0616,555,22.0717,3,4,-81.6230,-98.6127,direct,0.0000,38.0000,-83.6755
396.2,node[15],3,7281.9820,4021.9228,1.8950,9.4736,-4.5000,-0.4922,:3530983608_6,-76.9478,-1.1538,100.0000,default,16,rsu(555m),2791,93595,0.1114,555,22.0643,3,4,-76.9478,-93.9375,direct,0.0000,37.6000,-83.6663
396.3,node[15],3,7282.7769,4022.3490,1.8950,9.0236,-4.5000,-0.4922,:3530983608_6,-85.4196,-5.0000,100.0000,default,16,rsu(555m),2792,93643,0.0180,555,22.0745,2,2,-85.4196,-102.4093,direct,0.0000,37.6000,-83.7040
396.4,node[15],3,7283.5321,4022.7540,1.8950,8.5736,-4.5000,-0.4922,:3530983608_6,-80.4189,-1.4290,100.0000,default,16,rsu(555m),2793,93691,0.0985,555,22.0657,3,4,-80.4189,-97.4086,direct,0.0000,38.4000,-83.7091
396.5,node[15],3,7284.2476,4023.1379,1.8950,8.1236,-4.5000,-0.4923,836117679#3,-79.1970,0.0639,100.0000,default,16,rsu(555m),2794,93737,0.1872,555,22.0687,4,6,-79.1970,-96.1867,direct,0.0000,38.4000,-83.6996
396.6,node[15],3,7284.9233,4023.5017,1.8950,7.6736,-4.5000,-0.4925,836117679#3,-78.7119,-2.5338,100.0000,default,16,rsu(555m),2795,93784,0.0591,555,22.0716,3,4,-78.7119,-95.7016,direct,0.0000,37.2000,-83.7177
396.7,node[15],3,7285.5595,4023.8441,1.8950,7.2236,-4.5000,-0.4927,836117679#3,-88.8021,-5.0000,100.0000,default,16,rsu(555m),2796,93832,0.0180,555,22.0690,2,2,-88.8021,-105.7918,direct,0.0000,37.2000,-83.7210
396.8,node[15],3,7286.1560,4024.1652,1.8950,6.7736,-4.5000,-0.4929,836117679#3,-79.1731,-0.4610,100.0000,default,16,rsu(555m),2797,93879,0.1505,555,22.0651,4,6,-79.1731,-96.1628,direct,0.0000,38.0000,-83.7239
396.9,node[15],3,7286.7128,4024.4650,1.8950,6.3236,-4.5000,-0.4932,836117679#3,-80.2990,-1.1476,100.0000,default,16,rsu(555m),2798,93926,0.1117,555,22.0695,3,4,-80.2990,-97.2887,direct,0.0000,38.0000,-83.7146
397,node[15],3,7287.2314,4024.7441,1.8950,5.8890,-4.3455,-0.4933,836117679#3,-77.1474,-1.1613,100.0000,default,16,rsu(555m),2799,93972,0.1110,555,22.0727,3,4,-77.1474,-94.1371,direct,0.0000,37.2000,-83.7055
397.1,node[15],3,7287.7104,4025.0020,1.8950,5.4390,-4.5000,-0.4935,836117679#3,-79.2491,-4.6674,100.0000,default,16,rsu(555m),2800,94019,0.0212,555,22.0643,2,2,-79.2491,-96.2388,direct,0.0000,37.2000,-83.6965
397.2,node[15],3,7288.1497,4025.2385,1.8950,4.9890,-4.5000,-0.4937,836117679#3,-76.3718,-0.4594,100.0000,default,16,rsu(555m),2801,94066,0.1506,555,22.0704,4,6,-76.3718,-93.3615,direct,0.0000,37.6000,-83.6876
397.3,node[15],3,7288.5495,4025.4537,1.8950,4.5390,-4.5000,-0.4938,836117679#3,-93.2667,-5.0000,100.0000,default,16,rsu(555m),2802,94114,0.0180,555,22.0667,2,2,-93.2667,-110.2564,direct,0.0000,37.6000,-83.7357
397.4,node[15],3,7288.9095,4025.6475,1.8950,4.0890,-4.5000,-0.4938,836117679#3,-81.4933,-3.0286,100.0000,default,16,rsu(555m),2803,94161,0.0468,555,22.0632,2,2,-81.4933,-98.4830,direct,0.0000,38.0000,-83.7372
397.5,node[15],3,7289.2300,4025.8200,1.8950,3.6390,-4.5000,-0.4938,:3530983607_8,-81.3454,-5.0000,100.0000,default,16,rsu(555m),2804,94207,0.0180,555,22.0667,2,2,-81.3454,-98.3351,direct,0.0000,38.0000,-83.7283
397.6,node[15],3,7289.5916,4025.7848,1.8950,3.6157,-0.2332,-0.4529,:3530983607_8,-76.9288,-1.1396,100.0000,default,16,rsu(555m),2805,94254,0.1121,555,22.0715,3,4,-76.9288,-93.9185,direct,0.0000,37.2000,-83.7208
397.7,node[15],3,7289.9531,4025.7497,1.8950,3.6157,0.0000,-0.4111,:3530983607_8,-75.3764,-0.1953,100.0000,default,16,rsu(555m),2806,94302,0.1683,555,22.0693,4,6,-75.3764,-92.3661,direct,0.0000,37.2000,-83.7446
397.8,node[15],3,7290.3147,4025.7145,1.8950,3.6157,0.0000,-0.3686,:3530983607_8,-83.0865,-4.7230,100.0000,default,16,rsu(556m),2807,94349,0.0206,556,22.0741,2,2,-83.0865,-100.0762,direct,0.0000,38.0000,-83.7388
397.9,node[15],3,7290.6751,4025.6764,1.8950,3.6157,0.0000,-0.3249,:3530983607_11,-86.3184,-5.0000,100.0000,default,16,rsu(556m),2808,94397,0.0180,556,22.0735,2,2,-86.3184,-103.3081,direct,0.0000,38.0000,-83.7532
398,node[15],3,7290.9658,4025.4693,1.8950,3.5776,-0.3807,-0.2505,:3530983607_11,-84.2444,-5.0000,100.0000,default,16,rsu(556m),2809,94445,0.0180,556,22.0715,2,2,-84.2444,-101.2341,direct,0.0000,38.4000,-83.7558
398.1,node[15],3,7291.2558,4025.2627,1.8950,3.5688,-0.0883,-0.1725,:3530983607_11,-82.4513,-4.0190,100.0000,default,16,rsu(556m),2810,94493,0.0290,556,22.0667,2,2,-82.4513,-99.4410,direct,0.0000,38.4000,-83.7588
398.2,node[15],3,7291.4040,4024.9815,1.8950,3.5639,-0.0492,-0.0775,:3530983607_11,-81.3613,-1.9769,100.0000,default,16,rsu(557m),2811,94540,0.0767,557,22.0733,3,4,-81.3613,-98.3510,direct,0.0000,38.0000,-83.7489
398.3,node[15],3,7291.4120,4024.6265,1.8950,3.5602,-0.0368,0.0457,:3530983607_11,-84.6320,-5.0000,100.0000,default,16,rsu(557m),2812,94587,0.0180,557,22.0703,2,2,-84.6320,-101.6217,direct,0.0000,38.0000,-83.7521
398.4,node[15],3,7291.4197,4024.2695,1.8950,3.5793,0.1916,0.1878,:3530983607_11,-75.2471,4.1146,100.0000,default,16,rsu(557m),2813,94635,0.6358,557,22.0624,6,10,-75.2471,-92.2368,direct,0.0000,38.0000,-83.7471
398.5,node[15],3,7291.2572,4023.9615,1.8950,3.4909,-0.8848,0.3471,:3530983607_11,-80.9762,-3.7764,100.0000,default,16,rsu(558m),2814,94683,0.0327,558,22.0709,2,2,-80.9762,-97.9659,direct,0.0000,38.0000,-83.7371
398.6,node[15],3,7291.0930,4023.6501,1.8950,3.5290,0.3814,0.5359,:3530983607_11,-80.1191,-1.7411,100.0000,default,16,rsu(558m),2815,94730,0.0854,558,22.0630,3,4,-80.1191,-97.1088,direct,0.0000,38.0000,-83.7201
398.7,node[15],3,7290.9275,4023.3364,1.8950,3.5552,0.2618,0.7457,:3530983607_11,-80.0584,-2.1981,100.0000,default,17,rsu(558m),2816,94778,0.0692,558,22.0683,3,4,-80.0584,-97.0481,direct,0.0000,38.0000,-83.6656
398.8,node[15],3,7290.7630,4023.0247,1.8950,3.5324,-0.2278,0.9574,:3530983607_11,-80.0097,-3.5225,100.0000,default,17,rsu(558m),2817,94826,0.0369,558,22.0637,2,2,-80.0097,-96.9994,direct,0.0000,38.4000,-83.6560
398.9,node[15],3,7290.4638,4022.8463,1.8950,3.5232,-0.0923,1.1757,-836117679#3,-87.5412,-5.0000,100.0000,default,17,rsu(558m),2818,94872,0.0180,558,22.0681,2,2,-87.5412,-104.5309,direct,0.0000,38.4000,-83.6371
399,node[15],3,7290.1307,4022.6673,1.8950,3.7752,2.5198,1.4027,-836117679#3,-76.6019,1.2659,100.0000,default,17,rsu(558m),2819,94919,0.2959,558,22.0725,5,8,-76.6019,-93.5916,direct,0.0000,37.2000,-83.6295
399.1,node[15],3,7289.7788,4022.4782,1.8950,3.9885,2.1339,1.6386,-836117679#3,-82.3989,-5.0000,100.0000,default,17,rsu(558m),2820,94967,0.0180,558,22.0652,2,2,-82.3989,-99.3886,direct,0.0000,37.2000,-83.6152
399.2,node[15],3,7289.4078,4022.2789,1.8950,4.2047,2.1618,1.8584,-836117679#3,-80.0816,-0.8077,100.0000,default,17,rsu(558m),2821,95015,0.1297,558,22.0653,4,6,-80.0816,-97.0713,direct,0.0000,38.4000,-83.6003
399.3,node[15],3,7289.0155,4022.0681,1.8950,4.4464,2.4163,2.0491,-836117679#3,-81.2573,-5.0000,100.0000,default,17,rsu(558m),2822,95063,0.0180,558,22.0707,2,2,-81.2573,-98.2470,direct,0.0000,38.4000,-83.5848
399.4,node[15],3,7288.6070,4021.8486,1.8950,4.6297,1.8332,2.2163,-836117679#3,-82.4727,-5.0000,100.0000,default,17,rsu(558m),2823,95111,0.0180,558,22.0632,2,2,-82.4727,-99.4624,direct,0.0000,38.4000,-83.5687
399.5,node[15],3,7288.1755,4021.6169,1.8950,4.8896,2.5997,2.3463,-836117679#3,-76.7633,0.8050,100.0000,default,17,rsu(558m),2824,95159,0.2502,558,22.0688,4,6,-76.7633,-93.7530,direct,0.0000,38.4000,-83.5519
399.6,node[15],3,7287.7309,4021.3780,1.8950,5.0389,1.4928,2.4534,-836117679#3,-81.4134,-2.0687,100.0000,default,17,rsu(558m),2825,95206,0.0735,558,22.0747,3,4,-81.4134,-98.4031,direct,0.0000,38.0000,-83.5301
399.7,node[15],3,7287.2642,4021.1272,1.8950,5.2895,2.5059,2.5280,-836117679#3,-79.7191,-0.9457,100.0000,default,17,rsu(558m),2826,95254,0.1221,558,22.0709,4,6,-79.7191,-96.7088,direct,0.0000,38.0000,-83.5164
399.8,node[15],3,7286.7791,4020.8666,1.8950,5.4980,2.0851,2.5921,-836117679#3,-81.0289,-5.0000,100.0000,default,17,rsu(558m),2827,95302,0.0180,558,22.0635,2,2,-81.0289,-98.0186,direct,0.0000,38.4000,-83.4975
399.9,node[15],3,7286.2817,4020.5994,1.8950,5.6371,1.3905,2.6486,-836117679#3,-81.8444,-5.0000,100.0000,default,17,rsu(558m),2828,95350,0.0180,558,22.0640,2,2,-81.8444,-98.8341,direct,0.0000,38.4000,-83.4782
400,node[15],3,7285.7707,4020.3249,1.8950,5.7907,1.5358,2.6486,-836117679#3,-77.1797,0.5109,100.0000,default,17,rsu(558m),2829,95397,0.2236,558,22.0697,4,6,-77.1797,-94.1694,direct,0.0000,38.0000,-83.4544
400.1,node[15],3,7285.2403,4020.0403,1.8950,6.0201,2.2947,2.6487,:3530983608_0,-87.8776,-5.0000,100.0000,default,17,rsu(558m),2830,95443,0.0180,558,22.0748,2,2,-87.8776,-104.8673,direct,0.0000,38.0000,-83.4300
400.2,node[15],3,7284.6937,4019.7472,1.8950,6.2055,1.8535,2.6488,:3530983608_0,-90.8545,-5.0000,100.0000,default,17,rsu(558m),2831,95491,0.0180,558,22.0736,2,2,-90.8545,-107.8442,direct,0.0000,37.6000,-83.4158
400.3,node[15],3,7284.1243,4019.4419,1.8950,6.4638,2.5833,2.6489,:3530983608_0,-79.3193,-1.2606,100.0000,default,17,rsu(558m),2832,95539,0.1062,558,22.0728,3,4,-79.3193,-96.3090,direct,0.0000,37.6000,-83.3932
400.4,node[15],3,7283.5368,4019.1268,1.8950,6.6700,2.0623,2.6490,:3530983608_0,-73.7636,4.7266,100.0000,default,17,rsu(558m),2833,95586,0.7033,558,22.0650,6,10,-73.7636,-90.7533,direct,0.0000,38.0000,-83.3697
400.5,node[15],3,7282.9348,4018.8040,1.8950,6.8333,1.6331,2.6491,:3530983608_0,-87.6931,-5.0000,100.0000,default,18,rsu(558m),2834,95634,0.0180,558,9.9182,2,2,-87.6931,-104.6828,direct,0.0500,38.0000,-83.2974
400.6,node[15],3,7282.3115,4018.4698,1.8950,7.0760,2.4269,2.6492,:3530983608_0,-75.7954,3.4240,100.0000,default,18,rsu(558m),2835,95681,0.5528,558,9.9130,6,10,-75.7954,-92.7851,direct,0.0500,38.0000,-83.2690
400.7,node[15],3,7281.6764,4018.1292,1.8950,7.2102,1.3416,2.6493,:3530983608_0,-84.1015,-5.0000,100.0000,default,18,rsu(558m),2836,95728,0.0180,558,9.9114,2,2,-84.1015,-101.0912,direct,0.0500,38.0000,-83.2457
400.8,node[15],3,7281.0216,4017.7781,1.8950,7.4338,2.2359,2.6494,:3530983608_0,-87.7643,-5.0000,100.0000,default,18,rsu(558m),2837,95775,0.0180,558,9.9178,2,2,-87.7643,-104.7540,direct,0.0500,37.6000,-83.2158
400.9,node[15],3,7280.3452,4017.4154,1.8950,7.6793,2.4551,2.6494,:3530983608_0,-79.7013,-5.0000,100.0000,default,18,rsu(558m),2838,95822,0.0180,558,9.9110,2,2,-79.7013,-96.6910,direct,0.0500,37.6000,-83.1848
401,node[15],3,7279.6533,4017.0444,1.8950,7.8546,1.7534,2.6494,:3530983608_0,-78.0499,-1.2958,100.0000,default,18,rsu(558m),2839,95870,0.1045,558,9.9172,3,4,-78.0499,-95.0396,direct,0.0500,38.0000,-83.1604
401.1,node[15],3,7278.9450,4016.6646,1.8950,8.0412,1.8653,2.6494,:3530983608_0,-78.7169,0.4849,100.0000,default,18,rsu(558m),2840,95918,0.2214,558,9.9164,4,6,-78.7169,-95.7066,direct,0.0500,38.0000,-83.1298
401.2,node[15],3,7278.2219,4016.2768,1.8950,8.2095,1.6839,2.6494,:3530983608_0,-74.3109,2.4496,100.0000,default,18,rsu(558m),2841,95966,0.4316,558,9.9157,5,8,-74.3109,-91.3006,direct,0.0500,38.4000,-83.0981
401.3,node[15],3,7277.4803,4015.8791,1.8950,8.4193,2.0972,2.6494,:3530983608_0,-86.4882,-5.0000,100.0000,default,18,rsu(558m),2842,96014,0.0180,558,9.9122,2,2,-86.4882,-103.4779,direct,0.0500,38.4000,-83.0662
401.4,node[15],3,7276.7196,4015.4709,1.8950,8.6332,2.1394,2.6493,-836117679#2,-78.0595,0.5661,100.0000,default,18,rsu(557m),2843,96061,0.2285,557,9.9109,4,6,-78.0595,-95.0492,direct,0.0500,38.0000,-83.0384
401.5,node[15],3,7275.9443,4015.0548,1.8950,8.7996,1.6641,2.6493,-836117679#2,-79.0285,-1.9240,100.0000,default,18,rsu(557m),2844,96109,0.0786,557,9.9103,3,4,-79.0285,-96.0182,direct,0.0500,38.0000,-83.0096
401.6,node[15],3,7275.1534,4014.6303,1.8950,8.9768,1.7723,2.6492,-836117679#2,-85.6486,-5.0000,100.0000,default,18,rsu(557m),2845,96157,0.0180,557,9.8939,2,2,-85.6486,-102.6383,direct,0.0500,38.4000,-82.9796
401.7,node[15],3,7274.3438,4014.1958,1.8950,9.1880,2.1112,2.6491,-836117679#2,-78.2249,-0.8206,100.0000,default,18,rsu(557m),2846,96204,0.1289,557,9.9160,4,6,-78.2249,-95.2146,direct,0.0500,38.4000,-82.9481
401.8,node[15],3,7273.5129,4013.7499,1.8950,9.4304,2.4248,2.6491,-836117679#2,-74.4418,-0.6649,100.0000,default,18,rsu(557m),2847,96252,0.1379,557,9.9161,4,6,-74.4418,-91.4315,direct,0.0500,38.0000,-82.9159
401.9,node[15],3,7272.6696,4013.2973,1.8950,9.5710,1.4056,2.6490,-836117679#2,-80.8710,-4.5415,100.0000,default,18,rsu(557m),2848,96300,0.0225,557,9.9157,2,2,-80.8710,-97.8607,direct,0.0500,38.0000,-82.8865
402,node[15],3,7271.8103,4012.8361,1.8950,9.7527,1.8168,2.6490,-836117679#2,-79.3136,-0.6665,100.0000,default,18,rsu(557m),2849,96347,0.1378,557,9.9128,4,6,-79.3136,-96.3033,direct,0.0500,38.0000,-82.8559
402.1,node[15],3,7270.9350,4012.3663,1.8950,9.9340,1.8129,2.6490,-836117679#2,-86.0670,-5.0000,100.0000,default,18,rsu(557m),2850,96395,0.0180,557,9.9105,2,2,-86.0670,-103.0567,direct,0.0500,38.0000,-82.8239
402.2,node[15],3,7270.0391,4011.8854,1.8950,10.1686,2.3461,2.6490,-836117679#2,-77.7546,-1.8997,100.0000,default,18,rsu(557m),2851,96443,0.0794,557,9.9073,3,4,-77.7546,-94.7443,direct,0.0500,38.4000,-82.7910
402.3,node[15],3,7269.1257,4011.3952,1.8950,10.3667,1.9813,2.6490,-836117679#2,-77.0845,0.9872,100.0000,default,18,rsu(557m),2852,96491,0.2677,557,9.9181,4,6,-77.0845,-94.0742,direct,0.0500,38.4000,-82.7569
402.4,node[15],3,7268.2002,4010.8985,1.8950,10.5036,1.3685,2.6490,-836117679#2,-81.0654,-2.3793,100.0000,default,18,rsu(557m),2853,96537,0.0636,557,9.8834,3,4,-81.0654,-98.0551,direct,0.0500,37.6000,-82.7203
402.5,node[15],3,7267.2599,4010.3938,1.8950,10.6722,1.6860,2.6490,-836117679#2,-79.1519,-2.0939,100.0000,default,18,rsu(557m),2854,96585,0.0726,557,9.8943,3,4,-79.1519,-96.1416,direct,0.0500,37.6000,-82.6808
402.6,node[15],3,7266.3054,4009.8816,1.8950,10.8322,1.6006,2.6490,-836117679#2,-81.0017,-2.1255,100.0000,default,18,rsu(557m),2855,96633,0.0716,557,9.9183,3,4,-81.0017,-97.9914,direct,0.0500,38.4000,-82.6388
402.7,node[15],3,7265.3370,4009.3618,1.8950,10.9918,1.5954,2.6490,-836117679#2,-80.0998,-2.3453,100.0000,default,18,rsu(557m),2856,96681,0.0646,557,9.9163,3,4,-80.0998,-97.0895,direct,0.0500,38.4000,-82.5955
402.8,node[15],3,7264.3558,4008.8352,1.8950,11.1360,1.4427,2.6490,-836117679#2,-88.5110,-5.0000,100.0000,default,18,rsu(557m),2857,96729,0.0180,557,9.9115,2,2,-88.5110,-105.5007,direct,0.0500,38.4000,-82.5503
402.9,node[15],3,7263.3548,4008.2979,1.8950,11.3607,2.2464,2.6490,-836117679#2,-78.7243,-3.2685,100.0000,default,18,rsu(557m),2858,96776,0.0417,557,9.9092,2,2,-78.7243,-95.7140,direct,0.0500,38.4000,-82.5029
403,node[15],3,7262.3313,4007.7486,1.8950,11.6155,2.5484,2.6490,-836117679#2,-78.9528,-1.7037,100.0000,default,18,rsu(557m),2859,96824,0.0869,557,9.9073,3,4,-78.9528,-95.9425,direct,0.0500,38.0000,-82.4460
403.1,node[15],3,7261.2850,4007.1871,1.8950,11.8751,2.5964,2.6490,-836117679#2,-85.6873,-5.0000,100.0000,default,18,rsu(557m),2860,96872,0.0180,557,9.9191,2,2,-85.6873,-102.6770,direct,0.0500,38.0000,-82.3867
403.2,node[15],3,7260.2204,4006.6157,1.8950,12.0827,2.0755,2.6490,-836117679#2,-77.8487,1.1534,100.0000,default,18,rsu(557m),2861,96920,0.2843,557,9.9159,5,8,-77.8487,-94.8384,direct,0.0500,38.4000,-82.3251
403.3,node[15],3,7259.1361,4006.0337,1.8950,12.3065,2.2381,2.6490,-836117679#2,-76.5089,0.0342,100.0000,default,18,rsu(557m),2862,96968,0.1850,557,9.9168,4,6,-76.5089,-93.4986,direct,0.0500,38.4000,-82.2612
403.4,node[15],3,7258.0339,4005.4422,1.8950,12.5095,2.0300,2.6490,-836117679#2,-84.0874,-5.0000,100.0000,default,18,rsu(557m),2863,97016,0.0180,557,9.9153,2,2,-84.0874,-101.0771,direct,0.0500,38.4000,-82.1950
403.5,node[15],3,7256.9189,4004.8437,1.8950,12.6551,1.4562,2.6490,-836117679#2,-76.3740,1.5318,100.0000,default,18,rsu(557m),2864,97065,0.3243,557,9.9162,5,8,-76.3740,-93.3637,direct,0.0500,38.4000,-82.1267
403.6,node[15],3,7255.7854,4004.2354,1.8950,12.8639,2.0881,2.6490,-836117679#2,-81.5314,-5.0000,100.0000,default,18,rsu(557m),2865,97113,0.0180,557,9.9091,2,2,-81.5314,-98.5211,direct,0.0500,38.8000,-82.0553
403.7,node[15],3,7254.6318,4003.6162,1.8950,13.0932,2.2922,2.6490,-836117679#2,-76.3206,0.4793,100.0000,default,18,rsu(557m),2866,97162,0.2209,557,9.9150,4,6,-76.3206,-93.3103,direct,0.0500,38.8000,-81.9823
403.8,node[15],3,7253.4587,4002.9866,1.8950,13.3142,2.2108,2.6490,-836117679#2,-80.4866,-3.0922,100.0000,default,18,rsu(557m),2867,97210,0.0454,557,9.9104,2,2,-80.4866,-97.4763,direct,0.0500,38.8000,-81.9055
403.9,node[15],3,7252.2648,4002.3459,1.8950,13.5496,2.3535,2.6490,-836117679#2,-78.3024,0.6620,100.0000,default,18,rsu(557m),2868,97259,0.2370,557,9.9090,4,6,-78.3024,-95.2921,direct,0.0500,38.8000,-81.8268
404,node[15],3,7251.0499,4001.6938,1.8950,13.7888,2.3919,2.6490,-836117679#2,-81.0615,-4.6347,100.0000,default,18,rsu(557m),2869,97308,0.0215,557,9.9149,2,2,-81.0615,-98.0512,direct,0.0500,39.2000,-81.7446
404.1,node[15],3,7249.8206,4001.0340,1.8950,13.9520,1.6325,2.6490,-836117679#2,-77.1982,1.9603,100.0000,default,18,rsu(558m),2870,97356,0.3729,558,9.8686,5,8,-77.1982,-94.1879,direct,0.0500,39.2000,-81.6598
404.2,node[15],3,7248.5752,4000.3656,1.8950,14.1343,1.8230,2.6490,-836117679#2,-80.2112,-5.0000,100.0000,default,18,rsu(558m),2871,97405,0.0180,558,9.9092,2,2,-80.2112,-97.2009,direct,0.0500,38.8000,-81.5722
404.3,node[15],3,7247.3166,3999.6901,1.8950,14.2846,1.5024,2.6490,-836117679#2,-78.5453,-1.4618,100.0000,default,18,rsu(558m),2872,97453,0.0970,558,9.9174,3,4,-78.5453,-95.5350,direct,0.0500,38.8000,-81.4820
404.4,node[15],3,7246.0386,3999.0042,1.8950,14.5050,2.2046,2.6490,-836117679#2,-77.6021,0.3263,100.0000,default,18,rsu(558m),2873,97502,0.2080,558,9.9167,4,6,-77.6021,-94.5918,direct,0.0500,38.8000,-81.3888
404.5,node[15],3,7244.7463,3998.3106,1.8950,14.6669,1.6188,2.6490,-836117679#2,-79.6338,-5.0000,100.0000,default,18,rsu(558m),2874,97551,0.0180,558,9.9161,2,2,-79.6338,-96.6235,direct,0.0500,38.8000,-81.2927
404.6,node[15],3,7243.4407,3997.6099,1.8950,14.8177,1.5083,2.6490,-836117679#2,-78.6602,0.6620,100.0000,default,18,rsu(558m),2875,97600,0.2370,558,9.9126,4,6,-78.6602,-95.6499,direct,0.0500,39.2000,-81.1940
404.7,node[15],3,7242.1139,3996.8978,1.8950,15.0580,2.4030,2.6490,-836117679#2,-78.5316,-1.5972,100.0000,default,18,rsu(558m),2876,97648,0.0912,558,9.9191,3,4,-78.5316,-95.5213,direct,0.0500,39.2000,-81.0916
404.8,node[15],3,7240.7672,3996.1750,1.8950,15.2853,2.2724,2.6490,-836117679#2,-81.3055,-4.6971,100.0000,default,18,rsu(558m),2877,97697,0.0209,558,9.9148,2,2,-81.3055,-98.2952,direct,0.0500,38.8000,-80.9864
404.9,node[15],3,7239.4087,3995.4459,1.8950,15.4177,1.3242,2.6490,-836117679#2,-78.1077,0.8446,100.0000,default,18,rsu(558m),2878,97746,0.2539,558,9.9107,4,6,-78.1077,-95.0974,direct,0.0500,38.8000,-80.8784
405,node[15],3,7238.0381,3994.7103,1.8950,15.5560,1.3830,2.6490,-836117679#2,-78.0587,-0.6799,100.0000,default,18,rsu(558m),2879,97795,0.1371,558,9.9105,4,6,-78.0587,-95.0484,direct,0.0500,39.2000,-80.7679
405.1,node[15],3,7236.6492,3993.9648,1.8950,15.7632,2.0720,2.6490,-836117679#2,-79.3193,-4.7519,100.0000,default,18,rsu(558m),2880,97843,0.0203,558,9.8828,2,2,-79.3193,-96.3090,direct,0.0500,39.2000,-80.6541
405.2,node[15],3,7235.2484,3993.2125,1.8950,15.9009,1.3775,2.6489,:3548035725_1,-88.4822,-5.0000,100.0000,default,18,rsu(558m),2881,97892,0.0180,558,9.9109,2,2,-88.4822,-105.4719,direct,0.0500,38.8000,-80.5379
405.3,node[15],3,7233.8344,3992.4304,1.8950,16.1592,2.5822,2.6448,:3548035725_1,-83.4269,-5.0000,100.0000,default,18,rsu(558m),2882,97940,0.0180,558,9.9104,2,2,-83.4269,-100.4166,direct,0.0500,38.8000,-80.4190
405.4,node[15],3,7232.4076,3991.6412,1.8950,16.3067,1.4759,2.6407,:3548035725_1,-84.7390,-5.0000,100.0000,default,18,rsu(558m),2883,97987,0.0180,558,9.9192,2,2,-84.7390,-101.7287,direct,0.0500,38.0000,-80.2979
405.5,node[15],3,7230.9641,3990.8428,1.8950,16.4973,1.9053,2.6365,:3548035725_1,-85.8686,-5.0000,100.0000,default,18,rsu(559m),2884,98035,0.0180,559,9.9155,2,2,-85.8686,-102.8583,direct,0.0500,38.0000,-80.1745
405.6,node[15],3,7229.5113,3990.0324,1.8950,16.6277,1.3044,2.6352,-836117679#1,-82.5923,-3.8239,100.0000,default,18,rsu(559m),2885,98084,0.0319,559,9.9142,2,2,-82.5923,-99.5820,direct,0.0500,38.8000,-80.0498
405.7,node[15],3,7228.0484,3989.1994,1.8950,16.7975,1.6974,2.6310,:3548035726_2,-75.9645,0.4670,100.0000,default,18,rsu(559m),2886,98132,0.2199,559,9.9133,4,6,-75.9645,-92.9542,direct,0.0500,38.8000,-79.9242
405.8,node[15],3,7226.5531,3988.3810,1.8950,17.0339,2.3649,2.6325,:3548035726_2,-79.1656,-2.2927,100.0000,default,18,rsu(559m),2887,98180,0.0662,559,9.9104,3,4,-79.1656,-96.1553,direct,0.0500,38.4000,-79.7961
405.9,node[15],3,7225.0417,3987.5539,1.8950,17.2164,1.8247,2.6356,:3548035726_2,-77.6066,-1.0795,100.0000,default,18,rsu(559m),2888,98229,0.1151,559,9.9115,3,4,-77.6066,-94.5963,direct,0.0500,38.4000,-79.6676
406,node[15],3,7223.5103,3986.7157,1.8950,17.4446,2.2822,2.6408,:3548035726_2,-76.1119,-0.9394,100.0000,default,18,rsu(559m),2889,98278,0.1224,559,9.9141,4,6,-76.1119,-93.1016,direct,0.0500,39.2000,-79.5387
406.1,node[15],3,7221.9573,3985.8882,1.8950,17.5941,1.4949,2.6448,-836117679#0,-81.4426,-4.8681,100.0000,default,18,rsu(559m),2890,98327,0.0192,559,9.9146,2,2,-81.4426,-98.4323,direct,0.0500,39.2000,-79.4095
406.2,node[15],3,7220.3780,3985.0589,1.8950,17.8386,2.4450,2.6509,-836117679#0,-80.6388,-4.0516,100.0000,default,18,rsu(560m),2891,98375,0.0286,560,9.8699,2,2,-80.6388,-97.6285,direct,0.0500,38.8000,-79.2797
406.3,node[15],3,7218.7822,3984.2208,1.8950,18.0252,1.8663,2.6571,-836117679#0,-87.3623,-5.0000,100.0000,default,18,rsu(560m),2892,98424,0.0180,560,9.9141,2,2,-87.3623,-104.3520,direct,0.0500,38.8000,-79.1517
406.4,node[15],3,7217.1683,3983.3733,1.8950,18.2297,2.0446,2.6580,-836117679#0,-79.7017,-0.4356,100.0000,default,18,rsu(560m),2893,98472,0.1522,560,9.9117,4,6,-79.7017,-96.6914,direct,0.0500,38.8000,-79.0264
406.5,node[15],3,7215.5355,3982.5159,1.8950,18.4428,2.1309,2.6580,-836117679#0,-83.1572,-5.0000,100.0000,default,18,rsu(560m),2894,98520,0.0180,560,9.8704,2,2,-83.1572,-100.1469,direct,0.0500,38.8000,-78.9045
406.6,node[15],3,7213.8873,3981.6504,1.8950,18.6168,1.7397,2.6580,-836117679#0,-77.4078,0.7226,100.0000,default,18,rsu(560m),2895,98569,0.2426,560,9.9111,4,6,-77.4078,-94.3975,direct,0.0500,38.8000,-78.7876
406.7,node[15],3,7212.2247,3980.7773,1.8950,18.7802,1.6341,2.6580,-836117679#0,-79.4825,-2.3657,100.0000,default,18,rsu(560m),2896,98618,0.0640,560,9.9107,3,4,-79.4825,-96.4722,direct,0.0500,38.8000,-78.6769
406.8,node[15],3,7210.5391,3979.8922,1.8950,19.0384,2.5823,2.6580,-836117679#0,-80.5432,-1.5431,100.0000,default,18,rsu(561m),2897,98666,0.0935,561,9.9134,3,4,-80.5432,-97.5329,direct,0.0500,38.8000,-78.5722
406.9,node[15],3,7208.8366,3978.9981,1.8950,19.2302,1.9184,2.6580,-836117679#0,-73.8015,3.7219,100.0000,default,18,rsu(561m),2898,98714,0.5893,561,9.8695,6,10,-73.8015,-90.7912,direct,0.0500,38.8000,-78.4754
407,node[15],3,7207.1212,3978.0973,1.8950,19.3760,1.4578,2.6580,-836117679#0,-76.4880,1.9738,100.0000,default,18,rsu(561m),2899,98763,0.3745,561,9.8691,5,8,-76.4880,-93.4777,direct,0.0500,38.8000,-78.3884
407.1,node[15],3,7205.3916,3977.1890,1.8950,19.5373,1.6125,2.6580,-836117679#0,-82.7314,-5.0000,100.0000,default,18,rsu(561m),2900,98811,0.0180,561,9.9164,2,2,-82.7314,-99.7211,direct,0.0500,38.8000,-78.3133
407.2,node[15],3,7203.6392,3976.2688,1.8950,19.7939,2.5659,2.6580,-836117679#0,-80.9148,-5.0000,100.0000,default,18,rsu(561m),2901,98860,0.0180,561,9.9174,2,2,-80.9148,-97.9045,direct,0.0500,38.8000,-78.2500
407.3,node[15],3,7201.8719,3975.3407,1.8950,19.9616,1.6773,2.6580,-836117679#0,-86.0101,-5.0000,100.0000,default,18,rsu(562m),2902,98909,0.0180,562,9.9148,2,2,-86.0101,-102.9998,direct,0.0500,38.8000,-78.2012
407.4,node[15],3,7200.0920,3974.4061,1.8950,20.1046,1.4297,2.6580,-836117679#0,-87.3770,-5.0000,100.0000,default,18,rsu(562m),2903,98958,0.0180,562,9.9169,2,2,-87.3770,-104.3667,direct,0.0500,39.2000,-78.1683
407.5,node[15],3,7198.3001,3973.4650,1.8950,20.2407,1.3612,2.6580,-836117679#0,-76.0931,0.8150,100.0000,default,18,rsu(562m),2904,99006,0.2512,562,9.9126,4,6,-76.0931,-93.0828,direct,0.0500,39.2000,-78.1515
407.6,node[15],3,7196.4876,3972.5133,1.8950,20.4721,2.3137,2.6580,-836117679#0,-79.6376,-2.7090,100.0000,default,19,rsu(562m),2905,99055,0.0545,562,3.5095,3,4,-79.6376,-96.6273,direct,0.1000,38.8000,-78.1500
407.7,node[15],3,7194.6566,3971.5517,1.8950,20.6822,2.1019,2.6580,-836117679#0,-81.3081,-5.0000,100.0000,default,19,rsu(563m),2906,99105,0.0180,563,3.5141,2,2,-81.3081,-98.2978,direct,0.1000,38.8000,-78.1667
407.8,node[15],3,7192.8075,3970.5807,1.8950,20.8856,2.0340,2.6580,-836117679#0,-83.9916,-5.0000,100.0000,default,19,rsu(563m),2907,99155,0.0180,563,3.5124,2,2,-83.9916,-100.9813,direct,0.1000,40.0000,-78.2010
407.9,node[15],3,7190.9370,3969.5985,1.8950,21.1281,2.4244,2.6580,-836117679#0,-81.3247,-3.4065,100.0000,default,20,rsu(563m),2908,99205,0.0390,563,3.5153,2,2,-81.3247,-98.3144,direct,0.1000,40.0000,-78.2377
408,node[15],3,7189.0505,3968.6078,1.8950,21.3094,1.8129,2.6580,-836117679#0,-79.2773,-2.3754,100.0000,default,20,rsu(564m),2909,99254,0.0637,564,3.5122,3,4,-79.2773,-96.2670,direct,0.1000,39.6000,-78.3067
408.1,node[15],3,7187.1494,3967.6095,1.8950,21.4729,1.6354,2.6580,-836117679#0,-85.9169,-5.0000,100.0000,default,20,rsu(564m),2910,99303,0.0180,564,3.5080,2,2,-85.9169,-102.9066,direct,0.1000,39.6000,-78.3920
408.2,node[15],3,7185.2367,3966.6051,1.8950,21.6045,1.3162,2.6580,-836117679#0,-78.2176,-0.2810,100.0000,default,20,rsu(564m),2911,99354,0.1624,564,3.5172,4,6,-78.2176,-95.2073,direct,0.1000,40.0000,-78.4927
408.3,node[15],3,7183.3028,3965.5895,1.8950,21.8447,2.4019,2.6580,-836117679#0,-87.0452,-5.0000,100.0000,default,20,rsu(564m),2912,99405,0.0180,564,3.5084,2,2,-87.0452,-104.0349,direct,0.1000,40.0000,-78.6084
408.4,node[15],3,7181.3570,3964.5612,1.8950,22.0099,1.6515,2.6569,:227583674_0,-76.7784,-2.5080,100.0000,default,20,rsu(565m),2913,99456,0.0599,565,3.5127,3,4,-76.7784,-93.7681,direct,0.1000,40.8000,-78.7377
408.5,node[15],3,7179.4001,3963.5258,1.8950,22.1420,1.3210,2.6555,:227583674_0,-83.9389,-5.0000,100.0000,default,20,rsu(565m),2914,99507,0.0180,565,3.5092,2,2,-83.9389,-100.9286,direct,0.1000,40.8000,-78.8782
408.6,node[15],3,7177.4309,3962.4838,1.8950,22.2820,1.3999,2.6549,:227583674_0,-80.6629,-5.0000,100.0000,default,20,rsu(566m),2915,99557,0.0180,566,3.5123,2,2,-80.6629,-97.6526,direct,0.1000,40.4000,-79.0290
408.7,node[15],3,7175.4496,3961.4354,1.8950,22.4183,1.3637,2.6549,:227583674_0,-86.3412,-5.0000,100.0000,default,20,rsu(566m),2916,99608,0.0180,566,3.5168,2,2,-86.3412,-103.3309,direct,0.1000,40.4000,-79.1888
408.8,node[15],3,7173.4554,3960.3802,1.8950,22.5639,1.4562,2.6549,:227583674_0,-83.6750,-5.0000,100.0000,default,20,rsu(566m),2917,99659,0.0180,566,3.5090,2,2,-83.6750,-100.6647,direct,0.1000,40.8000,-79.3560
408.9,node[15],3,7171.4492,3959.3186,1.8950,22.7005,1.3654,2.6549,:227583674_0,-80.1038,-5.0000,100.0000,default,20,rsu(567m),2918,99709,0.0180,567,3.5102,2,2,-80.1038,-97.0935,direct,0.1000,40.8000,-79.5291
409,node[15],3,7169.4292,3958.2452,1.8950,22.8739,1.7342,2.6541,-831179687#41,-77.1454,-0.3379,100.0000,default,20,rsu(567m),2919,99759,0.1586,567,3.5127,4,6,-77.1454,-94.1351,direct,0.1000,40.0000,-79.7064
409.1,node[15],3,7167.3966,3957.1588,1.8950,23.0422,1.6829,2.6522,-831179687#41,-85.5513,-5.0000,100.0000,default,20,rsu(568m),2920,99810,0.0180,568,3.5157,2,2,-85.5513,-102.5410,direct,0.1000,40.0000,-79.8864
409.2,node[15],3,7165.3403,3956.0649,1.8950,23.2857,2.4351,2.6516,:3548035727_1,-77.6525,0.3571,100.0000,default,20,rsu(568m),2921,99860,0.2106,568,3.5073,4,6,-77.6525,-94.6422,direct,0.1000,40.4000,-80.0670
409.3,node[15],3,7163.2573,3954.9758,1.8950,23.4955,2.0983,2.6559,:3548035727_1,-96.4537,-5.0000,100.0000,default,20,rsu(568m),2922,99910,0.0180,568,3.5122,2,2,-96.4537,-113.4434,direct,0.1000,40.4000,-80.2464
409.4,node[15],3,7161.1569,3953.8776,1.8950,23.6915,1.9592,2.6598,:3548035727_1,-82.5810,-5.0000,100.0000,default,20,rsu(569m),2923,99963,0.0180,569,3.5157,2,2,-82.5810,-99.5707,direct,0.1000,41.2000,-80.4255
409.5,node[15],3,7159.0400,3952.7797,1.8950,23.8624,1.7096,2.6614,-831179687#40,-79.3777,-5.0000,100.0000,default,20,rsu(569m),2924,100015,0.0180,569,3.5107,2,2,-79.3777,-96.3674,direct,0.1000,41.2000,-80.6024
409.6,node[15],3,7156.9058,3951.6848,1.8950,24.0028,1.4038,2.6651,:3548035728_2,-84.2457,-5.0000,100.0000,default,20,rsu(570m),2925,100068,0.0180,570,3.5092,2,2,-84.2457,-101.2354,direct,0.1000,42.0000,-80.7766
409.7,node[15],3,7154.7484,3950.5826,1.8950,24.2324,2.2965,2.6683,:3548035728_2,-80.9770,-4.9162,100.0000,default,20,rsu(570m),2926,100120,0.0187,570,3.5126,2,2,-80.9770,-97.9667,direct,0.1000,42.0000,-80.9485
409.8,node[15],3,7152.5770,3949.4734,1.8950,24.3881,1.5563,2.6693,-831179687#39,-79.9597,-2.9618,100.0000,default,20,rsu(571m),2927,100174,0.0483,571,3.5159,3,4,-79.9597,-96.9494,direct,0.1000,42.4000,-81.1172
409.9,node[15],3,7150.3928,3948.3539,1.8950,24.5405,1.5242,2.6686,-831179687#39,-83.3781,-5.0000,100.0000,default,20,rsu(571m),2928,100227,0.0180,571,3.5128,2,2,-83.3781,-100.3678,direct,0.1000,42.4000,-81.2826
410,node[15],3,7148.1895,3947.2246,1.8950,24.7552,2.1472,2.6680,-831179687#39,-80.0698,-5.0000,100.0000,default,20,rsu(572m),2929,100279,0.0180,572,3.5169,2,2,-80.0698,-97.0595,direct,0.1000,42.0000,-81.4445
410.1,node[15],3,7145.9711,3946.0876,1.8950,24.9246,1.6939,2.6680,-831179687#39,-79.3497,-4.8561,100.0000,default,20,rsu(572m),2930,100332,0.0193,572,3.5155,2,2,-79.3497,-96.3394,direct,0.1000,42.0000,-81.6021
410.2,node[15],3,7143.7338,3944.9409,1.8950,25.1371,2.1254,2.6680,-831179687#39,-78.9657,-1.4922,100.0000,default,20,rsu(573m),2931,100385,0.0957,573,3.5186,3,4,-78.9657,-95.9554,direct,0.1000,42.4000,-81.7551
410.3,node[15],3,7141.4786,3943.7850,1.8950,25.3376,2.0048,2.6680,-831179687#39,-77.5676,1.0146,100.0000,default,20,rsu(573m),2932,100439,0.2704,573,3.5093,5,8,-77.5676,-94.5573,direct,0.1000,42.4000,-81.9039
410.4,node[15],3,7139.2063,3942.6203,1.8950,25.5304,1.9282,2.6680,-831179687#39,-82.4312,-5.0000,100.0000,default,20,rsu(574m),2933,100492,0.0180,574,3.5133,2,2,-82.4312,-99.4209,direct,0.1000,42.8000,-82.0473
410.5,node[15],3,7136.9162,3941.4466,1.8950,25.7299,1.9945,2.6680,-831179687#39,-79.1034,-1.9271,100.0000,default,20,rsu(575m),2934,100546,0.0785,575,3.5193,3,4,-79.1034,-96.0931,direct,0.1000,42.8000,-82.1855
410.6,node[15],3,7134.6123,3940.2658,1.8950,25.8850,1.5511,2.6680,-831179687#39,-86.7778,-5.0000,100.0000,default,20,rsu(575m),2935,100600,0.0180,575,3.5125,2,2,-86.7778,-103.7675,direct,0.1000,43.2000,-82.3190
410.7,node[15],3,7132.2968,3939.0790,1.8950,26.0161,1.3116,2.6680,-831179687#39,-82.9262,-4.7182,100.0000,default,20,rsu(576m),2936,100654,0.0207,576,3.5112,2,2,-82.9262,-99.9159,direct,0.1000,43.2000,-82.4483
410.8,node[15],3,7129.9669,3937.8848,1.8950,26.1770,1.6088,2.6680,-831179687#39,-78.6023,-2.0148,100.0000,default,20,rsu(576m),2937,100709,0.0753,576,3.5080,3,4,-78.6023,-95.5920,direct,0.1000,43.6000,-82.5721
410.9,node[15],3,7127.6155,3936.6796,1.8950,26.4186,2.4152,2.6680,-831179687#39,-76.8676,-3.0122,100.0000,default,20,rsu(577m),2938,100762,0.0472,577,3.5130,2,2,-76.8676,-93.8573,direct,0.1000,43.6000,-82.6910
411,node[15],3,7125.2410,3935.4626,1.8950,26.6785,2.5990,2.6680,-831179687#39,-81.2175,-5.0000,100.0000,default,20,rsu(578m),2939,100817,0.0180,578,3.5163,2,2,-81.2175,-98.2072,direct,0.1000,43.2000,-82.8054
411.1,node[15],3,7122.8459,3934.2350,1.8950,26.9096,2.3115,2.6680,-831179687#39,-78.4609,-1.7285,100.0000,default,20,rsu(578m),2940,100872,0.0859,578,3.5171,3,4,-78.4609,-95.4506,direct,0.1000,43.2000,-82.9150
411.2,node[15],3,7120.4374,3933.0006,1.8950,27.0607,1.5111,2.6680,-831179687#39,-80.3286,-1.8076,100.0000,default,20,rsu(579m),2941,100926,0.0829,579,3.5104,3,4,-80.3286,-97.3183,direct,0.1000,43.6000,-83.0199
411.3,node[15],3,7118.0150,3931.7590,1.8950,27.2166,1.5591,2.6680,-831179687#39,-79.7070,-4.4379,100.0000,default,20,rsu(580m),2942,100981,0.0237,580,3.5172,2,2,-79.7070,-96.6967,direct,0.1000,43.6000,-83.1199
411.4,node[15],3,7115.5795,3930.5107,1.8950,27.3633,1.4663,2.6680,-831179687#39,-95.2612,-5.0000,100.0000,default,20,rsu(581m),2943,101035,0.0180,581,3.5117,2,2,-95.2612,-112.2509,direct,0.1000,43.6000,-83.2154
411.5,node[15],3,7113.1399,3929.2603,1.8950,27.4105,0.4720,2.6680,-831179687#39,-78.4034,-4.5611,100.0000,default,20,rsu(581m),2944,101089,0.0223,581,3.5193,2,2,-78.4034,-95.3931,direct,0.1000,43.6000,-83.3067
411.6,node[15],3,7110.6971,3928.0083,1.8950,27.4451,0.3467,2.6680,-831179687#39,-85.0482,-5.0000,100.0000,default,20,rsu(582m),2945,101144,0.0180,582,3.5147,2,2,-85.0482,-102.0379,direct,0.1000,43.6000,-83.3945
411.7,node[15],3,7108.2518,3926.7550,1.8950,27.4739,0.2875,2.6680,-831179687#39,-87.7606,-5.0000,100.0000,default,20,rsu(583m),2946,101197,0.0180,583,3.5192,2,2,-87.7606,-104.7503,direct,0.1000,43.6000,-83.4775
411.8,node[15],3,7105.8115,3925.5042,1.8950,27.4184,-0.5545,2.6680,-831179687#39,-78.2515,-3.8823,100.0000,default,20,rsu(584m),2947,101250,0.0310,584,3.5193,2,2,-78.2515,-95.2412,direct,0.1000,42.4000,-83.5563
411.9,node[15],3,7103.3644,3924.2500,1.8950,27.4942,0.7578,2.6680,-831179687#39,-86.2270,-5.0000,100.0000,default,20,rsu(584m),2948,101304,0.0180,584,3.5199,2,2,-86.2270,-103.2167,direct,0.1000,42.4000,-83.6322
412,node[15],3,7100.9191,3922.9967,1.8950,27.4729,-0.2133,2.6680,-831179687#39,-81.8850,-2.6826,100.0000,default,20,rsu(585m),2949,101359,0.0551,585,3.5122,3,4,-81.8850,-98.8747,direct,0.1000,43.6000,-83.7036
412.1,node[15],3,7098.4775,3921.7453,1.8950,27.4326,-0.4032,2.6680,-831179687#39,-78.2662,0.2277,100.0000,default,20,rsu(586m),2950,101413,0.2000,586,3.5174,4,6,-78.2662,-95.2559,direct,0.1000,43.6000,-83.7714
412.2,node[15],3,7096.0329,3920.4924,1.8950,27.4658,0.3319,2.6680,-831179687#39,-82.5819,-5.0000,100.0000,default,20,rsu(587m),2951,101468,0.0180,587,3.5119,2,2,-82.5819,-99.5716,direct,0.1000,43.6000,-83.8365
412.3,node[15],3,7093.5878,3919.2391,1.8950,27.4726,0.0680,2.6680,-831179687#39,-85.2115,-5.0000,100.0000,default,20,rsu(588m),2952,101522,0.0180,588,3.5109,2,2,-85.2115,-102.2012,direct,0.1000,43.6000,-83.8978
412.4,node[15],3,7091.1606,3917.9612,1.8950,27.4350,-0.3758,2.6619,:227589081_0,-79.9501,-0.5986,100.0000,default,20,rsu(589m),2953,101576,0.1419,589,3.5180,4,6,-79.9501,-96.9398,direct,0.1000,43.2000,-83.9566
412.5,node[15],3,7088.7363,3916.6674,1.8950,27.4874,0.5245,2.6528,:227589081_0,-82.3376,-4.8981,100.0000,default,20,rsu(590m),2954,101630,0.0189,590,3.5191,2,2,-82.3376,-99.3273,direct,0.1000,43.2000,-84.0128
412.6,node[15],3,7086.3156,3915.3756,1.8950,27.4462,-0.4127,2.6514,:227589081_0,-83.5114,-5.0000,100.0000,default,20,rsu(590m),2955,101684,0.0180,590,3.5174,2,2,-83.5114,-100.5011,direct,0.1000,43.2000,-84.0660
412.7,node[15],3,7083.8913,3914.0819,1.8950,27.4868,0.4069,2.6514,:227589081_0,-80.3703,-2.1124,100.0000,default,20,rsu(591m),2956,101738,0.0720,591,3.5157,3,4,-80.3703,-97.3600,direct,0.1000,43.2000,-84.1165
412.8,node[15],3,7081.4682,3912.7888,1.8950,27.4734,-0.1342,2.6514,:227589081_0,-79.5413,-1.5060,100.0000,default,21,rsu(592m),2957,101793,0.0951,592,3.5142,3,4,-79.5413,-96.5310,direct,0.1000,43.6000,-84.1087
412.9,node[15],3,7079.0584,3911.4744,1.8950,27.4553,-0.1814,2.6464,-831179687#38,-79.8365,-1.5708,100.0000,default,21,rsu(593m),2958,101848,0.0923,593,3.5133,3,4,-79.8365,-96.8262,direct,0.1000,43.6000,-84.1535
413,node[15],3,7076.6560,3910.1371,1.8950,27.4959,0.4064,2.6366,-831179687#38,-87.5305,-5.0000,100.0000,default,21,rsu(594m),2959,101901,0.0180,594,3.5191,2,2,-87.5305,-104.5202,direct,0.1000,43.2000,-84.1958
413.1,node[15],3,7074.2587,3908.8027,1.8950,27.4375,-0.5841,2.6337,-831179687#38,-80.9675,-2.4278,100.0000,default,21,rsu(595m),2960,101955,0.0622,595,3.5119,3,4,-80.9675,-97.9572,direct,0.1000,43.2000,-84.2357
413.2,node[15],3,7071.8588,3907.4668,1.8950,27.4677,0.3017,2.6337,-831179687#38,-85.0398,-5.0000,100.0000,default,21,rsu(596m),2961,102009,0.0180,596,3.5075,2,2,-85.0398,-102.0295,direct,0.1000,43.2000,-84.2744
413.3,node[15],3,7069.4550,3906.1288,1.8950,27.5114,0.4375,2.6337,-831179687#38,-81.9531,-5.0000,100.0000,default,21,rsu(597m),2962,102064,0.0180,597,3.5079,2,2,-81.9531,-98.9428,direct,0.1000,43.2000,-84.3104
413.4,node[15],3,7067.0565,3904.7937,1.8950,27.4515,-0.5992,2.6337,-831179687#38,-84.2953,-5.0000,100.0000,default,21,rsu(598m),2963,102118,0.0180,598,3.5201,2,2,-84.2953,-101.2850,direct,0.1000,43.6000,-84.3442
413.5,node[15],3,7064.6570,3903.4580,1.8950,27.4625,0.1098,2.6337,-831179687#38,-81.1710,-5.0000,100.0000,default,21,rsu(600m),2964,102173,0.0180,600,3.5131,2,2,-81.1710,-98.1607,direct,0.1000,43.6000,-84.3761
413.6,node[15],3,7062.2628,3902.1253,1.8950,27.4020,-0.6053,2.6337,-831179687#38,-84.6294,-5.0000,100.0000,default,21,rsu(601m),2965,102227,0.0180,601,3.5195,2,2,-84.6294,-101.6191,direct,0.1000,43.6000,-84.4058
413.7,node[15],3,7059.8674,3900.7919,1.8950,27.4164,0.1443,2.6337,-831179687#38,-79.5768,-5.0000,100.0000,default,22,rsu(602m),2966,102280,0.0180,602,3.5200,2,2,-79.5768,-96.5665,direct,0.1000,43.6000,-84.3724
413.8,node[15],3,7057.4637,3899.4539,1.8950,27.5110,0.9458,2.6337,-831179687#38,-81.0483,-2.6952,100.0000,default,22,rsu(603m),2967,102335,0.0548,603,3.5125,3,4,-81.0483,-98.0380,direct,0.1000,43.2000,-84.3997
413.9,node[15],3,7055.0640,3898.1181,1.8950,27.4652,-0.4579,2.6337,-831179687#38,-87.2008,-5.0000,100.0000,default,22,rsu(604m),2968,102390,0.0180,604,3.5139,2,2,-87.2008,-104.1905,direct,0.1000,43.2000,-84.4245
414,node[15],3,7052.6706,3896.7859,1.8950,27.3922,-0.7299,2.6337,-831179687#38,-77.7156,-1.7736,100.0000,default,22,rsu(605m),2969,102444,0.0842,605,3.5076,3,4,-77.7156,-94.7053,direct,0.1000,43.6000,-84.4475
414.1,node[15],3,7050.2697,3895.4494,1.8950,27.4796,0.8744,2.6337,-831179687#38,-78.4118,0.6313,100.0000,default,22,rsu(606m),2970,102497,0.2343,606,3.5073,4,6,-78.4118,-95.4015,direct,0.1000,43.6000,-84.4691
414.2,node[15],3,7047.8689,3894.1130,1.8950,27.4769,-0.0274,2.6337,-831179687#38,-80.2678,-1.8673,100.0000,default,22,rsu(607m),2971,102551,0.0806,607,3.5131,3,4,-80.2678,-97.2575,direct,0.1000,42.8000,-84.4633
414.3,node[15],3,7045.4717,3892.7786,1.8950,27.4374,-0.3948,2.6337,-831179687#38,-84.7108,-5.0000,100.0000,default,22,rsu(608m),2972,102606,0.0180,608,3.5166,2,2,-84.7108,-101.7005,direct,0.1000,42.8000,-84.5103
414.4,node[15],3,7043.0705,3891.4420,1.8950,27.4813,0.4389,2.6337,-831179687#38,-80.9355,-3.7350,100.0000,default,22,rsu(610m),2973,102660,0.0333,610,3.5152,2,2,-80.9355,-97.9252,direct,0.1000,43.6000,-84.5034
414.5,node[15],3,7040.6673,3890.1043,1.8950,27.5053,0.2400,2.6337,-831179687#38,-80.6155,-4.4314,100.0000,default,22,rsu(611m),2974,102714,0.0238,611,3.5153,2,2,-80.6155,-97.6052,direct,0.1000,43.6000,-84.5455
414.6,node[15],3,7038.2634,3888.7661,1.8950,27.5140,0.0872,2.6337,-831179687#38,-83.3094,-4.3100,100.0000,default,22,rsu(612m),2975,102768,0.0252,612,3.5154,2,2,-83.3094,-100.2991,direct,0.1000,43.2000,-84.5612
414.7,node[15],3,7035.8617,3887.4293,1.8950,27.4871,-0.2689,2.6337,-831179687#38,-76.3236,-0.1730,100.0000,default,22,rsu(613m),2976,102823,0.1699,613,3.5148,4,6,-76.3236,-93.3133,direct,0.1000,43.2000,-84.5771
414.8,node[15],3,7033.4639,3886.0946,1.8950,27.4438,-0.4338,2.6337,-831179687#38,-80.9386,-4.5256,100.0000,default,22,rsu(614m),2977,102878,0.0227,614,3.5084,2,2,-80.9386,-97.9283,direct,0.1000,44.0000,-84.5913
414.9,node[15],2,7031.0615,3884.7573,1.8950,27.4958,0.5204,2.6337,-831179687#38,-86.0601,-5.0000,100.0000,default,23,rsu(616m),2978,102931,0.0180,616,3.5115,2,2,-86.0601,-103.0498,direct,0.1000,44.0000,-84.5773
415,node[15],2,7028.6585,3883.4196,1.8950,27.5035,0.0767,2.6337,-831179687#38,-82.1161,-3.8020,100.0000,default,23,rsu(617m),2979,102987,0.0323,617,3.5113,2,2,-82.1161,-99.1058,direct,0.1000,43.6000,-84.6106
415.1,node[15],2,7026.2629,3882.0862,1.8950,27.4180,-0.8551,2.6337,-831179687#38,-82.6174,-5.0000,100.0000,default,23,rsu(618m),2980,103042,0.0180,618,3.5124,2,2,-82.6174,-99.6071,direct,0.1000,43.6000,-84.6030
415.2,node[15],2,7023.8663,3880.7521,1.8950,27.4291,0.1118,2.6337,-831179687#38,-81.3723,-5.0000,100.0000,default,23,rsu(619m),2981,103096,0.0180,619,3.5148,2,2,-81.3723,-98.3620,direct,0.1000,43.6000,-84.5950
415.3,node[15],2,7021.4691,3879.4177,1.8950,27.4366,0.0751,2.6337,-831179687#38,-79.0360,-0.5419,100.0000,default,23,rsu(620m),2982,103150,0.1454,620,3.5171,4,6,-79.0360,-96.0257,direct,0.1000,43.6000,-84.5869
415.4,node[15],2,7019.0731,3878.0840,1.8950,27.4227,-0.1394,2.6337,-831179687#38,-78.6452,-2.7645,100.0000,default,23,rsu(622m),2983,103203,0.0530,622,3.5137,3,4,-78.6452,-95.6349,direct,0.1000,42.8000,-84.5785
415.5,node[15],2,7016.6723,3876.7476,1.8950,27.4782,0.5549,2.6337,-831179687#38,-84.9615,-5.0000,100.0000,default,23,rsu(623m),2984,103259,0.0180,623,3.5085,2,2,-84.9615,-101.9512,direct,0.1000,42.8000,-84.6588
415.6,node[15],2,7014.2468,3875.4562,1.8950,27.4771,-0.0110,2.6439,:227565740_0,-81.4142,-5.0000,100.0000,default,23,rsu(624m),2985,103312,0.0180,624,3.5106,2,2,-81.4142,-98.4039,direct,0.1000,43.6000,-84.6500
415.7,node[15],2,7011.8128,3874.1858,1.8950,27.4503,-0.2675,2.6587,:227565740_0,-87.2413,-5.0000,100.0000,default,23,rsu(625m),2986,103368,0.0180,625,3.5153,2,2,-87.2413,-104.2310,direct,0.1000,43.6000,-84.6720
415.8,node[15],2,7009.3816,3872.9169,1.8950,27.4192,-0.3117,2.6605,:227565740_0,-79.3476,-5.0000,100.0000,default,23,rsu(627m),2987,103423,0.0180,627,3.5143,2,2,-79.3476,-96.3373,direct,0.1000,44.4000,-84.6774
415.9,node[15],2,7006.9506,3871.6481,1.8950,27.4163,-0.0282,2.6605,:227565740_0,-84.9739,-5.0000,100.0000,default,23,rsu(628m),2988,103478,0.0180,628,3.5193,2,2,-84.9739,-101.9636,direct,0.1000,44.4000,-84.6686
416,node[15],2,7004.5113,3870.3749,1.8950,27.5103,0.9396,2.6605,:227565740_0,-82.6708,-5.0000,100.0000,default,23,rsu(629m),2989,103532,0.0180,629,3.5102,2,2,-82.6708,-99.6605,direct,0.1000,43.6000,-84.6592
416.1,node[15],2,7002.0642,3869.1272,1.8950,27.4675,-0.4277,2.6658,-831179687#37,-78.1171,-1.3960,100.0000,default,23,rsu(630m),2990,103586,0.0999,630,3.5134,3,4,-78.1171,-95.1068,direct,0.1000,43.6000,-84.6495
416.2,node[15],2,6999.5941,3867.9201,1.8950,27.4957,0.2816,2.6804,-831179687#37,-82.6436,-4.4066,100.0000,default,23,rsu(632m),2991,103643,0.0240,632,3.5173,2,2,-82.6436,-99.6333,direct,0.1000,44.4000,-84.6922
416.3,node[15],2,6997.1325,3866.7172,1.8950,27.4003,-0.9540,2.6871,-831179687#37,-92.4161,-5.0000,100.0000,default,23,rsu(633m),2992,103698,0.0180,633,3.5109,2,2,-92.4161,-109.4058,direct,0.1000,44.4000,-84.6825
416.4,node[15],2,6994.6652,3865.5115,1.8950,27.4643,0.6403,2.6871,-831179687#37,-80.2255,-4.7492,100.0000,default,23,rsu(634m),2993,103754,0.0203,634,3.5161,2,2,-80.2255,-97.2152,direct,0.1000,44.4000,-84.6725
416.5,node[15],2,6992.1965,3864.3052,1.8950,27.4792,0.1490,2.6871,-831179687#37,-88.8676,-5.0000,100.0000,default,23,rsu(635m),2994,103810,0.0180,635,3.5114,2,2,-88.8676,-105.8573,direct,0.1000,44.4000,-84.6962
416.6,node[15],2,6989.7265,3863.0982,1.8950,27.4943,0.1512,2.6871,-831179687#37,-83.7613,-5.0000,100.0000,default,23,rsu(636m),2995,103867,0.0180,636,3.5122,2,2,-83.7613,-100.7510,direct,0.1000,45.2000,-84.6963
416.7,node[15],2,6987.2621,3861.8939,1.8950,27.4314,-0.6292,2.6871,-831179687#37,-90.4873,-5.0000,100.0000,default,23,rsu(638m),2996,103923,0.0180,638,3.5107,2,2,-90.4873,-107.4770,direct,0.1000,45.2000,-84.6856
416.8,node[15],2,6984.7901,3860.6859,1.8950,27.5171,0.8568,2.6871,-831179687#37,-78.9551,-1.7692,100.0000,default,23,rsu(639m),2997,103978,0.0844,639,3.5101,3,4,-78.9551,-95.9448,direct,0.1000,44.4000,-84.6741
416.9,node[15],2,6982.3223,3859.4800,1.8950,27.4690,-0.4813,2.6871,-831179687#37,-87.0676,-5.0000,100.0000,default,23,rsu(640m),2998,104033,0.0180,640,3.5156,2,2,-87.0676,-104.0573,direct,0.1000,44.4000,-84.6636
417,node[15],2,6979.8524,3858.2731,1.8950,27.4928,0.2382,2.6871,-831179687#37,-85.0871,-5.0000,100.0000,default,23,rsu(642m),2999,104089,0.0180,642,3.5158,2,2,-85.0871,-102.0768,direct,0.1000,44.4000,-84.6901
417.1,node[15],2,6977.3916,3857.0706,1.8950,27.3919,-1.0088,2.6871,-831179687#37,-82.0153,-3.1454,100.0000,default,23,rsu(643m),3000,104144,0.0442,643,3.5100,2,2,-82.0153,-99.0050,direct,0.1000,44.4000,-84.6792
417.2,node[15],2,6974.9248,3855.8651,1.8950,27.4586,0.6670,2.6871,-831179687#37,-89.4213,-5.0000,100.0000,default,23,rsu(644m),3001,104200,0.0180,644,3.5173,2,2,-89.4213,-106.4110,direct,0.1000,44.4000,-84.6670
417.3,node[15],2,6972.4595,3854.6605,1.8950,27.4415,-0.1708,2.6871,-831179687#37,-80.5595,-1.4216,100.0000,default,23,rsu(645m),3002,104255,0.0988,645,3.5171,3,4,-80.5595,-97.5492,direct,0.1000,44.4000,-84.6546
417.4,node[15],2,6969.9956,3853.4564,1.8950,27.4270,-0.1448,2.6871,-831179687#37,-84.3246,-5.0000,100.0000,default,23,rsu(647m),3003,104310,0.0180,647,3.5100,2,2,-84.3246,-101.3143,direct,0.1000,44.0000,-84.6430
417.5,node[15],2,6967.5347,3852.2539,1.8950,27.3918,-0.3520,2.6871,-831179687#37,-79.1322,-4.0645,100.0000,default,23,rsu(648m),3004,104365,0.0284,648,3.5175,2,2,-79.1322,-96.1219,direct,0.1000,44.0000,-84.6720
417.6,node[15],2,6965.0693,3851.0491,1.8950,27.4433,0.5142,2.6871,-831179687#37,-75.8006,1.6015,100.0000,default,23,rsu(649m),3005,104421,0.3320,649,3.5139,5,8,-75.8006,-92.7903,direct,0.1000,44.4000,-84.6675
417.7,node[15],2,6962.6060,3849.8224,1.8950,27.5142,0.7091,2.6829,:227576552_4,-80.3589,-3.0401,100.0000,default,23,rsu(651m),3006,104476,0.0465,651,3.5192,2,2,-80.3589,-97.3486,direct,0.1000,44.4000,-84.6535
417.8,node[15],2,6960.1610,3848.5762,1.8950,27.4278,-0.8633,2.6737,:227576552_4,-83.6109,-5.0000,100.0000,default,23,rsu(652m),3007,104533,0.0180,652,3.5200,2,2,-83.6109,-100.6006,direct,0.1000,44.8000,-84.6556
417.9,node[15],2,6957.7173,3847.3306,1.8950,27.4138,-0.1405,2.6702,:227576552_4,-79.2664,-2.1265,100.0000,default,23,rsu(654m),3008,104590,0.0715,654,3.5112,3,4,-79.2664,-96.2561,direct,0.1000,44.8000,-84.6493
418,node[15],2,6955.2657,3846.0811,1.8950,27.5021,0.8834,2.6702,:227576552_4,-92.4056,-5.0000,100.0000,default,23,rsu(655m),3009,104646,0.0180,655,3.5121,2,2,-92.4056,-109.3953,direct,0.1000,45.2000,-84.6358
418.1,node[15],2,6952.8141,3844.8315,1.8950,27.5021,-0.0002,2.6702,:227576552_4,-87.2506,-5.0000,100.0000,default,23,rsu(656m),3010,104702,0.0180,656,3.5115,2,2,-87.2506,-104.2403,direct,0.1000,45.2000,-84.6220
418.2,node[15],2,6950.3724,3843.5766,1.8950,27.4428,-0.5929,2.6684,-831179687#36,-79.9183,-3.7936,100.0000,default,23,rsu(658m),3011,104759,0.0324,658,3.5095,2,2,-79.9183,-96.9080,direct,0.1000,45.2000,-84.6277
418.3,node[15],2,6947.9488,3842.2837,1.8950,27.4786,0.3576,2.6581,-831179687#36,-77.8097,0.4766,100.0000,default,23,rsu(659m),3012,104815,0.2207,659,3.5124,4,6,-77.8097,-94.7994,direct,0.1000,45.2000,-84.6135
418.4,node[15],2,6945.5277,3840.9922,1.8950,27.4492,-0.2933,2.6516,-831179687#36,-78.9678,-0.7141,100.0000,default,23,rsu(661m),3013,104870,0.1350,661,3.5167,4,6,-78.9678,-95.9575,direct,0.1000,44.4000,-84.5986
418.5,node[15],2,6943.1036,3839.6991,1.8950,27.4832,0.3395,2.6516,-831179687#36,-75.8135,2.2504,100.0000,default,23,rsu(662m),3014,104926,0.4074,662,3.5079,5,8,-75.8135,-92.8032,direct,0.1000,44.4000,-84.6016
418.6,node[15],2,6940.6869,3838.4099,1.8950,27.4006,-0.8255,2.6516,-831179687#36,-83.5414,-5.0000,100.0000,default,23,rsu(664m),3015,104983,0.0180,664,3.5155,2,2,-83.5414,-100.5311,direct,0.1000,45.2000,-84.5931
418.7,node[15],2,6938.2681,3837.1165,1.8950,27.4365,0.3587,2.6510,:227495010_0,-85.5547,-5.0000,100.0000,default,23,rsu(665m),3016,105038,0.0180,665,3.5190,2,2,-85.5547,-102.5444,direct,0.1000,45.2000,-84.5778
418.8,node[15],2,6935.8687,3835.7796,1.8950,27.4525,0.1597,2.6410,:227495010_0,-80.0587,-4.4393,100.0000,default,23,rsu(667m),3017,105094,0.0237,667,3.5094,2,2,-80.0587,-97.0484,direct,0.1000,44.4000,-84.5622
418.9,node[15],2,6933.4696,3834.4429,1.8950,27.4486,-0.0389,2.6333,:227495010_0,-80.2394,-5.0000,100.0000,default,23,rsu(668m),3018,105151,0.0180,668,3.5172,2,2,-80.2394,-97.2291,direct,0.1000,44.4000,-84.5625
419,node[15],2,6931.0738,3833.1081,1.8950,27.4104,-0.3815,2.6333,:227495010_0,-81.8365,-5.0000,100.0000,default,23,rsu(670m),3019,105208,0.0180,670,3.5121,2,2,-81.8365,-98.8262,direct,0.1000,45.6000,-84.5515
419.1,node[15],2,6928.6728,3831.7703,1.8950,27.4708,0.6036,2.6333,:227495010_0,-82.5095,-5.0000,100.0000,default,23,rsu(672m),3020,105264,0.0180,672,3.5193,2,2,-82.5095,-99.4992,direct,0.1000,45.6000,-84.5399
419.2,node[15],2,6926.2701,3830.4316,1.8950,27.4894,0.1858,2.6333,:227495010_0,-85.5613,-5.0000,100.0000,default,23,rsu(673m),3021,105320,0.0180,673,3.5110,2,2,-85.5613,-102.5510,direct,0.1000,44.8000,-84.5276
419.3,node[15],2,6923.8984,3829.0536,1.8950,27.4289,-0.6048,2.6234,-831179687#35,-86.8023,-5.0000,100.0000,default,23,rsu(675m),3022,105376,0.0180,675,3.5097,2,2,-86.8023,-103.7920,direct,0.1000,44.8000,-84.5110
419.4,node[15],2,6921.5241,3827.6663,1.8950,27.4989,0.6996,2.6128,-831179687#35,-85.9726,-5.0000,100.0000,default,23,rsu(676m),3023,105432,0.0180,676,3.5187,2,2,-85.9726,-102.9623,direct,0.1000,44.8000,-84.5025
419.5,node[15],2,6919.1501,3826.2791,1.8950,27.4952,-0.0365,2.6128,-831179687#35,-85.0943,-5.0000,100.0000,default,23,rsu(678m),3024,105487,0.0180,678,3.5078,2,2,-85.0943,-102.0840,direct,0.1000,44.8000,-84.4843
419.6,node[15],2,6916.7752,3824.8915,1.8950,27.5053,0.1011,2.6128,-831179687#35,-84.3506,-5.0000,100.0000,default,23,rsu(680m),3025,105544,0.0180,680,3.5133,2,2,-84.3506,-101.3403,direct,0.1000,44.8000,-84.4757
419.7,node[15],2,6914.4047,3823.5063,1.8950,27.4551,-0.5019,2.6128,-831179687#35,-86.7298,-5.0000,100.0000,default,23,rsu(681m),3026,105599,0.0180,681,3.5095,2,2,-86.7298,-103.7195,direct,0.1000,44.8000,-84.4609
419.8,node[15],2,6912.0341,3822.1211,1.8950,27.4568,0.0163,2.6128,-831179687#35,-84.0499,-5.0000,100.0000,default,23,rsu(683m),3027,105656,0.0180,683,3.5161,2,2,-84.0499,-101.0396,direct,0.1000,44.8000,-84.4467
419.9,node[15],2,6909.6679,3820.7385,1.8950,27.4045,-0.5225,2.6128,-831179687#35,-82.3502,-3.3691,100.0000,default,23,rsu(685m),3028,105713,0.0398,685,3.5106,2,2,-82.3502,-99.3399,direct,0.1000,44.8000,-84.4316
420,node[15],2,6907.2980,3819.3537,1.8950,27.4484,0.4391,2.6128,-831179687#35,-81.1686,-3.2404,100.0000,default,23,rsu(686m),3029,105768,0.0423,686,3.5123,2,2,-81.1686,-98.1583,direct,0.1000,44.8000,-84.4118
420.1,node[15],2,6904.9296,3817.9698,1.8950,27.4302,-0.1822,2.6128,-831179687#35,-76.3691,2.8363,100.0000,default,23,rsu(688m),3030,105824,0.4795,688,3.5088,5,8,-76.3691,-93.3588,direct,0.1000,44.8000,-84.3925
420.2,node[15],2,6902.5589,3816.5845,1.8950,27.4575,0.2724,2.6128,-831179687#35,-81.9109,-4.1453,100.0000,default,23,rsu(690m),3031,105879,0.0273,690,3.5200,2,2,-81.9109,-98.9006,direct,0.1000,44.4000,-84.3830
420.3,node[15],2,6900.1858,3815.1978,1.8950,27.4859,0.2845,2.6128,-831179687#35,-80.8453,-5.0000,100.0000,default,23,rsu(692m),3032,105933,0.0180,692,3.5160,2,2,-80.8453,-97.8350,direct,0.1000,44.4000,-84.3621
420.4,node[15],2,6897.8154,3813.8128,1.8950,27.4534,-0.3253,2.6128,-831179687#35,-81.0106,-3.4169,100.0000,default,23,rsu(693m),3033,105989,0.0388,693,3.5162,2,2,-81.0106,-98.0003,direct,0.1000,44.0000,-84.3489
420.5,node[15],2,6895.4505,3812.4309,1.8950,27.3903,-0.6309,2.6128,-831179687#35,-81.7781,-5.0000,100.0000,default,23,rsu(695m),3034,106045,0.0180,695,3.5198,2,2,-81.7781,-98.7678,direct,0.1000,44.0000,-84.3310
420.6,node[15],2,6893.0793,3811.0454,1.8950,27.4633,0.7301,2.6128,-831179687#35,-81.6913,-3.4209,100.0000,default,23,rsu(697m),3035,106100,0.0388,697,3.5184,2,2,-81.6913,-98.6810,direct,0.1000,44.4000,-84.3094
420.7,node[15],2,6890.7108,3809.6614,1.8950,27.4316,-0.3169,2.6128,-831179687#35,-78.9685,-0.8235,100.0000,default,23,rsu(698m),3036,106157,0.1288,698,3.5135,4,6,-78.9685,-95.9582,direct,0.1000,44.4000,-84.2947
420.8,node[15],2,6888.3399,3808.2760,1.8950,27.4592,0.2763,2.6128,-831179687#35,-84.4739,-5.0000,100.0000,default,23,rsu(700m),3037,106213,0.0180,700,3.5165,2,2,-84.4739,-101.4636,direct,0.1000,45.2000,-84.2726
420.9,node[15],2,6885.9660,3806.8889,1.8950,27.4948,0.3555,2.6128,-831179687#35,-93.2052,-5.0000,100.0000,default,23,rsu(702m),3038,106268,0.0180,702,3.5072,2,2,-93.2052,-110.1949,direct,0.1000,45.2000,-84.2499
421,node[15],2,6883.5958,3805.5038,1.8950,27.4523,-0.4244,2.6128,:701810769_4,-78.9488,-4.6795,100.0000,default,23,rsu(704m),3039,106323,0.0210,704,3.5166,2,2,-78.9488,-95.9385,direct,0.1000,44.0000,-84.2269
421.1,node[15],2,6881.2276,3804.1185,1.8950,27.4395,-0.1280,2.6125,:701810769_4,-76.0484,2.2302,100.0000,default,23,rsu(705m),3040,106379,0.4049,705,3.5112,5,8,-76.0484,-93.0381,direct,0.1000,44.0000,-84.2148
421.2,node[15],2,6878.8591,3802.7331,1.8950,27.4426,0.0302,2.6123,:701810769_4,-86.0530,-5.0000,100.0000,default,23,rsu(707m),3041,106436,0.0180,707,3.5158,2,2,-86.0530,-103.0427,direct,0.1000,45.2000,-84.1947
421.3,node[15],2,6876.4935,3801.3493,1.8950,27.4099,-0.3263,2.6123,:701810769_4,-77.2784,1.7948,100.0000,default,23,rsu(709m),3042,106492,0.3537,709,3.5127,5,8,-77.2784,-94.2681,direct,0.1000,45.2000,-84.1730
421.4,node[15],2,6874.1205,3799.9613,1.8950,27.4949,0.8499,2.6123,:701810769_4,-86.6907,-5.0000,100.0000,default,23,rsu(711m),3043,106547,0.0180,711,3.5149,2,2,-86.6907,-103.6804,direct,0.1000,44.4000,-84.1482
421.5,node[15],2,6871.7538,3798.5770,1.8950,27.4211,-0.7386,2.6123,:701810769_4,-78.0409,-0.9518,100.0000,default,23,rsu(713m),3044,106603,0.1218,713,3.5114,4,6,-78.0409,-95.0306,direct,0.1000,44.4000,-84.1242
421.6,node[15],2,6869.3881,3797.1947,1.8950,27.4062,-0.1486,2.6126,-831179687#34,-78.3080,-1.1000,100.0000,default,23,rsu(714m),3045,106658,0.1141,714,3.5089,3,4,-78.3080,-95.2977,direct,0.1000,44.4000,-84.1058
421.7,node[15],2,6867.0135,3795.8076,1.8950,27.5073,1.0109,2.6129,-831179687#34,-80.9981,-5.0000,100.0000,default,23,rsu(716m),3046,106714,0.0180,716,3.5134,2,2,-80.9981,-97.9878,direct,0.1000,44.4000,-84.0799
421.8,node[15],2,6864.6319,3794.4537,1.8950,27.4001,-1.0721,2.6194,:227530598_0,-84.8307,-5.0000,100.0000,default,23,rsu(718m),3047,106772,0.0180,718,3.5125,2,2,-84.8307,-101.8204,direct,0.1000,45.6000,-84.0590
421.9,node[15],2,6862.2096,3793.1665,1.8950,27.4123,0.1218,2.6414,:227530598_0,-81.5582,-3.5732,100.0000,default,23,rsu(720m),3048,106830,0.0360,720,3.5074,2,2,-81.5582,-98.5479,direct,0.1000,45.6000,-84.0345
422,node[15],2,6859.7836,3791.8773,1.8950,27.4559,0.4363,2.6531,:227530598_0,-75.9617,-0.2361,100.0000,default,23,rsu(721m),3049,106888,0.1655,721,3.5129,4,6,-75.9617,-92.9514,direct,0.1000,46.4000,-84.0094
422.1,node[15],2,6857.3550,3790.5868,1.8950,27.4839,0.2798,2.6531,:227530598_0,-84.0282,-5.0000,100.0000,default,23,rsu(723m),3050,106945,0.0180,723,3.5166,2,2,-84.0282,-101.0179,direct,0.1000,46.4000,-83.9819
422.2,node[15],2,6854.9268,3789.2965,1.8950,27.4806,-0.0331,2.6531,:227530598_0,-82.1983,-5.0000,100.0000,default,23,rsu(725m),3051,107001,0.0180,725,3.5184,2,2,-82.1983,-99.1880,direct,0.1000,45.2000,-83.9537
422.3,node[15],2,6852.5002,3788.0070,1.8950,27.4613,-0.1930,2.6531,:227530598_0,-86.5298,-5.0000,100.0000,default,23,rsu(727m),3052,107058,0.0180,727,3.5118,2,2,-86.5298,-103.5195,direct,0.1000,45.2000,-83.9306
422.4,node[15],2,6850.0250,3786.8059,1.8950,27.5137,0.5243,2.6733,-831179687#33,-80.6003,-5.0000,100.0000,default,23,rsu(728m),3053,107116,0.0180,728,3.5132,2,2,-80.6003,-97.5900,direct,0.1000,46.0000,-83.9039
422.5,node[15],2,6847.5562,3785.6191,1.8950,27.3934,-1.2030,2.6935,-831179687#33,-81.4010,-2.8109,100.0000,default,23,rsu(730m),3054,107173,0.0519,730,3.5171,3,4,-81.4010,-98.3907,direct,0.1000,46.0000,-83.8745
422.6,node[15],2,6845.0815,3784.4294,1.8950,27.4586,0.6522,2.6935,-831179687#33,-87.9711,-5.0000,100.0000,default,23,rsu(732m),3055,107229,0.0180,732,3.5081,2,2,-87.9711,-104.9608,direct,0.1000,45.2000,-83.8444
422.7,node[15],2,6842.6041,3783.2385,1.8950,27.4885,0.2993,2.6935,-831179687#33,-85.5064,-5.0000,100.0000,default,23,rsu(733m),3056,107288,0.0180,733,3.5119,2,2,-85.5064,-102.4961,direct,0.1000,45.2000,-83.8189
422.8,node[15],2,6840.1321,3782.0501,1.8950,27.4292,-0.5931,2.6935,-831179687#33,-85.3084,-5.0000,100.0000,default,23,rsu(735m),3057,107347,0.0180,735,3.5137,2,2,-85.3084,-102.2981,direct,0.1000,47.2000,-83.7895
422.9,node[15],2,6837.6586,3780.8610,1.8950,27.4456,0.1635,2.6935,-831179687#33,-82.7524,-4.7350,100.0000,default,23,rsu(737m),3058,107406,0.0205,737,3.5134,2,2,-82.7524,-99.7421,direct,0.1000,47.2000,-83.7595
423,node[15],2,6835.1792,3779.6691,1.8950,27.5113,0.6573,2.6935,-831179687#33,-75.8617,1.1161,100.0000,default,23,rsu(738m),3059,107464,0.2805,738,3.5202,5,8,-75.8617,-92.8514,direct,0.1000,46.8000,-83.7286
423.1,node[15],2,6832.7029,3778.4786,1.8950,27.4771,-0.3417,2.6935,-831179687#33,-87.4735,-5.0000,100.0000,default,23,rsu(740m),3060,107522,0.0180,740,3.5137,2,2,-87.4735,-104.4632,direct,0.1000,46.8000,-83.6959
423.2,node[15],2,6830.2244,3777.2871,1.8950,27.5011,0.2395,2.6935,-831179687#33,-83.5802,-4.7745,100.0000,default,23,rsu(742m),3061,107581,0.0201,742,3.5195,2,2,-83.5802,-100.5699,direct,0.1000,46.8000,-83.6648
423.3,node[15],2,6827.7484,3776.0968,1.8950,27.4733,-0.2779,2.6935,-831179687#33,-87.6937,-5.0000,100.0000,default,23,rsu(744m),3062,107639,0.0180,744,3.5149,2,2,-87.6937,-104.6834,direct,0.1000,46.8000,-83.6316
423.4,node[15],2,6825.2742,3774.9074,1.8950,27.4533,-0.1998,2.6935,-831179687#33,-84.5324,-5.0000,100.0000,default,23,rsu(745m),3063,107696,0.0180,745,3.5127,2,2,-84.5324,-101.5221,direct,0.1000,46.0000,-83.5978
423.5,node[15],2,6822.7943,3773.7152,1.8950,27.5167,0.6335,2.6935,-831179687#33,-85.0656,-5.0000,100.0000,default,23,rsu(747m),3064,107753,0.0180,747,3.5141,2,2,-85.0656,-102.0553,direct,0.1000,46.0000,-83.5627
423.6,node[15],2,6820.3238,3772.5276,1.8950,27.4117,-1.0502,2.6935,-831179687#33,-82.8633,-5.0000,100.0000,default,23,rsu(749m),3065,107810,0.0180,749,3.5150,2,2,-82.8633,-99.8530,direct,0.1000,45.6000,-83.5274
423.7,node[15],2,6817.8482,3771.3375,1.8950,27.4693,0.5764,2.6935,-831179687#33,-85.4233,-5.0000,100.0000,default,23,rsu(751m),3066,107868,0.0180,751,3.5189,2,2,-85.4233,-102.4130,direct,0.1000,45.6000,-83.4923
423.8,node[15],2,6815.3682,3770.1452,1.8950,27.5182,0.4885,2.6935,-831179687#33,-86.8168,-5.0000,100.0000,default,23,rsu(752m),3067,107926,0.0180,752,3.5127,2,2,-86.8168,-103.8065,direct,0.1000,46.4000,-83.4632
423.9,node[15],2,6812.8902,3768.9540,1.8950,27.4950,-0.2318,2.6935,-831179687#33,-85.4484,-5.0000,100.0000,default,23,rsu(754m),3068,107984,0.0180,754,3.5144,2,2,-85.4484,-102.4381,direct,0.1000,46.4000,-83.4292
424,node[15],2,6810.4180,3767.7655,1.8950,27.4310,-0.6400,2.6935,-831179687#33,-83.5317,-4.4778,100.0000,default,23,rsu(756m),3069,108041,0.0232,756,3.5169,2,2,-83.5317,-100.5214,direct,0.1000,46.0000,-83.3951
424.1,node[15],2,6807.9458,3766.5771,1.8950,27.4311,0.0015,2.6935,-831179687#33,-79.2221,-1.0568,100.0000,default,23,rsu(758m),3070,108100,0.1163,758,3.5103,3,4,-79.2221,-96.2118,direct,0.1000,46.0000,-83.3631
424.2,node[15],2,6805.4727,3765.3882,1.8950,27.4416,0.1050,2.6935,-831179687#33,-81.9078,-3.7572,100.0000,default,23,rsu(759m),3071,108158,0.0330,759,3.5174,2,2,-81.9078,-98.8975,direct,0.1000,46.8000,-83.3303
424.3,node[15],2,6803.0034,3764.2011,1.8950,27.3994,-0.4222,2.6935,-831179687#33,-83.2277,-4.6780,100.0000,default,23,rsu(761m),3072,108216,0.0211,761,3.5157,2,2,-83.2277,-100.2174,direct,0.1000,46.8000,-83.2959
424.4,node[15],2,6800.5294,3763.0118,1.8950,27.4507,0.5130,2.6935,-831179687#33,-87.4393,-5.0000,100.0000,default,23,rsu(763m),3073,108274,0.0180,763,3.5072,2,2,-87.4393,-104.4290,direct,0.1000,46.4000,-83.2620
424.5,node[15],2,6798.0523,3761.8209,1.8950,27.4861,0.3546,2.6935,-831179687#33,-78.6107,0.1828,100.0000,default,23,rsu(765m),3074,108332,0.1965,765,3.5201,4,6,-78.6107,-95.6004,direct,0.1000,46.4000,-83.2277
424.6,node[15],2,6795.5824,3760.6335,1.8950,27.4057,-0.8047,2.6935,-831179687#33,-81.3969,-2.9931,100.0000,default,23,rsu(767m),3075,108391,0.0476,767,3.5076,3,4,-81.3969,-98.3866,direct,0.1000,46.8000,-83.1965
424.7,node[15],2,6793.1029,3759.4416,1.8950,27.5120,1.0634,2.6935,-831179687#33,-87.5714,-5.0000,100.0000,default,23,rsu(768m),3076,108450,0.0180,768,3.5081,2,2,-87.5714,-104.5611,direct,0.1000,46.8000,-83.1620
424.8,node[15],2,6790.6336,3758.2545,1.8950,27.3991,-1.1290,2.6935,-831179687#33,-90.7213,-5.0000,100.0000,default,23,rsu(770m),3077,108509,0.0180,770,3.5165,2,2,-90.7213,-107.7110,direct,0.1000,47.2000,-83.1275
424.9,node[15],2,6788.1640,3757.0673,1.8950,27.4018,0.0273,2.6935,-831179687#33,-87.1293,-5.0000,100.0000,default,23,rsu(772m),3078,108566,0.0180,772,3.5202,2,2,-87.1293,-104.1190,direct,0.1000,47.2000,-83.0918
425,node[15],2,6785.7227,3755.8195,1.8950,27.4178,0.1600,2.6801,:227579867_0,-79.1624,-3.7529,100.0000,default,23,rsu(774m),3079,108624,0.0330,774,3.5154,2,2,-79.1624,-96.1521,direct,0.1000,46.0000,-83.0577
425.1,node[15],2,6783.2936,3754.5444,1.8950,27.4285,0.1062,2.6608,:227579867_0,-82.8702,-5.0000,100.0000,default,22,rsu(776m),3080,108683,0.0180,776,3.5112,2,2,-82.8702,-99.8599,direct,0.1000,46.0000,-83.0683
425.2,node[15],2,6780.8606,3753.2672,1.8950,27.4736,0.4513,2.6582,:227579867_0,-96.3357,-5.0000,100.0000,default,22,rsu(778m),3081,108741,0.0180,778,3.5179,2,2,-96.3357,-113.3254,direct,0.1000,46.8000,-83.0322
425.3,node[15],2,6778.4271,3751.9898,1.8950,27.4782,0.0465,2.6582,:227579867_0,-83.1716,-4.3863,100.0000,default,22,rsu(780m),3082,108799,0.0243,780,3.5202,2,2,-83.1716,-100.1613,direct,0.1000,46.8000,-82.9961
425.4,node[15],2,6775.9943,3750.7127,1.8950,27.4720,-0.0626,2.6582,:227579867_0,-80.5003,-5.0000,100.0000,default,22,rsu(782m),3083,108858,0.0180,782,3.5185,2,2,-80.5003,-97.4900,direct,0.1000,46.8000,-82.9619
425.5,node[15],2,6773.5950,3749.3809,1.8950,27.4540,-0.1797,2.6454,-831179687#32,-85.9193,-5.0000,100.0000,default,22,rsu(782m),3084,108915,0.0180,782,3.5112,2,2,-85.9193,-102.9090,direct,0.1000,46.8000,-82.9257
425.6,node[15],2,6771.2168,3748.0231,1.8950,27.4015,-0.5253,2.6260,-831179687#32,-83.3116,-5.0000,100.0000,default,22,rsu(782m),3085,108972,0.0180,782,3.5116,2,2,-83.3116,-100.3013,direct,0.1000,45.6000,-82.8907
425.7,node[15],2,6768.8317,3746.6615,1.8950,27.4799,0.7848,2.6229,-831179687#32,-83.5549,-5.0000,100.0000,default,22,rsu(781m),3086,109032,0.0180,781,3.5100,2,2,-83.5549,-100.5446,direct,0.1000,45.6000,-82.8560
425.8,node[15],2,6766.4540,3745.3041,1.8950,27.3956,-0.8432,2.6229,-831179687#32,-85.1844,-5.0000,100.0000,default,22,rsu(781m),3087,109090,0.0180,781,3.5200,2,2,-85.1844,-102.1741,direct,0.1000,47.2000,-82.8197
425.9,node[15],2,6764.0684,3743.9423,1.8950,27.4802,0.8461,2.6229,:5299213887_4,-81.8644,-5.0000,100.0000,default,22,rsu(780m),3088,109150,0.0180,780,3.5145,2,2,-81.8644,-98.8541,direct,0.1000,47.2000,-82.7849
426,node[15],2,6761.6851,3742.5821,1.8950,27.4334,-0.4681,2.6229,:5299213887_4,-85.2288,-5.0000,100.0000,default,22,rsu(779m),3089,109207,0.0180,779,3.5128,2,2,-85.2288,-102.2185,direct,0.1000,46.8000,-82.7483
426.1,node[15],2,6759.2973,3741.2193,1.8950,27.4853,0.5188,2.6230,:5299213887_4,-86.6885,-5.0000,100.0000,default,22,rsu(779m),3090,109264,0.0180,779,3.5158,2,2,-86.6885,-103.6782,direct,0.1000,46.8000,-82.7116
426.2,node[15],2,6756.9114,3739.8575,1.8950,27.4637,-0.2162,2.6230,:5299213887_4,-86.5103,-5.0000,100.0000,default,23,rsu(778m),3091,109321,0.0180,778,3.5141,2,2,-86.5103,-103.5000,direct,0.1000,45.6000,-82.6331
426.3,node[15],2,6754.5298,3738.4982,1.8950,27.4145,-0.4917,2.6230,:5299213887_4,-81.7694,-5.0000,100.0000,default,23,rsu(778m),3092,109380,0.0180,778,3.5102,2,2,-81.7694,-98.7591,direct,0.1000,45.6000,-82.5985
426.4,node[15],2,6752.1415,3737.1351,1.8950,27.4912,0.7664,2.6230,:5299213887_4,-84.2333,-5.0000,100.0000,default,23,rsu(777m),3093,109438,0.0180,777,3.5073,2,2,-84.2333,-101.2230,direct,0.1000,46.8000,-82.5613
426.5,node[15],2,6749.7550,3735.7722,1.8950,27.4807,-0.1047,2.6228,-831179687#31,-87.8920,-5.0000,100.0000,default,23,rsu(777m),3094,109495,0.0180,777,3.5192,2,2,-87.8920,-104.8817,direct,0.1000,46.8000,-82.5242
426.6,node[15],2,6747.3671,3734.4084,1.8950,27.4964,0.1572,2.6227,-831179687#31,-76.6177,0.6739,100.0000,default,23,rsu(776m),3095,109554,0.2381,776,3.5073,4,6,-76.6177,-93.6074,direct,0.1000,46.4000,-82.4876
426.7,node[15],2,6744.9853,3733.0481,1.8950,27.4274,-0.6905,2.6227,-831179687#31,-86.8399,-5.0000,100.0000,default,23,rsu(776m),3096,109613,0.0180,776,3.5175,2,2,-86.8399,-103.8296,direct,0.1000,46.4000,-82.4503
426.8,node[15],2,6742.6007,3731.6863,1.8950,27.4588,0.3143,2.6227,-831179687#31,-88.5639,-5.0000,100.0000,default,23,rsu(775m),3097,109673,0.0180,775,3.5084,2,2,-88.5639,-105.5536,direct,0.1000,47.6000,-82.4128
426.9,node[15],2,6740.2142,3730.3234,1.8950,27.4799,0.2114,2.6227,-831179687#31,-83.7362,-5.0000,100.0000,default,23,rsu(775m),3098,109729,0.0180,775,3.5197,2,2,-83.7362,-100.7259,direct,0.1000,47.6000,-82.3743
427,node[15],2,6737.8354,3728.9648,1.8950,27.3922,-0.8769,2.6227,-831179687#31,-80.7162,-5.0000,100.0000,default,23,rsu(774m),3099,109787,0.0180,774,3.5123,2,2,-80.7162,-97.7059,direct,0.1000,45.6000,-82.3366
427.1,node[15],2,6735.4548,3727.6052,1.8950,27.4129,0.2062,2.6227,-831179687#31,-89.2136,-5.0000,100.0000,default,23,rsu(774m),3100,109846,0.0180,774,3.5116,2,2,-89.2136,-106.2033,direct,0.1000,45.6000,-82.2997
427.2,node[15],2,6733.0672,3726.2416,1.8950,27.4929,0.8006,2.6227,-831179687#31,-85.5075,-5.0000,100.0000,default,23,rsu(773m),3101,109904,0.0180,773,3.5086,2,2,-85.5075,-102.4972,direct,0.1000,46.8000,-82.2611
427.3,node[15],2,6730.6809,3724.8788,1.8950,27.4788,-0.1410,2.6227,-831179687#31,-76.9090,2.4567,100.0000,default,23,rsu(773m),3102,109963,0.4325,773,3.5139,5,8,-76.9090,-93.8987,direct,0.1000,46.8000,-82.2231
427.4,node[15],2,6728.2982,3723.5180,1.8950,27.4362,-0.4259,2.6227,-831179687#31,-88.1349,-5.0000,100.0000,default,23,rsu(772m),3103,110022,0.0180,772,3.5168,2,2,-88.1349,-105.1246,direct,0.1000,47.2000,-82.1844
427.5,node[15],2,6725.9123,3722.1554,1.8950,27.4743,0.3803,2.6227,-831179687#31,-82.5530,-3.2515,100.0000,default,23,rsu(772m),3104,110080,0.0421,772,3.5199,2,2,-82.5530,-99.5427,direct,0.1000,47.2000,-82.1451
427.6,node[15],2,6723.5277,3720.7935,1.8950,27.4593,-0.1493,2.6227,-831179687#31,-79.3374,-1.9198,100.0000,default,23,rsu(771m),3105,110138,0.0787,771,3.5172,3,4,-79.3374,-96.3271,direct,0.1000,46.4000,-82.1067
427.7,node[15],2,6721.1558,3719.4389,1.8950,27.3120,-1.4730,2.6227,-831179687#31,-82.2909,-3.5945,100.0000,default,23,rsu(771m),3106,110196,0.0357,771,3.5085,2,2,-82.2909,-99.2806,direct,0.1000,46.4000,-82.0675
427.8,node[15],2,6718.8163,3718.1175,1.8950,26.8620,-4.5000,2.6252,:227512667_0,-92.4185,-5.0000,100.0000,default,23,rsu(771m),3107,110254,0.0180,771,3.5074,2,2,-92.4185,-109.4082,direct,0.1000,46.4000,-82.0297
427.9,node[15],2,6716.5151,3716.8197,1.8950,26.4120,-4.5000,2.6281,:227512667_0,-77.4317,-3.3373,100.0000,default,23,rsu(770m),3108,110311,0.0404,770,3.5187,2,2,-77.4317,-94.4214,direct,0.1000,46.4000,-81.9925
428,node[15],2,6714.2524,3715.5437,1.8950,25.9700,-4.4207,2.6281,:227512667_0,-83.4523,-5.0000,100.0000,default,23,rsu(770m),3109,110370,0.0180,770,3.5098,2,2,-83.4523,-100.4420,direct,0.1000,46.4000,-81.9576
428.1,node[15],2,6712.0289,3714.2898,1.8950,25.5200,-4.5000,2.6281,:227512667_0,-95.4865,-5.0000,100.0000,default,22,rsu(770m),3110,110428,0.0180,770,3.5135,2,2,-95.4865,-112.4762,direct,0.1000,46.4000,-81.9577
428.2,node[15],2,6709.8446,3713.0580,1.8950,25.0700,-4.5000,2.6281,:227512667_0,-80.5134,-2.9755,100.0000,default,22,rsu(769m),3111,110487,0.0480,769,3.5102,3,4,-80.5134,-97.5031,direct,0.1000,46.8000,-81.9243
428.3,node[15],2,6707.6963,3711.8502,1.8950,24.6452,-4.2475,2.6288,-831179687#30,-81.1585,-2.7561,100.0000,default,22,rsu(769m),3112,110545,0.0533,769,3.5140,3,4,-81.1585,-98.1482,direct,0.1000,46.8000,-81.8918
428.4,node[15],2,6705.5845,3710.6732,1.8950,24.1952,-4.5000,2.6312,-831179687#30,-84.4409,-5.0000,100.0000,default,22,rsu(769m),3113,110603,0.0180,769,3.5168,2,2,-84.4409,-101.4306,direct,0.1000,46.4000,-81.8610
428.5,node[15],2,6703.5120,3709.5180,1.8950,23.7452,-4.5000,2.6331,-831179687#30,-82.2944,-4.2088,100.0000,default,22,rsu(768m),3114,110663,0.0265,768,3.5108,2,2,-82.2944,-99.2841,direct,0.1000,46.4000,-81.8321
428.6,node[15],2,6701.4773,3708.3852,1.8950,23.2952,-4.5000,2.6333,:5299213884_4,-83.3400,-5.0000,100.0000,default,22,rsu(768m),3115,110720,0.0180,768,3.5132,2,2,-83.3400,-100.3297,direct,0.1000,46.8000,-81.8038
428.7,node[15],2,6699.4808,3707.2745,1.8950,22.8490,-4.4619,2.6337,:5299213884_4,-79.2352,-2.0581,100.0000,default,22,rsu(768m),3116,110779,0.0738,768,3.5126,3,4,-79.2352,-96.2249,direct,0.1000,46.8000,-81.7784
428.8,node[15],2,6697.5236,3706.1856,1.8950,22.3990,-4.5000,2.6339,:5299213884_4,-91.3914,-5.0000,100.0000,default,22,rsu(768m),3117,110838,0.0180,768,3.5074,2,2,-91.3914,-108.3811,direct,0.1000,47.2000,-81.7542
428.9,node[15],2,6695.6057,3705.1186,1.8950,21.9490,-4.5000,2.6339,:5299213884_4,-83.8000,-5.0000,100.0000,default,22,rsu(768m),3118,110897,0.0180,768,3.5123,2,2,-83.8000,-100.7897,direct,0.1000,47.2000,-81.7317
429,node[15],2,6693.7271,3704.0735,1.8950,21.4990,-4.5000,2.6339,:5299213884_4,-82.1737,-5.0000,100.0000,default,22,rsu(767m),3119,110955,0.0180,767,3.5151,2,2,-82.1737,-99.1634,direct,0.1000,46.8000,-81.7102
429.1,node[15],2,6691.8879,3703.0502,1.8950,21.0490,-4.5000,2.6339,:5299213884_4,-91.5687,-5.0000,100.0000,default,22,rsu(767m),3120,111015,0.0180,767,3.5091,2,2,-91.5687,-108.5584,direct,0.1000,46.8000,-81.6924
429.2,node[15],2,6690.0880,3702.0487,1.8950,20.5990,-4.5000,2.6339,-831179687#29,-89.2092,-5.0000,100.0000,default,22,rsu(767m),3121,111075,0.0180,767,3.5129,2,2,-89.2092,-106.1989,direct,0.1000,48.0000,-81.6752
429.3,node[15],2,6688.3278,3701.0680,1.8950,20.1490,-4.5000,2.6336,-831179687#29,-90.2650,-5.0000,100.0000,default,22,rsu(767m),3122,111135,0.0180,767,3.5187,2,2,-90.2650,-107.2547,direct,0.1000,48.0000,-81.6602
429.4,node[15],2,6686.6069,3700.1091,1.8950,19.6990,-4.5000,2.6334,-831179687#29,-82.5027,-5.0000,100.0000,default,22,rsu(767m),3123,111194,0.0180,767,3.5095,2,2,-82.5027,-99.4924,direct,0.1000,47.6000,-81.6475
429.5,node[15],2,6684.9253,3699.1721,1.8950,19.2490,-4.5000,2.6332,-831179687#29,-83.8351,-5.0000,100.0000,default,22,rsu(766m),3124,111254,0.0180,766,3.5073,2,2,-83.8351,-100.8248,direct,0.1000,47.6000,-81.6363
429.6,node[15],2,6683.2830,3698.2570,1.8950,18.7990,-4.5000,2.6332,-831179687#29,-85.2546,-5.0000,100.0000,default,22,rsu(766m),3125,111314,0.0180,766,3.5120,2,2,-85.2546,-102.2443,direct,0.1000,48.0000,-81.6275
429.7,node[15],2,6681.6801,3697.3639,1.8950,18.3490,-4.5000,2.6332,-831179687#29,-85.1098,-5.0000,100.0000,default,22,rsu(766m),3126,111374,0.0180,766,3.5087,2,2,-85.1098,-102.0995,direct,0.1000,48.0000,-81.6207
429.8,node[15],2,6680.1164,3696.4926,1.8950,17.8990,-4.5000,2.6332,-831179687#29,-80.3400,-5.0000,100.0000,default,23,rsu(766m),3127,111433,0.0180,766,3.5167,2,2,-80.3400,-97.3297,direct,0.1000,47.6000,-81.5835
429.9,node[15],2,6678.5921,3695.6432,1.8950,17.4490,-4.5000,2.6332,-831179687#29,-94.6917,-5.0000,100.0000,default,23,rsu(766m),3128,111494,0.0180,766,3.5085,2,2,-94.6917,-111.6814,direct,0.1000,47.6000,-81.5811
430,node[15],2,6677.1070,3694.8158,1.8950,16.9990,-4.5000,2.6332,-831179687#29,-80.1111,-1.1129,100.0000,default,23,rsu(766m),3129,111554,0.1134,766,3.5148,3,4,-80.1111,-97.1008,direct,0.1000,48.4000,-81.5801
430.1,node[15],2,6675.6613,3694.0102,1.8950,16.5490,-4.5000,2.6332,-831179687#29,-84.8775,-5.0000,100.0000,default,23,rsu(766m),3130,111613,0.0180,766,3.5094,2,2,-84.8775,-101.8672,direct,0.1000,48.4000,-81.5811
430.2,node[15],2,6674.2549,3693.2266,1.8950,16.0990,-4.5000,2.6332,-831179687#29,-86.1434,-5.0000,100.0000,default,23,rsu(765m),3131,111672,0.0180,765,3.5125,2,2,-86.1434,-103.1331,direct,0.1000,47.2000,-81.5831
430.3,node[15],2,6672.8878,3692.4648,1.8950,15.6490,-4.5000,2.6332,-831179687#29,-81.0936,-1.9043,100.0000,default,23,rsu(765m),3132,111731,0.0793,765,3.5081,3,4,-81.0936,-98.0833,direct,0.1000,47.2000,-81.5889
430.4,node[15],2,6671.5600,3691.7250,1.8950,15.1990,-4.5000,2.6332,-831179687#29,-88.6644,-5.0000,100.0000,default,23,rsu(765m),3133,111791,0.0180,765,3.5078,2,2,-88.6644,-105.6541,direct,0.1000,47.6000,-81.5942
430.5,node[15],2,6670.2716,3691.0071,1.8950,14.7490,-4.5000,2.6332,-831179687#29,-88.0478,-5.0000,100.0000,default,23,rsu(765m),3134,111850,0.0180,765,3.5140,2,2,-88.0478,-105.0375,direct,0.1000,47.6000,-81.6033
430.6,node[15],2,6669.0224,3690.3110,1.8950,14.2990,-4.5000,2.6332,-831179687#29,-80.3783,-3.8514,100.0000,default,23,rsu(765m),3135,111910,0.0315,765,3.5086,2,2,-80.3783,-97.3680,direct,0.1000,47.6000,-81.6130
430.7,node[15],2,6667.8126,3689.6369,1.8950,13.8490,-4.5000,2.6332,-831179687#29,-81.5694,-4.6223,100.0000,default,23,rsu(765m),3136,111970,0.0216,765,3.5162,2,2,-81.5694,-98.5591,direct,0.1000,47.6000,-81.6238
430.8,node[15],2,6666.6420,3688.9847,1.8950,13.3990,-4.5000,2.6332,-831179687#29,-90.6006,-5.0000,100.0000,default,23,rsu(765m),3137,112028,0.0180,765,3.5164,2,2,-90.6006,-107.5903,direct,0.1000,47.2000,-81.6377
430.9,node[15],2,6665.5108,3688.3544,1.8950,12.9490,-4.5000,2.6332,-831179687#29,-78.9827,0.0069,100.0000,default,23,rsu(765m),3138,112087,0.1829,765,3.5101,4,6,-78.9827,-95.9724,direct,0.1000,47.2000,-81.6522
431,node[15],2,6664.4189,3687.7460,1.8950,12.4990,-4.5000,2.6332,-831179687#29,-79.8078,-0.9532,100.0000,default,23,rsu(765m),3139,112147,0.1217,765,3.5086,4,6,-79.8078,-96.7975,direct,0.1000,47.6000,-81.6685
431.1,node[15],2,6663.3663,3687.1594,1.8950,12.0490,-4.5000,2.6332,-831179687#29,-83.6007,-5.0000,100.0000,default,23,rsu(765m),3140,112206,0.0180,765,3.5114,2,2,-83.6007,-100.5904,direct,0.1000,47.6000,-81.6861
431.2,node[15],2,6662.3530,3686.5948,1.8950,11.5990,-4.5000,2.6332,-831179687#29,-79.8927,-1.6353,100.0000,default,23,rsu(765m),3141,112264,0.0897,765,3.5172,3,4,-79.8927,-96.8824,direct,0.1000,46.8000,-81.7038
431.3,node[15],2,6661.3790,3686.0521,1.8950,11.1490,-4.5000,2.6332,-831179687#29,-78.4735,0.4260,100.0000,default,23,rsu(765m),3142,112324,0.2164,765,3.5128,4,6,-78.4735,-95.4632,direct,0.1000,46.8000,-81.7230
431.4,node[15],2,6660.4444,3685.5314,1.8950,10.6990,-4.5000,2.6332,-831179687#29,-86.9711,-5.0000,100.0000,default,23,rsu(765m),3143,112383,0.0180,765,3.5179,2,2,-86.9711,-103.9608,direct,0.1000,47.6000,-81.7457
431.5,node[15],2,6659.5490,3685.0325,1.8950,10.2490,-4.5000,2.6332,-831179687#29,-84.4751,-5.0000,100.0000,default,23,rsu(764m),3144,112442,0.0180,764,3.5118,2,2,-84.4751,-101.4648,direct,0.1000,47.6000,-81.7669
431.6,node[15],2,6658.6930,3684.5555,1.8950,9.7990,-4.5000,2.6332,-831179687#29,-84.8659,-5.0000,100.0000,default,23,rsu(764m),3145,112503,0.0180,764,3.5118,2,2,-84.8659,-101.8556,direct,0.1000,48.0000,-81.7903
431.7,node[15],2,6657.8762,3684.1004,1.8950,9.3490,-4.5000,2.6332,-831179687#29,-84.9433,-5.0000,100.0000,default,23,rsu(764m),3146,112563,0.0180,764,3.5094,2,2,-84.9433,-101.9330,direct,0.1000,48.0000,-81.8132
431.8,node[15],2,6657.0988,3683.6672,1.8950,8.8990,-4.5000,2.6332,-831179687#29,-82.6613,-5.0000,100.0000,default,23,rsu(764m),3147,112622,0.0180,764,3.5138,2,2,-82.6613,-99.6510,direct,0.1000,47.6000,-81.8367
431.9,node[15],2,6656.3607,3683.2560,1.8950,8.4490,-4.5000,2.6332,-831179687#29,-82.3057,-5.0000,100.0000,default,23,rsu(764m),3148,112681,0.0180,764,3.5112,2,2,-82.3057,-99.2954,direct,0.1000,47.6000,-81.8626
432,node[15],2,6655.6619,3682.8666,1.8950,7.9990,-4.5000,2.6332,-831179687#29,-81.8504,-4.6931,100.0000,default,23,rsu(764m),3149,112740,0.0209,764,3.5103,2,2,-81.8504,-98.8401,direct,0.1000,47.2000,-81.8875
432.1,node[15],2,6655.0024,3682.4991,1.8950,7.5490,-4.5000,2.6332,-831179687#29,-84.2347,-5.0000,100.0000,default,23,rsu(764m),3150,112801,0.0180,764,3.5125,2,2,-84.2347,-101.2244,direct,0.1000,47.2000,-81.9132
432.2,node[15],2,6654.3823,3682.1536,1.8950,7.0990,-4.5000,2.6332,-831179687#29,-75.4956,2.4083,100.0000,default,23,rsu(764m),3151,112861,0.4266,764,3.5180,5,8,-75.4956,-92.4853,direct,0.1000,48.4000,-81.9386
432.3,node[15],2,6653.8014,3681.8299,1.8950,6.6490,-4.5000,2.6332,-831179687#29,-79.8028,-0.8766,100.0000,default,23,rsu(764m),3152,112921,0.1258,764,3.5144,4,6,-79.8028,-96.7925,direct,0.1000,48.4000,-81.9636
432.4,node[15],2,6653.2599,3681.5282,1.8950,6.1990,-4.5000,2.6332,-831179687#29,-81.8702,-5.0000,100.0000,default,23,rsu(764m),3153,112982,0.0180,764,3.5134,2,2,-81.8702,-98.8599,direct,0.1000,48.4000,-81.9891
432.5,node[15],2,6652.7576,3681.2483,1.8950,5.7490,-4.5000,2.6332,-831179687#29,-79.7042,-1.0509,100.0000,default,23,rsu(764m),3154,113043,0.1166,764,3.5182,3,4,-79.7042,-96.6939,direct,0.1000,48.4000,-82.0141
432.6,node[15],2,6652.2947,3680.9904,1.8950,5.2990,-4.5000,2.6332,-831179687#29,-86.7351,-5.0000,100.0000,default,23,rsu(764m),3155,113104,0.0180,764,3.5077,2,2,-86.7351,-103.7248,direct,0.1000,48.8000,-82.0392
432.7,node[15],2,6651.8711,3680.7544,1.8950,4.8490,-4.5000,2.6332,-831179687#29,-81.8804,-3.8016,100.0000,default,23,rsu(764m),3156,113165,0.0323,764,3.5171,2,2,-81.8804,-98.8701,direct,0.1000,48.8000,-82.0640
432.8,node[15],2,6651.4868,3680.5402,1.8950,4.3990,-4.5000,2.6332,-831179687#29,-83.1520,-3.9672,100.0000,default,23,rsu(764m),3157,113223,0.0298,764,3.5084,2,2,-83.1520,-100.1417,direct,0.1000,47.6000,-82.0880
432.9,node[15],2,6651.1418,3680.3480,1.8950,3.9490,-4.5000,2.6332,-831179687#29,-84.4435,-5.0000,100.0000,default,23,rsu(764m),3158,113282,0.0180,764,3.5130,2,2,-84.4435,-101.4332,direct,0.1000,47.6000,-82.1117
433,node[15],2,6650.8362,3680.1777,1.8950,3.4990,-4.5000,2.6332,-831179687#29,-88.2393,-5.0000,100.0000,default,23,rsu(764m),3159,113343,0.0180,764,3.5150,2,2,-88.2393,-105.2290,direct,0.1000,48.0000,-82.1355
433.1,node[15],2,6650.5698,3680.0293,1.8950,3.0490,-4.5000,2.6332,-831179687#29,-79.8667,-4.1709,100.0000,default,23,rsu(764m),3160,113403,0.0270,764,3.5135,2,2,-79.8667,-96.8564,direct,0.1000,48.0000,-82.1583
433.2,node[15],2,6650.3427,3679.9027,1.8950,2.5990,-4.5000,2.6332,-831179687#29,-82.6948,-5.0000,100.0000,default,23,rsu(764m),3161,113463,0.0180,764,3.5112,2,2,-82.6948,-99.6845,direct,0.1000,48.0000,-82.1805
433.3,node[15],2,6650.1550,3679.7981,1.8950,2.1490,-4.5000,2.6332,-831179687#29,-87.6845,-5.0000,100.0000,default,23,rsu(764m),3162,113523,0.0180,764,3.5090,2,2,-87.6845,-104.6742,direct,0.1000,48.0000,-82.2020
433.4,node[15],2,6650.0066,3679.7154,1.8950,1.6990,-4.5000,2.6332,-831179687#29,-81.0692,-5.0000,100.0000,default,23,rsu(764m),3163,113583,0.0180,764,3.5163,2,2,-81.0692,-98.0589,direct,0.1000,48.0000,-82.2225
433.5,node[15],2,6649.8973,3679.6545,1.8950,1.2510,-4.4807,2.6332,-831179687#29,-92.5965,-5.0000,100.0000,default,23,rsu(764m),3164,113642,0.0180,764,3.5176,2,2,-92.5965,-109.5862,direct,0.1000,48.0000,-82.2421
433.6,node[15],2,6649.8270,3679.6154,1.8950,0.8045,-4.4642,2.6332,-831179687#29,-85.5134,-5.0000,100.0000,default,23,rsu(764m),3165,113702,0.0180,764,3.5084,2,2,-85.5134,-102.5031,direct,0.1000,47.6000,-82.2608
433.7,node[15],2,6649.7958,3679.5980,1.8950,0.3576,-4.4696,2.6332,-831179687#29,-88.9285,-5.0000,100.0000,default,23,rsu(764m),3166,113763,0.0180,764,3.5129,2,2,-88.9285,-105.9182,direct,0.1000,47.6000,-82.2783
433.8,node[15],2,6649.7945,3679.5973,1.8950,0.0144,-3.4318,2.6332,-831179687#29,-91.6831,-5.0000,100.0000,default,23,rsu(764m),3167,113824,0.0180,764,3.5112,2,2,-91.6831,-108.6728,direct,0.1000,48.8000,-82.2948
433.9,node[15],2,6649.7945,3679.5973,1.8950,0.0004,-0.1394,2.6332,-831179687#29,-83.3954,-5.0000,100.0000,default,23,rsu(764m),3168,113882,0.0180,764,3.5078,2,2,-83.3954,-100.3851,direct,0.1000,48.8000,-82.3095
434,node[15],2,6649.7945,3679.5973,1.8950,0.0000,-0.0044,2.6332,-831179687#29,-82.6954,-5.0000,100.0000,default,23,rsu(764m),3169,113943,0.0180,764,3.5192,2,2,-82.6954,-99.6851,direct,0.1000,47.6000,-82.3224
434.1,node[15],2,6649.7945,3679.5973,1.8950,0.0000,-0.0001,2.6332,-831179687#29,-88.0994,-5.0000,100.0000,default,23,rsu(764m),3170,114003,0.0180,764,3.5140,2,2,-88.0994,-105.0891,direct,0.1000,47.6000,-82.3337
434.2,node[15],2,6649.7945,3679.5973,1.8950,0.0000,0.0000,2.6332,-831179687#29,-77.6446,1.3368,100.0000,default,23,rsu(764m),3171,114061,0.3033,764,3.5156,5,8,-77.6446,-94.6343,direct,0.1000,47.2000,-82.3434
434.3,node[15],2,6649.7945,3679.5973,1.8950,0.0000,0.0000,2.6332,-831179687#29,-84.0979,-5.0000,100.0000,default,23,rsu(764m),3172,114120,0.0180,764,3.5126,2,2,-84.0979,-101.0876,direct,0.1000,47.2000,-82.3514
434.4,node[15],2,6649.7945,3679.5973,1.8950,0.0000,0.0000,2.6332,-831179687#29,-83.0051,-5.0000,100.0000,default,23,rsu(764m),3173,114180,0.0180,764,3.5083,2,2,-83.0051,-99.9948,direct,0.1000,47.6000,-82.3578
434.5,node[15],2,6649.7945,3679.5973,1.8950,0.0000,0.0000,2.6332,-831179687#29,-92.7996,-5.0000,100.0000,default,23,rsu(764m),3174,114240,0.0180,764,3.5127,2,2,-92.7996,-109.7893,direct,0.1000,47.6000,-82.3624
434.6,node[15],2,6649.7945,3679.5973,1.8950,0.0000,0.0000,2.6332,-831179687#29,-83.6228,-5.0000,100.0000,default,23,rsu(764m),3175,114301,0.0180,764,3.5107,2,2,-83.6228,-100.6125,direct,0.1000,48.4000,-82.3657
434.7,node[15],2,6649.7945,3679.5973,1.8950,0.0000,0.0000,2.6332,-831179687#29,-83.1052,-5.0000,100.0000,default,23,rsu(764m),3176,114360,0.0180,764,3.5192,2,2,-83.1052,-100.0949,direct,0.1000,48.4000,-82.3672
434.8,node[15],2,6649.7945,3679.5973,1.8950,0.0000,0.0000,2.6332,-831179687#29,-85.3216,-5.0000,100.0000,default,23,rsu(764m),3177,114419,0.0180,764,3.5147,2,2,-85.3216,-102.3113,direct,0.1000,47.2000,-82.3671
434.9,node[15],2,6649.7945,3679.5973,1.8950,0.0000,0.0000,2.6332,-831179687#29,-84.1980,-5.0000,100.0000,default,23,rsu(764m),3178,114479,0.0180,764,3.5120,2,2,-84.1980,-101.1877,direct,0.1000,47.2000,-82.3652
435,node[15],2,6649.7945,3679.5973,1.8950,0.0000,0.0000,2.6332,-831179687#29,-85.2666,-5.0000,100.0000,default,23,rsu(764m),3179,114538,0.0180,764,3.5137,2,2,-85.2666,-102.2563,direct,0.1000,47.6000,-82.3618
435.1,node[15],2,6649.7945,3679.5973,1.8950,0.0000,0.0000,2.6332,-831179687#29,-83.7869,-5.0000,100.0000,default,23,rsu(764m),3180,114599,0.0180,764,3.5117,2,2,-83.7869,-100.7766,direct,0.1000,47.6000,-82.3568
435.2,node[15],2,6649.7945,3679.5973,1.8950,0.0000,0.0000,2.6332,-831179687#29,-80.1921,-1.7971,100.0000,default,23,rsu(764m),3181,114659,0.0833,764,3.5142,3,4,-80.1921,-97.1818,direct,0.1000,48.4000,-82.3502
435.3,node[15],2,6649.7945,3679.5973,1.8950,0.0000,0.0000,2.6332,-831179687#29,-89.9551,-5.0000,100.0000,default,23,rsu(764m),3182,114718,0.0180,764,3.5124,2,2,-89.9551,-106.9448,direct,0.1000,48.4000,-82.3421
435.4,node[15],2,6649.7945,3679.5973,1.8950,0.0000,0.0000,2.6332,-831179687#29,-80.8781,-1.5635,100.0000,default,23,rsu(764m),3183,114777,0.0926,764,3.5096,3,4,-80.8781,-97.8678,direct,0.1000,47.2000,-82.3322
435.5,node[15],2,6649.7945,3679.5973,1.8950,0.0000,0.0000,2.6332,-831179687#29,-81.6072,-2.4436,100.0000,default,23,rsu(764m),3184,114836,0.0617,764,3.5119,3,4,-81.6072,-98.5969,direct,0.1000,47.2000,-82.3207
435.6,node[15],2,6649.7945,3679.5973,1.8950,0.0000,0.0000,2.6332,-831179687#29,-82.8889,-4.8752,100.0000,default,23,rsu(764m),3185,114896,0.0191,764,3.5137,2,2,-82.8889,-99.8786,direct,0.1000,47.6000,-82.3078
435.7,node[15],2,6649.7945,3679.5973,1.8950,0.0000,0.0000,2.6332,-831179687#29,-80.8746,-2.4752,100.0000,default,23,rsu(764m),3186,114955,0.0608,764,3.5091,3,4,-80.8746,-97.8643,direct,0.1000,47.6000,-82.2932
435.8,node[15],2,6649.7945,3679.5973,1.8950,0.0000,0.0000,2.6332,-831179687#29,-91.4793,-5.0000,100.0000,default,23,rsu(764m),3187,115013,0.0180,764,3.5159,2,2,-91.4793,-108.4690,direct,0.1000,46.8000,-82.2771
435.9,node[15],2,6649.7945,3679.5973,1.8950,0.0000,0.0000,2.6332,-831179687#29,-88.0336,-5.0000,100.0000,default,23,rsu(764m),3188,115072,0.0180,764,3.5198,2,2,-88.0336,-105.0233,direct,0.1000,46.8000,-82.2591
436,node[15],2,6649.7945,3679.5973,1.8950,0.0000,0.0000,2.6332,-831179687#29,-85.6921,-5.0000,100.0000,default,23,rsu(764m),3189,115131,0.0180,764,3.5086,2,2,-85.6921,-102.6818,direct,0.1000,47.2000,-82.2397
436.1,node[15],2,6649.7945,3679.5973,1.8950,0.0000,0.0000,2.6332,-831179687#29,-81.6776,-5.0000,100.0000,default,23,rsu(764m),3190,115190,0.0180,764,3.5157,2,2,-81.6776,-98.6673,direct,0.1000,47.2000,-82.2183
436.2,node[15],2,6649.7945,3679.5973,1.8950,0.0000,0.0000,2.6332,-831179687#29,-79.1394,-3.3904,100.0000,default,23,rsu(764m),3191,115250,0.0393,764,3.5198,2,2,-79.1394,-96.1291,direct,0.1000,47.6000,-82.1951
436.3,node[15],2,6649.7945,3679.5973,1.8950,0.0000,0.0000,2.6332,-831179687#29,-81.1283,-2.7862,100.0000,default,23,rsu(764m),3192,115309,0.0525,764,3.5175,3,4,-81.1283,-98.1180,direct,0.1000,47.6000,-82.1704
436.4,node[15],2,6649.7945,3679.5973,1.8950,0.0000,0.0000,2.6332,-831179687#29,-83.2432,-5.0000,100.0000,default,23,rsu(764m),3193,115367,0.0180,764,3.5187,2,2,-83.2432,-100.2329,direct,0.1000,46.8000,-82.1440
436.5,node[15],2,6649.7945,3679.5973,1.8950,0.0000,0.0000,2.6332,-831179687#29,-81.4318,-2.3165,100.0000,default,23,rsu(764m),3194,115425,0.0655,764,3.5128,3,4,-81.4318,-98.4215,direct,0.1000,46.8000,-82.1158
436.6,node[15],2,6649.7945,3679.5973,1.8950,0.0000,0.0000,2.6332,-831179687#29,-85.1010,-5.0000,100.0000,default,23,rsu(764m),3195,115482,0.0180,764,3.5164,2,2,-85.1010,-102.0907,direct,0.1000,46.0000,-82.0858
436.7,node[15],2,6649.7945,3679.5973,1.8950,0.0000,0.0000,2.6332,-831179687#29,-78.7081,-4.1077,100.0000,default,23,rsu(764m),3196,115540,0.0278,764,3.5178,2,2,-78.7081,-95.6978,direct,0.1000,46.0000,-82.0539
436.8,node[15],2,6649.7945,3679.5973,1.8950,0.0000,0.0000,2.6332,-831179687#29,-91.2477,-5.0000,100.0000,default,23,rsu(764m),3197,115598,0.0180,764,3.5106,2,2,-91.2477,-108.2374,direct,0.1000,46.4000,-82.0203
436.9,node[15],2,6649.7945,3679.5973,1.8950,0.0000,0.0000,2.6332,-831179687#29,-84.1118,-5.0000,100.0000,default,23,rsu(764m),3198,115657,0.0180,764,3.5165,2,2,-84.1118,-101.1015,direct,0.1000,46.4000,-81.9847
437,node[15],2,6649.7945,3679.5973,1.8950,0.0000,0.0000,2.6332,-831179687#29,-80.8868,-3.3524,100.0000,default,23,rsu(764m),3199,115716,0.0401,764,3.5082,2,2,-80.8868,-97.8765,direct,0.1000,47.2000,-81.9470
437.1,node[15],2,6649.7945,3679.5973,1.8950,0.0000,0.0000,2.6332,-831179687#29,-79.7738,-3.6841,100.0000,default,23,rsu(764m),3200,115774,0.0342,764,3.5141,2,2,-79.7738,-96.7635,direct,0.1000,47.2000,-81.9072
437.2,node[15],2,6649.7945,3679.5973,1.8950,0.0000,0.0000,2.6332,-831179687#29,-82.6909,-5.0000,100.0000,default,23,rsu(764m),3201,115833,0.0180,764,3.5134,2,2,-82.6909,-99.6806,direct,0.1000,46.8000,-81.8657
437.3,node[15],2,6649.7945,3679.5973,1.8950,0.0000,0.0000,2.6332,-831179687#29,-86.2768,-5.0000,100.0000,default,23,rsu(764m),3202,115892,0.0180,764,3.5104,2,2,-86.2768,-103.2665,direct,0.1000,46.8000,-81.8224
437.4,node[15],2,6649.7945,3679.5973,1.8950,0.0000,0.0000,2.6332,-831179687#29,-85.9742,-5.0000,100.0000,default,23,rsu(764m),3203,115949,0.0180,764,3.5122,2,2,-85.9742,-102.9639,direct,0.1000,46.4000,-81.7765
437.5,node[15],2,6649.7945,3679.5973,1.8950,0.0000,0.0000,2.6332,-831179687#29,-87.1272,-5.0000,100.0000,default,23,rsu(764m),3204,116007,0.0180,764,3.5118,2,2,-87.1272,-104.1169,direct,0.1000,46.4000,-81.7289
437.6,node[15],2,6649.7945,3679.5973,1.8950,0.0000,0.0000,2.6332,-831179687#29,-87.6686,-5.0000,100.0000,default,23,rsu(764m),3205,116066,0.0180,764,3.5115,2,2,-87.6686,-104.6583,direct,0.1000,46.8000,-81.6794
437.7,node[15],2,6649.7945,3679.5973,1.8950,0.0000,0.0000,2.6332,-831179687#29,-81.2843,-2.5510,100.0000,default,23,rsu(764m),3206,116125,0.0587,764,3.5088,3,4,-81.2843,-98.2740,direct,0.1000,46.8000,-81.6274
437.8,node[15],2,6649.7945,3679.5973,1.8950,0.0000,0.0000,2.6332,-831179687#29,-86.4022,-5.0000,100.0000,default,23,rsu(764m),3207,116185,0.0180,764,3.5184,2,2,-86.4022,-103.3919,direct,0.1000,47.6000,-81.5732
437.9,node[15],2,6649.7945,3679.5973,1.8950,0.0000,0.0000,2.6332,-831179687#29,-86.7316,-5.0000,100.0000,default,23,rsu(764m),3208,116244,0.0180,764,3.5076,2,2,-86.7316,-103.7213,direct,0.1000,47.6000,-81.5170
438,node[15],2,6649.7945,3679.5973,1.8950,0.0000,0.0000,2.6332,-831179687#29,-82.5130,-5.0000,100.0000,default,23,rsu(764m),3209,116303,0.0180,764,3.5135,2,2,-82.5130,-99.5027,direct,0.1000,47.2000,-81.4587
438.1,node[15],2,6649.7945,3679.5973,1.8950,0.0000,0.0000,2.6332,-831179687#29,-77.3841,-1.7098,100.0000,default,23,rsu(764m),3210,116362,0.0867,764,3.5126,3,4,-77.3841,-94.3738,direct,0.1000,47.2000,-81.3978
438.2,node[15],2,6649.7945,3679.5973,1.8950,0.0000,0.0000,2.6332,-831179687#29,-86.6853,-5.0000,100.0000,default,23,rsu(764m),3211,116420,0.0180,764,3.5093,2,2,-86.6853,-103.6750,direct,0.1000,46.8000,-81.3346
438.3,node[15],2,6649.7945,3679.5973,1.8950,0.0000,0.0000,2.6332,-831179687#29,-83.3951,-5.0000,100.0000,default,23,rsu(764m),3212,116479,0.0180,764,3.5136,2,2,-83.3951,-100.3848,direct,0.1000,46.8000,-81.2687
438.4,node[15],2,6649.7945,3679.5973,1.8950,0.0000,0.0000,2.6332,-831179687#29,-79.0389,-2.8890,100.0000,default,23,rsu(764m),3213,116537,0.0500,764,3.5198,3,4,-79.0389,-96.0286,direct,0.1000,46.8000,-81.2004
438.5,node[15],2,6649.7945,3679.5973,1.8950,0.0000,0.0000,2.6332,-831179687#29,-84.4584,-5.0000,100.0000,default,23,rsu(764m),3214,116594,0.0180,764,3.5200,2,2,-84.4584,-101.4481,direct,0.1000,46.8000,-81.1290
438.6,node[15],2,6649.7945,3679.5973,1.8950,0.0000,0.0000,2.6332,-831179687#29,-88.0673,-5.0000,100.0000,default,23,rsu(764m),3215,116653,0.0180,764,3.5133,2,2,-88.0673,-105.0570,direct,0.1000,46.4000,-81.0558
438.7,node[15],2,6649.7945,3679.5973,1.8950,0.0000,0.0000,2.6332,-831179687#29,-85.0496,-5.0000,100.0000,default,23,rsu(764m),3216,116712,0.0180,764,3.5198,2,2,-85.0496,-102.0393,direct,0.1000,46.4000,-80.9795
438.8,node[15],2,6649.7945,3679.5973,1.8950,0.0000,0.0000,2.6332,-831179687#29,-82.0240,-5.0000,100.0000,default,23,rsu(764m),3217,116771,0.0180,764,3.5161,2,2,-82.0240,-99.0137,direct,0.1000,47.2000,-80.9007
438.9,node[15],2,6649.7945,3679.5973,1.8950,0.0000,0.0000,2.6332,-831179687#29,-80.9007,-2.6584,100.0000,default,23,rsu(764m),3218,116831,0.0558,764,3.5092,3,4,-80.9007,-97.8904,direct,0.1000,47.2000,-80.8183
439,node[15],2,6649.7945,3679.5973,1.8950,0.0000,0.0000,2.6332,-831179687#29,-79.9456,-3.5047,100.0000,default,23,rsu(764m),3219,116889,0.0372,764,3.5122,2,2,-79.9456,-96.9353,direct,0.1000,47.2000,-80.7332
439.1,node[15],2,6649.7945,3679.5973,1.8950,0.0000,0.0000,2.6332,-831179687#29,-88.4642,-5.0000,100.0000,default,23,rsu(764m),3220,116949,0.0180,764,3.5127,2,2,-88.4642,-105.4539,direct,0.1000,47.2000,-80.6449
439.2,node[15],2,6649.7945,3679.5973,1.8950,0.0000,0.0000,2.6332,-831179687#29,-81.4444,-5.0000,100.0000,default,23,rsu(764m),3221,117005,0.0180,764,3.5191,2,2,-81.4444,-98.4341,direct,0.1000,46.4000,-80.5540
439.3,node[15],2,6649.7945,3679.5973,1.8950,0.0000,0.0000,2.6332,-831179687#29,-82.2357,-5.0000,100.0000,default,23,rsu(764m),3222,117062,0.0180,764,3.5098,2,2,-82.2357,-99.2254,direct,0.1000,46.4000,-80.4593
439.4,node[15],2,6649.7945,3679.5973,1.8950,0.0000,0.0000,2.6332,-831179687#29,-82.3114,-3.3885,100.0000,default,23,rsu(764m),3223,117119,0.0394,764,3.5191,2,2,-82.3114,-99.3011,direct,0.1000,45.6000,-80.3611
439.5,node[15],2,6649.7945,3679.5973,1.8950,0.0000,0.0000,2.6332,-831179687#29,-78.5495,-4.4220,100.0000,default,23,rsu(764m),3224,117177,0.0239,764,3.5100,2,2,-78.5495,-95.5392,direct,0.1000,45.6000,-80.2598
439.6,node[15],2,6649.7945,3679.5973,1.8950,0.0000,0.0000,2.6332,-831179687#29,-79.6920,-2.2353,100.0000,default,23,rsu(764m),3225,117232,0.0680,764,3.5131,3,4,-79.6920,-96.6817,direct,0.1000,45.2000,-80.1547
439.7,node[15],2,6649.7945,3679.5973,1.8950,0.0000,0.0000,2.6332,-831179687#29,-83.2795,-5.0000,100.0000,default,23,rsu(764m),3226,117286,0.0180,764,3.5139,2,2,-83.2795,-100.2692,direct,0.1000,45.2000,-80.0464
439.8,node[15],2,6649.7945,3679.5973,1.8950,0.0000,0.0000,2.6332,-831179687#29,-80.1322,-2.5453,100.0000,default,23,rsu(764m),3227,117341,0.0588,764,3.5077,3,4,-80.1322,-97.1219,direct,0.1000,43.6000,-79.9340
439.9,node[15],2,6649.7945,3679.5973,1.8950,0.0000,0.0000,2.6332,-831179687#29,-98.2243,-5.0000,100.0000,default,23,rsu(764m),3228,117397,0.0180,764,3.5112,2,2,-98.2243,-115.2140,direct,0.1000,43.6000,-79.8171
440,node[15],2,6649.7945,3679.5973,1.8950,0.0000,0.0000,2.6332,-831179687#29,-90.8460,-5.0000,100.0000,default,23,rsu(764m),3229,117453,0.0180,764,3.5123,2,2,-90.8460,-107.8357,direct,0.1000,44.8000,-79.6961
440.1,node[15],2,6649.7945,3679.5973,1.8950,0.0000,0.0000,2.6332,-831179687#29,-83.6699,-5.0000,100.0000,default,23,rsu(764m),3230,117511,0.0180,764,3.5181,2,2,-83.6699,-100.6596,direct,0.1000,44.8000,-79.5716
440.2,node[15],2,6649.7945,3679.5973,1.8950,0.0000,0.0000,2.6332,-831179687#29,-82.9588,-4.5355,100.0000,default,23,rsu(764m),3231,117567,0.0226,764,3.5193,2,2,-82.9588,-99.9485,direct,0.1000,45.6000,-79.4427
440.3,node[15],2,6649.7945,3679.5973,1.8950,0.0000,0.0000,2.6332,-831179687#29,-84.1111,-5.0000,100.0000,default,23,rsu(764m),3232,117624,0.0180,764,3.5154,2,2,-84.1111,-101.1008,direct,0.1000,45.6000,-79.3095
440.4,node[15],2,6649.7945,3679.5973,1.8950,0.0000,0.0000,2.6332,-831179687#29,-89.4344,-5.0000,100.0000,default,23,rsu(764m),3233,117680,0.0180,764,3.5098,2,2,-89.4344,-106.4241,direct,0.1000,45.2000,-79.1707
440.5,node[15],2,6649.7945,3679.5973,1.8950,0.0000,0.0000,2.6332,-831179687#29,-86.6744,-5.0000,100.0000,default,23,rsu(764m),3234,117737,0.0180,764,3.5078,2,2,-86.6744,-103.6641,direct,0.1000,45.2000,-79.0270
440.6,node[15],2,6649.7945,3679.5973,1.8950,0.0000,0.0000,2.6332,-831179687#29,-79.0919,-2.0590,100.0000,default,23,rsu(764m),3235,117793,0.0738,764,3.5156,3,4,-79.0919,-96.0816,direct,0.1000,45.2000,-78.8789
440.7,node[15],2,6649.7945,3679.5973,1.8950,0.0000,0.0000,2.6332,-831179687#29,-84.7903,-5.0000,100.0000,default,23,rsu(764m),3236,117850,0.0180,764,3.5162,2,2,-84.7903,-101.7800,direct,0.1000,45.2000,-78.7252
440.8,node[15],2,6649.7945,3679.5973,1.8950,0.0000,0.0000,2.6332,-831179687#29,-79.8744,-1.0918,100.0000,default,23,rsu(764m),3237,117907,0.1145,764,3.5108,3,4,-79.8744,-96.8641,direct,0.1000,45.6000,-78.5650
440.9,node[15],2,6649.7945,3679.5973,1.8950,0.0000,0.0000,2.6332,-831179687#29,-97.7348,-5.0000,100.0000,default,23,rsu(764m),3238,117964,0.0180,764,3.5180,2,2,-97.7348,-114.7245,direct,0.1000,45.6000,-78.3999
441,node[15],2,6649.7945,3679.5973,1.8950,0.0000,0.0000,2.6332,-831179687#29,-87.4351,-5.0000,100.0000,default,23,rsu(764m),3239,118022,0.0180,764,3.5176,2,2,-87.4351,-104.4248,direct,0.1000,46.0000,-78.2288
441.1,node[15],2,6649.7945,3679.5973,1.8950,0.0000,0.0000,2.6332,-831179687#29,-79.5216,-4.3887,100.0000,default,22,rsu(764m),3240,118079,0.0243,764,3.5127,2,2,-79.5216,-96.5113,direct,0.1000,46.0000,-78.0644
441.2,node[15],2,6649.7945,3679.5973,1.8950,0.0000,0.0000,2.6332,-831179687#29,-87.0449,-5.0000,100.0000,default,22,rsu(764m),3241,118137,0.0180,764,3.5125,2,2,-87.0449,-104.0346,direct,0.1000,46.0000,-77.8798
441.3,node[15],2,6649.7945,3679.5973,1.8950,0.0000,0.0000,2.6332,-831179687#29,-87.1576,-5.0000,100.0000,default,22,rsu(764m),3242,118193,0.0180,764,3.5101,2,2,-87.1576,-104.1473,direct,0.1000,46.0000,-77.6883
441.4,node[15],2,6649.7945,3679.5973,1.8950,0.0000,0.0000,2.6332,-831179687#29,-74.9124,3.9538,100.0000,default,22,rsu(764m),3243,118251,0.6170,764,3.5160,6,10,-74.9124,-91.9021,direct,0.1000,45.6000,-77.4892
441.5,node[15],2,6649.7945,3679.5973,1.8950,0.0000,0.0000,2.6332,-831179687#29,-83.0266,-5.0000,100.0000,default,22,rsu(764m),3244,118309,0.0180,764,3.5161,2,2,-83.0266,-100.0163,direct,0.1000,45.6000,-77.2822
441.6,node[15],2,6649.7945,3679.5973,1.8950,0.0000,0.0000,2.6332,-831179687#29,-83.4520,-5.0000,100.0000,default,22,rsu(764m),3245,118367,0.0180,764,3.5163,2,2,-83.4520,-100.4417,direct,0.1000,46.4000,-77.0672
441.7,node[15],2,6649.7945,3679.5973,1.8950,0.0000,0.0000,2.6332,-831179687#29,-89.8103,-5.0000,100.0000,default,22,rsu(764m),3246,118423,0.0180,764,3.5084,2,2,-89.8103,-106.8000,direct,0.1000,46.4000,-76.8444
441.8,node[15],2,6649.7945,3679.5973,1.8950,0.0000,0.0000,2.6332,-831179687#29,-86.0769,-5.0000,100.0000,default,22,rsu(764m),3247,118480,0.0180,764,3.5144,2,2,-86.0769,-103.0666,direct,0.1000,45.2000,-76.6136
441.9,node[15],2,6649.7945,3679.5973,1.8950,0.0000,0.0000,2.6332,-831179687#29,-79.5559,-3.4418,100.0000,default,22,rsu(764m),3248,118536,0.0384,764,3.5197,2,2,-79.5559,-96.5456,direct,0.1000,45.2000,-76.3724
442,node[15],2,6649.7945,3679.5973,1.8950,0.0000,0.0000,2.6332,-831179687#29,-83.9028,-5.0000,100.0000,default,22,rsu(764m),3249,118593,0.0180,764,3.5085,2,2,-83.9028,-100.8925,direct,0.1000,45.2000,-76.1213
442.1,node[15],2,6649.7945,3679.5973,1.8950,0.0000,0.0000,2.6332,-831179687#29,-86.7416,-5.0000,100.0000,default,22,rsu(764m),3250,118651,0.0180,764,3.5116,2,2,-86.7416,-103.7313,direct,0.1000,45.2000,-75.8593
442.2,node[15],2,6649.7945,3679.5973,1.8950,0.0000,0.0000,2.6332,-831179687#29,-80.8174,-2.2394,100.0000,default,22,rsu(764m),3251,118708,0.0679,764,3.5176,3,4,-80.8174,-97.8071,direct,0.1000,46.0000,-75.5887
442.3,node[15],2,6649.7945,3679.5973,1.8950,0.0000,0.0000,2.6332,-831179687#29,-84.7429,-5.0000,100.0000,default,22,rsu(764m),3252,118765,0.0180,764,3.5106,2,2,-84.7429,-101.7326,direct,0.1000,46.0000,-75.3048
442.4,node[15],2,6649.7945,3679.5973,1.8950,0.0000,0.0000,2.6332,-831179687#29,-87.5248,-5.0000,100.0000,default,22,rsu(764m),3253,118822,0.0180,764,3.5134,2,2,-87.5248,-104.5145,direct,0.1000,45.6000,-75.0107
442.5,node[15],2,6649.7945,3679.5973,1.8950,0.0000,0.0000,2.6332,-831179687#29,-86.5904,-5.0000,100.0000,default,22,rsu(764m),3254,118880,0.0180,764,3.5114,2,2,-86.5904,-103.5801,direct,0.1000,45.6000,-74.7039
442.6,node[15],2,6649.7945,3679.5973,1.8950,0.0000,0.0000,2.6332,-831179687#29,-90.8192,-5.0000,100.0000,default,22,rsu(764m),3255,118937,0.0180,764,3.5126,2,2,-90.8192,-107.8089,direct,0.1000,46.0000,-74.3826
442.7,node[15],2,6649.7945,3679.5973,1.8950,0.0000,0.0000,2.6332,-831179687#29,-82.0901,-3.0877,100.0000,default,22,rsu(764m),3256,118994,0.0455,764,3.5190,2,2,-82.0901,-99.0798,direct,0.1000,46.0000,-74.0467
442.8,node[15],2,6649.7945,3679.5973,1.8950,0.0000,0.0000,2.6332,-831179687#29,-93.6435,-5.0000,100.0000,default,22,rsu(764m),3257,119052,0.0180,764,3.5112,2,2,-93.6435,-110.6332,direct,0.1000,46.0000,-73.6960
442.9,node[15],2,6649.7945,3679.5973,1.8950,0.0000,0.0000,2.6332,-831179687#29,-79.4548,-3.2786,100.0000,default,22,rsu(764m),3258,119109,0.0415,764,3.5118,2,2,-79.4548,-96.4445,direct,0.1000,46.0000,-73.3288
443,node[15],2,6649.7945,3679.5973,1.8950,0.0000,0.0000,2.6332,-831179687#29,-87.8257,-5.0000,100.0000,default,22,rsu(764m),3259,119164,0.0180,764,3.5125,2,2,-87.8257,-104.8154,direct,0.1000,44.8000,-72.9474
443.1,node[15],2,6649.7945,3679.5973,1.8950,0.0000,0.0000,2.6332,-831179687#29,-84.7603,-5.0000,100.0000,default,22,rsu(764m),3260,119221,0.0180,764,3.5180,2,2,-84.7603,-101.7500,direct,0.1000,44.8000,-72.5461
443.2,node[15],2,6649.7945,3679.5973,1.8950,0.0000,0.0000,2.6332,-831179687#29,-78.2047,-2.5932,100.0000,default,22,rsu(764m),3261,119279,0.0575,764,3.5172,3,4,-78.2047,-95.1944,direct,0.1000,46.0000,-72.1258
443.3,node[15],2,6649.7945,3679.5973,1.8950,0.0000,0.0000,2.6332,-831179687#29,-85.7491,-5.0000,100.0000,default,22,rsu(764m),3262,119337,0.0180,764,3.5148,2,2,-85.7491,-102.7388,direct,0.1000,46.0000,-71.6919
443.4,node[15],2,6649.7945,3679.5973,1.8950,0.0000,0.0000,2.6332,-831179687#29,-85.8518,-5.0000,100.0000,default,22,rsu(764m),3263,119393,0.0180,764,3.5113,2,2,-85.8518,-102.8415,direct,0.1000,45.6000,-71.2537
443.5,node[15],2,6649.7945,3679.5973,1.8950,0.0000,0.0000,2.6332,-831179687#29,-77.6014,-1.8796,100.0000,default,22,rsu(764m),3264,119450,0.0802,764,3.5150,3,4,-77.6014,-94.5911,direct,0.1000,45.6000,-70.8125
443.6,node[15],2,6649.7945,3679.5973,1.8950,0.0000,0.0000,2.6332,-831179687#29,-85.8586,-5.0000,100.0000,default,22,rsu(764m),3265,119506,0.0180,764,3.5161,2,2,-85.8586,-102.8483,direct,0.1000,45.2000,-70.3691
443.7,node[15],2,6649.7945,3679.5973,1.8950,0.0000,0.0000,2.6332,-831179687#29,-100.0638,-5.0000,100.0000,default,22,rsu(764m),3266,119563,0.0180,764,3.5101,2,2,-100.0638,-117.0535,direct,0.1000,45.2000,-69.9263
443.8,node[15],2,6649.7945,3679.5973,1.8950,0.0000,0.0000,2.6332,-831179687#29,-79.9076,-3.2035,100.0000,default,22,rsu(764m),3267,119619,0.0430,764,3.5141,2,2,-79.9076,-96.8973,direct,0.1000,45.2000,-69.4864
443.9,node[15],2,6649.7945,3679.5973,1.8950,0.0000,0.0000,2.6332,-831179687#29,-78.8753,0.2471,100.0000,default,22,rsu(764m),3268,119676,0.2016,764,3.5109,4,6,-78.8753,-95.8650,direct,0.1000,45.2000,-69.0518
444,node[15],2,6649.7945,3679.5973,1.8950,0.0000,0.0000,2.6332,-831179687#29,-81.1186,-5.0000,100.0000,default,22,rsu(764m),3269,119731,0.0180,764,3.5151,2,2,-81.1186,-98.1083,direct,0.1000,44.8000,-68.6253
444.1,node[15],2,6649.7945,3679.5973,1.8950,0.0000,0.0000,2.6332,-831179687#29,-84.0983,-5.0000,100.0000,default,22,rsu(764m),3270,119787,0.0180,764,3.5097,2,2,-84.0983,-101.0880,direct,0.1000,44.8000,-68.2102
444.2,node[15],2,6649.7945,3679.5973,1.8950,0.0000,0.0000,2.6332,-831179687#29,-85.4337,-5.0000,100.0000,default,22,rsu(764m),3271,119844,0.0180,764,3.5175,2,2,-85.4337,-102.4234,direct,0.1000,45.2000,-67.8094
444.3,node[15],2,6649.7945,3679.5973,1.8950,0.0000,0.0000,2.6332,-831179687#29,-82.6839,-5.0000,100.0000,default,22,rsu(764m),3272,119900,0.0180,764,3.5117,2,2,-82.6839,-99.6736,direct,0.1000,45.2000,-67.4264
444.4,node[15],2,6649.7945,3679.5973,1.8950,0.0000,0.0000,2.6332,-831179687#29,-78.9924,0.0480,100.0000,default,22,rsu(764m),3273,119957,0.1860,764,3.5091,4,6,-78.9924,-95.9821,direct,0.1000,45.2000,-67.0645
444.5,node[15],2,6649.7945,3679.5973,1.8950,0.0000,0.0000,2.6332,-831179687#29,-88.4070,-5.0000,100.0000,default,22,rsu(764m),3274,120016,0.0180,764,3.5090,2,2,-88.4070,-105.3967,direct,0.1000,45.2000,-66.7267
444.6,node[15],2,6649.7945,3679.5973,1.8950,0.0000,0.0000,2.6332,-831179687#29,-87.1928,-5.0000,100.0000,default,22,rsu(764m),3275,120071,0.0180,764,3.5166,2,2,-87.1928,-104.1825,direct,0.1000,45.6000,-66.4155
444.7,node[15],2,6649.7945,3679.5973,1.8950,0.0000,0.0000,2.6332,-831179687#29,-81.8717,-5.0000,100.0000,default,22,rsu(764m),3276,120130,0.0180,764,3.5148,2,2,-81.8717,-98.8614,direct,0.1000,45.6000,-66.1332
444.8,node[15],2,6649.7945,3679.5973,1.8950,0.0000,0.0000,2.6332,-831179687#29,-85.5368,-5.0000,100.0000,default,22,rsu(764m),3277,120187,0.0180,764,3.5086,2,2,-85.5368,-102.5265,direct,0.1000,46.4000,-65.9076
444.9,node[15],2,6649.7945,3679.5973,1.8950,0.0000,0.0000,2.6332,-831179687#29,-96.6940,-5.0000,100.0000,default,22,rsu(764m),3278,120245,0.0180,764,3.5118,2,2,-96.6940,-113.6837,direct,0.1000,46.4000,-65.7439
445,node[15],2,6649.7945,3679.5973,1.8950,0.0000,0.0000,2.6332,-831179687#29,-83.1085,-5.0000,100.0000,default,22,rsu(764m),3279,120302,0.0180,764,3.5199,2,2,-83.1085,-100.0982,direct,0.1000,46.0000,-65.6036
445.1,node[15],2,6649.7945,3679.5973,1.8950,0.0000,0.0000,2.6332,-831179687#29,-88.2601,-5.0000,100.0000,default,22,rsu(764m),3280,120360,0.0180,764,3.5174,2,2,-88.2601,-105.2498,direct,0.1000,46.0000,-65.4900
445.2,node[15],2,6649.7945,3679.5973,1.8950,0.0000,0.0000,2.6332,-831179687#29,-89.9499,-5.0000,100.0000,default,22,rsu(764m),3281,120418,0.0180,764,3.5151,2,2,-89.9499,-106.9396,direct,0.1000,46.4000,-65.5278
445.3,node[15],2,6649.7945,3679.5973,1.8950,0.0000,0.0000,2.6332,-831179687#29,-80.5269,-2.7236,100.0000,default,22,rsu(764m),3282,120474,0.0541,764,3.5175,3,4,-80.5269,-97.5166,direct,0.1000,46.4000,-65.6740
445.4,node[15],2,6649.7945,3679.5973,1.8950,0.0000,0.0000,2.6332,-831179687#29,-83.9545,-5.0000,100.0000,default,22,rsu(764m),3283,120531,0.0180,764,3.5199,2,2,-83.9545,-100.9442,direct,0.1000,45.2000,-65.8424
445.5,node[15],2,6649.7945,3679.5973,1.8950,0.0000,0.0000,2.6332,-831179687#29,-80.7345,-2.9551,100.0000,default,22,rsu(764m),3284,120587,0.0484,764,3.5081,3,4,-80.7345,-97.7242,direct,0.1000,45.2000,-66.1188
445.6,node[15],2,6649.7945,3679.5973,1.8950,0.0000,0.0000,2.6332,-831179687#29,-80.7010,-2.6443,100.0000,default,22,rsu(764m),3285,120643,0.0561,764,3.5195,3,4,-80.7010,-97.6907,direct,0.1000,44.8000,-66.4982
445.7,node[15],2,6649.7945,3679.5973,1.8950,0.0000,0.0000,2.6332,-831179687#29,-80.9727,-4.3343,100.0000,default,22,rsu(764m),3286,120699,0.0249,764,3.5147,2,2,-80.9727,-97.9624,direct,0.1000,44.8000,-66.8711
445.8,node[15],2,6649.7945,3679.5973,1.8950,0.0000,0.0000,2.6332,-831179687#29,-83.3032,-5.0000,100.0000,default,22,rsu(764m),3287,120756,0.0180,764,3.5137,2,2,-83.3032,-100.2929,direct,0.1000,45.2000,-67.2550
445.9,node[15],2,6649.7945,3679.5973,1.8950,0.0000,0.0000,2.6332,-831179687#29,-82.0833,-4.4105,100.0000,default,22,rsu(764m),3288,120813,0.0240,764,3.5121,2,2,-82.0833,-99.0730,direct,0.1000,45.2000,-67.6633
446,node[15],2,6649.7945,3679.5973,1.8950,0.0000,0.0000,2.6332,-831179687#29,-81.4178,-5.0000,100.0000,default,22,rsu(764m),3289,120872,0.0180,764,3.5105,2,2,-81.4178,-98.4075,direct,0.1000,46.4000,-68.0527
446.1,node[15],2,6649.7945,3679.5973,1.8950,0.0000,0.0000,2.6332,-831179687#29,-89.3698,-5.0000,100.0000,default,22,rsu(764m),3290,120931,0.0180,764,3.5095,2,2,-89.3698,-106.3595,direct,0.1000,46.4000,-68.4211
446.2,node[15],2,6649.7945,3679.5973,1.8950,0.0000,0.0000,2.6332,-831179687#29,-82.8984,-3.7004,100.0000,default,22,rsu(764m),3291,120989,0.0339,764,3.5080,2,2,-82.8984,-99.8881,direct,0.1000,46.8000,-68.7757
446.3,node[15],2,6649.7945,3679.5973,1.8950,0.0000,0.0000,2.6332,-831179687#29,-87.3803,-5.0000,100.0000,default,22,rsu(764m),3292,121048,0.0180,764,3.5072,2,2,-87.3803,-104.3700,direct,0.1000,46.8000,-69.1289
446.4,node[15],2,6649.7945,3679.5973,1.8950,0.0000,0.0000,2.6332,-831179687#29,-79.3641,-2.9451,100.0000,default,22,rsu(764m),3293,121106,0.0487,764,3.5106,3,4,-79.3641,-96.3538,direct,0.1000,46.8000,-69.4795
446.5,node[15],2,6649.7945,3679.5973,1.8950,0.0000,0.0000,2.6332,-831179687#29,-79.5582,-1.0387,100.0000,default,22,rsu(764m),3294,121164,0.1172,764,3.5090,3,4,-79.5582,-96.5479,direct,0.1000,46.8000,-69.8253
446.6,node[15],2,6649.7945,3679.5973,1.8950,0.0000,0.0000,2.6332,-831179687#29,-85.7608,-5.0000,100.0000,default,22,rsu(764m),3295,121222,0.0180,764,3.5178,2,2,-85.7608,-102.7505,direct,0.1000,46.4000,-70.1684
446.7,node[15],2,6649.7945,3679.5973,1.8950,0.0000,0.0000,2.6332,-831179687#29,-79.2097,-3.6017,100.0000,default,23,rsu(764m),3296,121280,0.0355,764,3.5092,2,2,-79.2097,-96.1994,direct,0.1000,46.4000,-70.5043
446.8,node[15],2,6649.7945,3679.5973,1.8950,0.0000,0.0000,2.6332,-831179687#29,-78.9321,0.4523,100.0000,default,23,rsu(764m),3297,121338,0.2186,764,3.5104,4,6,-78.9321,-95.9218,direct,0.1000,46.4000,-70.8380
446.9,node[15],2,6649.7945,3679.5973,1.8950,0.0000,0.0000,2.6332,-831179687#29,-83.1048,-5.0000,100.0000,default,23,rsu(764m),3298,121395,0.0180,764,3.5183,2,2,-83.1048,-100.0945,direct,0.1000,46.4000,-71.1683
447,node[15],2,6649.7945,3679.5973,1.8950,0.0000,0.0000,2.6332,-831179687#29,-81.8479,-5.0000,100.0000,default,23,rsu(764m),3299,121451,0.0180,764,3.5142,2,2,-81.8479,-98.8376,direct,0.1000,45.2000,-71.4903
447.1,node[15],2,6649.7945,3679.5973,1.8950,0.0000,0.0000,2.6332,-831179687#29,-81.3137,-5.0000,100.0000,default,23,rsu(764m),3300,121508,0.0180,764,3.5135,2,2,-81.3137,-98.3034,direct,0.1000,45.2000,-71.8089
447.2,node[15],2,6649.7945,3679.5973,1.8950,0.0000,0.0000,2.6332,-831179687#29,-81.9653,-4.9354,100.0000,default,23,rsu(764m),3301,121567,0.0186,764,3.5076,2,2,-81.9653,-98.9550,direct,0.1000,46.4000,-72.1198
447.3,node[15],2,6649.7945,3679.5973,1.8950,0.0000,0.0000,2.6332,-831179687#29,-80.2995,-2.1859,100.0000,default,23,rsu(764m),3302,121626,0.0696,764,3.5077,3,4,-80.2995,-97.2892,direct,0.1000,46.4000,-72.4256
447.4,node[15],2,6649.7945,3679.5973,1.8950,0.0000,0.0000,2.6332,-831179687#29,-80.4082,-2.1992,100.0000,default,23,rsu(764m),3303,121684,0.0692,764,3.5157,3,4,-80.4082,-97.3979,direct,0.1000,46.8000,-72.7259
447.5,node[15],2,6649.7945,3679.5973,1.8950,0.0000,0.0000,2.6332,-831179687#29,-84.8513,-5.0000,100.0000,default,23,rsu(764m),3304,121742,0.0180,764,3.5156,2,2,-84.8513,-101.8410,direct,0.1000,46.8000,-73.0215
447.6,node[15],2,6649.7945,3679.5973,1.8950,0.0000,0.0000,2.6332,-831179687#29,-82.3487,-5.0000,100.0000,default,23,rsu(764m),3305,121799,0.0180,764,3.5185,2,2,-82.3487,-99.3384,direct,0.1000,46.0000,-73.3099
447.7,node[15],2,6649.7945,3679.5973,1.8950,0.0000,0.0000,2.6332,-831179687#29,-82.0974,-5.0000,100.0000,default,23,rsu(764m),3306,121857,0.0180,764,3.5143,2,2,-82.0974,-99.0871,direct,0.1000,46.0000,-73.5934
447.8,node[15],2,6649.7945,3679.5973,1.8950,0.0000,0.0000,2.6332,-831179687#29,-98.9939,-5.0000,100.0000,default,23,rsu(764m),3307,121913,0.0180,764,3.5198,2,2,-98.9939,-115.9836,direct,0.1000,45.6000,-73.8708
447.9,node[15],2,6649.7945,3679.5973,1.8950,0.0000,0.0000,2.6332,-831179687#29,-93.1497,-5.0000,100.0000,default,23,rsu(764m),3308,121969,0.0180,764,3.5152,2,2,-93.1497,-110.1394,direct,0.1000,45.6000,-74.1448
448,node[15],2,6649.7945,3679.5973,1.8950,0.0000,0.0000,2.6332,-831179687#29,-81.9701,-5.0000,100.0000,default,23,rsu(764m),3309,122028,0.0180,764,3.5191,2,2,-81.9701,-98.9598,direct,0.1000,46.0000,-74.4137
448.1,node[15],2,6649.7945,3679.5973,1.8950,0.0000,0.0000,2.6332,-831179687#29,-85.8254,-5.0000,100.0000,default,23,rsu(764m),3310,122086,0.0180,764,3.5092,2,2,-85.8254,-102.8151,direct,0.1000,46.0000,-74.6786
448.2,node[15],2,6649.7945,3679.5973,1.8950,0.0000,0.0000,2.6332,-831179687#29,-80.2377,-2.5714,100.0000,default,23,rsu(764m),3311,122142,0.0581,764,3.5109,3,4,-80.2377,-97.2274,direct,0.1000,45.6000,-74.9374
448.3,node[15],2,6649.7945,3679.5973,1.8950,0.0000,0.0000,2.6332,-831179687#29,-86.3777,-5.0000,100.0000,default,24,rsu(764m),3312,122201,0.0180,764,3.5101,2,2,-86.3777,-103.3674,direct,0.1000,45.6000,-75.1837
448.4,node[15],2,6649.7945,3679.5973,1.8950,0.0000,0.0000,2.6332,-831179687#29,-88.0399,-5.0000,100.0000,default,24,rsu(764m),3313,122259,0.0180,764,3.5156,2,2,-88.0399,-105.0296,direct,0.1000,46.8000,-75.4329
448.5,node[15],2,6649.7945,3679.5973,1.8950,0.0000,0.0000,2.6332,-831179687#29,-85.8163,-5.0000,100.0000,default,24,rsu(764m),3314,122316,0.0180,764,3.5142,2,2,-85.8163,-102.8060,direct,0.1000,46.8000,-75.6756
448.6,node[15],2,6649.7945,3679.5973,1.8950,0.0000,0.0000,2.6332,-831179687#29,-78.9446,-0.1707,100.0000,default,24,rsu(764m),3315,122374,0.1700,764,3.5174,4,6,-78.9446,-95.9343,direct,0.1000,46.0000,-75.9135
448.7,node[15],2,6649.7945,3679.5973,1.8950,0.0000,0.0000,2.6332,-831179687#29,-84.8188,-5.0000,100.0000,default,24,rsu(764m),3316,122431,0.0180,764,3.5110,2,2,-84.8188,-101.8085,direct,0.1000,46.0000,-76.1475
448.8,node[15],2,6649.7945,3679.5973,1.8950,0.0000,0.0000,2.6332,-831179687#29,-89.9944,-5.0000,100.0000,default,24,rsu(764m),3317,122487,0.0180,764,3.5197,2,2,-89.9944,-106.9841,direct,0.1000,45.2000,-76.3778
448.9,node[15],2,6649.7945,3679.5973,1.8950,0.0000,0.0000,2.6332,-831179687#29,-78.6037,-4.7826,100.0000,default,24,rsu(764m),3318,122545,0.0200,764,3.5073,2,2,-78.6037,-95.5934,direct,0.1000,45.2000,-76.6032
449,node[15],2,6649.7945,3679.5973,1.8950,0.0000,0.0000,2.6332,-831179687#29,-91.0273,-5.0000,100.0000,default,24,rsu(764m),3319,122603,0.0180,764,3.5161,2,2,-91.0273,-108.0170,direct,0.1000,46.4000,-76.8242
449.1,node[15],2,6649.7945,3679.5973,1.8950,0.0000,0.0000,2.6332,-831179687#29,-91.1046,-5.0000,100.0000,default,24,rsu(764m),3320,122662,0.0180,764,3.5137,2,2,-91.1046,-108.0943,direct,0.1000,46.4000,-77.0416
449.2,node[15],2,6649.7945,3679.5973,1.8950,0.0000,0.0000,2.6332,-831179687#29,-90.6873,-5.0000,100.0000,default,24,rsu(764m),3321,122720,0.0180,764,3.5143,2,2,-90.6873,-107.6770,direct,0.1000,46.8000,-77.2540
449.3,node[15],2,6649.7945,3679.5973,1.8950,0.0000,0.0000,2.6332,-831179687#29,-82.4526,-5.0000,100.0000,default,24,rsu(764m),3322,122774,0.0180,764,3.5072,2,2,-82.4526,-99.4423,direct,0.1000,46.8000,-77.4612
449.4,node[15],2,6649.7945,3679.5973,1.8950,0.0000,0.0000,2.6332,-831179687#29,-81.3391,-3.9127,100.0000,default,24,rsu(764m),3323,122830,0.0306,764,3.5191,2,2,-81.3391,-98.3288,direct,0.1000,44.0000,-77.6641
449.5,node[15],2,6649.7945,3679.5973,1.8950,0.0000,0.0000,2.6332,-831179687#29,-80.8883,-5.0000,100.0000,default,24,rsu(764m),3324,122888,0.0180,764,3.5104,2,2,-80.8883,-97.8780,direct,0.1000,44.0000,-77.8617
449.6,node[15],2,6649.7945,3679.5973,1.8950,0.0000,0.0000,2.6332,-831179687#29,-81.7955,-2.6777,100.0000,default,24,rsu(764m),3325,122945,0.0553,764,3.5125,3,4,-81.7955,-98.7852,direct,0.1000,46.0000,-78.0546
449.7,node[15],2,6649.7945,3679.5973,1.8950,0.0000,0.0000,2.6332,-831179687#29,-83.6379,-5.0000,100.0000,default,24,rsu(764m),3326,123004,0.0180,764,3.5141,2,2,-83.6379,-100.6276,direct,0.1000,46.0000,-78.2439
449.8,node[15],2,6649.7945,3679.5973,1.8950,0.0000,0.0000,2.6332,-831179687#29,-82.0023,-5.0000,100.0000,default,24,rsu(764m),3327,123061,0.0180,764,3.5116,2,2,-82.0023,-98.9920,direct,0.1000,46.4000,-78.4300
449.9,node[15],2,6649.7945,3679.5973,1.8950,0.0000,0.0000,2.6332,-831179687#29,-78.1896,-3.9705,100.0000,default,24,rsu(764m),3328,123117,0.0297,764,3.5092,2,2,-78.1896,-95.1793,direct,0.1000,46.4000,-78.6128
450,node[15],2,6649.7945,3679.5973,1.8950,0.0000,0.0000,2.6332,-831179687#29,-89.8493,-5.0000,100.0000,default,24,rsu(764m),3329,123174,0.0180,764,3.5184,2,2,-89.8493,-106.8390,direct,0.1000,45.2000,-78.7914
450.1,node[15],2,6649.7945,3679.5973,1.8950,0.0000,0.0000,2.6332,-831179687#29,-82.0069,-3.2596,100.0000,default,24,rsu(764m),3330,123231,0.0419,764,3.5173,2,2,-82.0069,-98.9966,direct,0.1000,45.2000,-78.9661
450.2,node[15],2,6649.7721,3679.5848,1.8950,0.2557,2.5571,2.6332,-831179687#29,-84.6829,-5.0000,100.0000,default,24,rsu(764m),3331,123288,0.0180,764,3.5137,2,2,-84.6829,-101.6726,direct,0.1000,45.6000,-79.1340
450.3,node[15],2,6649.7281,3679.5603,1.8950,0.5037,2.4804,2.6332,-831179687#29,-83.2166,-5.0000,100.0000,default,24,rsu(764m),3332,123344,0.0180,764,3.5113,2,2,-83.2166,-100.2063,direct,0.1000,45.6000,-79.2963
450.4,node[15],2,6649.6626,3679.5238,1.8950,0.7499,2.4614,2.6332,-831179687#29,-88.8681,-5.0000,100.0000,default,24,rsu(764m),3333,123403,0.0180,764,3.5093,2,2,-88.8681,-105.8578,direct,0.1000,46.0000,-79.4519
450.5,node[15],2,6649.5786,3679.4770,1.8950,0.9617,2.1181,2.6332,-831179687#29,-81.6079,-5.0000,100.0000,default,24,rsu(764m),3334,123461,0.0180,764,3.5084,2,2,-81.6079,-98.5976,direct,0.1000,46.0000,-79.6029
450.6,node[15],2,6649.4747,3679.4191,1.8950,1.1888,2.2713,2.6332,-831179687#29,-83.5479,-5.0000,100.0000,default,24,rsu(764m),3335,123517,0.0180,764,3.5169,2,2,-83.5479,-100.5376,direct,0.1000,45.6000,-79.7487
450.7,node[15],2,6649.3512,3679.3503,1.8950,1.4136,2.2482,2.6332,-831179687#29,-80.4566,-1.2944,100.0000,default,24,rsu(764m),3336,123576,0.1046,764,3.5080,3,4,-80.4566,-97.4463,direct,0.1000,45.6000,-79.8899
450.8,node[15],2,6649.2072,3679.2700,1.8950,1.6488,2.3517,2.6332,-831179687#29,-81.0540,-5.0000,100.0000,default,24,rsu(764m),3337,123632,0.0180,764,3.5106,2,2,-81.0540,-98.0437,direct,0.1000,46.0000,-80.0257
450.9,node[15],2,6649.0468,3679.1807,1.8950,1.8358,1.8698,2.6332,-831179687#29,-84.1228,-5.0000,100.0000,default,24,rsu(764m),3338,123690,0.0180,764,3.5099,2,2,-84.1228,-101.1125,direct,0.1000,46.0000,-80.1579
451,node[15],2,6648.8704,3679.0834,1.8950,2.0157,1.7985,2.6334,:227600910_5,-84.5365,-5.0000,100.0000,default,24,rsu(764m),3339,123746,0.0180,764,3.5196,2,2,-84.5365,-101.5262,direct,0.1000,45.6000,-80.2863
451.1,node[15],2,6648.6715,3678.9766,1.8950,2.2584,2.4271,2.6341,:227600910_5,-84.2789,-5.0000,100.0000,default,24,rsu(764m),3340,123804,0.0180,764,3.5128,2,2,-84.2789,-101.2686,direct,0.1000,45.6000,-80.4115
451.2,node[15],2,6648.4593,3678.8628,1.8950,2.4098,1.5146,2.6349,:227600910_5,-79.4438,-1.0215,100.0000,default,24,rsu(764m),3341,123863,0.1181,764,3.5117,3,4,-79.4438,-96.4335,direct,0.1000,46.8000,-80.5323
451.3,node[15],2,6648.2254,3678.7373,1.8950,2.6564,2.4662,2.6357,:227600910_5,-84.3550,-5.0000,100.0000,default,24,rsu(764m),3342,123921,0.0180,764,3.5105,2,2,-84.3550,-101.3447,direct,0.1000,46.8000,-80.6488
451.4,node[15],2,6647.9760,3678.6034,1.8950,2.8329,1.7642,2.6366,:227600910_5,-85.5454,-5.0000,100.0000,default,24,rsu(764m),3343,123980,0.0180,764,3.5165,2,2,-85.5454,-102.5351,direct,0.1000,46.8000,-80.7621
451.5,node[15],2,6647.7051,3678.4580,1.8950,3.0761,2.4325,2.6376,:227600910_5,-81.9174,-5.0000,100.0000,default,24,rsu(764m),3344,124037,0.0180,764,3.5100,2,2,-81.9174,-98.9071,direct,0.1000,46.8000,-80.8715
451.6,node[15],2,6647.4201,3678.3051,1.8950,3.2370,1.6094,2.6386,:227600910_5,-82.0407,-4.1264,100.0000,default,24,rsu(764m),3345,124095,0.0276,764,3.5185,2,2,-82.0407,-99.0304,direct,0.1000,46.0000,-80.9791
451.7,node[15],2,6647.1184,3678.1432,1.8950,3.4264,1.8936,2.6397,:227600910_5,-79.2107,-4.7491,100.0000,default,24,rsu(764m),3346,124152,0.0203,764,3.5121,2,2,-79.2107,-96.2004,direct,0.1000,46.0000,-81.0831
451.8,node[15],2,6646.8049,3677.9749,1.8950,3.5606,1.3415,2.6408,:227600910_5,-79.6468,-2.3072,100.0000,default,24,rsu(764m),3347,124207,0.0658,764,3.5197,3,4,-79.6468,-96.6365,direct,0.1000,44.8000,-81.1848
451.9,node[15],2,6646.4766,3677.7987,1.8950,3.7292,1.6860,2.6420,:227600910_5,-92.8926,-5.0000,100.0000,default,24,rsu(764m),3348,124264,0.0180,764,3.5131,2,2,-92.8926,-109.8823,direct,0.1000,44.8000,-81.2837
452,node[15],2,6646.1331,3677.6144,1.8950,3.9014,1.7228,2.6432,:227600910_5,-85.8749,-5.0000,100.0000,default,24,rsu(764m),3349,124320,0.0180,764,3.5172,2,2,-85.8749,-102.8646,direct,0.1000,45.2000,-81.3800
452.1,node[15],2,6645.7758,3677.4226,1.8950,4.0576,1.5616,2.6445,:227600910_5,-84.7806,-5.0000,100.0000,default,24,rsu(764m),3350,124376,0.0180,764,3.5119,2,2,-84.7806,-101.7703,direct,0.1000,45.2000,-81.4737
452.2,node[15],2,6645.4039,3677.2230,1.8950,4.2239,1.6635,2.6459,:227600910_5,-87.2519,-5.0000,100.0000,default,24,rsu(764m),3351,124433,0.0180,764,3.5196,2,2,-87.2519,-104.2416,direct,0.1000,45.2000,-81.5657
452.3,node[15],2,6645.0122,3677.0128,1.8950,4.4485,2.2453,2.6473,:227600910_5,-91.1033,-5.0000,100.0000,default,24,rsu(764m),3352,124490,0.0180,764,3.5133,2,2,-91.1033,-108.0930,direct,0.1000,45.2000,-81.6541
452.4,node[15],2,6644.6050,3676.7943,1.8950,4.6247,1.7624,2.6487,:227600910_5,-83.5292,-5.0000,100.0000,default,24,rsu(764m),3353,124549,0.0180,764,3.5154,2,2,-83.5292,-100.5189,direct,0.1000,46.4000,-81.7403
452.5,node[15],2,6644.1838,3676.5683,1.8950,4.7834,1.5874,2.6490,:227600910_5,-80.6009,-1.5014,100.0000,default,24,rsu(764m),3354,124607,0.0953,764,3.5201,3,4,-80.6009,-97.5906,direct,0.1000,46.4000,-81.8244
452.6,node[15],2,6643.7432,3676.3318,1.8950,5.0037,2.2029,2.6490,:227600910_5,-81.8991,-3.6814,100.0000,default,24,rsu(764m),3355,124666,0.0342,764,3.5072,2,2,-81.8991,-98.8888,direct,0.1000,46.8000,-81.9063
452.7,node[15],2,6643.2871,3676.0871,1.8950,5.1800,1.7630,2.6490,:227600910_5,-79.1592,-4.3868,100.0000,default,24,rsu(764m),3356,124723,0.0243,764,3.5072,2,2,-79.1592,-96.1489,direct,0.1000,46.8000,-81.9858
452.8,node[15],2,6642.8131,3675.8326,1.8950,5.3843,2.0422,2.6490,:227600910_5,-79.5373,-1.1190,100.0000,default,24,rsu(764m),3357,124782,0.1131,764,3.5175,3,4,-79.5373,-96.5270,direct,0.1000,46.4000,-82.0635
452.9,node[15],2,6642.3259,3675.5712,1.8950,5.5322,1.4795,2.6490,:227600910_5,-88.4306,-5.0000,100.0000,default,24,rsu(764m),3358,124840,0.0180,764,3.5102,2,2,-88.4306,-105.4203,direct,0.1000,46.4000,-82.1387
453,node[15],2,6641.8268,3675.3033,1.8950,5.6691,1.3684,2.6490,:227600910_5,-82.4943,-4.5093,100.0000,default,24,rsu(764m),3359,124897,0.0229,764,3.5181,2,2,-82.4943,-99.4840,direct,0.1000,46.0000,-82.2125
453.1,node[15],2,6641.3120,3675.0271,1.8950,5.8466,1.7754,2.6490,:227600910_5,-81.7828,-5.0000,100.0000,default,23,rsu(764m),3360,124951,0.0180,764,3.5192,2,2,-81.7828,-98.7725,direct,0.1000,46.0000,-82.3224
453.2,node[15],2,6640.7802,3674.7417,1.8950,6.0397,1.9314,2.6490,:227600910_5,-85.4925,-5.0000,100.0000,default,23,rsu(764m),3361,125009,0.0180,764,3.5073,2,2,-85.4925,-102.4822,direct,0.1000,44.8000,-82.3949
453.3,node[15],2,6640.2348,3674.4490,1.8950,6.1948,1.5503,2.6490,:227600910_5,-78.2767,0.8967,100.0000,default,23,rsu(764m),3362,125066,0.2589,764,3.5097,4,6,-78.2767,-95.2664,direct,0.1000,44.8000,-82.4638
453.4,node[15],2,6639.6752,3674.1487,1.8950,6.3545,1.5976,2.6490,:227600910_5,-88.9919,-5.0000,100.0000,default,23,rsu(764m),3363,125124,0.0180,764,3.5191,2,2,-88.9919,-105.9816,direct,0.1000,46.0000,-82.5320
453.5,node[15],2,6639.1007,3673.8404,1.8950,6.5250,1.7045,2.6490,:227600910_5,-83.2767,-5.0000,100.0000,default,23,rsu(764m),3364,125182,0.0180,764,3.5142,2,2,-83.2767,-100.2664,direct,0.1000,46.0000,-82.5973
453.6,node[15],2,6638.5064,3673.5214,1.8950,6.7493,2.2438,2.6490,:227600910_5,-83.0348,-5.0000,100.0000,default,23,rsu(764m),3365,125241,0.0180,764,3.5151,2,2,-83.0348,-100.0245,direct,0.1000,46.8000,-82.6580
453.7,node[15],2,6637.8913,3673.1913,1.8950,6.9867,2.3739,2.6490,:227600910_5,-83.6466,-5.0000,100.0000,default,23,rsu(764m),3366,125299,0.0180,764,3.5104,2,2,-83.6466,-100.6363,direct,0.1000,46.8000,-82.7147
453.8,node[15],2,6637.2544,3672.8495,1.8950,7.2329,2.4618,2.6490,:227600910_5,-79.7366,-5.0000,100.0000,default,23,rsu(764m),3367,125356,0.0180,764,3.5136,2,2,-79.7366,-96.7263,direct,0.1000,46.0000,-82.7671
453.9,node[15],2,6636.5976,3672.4970,1.8950,7.4599,2.2701,2.6490,:227600910_5,-85.0132,-5.0000,100.0000,default,23,rsu(764m),3368,125414,0.0180,764,3.5078,2,2,-85.0132,-102.0029,direct,0.1000,46.0000,-82.8165
454,node[15],2,6635.9217,3672.1383,1.8950,7.6549,1.9499,2.6498,-831179687#28,-83.1323,-5.0000,100.0000,default,23,rsu(764m),3369,125473,0.0180,764,3.5078,2,2,-83.1323,-100.1220,direct,0.1000,46.8000,-82.8622
454.1,node[15],2,6635.2245,3671.7798,1.8950,7.8379,1.8294,2.6525,-831179687#28,-87.5419,-5.0000,100.0000,default,23,rsu(764m),3370,125530,0.0180,764,3.5140,2,2,-87.5419,-104.5316,direct,0.1000,46.8000,-82.9041
454.2,node[15],2,6634.5087,3671.4116,1.8950,8.0473,2.0948,2.6553,-831179687#28,-83.8086,-5.0000,100.0000,default,23,rsu(764m),3371,125588,0.0180,764,3.5120,2,2,-83.8086,-100.7983,direct,0.1000,46.0000,-82.9437
454.3,node[15],2,6633.7756,3671.0346,1.8950,8.2407,1.9341,2.6582,-831179687#28,-86.3600,-5.0000,100.0000,default,23,rsu(764m),3372,125646,0.0180,764,3.5169,2,2,-86.3600,-103.3497,direct,0.1000,46.0000,-82.9794
454.4,node[15],2,6633.0214,3670.6467,1.8950,8.4792,2.3846,2.6612,-831179687#28,-80.9616,-5.0000,100.0000,default,23,rsu(764m),3373,125704,0.0180,764,3.5139,2,2,-80.9616,-97.9513,direct,0.1000,46.4000,-83.0122
454.5,node[15],2,6632.2524,3670.2512,1.8950,8.6445,1.6532,2.6642,-831179687#28,-84.7615,-5.0000,100.0000,default,23,rsu(764m),3374,125762,0.0180,764,3.5192,2,2,-84.7615,-101.7512,direct,0.1000,46.4000,-83.0436
454.6,node[15],2,6631.4650,3669.8463,1.8950,8.8517,2.0712,2.6666,-831179687#28,-79.3782,-2.3137,100.0000,default,23,rsu(764m),3375,125820,0.0656,764,3.5186,3,4,-79.3782,-96.3679,direct,0.1000,46.4000,-83.0715
454.7,node[15],2,6630.6589,3669.4317,1.8950,9.0623,2.1066,2.6666,-831179687#28,-84.0210,-5.0000,100.0000,default,23,rsu(764m),3376,125878,0.0180,764,3.5182,2,2,-84.0210,-101.0107,direct,0.1000,46.4000,-83.0968
454.8,node[15],2,6629.8333,3669.0071,1.8950,9.2811,2.1878,2.6666,-831179687#28,-79.1829,-2.3199,100.0000,default,23,rsu(764m),3377,125936,0.0654,764,3.5176,3,4,-79.1829,-96.1726,direct,0.1000,46.4000,-83.1192
454.9,node[15],2,6628.9893,3668.5730,1.8950,9.4887,2.0758,2.6666,-831179687#28,-81.3831,-2.8224,100.0000,default,23,rsu(764m),3378,125993,0.0516,764,3.5122,3,4,-81.3831,-98.3728,direct,0.1000,46.4000,-83.1392
455,node[15],2,6628.1301,3668.1312,1.8950,9.6584,1.6973,2.6666,-831179687#28,-88.3333,-5.0000,100.0000,default,23,rsu(764m),3379,126050,0.0180,764,3.5120,2,2,-88.3333,-105.3230,direct,0.1000,45.6000,-83.1568
455.1,node[15],2,6627.2481,3667.6776,1.8950,9.9152,2.5684,2.6666,-831179687#28,-91.0925,-5.0000,100.0000,default,23,rsu(764m),3380,126108,0.0180,764,3.5077,2,2,-91.0925,-108.0822,direct,0.1000,45.6000,-83.1735
455.2,node[15],2,6626.3521,3667.2156,1.8950,10.0734,1.5818,2.6664,:8619319287_4,-86.1589,-5.0000,100.0000,default,23,rsu(764m),3381,126167,0.0180,764,3.5176,2,2,-86.1589,-103.1486,direct,0.1000,46.8000,-83.1866
455.3,node[15],2,6625.4345,3666.7420,1.8950,10.3157,2.4223,2.6661,:8619319287_4,-86.8984,-5.0000,100.0000,default,23,rsu(764m),3382,126227,0.0180,764,3.5088,2,2,-86.8984,-103.8881,direct,0.1000,46.8000,-83.1980
455.4,node[15],2,6624.4961,3666.2577,1.8950,10.5497,2.3406,2.6658,:8619319287_4,-82.0956,-3.5414,100.0000,default,23,rsu(764m),3383,126286,0.0366,764,3.5144,2,2,-82.0956,-99.0853,direct,0.1000,47.6000,-83.2066
455.5,node[15],2,6623.5459,3665.7672,1.8950,10.6831,1.3339,2.6655,:8619319287_4,-83.8045,-4.6143,100.0000,default,23,rsu(764m),3384,126344,0.0217,764,3.5164,2,2,-83.8045,-100.7942,direct,0.1000,47.6000,-83.2127
455.6,node[15],2,6622.5747,3665.2660,1.8950,10.9189,2.3580,2.6651,:8619319287_4,-88.3947,-5.0000,100.0000,default,23,rsu(764m),3385,126403,0.0180,764,3.5122,2,2,-88.3947,-105.3844,direct,0.1000,46.8000,-83.2165
455.7,node[15],2,6621.5864,3664.7559,1.8950,11.1106,1.9172,2.6651,:8619319287_4,-82.8489,-5.0000,100.0000,default,23,rsu(764m),3386,126462,0.0180,764,3.5156,2,2,-82.8489,-99.8386,direct,0.1000,46.8000,-83.2192
455.8,node[15],2,6620.5753,3664.2340,1.8950,11.3671,2.5652,2.6651,:8619319287_4,-78.3149,-3.1258,100.0000,default,23,rsu(764m),3387,126521,0.0447,764,3.5143,2,2,-78.3149,-95.3046,direct,0.1000,47.2000,-83.2185
455.9,node[15],2,6619.5462,3663.7029,1.8950,11.5698,2.0269,2.6651,:8619319287_4,-89.4569,-5.0000,100.0000,default,23,rsu(765m),3388,126580,0.0180,765,3.5200,2,2,-89.4569,-106.4466,direct,0.1000,47.2000,-83.2155
456,node[15],2,6618.5009,3663.1635,1.8950,11.7526,1.8273,2.6651,-831179687#27,-79.5005,-0.6431,100.0000,default,23,rsu(765m),3389,126639,0.1393,765,3.5089,4,6,-79.5005,-96.4902,direct,0.1000,47.2000,-83.2104
456.1,node[15],2,6617.4338,3662.6138,1.8950,12.0046,2.5201,2.6653,-831179687#27,-81.3807,-2.4890,100.0000,default,23,rsu(765m),3390,126697,0.0604,765,3.5083,3,4,-81.3807,-98.3704,direct,0.1000,47.2000,-83.2025
456.2,node[15],2,6616.3517,3662.0564,1.8950,12.1721,1.6751,2.6655,-831179687#27,-88.2001,-5.0000,100.0000,default,23,rsu(765m),3391,126756,0.0180,765,3.5174,2,2,-88.2001,-105.1898,direct,0.1000,46.8000,-83.1923
456.3,node[15],2,6615.2560,3661.4920,1.8950,12.3260,1.5389,2.6657,-831179687#27,-86.6285,-5.0000,100.0000,default,23,rsu(765m),3392,126814,0.0180,765,3.5121,2,2,-86.6285,-103.6182,direct,0.1000,46.8000,-83.1799
456.4,node[15],2,6614.1381,3660.9161,1.8950,12.5756,2.4958,2.6659,-831179687#27,-82.2679,-5.0000,100.0000,default,23,rsu(765m),3393,126873,0.0180,765,3.5083,2,2,-82.2679,-99.2576,direct,0.1000,46.8000,-83.1661
456.5,node[15],2,6612.9988,3660.3292,1.8950,12.8167,2.4111,2.6659,-831179687#27,-83.4225,-5.0000,100.0000,default,23,rsu(765m),3394,126931,0.0180,765,3.5136,2,2,-83.4225,-100.4122,direct,0.1000,46.8000,-83.1488
456.6,node[15],2,6611.8409,3659.7327,1.8950,13.0256,2.0891,2.6659,-831179687#27,-87.3457,-5.0000,100.0000,default,23,rsu(765m),3395,126989,0.0180,765,3.5132,2,2,-87.3457,-104.3354,direct,0.1000,46.4000,-83.1286
456.7,node[15],2,6610.6670,3659.1280,1.8950,13.2054,1.7984,2.6659,-831179687#27,-81.9750,-5.0000,100.0000,default,23,rsu(765m),3396,127047,0.0180,765,3.5159,2,2,-81.9750,-98.9647,direct,0.1000,46.4000,-83.1060
456.8,node[15],2,6609.4789,3658.5160,1.8950,13.3643,1.5888,2.6659,-831179687#27,-84.3415,-5.0000,100.0000,default,23,rsu(765m),3397,127105,0.0180,765,3.5091,2,2,-84.3415,-101.3312,direct,0.1000,46.4000,-83.0807
456.9,node[15],2,6608.2779,3657.8973,1.8950,13.5101,1.4577,2.6659,-831179687#27,-80.2364,-3.3624,100.0000,default,23,rsu(765m),3398,127164,0.0399,765,3.5163,2,2,-80.2364,-97.2261,direct,0.1000,46.4000,-83.0554
457,node[15],2,6607.0592,3657.2695,1.8950,13.7100,1.9992,2.6659,-831179687#27,-79.3332,-4.4509,100.0000,default,23,rsu(765m),3399,127221,0.0235,765,3.5173,2,2,-79.3332,-96.3229,direct,0.1000,46.4000,-83.0296
457.1,node[15],2,6605.8235,3656.6330,1.8950,13.9000,1.8995,2.6659,-831179687#27,-79.4967,-1.4957,100.0000,default,23,rsu(765m),3400,127281,0.0955,765,3.5094,3,4,-79.4967,-96.4864,direct,0.1000,46.4000,-83.0046
457.2,node[15],2,6604.5708,3655.9877,1.8950,14.0922,1.9220,2.6659,-831179687#27,-83.0821,-4.4590,100.0000,default,23,rsu(765m),3401,127340,0.0234,765,3.5162,2,2,-83.0821,-100.0718,direct,0.1000,47.6000,-82.9785
457.3,node[15],2,6603.3059,3655.3360,1.8950,14.2299,1.3770,2.6659,-831179687#27,-77.6906,0.4624,100.0000,default,23,rsu(766m),3402,127399,0.2195,766,3.5132,4,6,-77.6906,-94.6803,direct,0.0500,47.6000,-82.9524
457.4,node[15],2,6602.0278,3654.6766,1.8950,14.3824,1.5250,2.6657,:8619319280_4,-81.5748,-5.0000,100.0000,default,23,rsu(766m),3403,127458,0.0180,766,3.5126,2,2,-81.5748,-98.5645,direct,0.0500,47.2000,-82.9240
457.5,node[15],2,6600.7335,3654.0086,1.8950,14.5668,1.8447,2.6655,:8619319280_4,-87.1108,-5.0000,100.0000,default,23,rsu(766m),3404,127519,0.0180,766,3.5101,2,2,-87.1108,-104.1005,direct,0.0500,47.2000,-82.8941
457.6,node[15],2,6599.4166,3653.3289,1.8950,14.8207,2.5390,2.6653,:8619319280_4,-84.5722,-5.0000,100.0000,default,23,rsu(766m),3405,127579,0.0180,766,3.5158,2,2,-84.5722,-101.5619,direct,0.0500,48.4000,-82.8629
457.7,node[15],2,6598.0812,3652.6396,1.8950,15.0298,2.0908,2.6651,:8619319280_4,-81.5186,-5.0000,100.0000,default,23,rsu(766m),3406,127639,0.0180,766,3.5100,2,2,-81.5186,-98.5083,direct,0.0500,48.4000,-82.8303
457.8,node[15],2,6596.7337,3651.9442,1.8950,15.1654,1.3558,2.6651,:8619319280_4,-89.4708,-5.0000,100.0000,default,23,rsu(766m),3407,127699,0.0180,766,3.5092,2,2,-89.4708,-106.4605,direct,0.0500,48.0000,-82.7890
457.9,node[15],2,6595.3688,3651.2397,1.8950,15.3612,1.9576,2.6651,:8619319280_4,-84.5567,-5.0000,100.0000,default,23,rsu(766m),3408,127759,0.0180,766,3.5172,2,2,-84.5567,-101.5464,direct,0.0500,48.0000,-82.7424
458,node[15],2,6593.9826,3650.5256,1.8950,15.5904,2.2928,2.6654,-831179687#26,-82.3218,-4.1325,100.0000,default,23,rsu(766m),3409,127817,0.0275,766,3.5187,2,2,-82.3218,-99.3115,direct,0.0500,47.2000,-82.6937
458.1,node[15],2,6592.5751,3649.8017,1.8950,15.8219,2.3141,2.6658,-831179687#26,-85.2037,-5.0000,100.0000,default,23,rsu(766m),3410,127877,0.0180,766,3.5192,2,2,-85.2037,-102.1934,direct,0.0500,47.2000,-82.6434
458.2,node[15],2,6591.1452,3649.0663,1.8950,16.0740,2.5218,2.6663,-831179687#26,-83.4686,-5.0000,100.0000,default,23,rsu(767m),3411,127935,0.0180,767,3.5143,2,2,-83.4686,-100.4583,direct,0.0500,47.2000,-82.5819
458.3,node[15],2,6589.6968,3648.3213,1.8950,16.2814,2.0733,2.6666,-831179687#26,-90.0959,-5.0000,100.0000,default,23,rsu(767m),3412,127994,0.0180,767,3.5090,2,2,-90.0959,-107.0856,direct,0.0500,47.2000,-82.5135
458.4,node[15],2,6588.2326,3647.5683,1.8950,16.4588,1.7745,2.6666,-831179687#26,-82.6415,-5.0000,100.0000,default,23,rsu(767m),3413,128054,0.0180,767,3.5157,2,2,-82.6415,-99.6312,direct,0.0500,47.6000,-82.4427
458.5,node[15],2,6586.7505,3646.8060,1.8950,16.6609,2.0206,2.6666,-831179687#26,-81.9266,-5.0000,100.0000,default,23,rsu(767m),3414,128115,0.0180,767,3.5134,2,2,-81.9266,-98.9163,direct,0.0500,47.6000,-82.3691
458.6,node[15],2,6585.2538,3646.0355,1.8950,16.8395,1.7860,2.6664,:8619319249_4,-78.0023,0.8750,100.0000,default,23,rsu(767m),3415,128174,0.2568,767,3.5115,4,6,-78.0023,-94.9920,direct,0.0500,48.0000,-82.2925
458.7,node[15],2,6583.7412,3645.2567,1.8950,17.0229,1.8343,2.6663,:8619319249_4,-81.2763,-4.0635,100.0000,default,23,rsu(767m),3416,128233,0.0284,767,3.5200,2,2,-81.2763,-98.2660,direct,0.0500,48.0000,-82.2092
458.8,node[15],2,6582.2093,3644.4678,1.8950,17.2410,2.1811,2.6661,:8619319249_4,-81.0954,-3.5388,100.0000,default,23,rsu(768m),3417,128294,0.0366,768,3.5186,2,2,-81.0954,-98.0851,direct,0.0500,48.0000,-82.1209
458.9,node[15],2,6580.6655,3643.6728,1.8950,17.3752,1.3415,2.6661,:8619319249_4,-82.5773,-5.0000,100.0000,default,23,rsu(768m),3418,128353,0.0180,768,3.5118,2,2,-82.5773,-99.5670,direct,0.0500,48.0000,-82.0295
459,node[15],2,6579.1066,3642.8701,1.8950,17.5446,1.6939,2.6661,:8619319249_4,-85.9137,-5.0000,100.0000,default,23,rsu(768m),3419,128411,0.0180,768,3.5153,2,2,-85.9137,-102.9034,direct,0.0500,46.8000,-81.9350
459.1,node[15],2,6577.5331,3642.0578,1.8950,17.6957,1.5118,2.6657,-831179687#25,-87.4386,-5.0000,100.0000,default,23,rsu(768m),3420,128471,0.0180,768,3.5076,2,2,-87.4386,-104.4283,direct,0.0500,46.8000,-81.8371
459.2,node[15],2,6575.9403,3641.2302,1.8950,17.8796,1.8382,2.6644,-831179687#25,-82.7466,-3.9105,100.0000,default,23,rsu(768m),3421,128530,0.0306,768,3.5193,2,2,-82.7466,-99.7363,direct,0.0500,47.6000,-81.7355
459.3,node[15],2,6574.3397,3640.3840,1.8950,18.1187,2.3919,2.6605,:227581161_0,-87.1426,-5.0000,100.0000,default,23,rsu(768m),3422,128591,0.0180,768,3.5174,2,2,-87.1426,-104.1323,direct,0.0500,47.6000,-81.6308
459.4,node[15],2,6572.7171,3639.5263,1.8950,18.3667,2.4791,2.6572,:227581161_0,-90.0802,-5.0000,100.0000,default,23,rsu(769m),3423,128651,0.0180,769,3.5166,2,2,-90.0802,-107.0699,direct,0.0500,48.4000,-81.5222
459.5,node[15],2,6571.0773,3638.6595,1.8950,18.5622,1.9558,2.6553,:227581161_0,-84.6156,-5.0000,100.0000,default,23,rsu(769m),3424,128710,0.0180,769,3.5093,2,2,-84.6156,-101.6053,direct,0.0500,48.4000,-81.4101
459.6,node[15],2,6569.4223,3637.7846,1.8950,18.7337,1.7141,2.6553,:227581161_0,-81.3551,-3.1172,100.0000,default,23,rsu(769m),3425,128771,0.0448,769,3.5102,2,2,-81.3551,-98.3448,direct,0.0500,48.0000,-81.2944
459.7,node[15],2,6567.7447,3636.8978,1.8950,18.9895,2.5587,2.6553,:227581161_0,-79.0690,0.0127,100.0000,default,23,rsu(769m),3426,128830,0.1834,769,3.5130,4,6,-79.0690,-96.0587,direct,0.0500,48.0000,-81.1748
459.8,node[15],2,6566.0509,3636.0024,1.8950,19.1732,1.8367,2.6553,:227581161_0,-79.5267,-3.9621,100.0000,default,23,rsu(769m),3427,128890,0.0299,769,3.5140,2,2,-79.5267,-96.5164,direct,0.0500,47.6000,-81.0518
459.9,node[15],2,6564.3441,3635.1002,1.8950,19.3204,1.4723,2.6553,:227581161_0,-78.5271,-3.3548,100.0000,default,23,rsu(770m),3428,128949,0.0400,770,3.5188,2,2,-78.5271,-95.5168,direct,0.0500,47.6000,-80.9257
460,node[15],2,6562.6220,3634.1786,1.8950,19.5327,2.1223,2.6533,-831179687#24,-87.6116,-5.0000,100.0000,default,23,rsu(770m),3429,129008,0.0180,770,3.5183,2,2,-87.6116,-104.6013,direct,0.0500,47.2000,-80.7963
460.1,node[15],2,6560.8931,3633.2388,1.8950,19.6673,1.3462,2.6487,:8619319256_4,-87.4830,-5.0000,100.0000,default,24,rsu(770m),3430,129069,0.0180,770,3.5183,2,2,-87.4830,-104.4727,direct,0.0500,47.2000,-80.6391
460.2,node[15],2,6559.1464,3632.2905,1.8950,19.8744,2.0711,2.6443,:8619319256_4,-86.4126,-5.0000,100.0000,default,24,rsu(770m),3431,129129,0.0180,770,3.5167,2,2,-86.4126,-103.4023,direct,0.0500,48.4000,-80.5056
460.3,node[15],2,6557.3779,3631.3303,1.8950,20.1231,2.4873,2.6442,:8619319256_4,-92.9229,-5.0000,100.0000,default,24,rsu(771m),3432,129187,0.0180,771,3.5102,2,2,-92.9229,-109.9126,direct,0.0500,48.4000,-80.3693
460.4,node[15],2,6555.5878,3630.3584,1.8950,20.3689,2.4582,2.6442,:8619319256_4,-84.0461,-5.0000,100.0000,default,24,rsu(771m),3433,129246,0.0180,771,3.5193,2,2,-84.0461,-101.0358,direct,0.0500,46.8000,-80.2308
460.5,node[15],2,6553.7838,3629.3790,1.8950,20.5265,1.5760,2.6442,:8619319256_4,-85.0205,-5.0000,100.0000,default,24,rsu(771m),3434,129305,0.0180,771,3.5163,2,2,-85.0205,-102.0102,direct,0.0500,46.8000,-80.0913
460.6,node[15],2,6551.9581,3628.3879,1.8950,20.7736,2.4702,2.6442,-831179687#23,-83.8402,-5.0000,100.0000,default,24,rsu(771m),3435,129365,0.0180,771,3.5177,2,2,-83.8402,-100.8299,direct,0.0500,47.6000,-79.9509
460.7,node[15],2,6550.1147,3627.3873,1.8950,20.9757,2.0216,2.6443,-831179687#23,-87.4428,-5.0000,100.0000,default,24,rsu(772m),3436,129425,0.0180,772,3.5108,2,2,-87.4428,-104.4325,direct,0.0500,47.6000,-79.8109
460.8,node[15],2,6548.2485,3626.3744,1.8950,21.2355,2.5977,2.6443,-831179687#23,-78.3208,0.3562,100.0000,default,24,rsu(772m),3437,129484,0.2105,772,3.5192,4,6,-78.3208,-95.3105,direct,0.0500,47.6000,-79.6714
460.9,node[15],2,6546.3641,3625.3515,1.8950,21.4416,2.0614,2.6443,-831179687#23,-83.9181,-5.0000,100.0000,default,24,rsu(772m),3438,129545,0.0180,772,3.5196,2,2,-83.9181,-100.9078,direct,0.0500,47.6000,-79.5337
461,node[15],2,6544.4615,3624.3188,1.8950,21.6499,2.0824,2.6443,-831179687#23,-85.6611,-5.0000,100.0000,default,24,rsu(772m),3439,129605,0.0180,772,3.5180,2,2,-85.6611,-102.6508,direct,0.0500,48.4000,-79.3993
461.1,node[15],2,6542.5463,3623.2793,1.8950,21.7921,1.4222,2.6443,-831179687#23,-85.5667,-5.0000,100.0000,default,22,rsu(773m),3440,129664,0.0180,773,3.5137,2,2,-85.5667,-102.5564,direct,0.0500,48.4000,-79.3076
461.2,node[15],2,6540.6084,3622.2274,1.8950,22.0509,2.5884,2.6443,-831179687#23,-87.0146,-5.0000,100.0000,default,22,rsu(773m),3441,129722,0.0180,773,3.5134,2,2,-87.0146,-104.0043,direct,0.0500,46.8000,-79.1823
461.3,node[15],2,6538.6480,3621.1632,1.8950,22.3076,2.5669,2.6443,-831179687#23,-82.2505,-5.0000,100.0000,default,22,rsu(773m),3442,129783,0.0180,773,3.5074,2,2,-82.2505,-99.2402,direct,0.0500,46.8000,-79.0643
461.4,node[15],2,6536.6648,3620.0868,1.8950,22.5666,2.5897,2.6443,-831179687#23,-82.1243,-3.4504,100.0000,default,22,rsu(774m),3443,129842,0.0382,774,3.5171,2,2,-82.1243,-99.1140,direct,0.0500,48.0000,-78.9554
461.5,node[15],2,6534.6678,3619.0028,1.8950,22.7227,1.5609,2.6443,-831179687#23,-83.7488,-5.0000,100.0000,default,22,rsu(774m),3444,129900,0.0180,774,3.5139,2,2,-83.7488,-100.7385,direct,0.0500,48.0000,-78.8580
461.6,node[15],2,6532.6510,3617.9081,1.8950,22.9489,2.2623,2.6443,-831179687#23,-85.5781,-5.0000,100.0000,default,22,rsu(774m),3445,129960,0.0180,774,3.5194,2,2,-85.5781,-102.5678,direct,0.0500,47.2000,-78.7732
461.7,node[15],2,6530.6125,3616.8016,1.8950,23.1959,2.4695,2.6443,-831179687#23,-80.9418,-5.0000,100.0000,default,22,rsu(775m),3446,130020,0.0180,775,3.5127,2,2,-80.9418,-97.9315,direct,0.0500,47.2000,-78.7019
461.8,node[15],2,6528.5604,3615.6877,1.8950,23.3505,1.5465,2.6443,-831179687#23,-91.8338,-5.0000,100.0000,default,22,rsu(775m),3447,130080,0.0180,775,3.5101,2,2,-91.8338,-108.8235,direct,0.0500,48.0000,-78.6472
461.9,node[15],2,6526.4889,3614.5634,1.8950,23.5706,2.2008,2.6443,-831179687#23,-81.6683,-5.0000,100.0000,default,22,rsu(775m),3448,130140,0.0180,775,3.5176,2,2,-81.6683,-98.6580,direct,0.0500,48.0000,-78.6073
462,node[15],2,6524.4039,3613.4316,1.8950,23.7256,1.5503,2.6443,-831179687#23,-87.2185,-5.0000,100.0000,default,23,rsu(776m),3449,130200,0.0180,776,3.5132,2,2,-87.2185,-104.2082,direct,0.0500,48.0000,-78.5822
462.1,node[15],2,6522.3005,3612.2899,1.8950,23.9337,2.0807,2.6443,-831179687#23,-78.3898,-4.1256,100.0000,default,23,rsu(776m),3450,130259,0.0276,776,3.5108,2,2,-78.3898,-95.3795,direct,0.0500,48.0000,-78.5747
462.2,node[15],2,6520.1876,3611.1194,1.8950,24.1525,2.1880,2.6402,:227530577_4,-99.4087,-5.0000,100.0000,default,23,rsu(776m),3451,130320,0.0180,776,3.5197,2,2,-99.4087,-116.3984,direct,0.0500,48.0000,-78.5868
462.3,node[15],1,6518.0715,3609.9184,1.8950,24.3226,1.7010,2.6309,:227530577_4,-84.4699,-5.0000,100.0000,default,24,rsu(777m),3452,130381,0.0180,777,3.5197,2,2,-84.4699,-101.4596,direct,0.0500,48.0000,-78.6172
462.4,node[15],1,6515.9373,3608.7071,1.8950,24.5319,2.0931,2.6254,:227530577_4,-90.8127,-5.0000,100.0000,default,24,rsu(777m),3453,130444,0.0180,777,3.5187,2,2,-90.8127,-107.8024,direct,0.0500,49.6000,-78.6656
462.5,node[15],1,6513.7849,3607.4855,1.8950,24.7413,2.0939,2.6254,:227530577_4,-81.5698,-4.3161,100.0000,default,24,rsu(778m),3454,130506,0.0251,778,3.5149,2,2,-81.5698,-98.5595,direct,0.0500,49.6000,-78.7296
462.6,node[15],1,6511.6170,3606.2550,1.8950,24.9187,1.7740,2.6254,:227530577_4,-81.4899,-2.3630,100.0000,default,24,rsu(778m),3455,130569,0.0641,778,3.5194,3,4,-81.4899,-98.4796,direct,0.0500,50.0000,-78.8084
462.7,node[15],1,6509.4289,3605.0131,1.8950,25.1507,2.3206,2.6254,:227530577_4,-92.6754,-5.0000,100.0000,default,24,rsu(778m),3456,130631,0.0180,778,3.5126,2,2,-92.6754,-109.6651,direct,0.0500,50.0000,-78.9010
462.8,node[15],1,6507.2428,3603.7435,1.8950,25.3213,1.7057,2.6203,-831179687#22,-81.6168,-5.0000,100.0000,default,24,rsu(779m),3457,130693,0.0180,779,3.5133,2,2,-81.6168,-98.6065,direct,0.0500,49.6000,-79.0073
462.9,node[15],1,6505.0162,3602.4943,1.8950,25.5316,2.1026,2.6229,:227530609_0,-82.6856,-4.2432,100.0000,default,24,rsu(779m),3458,130755,0.0260,779,3.5095,2,2,-82.6856,-99.6753,direct,0.0500,49.6000,-79.1192
463,node[15],1,6502.7688,3601.2343,1.8950,25.7643,2.3270,2.6306,:227530609_0,-83.1741,-5.0000,100.0000,default,24,rsu(780m),3459,130817,0.0180,780,3.5196,2,2,-83.1741,-100.1638,direct,0.0500,49.6000,-79.2406
463.1,node[15],1,6500.5050,3599.9650,1.8950,25.9538,1.8954,2.6306,:227530609_0,-87.3686,-5.0000,100.0000,default,23,rsu(780m),3460,130880,0.0180,780,3.5115,2,2,-87.3686,-104.3583,direct,0.0500,49.6000,-79.3876
463.2,node[15],1,6498.2215,3598.6846,1.8950,26.1787,2.2486,2.6306,:227530609_0,-81.6029,-5.0000,100.0000,default,23,rsu(778m),3461,130941,0.0180,778,3.5174,2,2,-81.6029,-98.5926,direct,0.0500,49.6000,-79.5202
463.3,node[15],1,6495.9237,3597.3963,1.8950,26.3430,1.6429,2.6306,:227530609_0,-90.6959,-5.0000,100.0000,default,23,rsu(776m),3462,131001,0.0180,776,3.5121,2,2,-90.6959,-107.6856,direct,0.0500,49.6000,-79.6553
463.4,node[15],1,6493.5970,3596.1204,1.8950,26.5366,1.9363,2.6356,-831179687#21,-83.8669,-4.6668,100.0000,default,23,rsu(773m),3463,131062,0.0212,773,3.5106,2,2,-83.8669,-100.8566,direct,0.0500,48.4000,-79.7890
463.5,node[15],1,6491.2346,3594.8754,1.8950,26.7029,1.6633,2.6495,-831179687#21,-83.9918,-5.0000,100.0000,default,23,rsu(771m),3464,131122,0.0180,771,3.5167,2,2,-83.9918,-100.9815,direct,0.0500,48.4000,-79.9189
463.6,node[15],1,6488.8590,3593.6233,1.8950,26.8527,1.4981,2.6565,-831179687#21,-92.8093,-5.0000,100.0000,default,23,rsu(769m),3465,131184,0.0180,769,3.5113,2,2,-92.8093,-109.7990,direct,0.0500,48.8000,-80.0465
463.7,node[15],1,6486.4640,3592.3610,1.8950,27.0717,2.1894,2.6565,-831179687#21,-81.6845,-3.3622,100.0000,default,23,rsu(766m),3466,131246,0.0399,766,3.5110,2,2,-81.6845,-98.6742,direct,0.0500,48.8000,-80.1709
463.8,node[15],1,6484.0490,3591.0882,1.8950,27.2976,2.2589,2.6565,-831179687#21,-77.8110,-0.4446,100.0000,default,23,rsu(763m),3467,131306,0.1516,763,3.5173,4,6,-77.8110,-94.8007,direct,0.0500,48.8000,-80.2899
463.9,node[15],1,6481.6175,3589.8067,1.8950,27.4840,1.8644,2.6565,-831179687#21,-80.4716,-2.0294,100.0000,default,23,rsu(761m),3468,131367,0.0748,761,3.5182,3,4,-80.4716,-97.4613,direct,0.0500,48.8000,-80.4024
464,node[15],1,6479.1905,3588.5276,1.8950,27.4336,-0.5045,2.6565,-831179687#21,-87.5447,-5.0000,100.0000,default,23,rsu(758m),3469,131428,0.0180,758,3.5194,2,2,-87.5447,-104.5344,direct,0.0500,48.8000,-80.5056
464.1,node[15],1,6476.7664,3587.2500,1.8950,27.4008,-0.3280,2.6565,-831179687#21,-84.5686,-5.0000,100.0000,default,22,rsu(756m),3470,131489,0.0180,756,3.5134,2,2,-84.5686,-101.5583,direct,0.0500,48.8000,-80.6249
464.2,node[15],1,6474.3410,3585.9717,1.8950,27.4144,0.1367,2.6565,-831179687#21,-86.5969,-5.0000,100.0000,default,22,rsu(753m),3471,131552,0.0180,753,3.5097,2,2,-86.5969,-103.5866,direct,0.0500,49.6000,-80.7073
464.3,node[15],1,6471.9135,3584.6923,1.8950,27.4391,0.2467,2.6565,-831179687#21,-86.7758,-5.0000,100.0000,default,22,rsu(751m),3472,131614,0.0180,751,3.5112,2,2,-86.7758,-103.7655,direct,0.0500,49.6000,-80.7758
464.4,node[15],1,6469.4868,3583.4134,1.8950,27.4303,-0.0884,2.6565,-831179687#21,-82.5111,-4.9611,100.0000,default,22,rsu(748m),3473,131674,0.0183,748,3.5174,2,2,-82.5111,-99.5008,direct,0.0500,48.8000,-80.8291
464.5,node[15],1,6467.0613,3582.1350,1.8950,27.4163,-0.1400,2.6565,-831179687#21,-75.8174,2.5444,100.0000,default,22,rsu(746m),3474,131735,0.4433,746,3.5189,5,8,-75.8174,-92.8071,direct,0.0500,48.8000,-80.8656
464.6,node[15],1,6464.6279,3580.8525,1.8950,27.5063,0.9002,2.6565,-831179687#21,-82.4639,-4.3152,100.0000,default,22,rsu(743m),3475,131795,0.0251,743,3.5174,2,2,-82.4639,-99.4536,direct,0.0500,48.4000,-80.8836
464.7,node[15],1,6462.1972,3579.5714,1.8950,27.4749,-0.3138,2.6565,-831179687#21,-86.5298,-5.0000,100.0000,default,22,rsu(741m),3476,131856,0.0180,741,3.5190,2,2,-86.5298,-103.5195,direct,0.0500,48.4000,-80.8807
464.8,node[15],1,6459.7713,3578.2929,1.8950,27.4213,-0.5364,2.6565,-831179687#21,-77.4935,0.2331,100.0000,default,22,rsu(738m),3477,131919,0.2005,738,3.5098,4,6,-77.4935,-94.4832,direct,0.0500,49.6000,-80.8550
464.9,node[15],1,6457.3417,3577.0124,1.8950,27.4629,0.4163,2.6565,-831179687#21,-89.2145,-5.0000,100.0000,default,22,rsu(736m),3478,131980,0.0180,736,3.5086,2,2,-89.2145,-106.2042,direct,0.0500,49.6000,-80.8029
465,node[15],1,6454.9111,3575.7313,1.8950,27.4740,0.1109,2.6565,-831179687#21,-80.3455,-1.3840,100.0000,default,22,rsu(733m),3479,132043,0.1005,733,3.5096,3,4,-80.3455,-97.3352,direct,0.0500,49.6000,-80.7222
465.1,node[15],1,6452.4772,3574.4486,1.8950,27.5109,0.3697,2.6565,-831179687#21,-81.2632,-5.0000,100.0000,default,21,rsu(731m),3480,132105,0.0180,731,3.5080,2,2,-81.2632,-98.2529,direct,0.0500,49.6000,-80.6355
465.2,node[15],1,6450.0487,3573.1687,1.8950,27.4506,-0.6037,2.6565,-831179687#21,-84.1521,-5.0000,100.0000,default,21,rsu(728m),3481,132167,0.0180,728,3.5155,2,2,-84.1521,-101.1418,direct,0.0500,49.6000,-80.4862
465.3,node[15],1,6447.6226,3571.8900,1.8950,27.4230,-0.2761,2.6565,-831179687#21,-84.2919,-5.0000,100.0000,default,21,rsu(726m),3482,132229,0.0180,726,3.5074,2,2,-84.2919,-101.2816,direct,0.0500,49.6000,-80.2958
465.4,node[15],1,6445.1963,3570.6112,1.8950,27.4258,0.0287,2.6565,-831179687#21,-77.2865,-3.2263,100.0000,default,21,rsu(723m),3483,132291,0.0426,723,3.5076,2,2,-77.2865,-94.2762,direct,0.0500,49.6000,-80.0599
465.5,node[15],1,6442.7663,3569.3305,1.8950,27.4668,0.4099,2.6565,-831179687#21,-81.5800,-5.0000,100.0000,default,21,rsu(721m),3484,132352,0.0180,721,3.5076,2,2,-81.5800,-98.5697,direct,0.0500,49.6000,-79.7714
465.6,node[15],1,6440.3367,3568.0500,1.8950,27.4634,-0.0341,2.6565,-831179687#21,-89.6453,-5.0000,100.0000,default,21,rsu(718m),3485,132415,0.0180,718,3.5141,2,2,-89.6453,-106.6350,direct,0.0500,49.6000,-79.4226
465.7,node[15],1,6437.9083,3566.7702,1.8950,27.4491,-0.1435,2.6565,-831179687#21,-82.7925,-3.7700,100.0000,default,21,rsu(716m),3486,132477,0.0328,716,3.5108,2,2,-82.7925,-99.7822,direct,0.0500,49.6000,-79.0041
465.8,node[15],1,6435.4798,3565.4902,1.8950,27.4504,0.0136,2.6565,-831179687#21,-81.7652,-5.0000,100.0000,default,21,rsu(713m),3487,132539,0.0180,713,3.5076,2,2,-81.7652,-98.7549,direct,0.0500,49.6000,-78.5051
465.9,node[15],1,6433.0496,3564.2094,1.8950,27.4691,0.1869,2.6565,-831179687#21,-83.0406,-5.0000,100.0000,default,21,rsu(711m),3488,132599,0.0180,711,3.5089,2,2,-83.0406,-100.0303,direct,0.0500,49.6000,-77.9120
466,node[15],1,6430.6243,3562.9312,1.8950,27.4140,-0.5514,2.6565,-831179687#21,-83.9058,-5.0000,100.0000,default,21,rsu(708m),3489,132659,0.0180,708,3.5135,2,2,-83.9058,-100.8955,direct,0.0500,48.0000,-77.2057
466.1,node[15],1,6428.1945,3561.6506,1.8950,27.4647,0.5075,2.6565,-831179687#21,-88.4674,-5.0000,100.0000,default,21,rsu(706m),3490,132721,0.0180,706,3.5106,2,2,-88.4674,-105.4571,direct,0.0500,48.0000,-76.3621
466.2,node[15],1,6425.7645,3560.3699,1.8950,27.4677,0.0292,2.6565,-831179687#21,-82.9896,-4.6499,100.0000,default,21,rsu(703m),3491,132783,0.0214,703,3.5141,2,2,-82.9896,-99.9793,direct,0.0500,49.6000,-75.3478
466.3,node[15],1,6423.3305,3559.0871,1.8950,27.5122,0.4451,2.6565,-831179687#21,-86.1792,-5.0000,100.0000,default,22,rsu(701m),3492,132846,0.0180,701,2.0150,2,2,-86.1792,-103.1689,direct,0.1000,49.6000,-74.1161
466.4,node[15],1,6420.9021,3557.8072,1.8950,27.4498,-0.6241,2.6565,-831179687#21,-88.7110,-5.0000,100.0000,default,22,rsu(698m),3493,132910,0.0180,698,2.0180,2,2,-88.7110,-105.7007,direct,0.1000,50.8000,-72.5953
466.5,node[15],1,6418.4736,3556.5273,1.8950,27.4504,0.0068,2.6565,-831179687#21,-87.6096,-5.0000,100.0000,default,22,rsu(696m),3494,132973,0.0180,696,2.0134,2,2,-87.6096,-104.5993,direct,0.1000,50.8000,-70.6576
466.6,node[15],1,6416.0441,3555.2468,1.8950,27.4609,0.1045,2.6565,-831179687#21,-83.7198,-5.0000,100.0000,default,22,rsu(693m),3495,133036,0.0180,693,2.0138,2,2,-83.7198,-100.7095,direct,0.1000,50.4000,-68.0800
466.7,node[15],1,6413.6116,3553.9648,1.8950,27.4957,0.3481,2.6565,-831179687#21,-88.6015,-5.0000,100.0000,default,22,rsu(691m),3496,133100,0.0180,691,2.0190,2,2,-88.6015,-105.5912,direct,0.1000,50.4000,-64.3770
466.8,node[15],1,6411.1773,3552.6818,1.8950,27.5163,0.2058,2.6565,-831179687#21,-83.4714,-5.0000,100.0000,default,22,rsu(688m),3497,133162,0.0180,688,2.0199,2,2,-83.4714,-100.4611,direct,0.1000,50.4000,-58.4840
466.9,node[15],1,6408.7461,3551.4005,1.8950,27.4803,-0.3596,2.6565,-831179687#21,-85.9981,-5.0000,100.0000,default,22,rsu(686m),3498,133223,0.0180,686,2.0238,2,2,-85.9981,-102.9878,direct,0.1000,50.4000,-56.0988
467,node[15],1,6406.3155,3550.1194,1.8950,27.4749,-0.0545,2.6565,-831179687#21,-90.3680,-5.0000,100.0000,default,22,rsu(683m),3499,133285,0.0180,683,2.0198,2,2,-90.3680,-107.3577,direct,0.1000,49.2000,-62.6818
467.1,node[15],1,6403.8834,3548.8377,1.8950,27.4900,0.1516,2.6565,-831179687#21,-87.4474,-5.0000,100.0000,default,22,rsu(681m),3500,133348,0.0180,681,2.0219,2,2,-87.4474,-104.4371,direct,0.1000,49.2000,-66.9887
467.2,node[15],1,6401.4572,3547.5589,1.8950,27.4254,-0.6464,2.6565,-831179687#21,-81.4781,-4.2521,100.0000,default,22,rsu(678m),3501,133410,0.0259,678,2.0214,2,2,-81.4781,-98.4678,direct,0.1000,50.0000,-69.8817
467.3,node[15],1,6399.0324,3546.2809,1.8950,27.4080,-0.1740,2.6565,-831179687#21,-83.5463,-5.0000,100.0000,default,22,rsu(676m),3502,133472,0.0180,676,2.0161,2,2,-83.5463,-100.5360,direct,0.1000,50.0000,-72.0192
467.4,node[15],1,6396.6067,3545.0025,1.8950,27.4187,0.1066,2.6565,-831179687#21,-85.4637,-5.0000,100.0000,default,22,rsu(674m),3503,133535,0.0180,674,2.0212,2,2,-85.4637,-102.4534,direct,0.1000,50.0000,-73.6921
467.5,node[15],1,6394.1830,3543.7251,1.8950,27.3964,-0.2221,2.6565,-831179687#21,-89.2747,-5.0000,100.0000,default,22,rsu(671m),3504,133596,0.0180,671,2.0244,2,2,-89.2747,-106.2644,direct,0.1000,50.0000,-75.0476
467.6,node[15],1,6391.7599,3542.4480,1.8950,27.3891,-0.0739,2.6565,-831179687#21,-82.0873,-2.8044,100.0000,default,22,rsu(669m),3505,133658,0.0520,669,2.0198,3,4,-82.0873,-99.0770,direct,0.1000,49.2000,-76.1753
467.7,node[15],1,6389.3349,3541.1700,1.8950,27.4106,0.2152,2.6565,-831179687#21,-82.2539,-2.9731,100.0000,default,22,rsu(666m),3506,133722,0.0480,666,2.0160,3,4,-82.2539,-99.2436,direct,0.0500,49.2000,-77.1321
467.8,node[15],1,6386.9062,3539.8900,1.8950,27.4523,0.4174,2.6565,-831179687#21,-81.5892,-4.1812,100.0000,default,22,rsu(664m),3507,133786,0.0268,664,2.0192,2,2,-81.5892,-98.5789,direct,0.0500,51.2000,-77.9556
467.9,node[15],1,6384.4827,3538.6126,1.8950,27.3944,-0.5796,2.6565,-831179687#21,-88.7174,-5.0000,100.0000,default,22,rsu(661m),3508,133850,0.0180,661,2.0167,2,2,-88.7174,-105.7071,direct,0.0500,51.2000,-78.6696
468,node[15],1,6382.0491,3537.3301,1.8950,27.5075,1.1319,2.6565,-831179687#21,-87.0668,-5.0000,100.0000,default,22,rsu(659m),3509,133915,0.0180,659,2.0167,2,2,-87.0668,-104.0565,direct,0.0500,51.6000,-79.2969
468.1,node[15],1,6379.6241,3536.0520,1.8950,27.4110,-0.9660,2.6565,-831179687#21,-79.1323,-5.0000,100.0000,default,22,rsu(656m),3510,133979,0.0180,656,2.0132,2,2,-79.1323,-96.1220,direct,0.0500,51.6000,-79.8508
468.2,node[15],1,6377.1940,3534.7712,1.8950,27.4683,0.5731,2.6565,-831179687#21,-93.2868,-5.0000,100.0000,default,22,rsu(654m),3511,134044,0.0180,654,2.0240,2,2,-93.2868,-110.2765,direct,0.0500,51.6000,-80.3436
468.3,node[15],1,6374.7670,3533.4921,1.8950,27.4331,-0.3519,2.6565,-831179687#21,-82.7020,-5.0000,100.0000,default,22,rsu(651m),3512,134109,0.0180,651,2.0130,2,2,-82.7020,-99.6917,direct,0.0500,51.6000,-80.7829
468.4,node[15],1,6372.3434,3532.2148,1.8950,27.3949,-0.3821,2.6565,-831179687#21,-78.8427,-0.3890,100.0000,default,22,rsu(649m),3513,134176,0.1552,649,2.0231,4,6,-78.8427,-95.8324,direct,0.0500,52.8000,-81.1772
468.5,node[15],1,6369.9184,3530.9367,1.8950,27.4110,0.1618,2.6565,-831179687#21,-85.8865,-5.0000,100.0000,default,22,rsu(647m),3514,134239,0.0180,647,2.0169,2,2,-85.8865,-102.8762,direct,0.0500,52.8000,-81.5335
468.6,node[15],1,6367.4881,3529.6558,1.8950,27.4708,0.5976,2.6565,-831179687#21,-81.6200,-5.0000,100.0000,default,22,rsu(644m),3515,134303,0.0180,644,2.0201,2,2,-81.6200,-98.6097,direct,0.0500,50.8000,-81.8558
468.7,node[15],1,6365.0616,3528.3769,1.8950,27.4276,-0.4321,2.6565,-831179687#21,-81.4274,-5.0000,100.0000,default,22,rsu(642m),3516,134369,0.0180,642,2.0136,2,2,-81.4274,-98.4171,direct,0.0500,50.8000,-82.1488
468.8,node[15],1,6362.6378,3527.0995,1.8950,27.3972,-0.3043,2.6565,-831179687#21,-79.9464,-4.9421,100.0000,default,23,rsu(639m),3517,134434,0.0185,639,2.0176,2,2,-79.9464,-96.9361,direct,0.0500,52.4000,-82.3771
468.9,node[15],1,6360.2139,3525.8220,1.8950,27.3988,0.0165,2.6565,-831179687#21,-78.7156,0.6205,100.0000,default,23,rsu(637m),3518,134500,0.2333,637,2.0142,4,6,-78.7156,-95.7053,direct,0.0500,52.4000,-82.6188
469,node[15],1,6357.7820,3524.5403,1.8950,27.4889,0.9006,2.6565,-831179687#21,-91.9232,-5.0000,100.0000,default,23,rsu(634m),3519,134564,0.0180,634,2.0170,2,2,-91.9232,-108.9129,direct,0.0500,52.0000,-82.8403
469.1,node[15],1,6355.3588,3523.2631,1.8950,27.3903,-0.9854,2.6565,-831179687#21,-83.9621,-5.0000,100.0000,default,22,rsu(632m),3520,134629,0.0180,632,2.0220,2,2,-83.9621,-100.9518,direct,0.0500,52.0000,-83.0889
469.2,node[15],1,6352.9351,3521.9858,1.8950,27.3955,0.0520,2.6565,-831179687#21,-81.3940,-2.7447,100.0000,default,22,rsu(630m),3521,134695,0.0535,630,2.0209,3,4,-81.3940,-98.3837,direct,0.0500,52.4000,-83.2786
469.3,node[15],1,6350.5092,3520.7072,1.8950,27.4209,0.2538,2.6565,-831179687#21,-78.1550,-0.4802,100.0000,default,22,rsu(627m),3522,134760,0.1493,627,2.0219,4,6,-78.1550,-95.1447,direct,0.0500,52.4000,-83.4538
469.4,node[15],1,6348.0783,3519.4260,1.8950,27.4772,0.5630,2.6565,-831179687#21,-78.9726,-0.7870,100.0000,default,22,rsu(625m),3523,134825,0.1308,625,2.0244,4,6,-78.9726,-95.9623,direct,0.0500,52.0000,-83.6162
469.5,node[15],1,6345.6509,3518.1467,1.8950,27.4383,-0.3891,2.6565,-831179687#21,-79.9915,-1.7447,100.0000,default,22,rsu(622m),3524,134889,0.0853,622,2.0122,3,4,-79.9915,-96.9812,direct,0.0500,52.0000,-83.7670
469.6,node[15],1,6343.2278,3516.8696,1.8950,27.3897,-0.4858,2.6565,-831179687#21,-81.4497,-3.5650,100.0000,default,22,rsu(620m),3525,134953,0.0362,620,2.0176,2,2,-81.4497,-98.4394,direct,0.0500,51.2000,-83.9069
469.7,node[15],1,6340.7952,3515.5875,1.8950,27.4966,1.0689,2.6565,-831179687#21,-77.4372,-0.0886,100.0000,default,22,rsu(618m),3526,135019,0.1759,618,2.0125,4,6,-77.4372,-94.4269,direct,0.0500,51.2000,-84.0377
469.8,node[15],1,6338.3656,3514.3070,1.8950,27.4627,-0.3394,2.6565,-831179687#21,-79.3349,-2.1130,100.0000,default,22,rsu(615m),3527,135083,0.0720,615,2.0177,3,4,-79.3349,-96.3246,direct,0.0500,52.0000,-84.1593
469.9,node[15],1,6335.9325,3513.0247,1.8950,27.5021,0.3939,2.6565,-831179687#21,-86.6170,-5.0000,100.0000,default,22,rsu(613m),3528,135147,0.0180,613,2.0192,2,2,-86.6170,-103.6067,direct,0.0500,52.0000,-84.2736
470,node[15],1,6333.5042,3511.7449,1.8950,27.4476,-0.5449,2.6565,-831179687#21,-82.4085,-3.7794,100.0000,default,22,rsu(610m),3529,135210,0.0326,610,2.0241,2,2,-82.4085,-99.3982,direct,0.0500,50.8000,-84.3804
470.1,node[15],1,6331.0757,3510.4649,1.8950,27.4512,0.0363,2.6565,-831179687#21,-79.4120,-2.6779,100.0000,default,21,rsu(608m),3530,135275,0.0553,608,2.0197,3,4,-79.4120,-96.4017,direct,0.0500,50.8000,-84.5432
470.2,node[15],1,6328.6444,3509.1835,1.8950,27.4819,0.3072,2.6565,-831179687#21,-83.6091,-5.0000,100.0000,default,21,rsu(606m),3531,135342,0.0180,606,2.0214,2,2,-83.6091,-100.5988,direct,0.0500,52.8000,-84.6387
470.3,node[15],1,6326.2171,3507.9042,1.8950,27.4365,-0.4543,2.6565,-831179687#21,-78.8890,-3.4525,100.0000,default,21,rsu(603m),3532,135408,0.0382,603,2.0137,2,2,-78.8890,-95.8787,direct,0.0500,52.8000,-84.7282
470.4,node[15],1,6323.7899,3506.6250,1.8950,27.4350,-0.0148,2.6565,-831179687#21,-80.1927,-5.0000,100.0000,default,21,rsu(601m),3533,135471,0.0180,601,2.0123,2,2,-80.1927,-97.1824,direct,0.0500,51.6000,-84.8126
470.5,node[15],1,6321.3664,3505.3477,1.8950,27.3948,-0.4023,2.6565,-831179687#21,-79.9717,-2.9170,100.0000,default,21,rsu(598m),3534,135534,0.0493,598,2.0179,3,4,-79.9717,-96.9614,direct,0.0500,51.6000,-84.8921
470.6,node[15],1,6318.9385,3504.0681,1.8950,27.4431,0.4830,2.6565,-831179687#21,-81.9053,-3.7760,100.0000,default,21,rsu(596m),3535,135598,0.0327,596,2.0244,2,2,-81.9053,-98.8950,direct,0.0500,50.8000,-84.9673
470.7,node[15],1,6316.5103,3502.7884,1.8950,27.4468,0.0369,2.6565,-831179687#21,-77.8264,-3.9529,100.0000,default,21,rsu(594m),3536,135662,0.0300,594,2.0151,2,2,-77.8264,-94.8161,direct,0.0500,50.8000,-85.0383
470.8,node[15],1,6314.0859,3501.5106,1.8950,27.4038,-0.4304,2.6565,-831179687#21,-78.5917,-0.3167,100.0000,default,21,rsu(591m),3537,135727,0.1600,591,2.0148,4,6,-78.5917,-95.5814,direct,0.0500,51.6000,-85.1052
470.9,node[15],1,6311.6534,3500.2286,1.8950,27.4963,0.9254,2.6565,-831179687#21,-85.6904,-5.0000,100.0000,default,21,rsu(589m),3538,135790,0.0180,589,2.0147,2,2,-85.6904,-102.6801,direct,0.0500,51.6000,-85.1686
471,node[15],1,6309.2210,3498.9500,1.8950,27.4788,-0.1747,2.6571,:227493531_4,-85.7433,-5.0000,100.0000,default,21,rsu(587m),3539,135853,0.0180,587,2.0203,2,2,-85.7433,-102.7330,direct,0.0500,50.4000,-85.2294
471.1,node[15],1,6306.7803,3497.6888,1.8950,27.4770,-0.0182,2.6616,:227493531_4,-81.6847,-3.4378,100.0000,default,21,rsu(584m),3540,135916,0.0385,584,2.0194,2,2,-81.6847,-98.6744,direct,0.0500,50.4000,-85.2865
471.2,node[15],1,6304.3397,3496.4276,1.8950,27.4763,-0.0070,2.6646,:227493531_4,-79.1784,-2.0115,100.0000,default,21,rsu(582m),3541,135976,0.0755,582,2.0137,3,4,-79.1784,-96.1681,direct,0.0500,49.2000,-85.3405
471.3,node[15],1,6301.9056,3495.1698,1.8950,27.4031,-0.7319,2.6646,:227493531_4,-74.1104,4.2465,100.0000,default,21,rsu(579m),3542,136039,0.6510,579,2.0244,6,10,-74.1104,-91.1001,direct,0.0500,49.2000,-85.3919
471.4,node[15],1,6299.4690,3493.9107,1.8950,27.4306,0.2749,2.6646,:227493531_4,-79.7413,-3.5773,100.0000,default,21,rsu(577m),3543,136102,0.0360,577,2.0164,2,2,-79.7413,-96.7310,direct,0.0500,50.4000,-85.4408
471.5,node[15],1,6297.0359,3492.6423,1.8950,27.4345,0.0394,2.6627,:8604359046_0,-81.9044,-3.2102,100.0000,default,21,rsu(575m),3544,136166,0.0429,575,2.0226,2,2,-81.9044,-98.8941,direct,0.0500,50.4000,-85.4873
471.6,node[15],1,6294.6132,3491.3636,1.8950,27.4048,-0.2974,2.6579,:8604359046_0,-76.0652,2.7097,100.0000,default,21,rsu(572m),3545,136228,0.4638,572,2.0246,5,8,-76.0652,-93.0549,direct,0.0500,50.4000,-85.5315
471.7,node[15],1,6292.1876,3490.0834,1.8950,27.4383,0.3350,2.6560,:8604359046_0,-100.6934,-5.0000,100.0000,default,21,rsu(570m),3546,136289,0.0180,570,2.0165,2,2,-100.6934,-117.6831,direct,0.0500,50.4000,-85.5734
471.8,node[15],1,6289.7765,3488.7843,1.8950,27.3896,-0.4865,2.6513,-831179687#19,-77.5356,1.4796,100.0000,default,21,rsu(568m),3547,136352,0.3186,568,2.0149,5,8,-77.5356,-94.5253,direct,0.0500,49.6000,-85.6134
471.9,node[15],1,6287.3630,3487.4793,1.8950,27.4379,0.4829,2.6459,-831179687#19,-83.2579,-5.0000,100.0000,default,21,rsu(565m),3548,136413,0.0180,565,2.0247,2,2,-83.2579,-100.2476,direct,0.0500,49.6000,-85.6518
472,node[15],1,6284.9506,3486.1750,1.8950,27.4243,-0.1357,2.6459,-831179687#19,-79.4136,-3.3169,100.0000,default,21,rsu(563m),3549,136477,0.0408,563,2.0223,2,2,-79.4136,-96.4033,direct,0.0500,50.0000,-85.6886
472.1,node[15],1,6282.5330,3484.8678,1.8950,27.4844,0.6002,2.6459,-831179687#19,-77.2354,-3.0350,100.0000,default,21,rsu(561m),3550,136539,0.0466,561,2.0129,2,2,-77.2354,-94.2251,direct,0.0500,50.0000,-85.7234
472.2,node[15],1,6280.1181,3483.5620,1.8950,27.4538,-0.3059,2.6459,-831179687#19,-77.7385,-2.2163,100.0000,default,21,rsu(558m),3551,136602,0.0686,558,2.0183,3,4,-77.7385,-94.7282,direct,0.0500,50.0000,-85.7564
472.3,node[15],1,6277.7048,3482.2572,1.8950,27.4345,-0.1923,2.6459,-831179687#19,-81.4023,-2.9753,100.0000,default,21,rsu(556m),3552,136664,0.0480,556,2.0159,3,4,-81.4023,-98.3920,direct,0.0500,50.0000,-85.7881
472.4,node[15],1,6275.2952,3480.9544,1.8950,27.3932,-0.4135,2.6459,-831179687#19,-79.2288,-0.6950,100.0000,default,21,rsu(554m),3553,136726,0.1362,554,2.0184,4,6,-79.2288,-96.2185,direct,0.0500,49.6000,-85.8183
472.5,node[15],1,6272.8856,3479.6515,1.8950,27.3934,0.0020,2.6459,-831179687#19,-83.9979,-5.0000,100.0000,default,21,rsu(551m),3554,136788,0.0180,551,2.0154,2,2,-83.9979,-100.9876,direct,0.0500,49.6000,-85.8472
472.6,node[15],1,6270.4699,3478.3454,1.8950,27.4621,0.6870,2.6459,-831179687#19,-83.2791,-5.0000,100.0000,default,21,rsu(549m),3555,136851,0.0180,549,2.0216,2,2,-83.2791,-100.2688,direct,0.0500,50.0000,-85.8746
472.7,node[15],1,6268.0523,3477.0382,1.8950,27.4836,0.2155,2.6459,-831179687#19,-83.2130,-5.0000,100.0000,default,21,rsu(547m),3556,136913,0.0180,547,2.0193,2,2,-83.2130,-100.2027,direct,0.0500,50.0000,-85.9006
472.8,node[15],1,6265.6397,3475.7337,1.8950,27.4275,-0.5616,2.6459,-831179687#19,-80.6724,-4.1969,100.0000,default,21,rsu(544m),3557,136977,0.0266,544,2.0166,2,2,-80.6724,-97.6621,direct,0.0500,50.4000,-85.9259
472.9,node[15],1,6263.2260,3474.4287,1.8950,27.4392,0.1169,2.6459,-831179687#19,-78.2487,0.9789,100.0000,default,21,rsu(542m),3558,137040,0.2669,542,2.0165,4,6,-78.2487,-95.2384,direct,0.0500,50.4000,-85.9496
473,node[15],1,6260.8100,3473.1223,1.8950,27.4663,0.2709,2.6459,-831179687#19,-88.2730,-5.0000,100.0000,default,21,rsu(540m),3559,137103,0.0180,540,2.0177,2,2,-88.2730,-105.2627,direct,0.0500,50.4000,-85.9724
473.1,node[15],1,6258.3901,3471.8139,1.8950,27.5095,0.4326,2.6459,-831179687#19,-83.6133,-5.0000,100.0000,default,20,rsu(537m),3560,137163,0.0180,537,2.0201,2,2,-83.6133,-100.6030,direct,0.0500,50.4000,-86.0017
473.2,node[15],1,6255.9807,3470.5112,1.8950,27.3913,-1.1822,2.6459,-831179687#19,-76.8643,1.2133,100.0000,default,20,rsu(535m),3561,137223,0.2904,535,2.0225,5,8,-76.8643,-93.8540,direct,0.0500,48.0000,-86.0216
473.3,node[15],1,6253.5696,3469.2075,1.8950,27.4099,0.1858,2.6459,-831179687#19,-78.6935,0.4492,100.0000,default,20,rsu(533m),3562,137288,0.2183,533,2.0122,4,6,-78.6935,-95.6832,direct,0.0500,48.0000,-86.0415
473.4,node[15],1,6251.1490,3467.8987,1.8950,27.5180,1.0808,2.6459,-831179687#19,-77.3181,0.3962,100.0000,default,20,rsu(531m),3563,137351,0.2138,531,2.0123,4,6,-77.3181,-94.3078,direct,0.0500,51.2000,-86.0596
473.5,node[15],1,6248.7393,3466.5958,1.8950,27.3948,-1.2313,2.6459,-831179687#19,-82.9493,-5.0000,100.0000,default,20,rsu(528m),3564,137415,0.0180,528,2.0180,2,2,-82.9493,-99.9390,direct,0.0500,51.2000,-86.0771
473.6,node[15],1,6246.3264,3465.2912,1.8950,27.4299,0.3503,2.6459,-831179687#19,-76.9105,-0.5027,100.0000,default,20,rsu(526m),3565,137477,0.1479,526,2.0214,4,6,-76.9105,-93.9002,direct,0.0500,50.4000,-86.0936
473.7,node[15],1,6243.9132,3463.9864,1.8950,27.4341,0.0427,2.6459,-831179687#19,-78.7860,-0.5237,100.0000,default,20,rsu(524m),3566,137540,0.1466,524,2.0246,4,6,-78.7860,-95.7757,direct,0.0500,50.4000,-86.1093
473.8,node[15],1,6241.4968,3462.6799,1.8950,27.4699,0.3582,2.6459,-831179687#19,-79.8671,-2.8438,100.0000,default,20,rsu(521m),3567,137603,0.0511,521,2.0149,3,4,-79.8671,-96.8568,direct,0.0500,50.4000,-86.1238
473.9,node[15],1,6239.0829,3461.3747,1.8950,27.4425,-0.2743,2.6459,-831179687#19,-79.9923,-5.0000,100.0000,default,20,rsu(519m),3568,137666,0.0180,519,2.0133,2,2,-79.9923,-96.9820,direct,0.0500,50.4000,-86.1373
474,node[15],1,6236.6643,3460.0669,1.8950,27.4955,0.5296,2.6459,-831179687#19,-75.6544,2.8005,100.0000,default,20,rsu(517m),3569,137727,0.4751,517,2.0179,5,8,-75.6544,-92.6441,direct,0.0500,49.6000,-86.1501
474.1,node[15],1,6234.2476,3458.7602,1.8950,27.4739,-0.2153,2.6459,-831179687#19,-78.0551,0.1766,100.0000,default,20,rsu(515m),3570,137791,0.1960,515,2.0144,4,6,-78.0551,-95.0448,direct,0.0500,49.6000,-86.1619
474.2,node[15],1,6231.8287,3457.4524,1.8950,27.4986,0.2467,2.6459,-831179687#19,-74.3941,2.3144,100.0000,default,20,rsu(512m),3571,137854,0.4151,512,2.0178,5,8,-74.3941,-91.3838,direct,0.0500,50.8000,-86.1730
474.3,node[15],1,6229.4086,3456.1438,1.8950,27.5124,0.1380,2.6459,-831179687#19,-82.5928,-5.0000,100.0000,default,20,rsu(510m),3572,137918,0.0180,510,2.0181,2,2,-82.5928,-99.5825,direct,0.0500,50.8000,-86.1839
474.4,node[15],1,6226.9923,3454.8374,1.8950,27.4687,-0.4372,2.6459,-831179687#19,-81.2823,-3.4940,100.0000,default,20,rsu(508m),3573,137981,0.0374,508,2.0222,2,2,-81.2823,-98.2720,direct,0.0500,50.8000,-86.1934
474.5,node[15],1,6224.5752,3453.5305,1.8950,27.4785,0.0979,2.6459,-831179687#19,-79.3993,-0.9922,100.0000,default,20,rsu(506m),3574,138045,0.1196,506,2.0213,4,6,-79.3993,-96.3890,direct,0.0500,50.8000,-86.2027
474.6,node[15],1,6222.1593,3452.2242,1.8950,27.4640,-0.1446,2.6459,-831179687#19,-77.8911,1.4954,100.0000,default,20,rsu(503m),3575,138107,0.3203,503,2.0246,5,8,-77.8911,-94.8808,direct,0.0500,50.4000,-86.2109
474.7,node[15],1,6219.7436,3450.9180,1.8950,27.4632,-0.0089,2.6459,-831179687#19,-79.9368,-5.0000,100.0000,default,20,rsu(501m),3576,138171,0.0180,501,2.0207,2,2,-79.9368,-96.9265,direct,0.0500,50.4000,-86.2189
474.8,node[15],1,6217.3270,3449.6114,1.8950,27.4727,0.0955,2.6459,-831179687#19,-73.4794,3.3118,100.0000,default,20,rsu(499m),3577,138234,0.5389,499,2.0126,6,10,-73.4794,-90.4691,direct,0.0500,50.8000,-86.2261
474.9,node[15],1,6214.9073,3448.3031,1.8950,27.5078,0.3506,2.6459,-831179687#19,-81.8991,-3.3545,100.0000,default,20,rsu(497m),3578,138297,0.0400,497,2.0151,2,2,-81.8991,-98.8888,direct,0.0500,50.8000,-86.2327
475,node[15],1,6212.4877,3446.9948,1.8950,27.5066,-0.0113,2.6459,-831179687#19,-79.1713,-0.8164,100.0000,default,20,rsu(494m),3579,138359,0.1292,494,2.0199,4,6,-79.1713,-96.1610,direct,0.0500,50.0000,-86.2386
475.1,node[15],1,6210.0761,3445.6909,1.8950,27.4160,-0.9062,2.6459,-831179687#19,-80.3004,-4.5443,100.0000,default,20,rsu(492m),3580,138422,0.0225,492,2.0156,2,2,-80.3004,-97.2901,direct,0.0500,50.0000,-86.2443
475.2,node[15],1,6207.6657,3444.3876,1.8950,27.4017,-0.1434,2.6459,-831179687#19,-78.1612,1.1436,100.0000,default,20,rsu(490m),3581,138485,0.2833,490,2.0126,5,8,-78.1612,-95.1509,direct,0.0500,50.4000,-86.2494
475.3,node[15],1,6205.2545,3443.0839,1.8950,27.4110,0.0929,2.6459,-831179687#19,-81.6585,-4.4773,100.0000,default,20,rsu(488m),3582,138549,0.0232,488,2.0182,2,2,-81.6585,-98.6482,direct,0.0500,50.4000,-86.2546
475.4,node[15],1,6202.8452,3441.7812,1.8950,27.3899,-0.2110,2.6459,-831179687#19,-84.6319,-5.0000,100.0000,default,20,rsu(486m),3583,138611,0.0180,486,2.0128,2,2,-84.6319,-101.6216,direct,0.0500,50.4000,-86.2588
475.5,node[15],1,6200.4253,3440.4728,1.8950,27.5105,1.2064,2.6459,-831179687#19,-79.5215,-1.0977,100.0000,default,20,rsu(483m),3584,138675,0.1142,483,2.0124,3,4,-79.5215,-96.5112,direct,0.0500,50.4000,-86.2631
475.6,node[15],1,6198.0076,3439.1656,1.8950,27.4848,-0.2566,2.6459,-831179687#19,-83.8488,-4.5475,100.0000,default,20,rsu(481m),3585,138738,0.0225,481,2.0189,2,2,-83.8488,-100.8385,direct,0.0500,50.8000,-86.2669
475.7,node[15],1,6195.5951,3437.8611,1.8950,27.4261,-0.5874,2.6459,-831179687#19,-84.2290,-5.0000,100.0000,default,21,rsu(479m),3586,138802,0.0180,479,2.0229,2,2,-84.2290,-101.2187,direct,0.0500,50.8000,-86.1768
475.8,node[15],1,6193.1772,3436.5538,1.8950,27.4866,0.6052,2.6459,-831179687#19,-80.0720,-3.9255,100.0000,default,21,rsu(477m),3587,138863,0.0304,477,2.0248,2,2,-80.0720,-97.0617,direct,0.0500,50.0000,-86.1795
475.9,node[15],1,6190.7604,3435.2471,1.8950,27.4753,-0.1128,2.6459,-831179687#19,-81.8369,-5.0000,100.0000,default,21,rsu(475m),3588,138926,0.0180,475,2.0223,2,2,-81.8369,-98.8266,direct,0.0500,50.0000,-86.1822
476,node[15],1,6188.3506,3433.9441,1.8950,27.3953,-0.8001,2.6459,-831179687#19,-84.3227,-5.0000,100.0000,default,21,rsu(473m),3589,138989,0.0180,473,2.0125,2,2,-84.3227,-101.3124,direct,0.0500,50.4000,-86.1844
476.1,node[15],1,6185.9347,3432.6379,1.8950,27.4646,0.6924,2.6459,-831179687#19,-86.4765,-5.0000,100.0000,default,21,rsu(470m),3590,139051,0.0180,470,2.0170,2,2,-86.4765,-103.4662,direct,0.0500,50.4000,-86.1867
476.2,node[15],1,6183.5234,3431.3341,1.8950,27.4120,-0.5255,2.6459,-831179687#19,-79.1347,-2.9506,100.0000,default,21,rsu(468m),3591,139113,0.0486,468,2.0239,3,4,-79.1347,-96.1244,direct,0.0500,49.6000,-86.1886
476.3,node[15],1,6181.1097,3430.0290,1.8950,27.4402,0.2819,2.6459,-831179687#19,-83.4800,-5.0000,100.0000,default,21,rsu(466m),3592,139176,0.0180,466,2.0175,2,2,-83.4800,-100.4697,direct,0.0500,49.6000,-86.1911
476.4,node[15],1,6178.6977,3428.7249,1.8950,27.4199,-0.2030,2.6459,-831179687#19,-77.6414,-1.5951,100.0000,default,21,rsu(464m),3593,139237,0.0913,464,2.0131,3,4,-77.6414,-94.6311,direct,0.0500,49.6000,-86.1928
476.5,node[15],1,6176.2799,3427.4176,1.8950,27.4860,0.6604,2.6459,-831179687#19,-79.5977,-4.3244,100.0000,default,21,rsu(462m),3594,139299,0.0250,462,2.0218,2,2,-79.5977,-96.5874,direct,0.0500,49.6000,-86.1944
476.6,node[15],1,6173.8673,3426.1131,1.8950,27.4278,-0.5812,2.6459,-831179687#19,-76.4106,-0.0091,100.0000,default,21,rsu(460m),3595,139361,0.1817,460,2.0136,4,6,-76.4106,-93.4003,direct,0.0500,49.6000,-86.1960
476.7,node[15],1,6171.4537,3424.8081,1.8950,27.4384,0.1058,2.6459,-831179687#19,-79.8506,-3.1056,100.0000,default,21,rsu(458m),3596,139425,0.0451,458,2.0222,2,2,-79.8506,-96.8403,direct,0.0500,49.6000,-86.1979
476.8,node[15],1,6169.0375,3423.5017,1.8950,27.4679,0.2944,2.6459,-831179687#19,-77.0934,-1.0810,100.0000,default,21,rsu(455m),3597,139488,0.1150,455,2.0132,3,4,-77.0934,-94.0831,direct,0.0500,50.8000,-86.1994
476.9,node[15],1,6166.6256,3422.1976,1.8950,27.4196,-0.4830,2.6459,-831179687#19,-77.8856,-3.7852,100.0000,default,21,rsu(453m),3598,139551,0.0325,453,2.0180,2,2,-77.8856,-94.8753,direct,0.0500,50.8000,-86.2007
477,node[15],1,6164.2111,3420.8921,1.8950,27.4480,0.2847,2.6459,-831179687#19,-82.7187,-5.0000,100.0000,default,21,rsu(451m),3599,139613,0.0180,451,2.0126,2,2,-82.7187,-99.7084,direct,0.0500,50.0000,-86.2019
477.1,node[15],1,6161.7984,3419.5875,1.8950,27.4289,-0.1918,2.6459,-831179687#19,-96.4681,-5.0000,100.0000,default,21,rsu(449m),3600,139674,0.0180,449,2.0217,2,2,-96.4681,-113.4578,direct,0.0500,50.0000,-86.2028
477.2,node[15],1,6159.3781,3418.2789,1.8950,27.5146,0.8571,2.6459,-831179687#19,-75.1675,3.5802,100.0000,default,21,rsu(447m),3601,139737,0.5720,447,2.0188,6,10,-75.1675,-92.1572,direct,0.0500,49.6000,-86.2040
477.3,node[15],1,6156.9619,3416.9725,1.8950,27.4683,-0.4626,2.6459,-831179687#19,-74.4376,2.0315,100.0000,default,21,rsu(445m),3602,139799,0.3813,445,2.0246,5,8,-74.4376,-91.4273,direct,0.0500,49.6000,-86.2060
477.4,node[15],1,6154.5446,3415.6655,1.8950,27.4804,0.1207,2.6459,-831179687#19,-76.7827,-0.0785,100.0000,default,21,rsu(443m),3603,139862,0.1766,443,2.0248,4,6,-76.7827,-93.7724,direct,0.0500,50.0000,-86.2072
477.5,node[15],1,6152.1301,3414.3600,1.8950,27.4480,-0.3243,2.6459,-831179687#19,-75.4152,-1.5476,100.0000,default,21,rsu(441m),3604,139925,0.0933,441,2.0224,3,4,-75.4152,-92.4049,direct,0.0500,50.0000,-86.2085
477.6,node[15],1,6149.7181,3413.0558,1.8950,27.4212,-0.2675,2.6459,-831179687#19,-81.2294,-5.0000,100.0000,default,21,rsu(439m),3605,139988,0.0180,439,2.0136,2,2,-81.2294,-98.2191,direct,0.0500,50.4000,-86.2097
477.7,node[15],1,6147.3049,3411.7510,1.8950,27.4338,0.1255,2.6459,-831179687#19,-75.6083,3.5040,100.0000,default,21,rsu(437m),3606,140052,0.5627,437,2.0138,6,10,-75.6083,-92.5980,direct,0.0500,50.4000,-86.2112
477.8,node[15],1,6144.8914,3410.4461,1.8950,27.4369,0.0311,2.6459,-831179687#19,-73.0212,2.1518,100.0000,default,21,rsu(435m),3607,140113,0.3955,435,2.0238,5,8,-73.0212,-90.0109,direct,0.0500,50.0000,-86.2123
477.9,node[15],1,6142.4810,3409.1428,1.8950,27.4026,-0.3426,2.6459,-831179687#19,-78.7243,-1.4070,100.0000,default,21,rsu(433m),3608,140175,0.0994,433,2.0217,3,4,-78.7243,-95.7140,direct,0.0500,50.0000,-86.2134
478,node[15],1,6140.0667,3407.8374,1.8950,27.4462,0.4362,2.6459,-831179687#19,-75.0674,-0.5812,100.0000,default,21,rsu(431m),3609,140238,0.1430,431,2.0123,4,6,-75.0674,-92.0571,direct,0.0500,50.0000,-86.2143
478.1,node[15],1,6137.6540,3406.5329,1.8950,27.4284,-0.1782,2.6459,-831179687#19,-83.5765,-5.0000,100.0000,default,20,rsu(429m),3610,140302,0.0180,429,2.0146,2,2,-83.5765,-100.5662,direct,0.0500,50.0000,-86.3095
478.2,node[15],1,6135.2340,3405.2244,1.8950,27.5106,0.8221,2.6459,-831179687#19,-74.7911,1.6735,100.0000,default,20,rsu(427m),3611,140365,0.3400,427,2.0242,5,8,-74.7911,-91.7808,direct,0.0500,50.8000,-86.3102
478.3,node[15],1,6132.8162,3403.9171,1.8950,27.4868,-0.2386,2.6459,-831179687#19,-74.5142,2.7229,100.0000,default,20,rsu(425m),3612,140427,0.4654,425,2.0138,5,8,-74.5142,-91.5039,direct,0.0500,50.8000,-86.3108
478.4,node[15],1,6130.4048,3402.6133,1.8950,27.4131,-0.7369,2.6459,-831179687#19,-78.9946,-0.9806,100.0000,default,20,rsu(423m),3613,140489,0.1202,423,2.0205,4,6,-78.9946,-95.9843,direct,0.0500,49.6000,-86.3113
478.5,node[15],1,6127.9877,3401.3064,1.8950,27.4789,0.6583,2.6459,-831179687#19,-77.3108,-3.0560,100.0000,default,20,rsu(421m),3614,140552,0.0462,421,2.0140,2,2,-77.3108,-94.3005,direct,0.0500,49.6000,-86.3121
478.6,node[15],1,6125.5752,3400.0020,1.8950,27.4257,-0.5319,2.6459,-831179687#19,-79.1905,-3.4343,100.0000,default,20,rsu(419m),3615,140613,0.0385,419,2.0137,2,2,-79.1905,-96.1802,direct,0.0500,49.6000,-86.3126
478.7,node[15],1,6123.1635,3398.6980,1.8950,27.4165,-0.0921,2.6459,-831179687#19,-76.1247,-1.7052,100.0000,default,20,rsu(417m),3616,140675,0.0869,417,2.0241,3,4,-76.1247,-93.1144,direct,0.0500,49.6000,-86.3140
478.8,node[15],1,6120.7434,3397.3894,1.8950,27.5131,0.9660,2.6459,-831179687#19,-78.8705,-4.2577,100.0000,default,20,rsu(415m),3617,140738,0.0259,415,2.0160,2,2,-78.8705,-95.8602,direct,0.0500,50.0000,-86.3145
478.9,node[15],1,6118.3275,3396.0832,1.8950,27.4641,-0.4898,2.6459,-831179687#19,-80.8452,-3.7673,100.0000,default,20,rsu(413m),3618,140802,0.0328,413,2.0216,2,2,-80.8452,-97.8349,direct,0.0500,50.0000,-86.3153
479,node[15],1,6115.9161,3394.7794,1.8950,27.4136,-0.5047,2.6459,-831179687#19,-78.6021,-0.1940,100.0000,default,20,rsu(411m),3619,140864,0.1684,411,2.0136,4,6,-78.6021,-95.5918,direct,0.0500,50.4000,-86.3162
479.1,node[15],1,6113.4983,3393.4721,1.8950,27.4864,0.7280,2.6459,-831179687#19,-76.7546,1.7754,100.0000,default,19,rsu(409m),3620,140926,0.3515,409,2.0187,5,8,-76.7546,-93.7443,direct,0.0500,50.4000,-86.4134
479.2,node[15],1,6111.0817,3392.1655,1.8950,27.4721,-0.1438,2.6459,-831179687#19,-71.0432,3.9833,100.0000,default,19,rsu(407m),3621,140989,0.6205,407,2.0169,6,10,-71.0432,-88.0329,direct,0.0500,50.0000,-86.4139
479.3,node[15],1,6108.6717,3390.8624,1.8950,27.3977,-0.7438,2.6459,-831179687#19,-77.7711,0.4342,100.0000,default,19,rsu(405m),3622,141052,0.2171,405,2.0197,4,6,-77.7711,-94.7608,direct,0.0500,50.0000,-86.4146
479.4,node[15],1,6106.2591,3389.5579,1.8950,27.4272,0.2955,2.6459,-831179687#19,-79.6606,-1.6895,100.0000,default,19,rsu(403m),3623,141116,0.0875,403,2.0135,3,4,-79.6606,-96.6503,direct,0.0500,50.8000,-86.4156
479.5,node[15],1,6103.8466,3388.2535,1.8950,27.4265,-0.0069,2.6459,-831179687#19,-86.0676,-5.0000,100.0000,default,19,rsu(401m),3624,141178,0.0180,401,2.0218,2,2,-86.0676,-103.0573,direct,0.0500,50.8000,-86.4160
479.6,node[15],1,6101.4349,3386.9495,1.8950,27.4169,-0.0962,2.6459,-831179687#19,-80.3217,-1.2989,100.0000,default,20,rsu(400m),3625,141240,0.1044,400,2.0250,3,4,-80.3217,-97.3114,direct,0.0500,49.6000,-86.3194
479.7,node[15],1,6099.0222,3385.6450,1.8950,27.4276,0.1066,2.6459,-831179687#19,-75.4247,1.9980,100.0000,default,20,rsu(398m),3626,141304,0.3773,398,2.0153,5,8,-75.4247,-92.4144,direct,0.0500,49.6000,-86.3188
479.8,node[15],1,6096.6017,3384.3362,1.8950,27.5175,0.8995,2.6459,-831179687#19,-75.4526,1.0106,100.0000,default,20,rsu(396m),3627,141367,0.2700,396,2.0201,5,8,-75.4526,-92.4423,direct,0.0500,50.8000,-86.3181
479.9,node[15],1,6094.1921,3383.0334,1.8950,27.3926,-1.2494,2.6459,-831179687#19,-76.5460,1.2070,100.0000,default,20,rsu(394m),3628,141430,0.2898,394,2.0125,5,8,-76.5460,-93.5357,direct,0.0500,50.8000,-86.3170
480,node[15],1,6091.7749,3381.7264,1.8950,27.4799,0.8728,2.6459,-831179687#19,-74.0112,-0.0297,100.0000,default,20,rsu(392m),3629,141493,0.1802,392,2.0213,4,6,-74.0112,-91.0009,direct,0.0500,50.4000,-86.3161
480.1,node[15],1,6089.3649,3380.4233,1.8950,27.3974,-0.8244,2.6459,-831179687#19,-79.9040,-1.0864,100.0000,default,20,rsu(390m),3630,141555,0.1147,390,2.0194,3,4,-79.9040,-96.8937,direct,0.0500,50.4000,-86.3154
480.2,node[15],1,6086.9490,3379.1171,1.8950,27.4650,0.6760,2.6459,-831179687#19,-77.1105,-1.0841,100.0000,default,20,rsu(388m),3631,141617,0.1149,388,2.0153,3,4,-77.1105,-94.1002,direct,0.0500,49.6000,-86.3143
480.3,node[15],1,6084.5283,3377.8082,1.8950,27.5188,0.5381,2.6459,-831179687#19,-74.8439,1.2918,100.0000,default,20,rsu(387m),3632,141678,0.2986,387,2.0124,5,8,-74.8439,-91.8336,direct,0.0500,49.6000,-86.3132
480.4,node[15],1,6082.1087,3376.5000,1.8950,27.5065,-0.1230,2.6459,-831179687#19,-76.6506,2.4416,100.0000,default,20,rsu(385m),3633,141742,0.4307,385,2.0248,5,8,-76.6506,-93.6403,direct,0.0500,50.0000,-86.3123
480.5,node[15],1,6079.6927,3375.1936,1.8950,27.4659,-0.4061,2.6459,-831179687#19,-72.7908,4.5684,100.0000,default,20,rsu(383m),3634,141805,0.6866,383,2.0197,6,10,-72.7908,-89.7805,direct,0.0500,50.0000,-86.3112
480.6,node[15],1,6077.2823,3373.8904,1.8950,27.4018,-0.6411,2.6459,-831179687#19,-75.9094,-0.0163,100.0000,default,20,rsu(381m),3635,141868,0.1812,381,2.0173,4,6,-75.9094,-92.8991,direct,0.0500,50.4000,-86.3104
480.7,node[15],1,6074.8681,3372.5850,1.8950,27.4457,0.4388,2.6459,-831179687#19,-74.5793,2.8938,100.0000,default,20,rsu(380m),3636,141931,0.4867,380,2.0149,5,8,-74.5793,-91.5690,direct,0.0500,50.4000,-86.3094
480.8,node[15],1,6072.4500,3371.2776,1.8950,27.4893,0.4361,2.6459,-831179687#19,-87.2560,-5.0000,100.0000,default,20,rsu(378m),3637,141993,0.0180,378,2.0178,2,2,-87.2560,-104.2457,direct,0.0500,50.0000,-86.3082
480.9,node[15],1,6070.0332,3369.9708,1.8950,27.4749,-0.1445,2.6459,-831179687#19,-73.0613,5.3086,100.0000,default,20,rsu(376m),3638,142056,0.7603,376,2.0221,7,12,-73.0613,-90.0510,direct,0.0500,50.0000,-86.3075
481,node[15],1,6067.6146,3368.6631,1.8950,27.4950,0.2014,2.6459,-831179687#19,-75.4458,1.0555,100.0000,default,20,rsu(374m),3639,142118,0.2744,374,2.0190,5,8,-75.4458,-92.4355,direct,0.0500,50.0000,-86.3064
481.1,node[15],1,6065.1953,3367.3550,1.8950,27.5033,0.0826,2.6459,-831179687#19,-73.6642,3.1321,100.0000,default,21,rsu(373m),3640,142181,0.5165,373,2.0143,6,10,-73.6642,-90.6539,direct,0.0500,50.0000,-86.2105
481.2,node[15],1,6062.7819,3366.0501,1.8950,27.4370,-0.6628,2.6459,-831179687#19,-90.2131,-5.0000,100.0000,default,21,rsu(371m),3641,142244,0.0180,371,2.0181,2,2,-90.2131,-107.2028,direct,0.0500,50.4000,-86.2083
481.3,node[15],1,6060.3692,3364.7456,1.8950,27.4284,-0.0862,2.6459,-831179687#19,-77.5611,-1.8428,100.0000,default,21,rsu(369m),3642,142307,0.0816,369,2.0177,3,4,-77.5611,-94.5508,direct,0.0500,50.4000,-86.2059
481.4,node[15],1,6057.9494,3363.4372,1.8950,27.5084,0.8007,2.6459,-831179687#19,-77.0547,-0.6160,100.0000,default,21,rsu(368m),3643,142371,0.1409,368,2.0168,4,6,-77.0547,-94.0444,direct,0.0500,50.8000,-86.2035
481.5,node[15],1,6055.5324,3362.1254,1.8950,27.5061,-0.0230,2.6450,:227555793_0,-75.6855,3.5080,100.0000,default,21,rsu(366m),3644,142432,0.5632,366,2.0177,6,10,-75.6855,-92.6752,direct,0.0500,50.8000,-86.2006
481.6,node[15],1,6053.1226,3360.8066,1.8950,27.4856,-0.2056,2.6423,:227555793_0,-71.4958,3.0371,100.0000,default,21,rsu(364m),3645,142496,0.5046,364,2.0134,6,10,-71.4958,-88.4855,direct,0.0500,50.0000,-86.1979
481.7,node[15],1,6050.7144,3359.4887,1.8950,27.4680,-0.1759,2.6409,:227555793_0,-79.0842,-4.1851,100.0000,default,21,rsu(363m),3646,142557,0.0268,363,2.0237,2,2,-79.0842,-96.0739,direct,0.0500,50.0000,-86.1949
481.8,node[15],1,6048.3098,3358.1728,1.8950,27.4257,-0.4233,2.6409,:227555793_0,-82.5917,-4.1830,100.0000,default,21,rsu(361m),3647,142619,0.0268,361,2.0157,2,2,-82.5917,-99.5814,direct,0.0500,49.2000,-86.1920
481.9,node[15],1,6045.9046,3356.8565,1.8950,27.4344,0.0874,2.6409,:227555793_0,-80.5769,-5.0000,100.0000,default,21,rsu(359m),3648,142681,0.0180,359,2.0222,2,2,-80.5769,-97.5666,direct,0.0500,49.2000,-86.1889
482,node[15],1,6043.4981,3355.5384,1.8950,27.4514,0.1698,2.6407,-831179687#18,-80.4554,-1.7525,100.0000,default,21,rsu(358m),3649,142742,0.0850,358,2.0196,3,4,-80.4554,-97.4451,direct,0.0500,49.2000,-86.1857
482.1,node[15],1,6041.0930,3354.2090,1.8950,27.4802,0.2882,2.6383,-831179687#18,-72.5336,1.9527,100.0000,default,21,rsu(356m),3650,142804,0.3720,356,2.0247,5,8,-72.5336,-89.5233,direct,0.0500,49.2000,-86.1824
482.2,node[15],1,6038.6939,3352.8829,1.8950,27.4119,-0.6829,2.6366,-831179687#18,-73.4376,5.4961,100.0000,default,21,rsu(355m),3651,142865,0.7770,355,2.0187,7,12,-73.4376,-90.4273,direct,0.0500,49.2000,-86.1791
482.3,node[15],1,6036.2926,3351.5555,1.8950,27.4371,0.2521,2.6366,-831179687#18,-79.6237,-2.7403,100.0000,default,21,rsu(353m),3652,142928,0.0536,353,2.0212,3,4,-79.6237,-96.6134,direct,0.0500,49.2000,-86.1760
482.4,node[15],1,6033.8847,3350.2245,1.8950,27.5119,0.7480,2.6366,-831179687#18,-72.9411,6.4410,100.0000,default,21,rsu(351m),3653,142989,0.8482,351,2.0189,7,12,-72.9411,-89.9308,direct,0.0500,49.6000,-86.1725
482.5,node[15],1,6031.4801,3348.8954,1.8950,27.4750,-0.3697,2.6366,-831179687#18,-72.2599,4.7037,100.0000,default,21,rsu(350m),3654,143050,0.7010,350,2.0192,6,10,-72.2599,-89.2496,direct,0.0500,49.6000,-86.1688
482.6,node[15],1,6029.0802,3347.5688,1.8950,27.4210,-0.5399,2.6366,-831179687#18,-76.4095,-2.3143,100.0000,default,21,rsu(348m),3655,143111,0.0656,348,2.0231,3,4,-76.4095,-93.3992,direct,0.0500,48.8000,-86.1651
482.7,node[15],1,6026.6786,3346.2413,1.8950,27.4396,0.1861,2.6366,-831179687#18,-85.2834,-5.0000,100.0000,default,21,rsu(347m),3656,143172,0.0180,347,2.0177,2,2,-85.2834,-102.2731,direct,0.0500,48.8000,-86.1613
482.8,node[15],1,6024.2797,3344.9153,1.8950,27.4094,-0.3013,2.6366,-831179687#18,-77.8305,-0.7085,100.0000,default,21,rsu(345m),3657,143235,0.1354,345,2.0231,4,6,-77.8305,-94.8202,direct,0.0500,49.6000,-86.1578
482.9,node[15],1,6021.8805,3343.5892,1.8950,27.4126,0.0314,2.6366,-831179687#18,-75.9028,1.9650,100.0000,default,21,rsu(344m),3658,143298,0.3734,344,2.0246,5,8,-75.9028,-92.8925,direct,0.0500,49.6000,-86.1537
483,node[15],1,6019.4828,3342.2638,1.8950,27.3960,-0.1657,2.6366,-831179687#18,-75.3140,1.3731,100.0000,default,21,rsu(342m),3659,143361,0.3072,342,2.0183,5,8,-75.3140,-92.3037,direct,0.0500,50.4000,-86.1497
483.1,node[15],1,6017.0844,3340.9381,1.8950,27.4032,0.0717,2.6366,-831179687#18,-77.5245,-1.0661,100.0000,default,21,rsu(341m),3660,143422,0.1158,341,2.0171,3,4,-77.5245,-94.5142,direct,0.0500,50.4000,-86.1455
483.2,node[15],1,6014.6844,3339.6114,1.8950,27.4226,0.1946,2.6366,-831179687#18,-72.9842,4.2785,100.0000,default,21,rsu(339m),3661,143486,0.6546,339,2.0249,6,10,-72.9842,-89.9739,direct,0.0500,50.0000,-86.1411
483.3,node[15],1,6012.2838,3338.2845,1.8950,27.4291,0.0645,2.6366,-831179687#18,-72.3897,3.3359,100.0000,default,21,rsu(338m),3662,143550,0.5419,338,2.0250,6,10,-72.3897,-89.3794,direct,0.0500,50.0000,-86.1367
483.4,node[15],1,6009.8844,3336.9582,1.8950,27.4144,-0.1473,2.6366,-831179687#18,-73.4576,4.1890,100.0000,default,21,rsu(337m),3663,143611,0.6444,337,2.0229,6,10,-73.4576,-90.4473,direct,0.0500,50.0000,-86.1321
483.5,node[15],1,6007.4801,3335.6292,1.8950,27.4714,0.5706,2.6366,-831179687#18,-81.7182,-2.7684,100.0000,default,21,rsu(335m),3664,143672,0.0529,335,2.0173,3,4,-81.7182,-98.7079,direct,0.0500,50.0000,-86.1273
483.6,node[15],1,6005.0790,3334.3020,1.8950,27.4342,-0.3723,2.6366,-831179687#18,-76.1278,-1.7286,100.0000,default,21,rsu(334m),3665,143732,0.0859,334,2.0223,3,4,-76.1278,-93.1175,direct,0.0500,48.4000,-86.1223
483.7,node[15],1,6002.6770,3332.9743,1.8950,27.4447,0.1051,2.6366,-831179687#18,-82.6646,-5.0000,100.0000,default,21,rsu(332m),3666,143795,0.0180,332,2.0170,2,2,-82.6646,-99.6543,direct,0.0500,48.4000,-86.1175
483.8,node[15],1,6000.2711,3331.6444,1.8950,27.4892,0.4453,2.6366,-831179687#18,-76.3261,2.2868,100.0000,default,21,rsu(331m),3667,143856,0.4118,331,2.0197,5,8,-76.3261,-93.3158,direct,0.0500,49.6000,-86.1122
483.9,node[15],1,5997.8719,3330.3182,1.8950,27.4134,-0.7582,2.6366,-831179687#18,-79.6134,-5.0000,100.0000,default,21,rsu(330m),3668,143917,0.0180,330,2.0241,2,2,-79.6134,-96.6031,direct,0.0500,49.6000,-86.1067
484,node[15],1,5995.4733,3328.9924,1.8950,27.4060,-0.0744,2.6366,-831179687#18,-73.7235,1.6617,100.0000,default,21,rsu(329m),3669,143980,0.3387,329,2.0167,5,8,-73.7235,-90.7132,direct,0.0500,49.6000,-86.1012
484.1,node[15],1,5993.0649,3327.6611,1.8950,27.5179,1.1193,2.6366,-831179687#18,-79.9805,-2.2170,100.0000,default,21,rsu(327m),3670,144041,0.0686,327,2.0207,3,4,-79.9805,-96.9702,direct,0.0500,49.6000,-86.0953
484.2,node[15],1,5990.6591,3326.3313,1.8950,27.4877,-0.3017,2.6366,-831179687#18,-74.0719,2.0128,100.0000,default,21,rsu(326m),3671,144105,0.3790,326,2.0226,5,8,-74.0719,-91.0616,direct,0.0500,50.0000,-86.0893
484.3,node[15],1,5988.2518,3325.0007,1.8950,27.5051,0.1734,2.6366,-831179687#18,-78.8887,-1.0938,100.0000,default,21,rsu(325m),3672,144166,0.1144,325,2.0142,3,4,-78.8887,-95.8784,direct,0.0500,50.0000,-86.0831
484.4,node[15],1,5985.8534,3323.6750,1.8950,27.4038,-1.0124,2.6366,-831179687#18,-74.9207,-0.9127,100.0000,default,21,rsu(323m),3673,144229,0.1239,323,2.0246,4,6,-74.9207,-91.9104,direct,0.0500,49.6000,-86.0766
484.5,node[15],1,5983.4532,3322.3482,1.8950,27.4243,0.2040,2.6366,-831179687#18,-72.6687,6.2590,100.0000,default,21,rsu(322m),3674,144290,0.8361,322,2.0164,7,12,-72.6687,-89.6584,direct,0.0500,49.6000,-86.0699
484.6,node[15],1,5981.0500,3321.0198,1.8950,27.4588,0.3451,2.6366,-831179687#18,-77.0274,2.2883,100.0000,default,21,rsu(321m),3675,144354,0.4120,321,2.0225,5,8,-77.0274,-94.0171,direct,0.0500,50.0000,-86.0630
484.7,node[15],1,5978.6494,3319.6929,1.8950,27.4294,-0.2938,2.6366,-831179687#18,-80.2516,-5.0000,100.0000,default,21,rsu(320m),3676,144416,0.0180,320,2.0147,2,2,-80.2516,-97.2413,direct,0.0500,50.0000,-86.0558
484.8,node[15],1,5976.2472,3318.3650,1.8950,27.4470,0.1761,2.6366,-831179687#18,-78.2673,-1.4830,100.0000,default,21,rsu(319m),3677,144477,0.0961,319,2.0161,3,4,-78.2673,-95.2570,direct,0.0500,49.2000,-86.0483
484.9,node[15],1,5973.8434,3317.0363,1.8950,27.4652,0.1823,2.6366,-831179687#18,-72.7736,2.3164,100.0000,default,21,rsu(318m),3678,144539,0.4154,318,2.0242,5,8,-72.7736,-89.7633,direct,0.0500,49.2000,-86.0405
485,node[15],1,5971.4421,3315.7090,1.8950,27.4363,-0.2894,2.6366,-831179687#18,-74.5166,-0.1333,100.0000,default,21,rsu(317m),3679,144601,0.1727,317,2.0209,4,6,-74.5166,-91.5063,direct,0.0500,49.6000,-86.0326
485.1,node[15],1,5969.0386,3314.3805,1.8950,27.4624,0.2611,2.6366,-831179687#18,-73.7076,5.2444,100.0000,default,21,rsu(315m),3680,144661,0.7544,315,2.0163,7,12,-73.7076,-90.6973,direct,0.0500,49.6000,-86.0243
485.2,node[15],1,5966.6354,3313.0521,1.8950,27.4583,-0.0408,2.6366,-831179687#18,-71.4401,5.8289,100.0000,default,21,rsu(314m),3681,144722,0.8045,314,2.0151,7,12,-71.4401,-88.4298,direct,0.0500,48.4000,-86.0156
485.3,node[15],1,5964.2340,3311.7247,1.8950,27.4382,-0.2015,2.6366,-831179687#18,-74.4547,2.0162,100.0000,default,21,rsu(313m),3682,144785,0.3794,313,2.0246,5,8,-74.4547,-91.4444,direct,0.0500,48.4000,-86.0069
485.4,node[15],1,5961.8290,3310.3953,1.8950,27.4787,0.4053,2.6366,-831179687#18,-76.3954,0.7436,100.0000,default,21,rsu(312m),3683,144846,0.2445,312,2.0205,4,6,-76.3954,-93.3851,direct,0.0500,49.6000,-85.9976
485.5,node[15],1,5959.4289,3309.0686,1.8950,27.4233,-0.5538,2.6366,-831179687#18,-70.8309,3.8285,100.0000,default,21,rsu(311m),3684,144908,0.6021,311,2.0132,6,10,-70.8309,-87.8206,direct,0.0500,49.6000,-85.9880
485.6,node[15],1,5957.0240,3307.7393,1.8950,27.4776,0.5433,2.6366,-831179687#18,-77.2970,0.8798,100.0000,default,21,rsu(310m),3685,144971,0.2573,310,2.0212,4,6,-77.2970,-94.2867,direct,0.0500,50.0000,-85.9780
485.7,node[15],1,5954.6226,3306.4119,1.8950,27.4380,-0.3964,2.6366,-831179687#18,-74.4553,4.6531,100.0000,default,21,rsu(309m),3686,145033,0.6956,309,2.0153,6,10,-74.4553,-91.4450,direct,0.0500,50.0000,-85.9677
485.8,node[15],1,5952.2210,3305.0844,1.8950,27.4407,0.0275,2.6366,-831179687#18,-71.3932,3.5582,100.0000,default,21,rsu(308m),3687,145094,0.5693,308,2.0238,6,10,-71.3932,-88.3829,direct,0.0500,49.2000,-85.9569
485.9,node[15],1,5949.8199,3303.7572,1.8950,27.4339,-0.0680,2.6366,-831179687#18,-76.7552,-2.5927,100.0000,default,21,rsu(307m),3688,145154,0.0575,307,2.0210,3,4,-76.7552,-93.7449,direct,0.0500,49.2000,-85.9458
486,node[15],1,5947.4122,3302.4263,1.8950,27.5103,0.7631,2.6366,-831179687#18,-82.6593,-5.0000,100.0000,default,21,rsu(306m),3689,145214,0.0180,306,2.0208,2,2,-82.6593,-99.6490,direct,0.0500,48.0000,-85.9343
486.1,node[15],1,5945.0120,3301.0996,1.8950,27.4239,-0.8640,2.6366,-831179687#18,-72.4722,4.9242,100.0000,default,21,rsu(306m),3690,145276,0.7235,306,2.0126,6,10,-72.4722,-89.4619,direct,0.0500,48.0000,-85.9224
486.2,node[15],1,5942.6149,3299.7746,1.8950,27.3896,-0.3427,2.6366,-831179687#18,-74.5064,2.6098,100.0000,default,21,rsu(305m),3691,145338,0.4514,305,2.0246,5,8,-74.5064,-91.4961,direct,0.0500,49.6000,-85.9106
486.3,node[15],1,5940.2100,3298.4453,1.8950,27.4778,0.8825,2.6366,-831179687#18,-77.0626,-1.9703,100.0000,default,21,rsu(304m),3692,145402,0.0769,304,2.0126,3,4,-77.0626,-94.0523,direct,0.0500,49.6000,-85.8972
486.4,node[15],1,5937.8016,3297.1322,1.8950,27.4248,-0.5300,2.6398,:227594487_5,-75.0685,0.1779,100.0000,default,21,rsu(303m),3693,145463,0.1961,303,2.0169,4,6,-75.0685,-92.0582,direct,0.0500,50.0000,-85.8833
486.5,node[15],1,5935.3895,3295.8179,1.8950,27.4648,0.3997,2.6427,:227594487_5,-79.8275,-3.7332,100.0000,default,21,rsu(302m),3694,145527,0.0334,302,2.0135,2,2,-79.8275,-96.8172,direct,0.0500,50.0000,-85.8691
486.6,node[15],1,5932.9808,3294.5054,1.8950,27.4244,-0.4044,2.6427,:227594487_5,-76.5408,2.5224,100.0000,default,21,rsu(302m),3695,145590,0.4406,302,2.0135,5,8,-76.5408,-93.5305,direct,0.0500,50.8000,-85.8535
486.7,node[15],1,5930.5751,3293.1946,1.8950,27.3907,-0.3367,2.6427,:227594487_5,-79.8253,-1.0229,100.0000,default,21,rsu(301m),3696,145650,0.1180,301,2.0218,3,4,-79.8253,-96.8150,direct,0.0500,50.8000,-85.8372
486.8,node[15],1,5928.1608,3291.8791,1.8950,27.4887,0.9802,2.6427,:227594487_5,-71.8561,3.9190,100.0000,default,21,rsu(300m),3697,145714,0.6129,300,2.0187,6,10,-71.8561,-88.8458,direct,0.0500,49.6000,-85.8205
486.9,node[15],1,5925.7460,3290.5780,1.8950,27.4303,-0.5844,2.6453,-831179687#17,-72.0735,2.7039,100.0000,default,21,rsu(299m),3698,145777,0.4631,299,2.0240,5,8,-72.0735,-89.0632,direct,0.0500,49.6000,-85.8032
487,node[15],1,5923.3282,3289.2821,1.8950,27.4332,0.0289,2.6490,-831179687#17,-77.8618,1.4654,100.0000,default,21,rsu(299m),3699,145837,0.3171,299,2.0214,5,8,-77.8618,-94.8515,direct,0.0500,49.2000,-85.7853
487.1,node[15],1,5920.9124,3287.9871,1.8950,27.4117,-0.2142,2.6495,-831179687#17,-81.0229,-3.1426,100.0000,default,20,rsu(298m),3700,145900,0.0443,298,2.0129,2,2,-81.0229,-98.0126,direct,0.0500,49.2000,-85.8515
487.2,node[15],1,5918.4982,3286.6931,1.8950,27.3932,-0.1858,2.6495,-831179687#17,-73.2919,0.5820,100.0000,default,20,rsu(298m),3701,145963,0.2299,298,2.0160,4,6,-73.2919,-90.2816,direct,0.0500,50.4000,-85.8320
487.3,node[15],1,5916.0765,3285.3950,1.8950,27.4778,0.8469,2.6495,-831179687#17,-72.4696,6.1866,100.0000,default,20,rsu(297m),3702,146025,0.8311,297,2.0243,7,12,-72.4696,-89.4593,direct,0.0500,50.4000,-85.8116
487.4,node[15],1,5913.6617,3284.1006,1.8950,27.4004,-0.7742,2.6495,-831179687#17,-75.6053,0.8375,100.0000,default,20,rsu(296m),3703,146087,0.2533,296,2.0167,4,6,-75.6053,-92.5950,direct,0.0500,49.6000,-85.7906
487.5,node[15],1,5911.2428,3282.8041,1.8950,27.4458,0.4533,2.6495,-831179687#17,-78.0641,-1.4639,100.0000,default,20,rsu(296m),3704,146149,0.0969,296,2.0251,3,4,-78.0641,-95.0538,direct,0.0500,49.6000,-85.7685
487.6,node[15],1,5908.8240,3281.5075,1.8950,27.4458,0.0006,2.6495,-831179687#17,-70.4551,8.2798,100.0000,default,20,rsu(295m),3705,146212,0.9334,295,2.0225,8,14,-70.4551,-87.4448,direct,0.0500,50.0000,-85.7457
487.7,node[15],1,5906.4041,3280.2104,1.8950,27.4579,0.1213,2.6495,-831179687#17,-80.1297,-5.0000,100.0000,default,20,rsu(295m),3706,146275,0.0180,295,2.0136,2,2,-80.1297,-97.1194,direct,0.0500,50.0000,-85.7219
487.8,node[15],1,5903.9901,3278.9164,1.8950,27.3910,-0.6692,2.6495,-831179687#17,-83.7982,-4.7000,100.0000,default,20,rsu(294m),3707,146335,0.0208,294,2.0255,2,2,-83.7982,-100.7879,direct,0.0500,49.2000,-85.6970
487.9,node[15],1,5901.5741,3277.6214,1.8950,27.4129,0.2186,2.6495,-831179687#17,-70.7101,7.9177,100.0000,default,20,rsu(294m),3708,146395,0.9212,294,2.0180,8,14,-70.7101,-87.6998,direct,0.0500,49.2000,-85.6712
488,node[15],1,5899.1544,3276.3244,1.8950,27.4561,0.4320,2.6495,-831179687#17,-73.8351,2.0740,100.0000,default,20,rsu(294m),3709,146456,0.3863,294,2.0157,5,8,-73.8351,-90.8248,direct,0.0500,48.4000,-85.6441
488.1,node[15],0,5896.7343,3275.0271,1.8950,27.4602,0.0408,2.6495,-831179687#17,-75.8343,1.4192,100.0000,default,21,rsu(293m),3710,146516,0.3121,293,2.0136,5,8,-75.8343,-92.8240,direct,0.0500,48.4000,-85.6082
488.2,node[15],0,5894.3177,3273.7318,1.8950,27.4199,-0.4031,2.6495,-831179687#17,-77.8469,-2.8079,100.0000,default,21,rsu(293m),3711,146579,0.0520,293,2.0226,3,4,-77.8469,-94.8366,direct,0.0500,49.2000,-85.5792
488.3,node[15],0,5891.8968,3272.4342,1.8950,27.4695,0.4969,2.6495,-831179687#17,-85.1630,-5.0000,100.0000,default,21,rsu(293m),3712,146641,0.0180,293,2.0245,2,2,-85.1630,-102.1527,direct,0.0500,49.2000,-85.5484
488.4,node[15],0,5889.4789,3271.1381,1.8950,27.4344,-0.3518,2.6495,-831179687#17,-79.5999,-3.8180,100.0000,default,21,rsu(292m),3713,146705,0.0320,292,2.0180,2,2,-79.5999,-96.5896,direct,0.0500,50.4000,-85.5163
488.5,node[15],0,5887.0609,3269.8420,1.8950,27.4363,0.0189,2.6495,-831179687#17,-77.1634,-0.3677,100.0000,default,21,rsu(292m),3714,146767,0.1566,292,2.0203,4,6,-77.1634,-94.1531,direct,0.0500,50.4000,-85.4825
488.6,node[15],0,5884.6452,3268.5472,1.8950,27.4099,-0.2638,2.6495,-831179687#17,-72.9071,6.4549,100.0000,default,22,rsu(292m),3715,146831,0.8491,292,2.0216,7,12,-72.9071,-89.8968,direct,0.0500,50.4000,-85.3699
488.7,node[15],0,5882.2268,3267.2509,1.8950,27.4407,0.3082,2.6495,-831179687#17,-78.8798,-1.0295,100.0000,default,22,rsu(292m),3716,146896,0.1177,292,2.0254,3,4,-78.8798,-95.8695,direct,0.0500,50.4000,-85.3331
488.8,node[15],0,5879.8092,3265.9550,1.8950,27.4317,-0.0901,2.6495,-831179687#17,-71.1524,6.6940,100.0000,default,22,rsu(291m),3717,146961,0.8638,291,2.0236,7,12,-71.1524,-88.1421,direct,0.0500,52.0000,-85.2944
488.9,node[15],0,5877.3948,3264.6608,1.8950,27.3960,-0.3572,2.6495,-831179687#17,-71.3646,6.4935,100.0000,default,22,rsu(291m),3718,147023,0.8515,291,2.0242,7,12,-71.3646,-88.3543,direct,0.0500,52.0000,-85.2536
489,node[15],0,5874.9698,3263.3610,1.8950,27.5152,1.1927,2.6495,-831179687#17,-69.8538,4.7685,100.0000,default,22,rsu(291m),3719,147089,0.7077,291,2.0218,6,10,-69.8538,-86.8435,direct,0.0500,51.2000,-85.2109
489.1,node[15],0,5872.5553,3262.0667,1.8950,27.3974,-1.1778,2.6495,-831179687#17,-79.4731,-0.3521,100.0000,default,22,rsu(291m),3720,147153,0.1576,291,2.0240,4,6,-79.4731,-96.4628,direct,0.0500,51.2000,-85.1659
489.2,node[15],0,5870.1361,3260.7700,1.8950,27.4495,0.5200,2.6495,-831179687#17,-78.6357,-2.6502,100.0000,default,22,rsu(291m),3721,147214,0.0560,291,2.0186,3,4,-78.6357,-95.6254,direct,0.0500,50.0000,-85.1183
489.3,node[15],0,5867.7168,3259.4732,1.8950,27.4511,0.0169,2.6495,-831179687#17,-80.4843,-3.6143,100.0000,default,22,rsu(291m),3722,147279,0.0353,291,2.0241,2,2,-80.4843,-97.4740,direct,0.0500,50.0000,-85.0682
489.4,node[15],0,5865.2997,3258.1652,1.8950,27.4808,0.2963,2.6474,:227576094_4,-76.6233,-2.8627,100.0000,default,22,rsu(291m),3723,147343,0.0506,291,2.0219,3,4,-76.6233,-93.6130,direct,0.0500,51.6000,-85.0152
489.5,node[15],0,5862.8919,3256.8558,1.8950,27.4031,-0.7762,2.6441,:227576094_4,-70.5904,6.6734,100.0000,default,22,rsu(291m),3724,147406,0.8626,291,2.0177,7,12,-70.5904,-87.5801,direct,0.0500,51.6000,-84.9592
489.6,node[15],0,5860.4839,3255.5464,1.8950,27.4059,0.0273,2.6435,:227576094_4,-78.4741,-0.4485,100.0000,default,22,rsu(291m),3725,147470,0.1513,291,2.0213,4,6,-78.4741,-95.4638,direct,0.0500,50.8000,-84.9003
489.7,node[15],0,5858.0693,3254.2333,1.8950,27.4812,0.7533,2.6435,:227576094_4,-73.2913,6.0999,100.0000,default,22,rsu(291m),3726,147533,0.8249,291,2.0211,7,12,-73.2913,-90.2810,direct,0.0500,50.8000,-84.8374
489.8,node[15],0,5855.6564,3252.9211,1.8950,27.4619,-0.1926,2.6435,:227576094_4,-79.2139,-4.5469,100.0000,default,22,rsu(291m),3727,147597,0.0225,291,2.0233,2,2,-79.2139,-96.2036,direct,0.0500,50.8000,-84.7708
489.9,node[15],0,5853.2456,3251.6026,1.8950,27.4752,0.1328,2.6422,-831179687#16,-71.6203,2.8234,100.0000,default,22,rsu(291m),3728,147662,0.4779,291,2.0245,5,8,-71.6203,-88.6100,direct,0.0500,50.8000,-84.7000
490,node[15],0,5850.8387,3250.2751,1.8950,27.4852,0.0997,2.6389,-831179687#16,-79.0696,-3.3285,100.0000,default,22,rsu(291m),3729,147725,0.0405,291,2.0139,2,2,-79.0696,-96.0593,direct,0.0500,51.2000,-84.6247
490.1,node[15],0,5848.4357,3248.9497,1.8950,27.4402,-0.4500,2.6376,-831179687#16,-75.6906,1.3663,100.0000,default,22,rsu(291m),3730,147788,0.3064,291,2.0141,5,8,-75.6906,-92.6803,direct,0.0500,51.2000,-84.5445
490.2,node[15],0,5846.0271,3247.6213,1.8950,27.5034,0.6317,2.6376,-831179687#16,-74.9956,2.7021,100.0000,default,22,rsu(291m),3731,147852,0.4628,291,2.0215,5,8,-74.9956,-91.9853,direct,0.0500,50.8000,-84.4590
490.3,node[15],0,5843.6278,3246.2980,1.8950,27.3990,-1.0437,2.6376,-831179687#16,-72.0215,6.0674,100.0000,default,22,rsu(291m),3732,147918,0.8225,291,2.0140,7,12,-72.0215,-89.0112,direct,0.0500,50.8000,-84.3677
490.4,node[15],0,5841.2252,3244.9729,1.8950,27.4350,0.3596,2.6376,-831179687#16,-76.7372,2.4954,100.0000,default,22,rsu(291m),3733,147984,0.4373,291,2.0247,5,8,-76.7372,-93.7269,direct,0.0500,52.8000,-84.2701
490.5,node[15],0,5838.8184,3243.6454,1.8950,27.4837,0.4876,2.6376,-831179687#16,-81.2915,-2.4171,100.0000,default,22,rsu(292m),3734,148049,0.0625,292,2.0236,3,4,-81.2915,-98.2812,direct,0.0500,52.8000,-84.1656
490.6,node[15],0,5836.4145,3242.3196,1.8950,27.4507,-0.3299,2.6376,-831179687#16,-73.0929,1.8872,100.0000,default,22,rsu(292m),3735,148113,0.3644,292,2.0137,5,8,-73.0929,-90.0826,direct,0.0500,51.6000,-84.0536
490.7,node[15],0,5834.0103,3240.9936,1.8950,27.4538,0.0311,2.6376,-831179687#16,-73.3844,3.6114,100.0000,default,22,rsu(292m),3736,148177,0.5758,292,2.0242,6,10,-73.3844,-90.3741,direct,0.0500,51.6000,-83.9331
490.8,node[15],0,5831.6042,3239.6665,1.8950,27.4756,0.2174,2.6376,-831179687#16,-77.6905,0.7105,100.0000,default,22,rsu(292m),3737,148239,0.2414,292,2.0218,4,6,-77.6905,-94.6802,direct,0.0500,50.4000,-83.8033
490.9,node[15],0,5829.1949,3238.3377,1.8950,27.5122,0.3660,2.6376,-831179687#16,-80.2601,-5.0000,100.0000,default,22,rsu(293m),3738,148304,0.0180,293,2.0229,2,2,-80.2601,-97.2498,direct,0.0500,50.4000,-83.6635
491,node[15],0,5826.7926,3237.0127,1.8950,27.4330,-0.7918,2.6376,-831179687#16,-77.4059,-1.5728,100.0000,default,22,rsu(293m),3739,148366,0.0923,293,2.0227,3,4,-77.4059,-94.3956,direct,0.0500,50.8000,-83.5126
491.1,node[15],0,5824.3849,3235.6848,1.8950,27.4942,0.6124,2.6376,-831179687#16,-75.0766,1.4837,100.0000,default,22,rsu(293m),3740,148429,0.3191,293,2.0206,5,8,-75.0766,-92.0663,direct,0.0500,50.8000,-83.3491
491.2,node[15],0,5821.9840,3234.3606,1.8950,27.4155,-0.7873,2.6376,-831179687#16,-74.3985,4.2931,100.0000,default,22,rsu(294m),3741,148492,0.6562,294,2.0225,6,10,-74.3985,-91.3882,direct,0.0500,50.4000,-83.1719
491.3,node[15],0,5819.5711,3233.0433,1.8950,27.4909,0.7536,2.6399,:227572563_0,-79.6586,-2.0105,100.0000,default,22,rsu(294m),3742,148554,0.0755,294,2.0190,3,4,-79.6586,-96.6483,direct,0.0500,50.4000,-82.9790
491.4,node[15],0,5817.1552,3231.7387,1.8950,27.4582,-0.3265,2.6448,:227572563_0,-76.0831,1.4326,100.0000,default,22,rsu(295m),3743,148618,0.3135,295,2.0140,5,8,-76.0831,-93.0728,direct,0.0500,50.4000,-82.7688
491.5,node[15],0,5814.7364,3230.4324,1.8950,27.4922,0.3399,2.6464,:227572563_0,-70.3682,8.5680,100.0000,default,22,rsu(295m),3744,148681,0.9418,295,2.0217,8,14,-70.3682,-87.3579,direct,0.0500,50.4000,-82.5392
491.6,node[15],0,5812.3250,3229.1302,1.8950,27.4067,-0.8546,2.6464,:227572563_0,-72.5898,5.2929,100.0000,default,22,rsu(296m),3745,148745,0.7589,296,2.0183,7,12,-72.5898,-89.5795,direct,0.0500,50.8000,-82.2882
491.7,node[15],0,5809.9149,3227.8287,1.8950,27.3931,-0.1363,2.6464,:227572563_0,-76.9468,-1.9170,100.0000,default,22,rsu(296m),3746,148809,0.0788,296,2.0239,3,4,-76.9468,-93.9365,direct,0.0500,50.8000,-82.0129
491.8,node[15],0,5807.5018,3226.5313,1.8950,27.3987,0.0563,2.6474,-831179687#15,-76.8648,1.1292,100.0000,default,22,rsu(297m),3747,148872,0.2818,297,2.0208,5,8,-76.8648,-93.8545,direct,0.0500,50.8000,-81.7093
491.9,node[15],0,5805.0767,3225.2488,1.8950,27.4322,0.3341,2.6522,-831179687#15,-68.8207,9.6620,100.0000,default,22,rsu(297m),3748,148935,0.9655,297,2.0218,9,16,-68.8207,-85.8104,direct,0.0500,50.8000,-81.3738
492,node[15],0,5802.6500,3223.9654,1.8950,27.4506,0.1848,2.6551,-831179687#15,-75.0451,3.8019,100.0000,default,22,rsu(298m),3749,149000,0.5989,298,2.0193,6,10,-75.0451,-92.0348,direct,0.0500,51.2000,-81.0009
492.1,node[15],0,5800.2230,3222.6819,1.8950,27.4537,0.0309,2.6551,-831179687#15,-73.2883,4.8601,100.0000,default,20,rsu(299m),3750,149064,0.7171,299,2.0168,6,10,-73.2883,-90.2780,direct,0.0500,51.2000,-80.6375
492.2,node[15],0,5797.7945,3221.3977,1.8950,27.4707,0.1700,2.6551,-831179687#15,-90.3096,-5.0000,100.0000,default,21,rsu(299m),3751,149127,0.0180,299,2.0231,2,2,-90.3096,-107.2993,direct,0.0500,50.8000,-80.1438
492.3,node[15],0,5795.3671,3220.1139,1.8950,27.4590,-0.1171,2.6551,-831179687#15,-76.1811,0.9782,100.0000,default,21,rsu(300m),3752,149189,0.2668,300,2.0151,4,6,-76.1811,-93.1708,direct,0.0500,50.8000,-79.6173
492.4,node[15],0,5792.9382,3218.8295,1.8950,27.4748,0.1575,2.6551,-831179687#15,-76.2175,1.4851,100.0000,default,21,rsu(301m),3753,149250,0.3192,301,2.0201,5,8,-76.2175,-93.2072,direct,0.0500,49.2000,-79.0200
492.5,node[15],0,5790.5068,3217.5436,1.8950,27.5040,0.2929,2.6551,-831179687#15,-90.4392,-5.0000,100.0000,default,21,rsu(302m),3754,149314,0.0180,302,2.0185,2,2,-90.4392,-107.4289,direct,0.0500,49.2000,-78.3379
492.6,node[15],0,5788.0779,3216.2591,1.8950,27.4749,-0.2911,2.6551,-831179687#15,-75.4009,3.2809,100.0000,default,21,rsu(302m),3755,149375,0.5351,302,2.0240,6,10,-75.4009,-92.3906,direct,0.0500,50.0000,-77.5510
492.7,node[15],0,5785.6550,3214.9778,1.8950,27.4079,-0.6700,2.6551,-831179687#15,-78.1131,-1.4844,100.0000,default,21,rsu(303m),3756,149437,0.0960,303,2.0206,3,4,-78.1131,-95.1028,direct,0.0500,50.0000,-76.6359
492.8,node[15],0,5783.2291,3213.6949,1.8950,27.4411,0.3316,2.6551,-831179687#15,-72.7175,4.1918,100.0000,default,21,rsu(304m),3757,149499,0.6447,304,2.0176,6,10,-72.7175,-89.7072,direct,0.0500,49.6000,-75.5523
492.9,node[15],0,5780.8038,3212.4123,1.8950,27.4344,-0.0667,2.6551,-831179687#15,-84.5159,-5.0000,100.0000,default,21,rsu(305m),3758,149562,0.0180,305,2.0211,2,2,-84.5159,-101.5056,direct,0.0500,49.6000,-74.2473
493,node[15],0,5778.3798,3211.1304,1.8950,27.4202,-0.1420,2.6551,-831179687#15,-70.2972,4.7708,100.0000,default,21,rsu(306m),3759,149623,0.7079,306,2.0165,6,10,-70.2972,-87.2869,direct,0.0500,49.6000,-72.6335
493.1,node[15],0,5775.9476,3209.8442,1.8950,27.5123,0.9202,2.6551,-831179687#15,-73.5015,5.0891,100.0000,default,21,rsu(306m),3760,149685,0.7397,306,2.0242,7,12,-73.5015,-90.4912,direct,0.0500,49.6000,-70.5576
493.2,node[15],0,5773.5221,3208.5615,1.8950,27.4368,-0.7545,2.6551,-831179687#15,-80.3697,-2.0498,100.0000,default,21,rsu(307m),3761,149747,0.0741,307,2.0208,3,4,-80.3697,-97.3594,direct,0.0500,49.6000,-67.7412
493.3,node[15],0,5771.0957,3207.2782,1.8950,27.4480,0.1120,2.6551,-831179687#15,-71.0861,8.2497,100.0000,default,21,rsu(308m),3762,149810,0.9324,308,2.0171,8,14,-71.0861,-88.0758,direct,0.0500,49.6000,-63.5285
493.4,node[15],0,5768.6732,3205.9972,1.8950,27.4021,-0.4594,2.6551,-831179687#15,-79.8832,-0.9130,100.0000,default,21,rsu(309m),3763,149873,0.1238,309,2.0212,4,6,-79.8832,-96.8729,direct,0.0500,50.4000,-56.7282
493.5,node[15],0,5766.2473,3204.7143,1.8950,27.4414,0.3933,2.6551,-831179687#15,-74.7638,0.6983,100.0000,default,21,rsu(310m),3764,149936,0.2403,310,2.0231,4,6,-74.7638,-91.7535,direct,0.0500,50.4000,-58.3199
493.6,node[15],0,5763.8187,3203.4299,1.8950,27.4720,0.3060,2.6551,-831179687#15,-79.4762,-0.8996,100.0000,default,21,rsu(311m),3765,150000,0.1246,311,2.0175,4,6,-79.4762,-96.4659,direct,0.0500,50.8000,-64.5701
493.7,node[15],0,5761.3895,3202.1452,1.8950,27.4791,0.0710,2.6551,-831179687#15,-75.9852,-1.4391,100.0000,default,21,rsu(312m),3766,150062,0.0980,312,2.0178,3,4,-75.9852,-92.9749,direct,0.0500,50.8000,-68.3660
493.8,node[15],0,5758.9639,3200.8625,1.8950,27.4376,-0.4149,2.6551,-831179687#15,-81.5211,-5.0000,100.0000,default,21,rsu(313m),3767,150126,0.0180,313,2.0207,2,2,-81.5211,-98.5108,direct,0.0500,50.4000,-70.9048
493.9,node[15],0,5756.5424,3199.5819,1.8950,27.3925,-0.4515,2.6551,-831179687#15,-79.1117,-3.5201,100.0000,default,21,rsu(314m),3768,150189,0.0370,314,2.0172,2,2,-79.1117,-96.1014,direct,0.0500,50.4000,-72.7173
494,node[15],0,5754.1108,3198.2960,1.8950,27.5051,1.1269,2.6551,-831179687#15,-73.0229,0.7955,100.0000,default,21,rsu(315m),3769,150252,0.2493,315,2.0216,4,6,-73.0229,-90.0126,direct,0.0500,50.4000,-74.0316
494.1,node[15],0,5751.6813,3197.0111,1.8950,27.4828,-0.2236,2.6551,-831179687#15,-82.3220,-4.6291,100.0000,default,21,rsu(316m),3770,150316,0.0216,316,2.0175,2,2,-82.3220,-99.3117,direct,0.0500,50.4000,-74.9586
494.2,node[15],0,5749.2558,3195.7285,1.8950,27.4365,-0.4633,2.6551,-831179687#15,-79.5820,-2.4791,100.0000,default,21,rsu(318m),3771,150378,0.0607,318,1.8525,3,4,-79.5820,-96.5717,direct,0.0500,50.4000,-75.5582
494.3,node[15],0,5746.8328,3194.4471,1.8950,27.4088,-0.2764,2.6551,-831179687#15,-69.5668,6.8165,100.0000,default,21,rsu(319m),3772,150441,0.8708,319,1.8329,7,12,-69.5668,-86.5565,direct,0.0500,50.4000,-75.8649
494.4,node[15],0,5744.4038,3193.1625,1.8950,27.4762,0.6734,2.6551,-831179687#15,-71.2187,6.9449,100.0000,default,21,rsu(320m),3773,150502,0.8779,320,1.8431,7,12,-71.2187,-88.2084,direct,0.0500,49.6000,-75.8921
494.5,node[15],0,5741.9784,3191.8799,1.8950,27.4360,-0.4020,2.6551,-831179687#15,-78.6572,-4.5867,100.0000,default,21,rsu(321m),3774,150567,0.0220,321,1.8533,2,2,-78.6572,-95.6469,direct,0.0500,49.6000,-75.6435
494.6,node[15],0,5739.5570,3190.5993,1.8950,27.3906,-0.4531,2.6551,-831179687#15,-78.4927,0.2853,100.0000,default,21,rsu(322m),3775,150631,0.2047,322,1.8688,4,6,-78.4927,-95.4824,direct,0.0500,51.6000,-75.1106
494.7,node[15],0,5737.1279,3189.3148,1.8950,27.4771,0.8647,2.6551,-831179687#15,-75.5813,1.2852,100.0000,default,21,rsu(323m),3776,150696,0.2979,323,1.8525,5,8,-75.5813,-92.5710,direct,0.0500,51.6000,-74.2699
494.8,node[15],0,5734.7050,3188.0334,1.8950,27.4081,-0.6900,2.6551,-831179687#15,-87.2002,-5.0000,100.0000,default,21,rsu(325m),3777,150760,0.0180,325,1.8531,2,2,-87.2002,-104.1899,direct,0.0500,51.6000,-73.0791
494.9,node[15],0,5732.2805,3186.7513,1.8950,27.4249,0.1679,2.6551,-831179687#15,-74.7981,2.1165,100.0000,default,21,rsu(326m),3778,150822,0.3913,326,1.8546,5,8,-74.7981,-91.7878,direct,0.0500,51.6000,-71.4423
495,node[15],0,5729.8505,3185.4662,1.8950,27.4886,0.6369,2.6551,-831179687#15,-73.3003,5.1341,100.0000,default,21,rsu(327m),3779,150886,0.7440,327,1.8424,7,12,-73.3003,-90.2900,direct,0.0500,50.4000,-69.1839
495.1,node[15],0,5727.4269,3184.1845,1.8950,27.4153,-0.7326,2.6551,-831179687#15,-80.7227,-2.4912,100.0000,default,21,rsu(328m),3780,150947,0.0603,328,1.8305,3,4,-80.7227,-97.7124,direct,0.0500,50.4000,-65.9277
495.2,node[15],0,5724.9942,3182.8980,1.8950,27.5173,1.0195,2.6551,-831179687#15,-76.3437,2.6327,100.0000,default,21,rsu(330m),3781,151010,0.4542,330,1.8452,5,8,-76.3437,-93.3334,direct,0.0500,49.6000,-60.7579
495.3,node[15],0,5722.5636,3181.6114,1.8950,27.5003,-0.1700,2.6549,:227589131_4,-78.5414,-3.7501,100.0000,default,21,rsu(331m),3782,151073,0.0331,331,1.8636,2,2,-78.5414,-95.5311,direct,0.0500,49.6000,-54.9764
495.4,node[15],0,5720.1447,3180.3135,1.8950,27.4427,-0.5762,2.6516,:227589131_4,-79.7524,-0.6227,100.0000,default,21,rsu(332m),3783,151138,0.1405,332,1.8286,4,6,-79.7524,-96.7421,direct,0.0500,51.2000,-61.2934
495.5,node[15],0,5717.7250,3179.0151,1.8950,27.4531,0.1044,2.6491,:227589131_4,-80.5101,-1.5881,100.0000,default,21,rsu(334m),3784,151202,0.0916,334,1.8403,3,4,-80.5101,-97.4998,direct,0.0500,51.2000,-66.2684
495.6,node[15],0,5715.3064,3177.7174,1.8950,27.4394,-0.1372,2.6491,:227589131_4,-78.2527,0.8837,100.0000,default,21,rsu(335m),3785,151264,0.2577,335,1.8631,4,6,-78.2527,-95.2424,direct,0.0500,50.4000,-69.4708
495.7,node[15],0,5712.8811,3176.4160,1.8950,27.5165,0.7713,2.6491,:227589131_4,-73.2259,6.0569,100.0000,default,21,rsu(336m),3786,151327,0.8218,336,1.8706,7,12,-73.2259,-90.2156,direct,0.0500,50.4000,-71.7707
495.8,node[15],0,5710.4655,3175.1198,1.8950,27.4055,-1.1102,2.6491,:227589131_4,-75.4947,0.4072,100.0000,default,21,rsu(338m),3787,151389,0.2148,338,1.8706,4,6,-75.4947,-92.4844,direct,0.0500,50.0000,-73.5306
495.9,node[15],0,5708.0669,3173.8094,1.8950,27.3977,-0.0780,2.6450,:8301905659_0,-83.0100,-5.0000,100.0000,default,21,rsu(339m),3788,151453,0.0180,339,1.8419,2,2,-83.0100,-99.9997,direct,0.0500,50.0000,-74.9394
496,node[15],0,5705.6514,3172.4965,1.8950,27.4880,0.9034,2.6420,:8301905659_0,-82.8446,-5.0000,100.0000,default,21,rsu(341m),3789,151515,0.0180,341,1.8446,2,2,-82.8446,-99.8343,direct,0.0500,50.4000,-76.1044
496.1,node[15],0,5703.2389,3171.1850,1.8950,27.4550,-0.3308,2.6437,:8301905659_0,-80.3913,-2.0808,100.0000,default,21,rsu(342m),3790,151578,0.0731,342,1.8667,3,4,-80.3913,-97.3810,direct,0.0500,50.4000,-77.0852
496.2,node[15],0,5700.8241,3169.8719,1.8950,27.4842,0.2921,2.6436,-831179687#13,-77.0408,-0.1386,100.0000,default,21,rsu(344m),3791,151640,0.1723,344,1.8537,4,6,-77.0408,-94.0305,direct,0.0500,50.0000,-77.9249
496.3,node[15],0,5698.4111,3168.5582,1.8950,27.4740,-0.1019,2.6432,-831179687#13,-81.4694,-2.4817,100.0000,default,21,rsu(345m),3792,151701,0.0606,345,1.8392,3,4,-81.4694,-98.4591,direct,0.0500,50.0000,-78.6518
496.4,node[15],0,5696.0051,3167.2483,1.8950,27.3937,-0.8030,2.6430,-831179687#13,-71.2410,6.4370,100.0000,default,21,rsu(346m),3793,151764,0.8479,346,1.8271,7,12,-71.2410,-88.2307,direct,0.0500,49.6000,-79.2858
496.5,node[15],0,5693.5955,3165.9364,1.8950,27.4358,0.4208,2.6430,-831179687#13,-75.3758,0.5589,100.0000,default,21,rsu(348m),3794,151826,0.2278,348,1.8658,4,6,-75.3758,-92.3655,direct,0.0500,49.6000,-79.8450
496.6,node[15],0,5691.1886,3164.6260,1.8950,27.4043,-0.3143,2.6430,-831179687#13,-74.9797,3.8094,100.0000,default,21,rsu(349m),3795,151887,0.5998,349,1.8549,6,10,-74.9797,-91.9694,direct,0.0500,49.2000,-80.3412
496.7,node[15],0,5688.7731,3163.3110,1.8950,27.5023,0.9799,2.6430,-831179687#13,-77.8568,-1.3467,100.0000,default,21,rsu(351m),3796,151949,0.1022,351,1.8387,3,4,-77.8568,-94.8465,direct,0.0500,49.2000,-80.7855
496.8,node[15],0,5686.3589,3161.9966,1.8950,27.4875,-0.1483,2.6430,-831179687#13,-74.5129,2.5358,100.0000,default,21,rsu(353m),3797,152010,0.4422,353,1.8569,5,8,-74.5129,-91.5026,direct,0.0500,49.2000,-81.1837
496.9,node[15],0,5683.9461,3160.6830,1.8950,27.4715,-0.1596,2.6430,-831179687#13,-96.8087,-5.0000,100.0000,default,21,rsu(354m),3798,152070,0.0180,354,1.8395,2,2,-96.8087,-113.7984,direct,0.0500,49.2000,-81.5423
497,node[15],0,5681.5328,3159.3691,1.8950,27.4772,0.0569,2.6430,-831179687#13,-76.2224,-0.9766,100.0000,default,21,rsu(356m),3799,152131,0.1204,356,1.8666,4,6,-76.2224,-93.2121,direct,0.0500,48.4000,-81.8671
497.1,node[15],0,5679.1228,3158.0570,1.8950,27.4401,-0.3712,2.6430,-831179687#13,-73.0035,5.7391,100.0000,default,20,rsu(357m),3800,152192,0.7973,357,1.8443,7,12,-73.0035,-89.9932,direct,0.0500,48.4000,-82.1985
497.2,node[15],0,5676.7124,3156.7448,1.8950,27.4436,0.0355,2.6430,-831179687#13,-77.6670,0.5865,100.0000,default,20,rsu(359m),3801,152254,0.2303,359,1.8688,4,6,-77.6670,-94.6567,direct,0.0500,49.2000,-82.4690
497.3,node[15],0,5674.3036,3155.4333,1.8950,27.4264,-0.1720,2.6430,-831179687#13,-76.7388,-0.7069,100.0000,default,20,rsu(360m),3802,152316,0.1355,360,1.8393,4,6,-76.7388,-93.7285,direct,0.0500,49.2000,-82.7163
497.4,node[15],0,5671.8910,3154.1198,1.8950,27.4696,0.4313,2.6430,-831179687#13,-81.1572,-5.0000,100.0000,default,20,rsu(362m),3803,152378,0.0180,362,1.8660,2,2,-81.1572,-98.1469,direct,0.0500,49.6000,-82.9432
497.5,node[15],0,5669.4789,3152.8066,1.8950,27.4635,-0.0612,2.6430,-831179687#13,-80.0887,-0.7206,100.0000,default,20,rsu(364m),3804,152439,0.1347,364,1.8571,4,6,-80.0887,-97.0784,direct,0.0500,49.6000,-83.1514
497.6,node[15],0,5667.0644,3151.4921,1.8950,27.4916,0.2816,2.6430,-831179687#13,-79.3910,-0.6420,100.0000,default,20,rsu(365m),3805,152501,0.1393,365,1.8397,4,6,-79.3910,-96.3807,direct,0.0500,49.2000,-83.3432
497.7,node[15],0,5664.6537,3150.1796,1.8950,27.4476,-0.4398,2.6430,-831179687#13,-77.5938,1.1183,100.0000,default,20,rsu(367m),3806,152563,0.2807,367,1.8265,5,8,-77.5938,-94.5835,direct,0.0500,49.2000,-83.5199
497.8,node[15],0,5662.2385,3148.8647,1.8950,27.4988,0.5113,2.6430,-831179687#13,-77.5666,-0.8448,100.0000,default,21,rsu(369m),3807,152625,0.1276,369,1.8461,4,6,-77.5666,-94.5563,direct,0.0500,49.6000,-83.6317
497.9,node[15],0,5659.8311,3147.5541,1.8950,27.4093,-0.8947,2.6430,-831179687#13,-75.4263,0.8790,100.0000,default,21,rsu(370m),3808,152688,0.2572,370,1.8532,4,6,-75.4263,-92.4160,direct,0.0500,49.6000,-83.7807
498,node[15],0,5657.4201,3146.2414,1.8950,27.4514,0.4206,2.6430,-831179687#13,-79.9295,-1.0873,100.0000,default,21,rsu(372m),3809,152752,0.1147,372,1.8559,3,4,-79.9295,-96.9192,direct,0.0500,50.8000,-83.9186
498.1,node[15],0,5655.0081,3144.9283,1.8950,27.4627,0.1133,2.6430,-831179687#13,-71.4720,2.8518,100.0000,default,21,rsu(374m),3810,152815,0.4815,374,1.8426,5,8,-71.4720,-88.4617,direct,0.0500,50.8000,-84.0465
498.2,node[15],0,5652.6006,3143.6176,1.8950,27.4109,-0.5179,2.6430,-831179687#13,-80.0177,-2.8978,100.0000,default,22,rsu(375m),3811,152876,0.0498,375,1.8401,3,4,-80.0177,-97.0074,direct,0.0500,49.6000,-84.1072
498.3,node[15],0,5650.1899,3142.3051,1.8950,27.4478,0.3694,2.6430,-831179687#13,-76.4706,0.4436,100.0000,default,22,rsu(377m),3812,152938,0.2179,377,1.8536,4,6,-76.4706,-93.4603,direct,0.0500,49.6000,-84.2156
498.4,node[15],0,5647.7774,3140.9916,1.8950,27.4685,0.2066,2.6430,-831179687#13,-78.7904,-2.7724,100.0000,default,22,rsu(379m),3813,153000,0.0528,379,1.8740,3,4,-78.7904,-95.7801,direct,0.0500,49.6000,-84.3163
498.5,node[15],0,5645.3607,3139.6759,1.8950,27.5161,0.4756,2.6430,-831179687#13,-82.9945,-5.0000,100.0000,default,22,rsu(381m),3814,153060,0.0180,381,1.8523,2,2,-82.9945,-99.9842,direct,0.0500,49.6000,-84.4100
498.6,node[15],0,5642.9490,3138.3629,1.8950,27.4586,-0.5743,2.6430,-831179687#13,-74.8276,2.3303,100.0000,default,22,rsu(382m),3815,153121,0.4171,382,1.8543,5,8,-74.8276,-91.8173,direct,0.0500,48.4000,-84.4972
498.7,node[15],0,5640.5423,3137.0526,1.8950,27.4023,-0.5630,2.6430,-831179687#13,-73.1818,5.2197,100.0000,default,22,rsu(384m),3816,153183,0.7521,384,1.8290,7,12,-73.1818,-90.1715,direct,0.0500,48.4000,-84.5782
498.8,node[15],0,5638.1350,3135.7420,1.8950,27.4092,0.0689,2.6430,-831179687#13,-73.3680,1.7219,100.0000,default,22,rsu(386m),3817,153244,0.3455,386,1.8415,5,8,-73.3680,-90.3577,direct,0.0500,49.2000,-84.6535
498.9,node[15],0,5635.7241,3134.4294,1.8950,27.4503,0.4108,2.6430,-831179687#13,-82.1320,-3.4386,100.0000,default,22,rsu(388m),3818,153305,0.0384,388,1.8748,2,2,-82.1320,-99.1217,direct,0.0500,49.2000,-84.7238
499,node[15],0,5633.3146,3133.1176,1.8950,27.4343,-0.1601,2.6430,-831179687#13,-73.3479,3.9256,100.0000,default,23,rsu(390m),3819,153364,0.6137,390,1.8545,6,10,-73.3479,-90.3376,direct,0.0500,48.0000,-84.7224
499.1,node[15],0,5630.9085,3131.8077,1.8950,27.3943,-0.4002,2.6430,-831179687#13,-79.0598,-0.3881,100.0000,default,22,rsu(391m),3820,153425,0.1552,391,1.8427,4,6,-79.0598,-96.0495,direct,0.0500,48.0000,-84.7882
499.2,node[15],0,5628.5023,3130.4977,1.8950,27.3975,0.0326,2.6430,-831179687#13,-88.8280,-5.0000,100.0000,default,22,rsu(393m),3821,153486,0.0180,393,1.8532,2,2,-88.8280,-105.8177,direct,0.0500,48.8000,-84.8436
499.3,node[15],0,5626.0888,3129.1837,1.8950,27.4789,0.8133,2.6430,-831179687#13,-74.4074,4.9671,100.0000,default,22,rsu(395m),3822,153544,0.7278,395,1.8697,6,10,-74.4074,-91.3971,direct,0.0500,48.8000,-84.8950
499.4,node[15],0,5623.6753,3127.8697,1.8950,27.4801,0.0124,2.6430,-831179687#13,-78.0440,-0.7534,100.0000,default,22,rsu(397m),3823,153603,0.1328,397,1.8572,4,6,-78.0440,-95.0337,direct,0.0500,46.8000,-84.9428
499.5,node[15],0,5621.2611,3126.5554,1.8950,27.4872,0.0707,2.6430,-831179687#13,-77.5615,-2.5496,100.0000,default,22,rsu(399m),3824,153665,0.0587,399,1.8272,3,4,-77.5615,-94.5512,direct,0.0500,46.8000,-84.9872
499.6,node[15],0,5618.8502,3125.2428,1.8950,27.4498,-0.3737,2.6430,-831179687#13,-77.1018,0.4345,100.0000,default,22,rsu(401m),3825,153726,0.2171,401,1.8675,4,6,-77.1018,-94.0915,direct,0.0500,49.2000,-85.0281
499.7,node[15],0,5616.4436,3123.9326,1.8950,27.4007,-0.4905,2.6430,-831179687#13,-76.8003,0.3098,100.0000,default,22,rsu(403m),3826,153784,0.2067,403,1.8308,4,6,-76.8003,-93.7900,direct,0.0500,49.2000,-85.0658
499.8,node[15],0,5614.0320,3122.6196,1.8950,27.4580,0.5726,2.6430,-831179687#13,-93.3187,-5.0000,100.0000,default,22,rsu(404m),3827,153844,0.0180,404,1.8391,2,2,-93.3187,-110.3084,direct,0.0500,47.2000,-85.1005
499.9,node[15],0,5611.6158,3121.3041,1.8950,27.5113,0.5329,2.6430,-831179687#13,-83.5952,-5.0000,100.0000,default,22,rsu(406m),3828,153906,0.0180,406,1.8527,2,2,-83.5952,-100.5849,direct,0.0500,47.2000,-85.1324
500,node[15],0,5609.2057,3119.9920,1.8950,27.4402,-0.7110,2.6430,-831179687#13,-76.2064,1.6320,100.0000,default,22,rsu(408m),3829,153966,0.3354,408,1.8548,5,8,-76.2064,-93.1961,direct,0.0500,48.8000,-85.1616
500.1,node[15],0,5606.7911,3118.6775,1.8950,27.4920,0.5184,2.6430,-831179687#13,-77.2735,1.5931,100.0000,default,22,rsu(410m),3830,154025,0.3310,410,1.8270,5,8,-77.2735,-94.2632,direct,0.0500,48.8000,-85.1881
500.2,node[15],0,5604.3755,3117.3623,1.8950,27.5032,0.1120,2.6430,-831179687#13,-76.8014,2.4189,100.0000,default,22,rsu(412m),3831,154082,0.4279,412,1.8390,5,8,-76.8014,-93.7911,direct,0.0500,46.4000,-85.2121
500.3,node[15],0,5601.9619,3116.0483,1.8950,27.4810,-0.2220,2.6430,-831179687#13,-77.5571,-0.3834,100.0000,default,22,rsu(414m),3832,154143,0.1556,414,1.8636,4,6,-77.5571,-94.5468,direct,0.0500,46.4000,-85.2337
500.4,node[15],0,5599.5492,3114.7347,1.8950,27.4712,-0.0985,2.6430,-831179687#13,-82.2896,-5.0000,100.0000,default,22,rsu(416m),3833,154203,0.0180,416,1.8401,2,2,-82.2896,-99.2793,direct,0.0500,48.4000,-85.2528
500.5,node[15],0,5597.1385,3113.4223,1.8950,27.4473,-0.2391,2.6430,-831179687#13,-75.1304,2.2888,100.0000,default,22,rsu(418m),3834,154262,0.4120,418,1.8637,5,8,-75.1304,-92.1201,direct,0.0500,48.4000,-85.2696
500.6,node[15],0,5594.7257,3112.1087,1.8950,27.4711,0.2380,2.6430,-831179687#13,-78.9444,-3.3562,100.0000,default,22,rsu(420m),3835,154323,0.0400,420,1.8554,2,2,-78.9444,-95.9341,direct,0.0500,48.0000,-85.2841
500.7,node[15],0,5592.3116,3110.7943,1.8950,27.4871,0.1606,2.6430,-831179687#13,-75.3936,-0.3306,100.0000,default,22,rsu(422m),3836,154383,0.1591,422,1.8552,4,6,-75.3936,-92.3833,direct,0.0500,48.0000,-85.2965
500.8,node[15],0,5589.8948,3109.4786,1.8950,27.5174,0.3023,2.6430,-831179687#13,-81.2768,-3.0615,100.0000,default,22,rsu(424m),3837,154442,0.0461,424,1.8688,2,2,-81.2768,-98.2665,direct,0.0500,47.6000,-85.3066
500.9,node[15],0,5587.4882,3108.1683,1.8950,27.4006,-1.1677,2.6430,-831179687#13,-81.5316,-3.7818,100.0000,default,22,rsu(426m),3838,154503,0.0326,426,1.8724,2,2,-81.5316,-98.5213,direct,0.0500,47.6000,-85.3146
501,node[15],0,5585.0825,3106.8586,1.8950,27.3902,-0.1034,2.6430,-831179687#13,-78.2832,1.1036,100.0000,default,22,rsu(428m),3839,154563,0.2793,428,1.8524,5,8,-78.2832,-95.2729,direct,0.0500,48.4000,-85.3206
501.1,node[15],0,5582.6752,3105.5480,1.8950,27.4097,0.1943,2.6430,-831179687#13,-77.3507,-1.2278,100.0000,default,22,rsu(430m),3840,154622,0.1078,430,1.8552,3,4,-77.3507,-94.3404,direct,0.0500,48.4000,-85.3244
501.2,node[15],0,5580.2638,3104.2352,1.8950,27.4554,0.4572,2.6430,-831179687#13,-83.5338,-4.4113,100.0000,default,24,rsu(432m),3841,154682,0.0240,432,1.8541,2,2,-83.5338,-100.5235,direct,0.1000,47.6000,-85.1766
501.3,node[15],0,5577.8580,3102.9254,1.8950,27.3919,-0.6347,2.6430,-831179687#13,-74.7580,4.1810,100.0000,default,24,rsu(434m),3842,154741,0.6435,434,1.8292,6,10,-74.7580,-91.7477,direct,0.1000,47.6000,-85.1752
501.4,node[15],0,5575.4508,3101.6148,1.8950,27.4085,0.1655,2.6430,-831179687#13,-81.3977,-5.0000,100.0000,default,25,rsu(436m),3843,154801,0.0180,436,1.8273,2,2,-81.3977,-98.3874,direct,0.1000,47.6000,-85.0990
501.5,node[15],0,5573.0392,3100.3019,1.8950,27.4577,0.4921,2.6430,-831179687#13,-81.9369,-2.7867,100.0000,default,25,rsu(438m),3844,154861,0.0525,438,1.8655,3,4,-81.9369,-98.9266,direct,0.1000,47.6000,-85.0928
501.6,node[15],0,5570.6347,3098.9901,1.8950,27.3895,-0.6816,2.6426,:227534448_4,-75.8361,-0.9011,100.0000,default,25,rsu(440m),3845,154920,0.1245,440,1.8390,4,6,-75.8361,-92.8258,direct,0.1000,47.6000,-85.0845
501.7,node[15],0,5568.2408,3097.6574,1.8950,27.3942,0.0469,2.6374,:227534448_4,-75.2472,2.7126,100.0000,default,25,rsu(442m),3846,154981,0.4641,442,1.8521,5,8,-75.2472,-92.2369,direct,0.1000,47.6000,-85.0740
501.8,node[15],0,5565.8381,3096.3199,1.8950,27.4941,0.9991,2.6336,:227534448_4,-92.0071,-5.0000,100.0000,default,25,rsu(444m),3847,155041,0.0180,444,1.8652,2,2,-92.0071,-108.9968,direct,0.1000,48.4000,-85.0611
501.9,node[15],0,5563.4431,3094.9866,1.8950,27.4066,-0.8751,2.6336,:227534448_4,-82.4376,-3.8102,100.0000,default,25,rsu(446m),3848,155101,0.0321,446,1.8642,2,2,-82.4376,-99.4273,direct,0.1000,48.4000,-85.0460
502,node[15],0,5561.0411,3093.6494,1.8950,27.4876,0.8098,2.6336,:227534448_4,-74.6755,3.8581,100.0000,default,25,rsu(448m),3849,155161,0.6056,448,1.8747,6,10,-74.6755,-91.6652,direct,0.1000,48.0000,-85.0284
502.1,node[15],0,5558.6409,3092.3132,1.8950,27.4661,-0.2150,2.6336,:227534448_4,-75.5790,0.2906,100.0000,default,26,rsu(450m),3850,155221,0.2051,450,1.8537,4,6,-75.5790,-92.5687,direct,0.1000,48.0000,-84.9383
502.2,node[15],0,5556.2505,3090.9576,1.8950,27.4808,0.1475,2.6293,-831179687#12,-74.1160,2.7332,100.0000,default,26,rsu(452m),3851,155281,0.4667,452,1.8421,5,8,-74.1160,-91.1057,direct,0.1000,48.0000,-84.9155
502.3,node[15],0,5553.8622,3089.5981,1.8950,27.4831,0.0223,2.6241,-831179687#12,-76.6846,2.2742,100.0000,default,26,rsu(455m),3852,155341,0.4103,455,1.8653,5,8,-76.6846,-93.6743,direct,0.1000,48.0000,-84.8900
502.4,node[15],0,5551.4777,3088.2408,1.8950,27.4395,-0.4355,2.6241,-831179687#12,-84.2841,-4.9683,100.0000,default,26,rsu(457m),3853,155403,0.0183,457,1.8678,2,2,-84.2841,-101.2738,direct,0.1000,48.8000,-84.8617
502.5,node[15],0,5549.0900,3086.8818,1.8950,27.4760,0.3648,2.6241,-831179687#12,-81.7528,-3.1161,100.0000,default,26,rsu(459m),3854,155462,0.0449,459,1.8541,2,2,-81.7528,-98.7425,direct,0.1000,48.8000,-84.8304
502.6,node[15],0,5546.6999,3085.5213,1.8950,27.5029,0.2689,2.6241,-831179687#12,-79.2208,0.0313,100.0000,default,26,rsu(461m),3855,155523,0.1848,461,1.8677,4,6,-79.2208,-96.2105,direct,0.1000,48.0000,-84.7960
502.7,node[15],0,5544.3107,3084.1614,1.8950,27.4931,-0.0978,2.6241,-831179687#12,-77.3861,1.2767,100.0000,default,26,rsu(463m),3856,155585,0.2970,463,1.8416,5,8,-77.3861,-94.3758,direct,0.1000,48.0000,-84.7583
502.8,node[15],0,5541.9305,3082.8065,1.8950,27.3904,-1.0272,2.6241,-831179687#12,-89.9538,-5.0000,100.0000,default,26,rsu(465m),3857,155644,0.0180,465,1.8409,2,2,-89.9538,-106.9435,direct,0.1000,48.4000,-84.7172
502.9,node[15],0,5539.5411,3081.4465,1.8950,27.4955,1.0509,2.6241,-831179687#12,-76.8711,1.0292,100.0000,default,26,rsu(467m),3858,155703,0.2718,467,1.8692,5,8,-76.8711,-93.8608,direct,0.1000,48.4000,-84.6722
503,node[15],0,5537.1569,3080.0894,1.8950,27.4352,-0.6029,2.6241,-831179687#12,-80.1502,-4.9576,100.0000,default,26,rsu(469m),3859,155765,0.0184,469,1.8543,2,2,-80.1502,-97.1399,direct,0.1000,48.4000,-84.6233
503.1,node[15],0,5534.7763,3078.7343,1.8950,27.3947,-0.4055,2.6241,-831179687#12,-76.5675,1.4371,100.0000,default,26,rsu(471m),3860,155827,0.3140,471,1.8678,5,8,-76.5675,-93.5572,direct,0.1000,48.4000,-84.5701
503.2,node[15],0,5532.3942,3077.3784,1.8950,27.4111,0.1643,2.6241,-831179687#12,-74.8869,3.4636,100.0000,default,26,rsu(473m),3861,155885,0.5577,473,1.8392,6,10,-74.8869,-91.8766,direct,0.1000,48.0000,-84.5121
503.3,node[15],0,5530.0046,3076.0183,1.8950,27.4979,0.8684,2.6241,-831179687#12,-78.5141,0.1357,100.0000,default,26,rsu(476m),3862,155945,0.1928,476,1.8663,4,6,-78.5141,-95.5038,direct,0.1000,48.0000,-84.4490
503.4,node[15],0,5527.6186,3074.6601,1.8950,27.4569,-0.4099,2.6241,-831179687#12,-75.3088,0.0921,100.0000,default,26,rsu(478m),3863,156004,0.1894,478,1.8466,4,6,-75.3088,-92.2985,direct,0.1000,47.6000,-84.3805
503.5,node[15],0,5525.2328,3073.3021,1.8950,27.4541,-0.0288,2.6241,-831179687#12,-85.4704,-5.0000,100.0000,default,26,rsu(480m),3864,156065,0.0180,480,1.8440,2,2,-85.4704,-102.4601,direct,0.1000,47.6000,-84.3063
503.6,node[15],0,5522.8429,3071.9418,1.8950,27.5007,0.4668,2.6241,-831179687#12,-83.3806,-5.0000,100.0000,default,26,rsu(482m),3865,156123,0.0180,482,1.8663,2,2,-83.3806,-100.3703,direct,0.1000,47.6000,-84.2253
503.7,node[15],0,5520.4600,3070.5854,1.8950,27.4211,-0.7968,2.6241,-831179687#12,-74.0595,2.0902,100.0000,default,26,rsu(484m),3866,156183,0.3882,484,1.8417,5,8,-74.0595,-91.0492,direct,0.1000,47.6000,-84.1375
503.8,node[15],0,5518.0791,3069.2302,1.8950,27.3972,-0.2382,2.6241,-831179687#12,-79.4235,-0.8158,100.0000,default,26,rsu(486m),3867,156244,0.1292,486,1.8598,4,6,-79.4235,-96.4132,direct,0.1000,48.4000,-84.0418
503.9,node[15],0,5515.6927,3067.8718,1.8950,27.4617,0.6450,2.6241,-831179687#12,-76.4760,2.7909,100.0000,default,26,rsu(489m),3868,156303,0.4739,489,1.8620,5,8,-76.4760,-93.4657,direct,0.1000,48.4000,-83.9376
504,node[15],0,5513.3089,3066.5149,1.8950,27.4313,-0.3045,2.6241,-831179687#12,-82.3727,-3.7327,100.0000,default,26,rsu(491m),3869,156363,0.0334,491,1.8277,2,2,-82.3727,-99.3624,direct,0.1000,47.6000,-83.8239
504.1,node[15],0,5510.9262,3065.1587,1.8950,27.4179,-0.1340,2.6241,-831179687#12,-73.8333,1.2247,100.0000,default,25,rsu(493m),3870,156423,0.2916,493,1.8362,5,8,-73.8333,-90.8230,direct,0.1000,47.6000,-83.7108
504.2,node[15],0,5508.5394,3063.8001,1.8950,27.4655,0.4760,2.6241,-831179687#12,-79.6293,-2.8618,100.0000,default,25,rsu(495m),3871,156481,0.0506,495,1.8627,3,4,-79.6293,-96.6190,direct,0.1000,47.2000,-83.5749
504.3,node[15],0,5506.1537,3062.4422,1.8950,27.4532,-0.1230,2.6241,-831179687#12,-80.6563,-3.8019,100.0000,default,25,rsu(497m),3872,156539,0.0323,497,1.8740,2,2,-80.6563,-97.6460,direct,0.1000,47.2000,-83.4258
504.4,node[15],0,5503.7734,3061.0873,1.8950,27.3910,-0.6222,2.6241,-831179687#12,-91.1494,-5.0000,100.0000,default,25,rsu(499m),3873,156596,0.0180,499,1.8265,2,2,-91.1494,-108.1391,direct,0.1000,46.0000,-83.2628
504.5,node[15],0,5501.3890,3059.7301,1.8950,27.4381,0.4715,2.6241,-831179687#12,-75.9749,3.0754,100.0000,default,25,rsu(502m),3874,156655,0.5094,502,1.8644,6,10,-75.9749,-92.9646,direct,0.1000,46.0000,-83.0832
504.6,node[15],0,5499.0014,3058.3710,1.8950,27.4746,0.3654,2.6241,-831179687#12,-84.1468,-5.0000,100.0000,default,25,rsu(502m),3875,156713,0.0180,502,1.8651,2,2,-84.1468,-101.1365,direct,0.1000,46.8000,-82.8857
504.7,node[15],0,5496.6112,3057.0106,1.8950,27.5041,0.2942,2.6241,-831179687#12,-73.6710,0.3199,100.0000,default,25,rsu(499m),3876,156772,0.2075,499,1.8443,4,6,-73.6710,-90.6607,direct,0.1000,46.8000,-82.6677
504.8,node[15],0,5494.1999,3055.7014,1.8950,27.4302,-0.7387,2.6351,:227496312_4,-76.6807,1.8338,100.0000,default,25,rsu(497m),3877,156831,0.3582,497,1.8367,5,8,-76.6807,-93.6704,direct,0.1000,47.2000,-82.4270
504.9,node[15],0,5491.7819,3054.3907,1.8950,27.4950,0.6476,2.6448,:227496312_4,-82.6611,-5.0000,100.0000,default,25,rsu(494m),3878,156891,0.0180,494,1.8414,2,2,-82.6611,-99.6508,direct,0.1000,47.2000,-82.1600
505,node[15],0,5489.3639,3053.0799,1.8950,27.4958,0.0080,2.6448,:227496312_4,-84.6305,-5.0000,100.0000,default,25,rsu(492m),3879,156949,0.0180,492,1.8270,2,2,-84.6305,-101.6202,direct,0.1000,47.2000,-81.8633
505.1,node[15],0,5486.9512,3051.7719,1.8950,27.4356,-0.6019,2.6448,:227496312_4,-76.0442,1.2481,100.0000,default,25,rsu(489m),3880,157008,0.2940,489,1.8306,5,8,-76.0442,-93.0339,direct,0.1000,47.2000,-81.5328
505.2,node[15],0,5484.5322,3050.4606,1.8950,27.5071,0.7158,2.6448,:227496312_4,-90.1768,-5.0000,100.0000,default,26,rsu(487m),3881,157067,0.0180,487,1.8389,2,2,-90.1768,-107.1665,direct,0.1000,47.2000,-81.1337
505.3,node[15],0,5482.0969,3049.1922,1.8950,27.4585,-0.4862,2.6539,-831179687#11,-82.6869,-4.9826,100.0000,default,26,rsu(484m),3882,157126,0.0181,484,1.8359,2,2,-82.6869,-99.6766,direct,0.1000,47.2000,-80.7220
505.4,node[15],0,5479.6526,3047.9313,1.8950,27.5048,0.4625,2.6652,-831179687#11,-79.4205,-4.4555,100.0000,default,26,rsu(482m),3883,157184,0.0235,482,1.8390,2,2,-79.4205,-96.4102,direct,0.1000,46.8000,-80.2573
505.5,node[15],0,5477.2132,3046.6730,1.8950,27.4486,-0.5616,2.6654,-831179687#11,-80.2522,-2.4576,100.0000,default,26,rsu(479m),3884,157243,0.0613,479,1.8410,3,4,-80.2522,-97.2419,direct,0.1000,46.8000,-79.7325
505.6,node[15],0,5474.7695,3045.4125,1.8950,27.4973,0.4869,2.6654,-831179687#11,-73.7768,4.2245,100.0000,default,26,rsu(476m),3885,157302,0.6484,476,1.8283,6,10,-73.7768,-90.7665,direct,0.1000,47.2000,-79.1354
505.7,node[15],0,5472.3316,3044.1549,1.8950,27.4330,-0.6433,2.6654,-831179687#11,-89.5202,-5.0000,100.0000,default,26,rsu(474m),3886,157360,0.0180,474,1.8560,2,2,-89.5202,-106.5099,direct,0.1000,47.2000,-78.4517
505.8,node[15],0,5469.8912,3042.8960,1.8950,27.4605,0.2754,2.6654,-831179687#11,-83.3015,-5.0000,100.0000,default,26,rsu(471m),3887,157420,0.0180,471,1.8502,2,2,-83.3015,-100.2912,direct,0.1000,47.2000,-77.6635
505.9,node[15],0,5467.4457,3041.6346,1.8950,27.5174,0.5686,2.6654,-831179687#11,-82.1075,-3.3817,100.0000,default,26,rsu(469m),3888,157478,0.0395,469,1.8558,2,2,-82.1075,-99.0972,direct,0.1000,47.2000,-76.7459
506,node[15],0,5465.0107,3040.3785,1.8950,27.3995,-1.1782,2.6654,-831179687#11,-75.5345,-0.3946,100.0000,default,26,rsu(466m),3889,157536,0.1548,466,1.8300,4,6,-75.5345,-92.5242,direct,0.1000,46.4000,-75.6674
506.1,node[15],0,5462.5686,3039.1188,1.8950,27.4790,0.7947,2.6654,-831179687#11,-75.4791,2.3515,100.0000,default,26,rsu(464m),3890,157597,0.4196,464,1.8688,5,8,-75.4791,-92.4688,direct,0.1000,46.4000,-74.3763
506.2,node[15],0,5460.1309,3037.8613,1.8950,27.4301,-0.4892,2.6654,-831179687#11,-85.4875,-5.0000,100.0000,default,26,rsu(461m),3891,157656,0.0180,461,1.8482,2,2,-85.4875,-102.4772,direct,0.1000,48.0000,-72.7974
506.3,node[15],0,5457.6894,3036.6019,1.8950,27.4728,0.4273,2.6654,-831179687#11,-79.4802,-3.1529,100.0000,default,26,rsu(459m),3892,157714,0.0441,459,1.8671,2,2,-79.4802,-96.4699,direct,0.1000,48.0000,-70.7980
506.4,node[15],0,5455.2475,3035.3423,1.8950,27.4773,0.0447,2.6654,-831179687#11,-82.7503,-4.2359,100.0000,default,26,rsu(456m),3893,157775,0.0261,456,1.8394,2,2,-82.7503,-99.7400,direct,0.1000,47.6000,-68.1387
506.5,node[15],0,5452.8057,3034.0827,1.8950,27.4763,-0.0098,2.6654,-831179687#11,-85.3912,-5.0000,100.0000,default,26,rsu(454m),3894,157833,0.0180,454,1.8285,2,2,-85.3912,-102.3809,direct,0.1000,47.6000,-64.2990
506.6,node[15],0,5450.3657,3032.8241,1.8950,27.4559,-0.2041,2.6654,-831179687#11,-81.6185,-2.2545,100.0000,default,26,rsu(451m),3895,157890,0.0674,451,1.8645,3,4,-81.6185,-98.6082,direct,0.1000,46.0000,-58.1435
506.7,node[15],0,5447.9220,3031.5635,1.8950,27.4984,0.4253,2.6654,-831179687#11,-75.3020,0.8872,100.0000,default,26,rsu(449m),3896,157950,0.2580,449,1.8503,4,6,-75.3020,-92.2917,direct,0.1000,46.0000,-56.6072
506.8,node[15],0,5445.4859,3030.3069,1.8950,27.4112,-0.8725,2.6654,-831179687#11,-77.3167,-3.5559,100.0000,default,26,rsu(446m),3897,158008,0.0363,446,1.8647,2,2,-77.3167,-94.3064,direct,0.1000,47.2000,-63.2380
506.9,node[15],0,5443.0434,3029.0470,1.8950,27.4840,0.7282,2.6654,-831179687#11,-81.8242,-4.8976,100.0000,default,26,rsu(443m),3898,158065,0.0189,443,1.8360,2,2,-81.8242,-98.8139,direct,0.1000,47.2000,-67.4532
507,node[15],0,5440.6070,3027.7902,1.8950,27.4156,-0.6840,2.6654,-831179687#11,-78.5058,0.0072,100.0000,default,26,rsu(441m),3899,158124,0.1830,441,1.8747,4,6,-78.5058,-95.4955,direct,0.1000,46.4000,-70.2980
507.1,node[15],0,5438.1674,3026.5318,1.8950,27.4511,0.3554,2.6654,-831179687#11,-83.8254,-5.0000,100.0000,default,26,rsu(438m),3900,158181,0.0180,438,1.8523,2,2,-83.8254,-100.8151,direct,0.1000,46.4000,-72.4090
507.2,node[15],0,5435.7272,3025.2730,1.8950,27.4581,0.0699,2.6654,-831179687#11,-75.9100,2.5055,100.0000,default,26,rsu(436m),3901,158240,0.4385,436,1.8719,5,8,-75.9100,-92.8997,direct,0.1000,46.4000,-74.0612
507.3,node[15],0,5433.2928,3024.0172,1.8950,27.3931,-0.6499,2.6654,-831179687#11,-86.6143,-5.0000,100.0000,default,26,rsu(433m),3902,158300,0.0180,433,1.8408,2,2,-86.6143,-103.6040,direct,0.1000,46.4000,-75.4026
507.4,node[15],0,5430.8557,3022.7601,1.8950,27.4234,0.3022,2.6654,-831179687#11,-75.6545,2.5960,100.0000,default,26,rsu(431m),3903,158359,0.4497,431,1.8663,5,8,-75.6545,-92.6442,direct,0.1000,47.6000,-76.5170
507.5,node[15],0,5428.4214,3021.5044,1.8950,27.3919,-0.3145,2.6654,-831179687#11,-78.6182,-2.4844,100.0000,default,26,rsu(428m),3904,158420,0.0605,428,1.8332,3,4,-78.6182,-95.6079,direct,0.1000,47.6000,-77.4583
507.6,node[15],0,5425.9864,3020.2483,1.8950,27.3999,0.0799,2.6654,-831179687#11,-72.3723,4.0597,100.0000,default,26,rsu(426m),3905,158479,0.6294,426,1.8444,6,10,-72.3723,-89.3620,direct,0.1000,48.0000,-78.2641
507.7,node[15],0,5423.5486,3018.9908,1.8950,27.4311,0.3125,2.6654,-831179687#11,-74.2130,3.2550,100.0000,default,26,rsu(423m),3906,158539,0.5318,423,1.8370,6,10,-74.2130,-91.2027,direct,0.1000,48.0000,-78.9595
507.8,node[15],0,5421.1133,3017.7302,1.8950,27.4178,-0.1338,2.6646,:227585492_4,-74.5192,4.0102,100.0000,default,26,rsu(421m),3907,158598,0.6237,421,1.8532,6,10,-74.5192,-91.5089,direct,0.1000,47.6000,-79.5645
507.9,node[15],0,5418.6776,3016.4637,1.8950,27.4429,0.2517,2.6628,:227585492_4,-83.4745,-5.0000,100.0000,default,26,rsu(419m),3908,158657,0.0180,419,1.8258,2,2,-83.4745,-100.4642,direct,0.1000,47.6000,-80.0939
508,node[15],0,5416.2374,3015.1950,1.8950,27.4924,0.4948,2.6621,:227585492_4,-75.6185,2.3306,100.0000,default,26,rsu(416m),3909,158718,0.4171,416,1.8496,5,8,-75.6185,-92.6082,direct,0.1000,48.0000,-80.5598
508.1,node[15],0,5413.7998,3013.9276,1.8950,27.4633,-0.2911,2.6621,:227585492_4,-73.4613,3.3517,100.0000,default,26,rsu(414m),3910,158778,0.5439,414,1.8289,6,10,-73.4613,-90.4510,direct,0.1000,48.0000,-80.9709
508.2,node[15],0,5411.3644,3012.6614,1.8950,27.4389,-0.2435,2.6621,:227585492_4,-78.6442,-0.9562,100.0000,default,26,rsu(411m),3911,158840,0.1215,411,1.8293,4,6,-78.6442,-95.6339,direct,0.1000,48.8000,-81.3347
508.3,node[15],0,5408.9303,3011.3938,1.8950,27.4349,-0.0405,2.6618,-831179687#10,-81.7522,-5.0000,100.0000,default,26,rsu(409m),3912,158903,0.0180,409,1.8457,2,2,-81.7522,-98.7419,direct,0.1000,48.8000,-81.6573
508.4,node[15],0,5406.4981,3010.1187,1.8950,27.4598,0.2486,2.6599,-831179687#10,-75.5824,3.4240,100.0000,default,26,rsu(406m),3913,158963,0.5528,406,1.8371,6,10,-75.5824,-92.5721,direct,0.1000,49.2000,-81.9448
508.5,node[15],0,5404.0708,3008.8462,1.8950,27.4038,-0.5594,2.6587,-831179687#10,-77.6126,1.6798,100.0000,default,26,rsu(404m),3914,159023,0.3407,404,1.8666,5,8,-77.6126,-94.6023,direct,0.1000,49.2000,-82.2013
508.6,node[15],0,5401.6420,3007.5729,1.8950,27.4218,0.1801,2.6587,-831179687#10,-76.0855,0.4132,100.0000,default,26,rsu(401m),3915,159084,0.2153,401,1.8642,4,6,-76.0855,-93.0752,direct,0.1000,48.4000,-82.4304
508.7,node[15],0,5399.2124,3006.2992,1.8950,27.4305,0.0865,2.6587,-831179687#10,-79.4867,-2.8299,100.0000,default,26,rsu(399m),3916,159145,0.0514,399,1.8514,3,4,-79.4867,-96.4764,direct,0.1000,48.4000,-82.6359
508.8,node[15],0,5396.7781,3005.0231,1.8950,27.4823,0.5184,2.6587,-831179687#10,-78.5735,-0.2043,100.0000,default,26,rsu(396m),3917,159202,0.1677,396,1.8519,4,6,-78.5735,-95.5632,direct,0.1000,47.2000,-82.8202
508.9,node[15],0,5394.3412,3003.7455,1.8950,27.5131,0.3080,2.6587,-831179687#10,-81.2024,-2.0298,100.0000,default,26,rsu(394m),3918,159260,0.0748,394,1.8408,3,4,-81.2024,-98.1921,direct,0.1000,47.2000,-82.9860
509,node[15],0,5391.9124,3002.4722,1.8950,27.4213,-0.9178,2.6587,-831179687#10,-77.3824,-1.7334,100.0000,default,26,rsu(391m),3919,159319,0.0857,391,1.8404,3,4,-77.3824,-94.3721,direct,0.1000,46.8000,-83.1348
509.1,node[15],0,5389.4852,3001.1998,1.8950,27.4026,-0.1870,2.6587,-831179687#10,-76.4607,-2.0480,100.0000,default,26,rsu(389m),3920,159380,0.0742,389,1.8687,3,4,-76.4607,-93.4504,direct,0.1000,46.8000,-83.2686
509.2,node[15],0,5387.0494,2999.9228,1.8950,27.5008,0.9819,2.6587,-831179687#10,-81.0064,-1.7074,100.0000,default,26,rsu(387m),3921,159440,0.0868,387,1.8535,3,4,-81.0064,-97.9961,direct,0.1000,48.4000,-83.3895
509.3,node[15],0,5384.6229,2998.6507,1.8950,27.3952,-1.0559,2.6587,-831179687#10,-81.5956,-5.0000,100.0000,default,26,rsu(384m),3922,159498,0.0180,384,1.8543,2,2,-81.5956,-98.5853,direct,0.1000,48.4000,-83.4983
509.4,node[15],0,5382.1909,2997.3758,1.8950,27.4566,0.6139,2.6587,-831179687#10,-81.8602,-3.1098,100.0000,default,26,rsu(382m),3923,159560,0.0450,382,1.8758,2,2,-81.8602,-98.8499,direct,0.1000,48.0000,-83.5966
509.5,node[15],0,5379.7581,2996.1004,1.8950,27.4672,0.1060,2.6587,-831179687#10,-84.0085,-5.0000,100.0000,default,26,rsu(379m),3924,159619,0.0180,379,1.8287,2,2,-84.0085,-100.9982,direct,0.1000,48.0000,-83.6851
509.6,node[15],0,5377.3206,2994.8226,1.8950,27.5186,0.5142,2.6587,-831179687#10,-78.9063,-2.8260,100.0000,default,26,rsu(377m),3925,159680,0.0515,377,1.8746,3,4,-78.9063,-95.8960,direct,0.1000,48.0000,-83.7643
509.7,node[15],0,5374.8871,2993.5468,1.8950,27.4746,-0.4400,2.6587,-831179687#10,-83.0645,-5.0000,100.0000,default,26,rsu(374m),3926,159738,0.0180,374,1.8280,2,2,-83.0645,-100.0542,direct,0.1000,48.0000,-83.8357
509.8,node[15],0,5372.4529,2992.2707,1.8950,27.4825,0.0787,2.6587,-831179687#10,-80.3792,-3.7797,100.0000,default,26,rsu(372m),3927,159797,0.0326,372,1.8394,2,2,-80.3792,-97.3689,direct,0.1000,46.8000,-83.8998
509.9,node[15],0,5370.0226,2990.9966,1.8950,27.4382,-0.4431,2.6587,-831179687#10,-77.7096,0.9668,100.0000,default,26,rsu(370m),3928,159854,0.2657,370,1.8639,4,6,-77.7096,-94.6993,direct,0.1000,46.8000,-83.9576
510,node[15],0,5367.5938,2989.7233,1.8950,27.4206,-0.1760,2.6587,-831179687#10,-78.9968,-0.8134,100.0000,default,26,rsu(367m),3929,159911,0.1294,367,1.8658,4,6,-78.9968,-95.9865,direct,0.1000,45.6000,-84.0094
510.1,node[15],0,5365.1639,2988.4494,1.8950,27.4344,0.1384,2.6587,-831179687#10,-74.4902,-0.6031,100.0000,default,26,rsu(365m),3930,159972,0.1417,365,1.8425,4,6,-74.4902,-91.4799,direct,0.1000,45.6000,-84.0558
510.2,node[15],0,5362.7362,2987.1767,1.8950,27.4088,-0.2563,2.6587,-831179687#10,-76.2685,1.8870,100.0000,default,26,rsu(362m),3931,160030,0.3644,362,1.8663,5,8,-76.2685,-93.2582,direct,0.1000,47.6000,-84.0973
510.3,node[15],0,5360.3060,2985.9027,1.8950,27.4369,0.2812,2.6587,-831179687#10,-77.6778,1.1656,100.0000,default,26,rsu(360m),3932,160088,0.2855,360,1.8642,5,8,-77.6778,-94.6675,direct,0.1000,47.6000,-84.1343
510.4,node[15],0,5357.8706,2984.6259,1.8950,27.4956,0.5870,2.6587,-831179687#10,-75.5256,-1.3519,100.0000,default,26,rsu(358m),3933,160147,0.1019,358,1.8424,3,4,-75.5256,-92.5153,direct,0.1000,46.8000,-84.1671
510.5,node[15],0,5355.4374,2983.3504,1.8950,27.4707,-0.2492,2.6587,-831179687#10,-82.6208,-5.0000,100.0000,default,26,rsu(355m),3934,160204,0.0180,355,1.8546,2,2,-82.6208,-99.6105,direct,0.1000,46.8000,-84.1961
510.6,node[15],0,5353.0082,2982.0769,1.8950,27.4251,-0.4559,2.6587,-831179687#10,-75.8075,2.5376,100.0000,default,26,rsu(353m),3935,160264,0.4425,353,1.8650,5,8,-75.8075,-92.7972,direct,0.1000,46.8000,-84.2215
510.7,node[15],0,5350.5821,2980.8050,1.8950,27.3916,-0.3355,2.6587,-831179687#10,-76.7299,-2.4682,100.0000,default,26,rsu(351m),3936,160323,0.0610,351,1.8657,3,4,-76.7299,-93.7196,direct,0.1000,46.8000,-84.2437
510.8,node[15],0,5348.1493,2979.5296,1.8950,27.4661,0.7455,2.6587,-831179687#10,-86.1812,-5.0000,100.0000,default,26,rsu(348m),3937,160382,0.0180,348,1.8748,2,2,-86.1812,-103.1709,direct,0.1000,47.2000,-84.2629
510.9,node[15],0,5345.7231,2978.2577,1.8950,27.3918,-0.7429,2.6587,-831179687#10,-81.1044,-3.6997,100.0000,default,26,rsu(346m),3938,160441,0.0339,346,1.8640,2,2,-81.1044,-98.0941,direct,0.1000,47.2000,-84.2793
511,node[15],0,5343.2956,2976.9745,1.8950,27.4569,0.6504,2.6569,:227495109_4,-78.3460,-2.7593,100.0000,default,26,rsu(344m),3939,160499,0.0532,344,1.8259,3,4,-78.3460,-95.3357,direct,0.1000,46.8000,-84.2930
511.1,node[15],0,5340.8813,2975.6598,1.8950,27.4921,0.3519,2.6482,:227495109_4,-75.1848,2.0190,100.0000,default,26,rsu(341m),3940,160559,0.3798,341,1.8408,5,8,-75.1848,-92.1745,direct,0.1000,46.8000,-84.3043
511.2,node[15],0,5338.4672,2974.3453,1.8950,27.4888,-0.0329,2.6430,:227495109_4,-77.0111,-1.5380,100.0000,default,26,rsu(339m),3941,160616,0.0937,339,1.8388,3,4,-77.0111,-94.0008,direct,0.1000,46.8000,-84.3132
511.3,node[15],0,5336.0531,2973.0307,1.8950,27.4896,0.0085,2.6430,:227495109_4,-77.2034,-2.3027,100.0000,default,26,rsu(337m),3942,160675,0.0659,337,1.8499,3,4,-77.2034,-94.1931,direct,0.1000,46.8000,-84.3200
511.4,node[15],0,5333.6466,2971.7203,1.8950,27.4026,-0.8698,2.6430,:227495109_4,-75.0302,3.8894,100.0000,default,26,rsu(334m),3943,160733,0.6094,334,1.8295,6,10,-75.0302,-92.0199,direct,0.1000,46.8000,-84.3248
511.5,node[15],0,5331.2392,2970.4095,1.8950,27.4121,0.0944,2.6430,:227495109_4,-75.9616,0.7052,100.0000,default,26,rsu(332m),3944,160794,0.2410,332,1.8272,4,6,-75.9616,-92.9514,direct,0.1000,46.8000,-84.3277
511.6,node[15],0,5328.8550,2969.0606,1.8950,27.4434,0.3128,2.6341,-831179687#9,-82.4117,-5.0000,100.0000,default,26,rsu(330m),3945,160853,0.0180,330,1.8631,2,2,-82.4117,-99.4014,direct,0.1000,48.0000,-84.3287
511.7,node[15],0,5326.4621,2967.7284,1.8950,27.3911,-0.5224,2.6302,:227495142_0,-71.0813,7.0535,100.0000,default,26,rsu(328m),3946,160913,0.8836,328,1.8686,8,14,-71.0813,-88.0710,direct,0.1000,48.0000,-84.3280
511.8,node[15],0,5324.0618,2966.3985,1.8950,27.4317,0.4057,2.6355,:227495142_0,-75.6251,-0.7604,100.0000,default,26,rsu(325m),3947,160971,0.1324,325,1.8536,4,6,-75.6251,-92.6148,direct,0.1000,47.2000,-84.3256
511.9,node[15],0,5321.6589,2965.0671,1.8950,27.4621,0.3042,2.6356,:227495142_0,-78.5522,-0.3084,100.0000,default,26,rsu(323m),3948,161030,0.1605,323,1.8434,4,6,-78.5522,-95.5419,direct,0.1000,47.2000,-84.3218
512,node[15],0,5319.2510,2963.7330,1.8950,27.5182,0.5613,2.6356,:227495142_0,-78.0528,0.3820,100.0000,default,26,rsu(321m),3949,161088,0.2127,321,1.8752,4,6,-78.0528,-95.0425,direct,0.1000,46.8000,-84.3163
512.1,node[15],0,5316.8438,2962.3993,1.8950,27.5113,-0.0691,2.6356,:227495142_0,-73.7608,4.6360,100.0000,default,26,rsu(319m),3950,161148,0.6938,319,1.8423,6,10,-73.7608,-90.7505,direct,0.1000,46.8000,-84.3095
512.2,node[15],0,5314.4401,2961.0817,1.8950,27.4079,-1.0341,2.6381,-831179687#8,-72.8177,6.5242,100.0000,default,26,rsu(316m),3951,161208,0.8535,316,1.8695,7,12,-72.8177,-89.8074,direct,0.1000,48.0000,-84.3012
512.3,node[15],0,5312.0323,2959.7749,1.8950,27.3971,-0.1081,2.6429,-831179687#8,-86.4747,-5.0000,100.0000,default,26,rsu(314m),3952,161267,0.0180,314,1.8555,2,2,-86.4747,-103.4644,direct,0.1000,48.0000,-84.2917
512.4,node[15],0,5309.6143,2958.4625,1.8950,27.5136,1.1646,2.6443,-831179687#8,-78.6625,-2.3525,100.0000,default,26,rsu(312m),3953,161326,0.0644,312,1.8639,3,4,-78.6625,-95.6522,direct,0.1000,47.2000,-84.2807
512.5,node[15],0,5307.2031,2957.1539,1.8950,27.4360,-0.7759,2.6443,-831179687#8,-81.5749,-3.6901,100.0000,default,26,rsu(310m),3954,161383,0.0341,310,1.8423,2,2,-81.5749,-98.5646,direct,0.1000,47.2000,-84.2685
512.6,node[15],0,5304.7922,2955.8454,1.8950,27.4318,-0.0420,2.6443,-831179687#8,-71.9637,4.9131,100.0000,default,26,rsu(307m),3955,161443,0.7224,307,1.8365,6,10,-71.9637,-88.9534,direct,0.1000,46.8000,-84.2551
512.7,node[15],0,5302.3840,2954.5384,1.8950,27.4022,-0.2953,2.6443,-831179687#8,-78.3127,0.1953,100.0000,default,26,rsu(305m),3956,161501,0.1974,305,1.8728,4,6,-78.3127,-95.3024,direct,0.1000,46.8000,-84.2405
512.8,node[15],0,5299.9742,2953.2305,1.8950,27.4194,0.1719,2.6443,-831179687#8,-80.4242,-5.0000,100.0000,default,26,rsu(303m),3957,161560,0.0180,303,1.8272,2,2,-80.4242,-97.4139,direct,0.1000,46.8000,-84.2247
512.9,node[15],0,5297.5669,2951.9240,1.8950,27.3921,-0.2729,2.6443,-831179687#8,-73.7357,1.6706,100.0000,default,26,rsu(301m),3958,161621,0.3397,301,1.8365,5,8,-73.7357,-90.7254,direct,0.1000,46.8000,-84.2077
513,node[15],0,5295.1581,2950.6167,1.8950,27.4080,0.1590,2.6443,-831179687#8,-77.8377,-3.6539,100.0000,default,26,rsu(299m),3959,161679,0.0347,299,1.8568,2,2,-77.8377,-94.8274,direct,0.1000,47.6000,-84.1896
513.1,node[15],0,5292.7441,2949.3065,1.8950,27.4674,0.5935,2.6443,-831179687#8,-82.5474,-5.0000,100.0000,default,25,rsu(297m),3960,161738,0.0180,297,1.8372,2,2,-82.5474,-99.5371,direct,0.1000,47.6000,-84.2291
513.2,node[15],0,5290.3343,2947.9986,1.8950,27.4209,-0.4647,2.6443,-831179687#8,-72.6657,5.8689,100.0000,default,25,rsu(294m),3961,161798,0.8076,294,1.8544,7,12,-72.6657,-89.6554,direct,0.1000,47.6000,-84.2085
513.3,node[15],0,5287.9206,2946.6886,1.8950,27.4642,0.4329,2.6443,-831179687#8,-77.1383,1.9023,100.0000,default,25,rsu(292m),3962,161859,0.3661,292,1.8501,5,8,-77.1383,-94.1280,direct,0.1000,47.6000,-84.1866
513.4,node[15],0,5285.5038,2945.3769,1.8950,27.4990,0.3483,2.6443,-831179687#8,-79.4641,-2.3948,100.0000,default,25,rsu(290m),3963,161918,0.0631,290,1.8658,3,4,-79.4641,-96.4538,direct,0.1000,48.0000,-84.1636
513.5,node[15],0,5283.0872,2944.0654,1.8950,27.4971,-0.0189,2.6443,-831179687#8,-79.0896,-1.1303,100.0000,default,25,rsu(288m),3964,161975,0.1125,288,1.8641,3,4,-79.0896,-96.0793,direct,0.1000,48.0000,-84.1394
513.6,node[15],0,5280.6737,2942.7555,1.8950,27.4622,-0.3495,2.6443,-831179687#8,-72.2757,4.0627,100.0000,default,25,rsu(286m),3965,162037,0.6298,286,1.8429,6,10,-72.2757,-89.2654,direct,0.1000,47.6000,-84.1141
513.7,node[15],0,5278.2554,2941.4430,1.8950,27.5168,0.5463,2.6443,-831179687#8,-73.9308,1.2959,100.0000,default,25,rsu(284m),3966,162095,0.2990,284,1.8287,5,8,-73.9308,-90.9205,direct,0.1000,47.6000,-84.0876
513.8,node[15],0,5275.8433,2940.1339,1.8950,27.4458,-0.7103,2.6443,-831179687#8,-78.4320,-2.5177,100.0000,default,25,rsu(282m),3967,162155,0.0596,282,1.8257,3,4,-78.4320,-95.4217,direct,0.1000,47.2000,-84.0601
513.9,node[15],0,5273.4254,2938.8216,1.8950,27.5123,0.6650,2.6443,-831179687#8,-73.2743,3.0010,100.0000,default,25,rsu(280m),3968,162215,0.5001,280,1.8283,6,10,-73.2743,-90.2640,direct,0.1000,47.2000,-84.0312
514,node[15],0,5271.0124,2937.5120,1.8950,27.4558,-0.5645,2.6443,-831179687#8,-70.6125,3.7025,100.0000,default,25,rsu(278m),3969,162277,0.5869,278,1.8670,6,10,-70.6125,-87.6022,direct,0.1000,48.8000,-84.0012
514.1,node[15],0,5268.5952,2936.2001,1.8950,27.5042,0.4839,2.6443,-831179687#8,-74.6786,4.0189,100.0000,default,24,rsu(276m),3970,162339,0.6247,276,1.8298,6,10,-74.6786,-91.6683,direct,0.1000,48.8000,-83.9752
514.2,node[15],0,5266.1852,2934.8921,1.8950,27.4220,-0.8223,2.6443,-831179687#8,-72.2524,2.9699,100.0000,default,24,rsu(274m),3971,162400,0.4962,274,1.8483,5,8,-72.2524,-89.2421,direct,0.1000,49.2000,-83.9427
514.3,node[15],0,5263.7734,2933.5898,1.8950,27.4108,-0.1118,2.6455,:227549027_5,-70.5298,4.8100,100.0000,default,24,rsu(272m),3972,162459,0.7120,272,1.8638,6,10,-70.5298,-87.5195,direct,0.1000,49.2000,-83.9089
514.4,node[15],0,5261.3507,2932.2890,1.8950,27.4983,0.8753,2.6480,:227549027_5,-87.9875,-5.0000,100.0000,default,24,rsu(269m),3973,162517,0.0180,269,1.8638,2,2,-87.9875,-104.9772,direct,0.1000,46.8000,-83.8737
514.5,node[15],0,5258.9286,2930.9886,1.8950,27.4909,-0.0744,2.6489,:227549027_5,-80.1567,-1.9045,100.0000,default,24,rsu(267m),3974,162579,0.0793,267,1.8404,3,4,-80.1567,-97.1464,direct,0.1000,46.8000,-83.8372
514.6,node[15],0,5256.5102,2929.6902,1.8950,27.4489,-0.4201,2.6489,:227549027_5,-72.2055,4.8927,100.0000,default,24,rsu(265m),3975,162642,0.7204,265,1.8636,6,10,-72.2055,-89.1952,direct,0.1000,50.0000,-83.7993
514.7,node[15],0,5254.0859,2928.3886,1.8950,27.5154,0.6654,2.6489,:227549027_5,-71.4124,4.5628,100.0000,default,24,rsu(263m),3976,162701,0.6860,263,1.8277,6,10,-71.4124,-88.4021,direct,0.1000,50.0000,-83.7598
514.8,node[15],0,5251.6690,2927.0941,1.8950,27.4182,-0.9724,2.6494,-831179687#7,-75.5822,3.2883,100.0000,default,24,rsu(262m),3977,162761,0.5360,262,1.8411,6,10,-75.5822,-92.5719,direct,0.1000,47.6000,-83.7189
514.9,node[15],0,5249.2461,2925.8080,1.8950,27.4304,0.1222,2.6520,-831179687#7,-71.5461,5.3522,100.0000,default,24,rsu(260m),3978,162824,0.7642,260,1.8298,7,12,-71.5461,-88.5358,direct,0.1000,47.6000,-83.6763
515,node[15],0,5246.8214,2924.5210,1.8950,27.4512,0.2075,2.6536,-831179687#7,-79.6579,-4.4522,100.0000,default,24,rsu(258m),3979,162886,0.0235,258,1.8679,2,2,-79.6579,-96.6476,direct,0.1000,50.0000,-83.6320
515.1,node[15],0,5244.4013,2923.2364,1.8950,27.3989,-0.5224,2.6536,-831179687#7,-73.4076,3.4586,100.0000,default,23,rsu(256m),3980,162950,0.5571,256,1.8268,6,10,-73.4076,-90.3973,direct,0.1000,50.0000,-83.6375
515.2,node[15],0,5241.9733,2921.9476,1.8950,27.4879,0.8902,2.6536,-831179687#7,-80.9190,-5.0000,100.0000,default,23,rsu(254m),3981,163012,0.0180,254,1.8638,2,2,-80.9190,-97.9087,direct,0.1000,50.4000,-83.5890
515.3,node[15],0,5239.5500,2920.6613,1.8950,27.4362,-0.5173,2.6536,-831179687#7,-71.8462,4.9291,100.0000,default,23,rsu(252m),3982,163072,0.7240,252,1.8639,6,10,-71.8462,-88.8359,direct,0.1000,50.4000,-83.5385
515.4,node[15],0,5237.1200,2919.3715,1.8950,27.5100,0.7382,2.6536,-831179687#7,-74.8414,3.7685,100.0000,default,23,rsu(250m),3983,163134,0.5949,250,1.8631,6,10,-74.8414,-91.8311,direct,0.1000,48.8000,-83.4859
515.5,node[15],0,5234.6997,2918.0867,1.8950,27.4023,-1.0774,2.6536,-831179687#7,-79.2146,-4.6987,100.0000,default,23,rsu(248m),3984,163194,0.0208,248,1.8288,2,2,-79.2146,-96.2043,direct,0.1000,48.8000,-83.4311
515.6,node[15],0,5232.2778,2916.8012,1.8950,27.4183,0.1602,2.6536,-831179687#7,-71.9350,6.4267,100.0000,default,23,rsu(246m),3985,163257,0.8473,246,1.8520,7,12,-71.9350,-88.9247,direct,0.1000,49.2000,-83.3740
515.7,node[15],0,5229.8553,2915.5153,1.8950,27.4267,0.0840,2.6536,-831179687#7,-69.8515,8.2592,100.0000,default,23,rsu(244m),3986,163317,0.9327,244,1.8525,8,14,-69.8515,-86.8412,direct,0.1000,49.2000,-83.3142
515.8,node[15],0,5227.4281,2914.2270,1.8950,27.4788,0.5207,2.6536,-831179687#7,-70.2862,5.0319,100.0000,default,23,rsu(243m),3987,163377,0.7342,243,1.8261,7,12,-70.2862,-87.2759,direct,0.1000,48.0000,-83.2516
515.9,node[15],0,5225.0074,2912.9420,1.8950,27.4066,-0.7216,2.6536,-831179687#7,-74.7776,1.5962,100.0000,default,23,rsu(241m),3988,163437,0.3314,241,1.8485,5,8,-74.7776,-91.7673,direct,0.1000,48.0000,-83.1861
516,node[15],0,5222.5769,2911.6520,1.8950,27.5162,1.0955,2.6536,-831179687#7,-72.6029,2.2072,100.0000,default,24,rsu(239m),3989,163497,0.4022,239,1.8519,5,8,-72.6029,-89.5926,direct,0.1000,48.0000,-83.0713
516.1,node[15],0,5220.1650,2910.3500,1.8950,27.4124,-1.0377,2.6498,:227597497_0,-73.6713,4.9390,100.0000,default,24,rsu(237m),3990,163558,0.7250,237,1.8639,6,10,-73.6713,-90.6610,direct,0.1000,48.0000,-82.9993
516.2,node[15],0,5217.7756,2909.0049,1.8950,27.4268,0.1442,2.6362,:227597497_0,-71.0781,3.2944,100.0000,default,24,rsu(236m),3991,163617,0.5367,236,1.8365,6,10,-71.0781,-88.0678,direct,0.1000,48.0000,-82.9237
516.3,node[15],0,5215.3853,2907.6593,1.8950,27.4365,0.0969,2.6289,:227597497_0,-71.1758,5.2270,100.0000,default,25,rsu(234m),3992,163678,0.7528,234,1.8372,7,12,-71.1758,-88.1655,direct,0.1000,48.0000,-82.8011
516.4,node[15],0,5212.9919,2906.3119,1.8950,27.4730,0.3651,2.6289,:227597497_0,-74.8578,1.5865,100.0000,default,25,rsu(232m),3993,163739,0.3303,232,1.8437,5,8,-74.8578,-91.8475,direct,0.1000,48.8000,-82.7172
516.5,node[15],0,5210.6045,2904.9678,1.8950,27.4040,-0.6902,2.6289,:227597497_0,-82.0122,-5.0000,100.0000,default,25,rsu(231m),3994,163797,0.0180,231,1.8638,2,2,-82.0122,-99.0019,direct,0.1000,48.8000,-82.6284
516.6,node[15],0,5208.2223,2903.6165,1.8950,27.3953,-0.0869,2.6271,-831179687#6,-76.9561,0.5535,100.0000,default,25,rsu(229m),3995,163861,0.2274,229,1.8640,4,6,-76.9561,-93.9458,direct,0.1000,48.8000,-82.5346
516.7,node[15],0,5205.8685,2902.2128,1.8950,27.4103,0.1503,2.6134,-831179687#6,-72.5071,6.3913,100.0000,default,25,rsu(227m),3996,163921,0.8450,227,1.8391,7,12,-72.5071,-89.4968,direct,0.1000,48.8000,-82.4352
516.8,node[15],0,5203.5066,2900.8043,1.8950,27.5041,0.9379,2.6039,-831179687#6,-73.6260,1.2095,100.0000,default,25,rsu(226m),3997,163985,0.2900,226,1.8645,5,8,-73.6260,-90.6157,direct,0.1000,49.6000,-82.3292
516.9,node[15],0,5201.1449,2899.3958,1.8950,27.5030,-0.0111,2.6039,-831179687#6,-69.5185,4.7646,100.0000,default,25,rsu(224m),3998,164042,0.7073,224,1.8338,6,10,-69.5185,-86.5082,direct,0.1000,49.6000,-82.2160
517,node[15],0,5198.7886,2897.9906,1.8950,27.4390,-0.6402,2.6039,-831179687#6,-80.6387,-5.0000,100.0000,default,25,rsu(223m),3999,164104,0.0180,223,1.8644,2,2,-80.6387,-97.6284,direct,0.1000,47.6000,-82.0950
517.1,node[15],0,5196.4295,2896.5838,1.8950,27.4721,0.3307,2.6039,-831179687#6,-75.4680,-0.1513,100.0000,default,25,rsu(221m),4000,164166,0.1714,221,1.8308,4,6,-75.4680,-92.4577,direct,0.1000,47.6000,-81.9650
517.2,node[15],0,5194.0708,2895.1771,1.8950,27.4675,-0.0451,2.6039,-831179687#6,-76.4351,0.0379,100.0000,default,25,rsu(220m),4001,164224,0.1853,220,1.8661,4,6,-76.4351,-93.4248,direct,0.1000,48.0000,-81.8246
517.3,node[15],0,5191.7121,2893.7705,1.8950,27.4673,-0.0022,2.6039,-831179687#6,-70.3964,3.5052,100.0000,default,25,rsu(219m),4002,164287,0.5628,219,1.8641,6,10,-70.3964,-87.3861,direct,0.1000,48.0000,-81.6728
517.4,node[15],0,5189.3078,2892.4373,1.8950,27.4858,0.1848,2.6211,:227597511_4,-72.3522,6.9402,100.0000,default,25,rsu(217m),4003,164348,0.8776,217,1.8561,7,12,-72.3522,-89.3419,direct,0.1000,49.6000,-81.5076
517.5,node[15],0,5186.8983,2891.1104,1.8950,27.4990,0.1316,2.6382,:227597511_4,-71.2942,3.1543,100.0000,default,25,rsu(216m),4004,164410,0.5193,216,1.8294,6,10,-71.2942,-88.2839,direct,0.1000,49.6000,-81.3275
517.6,node[15],0,5184.4978,2889.7885,1.8950,27.3961,-1.0282,2.6382,:227597511_4,-73.3090,4.4547,100.0000,default,25,rsu(214m),4005,164472,0.6742,214,1.8678,6,10,-73.3090,-90.2987,direct,0.1000,49.6000,-81.1305
517.7,node[15],0,5182.0959,2888.4659,1.8950,27.4117,0.1554,2.6382,:227597511_4,-71.3082,7.5247,100.0000,default,25,rsu(213m),4006,164535,0.9057,213,1.8665,8,14,-71.3082,-88.2979,direct,0.1000,49.6000,-80.9138
517.8,node[15],0,5179.6885,2887.1402,1.8950,27.4748,0.6317,2.6382,:227597511_4,-75.2336,1.1982,100.0000,default,25,rsu(212m),4007,164597,0.2889,212,1.8557,5,8,-75.2336,-92.2233,direct,0.1000,50.0000,-80.6737
517.9,node[15],0,5177.2563,2885.8714,1.8950,27.4328,-0.4200,2.6506,-831179687#5,-71.4429,7.3994,100.0000,default,25,rsu(210m),4008,164659,0.9002,210,1.8296,8,14,-71.4429,-88.4326,direct,0.1000,50.0000,-80.4065
518,node[15],0,5174.8090,2884.6240,1.8950,27.4681,0.3524,2.6682,-831179687#5,-76.1654,1.4776,100.0000,default,25,rsu(209m),4009,164718,0.3184,209,1.8353,5,8,-76.1654,-93.1551,direct,0.1000,48.4000,-80.1074
518.1,node[15],0,5172.3657,2883.3786,1.8950,27.4241,-0.4403,2.6702,-831179687#5,-74.0985,2.6601,100.0000,default,25,rsu(208m),4010,164780,0.4576,208,1.8647,5,8,-74.0985,-91.0882,direct,0.1000,48.4000,-79.7711
518.2,node[15],0,5169.9207,2882.1324,1.8950,27.4425,0.1846,2.6702,-831179687#5,-73.3852,4.3653,100.0000,default,25,rsu(206m),4011,164842,0.6643,206,1.8623,6,10,-73.3852,-90.3749,direct,0.1000,49.6000,-79.3900
518.3,node[15],0,5167.4788,2880.8878,1.8950,27.4082,-0.3434,2.6702,-831179687#5,-69.2419,6.7194,100.0000,default,25,rsu(205m),4012,164902,0.8653,205,1.8336,7,12,-69.2419,-86.2316,direct,0.1000,49.6000,-78.9554
518.4,node[15],0,5165.0301,2879.6397,1.8950,27.4836,0.7543,2.6702,-831179687#5,-73.2832,3.6120,100.0000,default,25,rsu(204m),4013,164964,0.5759,204,1.8407,6,10,-73.2832,-90.2729,direct,0.1000,48.8000,-78.4545
518.5,node[15],0,5162.5858,2878.3938,1.8950,27.4345,-0.4914,2.6702,-831179687#5,-82.3674,-3.9481,100.0000,default,25,rsu(203m),4014,165027,0.0301,203,1.8687,2,2,-82.3674,-99.3571,direct,0.1000,48.8000,-77.8728
518.6,node[15],0,5160.1431,2877.1487,1.8950,27.4175,-0.1693,2.6702,-831179687#5,-66.1239,12.7404,100.0000,default,25,rsu(201m),4015,165086,0.9924,201,1.8258,10,18,-66.1239,-83.1136,direct,0.1000,48.8000,-77.1907
518.7,node[15],0,5157.7000,2875.9035,1.8950,27.4209,0.0340,2.6702,-831179687#5,-71.5137,6.5038,100.0000,default,25,rsu(200m),4016,165148,0.8522,200,1.8283,7,12,-71.5137,-88.5034,direct,0.1000,48.8000,-76.3816
518.8,node[15],0,5155.2594,2874.6595,1.8950,27.3928,-0.2811,2.6702,-831179687#5,-68.8800,6.8867,100.0000,default,25,rsu(199m),4017,165208,0.8747,199,1.8634,7,12,-68.8800,-85.8697,direct,0.1000,48.8000,-75.4084
518.9,node[15],0,5152.8123,2873.4122,1.8950,27.4668,0.7394,2.6702,-831179687#5,-69.4461,8.1354,100.0000,default,25,rsu(198m),4018,165268,0.9288,198,1.8631,8,14,-69.4461,-86.4358,direct,0.1000,48.8000,-74.2157
519,node[15],0,5150.3702,2872.1675,1.8950,27.4101,-0.5661,2.6702,-831179687#5,-71.9298,2.2619,100.0000,default,25,rsu(197m),4019,165327,0.4088,197,1.8639,5,8,-71.9298,-88.9195,direct,0.1000,47.6000,-72.7265
519.1,node[15],0,5147.9228,2870.9200,1.8950,27.4698,0.5961,2.6702,-831179687#5,-72.9990,6.1115,100.0000,default,25,rsu(196m),4020,165389,0.8257,196,1.8256,7,12,-72.9990,-89.9887,direct,0.1000,47.6000,-70.7998
519.2,node[15],0,5145.4739,2869.6718,1.8950,27.4861,0.1635,2.6702,-831179687#5,-68.6245,6.8832,100.0000,default,25,rsu(195m),4021,165449,0.8745,195,1.8423,7,12,-68.6245,-85.6142,direct,0.1000,48.8000,-68.1806
519.3,node[15],0,5143.0306,2868.4264,1.8950,27.4238,-0.6226,2.6702,-831179687#5,-85.8256,-5.0000,100.0000,default,25,rsu(194m),4022,165506,0.0180,194,1.8643,2,2,-85.8256,-102.8153,direct,0.1000,48.8000,-64.3151
519.4,node[15],0,5140.5845,2867.1796,1.8950,27.4552,0.3137,2.6702,-831179687#5,-74.3529,3.5517,100.0000,default,25,rsu(193m),4023,165566,0.5685,193,1.8422,6,10,-74.3529,-91.3426,direct,0.1000,46.8000,-57.9824
519.5,node[15],0,5138.1383,2865.9328,1.8950,27.4563,0.0108,2.6702,-831179687#5,-73.5459,0.8060,100.0000,default,25,rsu(192m),4024,165626,0.2503,192,1.8310,4,6,-73.5459,-90.5356,direct,0.1000,46.8000,-56.9734
519.6,node[15],0,5135.6882,2864.6840,1.8950,27.4997,0.4338,2.6702,-831179687#5,-67.1901,8.6234,100.0000,default,25,rsu(191m),4025,165683,0.9433,191,1.8641,8,14,-67.1901,-84.1798,direct,0.1000,46.8000,-63.6646
519.7,node[15],0,5133.2408,2863.4365,1.8950,27.4694,-0.3023,2.6702,-831179687#5,-79.4124,-4.7939,100.0000,default,25,rsu(190m),4026,165742,0.0199,190,1.8452,2,2,-79.4124,-96.4021,direct,0.1000,46.8000,-67.7558
519.8,node[15],0,5130.7922,2862.1884,1.8950,27.4832,0.1380,2.6702,-831179687#5,-69.8081,6.0584,100.0000,default,25,rsu(190m),4027,165802,0.8219,190,1.8494,7,12,-69.8081,-86.7978,direct,0.1000,47.6000,-70.4724
519.9,node[15],0,5128.3501,2860.9437,1.8950,27.4094,-0.7378,2.6702,-831179687#5,-72.4160,6.0482,100.0000,default,25,rsu(189m),4028,165860,0.8211,189,1.8386,7,12,-72.4160,-89.4057,direct,0.1000,47.6000,-72.4317
520,node[15],0,5125.9044,2859.6971,1.8950,27.4511,0.4167,2.6702,-831179687#5,-64.2805,9.7837,100.0000,default,25,rsu(188m),4029,165920,0.9674,188,1.8563,9,16,-64.2805,-81.2702,direct,0.1000,47.2000,-73.9120
520.1,node[15],0,5123.4590,2858.4507,1.8950,27.4469,-0.0421,2.6702,-831179687#5,-77.7840,-1.0477,100.0000,default,25,rsu(187m),4030,165979,0.1167,187,1.8446,3,4,-77.7840,-94.7737,direct,0.1000,47.2000,-75.0583
520.2,node[15],0,5121.0123,2857.1926,1.8950,27.5129,0.6598,2.6683,:227571260_4,-66.7404,11.5207,100.0000,default,25,rsu(187m),4031,166038,0.9861,187,1.8304,10,18,-66.7404,-83.7301,direct,0.1000,47.2000,-75.9603
520.3,node[15],0,5118.5775,2855.9171,1.8950,27.4894,-0.2350,2.6621,:227571260_4,-72.8563,5.3721,100.0000,default,26,rsu(186m),4032,166098,0.7660,186,1.8683,7,12,-72.8563,-89.8460,direct,0.1000,47.2000,-76.6630
520.4,node[15],0,5116.1453,2854.6430,1.8950,27.4600,-0.2938,2.6591,:227571260_4,-79.1912,-4.0342,100.0000,default,26,rsu(186m),4033,166157,0.0288,186,1.8407,2,2,-79.1912,-96.1809,direct,0.1000,47.6000,-77.2254
520.5,node[15],0,5113.7175,2853.3713,1.8950,27.4095,-0.5050,2.6591,:227571260_4,-69.3421,6.8562,100.0000,default,26,rsu(185m),4034,166214,0.8730,185,1.8636,7,12,-69.3421,-86.3318,direct,0.1000,47.6000,-77.6675
520.6,node[15],0,5111.2873,2852.0982,1.8950,27.4371,0.2761,2.6591,:227571260_4,-69.8718,8.8673,100.0000,default,26,rsu(185m),4035,166275,0.9495,185,1.8646,8,14,-69.8718,-86.8615,direct,0.1000,47.2000,-78.0119
520.7,node[15],0,5108.8535,2850.8211,1.8950,27.4885,0.5135,2.6587,-831179687#4,-68.3267,7.3442,100.0000,default,26,rsu(184m),4036,166336,0.8977,184,1.8421,8,14,-68.3267,-85.3164,direct,0.1000,47.2000,-78.2744
520.8,node[15],0,5106.4320,2849.5165,1.8950,27.5079,0.1941,2.6523,-831179687#4,-67.0052,12.3764,100.0000,default,26,rsu(184m),4037,166394,0.9909,184,1.8289,10,18,-67.0052,-83.9949,direct,0.1000,47.6000,-78.4675
520.9,node[15],0,5104.0147,2848.2142,1.8950,27.4591,-0.4872,2.6474,-831179687#4,-72.5848,4.5587,100.0000,default,26,rsu(184m),4038,166453,0.6855,184,1.8404,6,10,-72.5848,-89.5745,direct,0.1000,47.6000,-78.6012
521,node[15],0,5101.5927,2846.9093,1.8950,27.5142,0.5509,2.6474,-831179687#4,-69.2142,5.4776,100.0000,default,26,rsu(183m),4039,166512,0.7754,183,1.8649,7,12,-69.2142,-86.2039,direct,0.1000,47.2000,-78.6836
521.1,node[15],0,5099.1722,2845.6053,1.8950,27.4964,-0.1779,2.6474,-831179687#4,-83.7509,-5.0000,100.0000,default,26,rsu(183m),4040,166571,0.0180,183,1.8756,2,2,-83.7509,-100.7406,direct,0.1000,47.2000,-78.7198
521.2,node[15],0,5096.7499,2844.3003,1.8950,27.5161,0.1961,2.6474,-831179687#4,-73.0732,5.2559,100.0000,default,26,rsu(183m),4041,166632,0.7555,183,1.8668,7,12,-73.0732,-90.0629,direct,0.1000,48.0000,-78.7143
521.3,node[15],0,5094.3275,2842.9953,1.8950,27.5180,0.0196,2.6474,-831179687#4,-69.8487,7.9603,100.0000,default,26,rsu(183m),4042,166693,0.9227,183,1.8633,8,14,-69.8487,-86.8384,direct,0.1000,48.0000,-78.6700
521.4,node[15],0,5091.9137,2841.6949,1.8950,27.4199,-0.9811,2.6474,-831179687#4,-66.9172,11.1057,100.0000,default,26,rsu(183m),4043,166753,0.9829,183,1.8667,10,18,-66.9172,-83.9069,direct,0.1000,48.4000,-78.5967
521.5,node[15],0,5089.5015,2840.3953,1.8950,27.4029,-0.1698,2.6474,-831179687#4,-73.3419,3.0557,100.0000,default,26,rsu(182m),4044,166812,0.5070,182,1.8644,6,10,-73.3419,-90.3316,direct,0.1000,48.4000,-78.4898
521.6,node[15],0,5087.0847,2839.0933,1.8950,27.4532,0.5031,2.6474,-831179687#4,-67.2367,7.2845,100.0000,default,26,rsu(182m),4045,166872,0.8949,182,1.8548,8,14,-67.2367,-84.2264,direct,0.1000,47.6000,-78.3493
521.7,node[15],0,5084.6660,2837.7902,1.8950,27.4765,0.2324,2.6474,-831179687#4,-83.1797,-5.0000,100.0000,default,26,rsu(182m),4046,166932,0.0180,182,1.8292,2,2,-83.1797,-100.1694,direct,0.1000,47.6000,-78.1756
521.8,node[15],0,5082.2440,2836.4854,1.8950,27.5132,0.3674,2.6474,-831179687#4,-74.9023,4.0285,100.0000,default,26,rsu(183m),4047,166993,0.6258,183,1.8258,6,10,-74.9023,-91.8920,direct,0.1000,48.4000,-77.9676
521.9,node[15],0,5079.8319,2835.1859,1.8950,27.4007,-1.1248,2.6474,-831179687#4,-70.7155,3.5114,100.0000,default,26,rsu(183m),4048,167055,0.5636,183,1.8304,6,10,-70.7155,-87.7052,direct,0.1000,48.4000,-77.7244
522,node[15],0,5077.4107,2833.8815,1.8950,27.5044,1.0369,2.6474,-831179687#4,-71.3458,5.9382,100.0000,default,26,rsu(183m),4049,167117,0.8129,183,1.8256,7,12,-71.3458,-88.3355,direct,0.1000,49.6000,-77.4433
522.1,node[15],0,5074.9891,2832.5768,1.8950,27.5090,0.0456,2.6474,-831179687#4,-72.0236,5.7231,100.0000,default,25,rsu(183m),4050,167178,0.7960,183,1.8429,7,12,-72.0236,-89.0133,direct,0.1000,49.6000,-77.1321
522.2,node[15],0,5072.5771,2831.2774,1.8950,27.3996,-1.0943,2.6474,-831179687#4,-68.0393,7.7043,100.0000,default,25,rsu(183m),4051,167237,0.9131,183,1.8455,8,14,-68.0393,-85.0290,direct,0.1000,48.0000,-76.7651
522.3,node[15],0,5070.1608,2829.9756,1.8950,27.4486,0.4901,2.6474,-831179687#4,-68.9056,6.7168,100.0000,default,25,rsu(183m),4052,167294,0.8651,183,1.8540,7,12,-68.9056,-85.8953,direct,0.1000,48.0000,-76.3487
522.4,node[15],0,5067.7497,2828.6767,1.8950,27.3899,-0.5871,2.6474,-831179687#4,-72.4275,5.4972,100.0000,default,25,rsu(184m),4053,167355,0.7771,184,1.8431,7,12,-72.4275,-89.4172,direct,0.1000,47.2000,-75.8822
522.5,node[15],0,5065.3379,2827.3773,1.8950,27.3974,0.0755,2.6474,-831179687#4,-83.2532,-5.0000,100.0000,default,25,rsu(184m),4054,167417,0.0180,184,1.8388,2,2,-83.2532,-100.2429,direct,0.1000,47.2000,-75.3619
522.6,node[15],0,5062.9247,2826.0772,1.8950,27.4135,0.1607,2.6474,-831179687#4,-63.3753,12.2602,100.0000,default,25,rsu(184m),4055,167476,0.9903,184,1.8268,10,18,-63.3753,-80.3650,direct,0.1000,48.4000,-74.7842
522.7,node[15],0,5060.5057,2824.7740,1.8950,27.4792,0.6569,2.6474,-831179687#4,-76.0743,3.2364,100.0000,default,25,rsu(185m),4056,167538,0.5295,185,1.8684,6,10,-76.0743,-93.0640,direct,0.1000,48.4000,-74.1800
522.8,node[15],0,5058.0876,2823.4713,1.8950,27.4690,-0.1021,2.6474,-831179687#4,-68.5136,10.5903,100.0000,default,25,rsu(185m),4057,167598,0.9780,185,1.8639,9,16,-68.5136,-85.5033,direct,0.1000,48.8000,-73.5215
522.9,node[15],0,5055.6729,2822.1704,1.8950,27.4308,-0.3819,2.6474,-831179687#4,-68.6138,5.6211,100.0000,default,25,rsu(186m),4058,167659,0.7876,186,1.8635,7,12,-68.6138,-85.6035,direct,0.1000,48.8000,-72.8002
523,node[15],0,5053.2547,2820.8676,1.8950,27.4705,0.3977,2.6474,-831179687#4,-67.6940,9.7566,100.0000,default,25,rsu(186m),4059,167721,0.9670,186,1.8531,9,16,-67.6940,-84.6837,direct,0.1000,49.2000,-72.0142
523.1,node[15],0,5050.8403,2819.5668,1.8950,27.4270,-0.4358,2.6474,-831179687#4,-70.1155,6.6839,100.0000,default,25,rsu(187m),4060,167783,0.8632,187,1.8637,7,12,-70.1155,-87.1052,direct,0.1000,49.2000,-71.1697
523.2,node[15],0,5048.4149,2818.2675,1.8950,27.5161,0.8911,2.6487,:227587762_4,-77.7023,0.2288,100.0000,default,25,rsu(188m),4061,167841,0.2001,188,1.8634,4,6,-77.7023,-94.6920,direct,0.1000,48.0000,-70.2825
523.3,node[15],0,5045.9852,2816.9897,1.8950,27.4480,-0.6803,2.6542,:227587762_4,-70.9343,3.3068,100.0000,default,25,rsu(188m),4062,167902,0.5383,188,1.8301,6,10,-70.9343,-87.9240,direct,0.1000,48.0000,-69.3983
523.4,node[15],0,5043.5541,2815.7110,1.8950,27.4647,0.1668,2.6574,:227587762_4,-75.6968,-1.8779,100.0000,default,25,rsu(189m),4063,167962,0.0803,189,1.8529,3,4,-75.6968,-92.6865,direct,0.1000,48.4000,-68.5752
523.5,node[15],0,5041.1205,2814.4311,1.8950,27.4926,0.2791,2.6574,:227587762_4,-71.5192,4.9256,100.0000,default,25,rsu(190m),4064,168024,0.7237,190,1.8641,6,10,-71.5192,-88.5089,direct,0.1000,48.4000,-67.9149
523.6,node[15],0,5038.6872,2813.1513,1.8950,27.4891,-0.0357,2.6574,:227587762_4,-79.8793,-4.6009,100.0000,default,25,rsu(190m),4065,168084,0.0219,190,1.8338,2,2,-79.8793,-96.8690,direct,0.1000,48.8000,-67.5377
523.7,node[15],0,5036.2566,2811.8731,1.8950,27.4585,-0.3058,2.6574,-831179687#3,-69.3255,5.0006,100.0000,default,25,rsu(191m),4066,168142,0.7311,191,1.8540,7,12,-69.3255,-86.3152,direct,0.1000,48.8000,-67.5302
523.8,node[15],0,5033.8171,2810.6159,1.8950,27.4364,-0.2204,2.6620,-831179687#3,-69.0297,6.5498,100.0000,default,25,rsu(192m),4067,168202,0.8551,192,1.8364,7,12,-69.0297,-86.0194,direct,0.1000,47.2000,-67.8992
523.9,node[15],0,5031.3711,2809.3554,1.8950,27.5102,0.7374,2.6657,-831179687#3,-73.0363,3.5013,100.0000,default,25,rsu(193m),4068,168261,0.5623,193,1.8288,6,10,-73.0363,-90.0260,direct,0.1000,47.2000,-68.5403
524,node[15],0,5028.9299,2808.0974,1.8950,27.4556,-0.5457,2.6657,-831179687#3,-74.7932,0.9442,100.0000,default,25,rsu(194m),4069,168321,0.2635,194,1.8291,4,6,-74.7932,-91.7829,direct,0.1000,47.6000,-69.3309
524.1,node[15],0,5026.4933,2806.8417,1.8950,27.4046,-0.5099,2.6657,-831179687#3,-68.8057,9.8665,100.0000,default,25,rsu(194m),4070,168380,0.9687,194,1.8294,9,16,-68.8057,-85.7954,direct,0.1000,47.6000,-70.1725
524.2,node[15],0,5024.0542,2805.5847,1.8950,27.4317,0.2712,2.6657,-831179687#3,-77.6183,-1.4358,100.0000,default,25,rsu(195m),4071,168437,0.0982,195,1.8276,3,4,-77.6183,-94.6080,direct,0.1000,46.4000,-70.9944
524.3,node[15],0,5021.6173,2804.3289,1.8950,27.4074,-0.2430,2.6657,-831179687#3,-72.5013,1.4149,100.0000,default,25,rsu(196m),4072,168495,0.3116,196,1.8428,5,8,-72.5013,-89.4910,direct,0.1000,46.4000,-71.7699
524.4,node[15],0,5019.1724,2803.0690,1.8950,27.4970,0.8960,2.6657,-831179687#3,-70.4959,7.9888,100.0000,default,25,rsu(197m),4073,168556,0.9237,197,1.8644,8,14,-70.4959,-87.4856,direct,0.1000,47.6000,-72.4910
524.5,node[15],0,5016.7328,2801.8117,1.8950,27.4376,-0.5944,2.6657,-831179687#3,-67.3070,10.1359,100.0000,default,25,rsu(198m),4074,168616,0.9726,198,1.8552,9,16,-67.3070,-84.2967,direct,0.1000,47.6000,-73.1499
524.6,node[15],0,5014.2889,2800.5523,1.8950,27.4863,0.4871,2.6657,-831179687#3,-74.8925,3.7381,100.0000,default,25,rsu(199m),4075,168677,0.5912,199,1.8307,6,10,-74.8925,-91.8822,direct,0.1000,48.4000,-73.7500
524.7,node[15],0,5011.8452,2799.2929,1.8950,27.4845,-0.0183,2.6657,-831179687#3,-72.6558,4.2087,100.0000,default,25,rsu(201m),4076,168738,0.6466,201,1.8636,6,10,-72.6558,-89.6455,direct,0.1000,48.4000,-74.2936
524.8,node[15],0,5009.4078,2798.0368,1.8950,27.4129,-0.7157,2.6657,-831179687#3,-69.4447,9.3569,100.0000,default,25,rsu(202m),4077,168800,0.9600,202,1.8638,9,16,-69.4447,-86.4344,direct,0.1000,49.2000,-74.8011
524.9,node[15],0,5006.9674,2796.7792,1.8950,27.4463,0.3342,2.6657,-831179687#3,-76.7966,2.1943,100.0000,default,25,rsu(203m),4078,168858,0.4006,203,1.8269,5,8,-76.7966,-93.7863,direct,0.1000,49.2000,-75.2553
525,node[15],0,5004.5220,2795.5190,1.8950,27.5035,0.5719,2.6657,-831179687#3,-68.7604,9.2379,100.0000,default,25,rsu(204m),4079,168919,0.9577,204,1.8639,9,16,-68.7604,-85.7501,direct,0.1000,47.6000,-75.6605
525.1,node[15],0,5002.0836,2794.2624,1.8950,27.4241,-0.7944,2.6657,-831179687#3,-68.2520,7.2038,100.0000,default,24,rsu(205m),4080,168982,0.8911,205,1.8560,8,14,-68.2520,-85.2417,direct,0.1000,47.6000,-76.0276
525.2,node[15],0,4999.6406,2793.0012,1.8950,27.4872,0.6314,2.6654,:10171181455_4,-70.8329,7.4342,100.0000,default,24,rsu(207m),4081,169042,0.9018,207,1.8501,8,14,-70.8329,-87.8226,direct,0.1000,49.2000,-76.3587
525.3,node[15],0,4997.1976,2791.7373,1.8950,27.5024,0.1512,2.6645,:10171181455_4,-70.7554,4.9998,100.0000,default,24,rsu(208m),4082,169105,0.7310,208,1.8642,6,10,-70.7554,-87.7451,direct,0.1000,49.2000,-76.6670
525.4,node[15],0,4994.7534,2790.4727,1.8950,27.5159,0.1349,2.6641,:10171181455_4,-75.4554,1.3347,100.0000,default,24,rsu(209m),4083,169164,0.3031,209,1.8551,5,8,-75.4554,-92.4451,direct,0.1000,48.8000,-76.9323
525.5,node[15],0,4992.3122,2789.2096,1.8950,27.4817,-0.3410,2.6641,-831179687#2,-72.4795,2.1255,100.0000,default,24,rsu(210m),4084,169224,0.3924,210,1.8542,5,8,-72.4795,-89.4692,direct,0.1000,48.8000,-77.1581
525.6,node[15],0,4989.8799,2787.9475,1.8950,27.4020,-0.7974,2.6635,-831179687#2,-78.3565,-0.9642,100.0000,default,24,rsu(212m),4085,169283,0.1211,212,1.8679,4,6,-78.3565,-95.3462,direct,0.1000,47.6000,-77.3600
525.7,node[15],0,4987.4377,2786.6803,1.8950,27.5122,1.1018,2.6629,-831179687#2,-72.7556,6.4975,100.0000,default,24,rsu(213m),4086,169345,0.8518,213,1.8638,7,12,-72.7556,-89.7453,direct,0.1000,47.6000,-77.5339
525.8,node[15],0,4984.9975,2785.4141,1.8950,27.4903,-0.2189,2.6629,-831179687#2,-71.5798,6.6799,100.0000,default,24,rsu(215m),4087,169403,0.8629,215,1.8552,7,12,-71.5798,-88.5695,direct,0.1000,48.0000,-77.6746
525.9,node[15],0,4982.5582,2784.1483,1.8950,27.4801,-0.1022,2.6629,-831179687#2,-79.2561,-4.0586,100.0000,default,24,rsu(216m),4088,169464,0.0285,216,1.8492,2,2,-79.2561,-96.2458,direct,0.1000,48.0000,-77.7843
526,node[15],0,4980.1258,2782.8862,1.8950,27.4022,-0.7792,2.6629,-831179687#2,-74.7962,3.6984,100.0000,default,24,rsu(218m),4089,169527,0.5864,218,1.8701,6,10,-74.7962,-91.7859,direct,0.1000,49.6000,-77.8709
526.1,node[15],0,4977.6909,2781.6227,1.8950,27.4306,0.2845,2.6629,-831179687#2,-74.1748,1.5491,100.0000,default,23,rsu(219m),4090,169590,0.3262,219,1.8695,5,8,-74.1748,-91.1645,direct,0.1000,49.6000,-77.9455
526.2,node[15],0,4975.2529,2780.3577,1.8950,27.4651,0.3449,2.6629,-831179687#2,-75.7516,-1.8530,100.0000,default,23,rsu(221m),4091,169650,0.0812,221,1.8680,3,4,-75.7516,-92.7413,direct,0.1000,49.2000,-77.9824
526.3,node[15],0,4972.8161,2779.0932,1.8950,27.4517,-0.1338,2.6629,-831179687#2,-75.0300,3.3417,100.0000,default,23,rsu(222m),4092,169710,0.5426,222,1.8686,6,10,-75.0300,-92.0197,direct,0.1000,49.2000,-77.9973
526.4,node[15],0,4970.3833,2777.8309,1.8950,27.4068,-0.4494,2.6629,-831179687#2,-72.9978,6.1060,100.0000,default,23,rsu(224m),4093,169771,0.8253,224,1.8530,7,12,-72.9978,-89.9875,direct,0.1000,48.4000,-77.9919
526.5,node[15],0,4967.9467,2776.5665,1.8950,27.4492,0.4245,2.6629,-831179687#2,-73.3091,3.5489,100.0000,default,23,rsu(225m),4094,169834,0.5682,225,1.8571,6,10,-73.3091,-90.2988,direct,0.1000,48.4000,-77.9676
526.6,node[15],0,4965.5115,2775.3029,1.8950,27.4340,-0.1523,2.6629,-831179687#2,-70.4659,7.9077,100.0000,default,23,rsu(227m),4095,169898,0.9208,227,1.8554,8,14,-70.4659,-87.4556,direct,0.1000,50.8000,-77.9257
526.7,node[15],0,4963.0744,2774.0383,1.8950,27.4551,0.2106,2.6629,-831179687#2,-69.2661,8.5416,100.0000,default,23,rsu(228m),4096,169958,0.9411,228,1.8547,8,14,-69.2661,-86.2558,direct,0.1000,50.8000,-77.8666
526.8,node[15],0,4960.6420,2772.7761,1.8950,27.4030,-0.5211,2.6629,-831179687#2,-75.5330,1.0784,100.0000,default,23,rsu(230m),4097,170019,0.2767,230,1.8447,5,8,-75.5330,-92.5227,direct,0.1000,48.4000,-77.7916
526.9,node[15],0,4958.2081,2771.5132,1.8950,27.4190,0.1607,2.6629,-831179687#2,-78.3177,-1.1149,100.0000,default,23,rsu(232m),4098,170083,0.1133,232,1.8405,3,4,-78.3177,-95.3074,direct,0.1000,48.4000,-77.7008
527,node[15],0,4955.7753,2770.2509,1.8950,27.4066,-0.1245,2.6629,-831179687#2,-88.7003,-5.0000,100.0000,default,23,rsu(233m),4099,170145,0.0180,233,1.8638,2,2,-88.7003,-105.6900,direct,0.1000,50.4000,-77.5950
527.1,node[15],0,4953.3420,2768.9882,1.8950,27.4131,0.0651,2.6629,-831179687#2,-68.2966,10.8970,100.0000,default,23,rsu(235m),4100,170208,0.9811,235,1.8424,9,16,-68.2966,-85.2863,direct,0.1000,50.4000,-77.4744
527.2,node[15],0,4950.9043,2767.7302,1.8950,27.4370,0.2394,2.6642,:8595588916_5,-74.9141,0.5509,100.0000,default,23,rsu(237m),4101,170270,0.2271,237,1.8421,4,6,-74.9141,-91.9038,direct,0.1000,50.0000,-77.3390
527.3,node[15],0,4948.4683,2766.4743,1.8950,27.4141,-0.2292,2.6656,:8595588916_5,-73.8071,3.7987,100.0000,default,23,rsu(239m),4102,170333,0.5985,239,1.8306,6,10,-73.8071,-90.7968,direct,0.1000,50.0000,-77.1895
527.4,node[15],0,4946.0328,2765.2187,1.8950,27.4092,-0.0496,2.6656,:8595588916_5,-69.8533,6.1419,100.0000,default,23,rsu(240m),4103,170394,0.8279,240,1.8263,7,12,-69.8533,-86.8430,direct,0.1000,49.6000,-77.0257
527.5,node[15],0,4943.5927,2763.9607,1.8950,27.4603,0.5117,2.6656,:8595588916_5,-71.9572,6.0789,100.0000,default,23,rsu(242m),4104,170456,0.8234,242,1.8673,7,12,-71.9572,-88.9469,direct,0.1000,49.6000,-76.8472
527.6,node[15],0,4941.1739,2762.7207,1.8950,27.1828,-2.7758,2.6668,-831179687#1,-66.2387,11.8015,100.0000,default,23,rsu(244m),4105,170515,0.9879,244,1.8732,10,18,-66.2387,-83.2284,direct,0.1000,48.4000,-76.6562
527.7,node[15],0,4938.7915,2761.5016,1.8950,26.7618,-4.2097,2.6684,-831179687#1,-70.8777,8.0118,100.0000,default,23,rsu(246m),4106,170576,0.9246,246,1.8547,8,14,-70.8777,-87.8674,direct,0.1000,48.4000,-76.4541
527.8,node[15],0,4936.4491,2760.3029,1.8950,26.3118,-4.5000,2.6686,-831179687#1,-72.5339,3.3625,100.0000,default,23,rsu(247m),4107,170637,0.5452,247,1.8638,6,10,-72.5339,-89.5236,direct,0.1000,48.8000,-76.2415
527.9,node[15],0,4934.1468,2759.1248,1.8950,25.8618,-4.5000,2.6686,-831179687#1,-69.8801,8.6272,100.0000,default,23,rsu(249m),4108,170700,0.9434,249,1.8650,8,14,-69.8801,-86.8698,direct,0.1000,48.8000,-76.0189
528,node[15],0,4931.8846,2757.9672,1.8950,25.4118,-4.5000,2.6686,-831179687#1,-77.0399,0.9522,100.0000,default,23,rsu(251m),4109,170761,0.2643,251,1.8682,4,6,-77.0399,-94.0296,direct,0.1000,49.6000,-75.7866
528.1,node[15],0,4929.6624,2756.8301,1.8950,24.9618,-4.5000,2.6686,-831179687#1,-81.2784,-3.9095,100.0000,default,23,rsu(253m),4110,170821,0.0306,253,1.8541,2,2,-81.2784,-98.2681,direct,0.1000,49.6000,-75.5449
528.2,node[15],0,4927.4803,2755.7135,1.8950,24.5118,-4.5000,2.6686,-831179687#1,-75.6849,1.5831,100.0000,default,23,rsu(254m),4111,170878,0.3299,254,1.8417,5,8,-75.6849,-92.6746,direct,0.1000,46.8000,-75.2941
528.3,node[15],0,4925.3383,2754.6174,1.8950,24.0618,-4.5000,2.6686,-831179687#1,-69.5727,4.2563,100.0000,default,23,rsu(256m),4112,170937,0.6521,256,1.8636,6,10,-69.5727,-86.5624,direct,0.1000,46.8000,-75.0344
528.4,node[15],0,4923.2363,2753.5417,1.8950,23.6118,-4.5000,2.6686,-831179687#1,-75.3401,-1.3839,100.0000,default,23,rsu(258m),4113,171000,0.1005,258,1.8650,3,4,-75.3401,-92.3298,direct,0.1000,48.8000,-74.7660
528.5,node[15],0,4921.1743,2752.4866,1.8950,23.1618,-4.5000,2.6686,-831179687#1,-81.7377,-5.0000,100.0000,default,23,rsu(259m),4114,171059,0.0180,259,1.8278,2,2,-81.7377,-98.7274,direct,0.1000,48.8000,-74.4893
528.6,node[15],0,4919.1525,2751.4520,1.8950,22.7118,-4.5000,2.6686,-831179687#1,-81.2967,-2.7132,100.0000,default,23,rsu(261m),4115,171116,0.0543,261,1.8550,3,4,-81.2967,-98.2864,direct,0.1000,46.4000,-74.2044
528.7,node[15],0,4917.1706,2750.4379,1.8950,22.2618,-4.5000,2.6686,-831179687#1,-78.6539,-4.3454,100.0000,default,23,rsu(262m),4116,171176,0.0248,262,1.8635,2,2,-78.6539,-95.6436,direct,0.1000,46.4000,-73.9117
528.8,node[15],0,4915.2289,2749.4443,1.8950,21.8118,-4.5000,2.6686,-831179687#1,-72.0203,6.9880,100.0000,default,23,rsu(264m),4117,171235,0.8802,264,1.8440,7,12,-72.0203,-89.0100,direct,0.1000,47.6000,-73.6114
528.9,node[15],0,4913.3272,2748.4711,1.8950,21.3618,-4.5000,2.6686,-831179687#1,-77.9135,-3.9069,100.0000,default,23,rsu(266m),4118,171295,0.0307,266,1.8516,2,2,-77.9135,-94.9032,direct,0.1000,47.6000,-73.3036
529,node[15],0,4911.4656,2747.5185,1.8950,20.9118,-4.5000,2.6686,-831179687#1,-73.4024,5.1561,100.0000,default,23,rsu(267m),4119,171352,0.7461,267,1.8639,7,12,-73.4024,-90.3921,direct,0.1000,46.8000,-72.9888
529.1,node[15],0,4909.6440,2746.5864,1.8950,20.4618,-4.5000,2.6686,-831179687#1,-74.6723,2.0086,100.0000,default,22,rsu(269m),4120,171408,0.3785,269,1.8306,5,8,-74.6723,-91.6620,direct,0.1000,46.8000,-72.6675
529.2,node[15],0,4907.8625,2745.6748,1.8950,20.0118,-4.5000,2.6686,-831179687#1,-74.2240,2.8227,100.0000,default,22,rsu(270m),4121,171465,0.4778,270,1.8482,5,8,-74.2240,-91.2137,direct,0.1000,45.2000,-72.3393
529.3,node[15],0,4906.1210,2744.7836,1.8950,19.5618,-4.5000,2.6686,-831179687#1,-73.1301,4.1809,100.0000,default,22,rsu(271m),4122,171522,0.6435,271,1.8697,6,10,-73.1301,-90.1198,direct,0.1000,45.2000,-72.0050
529.4,node[15],0,4904.4196,2743.9130,1.8950,19.1118,-4.5000,2.6686,-831179687#1,-79.2668,-0.0476,100.0000,default,22,rsu(273m),4123,171578,0.1789,273,1.8607,4,6,-79.2668,-96.2565,direct,0.1000,45.2000,-71.6650
529.5,node[15],0,4902.7583,2743.0629,1.8950,18.6618,-4.5000,2.6686,-831179687#1,-72.5810,1.1948,100.0000,default,22,rsu(274m),4124,171633,0.2885,274,1.8638,5,8,-72.5810,-89.5707,direct,0.1000,45.2000,-71.3197
529.6,node[15],0,4901.1395,2742.2319,1.8950,18.2118,-4.5000,2.6681,:8595603478_0,-73.0930,2.2507,100.0000,default,22,rsu(276m),4125,171691,0.4074,276,1.8640,5,8,-73.0930,-90.0827,direct,0.1000,45.2000,-70.9701
529.7,node[15],0,4899.5613,2741.4211,1.8950,17.7618,-4.5000,2.6676,:8595603478_0,-70.3649,7.6813,100.0000,default,22,rsu(277m),4126,171747,0.9122,277,1.8725,8,14,-70.3649,-87.3546,direct,0.1000,45.2000,-70.6165
529.8,node[15],0,4898.0231,2740.6309,1.8950,17.3118,-4.5000,2.6670,:8595603478_0,-72.9452,5.0065,100.0000,default,22,rsu(278m),4127,171804,0.7317,278,1.8643,7,12,-72.9452,-89.9349,direct,0.1000,45.2000,-70.2594
529.9,node[15],0,4896.5249,2739.8612,1.8950,16.8618,-4.5000,2.6670,:8595603478_0,-89.2702,-5.0000,100.0000,default,22,rsu(279m),4128,171860,0.0180,279,1.8544,2,2,-89.2702,-106.2599,direct,0.1000,45.2000,-69.8994
530,node[15],0,4895.0666,2739.1120,1.8950,16.4118,-4.5000,2.6670,:8595603478_0,-75.7810,2.3154,100.0000,default,22,rsu(281m),4129,171917,0.4152,281,1.8274,5,8,-75.7810,-92.7707,direct,0.1000,45.2000,-69.5373
530.1,node[15],0,4893.6481,2738.3826,1.8950,15.9618,-4.5000,2.6669,-831179687#0,-77.3803,1.2677,100.0000,default,22,rsu(282m),4130,171971,0.2961,282,1.8369,5,8,-77.3803,-94.3700,direct,0.1000,45.2000,-69.1738
530.2,node[15],0,4892.2687,2737.6721,1.8950,15.5118,-4.5000,2.6666,-831179687#0,-78.0839,1.0407,100.0000,default,22,rsu(283m),4131,172025,0.2730,283,1.8656,5,8,-78.0839,-95.0736,direct,0.1000,43.2000,-68.8096
530.3,node[15],0,4890.9294,2736.9821,1.8950,15.0618,-4.5000,2.6662,-831179687#0,-68.2413,8.8409,100.0000,default,22,rsu(284m),4132,172080,0.9488,284,1.8624,8,14,-68.2413,-85.2310,direct,0.1000,43.2000,-68.4459
530.4,node[15],0,4889.6301,2736.3128,1.8950,14.6118,-4.5000,2.6659,-831179687#0,-67.4371,7.9563,100.0000,default,22,rsu(285m),4133,172136,0.9226,285,1.8639,8,14,-67.4371,-84.4268,direct,0.1000,44.4000,-68.0835
530.5,node[15],0,4888.3708,2735.6640,1.8950,14.1618,-4.5000,2.6659,-831179687#0,-78.1625,-2.6857,100.0000,default,22,rsu(286m),4134,172192,0.0551,286,1.8636,3,4,-78.1625,-95.1522,direct,0.1000,44.4000,-67.7235
530.6,node[15],0,4887.1515,2735.0359,1.8950,13.7118,-4.5000,2.6659,-831179687#0,-72.3066,5.1278,100.0000,default,22,rsu(288m),4135,172246,0.7434,288,1.8259,7,12,-72.3066,-89.2963,direct,0.1000,44.0000,-67.3668
530.7,node[15],0,4885.9722,2734.4284,1.8950,13.2618,-4.5000,2.6659,-831179687#0,-76.8640,-0.3206,100.0000,default,22,rsu(289m),4136,172302,0.1597,289,1.8631,4,6,-76.8640,-93.8537,direct,0.1000,44.0000,-67.0144
530.8,node[15],0,4884.8330,2733.8415,1.8950,12.8118,-4.5000,2.6659,-831179687#0,-78.6792,-4.1312,100.0000,default,22,rsu(290m),4137,172359,0.0275,290,1.8660,2,2,-78.6792,-95.6689,direct,0.1000,45.2000,-66.6674
530.9,node[15],0,4883.7337,2733.2753,1.8950,12.3618,-4.5000,2.6659,-831179687#0,-74.8910,2.1674,100.0000,default,22,rsu(290m),4138,172414,0.3974,290,1.8267,5,8,-74.8910,-91.8807,direct,0.1000,45.2000,-66.3269
531,node[15],0,4882.6745,2732.7296,1.8950,11.9118,-4.5000,2.6659,-831179687#0,-76.4778,1.4010,100.0000,default,22,rsu(291m),4139,172473,0.3101,291,1.8408,5,8,-76.4778,-93.4675,direct,0.1000,45.6000,-65.9940
531.1,node[15],0,4881.6553,2732.2046,1.8950,11.4618,-4.5000,2.6659,-831179687#0,-70.6254,3.8993,100.0000,default,22,rsu(292m),4140,172529,0.6106,292,1.8413,6,10,-70.6254,-87.6151,direct,0.1000,45.6000,-65.6699
531.2,node[15],0,4880.6761,2731.7001,1.8950,11.0118,-4.5000,2.6659,-831179687#0,-86.2810,-5.0000,100.0000,default,22,rsu(293m),4141,172585,0.0180,293,1.8640,2,2,-86.2810,-103.2707,direct,0.1000,44.8000,-65.3559
531.3,node[15],0,4879.7370,2731.2163,1.8950,10.5618,-4.5000,2.6659,-831179687#0,-74.1586,5.0109,100.0000,default,22,rsu(294m),4142,172640,0.7321,294,1.8644,7,12,-74.1586,-91.1483,direct,0.1000,44.8000,-65.0534
531.4,node[15],0,4878.8378,2730.7531,1.8950,10.1118,-4.5000,2.6659,-831179687#0,-76.4117,2.6326,100.0000,default,22,rsu(295m),4143,172696,0.4542,295,1.8753,5,8,-76.4117,-93.4014,direct,0.1000,44.4000,-64.7640
531.5,node[15],0,4877.9786,2730.3105,1.8950,9.6618,-4.5000,2.6659,-831179687#0,-74.0003,1.6037,100.0000,default,22,rsu(296m),4144,172753,0.3322,296,1.8442,5,8,-74.0003,-90.9900,direct,0.1000,44.4000,-64.4895
531.6,node[15],0,4877.1595,2729.8885,1.8950,9.2118,-4.5000,2.6659,-831179687#0,-66.4667,11.8277,100.0000,default,22,rsu(296m),4145,172810,0.9880,296,1.8653,10,18,-66.4667,-83.4564,direct,0.1000,45.6000,-64.2316
531.7,node[15],0,4876.3804,2729.4872,1.8950,8.7618,-4.5000,2.6659,-831179687#0,-68.7584,10.6145,100.0000,default,22,rsu(297m),4146,172865,0.9783,297,1.8631,9,16,-68.7584,-85.7481,direct,0.1000,45.6000,-63.9923
531.8,node[15],0,4875.6413,2729.1064,1.8950,8.3118,-4.5000,2.6659,-831179687#0,-77.6889,0.5316,100.0000,default,22,rsu(298m),4147,172922,0.2254,298,1.8658,4,6,-77.6889,-94.6786,direct,0.1000,44.8000,-63.7735
531.9,node[15],0,4874.9422,2728.7463,1.8950,7.8618,-4.5000,2.6659,-831179687#0,-73.7780,2.0185,100.0000,default,22,rsu(298m),4148,172980,0.3797,298,1.8526,5,8,-73.7780,-90.7677,direct,0.1000,44.8000,-63.5767
532,node[15],0,4874.2831,2728.4068,1.8950,7.4118,-4.5000,2.6659,-831179687#0,-72.4452,4.2218,100.0000,default,22,rsu(299m),4149,173037,0.6481,299,1.8672,6,10,-72.4452,-89.4349,direct,0.1000,46.0000,-63.4032
532.1,node[15],0,4873.6641,2728.0879,1.8950,6.9618,-4.5000,2.6659,-831179687#0,-70.8580,5.3252,100.0000,default,22,rsu(299m),4150,173093,0.7618,299,1.8630,7,12,-70.8580,-87.8477,direct,0.1000,46.0000,-63.2534
532.2,node[15],0,4873.0734,2727.8157,1.8950,6.5156,-4.4621,2.6716,:227489843_6,-68.9615,7.3764,100.0000,default,22,rsu(300m),4151,173148,0.8992,300,1.8275,8,14,-68.9615,-85.9512,direct,0.1000,44.4000,-63.1096
532.3,node[15],0,4872.5027,2727.6105,1.8950,6.0656,-4.5000,2.6874,:227489843_6,-74.1307,-0.3248,100.0000,default,22,rsu(300m),4152,173204,0.1594,300,1.8640,4,6,-74.1307,-91.1204,direct,0.1000,44.4000,-62.9553
532.4,node[15],0,4871.9076,2727.3966,1.8950,6.3256,2.6000,2.7039,:227489843_6,-71.8077,5.4138,100.0000,default,22,rsu(301m),4153,173257,0.7697,301,1.8677,7,12,-71.8077,-88.7974,direct,0.1000,43.6000,-62.8086
532.5,node[15],0,4871.2880,2727.1738,1.8950,6.5856,2.6000,2.7211,:227489843_6,-73.1743,5.9985,100.0000,default,22,rsu(301m),4154,173312,0.8175,301,1.8551,7,12,-73.1743,-90.1640,direct,0.1000,43.6000,-62.6742
532.6,node[15],0,4870.6440,2726.9422,1.8950,6.8456,2.6000,2.7390,:227489843_6,-79.3324,-5.0000,100.0000,default,22,rsu(302m),4155,173368,0.0180,302,1.8280,2,2,-79.3324,-96.3221,direct,0.1000,44.4000,-62.5574
532.7,node[15],0,4869.9755,2726.7019,1.8950,7.1056,2.6000,2.7576,:227489843_6,-83.5464,-5.0000,100.0000,default,22,rsu(302m),4156,173423,0.0180,302,1.8639,2,2,-83.5464,-100.5361,direct,0.1000,44.4000,-62.4641
532.8,node[15],0,4869.2826,2726.4527,1.8950,7.3656,2.6000,2.7769,:227489843_6,-79.1813,-2.7821,100.0000,default,22,rsu(303m),4157,173478,0.0526,303,1.8524,3,4,-79.1813,-96.1710,direct,0.1000,44.0000,-62.4000
532.9,node[15],0,4868.5921,2726.2050,1.8950,7.3360,-0.2961,2.7961,:227489843_19,-90.8611,-5.0000,100.0000,default,22,rsu(303m),4158,173534,0.0180,303,1.8414,2,2,-90.8611,-107.8508,direct,0.1000,44.0000,-62.3700
533,node[15],0,4867.8647,2726.2779,1.8950,7.3542,0.1828,2.8604,:227489843_19,-70.2503,6.9402,100.0000,default,22,rsu(303m),4159,173589,0.8776,303,1.8277,7,12,-70.2503,-87.2400,direct,0.1000,44.4000,-62.1448
533.1,node[15],0,4867.1332,2726.3718,1.8950,7.3736,0.1934,2.9301,:227489843_19,-81.4039,-5.0000,100.0000,default,22,rsu(304m),4160,173645,0.0180,304,1.8663,2,2,-81.4039,-98.3936,direct,0.1000,44.4000,-61.9314
533.2,node[15],0,4866.3972,2726.4662,1.8950,7.4181,0.4448,3.0012,:227489843_19,-72.3815,1.6738,100.0000,default,22,rsu(304m),4161,173698,0.3400,304,1.8665,5,8,-72.3815,-89.3712,direct,0.1000,43.6000,-61.7505
533.3,node[15],0,4865.6651,2726.5601,1.8950,7.3790,-0.3910,3.0722,:227489843_19,-77.1704,-3.1679,100.0000,default,22,rsu(304m),4162,173755,0.0438,304,1.8671,2,2,-77.1704,-94.1601,direct,0.1000,43.6000,-61.6098
533.4,node[15],0,4865.0006,2726.7758,1.8950,7.3789,-0.0006,-3.1150,:227489843_19,-71.5779,4.4547,100.0000,default,22,rsu(304m),4163,173810,0.6742,304,1.8387,6,10,-71.5779,-88.5676,direct,0.1000,44.8000,-61.4143
533.5,node[15],0,4864.5344,2727.3454,1.8950,7.3590,-0.1984,-2.9385,:227489843_19,-72.7716,6.0520,100.0000,default,22,rsu(304m),4164,173865,0.8214,304,1.8398,7,12,-72.7716,-89.7613,direct,0.1000,44.8000,-60.9429
533.6,node[15],0,4864.0675,2727.9158,1.8950,7.3693,0.1023,-2.7681,:227489843_19,-86.3456,-5.0000,100.0000,default,22,rsu(304m),4165,173919,0.0180,304,1.8525,2,2,-86.3456,-103.3353,direct,0.1000,43.6000,-60.4665
533.7,node[15],0,4863.5986,2728.4887,1.8950,7.4016,0.3229,-2.6511,:227489843_19,-78.1391,-0.9463,100.0000,default,22,rsu(303m),4166,173976,0.1221,303,1.8657,4,6,-78.1391,-95.1288,direct,0.1000,43.6000,-59.9936
533.8,node[15],0,4863.1281,2729.0635,1.8950,7.4257,0.2415,-2.5333,:227489843_19,-73.9692,2.9749,100.0000,default,22,rsu(303m),4167,174030,0.4969,303,1.8644,5,8,-73.9692,-90.9589,direct,0.1000,44.4000,-59.5391
533.9,node[15],0,4862.9085,2729.7490,1.8950,7.3896,-0.3613,-2.3651,:227489843_19,-83.0179,-5.0000,100.0000,default,22,rsu(303m),4168,174085,0.0180,303,1.8291,2,2,-83.0179,-100.0076,direct,0.1000,44.4000,-58.8821
534,node[15],0,4862.7834,2730.4721,1.8950,7.3371,-0.5251,-2.1804,:227489843_19,-72.7855,3.8977,100.0000,default,22,rsu(302m),4169,174141,0.6104,302,1.8648,6,10,-72.7855,-89.7752,direct,0.1000,44.4000,-58.0987
534.1,node[15],0,4862.6577,2731.1986,1.8950,7.3705,0.3347,-2.0512,:227489843_19,-83.5545,-5.0000,100.0000,default,22,rsu(301m),4170,174196,0.0180,301,1.8289,2,2,-83.5545,-100.5442,direct,0.1000,44.4000,-57.2677
534.2,node[15],0,4862.5318,2731.9264,1.8950,7.3849,0.1438,-1.9735,:227489843_19,-92.8625,-5.0000,100.0000,default,22,rsu(301m),4171,174251,0.0180,301,1.8536,2,2,-92.8625,-109.8522,direct,0.1000,44.0000,-56.4186
534.3,node[15],0,4862.4063,2732.6518,1.8950,7.3602,-0.2473,-1.8964,:227489843_19,-77.2521,-1.0901,100.0000,default,22,rsu(300m),4172,174305,0.1146,300,1.8657,3,4,-77.2521,-94.2418,direct,0.1000,44.0000,-55.6122
534.4,node[15],0,4862.2805,2733.3791,1.8950,7.3790,0.1882,-1.8203,:227489843_19,-78.5836,-3.3540,100.0000,default,22,rsu(300m),4173,174361,0.0400,300,1.8541,2,2,-78.5836,-95.5733,direct,0.1000,44.0000,-54.9369
534.5,node[15],0,4862.1758,2734.1067,1.8950,7.3611,-0.1795,-1.7423,831179686#0,-78.3099,-1.6708,100.0000,default,22,rsu(299m),4174,174416,0.0882,299,1.8469,3,4,-78.3099,-95.2996,direct,0.1000,44.0000,-54.4648
534.6,node[15],0,4862.1539,2734.8599,1.8950,7.5370,1.7593,-1.7165,831179686#0,-83.5108,-4.5479,100.0000,default,22,rsu(298m),4175,174471,0.0224,298,1.8400,2,2,-83.5108,-100.5005,direct,0.1000,44.0000,-54.1243
534.7,node[15],0,4862.1315,2735.6337,1.8950,7.7414,2.0442,-1.6945,831179686#0,-69.3665,6.3027,100.0000,default,22,rsu(298m),4176,174528,0.8391,298,1.8419,7,12,-69.3665,-86.3562,direct,0.1000,44.0000,-54.1530
534.8,node[15],0,4862.1084,2736.4316,1.8950,7.9837,2.4230,-1.6717,831179686#0,-80.2373,-4.1169,100.0000,default,22,rsu(297m),4177,174585,0.0277,297,1.8682,2,2,-80.2373,-97.2270,direct,0.1000,45.6000,-54.4813
534.9,node[15],0,4862.0846,2737.2531,1.8950,8.2200,2.3632,-1.6483,831179686#0,-79.1802,-5.0000,100.0000,default,22,rsu(296m),4178,174641,0.0180,296,1.8658,2,2,-79.1802,-96.1699,direct,0.1000,45.6000,-54.9073
535,node[15],0,4862.0604,2738.0882,1.8950,8.3549,1.3488,-1.6245,831179686#0,-73.8500,5.4248,100.0000,default,22,rsu(296m),4179,174699,0.7707,296,1.8420,7,12,-73.8500,-90.8397,direct,0.1000,45.6000,-55.2049
535.1,node[15],0,4862.0357,2738.9403,1.8950,8.5261,1.7120,-1.6002,831179686#0,-76.9038,-2.9310,100.0000,default,22,rsu(295m),4180,174755,0.0490,295,1.8585,3,4,-76.9038,-93.8935,direct,0.1000,45.6000,-55.2299
535.2,node[15],0,4862.0104,2739.8144,1.8950,8.7461,2.2001,-1.5998,831179686#0,-74.3618,4.1308,100.0000,default,22,rsu(294m),4181,174813,0.6377,294,1.8694,6,10,-74.3618,-91.3515,direct,0.1000,45.6000,-54.9430
535.3,node[15],0,4861.9844,2740.7114,1.8950,8.9746,2.2848,-1.5998,831179686#0,-75.2289,0.7663,100.0000,default,22,rsu(293m),4182,174867,0.2466,293,1.8640,4,6,-75.2289,-92.2186,direct,0.1000,45.6000,-54.4310
535.4,node[15],0,4861.9577,2741.6339,1.8950,9.2307,2.5613,-1.5998,831179686#0,-81.1619,-4.5355,100.0000,default,22,rsu(292m),4183,174920,0.0226,292,1.8264,2,2,-81.1619,-98.1516,direct,0.1000,42.8000,-53.9266
535.5,node[15],0,4861.9305,2742.5713,1.8950,9.3784,1.4772,-1.5998,831179686#0,-74.5631,3.6753,100.0000,default,22,rsu(292m),4184,174974,0.5836,292,1.8322,6,10,-74.5631,-91.5528,direct,0.1000,42.8000,-53.7500
535.6,node[15],0,4861.9027,2743.5312,1.8950,9.6048,2.2634,-1.5998,831179686#0,-72.8589,2.3258,100.0000,default,22,rsu(291m),4185,175028,0.4165,291,1.8656,5,8,-72.8589,-89.8486,direct,0.1000,43.2000,-54.0495
535.7,node[15],0,4861.8743,2744.5110,1.8950,9.8031,1.9829,-1.5998,831179686#0,-71.6077,6.5108,100.0000,default,22,rsu(290m),4186,175084,0.8526,290,1.8729,7,12,-71.6077,-88.5974,direct,0.1000,43.2000,-54.6319
535.8,node[15],0,4861.8455,2745.5058,1.8950,9.9535,1.5038,-1.5998,831179686#0,-67.1484,10.6092,100.0000,default,22,rsu(289m),4187,175142,0.9782,289,1.8308,9,16,-67.1484,-84.1381,direct,0.1000,45.6000,-55.1316
535.9,node[15],0,4861.8163,2746.5140,1.8950,10.0877,1.3422,-1.5998,831179686#0,-68.9465,8.3467,100.0000,default,22,rsu(288m),4188,175197,0.9354,288,1.8663,8,14,-68.9465,-85.9362,direct,0.1000,45.6000,-55.2760
536,node[15],0,4861.7866,2747.5371,1.8950,10.2369,1.4917,-1.5998,831179686#0,-68.5331,7.9038,100.0000,default,22,rsu(287m),4189,175254,0.9207,287,1.8291,8,14,-68.5331,-85.5228,direct,0.1000,44.8000,-54.9934
536.1,node[15],0,4861.7564,2748.5816,1.8950,10.4509,2.1407,-1.5998,831179686#0,-79.3669,-3.0747,100.0000,default,22,rsu(286m),4190,175312,0.0458,286,1.8289,2,2,-79.3669,-96.3566,direct,0.1000,44.8000,-54.4609
536.2,node[15],0,4861.7255,2749.6472,1.8950,10.6621,2.1117,-1.5998,831179686#0,-89.3649,-5.0000,100.0000,default,22,rsu(286m),4191,175368,0.0180,286,1.8446,2,2,-89.3649,-106.3546,direct,0.1000,45.6000,-54.1263
536.3,node[15],0,4861.6939,2750.7388,1.8950,10.9219,2.5982,-1.5998,831179686#0,-75.1174,4.0258,100.0000,default,22,rsu(285m),4192,175422,0.6255,285,1.8653,6,10,-75.1174,-92.1071,direct,0.1000,45.6000,-54.4589
536.4,node[15],0,4861.6615,2751.8549,1.8950,11.1673,2.4538,-1.5998,831179686#0,-77.7107,-0.8726,100.0000,default,22,rsu(284m),4193,175478,0.1261,284,1.8702,4,6,-77.7107,-94.7004,direct,0.1000,44.0000,-55.4822
536.5,node[15],0,4861.6285,2752.9968,1.8950,11.4246,2.5732,-1.5998,831179686#0,-70.8322,8.2263,100.0000,default,22,rsu(283m),4194,175533,0.9317,283,1.8660,8,14,-70.8322,-87.8219,direct,0.1000,44.0000,-56.8413
536.6,node[15],0,4861.5950,2754.1516,1.8950,11.5547,1.3011,-1.5998,831179686#0,-77.0755,-0.9869,100.0000,default,22,rsu(282m),4195,175589,0.1199,282,1.8637,4,6,-77.0755,-94.0652,direct,0.1000,44.4000,-58.2201
536.7,node[15],0,4861.5609,2755.3273,1.8950,11.7638,2.0908,-1.5998,831179686#0,-71.7200,5.4759,100.0000,default,22,rsu(281m),4196,175644,0.7752,281,1.8639,7,12,-71.7200,-88.7097,direct,0.1000,44.4000,-59.5016
536.8,node[15],0,4861.5263,2756.5217,1.8950,11.9504,1.8655,-1.5998,831179686#0,-71.6518,6.8738,100.0000,default,22,rsu(280m),4197,175702,0.8740,280,1.8555,7,12,-71.6518,-88.6415,direct,0.1000,45.2000,-60.6540
536.9,node[15],0,4861.4910,2757.7407,1.8950,12.1963,2.4589,-1.5998,831179686#0,-73.4424,4.9251,100.0000,default,22,rsu(279m),4198,175760,0.7236,279,1.8646,6,10,-73.4424,-90.4321,direct,0.1000,45.2000,-61.6888
537,node[15],0,4861.4553,2758.9746,1.8950,12.3463,1.5005,-1.5998,831179686#0,-80.5570,-1.9330,100.0000,default,22,rsu(278m),4199,175816,0.0782,278,1.8431,3,4,-80.5570,-97.5467,direct,0.1000,45.6000,-62.6141
537.1,node[15],0,4861.4190,2760.2267,1.8950,12.5276,1.8131,-1.5998,831179686#0,-74.0493,4.5943,100.0000,default,22,rsu(276m),4200,175871,0.6894,276,1.8678,6,10,-74.0493,-91.0390,direct,0.1000,45.6000,-63.4496
537.2,node[15],0,4861.3821,2761.5010,1.8950,12.7507,2.2303,-1.5998,831179686#0,-73.7458,5.4187,100.0000,default,22,rsu(275m),4201,175927,0.7702,275,1.8271,7,12,-73.7458,-90.7355,direct,0.1000,44.4000,-64.2122
537.3,node[15],0,4861.3447,2762.7907,1.8950,12.9038,1.5319,-1.5998,831179686#0,-72.7767,3.6954,100.0000,default,22,rsu(274m),4202,175983,0.5861,274,1.8391,6,10,-72.7767,-89.7664,direct,0.1000,44.4000,-64.9099
537.4,node[15],0,4861.3068,2764.0978,1.8950,13.0778,1.7399,-1.5998,831179686#0,-79.5812,-3.5445,100.0000,default,22,rsu(273m),4203,176041,0.0365,273,1.8679,2,2,-79.5812,-96.5709,direct,0.1000,45.6000,-65.5537
537.5,node[15],0,4861.2684,2765.4244,1.8950,13.2740,1.9621,-1.5998,831179686#0,-71.5271,4.2873,100.0000,default,22,rsu(272m),4204,176094,0.6556,272,1.8710,6,10,-71.5271,-88.5168,direct,0.1000,45.6000,-66.1524
537.6,node[15],0,4861.2295,2766.7682,1.8950,13.4449,1.7083,-1.5998,831179686#0,-70.9203,6.9435,100.0000,default,22,rsu(271m),4205,176152,0.8778,271,1.8409,7,12,-70.9203,-87.9100,direct,0.1000,44.4000,-66.7112
537.7,node[15],0,4861.1902,2768.1252,1.8950,13.5775,1.3262,-1.5998,831179686#0,-72.6046,4.6919,100.0000,default,22,rsu(270m),4206,176208,0.6997,270,1.8262,6,10,-72.6046,-89.5943,direct,0.1000,44.4000,-67.2339
537.8,node[15],0,4861.1504,2769.4974,1.8950,13.7298,1.5225,-1.5998,831179686#0,-74.0598,0.9483,100.0000,default,22,rsu(269m),4207,176265,0.2639,269,1.8687,4,6,-74.0598,-91.0495,direct,0.1000,45.2000,-67.7258
537.9,node[15],0,4861.1099,2770.8948,1.8950,13.9816,2.5180,-1.5998,831179686#0,-70.2775,6.0814,100.0000,default,22,rsu(267m),4208,176323,0.8236,267,1.8705,7,12,-70.2775,-87.2672,direct,0.1000,45.2000,-68.1935
538,node[15],0,4861.0691,2772.3054,1.8950,14.1136,1.3203,-1.5998,831179686#0,-72.5384,5.0567,100.0000,default,22,rsu(266m),4209,176379,0.7366,266,1.8357,7,12,-72.5384,-89.5281,direct,0.1000,45.6000,-68.6361
538.1,node[15],0,4861.0275,2773.7401,1.8950,14.3556,2.4204,-1.5998,831179686#0,-74.1801,4.0214,100.0000,default,22,rsu(265m),4210,176434,0.6250,265,1.8596,6,10,-74.1801,-91.1698,direct,0.1000,45.6000,-69.0591
538.2,node[15],0,4860.9852,2775.2003,1.8950,14.6094,2.5375,-1.5998,831179686#0,-75.5465,3.5619,100.0000,default,22,rsu(264m),4211,176491,0.5698,264,1.8286,6,10,-75.5465,-92.5362,direct,0.1000,44.8000,-69.4649
538.3,node[15],0,4860.9422,2776.6837,1.8950,14.8426,2.3325,-1.5998,831179686#0,-75.5242,1.0848,100.0000,default,22,rsu(263m),4212,176547,0.2774,263,1.8645,5,8,-75.5242,-92.5139,direct,0.1000,44.8000,-69.8541
538.4,node[15],0,4860.8987,2778.1838,1.8950,15.0092,1.6660,-1.5998,831179686#0,-73.8905,2.7247,100.0000,default,22,rsu(261m),4213,176603,0.4656,261,1.8369,5,8,-73.8905,-90.8802,direct,0.1000,44.8000,-70.2267
538.5,node[15],0,4860.8546,2779.7074,1.8950,15.2441,2.3492,-1.5998,831179686#0,-78.2093,-2.7059,100.0000,default,22,rsu(260m),4214,176658,0.0545,260,1.8261,3,4,-78.2093,-95.1990,direct,0.1000,44.8000,-70.5856
538.6,node[15],0,4860.8097,2781.2562,1.8950,15.4970,2.5282,-1.5998,831179686#0,-98.5147,-5.0000,100.0000,default,22,rsu(259m),4215,176713,0.0180,259,1.8296,2,2,-98.5147,-115.5044,direct,0.1000,44.0000,-70.9321
538.7,node[15],0,4860.7645,2782.8183,1.8950,15.6292,1.3228,-1.5998,831179686#0,-74.4294,0.8641,100.0000,default,22,rsu(257m),4216,176768,0.2558,257,1.8634,4,6,-74.4294,-91.4191,direct,0.1000,44.0000,-71.2646
538.8,node[15],0,4860.7187,2784.3976,1.8950,15.8022,1.7291,-1.5998,831179686#0,-72.5102,2.8987,100.0000,default,22,rsu(256m),4217,176824,0.4873,256,1.8755,5,8,-72.5102,-89.4999,direct,0.1000,44.4000,-71.5850
538.9,node[15],0,4860.6724,2785.9949,1.8950,15.9822,1.8005,-1.5998,831179686#0,-76.4169,0.7961,100.0000,default,22,rsu(255m),4218,176881,0.2494,255,1.8663,4,6,-76.4169,-93.4066,direct,0.1000,44.4000,-71.8942
539,node[15],0,4860.6256,2787.6100,1.8950,16.1592,1.7697,-1.5998,831179686#0,-72.7305,1.2082,100.0000,default,22,rsu(254m),4219,176936,0.2899,254,1.8497,5,8,-72.7305,-89.7202,direct,0.1000,44.8000,-72.1930
539.1,node[15],0,4860.5788,2789.2421,1.8950,16.3244,1.6518,-1.5997,:8595603474_1,-70.1645,8.2687,100.0000,default,22,rsu(252m),4220,176993,0.9330,252,1.8292,8,14,-70.1645,-87.1542,direct,0.1000,44.8000,-72.4818
539.2,node[15],0,4860.5315,2790.8935,1.8950,16.5145,1.9009,-1.5996,:8595603474_1,-76.5143,0.3165,100.0000,default,22,rsu(251m),4221,177049,0.2072,251,1.8395,4,6,-76.5143,-93.5040,direct,0.1000,45.2000,-72.7617
539.3,node[15],0,4860.4837,2792.5681,1.8950,16.7452,2.3071,-1.5994,:8595603474_1,-74.9542,3.3250,100.0000,default,22,rsu(249m),4222,177104,0.5405,249,1.8621,6,10,-74.9542,-91.9439,direct,0.1000,45.2000,-73.0336
539.4,node[15],0,4860.4351,2794.2668,1.8950,16.9869,2.4177,-1.5994,:8595603474_1,-75.4418,1.9008,100.0000,default,22,rsu(248m),4223,177159,0.3660,248,1.8657,5,8,-75.4418,-92.4315,direct,0.1000,44.0000,-73.2983
539.5,node[15],0,4860.3859,2795.9869,1.8950,17.2018,2.1487,-1.5994,:8595603474_1,-74.1303,2.7462,100.0000,default,22,rsu(247m),4224,177217,0.4683,247,1.8286,5,8,-74.1303,-91.1200,direct,0.1000,44.0000,-73.5556
539.6,node[15],0,4860.3362,2797.7245,1.8950,17.3759,1.7409,-1.5994,:8595603474_1,-74.4059,0.8974,100.0000,default,22,rsu(245m),4225,177273,0.2590,245,1.8520,4,6,-74.4059,-91.3956,direct,0.1000,45.6000,-73.8052
539.7,node[15],0,4860.2858,2799.4800,1.8950,17.5567,1.8076,-1.5994,831179686#1,-69.6898,7.3242,100.0000,default,22,rsu(244m),4226,177328,0.8968,244,1.8635,8,14,-69.6898,-86.6795,direct,0.1000,45.6000,-74.0476
539.8,node[15],0,4860.2345,2801.2540,1.8950,17.7488,1.9209,-1.5995,831179686#1,-75.6983,2.0593,100.0000,default,22,rsu(242m),4227,177385,0.3845,242,1.8530,5,8,-75.6983,-92.6880,direct,0.1000,44.8000,-74.2833
539.9,node[15],0,4860.1828,2803.0416,1.8950,17.8834,1.3462,-1.5997,831179686#1,-77.7082,0.6700,100.0000,default,22,rsu(241m),4228,177440,0.2378,241,1.8493,4,6,-77.7082,-94.6979,direct,0.1000,44.8000,-74.5118
540,node[15],0,4860.1305,2804.8499,1.8950,18.0919,2.0849,-1.5997,831179686#1,-74.0433,3.4086,100.0000,default,22,rsu(240m),4229,177497,0.5509,240,1.8348,6,10,-74.0433,-91.0330,direct,0.1000,44.8000,-74.7344
540.1,node[15],0,4860.0778,2806.6720,1.8950,18.2288,1.3689,-1.5997,831179686#1,-72.6681,2.9738,100.0000,default,22,rsu(238m),4230,177553,0.4967,238,1.8546,5,8,-72.6681,-89.6578,direct,0.1000,44.8000,-74.9505
540.2,node[15],0,4860.0244,2808.5174,1.8950,18.4626,2.3384,-1.5997,831179686#1,-76.3379,2.2014,100.0000,default,22,rsu(237m),4231,177608,0.4015,237,1.8621,5,8,-76.3379,-93.3276,direct,0.1000,44.4000,-75.1621
540.3,node[15],0,4859.9706,2810.3777,1.8950,18.6112,1.4862,-1.5997,831179686#1,-68.0986,9.2471,100.0000,default,22,rsu(235m),4232,177665,0.9579,235,1.8646,9,16,-68.0986,-85.0883,direct,0.1000,44.4000,-75.3684
540.4,node[15],0,4859.9163,2812.2523,1.8950,18.7547,1.4354,-1.5997,831179686#1,-71.6045,7.1912,100.0000,default,22,rsu(234m),4233,177724,0.8905,234,1.8565,8,14,-71.6045,-88.5942,direct,0.1000,46.4000,-75.5695
540.5,node[15],0,4859.8616,2814.1452,1.8950,18.9381,1.8340,-1.5997,831179686#1,-67.7358,10.8058,100.0000,default,23,rsu(232m),4234,177782,0.9802,232,1.8554,9,16,-67.7358,-84.7255,direct,0.1000,46.4000,-75.7578
540.6,node[15],0,4859.8061,2816.0636,1.8950,19.1929,2.5475,-1.5997,831179686#1,-68.9172,7.8317,100.0000,default,23,rsu(231m),4235,177838,0.9180,231,1.8696,8,14,-68.9172,-85.9069,direct,0.1000,45.6000,-75.9505
540.7,node[15],0,4859.7501,2817.9971,1.8950,19.3434,1.5054,-1.5997,831179686#1,-79.7134,-4.7441,100.0000,default,23,rsu(229m),4236,177895,0.0204,229,1.8270,2,2,-79.7134,-96.7031,direct,0.1000,45.6000,-76.1387
540.8,node[15],0,4859.6937,2819.9471,1.8950,19.5088,1.6534,-1.5997,831179686#1,-69.5504,9.7774,100.0000,default,23,rsu(228m),4237,177952,0.9673,228,1.8665,9,16,-69.5504,-86.5401,direct,0.1000,45.6000,-76.3227
540.9,node[15],0,4859.6367,2821.9197,1.8950,19.7351,2.2635,-1.5997,831179686#1,-70.4314,8.7402,100.0000,default,23,rsu(226m),4238,178011,0.9463,226,1.8640,8,14,-70.4314,-87.4211,direct,0.1000,45.6000,-76.5031
541,node[15],0,4859.5791,2823.9104,1.8950,19.9163,1.8116,-1.5997,831179686#1,-78.5483,-1.6835,100.0000,default,23,rsu(225m),4239,178068,0.0877,225,1.8751,3,4,-78.5483,-95.5380,direct,0.1000,46.4000,-76.6799
541.1,node[15],0,4859.5208,2825.9261,1.8950,20.1656,2.4928,-1.5997,831179686#1,-72.4523,5.4562,100.0000,default,23,rsu(223m),4240,178129,0.7735,223,1.8520,7,12,-72.4523,-89.4420,direct,0.1000,46.4000,-76.8533
541.2,node[15],0,4859.4620,2827.9567,1.8950,20.3155,1.4993,-1.5997,831179686#1,-69.9894,7.9686,100.0000,default,23,rsu(222m),4241,178189,0.9230,222,1.8405,8,14,-69.9894,-86.9791,direct,0.1000,48.4000,-77.0226
541.3,node[15],0,4859.4028,2830.0018,1.8950,20.4604,1.4495,-1.5997,831179686#1,-70.2590,6.0408,100.0000,default,23,rsu(220m),4242,178247,0.8206,220,1.8496,7,12,-70.2590,-87.2487,direct,0.1000,48.4000,-77.1877
541.4,node[15],0,4859.3431,2832.0655,1.8950,20.6468,1.8635,-1.5997,831179686#1,-68.1313,8.9266,100.0000,default,24,rsu(219m),4243,178308,0.9509,219,1.8285,8,14,-68.1313,-85.1210,direct,0.1000,47.6000,-77.3372
541.5,node[15],0,4859.2830,2834.1460,1.8950,20.8143,1.6748,-1.5997,831179686#1,-69.9595,8.4826,100.0000,default,24,rsu(217m),4244,178368,0.9394,217,1.8657,8,14,-69.9595,-86.9492,direct,0.1000,47.6000,-77.4941
541.6,node[15],0,4859.2223,2836.2429,1.8950,20.9783,1.6400,-1.5997,831179686#1,-72.0529,4.2639,100.0000,default,24,rsu(215m),4245,178428,0.6529,215,1.8627,6,10,-72.0529,-89.0426,direct,0.1000,48.0000,-77.6471
541.7,node[15],0,4859.1610,2838.3607,1.8950,21.1875,2.0922,-1.5997,831179686#1,-69.8214,8.9447,100.0000,default,24,rsu(214m),4246,178489,0.9513,214,1.8541,8,14,-69.8214,-86.8111,direct,0.1000,48.0000,-77.7966
541.8,node[15],0,4859.0990,2840.5043,1.8950,21.4458,2.5830,-1.5997,831179686#1,-80.0718,-5.0000,100.0000,default,24,rsu(212m),4247,178552,0.0180,212,1.8688,2,2,-80.0718,-97.0615,direct,0.1000,49.6000,-77.9430
541.9,node[15],0,4859.0366,2842.6633,1.8950,21.6004,1.5460,-1.5997,831179686#1,-73.5447,3.5410,100.0000,default,24,rsu(211m),4248,178614,0.5672,211,1.8270,6,10,-73.5447,-90.5344,direct,0.1000,49.6000,-78.0855
542,node[15],0,4858.9719,2844.8404,1.8950,21.7712,1.7084,-1.6001,:8595603520_1,-77.9778,-4.1210,100.0000,default,24,rsu(209m),4249,178674,0.0276,209,1.8414,2,2,-77.9778,-94.9675,direct,0.1000,48.8000,-78.2245
542.1,node[15],0,4858.9063,2847.0417,1.8950,22.0134,2.4218,-1.6004,:8595603520_1,-68.8141,9.2226,100.0000,default,23,rsu(208m),4250,178735,0.9574,208,1.8405,9,16,-68.8141,-85.8038,direct,0.1000,48.8000,-78.3755
542.2,node[15],0,4858.8400,2849.2670,1.8950,22.2529,2.3947,-1.6006,:8595603520_1,-69.1291,8.7238,100.0000,default,23,rsu(206m),4251,178795,0.9459,206,1.8723,8,14,-69.1291,-86.1188,direct,0.1000,48.4000,-78.5085
542.3,node[15],0,4858.7733,2851.5071,1.8950,22.4005,1.4762,-1.6006,:8595603520_1,-69.9672,6.6449,100.0000,default,23,rsu(204m),4252,178852,0.8609,204,9.9602,7,12,-69.9672,-86.9569,direct,0.0500,48.4000,-78.6380
542.4,node[15],0,4858.7076,2853.7713,1.8950,22.6485,2.4796,-1.6002,831179686#2,-66.2568,8.5133,100.0000,default,23,rsu(203m),4253,178912,0.9403,203,1.8320,8,14,-66.2568,-83.2465,direct,0.1000,46.8000,-78.7644
542.5,node[15],0,4858.6422,2856.0562,1.8950,22.8589,2.1045,-1.5997,831179686#2,-70.2926,6.8822,100.0000,default,23,rsu(201m),4254,178971,0.8745,201,1.8748,7,12,-70.2926,-87.2823,direct,0.1000,46.8000,-78.8877
542.6,node[15],0,4858.5763,2858.3585,1.8950,23.0322,1.7326,-1.5994,831179686#2,-78.6449,-1.0282,100.0000,default,23,rsu(200m),4255,179029,0.1177,200,1.8598,3,4,-78.6449,-95.6346,direct,0.1000,46.8000,-79.0078
542.7,node[15],0,4858.5100,2860.6771,1.8950,23.1962,1.6398,-1.5994,831179686#2,-80.3284,-1.8151,100.0000,default,23,rsu(198m),4256,179088,0.0826,198,1.8402,3,4,-80.3284,-97.3181,direct,0.1000,46.8000,-79.1244
542.8,node[15],0,4858.4429,2863.0190,1.8950,23.4286,2.3248,-1.5994,831179686#2,-70.3177,5.7067,100.0000,default,23,rsu(196m),4257,179147,0.7947,196,1.8460,7,12,-70.3177,-87.3074,direct,0.1000,47.2000,-79.2379
542.9,node[15],0,4858.3755,2865.3743,1.8950,23.5623,1.3364,-1.5994,831179686#2,-70.4050,6.2909,100.0000,default,23,rsu(195m),4258,179206,0.8383,195,1.8555,7,12,-70.4050,-87.3947,direct,0.1000,47.2000,-79.3478
543,node[15],0,4858.3076,2867.7496,1.8950,23.7631,2.0087,-1.5994,831179686#2,-69.3672,8.7447,100.0000,default,23,rsu(193m),4259,179266,0.9465,193,1.8580,8,14,-69.3672,-86.3569,direct,0.1000,47.6000,-79.4545
543.1,node[15],0,4858.2391,2870.1421,1.8950,23.9348,1.7164,-1.5994,831179686#2,-67.2537,11.8827,100.0000,default,23,rsu(192m),4260,179326,0.9884,192,1.8654,10,18,-67.2537,-84.2434,direct,0.1000,47.6000,-79.5578
543.2,node[15],0,4858.1702,2872.5486,1.8950,24.0754,1.4062,-1.5994,831179686#2,-71.5648,3.9962,100.0000,default,23,rsu(190m),4261,179385,0.6220,190,1.8328,6,10,-71.5648,-88.5545,direct,0.1000,47.6000,-79.6576
543.3,node[15],0,4858.1006,2874.9811,1.8950,24.3345,2.5912,-1.5994,831179686#2,-66.4583,12.8043,100.0000,default,23,rsu(189m),4262,179445,0.9926,189,1.8635,10,18,-66.4583,-83.4480,direct,0.1000,47.6000,-79.7546
543.4,node[15],0,4858.0302,2877.4359,1.8950,24.5542,2.1966,-1.5994,:8595603468_0,-74.6939,2.1645,100.0000,default,23,rsu(187m),4263,179503,0.3971,187,1.8433,5,8,-74.6939,-91.6836,direct,0.1000,47.2000,-79.8486
543.5,node[15],0,4857.9590,2879.9152,1.8950,24.7924,2.3819,-1.5995,:8595603468_0,-67.3414,11.0885,100.0000,default,23,rsu(186m),4264,179566,0.9828,186,1.8395,10,18,-67.3414,-84.3311,direct,0.1000,47.2000,-79.9395
543.6,node[15],0,4857.8874,2882.4100,1.8950,24.9486,1.5622,-1.5995,:8595603468_0,-70.8831,5.6859,100.0000,default,23,rsu(184m),4265,179626,0.7930,184,1.8722,7,12,-70.8831,-87.8728,direct,0.1000,49.2000,-80.0271
543.7,node[15],0,4857.8153,2884.9191,1.8950,25.0908,1.4218,-1.5995,:8595603468_0,-71.1173,8.1915,100.0000,default,23,rsu(182m),4266,179685,0.9306,182,1.8498,8,14,-71.1173,-88.1070,direct,0.1000,49.2000,-80.1115
543.8,node[15],0,4857.7419,2887.4402,1.8950,25.2261,1.3532,-1.5997,831179686#3,-68.1668,10.7658,100.0000,default,23,rsu(181m),4267,179745,0.9798,181,1.8349,9,16,-68.1668,-85.1565,direct,0.1000,47.6000,-80.1924
543.9,node[15],0,4857.6675,2889.9767,1.8950,25.3891,1.6297,-1.6000,831179686#3,-70.9249,6.5886,100.0000,default,23,rsu(179m),4268,179807,0.8575,179,1.8404,7,12,-70.9249,-87.9146,direct,0.1000,47.6000,-80.2703
544,node[15],0,4857.5927,2892.5286,1.8950,25.5436,1.5451,-1.6001,831179686#3,-75.5674,0.3436,100.0000,default,23,rsu(178m),4269,179870,0.2095,178,1.8298,4,6,-75.5674,-92.5571,direct,0.1000,50.0000,-80.3449
544.1,node[15],0,4857.5171,2895.1036,1.8950,25.7745,2.3096,-1.6001,831179686#3,-81.8922,-3.2005,100.0000,default,23,rsu(176m),4270,179933,0.0431,176,1.8281,2,2,-81.8922,-98.8819,direct,0.1000,50.0000,-80.4166
544.2,node[15],0,4857.4417,2897.7034,1.8950,26.0101,2.3561,-1.6000,:8595603464_0,-77.1588,0.6557,100.0000,default,23,rsu(175m),4271,179995,0.2365,175,1.8546,4,6,-77.1588,-94.1485,direct,0.1000,50.0000,-80.4853
544.3,node[15],0,4857.3664,2900.3266,1.8950,26.2317,2.2157,-1.5996,:8595603464_0,-72.6877,3.2607,100.0000,default,23,rsu(174m),4272,180059,0.5325,174,1.8443,6,10,-72.6877,-89.6774,direct,0.1000,50.0000,-80.5512
544.4,node[15],0,4857.2905,2902.9658,1.8950,26.3920,1.6033,-1.5995,:8595603464_0,-69.7133,8.7189,100.0000,default,23,rsu(172m),4273,180121,0.9458,172,1.8717,8,14,-69.7133,-86.7030,direct,0.1000,50.4000,-80.6140
544.5,node[15],0,4857.2141,2905.6285,1.8950,26.6269,2.3489,-1.5995,:8595603464_0,-65.8574,13.2286,100.0000,default,23,rsu(171m),4274,180184,0.9940,171,1.8679,11,20,-65.8574,-82.8471,direct,0.1000,50.4000,-80.6739
544.6,node[15],0,4857.1366,2908.3121,1.8950,26.8364,2.0949,-1.5996,831179686#4,-71.5527,7.3744,100.0000,default,23,rsu(169m),4275,180245,0.8991,169,1.8636,8,14,-71.5527,-88.5424,direct,0.1000,49.6000,-80.7311
544.7,node[15],0,4857.0586,2911.0138,1.8950,27.0169,1.8044,-1.5997,831179686#4,-71.5205,6.7313,100.0000,default,23,rsu(168m),4276,180309,0.8660,168,1.8427,7,12,-71.5205,-88.5102,direct,0.1000,49.6000,-80.7854
544.8,node[15],0,4856.9798,2913.7411,1.8950,27.2730,2.5615,-1.5997,831179686#4,-72.1004,4.5557,100.0000,default,23,rsu(167m),4277,180370,0.6852,167,1.8630,6,10,-72.1004,-89.0901,direct,0.1000,50.0000,-80.8370
544.9,node[15],0,4856.9006,2916.4820,1.8950,27.4084,1.3535,-1.5997,831179686#4,-64.9014,11.3416,100.0000,default,23,rsu(165m),4278,180430,0.9848,165,1.8634,10,18,-64.9014,-81.8911,direct,0.1000,50.0000,-80.8859
545,node[15],0,4856.8218,2919.2221,1.8950,27.4263,0.1798,-1.5996,:8595603463_0,-63.1961,13.5587,100.0000,default,23,rsu(164m),4279,180490,0.9949,164,1.8741,11,20,-63.1961,-80.1858,direct,0.1000,48.0000,-80.9319
545.1,node[15],0,4856.7430,2921.9625,1.8950,27.4336,0.0726,-1.5995,:8595603463_0,-82.4251,-4.7845,100.0000,default,23,rsu(163m),4280,180551,0.0200,163,1.8309,2,2,-82.4251,-99.4148,direct,0.1000,48.0000,-80.9751
545.2,node[15],0,4856.6641,2924.7080,1.8950,27.4843,0.5073,-1.5995,:8595603463_0,-73.2205,4.3965,100.0000,default,23,rsu(161m),4281,180614,0.6678,161,1.8564,6,10,-73.2205,-90.2102,direct,0.1000,49.6000,-81.0157
545.3,node[15],0,4856.5845,2927.4470,1.8950,27.4061,-0.7826,-1.5997,831179686#5,-77.4618,1.4533,100.0000,default,23,rsu(160m),4282,180678,0.3158,160,1.8304,5,8,-77.4618,-94.4515,direct,0.1000,49.6000,-81.0536
545.4,node[15],0,4856.5037,2930.1941,1.8950,27.4712,0.6510,-1.6001,831179686#5,-73.1399,3.1769,100.0000,default,23,rsu(159m),4283,180740,0.5221,159,1.8536,6,10,-73.1399,-90.1296,direct,0.1000,50.4000,-81.0889
545.5,node[15],0,4856.4231,2932.9355,1.8950,27.4142,-0.5696,-1.6002,831179686#5,-65.6257,12.8538,100.0000,default,23,rsu(158m),4284,180800,0.9928,158,1.8605,10,18,-65.6257,-82.6154,direct,0.1000,50.4000,-81.1215
545.6,node[15],0,4856.3428,2935.6821,1.8950,27.4655,0.5126,-1.6001,:8595603458_0,-64.4255,14.8176,100.0000,default,23,rsu(157m),4285,180864,0.9973,157,1.8426,11,20,-64.4255,-81.4152,direct,0.1000,49.6000,-81.1519
545.7,node[15],0,4856.2630,2938.4281,1.8950,27.4601,-0.0532,-1.5999,:8595603458_0,-67.3359,9.5106,100.0000,default,23,rsu(156m),4286,180925,0.9629,156,1.8760,9,16,-67.3359,-84.3256,direct,0.1000,49.6000,-81.1800
545.8,node[15],0,4856.1831,2941.1789,1.8950,27.5080,0.4790,-1.5998,:8595603458_0,-68.5311,6.3450,100.0000,default,23,rsu(155m),4287,180986,0.8419,155,1.8331,7,12,-68.5311,-85.5208,direct,0.1000,48.8000,-81.2060
545.9,node[15],0,4856.1093,2943.9150,1.8950,27.3900,-1.1806,-1.5987,:8595603535_1,-71.5054,7.0655,100.0000,default,23,rsu(154m),4288,181046,0.8842,154,1.8284,8,14,-71.5054,-88.4951,direct,0.1000,48.8000,-81.2294
546,node[15],0,4856.0296,2946.6514,1.8950,27.4016,0.1161,-1.5989,:8595603535_1,-69.1614,5.3788,100.0000,default,23,rsu(153m),4289,181108,0.7666,153,1.8495,7,12,-69.1614,-86.1511,direct,0.1000,48.8000,-81.2508
546.1,node[15],0,4855.9503,2949.3997,1.8950,27.5166,1.1505,-1.5998,831179686#7,-70.9561,7.0792,100.0000,default,23,rsu(152m),4290,181169,0.8849,152,1.8645,8,14,-70.9561,-87.9458,direct,0.1000,48.8000,-81.2704
546.2,node[15],0,4855.8764,2952.1409,1.8950,27.4114,-1.0523,-1.5986,:8595603457_0,-65.7055,10.9748,100.0000,default,24,rsu(151m),4291,181231,0.9818,151,1.8313,9,16,-65.7055,-82.6952,direct,0.1000,49.2000,-81.1972
546.3,node[15],0,4855.7945,2954.8903,1.8950,27.4945,0.8310,-1.5993,:8595603457_0,-72.9427,5.2842,100.0000,default,24,rsu(151m),4292,181294,0.7581,151,1.8336,7,12,-72.9427,-89.9324,direct,0.1000,49.2000,-81.2119
546.4,node[15],0,4855.7126,2957.6405,1.8950,27.5016,0.0707,-1.6006,:8595603457_0,-64.7818,12.5854,100.0000,default,24,rsu(150m),4293,181356,0.9918,150,1.8760,10,18,-64.7818,-81.7715,direct,0.1000,50.0000,-81.2250
546.5,node[15],0,4855.6309,2960.3821,1.8950,27.4157,-0.8583,-1.6006,:8595603457_0,-68.0123,9.6776,100.0000,default,24,rsu(149m),4294,181418,0.9657,149,1.8755,9,16,-68.0123,-85.0020,direct,0.1000,50.0000,-81.2359
546.6,node[15],0,4855.5510,2963.1259,1.8950,27.4602,0.4440,-1.6002,831179686#8,-80.2683,-1.8034,100.0000,default,24,rsu(149m),4295,181483,0.0830,149,1.8555,3,4,-80.2683,-97.2580,direct,0.1000,50.8000,-81.2454
546.7,node[15],0,4855.4721,2965.8678,1.8950,27.4533,-0.0681,-1.5997,831179686#8,-66.2572,12.1881,100.0000,default,24,rsu(148m),4296,181546,0.9900,148,1.8297,10,18,-66.2572,-83.2469,direct,0.1000,50.8000,-81.2535
546.8,node[15],0,4855.3932,2968.6123,1.8950,27.4784,0.2509,-1.5995,831179686#8,-75.5469,3.5131,100.0000,default,24,rsu(147m),4297,181610,0.5638,147,1.8688,6,10,-75.5469,-92.5366,direct,0.1000,50.8000,-81.2604
546.9,node[15],0,4855.3122,2971.3618,1.8950,27.5054,0.2700,-1.5999,:8595603454_0,-84.5594,-5.0000,100.0000,default,24,rsu(147m),4298,181673,0.0180,147,1.8530,2,2,-84.5594,-101.5491,direct,0.1000,50.8000,-81.2660
547,node[15],0,4855.2304,2974.1063,1.8950,27.4450,-0.6038,-1.6005,:8595603454_0,-71.4297,5.3752,100.0000,default,24,rsu(147m),4299,181732,0.7663,147,1.8639,7,12,-71.4297,-88.4194,direct,0.1000,48.8000,-81.2704
547.1,node[15],0,4855.1485,2976.8544,1.8950,27.4810,0.3597,-1.6006,:8595603454_0,-67.4898,9.0217,100.0000,default,24,rsu(146m),4300,181792,0.9531,146,1.8645,9,16,-67.4898,-84.4795,direct,0.1000,48.8000,-81.2736
547.2,node[15],0,4855.0678,2979.6000,1.8950,27.4562,-0.2484,-1.6004,831179686#9,-68.2116,8.0053,100.0000,default,24,rsu(146m),4301,181855,0.9243,146,1.8440,8,14,-68.2116,-85.2013,direct,0.1000,49.2000,-81.2756
547.3,node[15],0,4854.9893,2982.3506,1.8950,27.5062,0.4999,-1.5997,831179686#9,-66.7985,8.9352,100.0000,default,24,rsu(146m),4302,181916,0.9511,146,1.8459,8,14,-66.7985,-83.7882,direct,0.1000,49.2000,-81.2764
547.4,node[15],0,4854.9109,2985.1023,1.8950,27.5172,0.1099,-1.5993,831179686#9,-71.1007,6.5314,100.0000,default,24,rsu(145m),4303,181979,0.8539,145,1.8272,7,12,-71.1007,-88.0904,direct,0.1000,49.6000,-81.2761
547.5,node[15],0,4854.8325,2987.8508,1.8950,27.4847,-0.3244,-1.5993,831179686#9,-64.7319,12.7024,100.0000,default,24,rsu(145m),4304,182041,0.9922,145,1.8451,10,18,-64.7319,-81.7216,direct,0.1000,49.6000,-81.2746
547.6,node[15],0,4854.7538,2990.5934,1.8950,27.4256,-0.5910,-1.5994,:8595603453_0,-71.6421,7.0207,100.0000,default,24,rsu(145m),4305,182102,0.8819,145,1.8294,8,14,-71.6421,-88.6318,direct,0.1000,49.2000,-81.2718
547.7,node[15],0,4854.6750,2993.3369,1.8950,27.4354,0.0979,-1.5995,:8595603453_0,-72.3828,5.6790,100.0000,default,24,rsu(145m),4306,182163,0.7924,145,1.8477,7,12,-72.3828,-89.3725,direct,0.1000,49.2000,-81.2677
547.8,node[15],0,4854.5962,2996.0801,1.8950,27.4316,-0.0384,-1.5995,:8595603453_0,-69.6714,9.3449,100.0000,default,24,rsu(145m),4307,182224,0.9598,145,1.8373,9,16,-69.6714,-86.6611,direct,0.1000,48.8000,-81.2623
547.9,node[15],0,4854.5181,2998.8241,1.8950,27.4547,0.2313,-1.5994,831179686#10,-69.4677,6.7819,100.0000,default,24,rsu(145m),4308,182287,0.8689,145,1.8664,7,12,-69.4677,-86.4574,direct,0.1000,48.8000,-81.2555
548,node[15],0,4854.4407,3001.5673,1.8950,27.4583,0.0356,-1.5991,831179686#10,-70.0628,4.2017,100.0000,default,24,rsu(145m),4309,182348,0.6458,145,1.8648,6,10,-70.0628,-87.0525,direct,0.1000,49.6000,-81.2471
548.1,node[15],0,4854.3635,3004.3067,1.8950,27.4213,-0.3699,-1.5990,831179686#10,-66.8586,9.6667,100.0000,default,24,rsu(145m),4310,182412,0.9656,145,1.8444,9,16,-66.8586,-83.8483,direct,0.1000,49.6000,-81.2372
548.2,node[15],0,4854.2859,3007.0554,1.8950,27.5135,0.9219,-1.5990,831179686#10,-72.1871,6.9679,100.0000,default,24,rsu(145m),4311,182473,0.8791,145,1.8372,7,12,-72.1871,-89.1768,direct,0.1000,50.0000,-81.2256
548.3,node[15],0,4854.2051,3009.7990,1.8950,27.4417,-0.7172,-1.5997,:8595603450_0,-69.4622,6.2501,100.0000,default,24,rsu(146m),4312,182536,0.8355,146,1.8442,7,12,-69.4622,-86.4519,direct,0.1000,50.0000,-81.2122
548.4,node[15],0,4854.1234,3012.5431,1.8950,27.4404,-0.0132,-1.6006,:8595603450_0,-77.1835,0.1774,100.0000,default,24,rsu(146m),4313,182596,0.1960,146,1.8414,4,6,-77.1835,-94.1732,direct,0.1000,49.2000,-81.1968
548.5,node[15],0,4854.0417,3015.2846,1.8950,27.4157,-0.2467,-1.6006,:8595603450_0,-73.0087,2.1629,100.0000,default,24,rsu(146m),4314,182658,0.3969,146,1.8695,5,8,-73.0087,-89.9984,direct,0.1000,49.2000,-81.1793
548.6,node[15],0,4853.9616,3018.0303,1.8950,27.4562,0.4047,-1.6002,831179686#11,-69.0911,7.4173,100.0000,default,24,rsu(147m),4315,182717,0.9010,147,1.8450,8,14,-69.0911,-86.0808,direct,0.1000,48.4000,-81.1593
548.7,node[15],0,4853.8844,3020.7719,1.8950,27.4162,-0.4005,-1.5993,831179686#11,-70.7929,5.1723,100.0000,default,24,rsu(147m),4316,182779,0.7477,147,1.8732,7,12,-70.7929,-87.7826,direct,0.1000,48.4000,-81.1365
548.8,node[15],0,4853.8071,3023.5200,1.8950,27.4815,0.6530,-1.5989,831179686#11,-70.7551,5.4453,100.0000,default,24,rsu(148m),4317,182843,0.7725,148,1.8701,7,12,-70.7551,-87.7448,direct,0.1000,50.4000,-81.1108
548.9,node[15],0,4853.7300,3026.2591,1.8950,27.3911,-0.9041,-1.5989,831179686#11,-66.1474,13.0603,100.0000,default,24,rsu(148m),4318,182905,0.9935,148,1.8575,11,20,-66.1474,-83.1371,direct,0.1000,50.4000,-81.0818
549,node[15],0,4853.6506,3029.0027,1.8950,27.4497,0.5861,-1.5994,:8595603449_0,-68.5420,7.5689,100.0000,default,24,rsu(149m),4319,182968,0.9076,149,1.8406,8,14,-68.5420,-85.5317,direct,0.1000,50.0000,-81.0491
549.1,node[15],0,4853.5689,3031.7411,1.8950,27.4133,-0.3638,-1.6003,:8595603449_0,-73.4255,2.4820,100.0000,default,24,rsu(149m),4320,183028,0.4356,149,1.8711,5,8,-73.4255,-90.4152,direct,0.1000,50.0000,-81.0124
549.2,node[15],0,4853.4873,3034.4776,1.8950,27.3937,-0.1959,-1.6006,:8595603449_0,-65.0972,9.1739,100.0000,default,25,rsu(150m),4321,183091,0.9564,150,1.8304,9,16,-65.0972,-82.0869,direct,0.1000,49.2000,-80.9432
549.3,node[15],0,4853.4057,3037.2227,1.8950,27.4788,0.8513,-1.6006,831179686#12,-66.7875,9.6035,100.0000,default,25,rsu(151m),4322,183153,0.9645,151,1.8470,9,16,-66.7875,-83.7772,direct,0.1000,49.2000,-80.8965
549.4,node[15],0,4853.3279,3039.9732,1.8950,27.5050,0.2617,-1.5997,831179686#12,-70.7916,7.6227,100.0000,default,25,rsu(152m),4323,183213,0.9098,152,1.8445,8,14,-70.7916,-87.7813,direct,0.1000,48.8000,-80.8439
549.5,node[15],0,4853.2503,3042.7184,1.8950,27.4520,-0.5305,-1.5991,831179686#12,-74.3615,0.3806,100.0000,default,25,rsu(152m),4324,183273,0.2125,152,1.8499,4,6,-74.3615,-91.3512,direct,0.1000,48.8000,-80.7849
549.6,node[15],0,4853.1727,3045.4602,1.8950,27.4185,-0.3345,-1.5991,831179686#12,-72.4600,5.7820,100.0000,default,26,rsu(153m),4325,183336,0.8007,153,1.8336,7,12,-72.4600,-89.4497,direct,0.1000,49.2000,-80.7161
549.7,node[15],0,4853.0915,3048.2105,1.8950,27.5032,0.8474,-1.5998,:8595603446_0,-72.0663,6.7695,100.0000,default,26,rsu(154m),4326,183398,0.8682,154,1.8667,7,12,-72.0663,-89.0560,direct,0.1000,49.2000,-80.6416
549.8,node[15],0,4853.0097,3050.9543,1.8950,27.4370,-0.6619,-1.6006,:8595603446_0,-67.8067,6.7104,100.0000,default,26,rsu(155m),4327,183459,0.8647,155,1.8473,7,12,-67.8067,-84.7964,direct,0.1000,49.2000,-80.5579
549.9,node[15],0,4852.9280,3053.6997,1.8950,27.4541,0.1701,-1.6006,:8595603446_0,-68.9253,9.2612,100.0000,default,26,rsu(156m),4328,183522,0.9581,156,1.8297,9,16,-68.9253,-85.9150,direct,0.1000,49.2000,-80.4625
550,node[15],0,4852.8476,3056.4406,1.8950,27.4092,-0.4489,-1.6003,831179686#13,-65.3412,11.0678,100.0000,default,27,rsu(157m),4329,183583,0.9826,157,1.8598,10,18,-65.3412,-82.3309,direct,0.1000,49.6000,-80.3314
550.1,node[15],0,4852.7692,3059.1802,1.8950,27.3962,-0.1296,-1.5997,831179686#13,-72.4350,4.2371,100.0000,default,27,rsu(158m),4330,183645,0.6499,158,1.8720,6,10,-72.4350,-89.4247,direct,0.1000,49.6000,-80.2106
550.2,node[15],0,4852.6907,3061.9300,1.8950,27.5074,1.1118,-1.5994,:10127484721_1,-68.1909,9.4374,100.0000,default,27,rsu(159m),4331,183708,0.9615,159,1.8484,9,16,-68.1909,-85.1806,direct,0.1000,50.0000,-80.0737
550.3,node[15],0,4852.6128,3064.6668,1.8950,27.4054,-1.0202,-1.5993,:10127484721_1,-73.3110,0.9708,100.0000,default,27,rsu(160m),4332,183770,0.2661,160,1.8653,4,6,-73.3110,-90.3007,direct,0.1000,50.0000,-79.9186
550.4,node[15],0,4852.5349,3067.4032,1.8950,27.4005,-0.0487,-1.5992,:10127484721_1,-70.9060,5.8368,100.0000,default,27,rsu(162m),4333,183833,0.8051,162,1.8652,7,12,-70.9060,-87.8957,direct,0.1000,50.0000,-79.7418
550.5,node[15],0,4852.4519,3070.1448,1.8950,27.4326,0.3209,-1.6002,:8595603445_0,-72.0002,5.3737,100.0000,default,27,rsu(163m),4334,183896,0.7662,163,1.8485,7,12,-72.0002,-88.9899,direct,0.1000,50.0000,-79.5400
550.6,node[15],0,4852.3724,3072.8864,1.8950,27.4167,-0.1590,-1.6005,:8595603445_0,-67.7592,9.5459,100.0000,default,27,rsu(164m),4335,183959,0.9635,164,1.8496,9,16,-67.7592,-84.7489,direct,0.1000,50.4000,-79.3090
