timestamp,vehicle_id,rsu_id,x,y,z,speed,acceleration,heading_rad,road_id,rxPower_dbm,sinr_db,txPower_mw,txPowerSource,neighborCount,nearestRSU,packetsSent,packetsReceived,pdr,distance_to_rsu_m,signal_age_ms,cqi,mcs,rsrp_dbm,rsrq_db,connection_type,cbr,throughput_kbps,interference_dbm
71.7,node[9],1,6523.6801,2708.1611,1.8950,11.3301,113.3011,-2.0606,21154898#0,-80.5007,-2.7110,100.0000,default,14,rsu(558m),1,22,0.0544,558,3.5095,3,4,-80.5007,-97.4904,direct,0.0500,0.0245,-87.8825
71.8,node[9],1,6523.1490,2709.1572,1.8950,11.2857,-0.4441,-2.0606,21154898#0,-92.4184,-5.0000,100.0000,default,14,rsu(558m),2,44,0.0180,558,3.5110,2,2,-92.4184,-109.4081,direct,0.0500,0.0245,-87.8818
71.9,node[9],1,6522.6185,2710.1522,1.8950,11.2737,-0.1197,-2.0606,21154898#0,-86.7397,-5.0000,100.0000,default,14,rsu(558m),3,66,0.0180,558,3.5124,2,2,-86.7397,-103.7294,direct,0.0500,17.6000,-87.8812
72,node[9],1,6522.0877,2711.1477,1.8950,11.2796,0.0584,-2.0606,21154898#0,-81.4110,-2.9462,100.0000,default,14,rsu(558m),4,88,0.0487,558,3.5139,3,4,-81.4110,-98.4007,direct,0.0500,17.6000,-87.8805
72.1,node[9],1,6521.5576,2712.1420,1.8950,11.2660,-0.1362,-2.0606,21154898#0,-94.9232,-5.0000,100.0000,default,14,rsu(558m),5,110,0.0180,558,3.5154,2,2,-94.9232,-111.9129,direct,0.0500,17.6000,-87.8798
72.2,node[9],1,6521.0252,2713.1405,1.8950,11.3136,0.4764,-2.0606,21154898#0,-75.3375,1.7852,100.0000,default,14,rsu(558m),6,132,0.3527,558,3.5168,5,8,-75.3375,-92.3272,direct,0.0500,17.6000,-87.8792
72.3,node[9],1,6520.4948,2714.1353,1.8950,11.2713,-0.4232,-2.0606,21154898#0,-74.3040,3.7321,100.0000,default,14,rsu(558m),7,154,0.5905,558,3.5183,6,10,-74.3040,-91.2937,direct,0.0500,17.6000,-87.8785
72.4,node[9],1,6519.9630,2715.1328,1.8950,11.3015,0.3026,-2.0606,21154898#0,-89.3069,-5.0000,100.0000,default,14,rsu(558m),8,176,0.0180,558,3.5197,2,2,-89.3069,-106.2966,direct,0.0500,17.6000,-87.8778
72.5,node[9],1,6519.4320,2716.1286,1.8950,11.2829,-0.1864,-2.0606,21154898#0,-77.5871,-1.1651,100.0000,default,14,rsu(558m),9,198,0.1108,558,3.5212,3,4,-77.5871,-94.5768,direct,0.0500,17.6000,-87.8772
72.6,node[9],1,6518.9011,2717.1244,1.8950,11.2830,0.0008,-2.0606,21154898#0,-79.9370,-3.6921,100.0000,default,14,rsu(558m),10,220,0.0340,558,3.5097,2,2,-79.9370,-96.9267,direct,0.0500,17.6000,-87.8765
72.7,node[9],1,6518.3695,2718.1213,1.8950,11.2960,0.1303,-2.0606,21154898#0,-77.9161,-1.6572,100.0000,default,14,rsu(558m),11,242,0.0888,558,3.5111,3,4,-77.9161,-94.9058,direct,0.0500,17.6000,-87.8758
72.8,node[9],1,6517.8372,2719.1198,1.8950,11.3129,0.1690,-2.0606,21154898#0,-78.4581,-0.1159,100.0000,default,14,rsu(558m),12,264,0.1739,558,3.5126,4,6,-78.4581,-95.4478,direct,0.0500,17.6000,-87.8751
72.9,node[9],1,6517.3076,2720.1130,1.8950,11.2532,-0.5968,-2.0606,21154898#0,-74.2974,0.4394,100.0000,default,14,rsu(557m),13,286,0.2175,557,3.5140,4,6,-74.2974,-91.2871,direct,0.0500,17.6000,-87.8744
73,node[9],1,6516.7777,2721.1068,1.8950,11.2610,0.0778,-2.0606,21154898#0,-78.6685,-1.4482,100.0000,default,14,rsu(557m),14,308,0.0976,557,3.5155,3,4,-78.6685,-95.6582,direct,0.0500,17.6000,-87.8737
73.1,node[9],1,6516.2599,2722.0780,1.8950,11.0041,-2.5693,-2.0606,21154898#0,-81.9785,-3.6829,100.0000,default,14,rsu(557m),15,330,0.0342,557,3.5170,2,2,-81.9785,-98.9682,direct,0.0500,17.6000,-87.8731
73.2,node[9],1,6515.7623,2723.0114,1.8950,10.5757,-4.2835,-2.0606,21154898#0,-84.0124,-5.0000,100.0000,default,14,rsu(557m),16,352,0.0180,557,3.5184,2,2,-84.0124,-101.0021,direct,0.0500,17.6000,-87.8724
73.3,node[9],1,6515.2850,2723.9065,1.8950,10.1413,-4.3446,-2.0606,21154898#0,-75.2886,2.9136,100.0000,default,14,rsu(557m),17,374,0.4892,557,3.5199,5,8,-75.2886,-92.2783,direct,0.0500,17.6000,-87.8717
73.4,node[9],1,6514.8290,2724.7618,1.8950,9.6913,-4.5000,-2.0606,21154898#0,-74.5301,1.3930,100.0000,default,14,rsu(557m),18,396,0.3093,557,3.5213,5,8,-74.5301,-91.5198,direct,0.0500,17.6000,-87.8711
73.5,node[9],1,6514.3941,2725.5774,1.8950,9.2413,-4.5000,-2.0606,21154898#0,-80.3220,-1.1366,100.0000,default,14,rsu(557m),19,418,0.1122,557,3.5098,3,4,-80.3220,-97.3117,direct,0.0500,17.6000,-87.8705
73.6,node[9],1,6513.9804,2726.3533,1.8950,8.7913,-4.5000,-2.0606,21154898#0,-89.1473,-5.0000,100.0000,default,14,rsu(557m),20,440,0.0180,557,3.5113,2,2,-89.1473,-106.1370,direct,0.0500,17.6000,-87.8699
73.7,node[9],1,6513.5879,2727.0895,1.8950,8.3413,-4.5000,-2.0606,21154898#0,-90.0802,-5.0000,100.0000,default,14,rsu(557m),21,462,0.0180,557,3.5127,2,2,-90.0802,-107.0699,direct,0.0500,17.6000,-87.8693
73.8,node[9],1,6513.2166,2727.7860,1.8950,7.8913,-4.5000,-2.0606,21154898#0,-84.9941,-5.0000,100.0000,default,14,rsu(557m),22,484,0.0180,557,3.5142,2,2,-84.9941,-101.9838,direct,0.0500,17.6000,-87.8687
73.9,node[9],1,6512.8664,2728.4427,1.8950,7.4413,-4.5000,-2.0606,21154898#0,-82.9336,-5.0000,100.0000,default,14,rsu(557m),23,506,0.0180,557,3.5156,2,2,-82.9336,-99.9233,direct,0.0500,17.6000,-87.8681
74,node[9],1,6512.5374,2729.0597,1.8950,6.9913,-4.5000,-2.0606,21154898#0,-87.2701,-5.0000,100.0000,default,14,rsu(557m),24,528,0.0180,557,3.5171,2,2,-87.2701,-104.2598,direct,0.0500,17.6000,-87.8676
74.1,node[9],1,6512.2296,2729.6371,1.8950,6.5413,-4.5000,-2.0606,21154898#0,-81.2106,-2.8947,100.0000,default,14,rsu(557m),25,550,0.0499,557,3.5185,3,4,-81.2106,-98.2003,direct,0.0500,17.6000,-87.8670
74.2,node[9],1,6511.9430,2730.1747,1.8950,6.0913,-4.5000,-2.0606,21154898#0,-81.0400,-2.2039,100.0000,default,14,rsu(557m),26,572,0.0690,557,3.5200,3,4,-81.0400,-98.0297,direct,0.0500,17.6000,-87.8665
74.3,node[9],1,6511.6441,2730.7352,1.8950,6.3513,2.6000,-2.0606,21154898#0,-86.9594,-5.0000,100.0000,default,14,rsu(557m),27,594,0.0180,557,3.5215,2,2,-86.9594,-103.9491,direct,0.0500,17.6000,-87.8660
74.4,node[9],1,6511.3330,2731.3187,1.8950,6.6113,2.6000,-2.0606,21154898#0,-76.2703,2.5326,100.0000,default,14,rsu(557m),28,616,0.4418,557,3.5099,5,8,-76.2703,-93.2600,direct,0.0500,17.6000,-87.8655
74.5,node[9],1,6511.0097,2731.9251,1.8950,6.8713,2.6000,-2.0606,21154898#0,-79.5616,-0.2995,100.0000,default,14,rsu(557m),29,638,0.1611,557,3.5114,4,6,-79.5616,-96.5513,direct,0.0500,17.6000,-87.8649
74.6,node[9],1,6510.6741,2732.5545,1.8950,7.1313,2.6000,-2.0606,21154898#0,-83.2093,-5.0000,100.0000,default,14,rsu(557m),30,660,0.0180,557,3.5128,2,2,-83.2093,-100.1990,direct,0.0500,17.6000,-87.8644
74.7,node[9],1,6510.3263,2733.2069,1.8950,7.3913,2.6000,-2.0606,21154898#0,-86.5365,-5.0000,100.0000,default,14,rsu(557m),31,682,0.0180,557,3.5143,2,2,-86.5365,-103.5262,direct,0.0500,17.6000,-87.8638
74.8,node[9],1,6509.9688,2733.8816,1.8950,7.6362,2.4495,-2.0602,:227510512_1,-79.1712,-0.8708,100.0000,default,14,rsu(557m),32,704,0.1262,557,3.5157,4,6,-79.1712,-96.1609,direct,0.0500,17.6000,-87.8632
74.9,node[9],1,6509.6085,2734.5699,1.8950,7.7751,1.3893,-2.0590,:227510512_1,-79.6122,-3.1792,100.0000,default,14,rsu(557m),33,726,0.0435,557,3.5172,2,2,-79.6122,-96.6019,direct,0.0500,17.6000,-87.8626
75,node[9],1,6509.2379,2735.2780,1.8950,7.9969,2.2178,-2.0578,:227510512_1,-84.3596,-5.0000,100.0000,default,14,rsu(557m),34,748,0.0180,557,3.5186,2,2,-84.3596,-101.3493,direct,0.0500,17.6000,-87.8620
75.1,node[9],1,6508.8565,2736.0066,1.8950,8.2304,2.3346,-2.0566,:227510512_1,-79.8426,-0.9784,100.0000,default,14,rsu(557m),35,770,0.1203,557,3.5201,4,6,-79.8426,-96.8323,direct,0.0500,17.6000,-87.8614
75.2,node[9],1,6508.4690,2736.7470,1.8950,8.3623,1.3188,-2.0553,:227510512_1,-77.9343,-0.3833,100.0000,default,14,rsu(557m),36,792,0.1556,557,3.5215,4,6,-77.9343,-94.9240,direct,0.0500,17.6000,-87.8608
75.3,node[9],1,6508.0719,2737.5058,1.8950,8.5701,2.0785,-2.0540,:227510512_1,-76.6484,2.3903,100.0000,default,14,rsu(557m),37,814,0.4244,557,3.5100,5,8,-76.6484,-93.6381,direct,0.0500,17.6000,-87.8601
75.4,node[9],1,6507.6641,2738.2850,1.8950,8.8009,2.3076,-2.0530,:227510512_1,-77.5626,0.1416,100.0000,default,14,rsu(557m),38,836,0.1932,557,3.5114,4,6,-77.5626,-94.5523,direct,0.0500,17.6000,-87.8595
75.5,node[9],1,6507.2470,2739.0817,1.8950,8.9995,1.9861,-2.0530,:227510512_1,-84.7154,-5.0000,100.0000,default,14,rsu(557m),39,858,0.0180,557,3.5129,2,2,-84.7154,-101.7051,direct,0.0500,17.6000,-87.8589
75.6,node[9],1,6506.8192,2739.8990,1.8950,9.2314,2.3192,-2.0530,:227510512_1,-83.9206,-5.0000,100.0000,default,14,rsu(557m),40,880,0.0180,557,3.5143,2,2,-83.9206,-100.9103,direct,0.0500,17.6000,-87.8582
75.7,node[9],1,6506.3802,2740.7378,1.8950,9.4735,2.4208,-2.0530,:227510512_1,-83.8498,-5.0000,100.0000,default,14,rsu(557m),41,902,0.0180,557,3.5157,2,2,-83.8498,-100.8395,direct,0.0500,17.6000,-87.8575
75.8,node[9],1,6505.9340,2741.5903,1.8950,9.6292,1.5575,-2.0530,:227510512_1,-80.7977,-5.0000,100.0000,default,14,rsu(557m),42,924,0.0180,557,3.5172,2,2,-80.7977,-97.7874,direct,0.0500,17.6000,-87.8569
75.9,node[9],1,6505.4801,2742.4575,1.8950,9.7950,1.6572,-2.0530,:227510512_1,-80.6272,-3.6065,100.0000,default,14,rsu(557m),43,946,0.0355,557,3.5186,2,2,-80.6272,-97.6169,direct,0.0500,17.6000,-87.8562
76,node[9],1,6505.0177,2743.3410,1.8950,9.9788,1.8385,-2.0530,:227510512_1,-82.4942,-4.1088,100.0000,default,14,rsu(557m),44,968,0.0278,557,3.5200,2,2,-82.4942,-99.4839,direct,0.0500,17.6000,-87.8555
76.1,node[9],1,6504.5442,2744.2457,1.8950,10.2185,2.3965,-2.0530,:227510512_1,-86.5748,-5.0000,100.0000,default,14,rsu(557m),45,990,0.0180,557,3.5214,2,2,-86.5748,-103.5645,direct,0.0500,17.6000,-87.8548
76.2,node[9],1,6504.0634,2745.1644,1.8950,10.3763,1.5781,-2.0530,:227510512_1,-85.5217,-5.0000,100.0000,default,14,rsu(557m),46,1012,0.0180,557,3.5099,2,2,-85.5217,-102.5114,direct,0.0500,17.6000,-87.8541
76.3,node[9],1,6503.5715,2746.1042,1.8950,10.6148,2.3851,-2.0530,:227510512_1,-81.5673,-5.0000,100.0000,default,14,rsu(557m),47,1034,0.0180,557,3.5113,2,2,-81.5673,-98.5570,direct,0.0500,17.6000,-87.8534
76.4,node[9],1,6503.0765,2747.0613,1.8950,10.7780,1.6324,-2.0519,21154898#1,-83.3317,-4.0905,100.0000,default,14,rsu(557m),48,1056,0.0281,557,3.5127,2,2,-83.3317,-100.3214,direct,0.0500,17.6000,-87.8527
76.5,node[9],1,6502.5737,2748.0413,1.8950,11.0139,2.3588,-2.0501,21154898#1,-88.6955,-5.0000,100.0000,default,14,rsu(557m),49,1078,0.0180,557,3.5141,2,2,-88.6955,-105.6852,direct,0.0500,17.6000,-87.8519
76.6,node[9],1,6502.0634,2749.0357,1.8950,11.1752,1.6131,-2.0483,21154898#1,-83.8761,-4.6032,100.0000,default,14,rsu(557m),50,1100,0.0218,557,3.5155,2,2,-83.8761,-100.8658,direct,0.0500,17.6000,-87.8512
76.7,node[9],1,6501.5484,2750.0393,1.8950,11.2799,1.0465,-2.0465,21154898#1,-81.9403,-5.0000,100.0000,default,14,rsu(557m),51,1122,0.0180,557,3.5169,2,2,-81.9403,-98.9300,direct,0.0500,17.6000,-87.8505
76.8,node[9],1,6501.0316,2751.0463,1.8950,11.3170,0.3717,-2.0449,21154898#1,-78.4406,-3.9029,100.0000,default,14,rsu(557m),52,1144,0.0307,557,3.5183,2,2,-78.4406,-95.4303,direct,0.0500,17.6000,-87.8497
76.9,node[9],1,6500.5192,2752.0448,1.8950,11.2220,-0.9506,-2.0449,21154898#1,-82.0481,-3.5625,100.0000,default,14,rsu(557m),53,1166,0.0362,557,3.5197,2,2,-82.0481,-99.0378,direct,0.0500,17.6000,-87.8490
77,node[9],1,6500.0061,2753.0447,1.8950,11.2374,0.1547,-2.0449,21154898#1,-83.3944,-5.0000,100.0000,default,14,rsu(557m),54,1188,0.0180,557,3.5211,2,2,-83.3944,-100.3841,direct,0.0500,17.6000,-87.8483
77.1,node[9],1,6499.4900,2754.0505,1.8950,11.3043,0.6685,-2.0449,21154898#1,-82.0368,-5.0000,100.0000,default,14,rsu(556m),55,1210,0.0180,556,3.5095,2,2,-82.0368,-99.0265,direct,0.0500,17.6000,-87.8475
77.2,node[9],1,6498.9736,2755.0567,1.8950,11.3081,0.0379,-2.0449,21154898#1,-77.2565,-2.3670,100.0000,default,14,rsu(555m),56,1232,0.0640,555,3.5109,3,4,-77.2565,-94.2462,direct,0.0500,17.6000,-87.8468
77.3,node[9],1,6498.4618,2756.0542,1.8950,11.2110,-0.9711,-2.0449,21154898#1,-76.7746,-2.0696,100.0000,default,14,rsu(554m),57,1254,0.0735,554,3.5123,3,4,-76.7746,-93.7643,direct,0.0500,17.6000,-87.8461
77.4,node[9],1,6497.9490,2757.0535,1.8950,11.2309,0.1992,-2.0449,21154898#1,-81.1106,-1.9616,100.0000,default,14,rsu(554m),58,1276,0.0772,554,3.5136,3,4,-81.1106,-98.1003,direct,0.0500,17.6000,-87.8454
77.5,node[9],1,6497.4363,2758.0525,1.8950,11.2276,-0.0325,-2.0449,21154898#1,-77.1035,0.5016,100.0000,default,14,rsu(553m),59,1298,0.2228,553,3.5150,4,6,-77.1035,-94.0932,direct,0.0500,17.6000,-87.8447
77.6,node[9],1,6496.9201,2759.0583,1.8950,11.3044,0.7677,-2.0449,21154898#1,-81.8840,-3.6472,100.0000,default,14,rsu(552m),60,1320,0.0348,552,3.5164,2,2,-81.8840,-98.8737,direct,0.0500,17.6000,-87.8439
77.7,node[9],1,6496.4071,2760.0581,1.8950,11.2362,-0.6823,-2.0449,21154898#1,-72.0705,2.5879,100.0000,default,14,rsu(551m),61,1342,0.4487,551,3.5177,5,8,-72.0705,-89.0602,direct,0.0500,17.6000,-87.8432
77.8,node[9],1,6495.8915,2761.0629,1.8950,11.2921,0.5591,-2.0449,21154898#1,-79.4808,-3.6466,100.0000,default,14,rsu(550m),62,1364,0.0348,550,3.5191,2,2,-79.4808,-96.4705,direct,0.0500,17.6000,-87.8425
77.9,node[9],1,6495.3801,2762.0595,1.8950,11.2007,-0.9141,-2.0449,21154898#1,-78.1341,-4.3056,100.0000,default,14,rsu(549m),63,1386,0.0253,549,3.5205,2,2,-78.1341,-95.1238,direct,0.0500,17.6000,-87.8418
78,node[9],1,6494.8650,2763.0633,1.8950,11.2817,0.8102,-2.0449,21154898#1,-82.4500,-5.0000,100.0000,default,14,rsu(548m),64,1408,0.0180,548,3.5218,2,2,-82.4500,-99.4397,direct,0.0500,17.6000,-87.8411
78.1,node[9],1,6494.3526,2764.0616,1.8950,11.2202,-0.6148,-2.0449,21154898#1,-83.2908,-5.0000,100.0000,default,14,rsu(547m),65,1430,0.0180,547,3.5102,2,2,-83.2908,-100.2805,direct,0.0500,17.6000,-87.8404
78.2,node[9],1,6493.8370,2765.0664,1.8950,11.2921,0.7186,-2.0449,21154898#1,-80.5646,-5.0000,100.0000,default,14,rsu(546m),66,1452,0.0180,546,3.5115,2,2,-80.5646,-97.5543,direct,0.0500,17.6000,-87.8397
78.3,node[9],1,6493.3211,2766.0718,1.8950,11.2997,0.0765,-2.0449,21154898#1,-86.1131,-5.0000,100.0000,default,14,rsu(545m),67,1474,0.0180,545,3.5129,2,2,-86.1131,-103.1028,direct,0.0500,17.6000,-87.8390
78.4,node[9],1,6492.8092,2767.0694,1.8950,11.2114,-0.8828,-2.0449,21154898#1,-79.5027,-3.4279,100.0000,default,14,rsu(545m),68,1496,0.0386,545,3.5142,2,2,-79.5027,-96.4924,direct,0.0500,17.6000,-87.8384
78.5,node[9],1,6492.2938,2768.0738,1.8950,11.2882,0.7675,-2.0449,21154898#1,-79.9556,-3.4023,100.0000,default,14,rsu(544m),69,1518,0.0391,544,3.5155,2,2,-79.9556,-96.9453,direct,0.0500,17.6000,-87.8377
78.6,node[9],1,6491.7795,2769.0759,1.8950,11.2632,-0.2496,-2.0449,21154898#1,-81.2638,-2.6809,100.0000,default,14,rsu(543m),70,1540,0.0552,543,3.5169,3,4,-81.2638,-98.2535,direct,0.0500,17.6000,-87.8370
78.7,node[9],1,6491.2664,2770.0758,1.8950,11.2369,-0.2629,-2.0449,21154898#1,-82.7239,-5.0000,100.0000,default,14,rsu(542m),71,1562,0.0180,542,3.5182,2,2,-82.7239,-99.7136,direct,0.0500,17.6000,-87.8363
78.8,node[9],1,6490.7494,2771.0833,1.8950,11.3234,0.8643,-2.0449,21154898#1,-83.4198,-5.0000,100.0000,default,14,rsu(541m),72,1584,0.0180,541,3.5195,2,2,-83.4198,-100.4095,direct,0.0500,17.6000,-87.8356
78.9,node[9],1,6490.2327,2772.0902,1.8950,11.3167,-0.0663,-2.0449,21154898#1,-75.5358,-1.3888,100.0000,default,14,rsu(540m),73,1606,0.1003,540,3.5209,3,4,-75.5358,-92.5255,direct,0.0500,17.6000,-87.8349
79,node[9],1,6489.7162,2773.0968,1.8950,11.3120,-0.0476,-2.0449,21154898#1,-79.0993,-0.0741,100.0000,default,14,rsu(539m),74,1628,0.1770,539,3.5092,4,6,-79.0993,-96.0890,direct,0.0500,17.6000,-87.8342
79.1,node[9],1,6489.2024,2774.0979,1.8950,11.2521,-0.5989,-2.0449,21154898#1,-80.3124,-3.6018,100.0000,default,14,rsu(538m),75,1650,0.0355,538,3.5105,2,2,-80.3124,-97.3021,direct,0.0500,17.6000,-87.8335
79.2,node[9],1,6488.6906,2775.0952,1.8950,11.2080,-0.4412,-2.0449,21154898#1,-80.6579,-1.3279,100.0000,default,14,rsu(537m),76,1672,0.1030,537,3.5118,3,4,-80.6579,-97.6476,direct,0.0500,17.6000,-87.8328
79.3,node[9],1,6488.1741,2776.1018,1.8950,11.3124,1.0442,-2.0449,21154898#1,-79.4491,-2.0644,100.0000,default,14,rsu(537m),77,1694,0.0736,537,3.5131,3,4,-79.4491,-96.4388,direct,0.0500,17.6000,-87.8321
79.4,node[9],1,6487.6615,2777.1008,1.8950,11.2277,-0.8474,-2.0449,21154898#1,-83.2394,-3.8692,100.0000,default,14,rsu(536m),78,1716,0.0312,536,3.5144,2,2,-83.2394,-100.2291,direct,0.0500,17.6000,-87.8315
79.5,node[9],1,6487.1495,2778.0985,1.8950,11.2132,-0.1445,-2.0449,21154898#1,-80.2446,-1.0991,100.0000,default,14,rsu(535m),79,1738,0.1141,535,3.5157,3,4,-80.2446,-97.2343,direct,0.0500,17.6000,-87.8308
79.6,node[9],1,6486.6326,2779.1057,1.8950,11.3196,1.0644,-2.0449,21154898#1,-80.6468,-1.9689,100.0000,default,14,rsu(534m),80,1760,0.0770,534,3.5170,3,4,-80.6468,-97.6365,direct,0.0500,17.6000,-87.8301
79.7,node[9],1,6486.1167,2780.1110,1.8950,11.2981,-0.2152,-2.0449,21154898#1,-78.6997,-1.5893,100.0000,default,14,rsu(533m),81,1782,0.0916,533,3.5183,3,4,-78.6997,-95.6894,direct,0.0500,17.6000,-87.8293
79.8,node[9],1,6485.6016,2781.1149,1.8950,11.2827,-0.1545,-2.0449,21154898#1,-80.9956,-3.2500,100.0000,default,14,rsu(532m),82,1804,0.0421,532,3.5196,2,2,-80.9956,-97.9853,direct,0.0500,17.6000,-87.8286
79.9,node[9],1,6485.0899,2782.1120,1.8950,11.2061,-0.7653,-2.0449,21154898#1,-79.5486,-1.7022,100.0000,default,14,rsu(531m),83,1826,0.0870,531,3.5209,3,4,-79.5486,-96.5383,direct,0.0500,17.6000,-87.8279
80,node[9],1,6484.5768,2783.1119,1.8950,11.2381,0.3191,-2.0449,21154898#1,-81.7310,-5.0000,100.0000,default,14,rsu(530m),84,1848,0.0180,530,3.5091,2,2,-81.7310,-98.7207,direct,0.0500,17.6000,-87.8272
80.1,node[9],1,6484.0641,2784.1109,1.8950,11.2276,-0.1042,-2.0449,21154898#1,-77.6584,-0.3493,100.0000,default,14,rsu(530m),85,1870,0.1578,530,3.5104,4,6,-77.6584,-94.6481,direct,0.0500,17.6000,-87.8265
80.2,node[9],1,6483.5508,2785.1113,1.8950,11.2429,0.1524,-2.0449,21154898#1,-79.9682,-2.5224,100.0000,default,14,rsu(529m),86,1892,0.0595,529,3.5117,3,4,-79.9682,-96.9579,direct,0.0500,17.6000,-87.8256
80.3,node[9],1,6483.0360,2786.1144,1.8950,11.2737,0.3080,-2.0449,21154898#1,-77.7674,0.3938,100.0000,default,14,rsu(528m),87,1914,0.2136,528,3.5130,4,6,-77.7674,-94.7571,direct,0.0500,17.6000,-87.8248
80.4,node[9],1,6482.5206,2787.1188,1.8950,11.2881,0.1446,-2.0449,21154898#1,-79.2629,-5.0000,100.0000,default,14,rsu(527m),88,1936,0.0180,527,3.5142,2,2,-79.2629,-96.2526,direct,0.0500,17.6000,-87.8239
80.5,node[9],1,6482.0048,2788.1240,1.8950,11.2970,0.0887,-2.0449,21154898#1,-84.5172,-5.0000,100.0000,default,14,rsu(526m),89,1958,0.0180,526,3.5155,2,2,-84.5172,-101.5069,direct,0.0500,17.6000,-87.8230
80.6,node[9],1,6481.4879,2789.1311,1.8950,11.3190,0.2204,-2.0449,21154898#1,-78.1330,0.8171,100.0000,default,14,rsu(525m),90,1980,0.2513,525,3.5167,4,6,-78.1330,-95.1227,direct,0.0500,17.6000,-87.8221
80.7,node[9],1,6480.9728,2790.1349,1.8950,11.2818,-0.3725,-2.0449,21154898#1,-89.2688,-5.0000,100.0000,default,14,rsu(524m),91,2002,0.0180,524,3.5180,2,2,-89.2688,-106.2585,direct,0.0500,17.6000,-87.8212
80.8,node[9],1,6480.4575,2791.1391,1.8950,11.2854,0.0357,-2.0449,21154898#1,-76.2799,0.7325,100.0000,default,14,rsu(523m),92,2024,0.2435,523,3.5192,4,6,-76.2799,-93.2696,direct,0.0500,17.6000,-87.8203
80.9,node[9],1,6479.9436,2792.1406,1.8950,11.2561,-0.2928,-2.0449,21154898#1,-79.4211,-3.8126,100.0000,default,14,rsu(523m),93,2046,0.0321,523,3.5204,2,2,-79.4211,-96.4108,direct,0.0500,17.6000,-87.8194
81,node[9],1,6479.4321,2793.1373,1.8950,11.2011,-0.5499,-2.0449,21154898#1,-79.0535,-1.0187,100.0000,default,14,rsu(522m),94,2068,0.1182,522,3.5217,3,4,-79.0535,-96.0432,direct,0.0500,17.6000,-87.8185
81.1,node[9],1,6478.9165,2794.1421,1.8950,11.2927,0.9163,-2.0449,21154898#1,-80.8770,-1.7875,100.0000,default,14,rsu(521m),95,2090,0.0837,521,3.5099,3,4,-80.8770,-97.8667,direct,0.0500,17.6000,-87.8176
81.2,node[9],1,6478.4031,2795.1425,1.8950,11.2435,-0.4922,-2.0449,21154898#1,-81.6574,-5.0000,100.0000,default,14,rsu(520m),96,2112,0.0180,520,3.5218,2,2,-81.6574,-98.6471,direct,0.0500,17.6000,-87.8167
81.3,node[9],1,6477.8909,2796.1407,1.8950,11.2184,-0.2512,-2.0449,21154898#1,-83.0263,-4.2449,100.0000,default,14,rsu(519m),97,2134,0.0260,519,3.5207,2,2,-83.0263,-100.0160,direct,0.0500,17.6000,-87.8158
81.4,node[9],1,6477.3785,2797.1391,1.8950,11.2214,0.0299,-2.0449,21154898#1,-77.7382,-2.7717,100.0000,default,14,rsu(518m),98,2156,0.0529,518,3.5196,3,4,-77.7382,-94.7279,direct,0.0500,17.6000,-87.8149
81.5,node[9],1,6476.8667,2798.1365,1.8950,11.2096,-0.1172,-2.0449,21154898#1,-80.6482,-3.0744,100.0000,default,14,rsu(517m),99,2178,0.0458,517,3.5184,2,2,-80.6482,-97.6379,direct,0.0500,17.6000,-87.8140
81.6,node[9],1,6476.3498,2799.1438,1.8950,11.3207,1.1108,-2.0449,21154898#1,-80.2795,-3.4090,100.0000,default,14,rsu(516m),100,2200,0.0390,516,3.5173,2,2,-80.2795,-97.2692,direct,0.0500,17.6000,-87.8131
81.7,node[9],1,6475.8327,2800.1515,1.8950,11.3252,0.0451,-2.0449,21154898#1,-86.1633,-5.0000,100.0000,default,14,rsu(516m),101,2222,0.0180,516,3.5162,2,2,-86.1633,-103.1530,direct,0.0500,17.6000,-87.8122
81.8,node[9],1,6475.3166,2801.1572,1.8950,11.3024,-0.2280,-2.0449,21154898#1,-76.7922,0.4125,100.0000,default,14,rsu(515m),102,2244,0.2152,515,3.5150,4,6,-76.7922,-93.7819,direct,0.0500,17.6000,-87.8113
81.9,node[9],1,6474.8012,2802.1616,1.8950,11.2880,-0.1445,-2.0449,21154898#1,-80.8692,-3.6612,100.0000,default,14,rsu(514m),103,2266,0.0345,514,3.5138,2,2,-80.8692,-97.8589,direct,0.0500,17.6000,-87.8103
82,node[9],1,6474.2890,2803.1597,1.8950,11.2177,-0.7030,-2.0449,21154898#1,-83.0365,-4.9515,100.0000,default,14,rsu(513m),104,2288,0.0184,513,3.5127,2,2,-83.0365,-100.0262,direct,0.0500,17.6000,-87.8094
82.1,node[9],1,6473.7737,2804.1639,1.8950,11.2862,0.6852,-2.0449,21154898#1,-75.3710,2.9536,100.0000,default,14,rsu(512m),105,2310,0.4942,512,3.5115,5,8,-75.3710,-92.3607,direct,0.0500,17.6000,-87.8085
82.2,node[9],1,6473.2608,2805.1634,1.8950,11.2337,-0.5247,-2.0449,21154898#1,-83.7533,-5.0000,100.0000,default,14,rsu(511m),106,2332,0.0180,511,3.5103,2,2,-83.7533,-100.7430,direct,0.0500,17.6000,-87.8076
82.3,node[9],1,6472.7471,2806.1643,1.8950,11.2486,0.1486,-2.0449,21154898#1,-77.0998,1.9470,100.0000,default,14,rsu(510m),107,2354,0.3713,510,3.5091,5,8,-77.0998,-94.0895,direct,0.0500,17.6000,-87.8067
82.4,node[9],1,6472.2331,2807.1660,1.8950,11.2582,0.0962,-2.0449,21154898#1,-80.4063,-1.7430,100.0000,default,14,rsu(510m),108,2376,0.0854,510,3.5209,3,4,-80.4063,-97.3960,direct,0.0500,17.6000,-87.8057
82.5,node[9],1,6471.7162,2808.1733,1.8950,11.3203,0.6209,-2.0449,21154898#1,-74.9208,0.8937,100.0000,default,14,rsu(509m),109,2398,0.2586,509,3.5197,4,6,-74.9208,-91.9105,direct,0.0500,17.6000,-87.8048
82.6,node[9],1,6471.2047,2809.1702,1.8950,11.2034,-1.1688,-2.0449,21154898#1,-79.0495,-4.1969,100.0000,default,14,rsu(508m),110,2420,0.0266,508,3.5184,2,2,-79.0495,-96.0392,direct,0.0500,17.6000,-87.8039
82.7,node[9],1,6470.6887,2810.1757,1.8950,11.3007,0.9725,-2.0449,21154898#1,-83.3943,-5.0000,100.0000,default,14,rsu(507m),111,2442,0.0180,507,3.5172,2,2,-83.3943,-100.3840,direct,0.0500,17.6000,-87.8029
82.8,node[9],1,6470.1698,2811.1814,1.8950,11.3162,0.1550,-2.0454,:227541360_0,-79.0409,-1.2480,100.0000,default,14,rsu(506m),112,2464,0.1068,506,3.5160,3,4,-79.0409,-96.0306,direct,0.0500,17.6000,-87.8020
82.9,node[9],1,6469.6402,2812.1732,1.8950,11.2420,-0.7422,-2.0491,:227541360_0,-78.4015,-1.7768,100.0000,default,14,rsu(505m),113,2486,0.0841,505,3.5147,3,4,-78.4015,-95.3912,direct,0.0500,17.6000,-87.8011
83,node[9],1,6469.1081,2813.1698,1.8950,11.2966,0.5461,-2.0528,:227541360_0,-79.4395,-2.5120,100.0000,default,14,rsu(504m),114,2508,0.0597,504,3.5134,3,4,-79.4395,-96.4292,direct,0.0500,17.6000,-87.8001
83.1,node[9],1,6468.5761,2814.1661,1.8950,11.2928,-0.0371,-2.0565,:227541360_0,-79.5754,-0.7471,100.0000,default,14,rsu(504m),115,2530,0.1331,504,3.5122,4,6,-79.5754,-96.5651,direct,0.0500,17.6000,-87.7992
83.2,node[9],1,6468.0429,2815.1646,1.8950,11.3175,0.2467,-2.0602,:227541360_0,-82.7090,-5.0000,100.0000,default,14,rsu(503m),116,2552,0.0180,503,3.5109,2,2,-82.7090,-99.6987,direct,0.0500,17.6000,-87.7982
83.3,node[9],1,6467.5131,2816.1569,1.8950,11.2476,-0.6992,-2.0613,:227541360_0,-78.7481,-3.2077,100.0000,default,14,rsu(502m),117,2574,0.0429,502,3.5096,2,2,-78.7481,-95.7378,direct,0.0500,17.6000,-87.7973
83.4,node[9],1,6466.9828,2817.1500,1.8950,11.2568,0.0918,-2.0613,:227541360_0,-76.0632,1.3331,100.0000,default,14,rsu(501m),118,2596,0.3029,501,3.5213,5,8,-76.0632,-93.0529,direct,0.0500,17.6000,-87.7963
83.5,node[9],1,6466.4505,2818.1467,1.8950,11.2979,0.4111,-2.0613,:227541360_0,-75.7198,2.4933,100.0000,default,14,rsu(500m),119,2618,0.4370,500,3.5200,5,8,-75.7198,-92.7095,direct,0.0500,17.6000,-87.7954
83.6,node[9],1,6465.9169,2819.1461,1.8950,11.3280,0.3015,-2.0613,:227541360_0,-79.2282,-4.7161,100.0000,default,14,rsu(499m),120,2640,0.0207,499,3.5186,2,2,-79.2282,-96.2179,direct,0.0500,17.6000,-87.7944
83.7,node[9],1,6465.3852,2820.1419,1.8950,11.2872,-0.4088,-2.0613,:227541360_0,-85.9968,-5.0000,100.0000,default,14,rsu(498m),121,2661,0.0180,498,3.5173,2,2,-85.9968,-102.9865,direct,0.0500,17.2000,-87.7934
83.8,node[9],1,6464.8524,2821.1397,1.8950,11.3103,0.2312,-2.0613,:227541360_0,-80.4674,-5.0000,100.0000,default,14,rsu(498m),122,2682,0.0180,498,3.5160,2,2,-80.4674,-97.4571,direct,0.0500,17.2000,-87.7925
83.9,node[9],1,6464.3243,2822.1287,1.8950,11.2099,-1.0034,-2.0613,:227541360_0,-86.9845,-5.0000,100.0000,default,14,rsu(497m),123,2703,0.0180,497,3.5146,2,2,-86.9845,-103.9742,direct,0.0500,16.8000,-87.7915
84,node[9],1,6463.7935,2823.1228,1.8950,11.2677,0.5774,-2.0613,:227541360_0,-77.5412,-1.9498,100.0000,default,14,rsu(496m),124,2724,0.0776,496,3.5133,3,4,-77.5412,-94.5309,direct,0.0500,16.8000,-87.7906
84.1,node[9],1,6463.2521,2824.1140,1.8950,11.2946,0.2692,-2.0634,21154898#2,-86.7914,-5.0000,100.0000,default,14,rsu(495m),125,2745,0.0180,495,3.5119,2,2,-86.7914,-103.7811,direct,0.0500,16.8000,-87.7896
84.2,node[9],1,6462.7059,2825.0970,1.8950,11.2458,-0.4877,-2.0671,21154898#2,-78.6955,-3.9075,100.0000,default,14,rsu(494m),126,2766,0.0307,494,3.5105,2,2,-78.6955,-95.6852,direct,0.0500,16.8000,-87.7886
84.3,node[9],1,6462.1582,2826.0826,1.8950,11.2765,0.3064,-2.0709,21154898#2,-84.7068,-5.0000,100.0000,default,14,rsu(493m),127,2787,0.0180,493,3.5091,2,2,-84.7068,-101.6965,direct,0.0500,16.8000,-87.7876
84.4,node[9],1,6461.6080,2827.0727,1.8950,11.3274,0.5098,-2.0747,21154898#2,-77.8359,-0.6540,100.0000,default,15,rsu(492m),128,2808,0.1386,492,3.5207,4,6,-77.8359,-94.8256,direct,0.0500,16.8000,-87.6545
84.5,node[9],1,6461.0614,2828.0564,1.8950,11.2537,-0.7376,-2.0780,21154898#2,-85.9755,-5.0000,100.0000,default,15,rsu(492m),129,2829,0.0180,492,3.5193,2,2,-85.9755,-102.9652,direct,0.0500,16.8000,-87.6528
84.6,node[9],1,6460.5151,2829.0394,1.8950,11.2466,-0.0712,-2.0780,21154898#2,-77.8754,-3.1614,100.0000,default,15,rsu(491m),130,2850,0.0439,491,3.5179,2,2,-77.8754,-94.8651,direct,0.0500,16.8000,-87.6511
84.7,node[9],1,6459.9693,2830.0216,1.8950,11.2370,-0.0955,-2.0780,21154898#2,-75.7390,-1.2942,100.0000,default,15,rsu(490m),131,2871,0.1046,490,3.5165,3,4,-75.7390,-92.7287,direct,0.0500,16.8000,-87.6494
84.8,node[9],1,6459.4249,2831.0012,1.8950,11.2073,-0.2975,-2.0780,21154898#2,-78.4527,-2.0121,100.0000,default,15,rsu(489m),132,2892,0.0754,489,3.5150,3,4,-78.4527,-95.4424,direct,0.0500,16.8000,-87.6476
84.9,node[9],1,6458.8757,2831.9896,1.8950,11.3076,1.0030,-2.0780,21154898#2,-75.9426,-1.9934,100.0000,default,15,rsu(488m),133,2913,0.0761,488,3.5136,3,4,-75.9426,-92.9323,direct,0.0500,16.8000,-87.6459
85,node[9],1,6458.3309,2832.9700,1.8950,11.2171,-0.9048,-2.0780,21154898#2,-82.1025,-3.0190,100.0000,default,15,rsu(487m),134,2934,0.0470,487,3.5121,2,2,-82.1025,-99.0922,direct,0.0500,16.8000,-87.6442
85.1,node[9],1,6457.7810,2833.9596,1.8950,11.3214,1.0434,-2.0780,21154898#2,-78.7987,-1.4134,100.0000,default,15,rsu(486m),135,2955,0.0992,486,3.5107,3,4,-78.7987,-95.7884,direct,0.0500,16.8000,-87.6424
85.2,node[9],1,6457.2369,2834.9387,1.8950,11.2013,-1.2017,-2.0780,21154898#2,-82.6082,-5.0000,100.0000,default,15,rsu(486m),136,2976,0.0180,486,3.5092,2,2,-82.6082,-99.5979,direct,0.0500,16.8000,-87.6407
85.3,node[9],1,6456.6897,2835.9233,1.8950,11.2650,0.6375,-2.0780,21154898#2,-78.1800,-0.2860,100.0000,default,15,rsu(485m),137,2997,0.1621,485,3.5207,4,6,-78.1800,-95.1697,direct,0.0500,16.8000,-87.6390
85.4,node[9],1,6456.1441,2836.9052,1.8950,11.2328,-0.3219,-2.0780,21154898#2,-79.0488,-4.6421,100.0000,default,15,rsu(484m),138,3018,0.0214,484,3.5192,2,2,-79.0488,-96.0385,direct,0.0500,16.8000,-87.6372
85.5,node[9],1,6455.5966,2837.8906,1.8950,11.2739,0.4110,-2.0780,21154898#2,-76.7678,2.2356,100.0000,default,15,rsu(483m),139,3039,0.4056,483,3.5177,5,8,-76.7678,-93.7575,direct,0.0500,16.8000,-87.6355
85.6,node[9],1,6455.0506,2838.8730,1.8950,11.2392,-0.3470,-2.0780,21154898#2,-82.3203,-5.0000,100.0000,default,14,rsu(482m),140,3060,0.0180,482,3.5161,2,2,-82.3203,-99.3100,direct,0.0500,16.8000,-87.7646
85.7,node[9],1,6454.5063,2839.8526,1.8950,11.2070,-0.3219,-2.0780,21154898#2,-79.9718,-5.0000,100.0000,default,14,rsu(481m),141,3081,0.0180,481,3.5146,2,2,-79.9718,-96.9615,direct,0.0500,16.8000,-87.7629
85.8,node[9],1,6453.9584,2840.8385,1.8950,11.2797,0.7267,-2.0780,21154898#2,-77.0783,-1.7449,100.0000,default,14,rsu(481m),142,3102,0.0853,481,3.5131,3,4,-77.0783,-94.0680,direct,0.0500,16.8000,-87.7611
85.9,node[9],1,6453.4107,2841.8241,1.8950,11.2760,-0.0371,-2.0780,21154898#2,-77.6909,-2.0446,100.0000,default,14,rsu(480m),143,3123,0.0743,480,3.5115,3,4,-77.6909,-94.6806,direct,0.0500,16.8000,-87.7594
86,node[9],1,6452.8622,2842.8112,1.8950,11.2927,0.1672,-2.0780,21154898#2,-78.2330,-3.8045,100.0000,default,14,rsu(479m),144,3144,0.0322,479,3.5099,2,2,-78.2330,-95.2227,direct,0.0500,16.8000,-87.7576
86.1,node[9],1,6452.3134,2843.7987,1.8950,11.2979,0.0523,-2.0780,21154898#2,-84.7669,-5.0000,100.0000,default,14,rsu(478m),145,3165,0.0180,478,3.5213,2,2,-84.7669,-101.7566,direct,0.0500,16.8000,-87.7559
86.2,node[9],1,6451.7633,2844.7888,1.8950,11.3272,0.2930,-2.0780,21154898#2,-80.2100,-1.6256,100.0000,default,14,rsu(477m),146,3186,0.0901,477,3.5198,3,4,-80.2100,-97.1997,direct,0.0500,16.8000,-87.7541
86.3,node[9],1,6451.2155,2845.7745,1.8950,11.2776,-0.4967,-2.0780,21154898#2,-81.1090,-4.9046,100.0000,default,14,rsu(476m),147,3207,0.0188,476,3.5181,2,2,-81.1090,-98.0988,direct,0.0500,16.8000,-87.7524
86.4,node[9],1,6450.6681,2846.7595,1.8950,11.2689,-0.0863,-2.0780,21154898#2,-78.5035,-0.5532,100.0000,default,14,rsu(476m),148,3228,0.1447,476,3.5165,4,6,-78.5035,-95.4932,direct,0.0500,16.8000,-87.7507
86.5,node[9],1,6450.1218,2847.7426,1.8950,11.2477,-0.2128,-2.0780,21154898#2,-80.6405,-1.3183,100.0000,default,14,rsu(475m),149,3249,0.1035,475,3.5149,3,4,-80.6405,-97.6302,direct,0.0500,16.8000,-87.7490
86.6,node[9],1,6449.5729,2848.7305,1.8950,11.3021,0.5442,-2.0780,21154898#2,-77.7817,-2.2831,100.0000,default,14,rsu(474m),150,3270,0.0665,474,3.5133,3,4,-77.7817,-94.7714,direct,0.0500,16.8000,-87.7473
86.7,node[9],1,6449.0262,2849.7142,1.8950,11.2542,-0.4785,-2.0780,21154898#2,-76.8535,0.7455,100.0000,default,14,rsu(473m),151,3291,0.2447,473,3.5116,4,6,-76.8535,-93.8432,direct,0.0500,16.8000,-87.7456
86.8,node[9],1,6448.4809,2850.6955,1.8950,11.2271,-0.2712,-2.0780,21154898#2,-77.4697,1.4949,100.0000,default,14,rsu(472m),152,3312,0.3203,472,3.5100,5,8,-77.4697,-94.4594,direct,0.0500,16.8000,-87.7439
86.9,node[9],1,6447.9355,2851.6770,1.8950,11.2284,0.0134,-2.0780,21154898#2,-75.9196,-0.9287,100.0000,default,14,rsu(471m),153,3333,0.1230,471,3.5213,4,6,-75.9196,-92.9093,direct,0.0500,16.8000,-87.7422
87,node[9],1,6447.3895,2852.6595,1.8950,11.2406,0.1216,-2.0780,21154898#2,-74.7287,0.8999,100.0000,default,14,rsu(471m),154,3354,0.2592,471,3.5197,4,6,-74.7287,-91.7184,direct,0.0500,16.8000,-87.7405
87.1,node[9],1,6446.8431,2853.6428,1.8950,11.2499,0.0932,-2.0780,21154898#2,-80.2412,-5.0000,100.0000,default,14,rsu(470m),155,3375,0.0180,470,3.5180,2,2,-80.2412,-97.2309,direct,0.0500,16.8000,-87.7388
87.2,node[9],1,6446.2932,2854.6324,1.8950,11.3221,0.7217,-2.0780,21154898#2,-79.1850,-1.4246,100.0000,default,14,rsu(469m),156,3396,0.0987,469,3.5163,3,4,-79.1850,-96.1747,direct,0.0500,16.8000,-87.7371
87.3,node[9],1,6445.7468,2855.6156,1.8950,11.2485,-0.7358,-2.0780,21154898#2,-83.1319,-5.0000,100.0000,default,14,rsu(468m),157,3417,0.0180,468,3.5146,2,2,-83.1319,-100.1216,direct,0.0500,16.8000,-87.7354
87.4,node[9],1,6445.1976,2856.6041,1.8950,11.3080,0.5955,-2.0780,21154898#2,-87.1422,-5.0000,100.0000,default,14,rsu(467m),158,3438,0.0180,467,3.5129,2,2,-87.1422,-104.1319,direct,0.0500,16.8000,-87.7336
87.5,node[9],1,6444.6496,2857.5902,1.8950,11.2820,-0.2602,-2.0780,21154898#2,-77.5951,1.2635,100.0000,default,14,rsu(466m),159,3459,0.2956,466,3.5112,5,8,-77.5951,-94.5848,direct,0.0500,16.8000,-87.7319
87.6,node[9],1,6444.1048,2858.5705,1.8950,11.2154,-0.6666,-2.0780,21154898#2,-83.6552,-5.0000,100.0000,default,14,rsu(466m),160,3480,0.0180,466,3.5095,2,2,-83.6552,-100.6449,direct,0.0500,16.8000,-87.7302
87.7,node[9],1,6443.5556,2859.5589,1.8950,11.3082,0.9285,-2.0780,21154898#2,-80.2744,-3.9403,100.0000,default,14,rsu(465m),161,3501,0.0302,465,3.5208,2,2,-80.2744,-97.2641,direct,0.0500,16.8000,-87.7284
87.8,node[9],1,6443.0098,2860.5410,1.8950,11.2356,-0.7259,-2.0780,21154898#2,-80.6070,-3.3675,100.0000,default,14,rsu(464m),162,3522,0.0398,464,3.5190,2,2,-80.6070,-97.5967,direct,0.0500,16.8000,-87.7266
87.9,node[9],1,6442.4642,2861.5228,1.8950,11.2332,-0.0241,-2.0780,21154898#2,-73.8808,0.9990,100.0000,default,14,rsu(463m),163,3543,0.2688,463,3.5173,4,6,-73.8808,-90.8705,direct,0.0500,16.8000,-87.7249
88,node[9],1,6441.9170,2862.5075,1.8950,11.2653,0.3209,-2.0780,21154898#2,-76.1046,1.5548,100.0000,default,14,rsu(462m),164,3564,0.3268,462,3.5155,5,8,-76.1046,-93.0943,direct,0.0500,16.8000,-87.7231
88.1,node[9],1,6441.3692,2863.4934,1.8950,11.2787,0.1340,-2.0780,21154898#2,-86.9562,-5.0000,100.0000,default,14,rsu(462m),165,3585,0.0180,462,3.5138,2,2,-86.9562,-103.9459,direct,0.0500,16.8000,-87.7213
88.2,node[9],1,6440.8211,2864.4797,1.8950,11.2842,0.0549,-2.0780,21154898#2,-83.4329,-5.0000,100.0000,default,14,rsu(461m),166,3606,0.0180,461,3.5120,2,2,-83.4329,-100.4226,direct,0.0500,16.8000,-87.7194
88.3,node[9],1,6440.2749,2865.4625,1.8950,11.2442,-0.3995,-2.0780,21154898#2,-71.7303,4.6874,100.0000,default,14,rsu(460m),167,3627,0.6992,460,3.5103,6,10,-71.7303,-88.7200,direct,0.0500,16.8000,-87.7177
88.4,node[9],1,6439.7266,2866.4493,1.8950,11.2898,0.4554,-2.0780,21154898#2,-85.0097,-5.0000,100.0000,default,14,rsu(459m),168,3648,0.0180,459,3.5215,2,2,-85.0097,-101.9994,direct,0.0500,16.8000,-87.7159
88.5,node[9],1,6439.1904,2867.4142,1.8950,11.0388,-2.5094,-2.0780,21154898#2,-74.9190,3.9936,100.0000,default,14,rsu(458m),169,3669,0.6217,458,3.5197,6,10,-74.9190,-91.9087,direct,0.0500,16.8000,-87.7141
88.6,node[9],1,6438.6761,2868.3397,1.8950,10.5888,-4.5000,-2.0780,21154898#2,-79.4659,-0.4257,100.0000,default,14,rsu(458m),170,3690,0.1528,458,3.5179,4,6,-79.4659,-96.4556,direct,0.0500,16.8000,-87.7124
88.7,node[9],1,6438.1819,2869.2291,1.8950,10.1748,-4.1401,-2.0780,21154898#2,-83.3827,-5.0000,100.0000,default,14,rsu(457m),171,3711,0.0180,457,3.5161,2,2,-83.3827,-100.3724,direct,0.0500,16.8000,-87.7108
88.8,node[9],1,6437.7095,2870.0791,1.8950,9.7248,-4.5000,-2.0780,21154898#2,-80.4884,-1.5645,100.0000,default,14,rsu(456m),172,3732,0.0926,456,3.5143,3,4,-80.4884,-97.4781,direct,0.0500,16.8000,-87.7093
88.9,node[9],1,6437.2589,2870.8901,1.8950,9.2784,-4.4647,-2.0780,21154898#2,-81.2090,-2.0054,100.0000,default,14,rsu(455m),173,3753,0.0757,455,3.5125,3,4,-81.2090,-98.1987,direct,0.0500,16.8000,-87.7078
89,node[9],1,6436.8300,2871.6618,1.8950,8.8284,-4.5000,-2.0780,21154898#2,-77.0870,0.2597,100.0000,default,14,rsu(455m),174,3774,0.2026,455,3.5107,4,6,-77.0870,-94.0767,direct,0.0500,16.8000,-87.7064
89.1,node[9],1,6436.4231,2872.3941,1.8950,8.3784,-4.5000,-2.0780,21154898#2,-85.5127,-5.0000,100.0000,default,14,rsu(454m),175,3795,0.0180,454,3.5089,2,2,-85.5127,-102.5024,direct,0.0500,16.8000,-87.7051
89.2,node[9],1,6436.0380,2873.0871,1.8950,7.9284,-4.5000,-2.0780,21154898#2,-75.5849,-0.1808,100.0000,default,14,rsu(454m),176,3816,0.1693,454,3.5201,4,6,-75.5849,-92.5746,direct,0.0500,16.8000,-87.7038
89.3,node[9],1,6435.6748,2873.7408,1.8950,7.4784,-4.5000,-2.0780,21154898#2,-75.1316,0.3952,100.0000,default,14,rsu(453m),177,3837,0.2138,453,3.5183,4,6,-75.1316,-92.1213,direct,0.0500,16.8000,-87.7026
89.4,node[9],1,6435.3334,2874.3551,1.8950,7.0284,-4.5000,-2.0780,21154898#2,-80.4810,-5.0000,100.0000,default,14,rsu(453m),178,3858,0.0180,453,3.5165,2,2,-80.4810,-97.4707,direct,0.0500,16.8000,-87.7014
89.5,node[9],1,6435.0138,2874.9301,1.8950,6.5784,-4.5000,-2.0780,21154898#2,-77.0589,-0.9858,100.0000,default,14,rsu(452m),179,3879,0.1199,452,3.5147,4,6,-77.0589,-94.0486,direct,0.0500,16.8000,-87.7003
89.6,node[9],1,6434.7162,2875.4658,1.8950,6.1284,-4.5000,-2.0780,21154898#2,-77.9306,1.3361,100.0000,default,14,rsu(452m),180,3900,0.3032,452,3.5129,5,8,-77.9306,-94.9203,direct,0.0500,16.8000,-87.6993
89.7,node[9],1,6434.4059,2876.0241,1.8950,6.3884,2.6000,-2.0780,21154898#2,-76.6832,1.4426,100.0000,default,14,rsu(451m),181,3921,0.3146,451,3.5110,5,8,-76.6832,-93.6729,direct,0.0500,16.8000,-87.6982
89.8,node[9],1,6434.0830,2876.6053,1.8950,6.6484,2.6000,-2.0780,21154898#2,-79.2697,-1.5228,100.0000,default,14,rsu(451m),182,3942,0.0944,451,3.5092,3,4,-79.2697,-96.2594,direct,0.0500,16.8000,-87.6970
89.9,node[9],1,6433.7474,2877.2091,1.8950,6.9084,2.6000,-2.0780,21154898#2,-87.0469,-5.0000,100.0000,default,14,rsu(450m),183,3963,0.0180,450,3.5204,2,2,-87.0469,-104.0366,direct,0.0500,16.8000,-87.6958
90,node[9],1,6433.3992,2877.8357,1.8950,7.1684,2.6000,-2.0780,21154898#2,-82.7819,-3.9333,100.0000,default,14,rsu(450m),184,3984,0.0303,450,3.5186,2,2,-82.7819,-99.7716,direct,0.0500,16.8000,-87.6946
90.1,node[9],1,6433.0384,2878.4850,1.8950,7.4284,2.6000,-2.0780,21154898#2,-81.8145,-5.0000,100.0000,default,14,rsu(449m),185,4005,0.0180,449,3.5167,2,2,-81.8145,-98.8042,direct,0.0500,16.8000,-87.6933
90.2,node[9],1,6432.6680,2879.1559,1.8950,7.6629,2.3452,-2.0776,:227541367_1,-86.8568,-5.0000,100.0000,default,14,rsu(449m),186,4026,0.0180,449,3.5149,2,2,-86.8568,-103.8465,direct,0.0500,16.8000,-87.6920
90.3,node[9],1,6432.2948,2879.8420,1.8950,7.8061,1.4318,-2.0762,:227541367_1,-81.3636,-3.3288,100.0000,default,14,rsu(448m),187,4047,0.0405,448,3.5131,2,2,-81.3636,-98.3533,direct,0.0500,16.8000,-87.6906
90.4,node[9],1,6431.9096,2880.5501,1.8950,8.0571,2.5100,-2.0747,:227541367_1,-82.4864,-4.6155,100.0000,default,14,rsu(448m),188,4068,0.0217,448,3.5112,2,2,-82.4864,-99.4761,direct,0.0500,16.8000,-87.6892
90.5,node[9],1,6431.5154,2881.2748,1.8950,8.2453,1.8821,-2.0732,:227541367_1,-78.7083,0.3939,100.0000,default,14,rsu(447m),189,4089,0.2137,447,3.5094,4,6,-78.7083,-95.6980,direct,0.0500,16.8000,-87.6878
90.6,node[9],1,6431.1094,2882.0212,1.8950,8.4924,2.4714,-2.0717,:227541367_1,-83.9509,-5.0000,100.0000,default,14,rsu(446m),190,4110,0.0180,446,3.5205,2,2,-83.9509,-100.9406,direct,0.0500,16.8000,-87.6863
90.7,node[9],1,6430.6920,2882.7886,1.8950,8.7306,2.3822,-2.0701,:227541367_1,-76.9656,-2.8527,100.0000,default,14,rsu(446m),191,4131,0.0509,446,3.5187,3,4,-76.9656,-93.9553,direct,0.0500,16.8000,-87.6848
90.8,node[9],1,6430.2666,2883.5707,1.8950,8.8989,1.6824,-2.0690,:227541367_1,-77.5474,-2.3198,100.0000,default,14,rsu(445m),192,4152,0.0654,445,3.5168,3,4,-77.5474,-94.5371,direct,0.0500,16.8000,-87.6833
90.9,node[9],1,6429.8345,2884.3651,1.8950,9.0381,1.3925,-2.0690,:227541367_1,-84.5145,-5.0000,100.0000,default,14,rsu(445m),193,4173,0.0180,445,3.5150,2,2,-84.5145,-101.5042,direct,0.0500,16.8000,-87.6817
91,node[9],1,6429.3923,2885.1780,1.8950,9.2490,2.1092,-2.0690,:227541367_1,-74.9859,1.9401,100.0000,default,14,rsu(444m),194,4194,0.3705,444,3.5131,5,8,-74.9859,-91.9756,direct,0.0500,16.8000,-87.6800
91.1,node[9],1,6428.9411,2886.0075,1.8950,9.4386,1.8953,-2.0690,:227541367_1,-81.5038,-5.0000,100.0000,default,14,rsu(443m),195,4215,0.0180,443,3.5112,2,2,-81.5038,-98.4935,direct,0.0500,16.8000,-87.6784
91.2,node[9],1,6428.4794,2886.8564,1.8950,9.6580,2.1943,-2.0690,:227541367_1,-78.4053,-1.6985,100.0000,default,14,rsu(443m),196,4237,0.0871,443,3.5130,3,4,-78.4053,-95.3950,direct,0.0500,16.8000,-87.6767
91.3,node[9],1,6428.0055,2887.7276,1.8950,9.9126,2.5457,-2.0690,:227541367_1,-79.3301,-0.2302,100.0000,default,14,rsu(442m),197,4259,0.1659,442,3.5148,4,6,-79.3301,-96.3198,direct,0.0500,17.6000,-87.6749
91.4,node[9],1,6427.5204,2888.6195,1.8950,10.1472,2.3466,-2.0690,:227541367_1,-81.4113,-3.7210,100.0000,default,14,rsu(441m),198,4281,0.0336,441,3.5166,2,2,-81.4113,-98.4010,direct,0.0500,17.6000,-87.6731
91.5,node[9],1,6427.0261,2889.5282,1.8950,10.3390,1.9177,-2.0690,:227541367_1,-77.4676,-2.1018,100.0000,default,14,rsu(441m),199,4303,0.0724,441,3.5183,3,4,-77.4676,-94.4573,direct,0.0500,17.6000,-87.6713
91.6,node[9],1,6426.5252,2890.4490,1.8950,10.4768,1.3786,-2.0690,:227541367_1,-83.3633,-5.0000,100.0000,default,14,rsu(440m),200,4325,0.0180,440,3.5200,2,2,-83.3633,-100.3530,direct,0.0500,17.6000,-87.6694
91.7,node[9],1,6426.0159,2891.3854,1.8950,10.6536,1.7678,-2.0690,:227541367_1,-77.0900,-0.9955,100.0000,default,14,rsu(439m),201,4347,0.1194,439,3.5217,4,6,-77.0900,-94.0797,direct,0.0500,17.6000,-87.6675
91.8,node[9],1,6425.5037,2892.3435,1.8950,10.8637,2.1008,-2.0674,21154898#3,-81.2876,-5.0000,100.0000,default,14,rsu(438m),202,4369,0.0180,438,3.5103,2,2,-81.2876,-98.2773,direct,0.0500,17.6000,-87.6655
91.9,node[9],1,6424.9828,2893.3223,1.8950,11.0883,2.2458,-2.0654,21154898#3,-74.8327,4.5461,100.0000,default,14,rsu(438m),203,4391,0.6842,438,3.5120,6,10,-74.8327,-91.8224,direct,0.0500,17.6000,-87.6635
92,node[9],1,6424.4509,2894.3218,1.8950,11.3235,2.3517,-2.0633,21154898#3,-71.6805,3.9528,100.0000,default,14,rsu(437m),204,4413,0.6169,437,3.5136,6,10,-71.6805,-88.6702,direct,0.0500,17.6000,-87.6615
92.1,node[9],1,6423.9224,2895.3148,1.8950,11.2496,-0.7390,-2.0613,21154898#3,-75.4755,3.7134,100.0000,default,14,rsu(436m),205,4435,0.5882,436,3.5151,6,10,-75.4755,-92.4652,direct,0.0500,17.6000,-87.6594
92.2,node[9],1,6423.3937,2896.3082,1.8950,11.2539,0.0439,-2.0599,21154898#3,-77.3813,-2.1377,100.0000,default,14,rsu(435m),206,4457,0.0712,435,3.5167,3,4,-77.3813,-94.3710,direct,0.0500,17.6000,-87.6573
92.3,node[9],1,6422.8666,2897.2987,1.8950,11.2207,-0.3324,-2.0599,21154898#3,-82.3028,-5.0000,100.0000,default,14,rsu(435m),207,4479,0.0180,435,3.5182,2,2,-82.3028,-99.2925,direct,0.0500,17.6000,-87.6553
92.4,node[9],1,6422.3403,2898.2877,1.8950,11.2048,-0.1591,-2.0599,21154898#3,-76.1090,-1.9799,100.0000,default,14,rsu(434m),208,4501,0.0766,434,3.5197,3,4,-76.1090,-93.0987,direct,0.0500,17.6000,-87.6532
92.5,node[9],1,6421.8121,2899.2802,1.8950,11.2431,0.3828,-2.0599,21154898#3,-78.4402,-2.7120,100.0000,default,14,rsu(433m),209,4523,0.0544,433,3.5212,3,4,-78.4402,-95.4299,direct,0.0500,17.6000,-87.6511
92.6,node[9],1,6421.2799,2900.2802,1.8950,11.3294,0.8632,-2.0599,21154898#3,-78.6736,-3.3427,100.0000,default,14,rsu(432m),210,4545,0.0403,432,3.5097,2,2,-78.6736,-95.6633,direct,0.0500,17.6000,-87.6489
92.7,node[9],1,6420.7518,2901.2727,1.8950,11.2428,-0.8659,-2.0599,21154898#3,-69.4102,9.8959,100.0000,default,14,rsu(432m),211,4567,0.9692,432,3.5111,9,16,-69.4102,-86.3999,direct,0.0500,17.6000,-87.6468
92.8,node[9],1,6420.2237,2902.2649,1.8950,11.2406,-0.0219,-2.0599,21154898#3,-86.9092,-5.0000,100.0000,default,14,rsu(431m),212,4589,0.0180,431,3.5125,2,2,-86.9092,-103.8989,direct,0.0500,17.6000,-87.6447
92.9,node[9],1,6419.6963,2903.2560,1.8950,11.2278,-0.1284,-2.0599,21154898#3,-74.7795,3.7347,100.0000,default,14,rsu(430m),213,4611,0.5908,430,3.5139,6,10,-74.7795,-91.7692,direct,0.0500,17.6000,-87.6425
93,node[9],1,6419.1695,2904.2458,1.8950,11.2134,-0.1439,-2.0599,21154898#3,-78.6894,-4.3818,100.0000,default,14,rsu(429m),214,4633,0.0243,429,3.5153,2,2,-78.6894,-95.6791,direct,0.0500,17.6000,-87.6403
93.1,node[9],1,6418.6422,2905.2367,1.8950,11.2262,0.1283,-2.0599,21154898#3,-80.0108,-1.2973,100.0000,default,14,rsu(429m),215,4655,0.1045,429,3.5166,3,4,-80.0108,-97.0005,direct,0.0500,17.6000,-87.6381
93.2,node[9],1,6418.1148,2906.2278,1.8950,11.2270,0.0081,-2.0599,21154898#3,-84.2949,-5.0000,100.0000,default,14,rsu(428m),216,4677,0.0180,428,3.5180,2,2,-84.2949,-101.2846,direct,0.0500,17.6000,-87.6359
93.3,node[9],1,6417.5828,2907.2274,1.8950,11.3250,0.9796,-2.0599,21154898#3,-77.5014,0.7620,100.0000,default,14,rsu(427m),217,4699,0.2462,427,3.5193,4,6,-77.5014,-94.4911,direct,0.0500,17.6000,-87.6337
93.4,node[9],1,6417.0546,2908.2199,1.8950,11.2437,-0.8126,-2.0599,21154898#3,-76.1705,2.6149,100.0000,default,14,rsu(427m),218,4721,0.4520,427,3.5206,5,8,-76.1705,-93.1602,direct,0.0500,17.6000,-87.6314
93.5,node[9],1,6416.5228,2909.2192,1.8950,11.3203,0.7657,-2.0599,21154898#3,-80.4343,-2.9960,100.0000,default,14,rsu(426m),219,4743,0.0475,426,3.5089,3,4,-80.4343,-97.4240,direct,0.0500,17.6000,-87.6291
93.6,node[9],1,6415.9955,2910.2100,1.8950,11.2249,-0.9537,-2.0599,21154898#3,-97.4531,-5.0000,100.0000,default,14,rsu(425m),220,4765,0.0180,425,3.5102,2,2,-97.4531,-114.4428,direct,0.0500,17.6000,-87.6269
93.7,node[9],1,6415.4687,2911.2000,1.8950,11.2149,-0.1001,-2.0599,21154898#3,-88.2503,-5.0000,100.0000,default,14,rsu(424m),221,4787,0.0180,424,3.5114,2,2,-88.2503,-105.2400,direct,0.0500,17.6000,-87.6246
93.8,node[9],1,6414.9374,2912.1982,1.8950,11.3091,0.9417,-2.0599,21154898#3,-75.0844,1.9564,100.0000,default,14,rsu(424m),222,4809,0.3724,424,3.5127,5,8,-75.0844,-92.0741,direct,0.0500,17.6000,-87.6222
93.9,node[9],1,6414.4104,2913.1886,1.8950,11.2191,-0.8998,-2.0599,21154898#3,-77.0755,-1.8750,100.0000,default,14,rsu(423m),223,4831,0.0804,423,3.5139,3,4,-77.0755,-94.0652,direct,0.0500,17.6000,-87.6199
94,node[9],1,6413.8797,2914.1858,1.8950,11.2970,0.7790,-2.0599,21154898#3,-73.9226,4.0709,100.0000,default,14,rsu(422m),224,4853,0.6308,422,3.5151,6,10,-73.9226,-90.9123,direct,0.0500,17.6000,-87.6175
94.1,node[9],1,6413.3514,2915.1785,1.8950,11.2462,-0.5077,-2.0599,21154898#3,-75.4325,1.2280,100.0000,default,14,rsu(421m),225,4875,0.2919,421,3.5164,5,8,-75.4325,-92.4222,direct,0.0500,17.6000,-87.6152
94.2,node[9],1,6412.8222,2916.1729,1.8950,11.2650,0.1876,-2.0599,21154898#3,-79.9037,-5.0000,100.0000,default,14,rsu(421m),226,4897,0.0180,421,3.5176,2,2,-79.9037,-96.8934,direct,0.0500,17.6000,-87.6128
94.3,node[9],1,6412.2909,2917.1712,1.8950,11.3096,0.4465,-2.0599,21154898#3,-80.0881,-1.1974,100.0000,default,14,rsu(420m),227,4919,0.1092,420,3.5188,3,4,-80.0881,-97.0778,direct,0.0500,17.6000,-87.6104
94.4,node[9],1,6411.7644,2918.1607,1.8950,11.2095,-1.0016,-2.0599,21154898#3,-78.0778,0.0040,100.0000,default,14,rsu(419m),228,4941,0.1827,419,3.5199,4,6,-78.0778,-95.0675,direct,0.0500,17.6000,-87.6080
94.5,node[9],1,6411.2376,2919.1505,1.8950,11.2132,0.0376,-2.0599,21154898#3,-81.3790,-5.0000,100.0000,default,14,rsu(419m),229,4963,0.0180,419,3.5211,2,2,-81.3790,-98.3687,direct,0.0500,17.6000,-87.6056
94.6,node[9],1,6410.7084,2920.1448,1.8950,11.2647,0.5149,-2.0599,21154898#3,-80.1131,-1.2952,100.0000,default,14,rsu(418m),230,4985,0.1046,418,3.5093,3,4,-80.1131,-97.1028,direct,0.0500,17.6000,-87.6031
94.7,node[9],1,6410.1782,2921.1411,1.8950,11.2869,0.2218,-2.0599,21154898#3,-77.2885,0.4055,100.0000,default,14,rsu(417m),231,5007,0.2146,417,3.5105,4,6,-77.2885,-94.2782,direct,0.0500,17.6000,-87.6006
94.8,node[9],1,6409.6472,2922.1390,1.8950,11.3047,0.1776,-2.0599,21154898#3,-79.2733,-5.0000,100.0000,default,14,rsu(416m),232,5029,0.0180,416,3.5116,2,2,-79.2733,-96.2630,direct,0.0500,17.6000,-87.5981
94.9,node[9],1,6409.1169,2923.1355,1.8950,11.2887,-0.1601,-2.0599,21154898#3,-73.7619,5.1371,100.0000,default,14,rsu(416m),233,5051,0.7443,416,3.5128,7,12,-73.7619,-90.7516,direct,0.0500,17.6000,-87.5956
95,node[9],1,6408.5887,2924.1279,1.8950,11.2425,-0.4612,-2.0599,21154898#3,-77.1100,-0.1764,100.0000,default,14,rsu(415m),234,5073,0.1696,415,3.5139,4,6,-77.1100,-94.0997,direct,0.0500,17.6000,-87.5931
95.1,node[9],1,6408.0621,2925.1174,1.8950,11.2102,-0.3237,-2.0599,21154898#3,-78.7638,-1.7435,100.0000,default,14,rsu(414m),235,5095,0.0854,414,3.5151,3,4,-78.7638,-95.7535,direct,0.0500,17.6000,-87.5906
95.2,node[9],1,6407.5318,2926.1139,1.8950,11.2888,0.7865,-2.0599,21154898#3,-98.9271,-5.0000,100.0000,default,14,rsu(414m),236,5117,0.0180,414,3.5163,2,2,-98.9271,-115.9168,direct,0.0500,17.6000,-87.5880
95.3,node[9],1,6407.0025,2927.1084,1.8950,11.2672,-0.2162,-2.0599,21154898#3,-79.4438,-3.8822,100.0000,default,14,rsu(413m),237,5139,0.0310,413,3.5174,2,2,-79.4438,-96.4335,direct,0.0500,17.6000,-87.5855
95.4,node[9],1,6406.4751,2928.0995,1.8950,11.2274,-0.3980,-2.0599,21154898#3,-77.4699,-2.4226,100.0000,default,14,rsu(412m),238,5161,0.0623,412,3.5185,3,4,-77.4699,-94.4596,direct,0.0500,17.6000,-87.5829
95.5,node[9],1,6405.9485,2929.0891,1.8950,11.2108,-0.1662,-2.0599,21154898#3,-79.8579,-1.2428,100.0000,default,14,rsu(412m),239,5183,0.1070,412,3.5197,3,4,-79.8579,-96.8476,direct,0.0500,17.6000,-87.5803
95.6,node[9],1,6405.4208,2930.0807,1.8950,11.2334,0.2261,-2.0599,21154898#3,-87.2771,-5.0000,100.0000,default,14,rsu(411m),240,5205,0.0180,411,3.5208,2,2,-87.2771,-104.2668,direct,0.0500,17.6000,-87.5777
95.7,node[9],1,6404.8899,2931.0783,1.8950,11.3016,0.6824,-2.0599,21154898#3,-81.9267,-3.7273,100.0000,default,14,rsu(410m),241,5227,0.0335,410,3.5090,2,2,-81.9267,-98.9164,direct,0.0500,17.6000,-87.5750
95.8,node[9],1,6404.3585,2932.0767,1.8950,11.3111,0.0949,-2.0599,21154898#3,-79.6251,-4.5213,100.0000,default,14,rsu(410m),242,5249,0.0227,410,3.5101,2,2,-79.6251,-96.6148,direct,0.0500,17.6000,-87.5723
95.9,node[9],1,6403.8272,2933.0751,1.8950,11.3104,-0.0070,-2.0599,21154898#3,-82.4227,-3.7307,100.0000,default,14,rsu(409m),243,5271,0.0334,409,3.5112,2,2,-82.4227,-99.4124,direct,0.0500,17.6000,-87.5696
96,node[9],1,6403.2998,2934.0662,1.8950,11.2273,-0.8313,-2.0599,21154898#3,-74.9928,1.7787,100.0000,default,14,rsu(408m),244,5293,0.3519,408,3.5124,5,8,-74.9928,-91.9825,direct,0.0500,17.6000,-87.5670
96.1,node[9],1,6402.7677,2935.0660,1.8950,11.3265,0.9919,-2.0599,21154898#3,-77.9830,-2.2249,100.0000,default,14,rsu(407m),245,5315,0.0683,407,3.5135,3,4,-77.9830,-94.9727,direct,0.0500,17.6000,-87.5642
96.2,node[9],1,6402.2367,2936.0637,1.8950,11.3029,-0.2361,-2.0599,21154898#3,-74.5412,3.8167,100.0000,default,14,rsu(407m),246,5337,0.6007,407,3.5147,6,10,-74.5412,-91.5309,direct,0.0500,17.6000,-87.5615
96.3,node[9],1,6401.7102,2937.0531,1.8950,11.2089,-0.9397,-2.0599,21154898#3,-75.6011,0.4930,100.0000,default,14,rsu(406m),247,5359,0.2221,406,3.5158,4,6,-75.6011,-92.5908,direct,0.0500,17.6000,-87.5587
96.4,node[9],1,6401.1817,2938.0462,1.8950,11.2503,0.4139,-2.0599,21154898#3,-83.3678,-5.0000,100.0000,default,14,rsu(405m),248,5381,0.0180,405,3.5169,2,2,-83.3678,-100.3575,direct,0.0500,17.6000,-87.5559
96.5,node[9],1,6400.6507,2939.0440,1.8950,11.3033,0.5299,-2.0599,21154898#3,-76.7143,-1.9984,100.0000,default,14,rsu(405m),249,5403,0.0759,405,3.5181,3,4,-76.7143,-93.7040,direct,0.0500,17.6000,-87.5531
96.6,node[9],1,6400.1225,2940.0366,1.8950,11.2449,-0.5835,-2.0599,21154898#3,-86.2644,-5.0000,100.0000,default,14,rsu(404m),250,5425,0.0180,404,3.5192,2,2,-86.2644,-103.2541,direct,0.0500,17.6000,-87.5503
96.7,node[9],1,6399.5905,2941.0361,1.8950,11.3233,0.7839,-2.0599,21154898#3,-82.9957,-5.0000,100.0000,default,14,rsu(403m),251,5447,0.0180,403,3.5204,2,2,-82.9957,-99.9854,direct,0.0500,17.6000,-87.5475
96.8,node[9],1,6399.0636,2942.0263,1.8950,11.2181,-1.0519,-2.0599,21154898#3,-77.3756,-1.2326,100.0000,default,14,rsu(403m),252,5469,0.1075,403,3.5086,3,4,-77.3756,-94.3653,direct,0.0500,17.6000,-87.5446
96.9,node[9],1,6398.5321,2943.0250,1.8950,11.3138,0.9569,-2.0599,21154898#3,-92.5817,-5.0000,100.0000,default,14,rsu(402m),253,5491,0.0180,402,3.5097,2,2,-92.5817,-109.5714,direct,0.0500,17.6000,-87.5417
97,node[9],1,6398.0051,2944.0152,1.8950,11.2175,-0.9629,-2.0599,21154898#3,-78.6305,-0.6643,100.0000,default,14,rsu(401m),254,5513,0.1380,401,3.5109,4,6,-78.6305,-95.6202,direct,0.0500,17.6000,-87.5389
97.1,node[9],1,6397.4731,2945.0150,1.8950,11.3262,1.0863,-2.0599,21154898#3,-80.2959,-4.8081,100.0000,default,14,rsu(401m),255,5535,0.0198,401,3.5121,2,2,-80.2959,-97.2856,direct,0.0500,17.6000,-87.5359
97.2,node[9],1,6396.9455,2946.0063,1.8950,11.2301,-0.9611,-2.0599,21154898#3,-75.4372,3.4013,100.0000,default,14,rsu(400m),256,5557,0.5500,400,3.5133,6,10,-75.4372,-92.4269,direct,0.0500,17.6000,-87.5330
97.3,node[9],1,6396.4192,2946.9952,1.8950,11.2033,-0.2678,-2.0599,21154898#3,-79.0873,-2.1828,100.0000,default,14,rsu(399m),257,5579,0.0697,399,3.5145,3,4,-79.0873,-96.0770,direct,0.0500,17.6000,-87.5301
97.4,node[9],1,6395.8883,2947.9928,1.8950,11.3015,0.9820,-2.0599,21154898#3,-89.0541,-5.0000,100.0000,default,14,rsu(399m),258,5601,0.0180,399,3.5157,2,2,-89.0541,-106.0438,direct,0.0500,17.6000,-87.5271
97.5,node[9],1,6395.3564,2948.9924,1.8950,11.3245,0.2300,-2.0599,21154898#3,-78.6439,-0.8635,100.0000,default,14,rsu(398m),259,5623,0.1266,398,3.5169,4,6,-78.6439,-95.6336,direct,0.0500,17.6000,-87.5241
97.6,node[9],1,6394.8272,2949.9867,1.8950,11.2637,-0.6080,-2.0599,21154898#3,-74.5761,4.1990,100.0000,default,14,rsu(397m),260,5645,0.6455,397,3.5181,6,10,-74.5761,-91.5658,direct,0.0500,17.6000,-87.5211
97.7,node[9],1,6394.2996,2950.9782,1.8950,11.2324,-0.3125,-2.0599,21154898#3,-73.0650,6.0668,100.0000,default,14,rsu(397m),261,5668,0.8225,397,3.5171,7,12,-73.0650,-90.0547,direct,0.0500,18.0000,-87.5181
97.8,node[9],1,6393.7719,2951.9698,1.8950,11.2340,0.0157,-2.0599,21154898#3,-73.2875,4.9748,100.0000,default,14,rsu(396m),262,5691,0.7286,396,3.5162,6,10,-73.2875,-90.2772,direct,0.0500,18.0000,-87.5150
97.9,node[9],1,6393.2421,2952.9652,1.8950,11.2764,0.4239,-2.0599,21154898#3,-77.8402,-3.2676,100.0000,default,14,rsu(396m),263,5714,0.0417,396,3.5153,2,2,-77.8402,-94.8299,direct,0.0500,18.4000,-87.5120
98,node[9],1,6392.7127,2953.9600,1.8950,11.2698,-0.0656,-2.0599,21154898#3,-77.3233,-0.4001,100.0000,default,14,rsu(395m),264,5737,0.1545,395,3.5144,4,6,-77.3233,-94.3130,direct,0.0500,18.4000,-87.5089
98.1,node[9],1,6392.1829,2954.9557,1.8950,11.2796,0.0979,-2.0599,21154898#3,-81.9756,-5.0000,100.0000,default,14,rsu(394m),265,5760,0.0180,394,3.5135,2,2,-81.9756,-98.9653,direct,0.0500,18.4000,-87.5058
98.2,node[9],1,6391.6566,2955.9445,1.8950,11.2026,-0.7699,-2.0599,21154898#3,-77.7601,0.0642,100.0000,default,14,rsu(394m),266,5783,0.1873,394,3.5126,4,6,-77.7601,-94.7498,direct,0.0500,18.4000,-87.5027
98.3,node[9],1,6391.1269,2956.9398,1.8950,11.2750,0.7240,-2.0599,21154898#3,-83.1357,-4.5346,100.0000,default,14,rsu(393m),267,5806,0.0226,393,3.5117,2,2,-83.1357,-100.1254,direct,0.0500,18.4000,-87.4995
98.4,node[9],1,6390.5979,2957.9339,1.8950,11.2622,-0.1277,-2.0599,21154898#3,-73.0004,3.9341,100.0000,default,14,rsu(392m),268,5829,0.6147,392,3.5108,6,10,-73.0004,-89.9901,direct,0.0500,18.4000,-87.4964
98.5,node[9],1,6390.0707,2958.9245,1.8950,11.2215,-0.4077,-2.0599,21154898#3,-80.7663,-5.0000,100.0000,default,14,rsu(392m),269,5852,0.0180,392,3.5099,2,2,-80.7663,-97.7560,direct,0.0500,18.4000,-87.4932
98.6,node[9],1,6389.5420,2959.9180,1.8950,11.2557,0.3418,-2.0599,21154898#3,-78.7205,-3.1381,100.0000,default,14,rsu(391m),270,5875,0.0444,391,3.5090,2,2,-78.7205,-95.7102,direct,0.0500,18.4000,-87.4900
98.7,node[9],1,6389.0153,2960.9076,1.8950,11.2111,-0.4453,-2.0599,21154898#3,-84.9443,-5.0000,100.0000,default,14,rsu(390m),271,5898,0.0180,390,3.5211,2,2,-84.9443,-101.9340,direct,0.0500,18.4000,-87.4868
98.8,node[9],1,6388.4891,2961.8965,1.8950,11.2023,-0.0886,-2.0599,21154898#3,-76.6157,-2.7132,100.0000,default,14,rsu(390m),272,5921,0.0543,390,3.5203,3,4,-76.6157,-93.6054,direct,0.0500,18.4000,-87.4836
98.9,node[9],1,6387.9598,2962.8910,1.8950,11.2671,0.6484,-2.0599,21154898#3,-77.2761,-0.6524,100.0000,default,14,rsu(389m),273,5944,0.1387,389,3.5194,4,6,-77.2761,-94.2658,direct,0.0500,18.4000,-87.4803
99,node[9],1,6387.4289,2963.8887,1.8950,11.3027,0.3560,-2.0599,21154898#3,-69.3138,4.9674,100.0000,default,14,rsu(389m),274,5967,0.7278,389,3.5186,6,10,-69.3138,-86.3035,direct,0.0500,18.4000,-87.4771
99.1,node[9],1,6386.9000,2964.8826,1.8950,11.2589,-0.4380,-2.0599,21154898#3,-81.6073,-2.9461,100.0000,default,14,rsu(388m),275,5990,0.0487,388,3.5177,3,4,-81.6073,-98.5970,direct,0.0500,18.4000,-87.4738
99.2,node[9],1,6386.3689,2965.8805,1.8950,11.3047,0.4584,-2.0599,21154898#3,-73.6738,2.4056,100.0000,default,14,rsu(387m),276,6013,0.4262,387,3.5169,5,8,-73.6738,-90.6635,direct,0.0500,18.4000,-87.4704
99.3,node[9],1,6385.8379,2966.8783,1.8950,11.3043,-0.0047,-2.0599,21154898#3,-79.2351,-2.2512,100.0000,default,14,rsu(387m),277,6036,0.0675,387,3.5160,3,4,-79.2351,-96.2248,direct,0.0500,18.4000,-87.4671
99.4,node[9],1,6385.3115,2967.8673,1.8950,11.2045,-0.9978,-2.0599,21154898#3,-79.9506,-5.0000,100.0000,default,14,rsu(386m),278,6059,0.0180,386,3.5152,2,2,-79.9506,-96.9403,direct,0.0500,18.4000,-87.4637
99.5,node[9],1,6384.7819,2968.8625,1.8950,11.2744,0.6986,-2.0599,21154898#3,-73.2009,4.3940,100.0000,default,14,rsu(386m),279,6082,0.6675,386,3.5144,6,10,-73.2009,-90.1906,direct,0.0500,18.4000,-87.4604
99.6,node[9],1,6384.2497,2969.8627,1.8950,11.3300,0.5567,-2.0599,21154898#3,-81.2944,-2.0964,100.0000,default,14,rsu(385m),280,6105,0.0725,385,3.5135,3,4,-81.2944,-98.2841,direct,0.0500,18.4000,-87.4570
99.7,node[9],1,6383.7219,2970.8544,1.8950,11.2352,-0.9483,-2.0599,21154898#3,-77.2478,0.7850,100.0000,default,14,rsu(384m),281,6128,0.2483,384,3.5127,4,6,-77.2478,-94.2375,direct,0.0500,18.4000,-87.4536
99.8,node[9],1,6383.1926,2971.8490,1.8950,11.2681,0.3287,-2.0599,21154898#3,-77.8323,-3.2898,100.0000,default,14,rsu(384m),282,6151,0.0413,384,3.5119,2,2,-77.8323,-94.8220,direct,0.0500,18.4000,-87.4501
99.9,node[9],1,6382.6609,2972.8481,1.8950,11.3178,0.4973,-2.0599,21154898#3,-75.4432,0.9399,100.0000,default,14,rsu(383m),283,6174,0.2631,383,3.5111,4,6,-75.4432,-92.4329,direct,0.0500,18.4000,-87.4467
100,node[9],1,6382.1300,2973.8456,1.8950,11.3011,-0.1667,-2.0599,21154898#3,-78.1485,-4.1037,100.0000,default,14,rsu(383m),284,6197,0.0279,383,3.5103,2,2,-78.1485,-95.1382,direct,0.0500,18.4000,-87.4432
100.1,node[9],1,6381.5997,2974.8421,1.8950,11.2889,-0.1226,-2.0599,21154898#3,-80.1575,-1.6107,100.0000,default,14,rsu(382m),285,6220,0.0907,382,3.5095,3,4,-80.1575,-97.1472,direct,0.0500,18.4000,-87.4397
100.2,node[9],1,6381.0685,2975.8403,1.8950,11.3076,0.1877,-2.0599,21154898#3,-78.3264,-1.0928,100.0000,default,14,rsu(381m),286,6243,0.1144,381,3.5087,3,4,-78.3264,-95.3161,direct,0.0500,18.4000,-87.4362
100.3,node[9],1,6380.5400,2976.8333,1.8950,11.2498,-0.5785,-2.0599,21154898#3,-72.0724,4.4386,100.0000,default,14,rsu(381m),287,6266,0.6725,381,3.5209,6,10,-72.0724,-89.0621,direct,0.0500,18.4000,-87.4327
100.4,node[9],1,6380.0105,2977.8284,1.8950,11.2727,0.2289,-2.0599,21154898#3,-75.6403,-0.6449,100.0000,default,14,rsu(380m),288,6289,0.1391,380,3.5201,4,6,-75.6403,-92.6300,direct,0.0500,18.4000,-87.4292
100.5,node[9],1,6379.4795,2978.8262,1.8950,11.3039,0.3118,-2.0599,21154898#3,-80.4161,-5.0000,100.0000,default,14,rsu(380m),289,6312,0.0180,380,3.5193,2,2,-80.4161,-97.4058,direct,0.0500,18.4000,-87.4257
100.6,node[9],1,6378.9481,2979.8247,1.8950,11.3126,0.0877,-2.0599,21154898#3,-75.3127,0.3378,100.0000,default,14,rsu(379m),290,6335,0.2090,379,3.5185,4,6,-75.3127,-92.3024,direct,0.0500,18.4000,-87.4222
100.7,node[9],1,6378.4258,2980.8061,1.8950,11.1171,-1.9550,-2.0599,21154898#3,-73.8553,3.7714,100.0000,default,14,rsu(378m),291,6358,0.5952,378,3.5177,6,10,-73.8553,-90.8450,direct,0.0500,18.4000,-87.4187
100.8,node[9],1,6377.9247,2981.7477,1.8950,10.6671,-4.5000,-2.0599,21154898#3,-77.8533,1.0091,100.0000,default,14,rsu(378m),292,6381,0.2698,378,3.5169,5,8,-77.8533,-94.8430,direct,0.0500,18.4000,-87.4153
100.9,node[9],1,6377.4448,2982.6495,1.8950,10.2171,-4.5000,-2.0599,21154898#3,-81.4999,-5.0000,100.0000,default,14,rsu(377m),293,6404,0.0180,377,3.5161,2,2,-81.4999,-98.4896,direct,0.0500,18.4000,-87.4120
101,node[9],1,6376.9852,2983.5132,1.8950,9.7840,-4.3313,-2.0599,21154898#3,-79.5091,-0.5543,100.0000,default,14,rsu(377m),294,6427,0.1447,377,3.5153,4,6,-79.5091,-96.4988,direct,0.0500,18.4000,-87.4088
101.1,node[9],1,6376.5465,2984.3375,1.8950,9.3380,-4.4595,-2.0599,21154898#3,-73.9446,1.0030,100.0000,default,14,rsu(376m),295,6450,0.2692,376,3.5145,5,8,-73.9446,-90.9343,direct,0.0500,18.4000,-87.4057
101.2,node[9],1,6376.1290,2985.1220,1.8950,8.8880,-4.5000,-2.0599,21154898#3,-72.4705,1.3503,100.0000,default,14,rsu(376m),296,6473,0.3047,376,3.5137,5,8,-72.4705,-89.4602,direct,0.0500,18.4000,-87.4027
101.3,node[9],1,6375.7326,2985.8669,1.8950,8.4380,-4.5000,-2.0599,21154898#3,-76.5699,-2.4731,100.0000,default,14,rsu(376m),297,6496,0.0609,376,3.5129,3,4,-76.5699,-93.5596,direct,0.0500,18.4000,-87.3998
101.4,node[9],1,6375.3573,2986.5720,1.8950,7.9880,-4.5000,-2.0599,21154898#3,-92.4747,-5.0000,100.0000,default,14,rsu(375m),298,6519,0.0180,375,3.5122,2,2,-92.4747,-109.4644,direct,0.0500,18.4000,-87.3970
101.5,node[9],1,6375.0032,2987.2374,1.8950,7.5380,-4.5000,-2.0599,21154898#3,-73.8504,3.7941,100.0000,default,14,rsu(375m),299,6542,0.5980,375,3.5114,6,10,-73.8504,-90.8401,direct,0.0500,18.4000,-87.3943
101.6,node[9],1,6374.6703,2987.8630,1.8950,7.0880,-4.5000,-2.0599,21154898#3,-75.9847,-0.4779,100.0000,default,14,rsu(374m),300,6565,0.1494,374,3.5106,4,6,-75.9847,-92.9744,direct,0.0500,18.4000,-87.3917
101.7,node[9],1,6374.3584,2988.4490,1.8950,6.6380,-4.5000,-2.0599,21154898#3,-83.6376,-5.0000,100.0000,default,14,rsu(374m),301,6588,0.0180,374,3.5098,2,2,-83.6376,-100.6273,direct,0.0500,18.4000,-87.3893
101.8,node[9],1,6374.0677,2988.9952,1.8950,6.1880,-4.5000,-2.0599,21154898#3,-78.9770,-3.6463,100.0000,default,14,rsu(374m),302,6611,0.0348,374,3.5090,2,2,-78.9770,-95.9667,direct,0.0500,18.4000,-87.3869
101.9,node[9],1,6373.7648,2989.5644,1.8950,6.4480,2.6000,-2.0599,21154898#3,-78.5626,-1.2706,100.0000,default,14,rsu(373m),303,6634,0.1057,373,3.5212,3,4,-78.5626,-95.5523,direct,0.0500,18.4000,-87.3845
102,node[9],1,6373.4497,2990.1565,1.8950,6.7080,2.6000,-2.0599,21154898#3,-80.1930,-1.7113,100.0000,default,14,rsu(373m),304,6657,0.0866,373,3.5204,3,4,-80.1930,-97.1827,direct,0.0500,18.4000,-87.3820
102.1,node[9],1,6373.1224,2990.7716,1.8950,6.9680,2.6000,-2.0599,21154898#3,-76.1361,3.1566,100.0000,default,14,rsu(373m),305,6680,0.5196,373,3.5196,6,10,-76.1361,-93.1258,direct,0.0500,18.4000,-87.3795
102.2,node[9],1,6372.7828,2991.4096,1.8950,7.2280,2.6000,-2.0599,21154898#3,-78.8651,-3.0942,100.0000,default,14,rsu(372m),306,6703,0.0453,372,3.5188,2,2,-78.8651,-95.8548,direct,0.0500,18.4000,-87.3769
102.3,node[9],1,6372.4311,2992.0706,1.8950,7.4880,2.6000,-2.0599,21154898#3,-79.2368,-4.8796,100.0000,default,14,rsu(372m),307,6726,0.0191,372,3.5180,2,2,-79.2368,-96.2265,direct,0.0500,18.4000,-87.3743
102.4,node[9],1,6372.1176,2992.6993,1.8950,7.0380,-4.5000,-2.0561,:227493516_1,-80.5999,-4.5557,100.0000,default,14,rsu(372m),308,6749,0.0224,372,3.5172,2,2,-80.5999,-97.5896,direct,0.0500,18.4000,-87.3718
102.5,node[9],1,6371.8825,2993.3616,1.8950,7.0321,-0.0592,-2.0354,:227493516_1,-76.1690,-1.3612,100.0000,default,14,rsu(371m),309,6772,0.1015,371,3.5212,3,4,-76.1690,-93.1587,direct,0.0500,18.4000,-87.3695
102.6,node[9],1,6371.6487,2994.0198,1.8950,6.9893,-0.4282,-2.0147,:227493516_1,-87.9462,-5.0000,100.0000,default,14,rsu(371m),310,6795,0.0180,371,3.5122,2,2,-87.9462,-104.9359,direct,0.0500,18.4000,-87.3673
102.7,node[9],1,6371.4136,2994.6820,1.8950,7.0316,0.4232,-1.9939,:227493516_1,-82.9669,-5.0000,100.0000,default,14,rsu(371m),311,6818,0.0180,371,3.5162,2,2,-82.9669,-99.9566,direct,0.0500,18.4000,-87.3650
102.8,node[9],1,6371.1798,2995.3403,1.8950,6.9912,-0.4042,-1.9732,:227493516_1,-78.2345,-1.7520,100.0000,default,14,rsu(371m),312,6841,0.0850,371,3.5202,3,4,-78.2345,-95.2242,direct,0.0500,18.4000,-87.3628
102.9,node[9],1,6370.9461,2995.9982,1.8950,6.9858,-0.0542,-1.9525,:227493516_1,-80.3382,-3.4925,100.0000,default,14,rsu(370m),313,6864,0.0375,370,3.5112,2,2,-80.3382,-97.3279,direct,0.0500,18.4000,-87.3605
103,node[9],1,6370.9389,2996.6826,1.8950,6.9183,-0.6752,-1.8873,:227493516_1,-81.6226,-4.9393,100.0000,default,14,rsu(370m),314,6887,0.0185,370,3.5151,2,2,-81.6226,-98.6123,direct,0.0500,18.4000,-87.3590
103.1,node[9],1,6370.9735,2997.3821,1.8950,7.0082,0.8995,-1.8126,:227493516_1,-79.9794,-3.3718,100.0000,default,14,rsu(370m),315,6910,0.0397,370,3.5191,2,2,-79.9794,-96.9691,direct,0.0500,18.4000,-87.3577
103.2,node[9],1,6371.0081,2998.0811,1.8950,7.0028,-0.0543,-1.7574,:227493516_1,-76.6932,-2.6893,100.0000,default,14,rsu(371m),316,6933,0.0550,371,3.5100,3,4,-76.6932,-93.6829,direct,0.0500,18.4000,-87.3563
103.3,node[9],1,6371.0424,2998.7734,1.8950,6.9366,-0.6621,-1.7025,:227493516_1,-77.1142,1.3635,100.0000,default,14,rsu(371m),317,6956,0.3061,371,3.5139,5,8,-77.1142,-94.1039,direct,0.0500,18.4000,-87.3550
103.4,node[9],1,6371.1370,2999.4550,1.8950,6.9949,0.5828,-1.6353,:227493516_1,-70.5200,6.3972,100.0000,default,14,rsu(371m),318,6979,0.8453,371,3.5178,7,12,-70.5200,-87.5097,direct,0.0500,18.4000,-87.3539
103.5,node[9],1,6371.4691,3000.0748,1.8950,7.0373,0.4240,-1.5188,:227493516_1,-73.2981,4.1158,100.0000,default,14,rsu(371m),319,7002,0.6360,371,3.5087,6,10,-73.2981,-90.2878,direct,0.0500,18.4000,-87.3536
103.6,node[9],1,6371.7960,3000.6849,1.8950,6.9253,-1.1193,-1.4034,:227493516_1,-85.6022,-5.0000,100.0000,default,14,rsu(371m),320,7025,0.0180,371,3.5126,2,2,-85.6022,-102.5919,direct,0.0500,18.4000,-87.3534
103.7,node[9],1,6372.1268,3001.3023,1.8950,7.0092,0.8391,-1.3236,:227493516_1,-78.4238,0.4958,100.0000,default,14,rsu(372m),321,7048,0.2223,372,3.5164,4,6,-78.4238,-95.4135,direct,0.0500,18.4000,-87.3531
103.8,node[9],1,6372.4538,3001.9126,1.8950,6.9285,-0.8069,-1.2613,:227493516_1,-85.1969,-5.0000,100.0000,default,14,rsu(372m),322,7071,0.0180,372,3.5203,2,2,-85.1969,-102.1866,direct,0.0500,18.4000,-87.3529
103.9,node[9],1,6372.8672,3002.4612,1.8950,6.9808,0.5221,-1.1778,:227493516_1,-76.7441,1.3998,100.0000,default,14,rsu(372m),323,7094,0.3100,372,3.5111,5,8,-76.7441,-93.7338,direct,0.0500,18.4000,-87.3530
104,node[9],1,6373.3869,3002.9214,1.8950,6.9460,-0.3475,-1.0672,:227493516_1,-74.1788,4.9911,100.0000,default,14,rsu(373m),324,7117,0.7302,373,3.5150,6,10,-74.1788,-91.1685,direct,0.0500,18.4000,-87.3536
104.1,node[9],1,6373.9123,3003.3867,1.8950,7.0237,0.7767,-0.9590,:227493516_1,-82.7622,-5.0000,100.0000,default,14,rsu(373m),325,7140,0.0180,373,3.5188,2,2,-82.7622,-99.7519,direct,0.0500,18.4000,-87.3542
104.2,node[9],1,6374.4366,3003.8509,1.8950,7.0068,-0.1690,-0.9089,:227493516_1,-73.5502,3.3649,100.0000,default,14,rsu(374m),326,7163,0.5455,374,3.5096,6,10,-73.5502,-90.5399,direct,0.0500,18.4000,-87.3548
104.3,node[9],1,6374.9629,3004.3170,1.8950,7.0349,0.2811,-0.8586,:227493516_1,-80.5858,-3.8138,100.0000,default,14,rsu(374m),327,7186,0.0321,374,3.5134,2,2,-80.5858,-97.5755,direct,0.0500,18.4000,-87.3554
104.4,node[9],1,6375.4890,3004.7829,1.8950,7.0322,-0.0268,-0.8085,:227493516_1,-80.2014,-1.7838,100.0000,default,14,rsu(375m),328,7209,0.0838,375,3.5172,3,4,-80.2014,-97.1911,direct,0.0500,18.4000,-87.3561
104.5,node[9],1,6376.0574,3005.1911,1.8950,7.0100,-0.2224,-0.7447,21149844#0,-72.2141,3.9229,100.0000,default,15,rsu(376m),329,7232,0.6134,376,3.5209,6,10,-72.2141,-89.2038,direct,0.0500,18.4000,-87.2370
104.6,node[9],1,6376.6540,3005.5928,1.8950,7.1917,1.8175,-0.6915,21149844#0,-81.2287,-2.8879,100.0000,default,15,rsu(376m),330,7255,0.0500,376,3.5117,3,4,-81.2287,-98.2184,direct,0.0500,18.4000,-87.2372
104.7,node[9],1,6377.2715,3006.0085,1.8950,7.4444,2.5269,-0.6718,21149844#0,-75.7939,-0.1982,100.0000,default,15,rsu(377m),331,7278,0.1681,377,3.5154,4,6,-75.7939,-92.7836,direct,0.0500,18.4000,-87.2375
104.8,node[9],1,6377.9063,3006.4358,1.8950,7.6521,2.0771,-0.6515,21149844#0,-81.2752,-3.7317,100.0000,default,15,rsu(377m),332,7301,0.0334,377,3.5192,2,2,-81.2752,-98.2649,direct,0.0500,18.4000,-87.2378
104.9,node[9],1,6378.5540,3006.8718,1.8950,7.8078,1.5566,-0.6308,21149844#0,-79.9018,-1.7710,100.0000,default,15,rsu(378m),333,7324,0.0843,378,3.5099,3,4,-79.9018,-96.8915,direct,0.0500,18.4000,-87.2381
105,node[9],1,6379.2195,3007.3198,1.8950,8.0216,2.1386,-0.6096,21149844#0,-76.9087,0.1975,100.0000,default,15,rsu(379m),334,7347,0.1976,379,3.5137,4,6,-76.9087,-93.8984,direct,0.0500,18.4000,-87.2385
105.1,node[9],1,6379.8959,3007.7751,1.8950,8.1541,1.3250,-0.5925,21149844#0,-82.0319,-5.0000,100.0000,default,15,rsu(379m),335,7370,0.0180,379,3.5174,2,2,-82.0319,-99.0216,direct,0.0500,18.4000,-87.2388
105.2,node[9],1,6380.5851,3008.2391,1.8950,8.3083,1.5416,-0.5925,21149844#0,-74.8073,3.7105,100.0000,default,15,rsu(380m),336,7393,0.5879,380,3.5211,6,10,-74.8073,-91.7970,direct,0.0500,18.4000,-87.2392
105.3,node[9],1,6381.2863,3008.7111,1.8950,8.4527,1.4438,-0.5925,21149844#0,-72.9754,4.9430,100.0000,default,15,rsu(381m),337,7416,0.7254,381,3.5118,6,10,-72.9754,-89.9651,direct,0.0500,18.4000,-87.2396
105.4,node[9],1,6382.0059,3009.1955,1.8950,8.6740,2.2131,-0.5925,21149844#0,-84.3616,-5.0000,100.0000,default,15,rsu(382m),338,7439,0.0180,382,3.5155,2,2,-84.3616,-101.3513,direct,0.0500,18.4000,-87.2401
105.5,node[9],1,6382.7460,3009.6937,1.8950,8.9214,2.4740,-0.5925,21149844#0,-76.0665,0.8116,100.0000,default,15,rsu(382m),339,7462,0.2508,382,3.5192,4,6,-76.0665,-93.0562,direct,0.0500,18.4000,-87.2405
105.6,node[9],1,6383.5017,3010.2024,1.8950,9.1106,1.8920,-0.5925,21149844#0,-80.4339,-4.5139,100.0000,default,15,rsu(383m),340,7485,0.0228,383,3.5116,2,2,-80.4339,-97.4236,direct,0.0500,18.4000,-87.2410
105.7,node[9],1,6384.2755,3010.7233,1.8950,9.3274,2.1684,-0.5925,21149844#0,-77.9622,-0.0471,100.0000,default,15,rsu(384m),341,7508,0.1789,384,3.5169,4,6,-77.9622,-94.9519,direct,0.0500,18.4000,-87.2415
105.8,node[9],1,6385.0605,3011.2517,1.8950,9.4622,1.3480,-0.5925,21149844#0,-76.3821,1.1899,100.0000,default,15,rsu(385m),342,7531,0.2880,385,3.5093,5,8,-76.3821,-93.3718,direct,0.0500,18.4000,-87.2420
105.9,node[9],1,6385.8571,3011.7880,1.8950,9.6035,1.4132,-0.5925,21149844#0,-76.7817,-2.7275,100.0000,default,15,rsu(386m),343,7554,0.0540,386,3.5147,3,4,-76.7817,-93.7714,direct,0.0500,18.4000,-87.2426
106,node[9],1,6386.6734,3012.3375,1.8950,9.8397,2.3616,-0.5925,21149844#0,-82.8229,-4.7625,100.0000,default,15,rsu(386m),344,7577,0.0202,386,3.5201,2,2,-82.8229,-99.8126,direct,0.0500,18.4000,-87.2431
106.1,node[9],1,6387.3940,3013.0359,1.8950,10.0942,2.5449,-0.6280,21149844#0,-77.0761,-0.1043,100.0000,default,15,rsu(387m),345,7600,0.1748,387,3.5124,4,6,-77.0761,-94.0658,direct,0.0500,18.4000,-87.2433
106.2,node[9],1,6388.0825,3013.7966,1.8950,10.2595,1.6536,-0.6779,21149844#0,-79.8180,-3.4084,100.0000,default,15,rsu(388m),346,7623,0.0390,388,3.5178,2,2,-79.8180,-96.8077,direct,0.0500,18.4000,-87.2433
106.3,node[9],1,6388.7819,3014.5696,1.8950,10.4246,1.6505,-0.7287,21149844#0,-80.3285,-1.6531,100.0000,default,15,rsu(389m),347,7646,0.0889,389,3.5101,3,4,-80.3285,-97.3182,direct,0.0500,18.4000,-87.2433
106.4,node[9],1,6389.4925,3015.3547,1.8950,10.5893,1.6468,-0.7803,21149844#0,-80.9372,-3.9036,100.0000,default,15,rsu(389m),348,7669,0.0307,389,3.5155,2,2,-80.9372,-97.9269,direct,0.0500,18.4000,-87.2433
106.5,node[9],1,6390.2154,3016.1535,1.8950,10.7731,1.8382,-0.8324,21149844#0,-77.1910,0.9479,100.0000,default,15,rsu(390m),349,7692,0.2638,390,3.5208,4,6,-77.1910,-94.1807,direct,0.0500,18.4000,-87.2434
106.6,node[9],1,6390.9553,3016.9712,1.8950,11.0271,2.5400,-0.8352,21149844#0,-78.0576,0.6760,100.0000,default,15,rsu(391m),350,7715,0.2383,391,3.5132,4,6,-78.0576,-95.0473,direct,0.0500,18.4000,-87.2434
106.7,node[9],1,6391.7118,3017.8072,1.8950,11.2751,2.4802,-0.8352,21149844#0,-74.5056,-0.6954,100.0000,default,15,rsu(392m),351,7738,0.1361,392,3.5185,4,6,-74.5056,-91.4953,direct,0.0500,18.4000,-87.2435
106.8,node[9],1,6392.4636,3018.6379,1.8950,11.2041,-0.7106,-0.8352,21149844#0,-79.7470,-1.4624,100.0000,default,15,rsu(392m),352,7761,0.0970,392,3.5108,3,4,-79.7470,-96.7367,direct,0.0500,18.4000,-87.2435
106.9,node[9],1,6393.2163,3019.4696,1.8950,11.2168,0.1270,-0.8352,21149844#0,-82.6004,-5.0000,100.0000,default,15,rsu(393m),353,7784,0.0180,393,3.5161,2,2,-82.6004,-99.5901,direct,0.0500,18.4000,-87.2435
107,node[9],1,6393.9733,3020.3061,1.8950,11.2819,0.6518,-0.8352,21149844#0,-77.3083,-0.8342,100.0000,default,15,rsu(394m),354,7807,0.1282,394,3.5084,4,6,-77.3083,-94.2980,direct,0.0500,18.4000,-87.2436
107.1,node[9],1,6394.7293,3021.1415,1.8950,11.2660,-0.1598,-0.8352,21149844#0,-72.5048,5.8311,100.0000,default,15,rsu(395m),355,7830,0.8046,395,3.5137,7,12,-72.5048,-89.4945,direct,0.0500,18.4000,-87.2436
107.2,node[9],1,6395.4833,3021.9747,1.8950,11.2382,-0.2775,-0.8352,21149844#0,-81.1002,-2.4366,100.0000,default,15,rsu(396m),356,7853,0.0619,396,3.5190,3,4,-81.1002,-98.0899,direct,0.0500,18.4000,-87.2436
107.3,node[9],1,6396.2403,3022.8111,1.8950,11.2803,0.4214,-0.8352,21149844#0,-78.5268,-0.4178,100.0000,default,15,rsu(396m),357,7876,0.1533,396,3.5113,4,6,-78.5268,-95.5165,direct,0.0500,18.4000,-87.2436
107.4,node[9],1,6396.9981,3023.6486,1.8950,11.2945,0.1416,-0.8352,21149844#0,-78.6230,-0.0781,100.0000,default,15,rsu(397m),358,7899,0.1767,397,3.5166,4,6,-78.6230,-95.6127,direct,0.0500,18.4000,-87.2436
107.5,node[9],1,6397.7549,3024.4848,1.8950,11.2784,-0.1613,-0.8352,21149844#0,-76.0194,3.0601,100.0000,default,15,rsu(398m),359,7922,0.5075,398,3.5089,6,10,-76.0194,-93.0091,direct,0.0500,18.4000,-87.2436
107.6,node[9],1,6398.5130,3025.3225,1.8950,11.2977,0.1936,-0.8352,21149844#0,-73.5972,5.2371,100.0000,default,15,rsu(399m),360,7945,0.7537,399,3.5142,7,12,-73.5972,-90.5869,direct,0.0500,18.4000,-87.2436
107.7,node[9],1,6399.2665,3026.1552,1.8950,11.2294,-0.6831,-0.8352,21149844#0,-79.8776,-2.6599,100.0000,default,15,rsu(400m),361,7968,0.0557,400,3.5194,3,4,-79.8776,-96.8673,direct,0.0500,18.4000,-87.2436
107.8,node[9],1,6400.0241,3026.9923,1.8950,11.2905,0.6104,-0.8352,21149844#0,-76.9115,-0.2657,100.0000,default,15,rsu(400m),362,7991,0.1634,400,3.5117,4,6,-76.9115,-93.9012,direct,0.0500,18.4000,-87.2435
107.9,node[9],1,6400.7761,3027.8233,1.8950,11.2072,-0.8322,-0.8352,21149844#0,-75.4327,0.9416,100.0000,default,15,rsu(401m),363,8014,0.2632,401,3.5170,4,6,-75.4327,-92.4224,direct,0.0500,18.4000,-87.2435
108,node[9],1,6401.5351,3028.6620,1.8950,11.3121,1.0482,-0.8352,21149844#0,-73.3088,5.7036,100.0000,default,15,rsu(402m),364,8037,0.7944,402,3.5092,7,12,-73.3088,-90.2985,direct,0.0500,18.4000,-87.2434
108.1,node[9],1,6402.2915,3029.4979,1.8950,11.2730,-0.3902,-0.8352,21149844#0,-84.6074,-5.0000,100.0000,default,15,rsu(403m),365,8060,0.0180,403,3.5145,2,2,-84.6074,-101.5971,direct,0.0500,18.4000,-87.2434
108.2,node[9],1,6403.0433,3030.3286,1.8950,11.2033,-0.6970,-0.8352,21149844#0,-74.3991,-0.1311,100.0000,default,15,rsu(404m),366,8083,0.1728,404,3.5198,4,6,-74.3991,-91.3888,direct,0.0500,18.4000,-87.2433
108.3,node[9],1,6403.8009,3031.1658,1.8950,11.2914,0.8808,-0.8352,21149844#0,-82.7824,-3.7760,100.0000,default,15,rsu(405m),367,8106,0.0327,405,3.5101,2,2,-82.7824,-99.7721,direct,0.0500,18.4000,-87.2432
108.4,node[9],1,6404.5611,3032.0058,1.8950,11.3290,0.3760,-0.8352,21149844#0,-81.3565,-4.3030,100.0000,default,15,rsu(405m),368,8129,0.0253,405,3.5134,2,2,-81.3565,-98.3462,direct,0.0500,18.4000,-87.2432
108.5,node[9],1,6405.3153,3032.8392,1.8950,11.2402,-0.8885,-0.8352,21149844#0,-72.5614,5.9657,100.0000,default,15,rsu(406m),369,8152,0.8150,406,3.5166,7,12,-72.5614,-89.5511,direct,0.0500,18.4000,-87.2431
108.6,node[9],1,6406.0678,3033.6707,1.8950,11.2138,-0.2634,-0.8352,21149844#0,-78.6082,-1.1819,100.0000,default,15,rsu(407m),370,8175,0.1100,407,3.5199,3,4,-78.6082,-95.5979,direct,0.0500,18.4000,-87.2430
108.7,node[9],1,6406.8207,3034.5027,1.8950,11.2206,0.0677,-0.8352,21149844#0,-78.5802,0.2814,100.0000,default,15,rsu(408m),371,8198,0.2044,408,3.5101,4,6,-78.5802,-95.5699,direct,0.0500,18.4000,-87.2429
108.8,node[9],1,6407.5778,3035.3394,1.8950,11.2841,0.6346,-0.8352,21149844#0,-81.8705,-5.0000,100.0000,default,15,rsu(409m),372,8221,0.0180,409,3.5134,2,2,-81.8705,-98.8602,direct,0.0500,18.4000,-87.2428
108.9,node[9],1,6408.3353,3036.1764,1.8950,11.2887,0.0463,-0.8352,21149844#0,-83.6054,-5.0000,100.0000,default,15,rsu(409m),373,8244,0.0180,409,3.5166,2,2,-83.6054,-100.5951,direct,0.0500,18.4000,-87.2427
109,node[9],1,6409.0875,3037.0075,1.8950,11.2096,-0.7910,-0.8352,21149844#0,-77.2409,1.2064,100.0000,default,15,rsu(410m),374,8267,0.2897,410,3.5197,5,8,-77.2409,-94.2306,direct,0.0500,18.4000,-87.2425
109.1,node[9],1,6409.8431,3037.8425,1.8950,11.2611,0.5151,-0.8352,21149844#0,-79.0436,-1.0365,100.0000,default,15,rsu(411m),375,8290,0.1173,411,3.5099,3,4,-79.0436,-96.0333,direct,0.0500,18.4000,-87.2424
109.2,node[9],1,6410.5999,3038.6787,1.8950,11.2780,0.1694,-0.8352,21149844#0,-83.9904,-5.0000,100.0000,default,15,rsu(412m),376,8313,0.0180,412,3.5131,2,2,-83.9904,-100.9801,direct,0.0500,18.4000,-87.2422
109.3,node[9],1,6411.3527,3039.5106,1.8950,11.2193,-0.5874,-0.8352,21149844#0,-79.0911,-1.1289,100.0000,default,15,rsu(413m),377,8336,0.1126,413,3.5162,3,4,-79.0911,-96.0808,direct,0.0500,18.4000,-87.2421
109.4,node[9],1,6412.1088,3040.3462,1.8950,11.2692,0.4991,-0.8352,21149844#0,-80.2721,-1.6463,100.0000,default,15,rsu(414m),378,8359,0.0892,414,3.5193,3,4,-80.2721,-97.2618,direct,0.0500,18.4000,-87.2419
109.5,node[9],1,6412.8651,3041.1819,1.8950,11.2709,0.0171,-0.8352,21149844#0,-76.3155,0.4111,100.0000,default,15,rsu(414m),379,8382,0.2151,414,3.5094,4,6,-76.3155,-93.3052,direct,0.0500,18.4000,-87.2418
109.6,node[9],1,6413.6215,3042.0177,1.8950,11.2719,0.0102,-0.8352,21149844#0,-80.6017,-2.7714,100.0000,default,15,rsu(415m),380,8405,0.0529,415,3.5125,3,4,-80.6017,-97.5914,direct,0.0500,18.4000,-87.2416
109.7,node[9],1,6414.3813,3042.8573,1.8950,11.3244,0.5246,-0.8352,21149844#0,-86.0339,-5.0000,100.0000,default,15,rsu(416m),381,8428,0.0180,416,3.5156,2,2,-86.0339,-103.0236,direct,0.0500,18.4000,-87.2414
109.8,node[9],1,6415.1337,3043.6887,1.8950,11.2120,-1.1238,-0.8352,21149844#0,-76.5410,0.4827,100.0000,default,15,rsu(417m),382,8451,0.2212,417,3.5186,4,6,-76.5410,-93.5307,direct,0.0500,18.4000,-87.2412
109.9,node[9],1,6415.8907,3044.5252,1.8950,11.2816,0.6958,-0.8352,21149844#0,-74.9075,2.6663,100.0000,default,15,rsu(418m),383,8474,0.4584,418,3.5087,5,8,-74.9075,-91.8972,direct,0.0500,18.4000,-87.2410
110,node[9],1,6416.6453,3045.3591,1.8950,11.2466,-0.3499,-0.8352,21149844#0,-79.9907,-2.7306,100.0000,default,15,rsu(419m),384,8497,0.0539,419,3.5143,3,4,-79.9907,-96.9804,direct,0.0500,18.4000,-87.2408
110.1,node[9],1,6417.3977,3046.1905,1.8950,11.2127,-0.3396,-0.8352,21149844#0,-75.2626,-1.3376,100.0000,default,15,rsu(419m),385,8520,0.1026,419,3.5200,3,4,-75.2626,-92.2523,direct,0.0500,18.4000,-87.2406
110.2,node[9],1,6418.1558,3047.0282,1.8950,11.2989,0.8628,-0.8352,21149844#0,-74.8582,1.8088,100.0000,default,15,rsu(420m),386,8543,0.3553,420,3.5127,5,8,-74.8582,-91.8479,direct,0.0500,18.4000,-87.2403
110.3,node[9],1,6418.9075,3047.8588,1.8950,11.2017,-0.9726,-0.8352,21149844#0,-84.1088,-5.0000,100.0000,default,15,rsu(421m),387,8566,0.0180,421,3.5183,2,2,-84.1088,-101.0985,direct,0.0500,18.4000,-87.2401
110.4,node[9],1,6419.6618,3048.6924,1.8950,11.2422,0.4051,-0.8352,21149844#0,-85.9512,-5.0000,100.0000,default,15,rsu(422m),388,8589,0.0180,422,3.5109,2,2,-85.9512,-102.9409,direct,0.0500,18.4000,-87.2399
110.5,node[9],1,6420.4211,3049.5314,1.8950,11.3158,0.7362,-0.8352,21149844#0,-76.2027,1.5829,100.0000,default,15,rsu(423m),389,8612,0.3299,423,3.5166,5,8,-76.2027,-93.1924,direct,0.0500,18.4000,-87.2396
110.6,node[9],1,6421.1776,3050.3674,1.8950,11.2743,-0.4149,-0.8352,21149844#0,-78.6102,-0.5370,100.0000,default,15,rsu(424m),390,8635,0.1457,424,3.5092,4,6,-78.6102,-95.5999,direct,0.0500,18.4000,-87.2394
110.7,node[9],1,6421.9341,3051.2033,1.8950,11.2737,-0.0058,-0.8352,21149844#0,-73.6946,2.9208,100.0000,default,15,rsu(425m),391,8659,0.4901,425,3.5099,5,8,-73.6946,-90.6843,direct,0.0500,18.8000,-87.2392
110.8,node[9],1,6422.6844,3052.0324,1.8950,11.1818,-0.9190,-0.8352,21149844#0,-74.4104,4.9705,100.0000,default,15,rsu(425m),392,8683,0.7282,425,3.5106,6,10,-74.4104,-91.4001,direct,0.0500,18.8000,-87.2389
110.9,node[9],1,6423.4045,3052.8281,1.8950,10.7318,-4.5000,-0.8352,21149844#0,-78.0495,-1.4146,100.0000,default,15,rsu(426m),393,8707,0.0991,426,3.5113,3,4,-78.0495,-95.0392,direct,0.0500,19.2000,-87.2387
111,node[9],1,6424.0952,3053.5914,1.8950,10.2939,-4.3794,-0.8352,21149844#0,-78.9393,-1.4630,100.0000,default,15,rsu(427m),394,8731,0.0970,427,3.5120,3,4,-78.9393,-95.9290,direct,0.0500,19.2000,-87.2385
111.1,node[9],1,6424.7558,3054.3212,1.8950,9.8439,-4.5000,-0.8352,21149844#0,-75.3343,-0.8144,100.0000,default,15,rsu(428m),395,8755,0.1293,428,3.5127,4,6,-75.3343,-92.3240,direct,0.0500,19.2000,-87.2383
111.2,node[9],1,6425.3861,3055.0178,1.8950,9.3939,-4.5000,-0.8352,21149844#0,-76.0997,2.4684,100.0000,default,15,rsu(428m),396,8779,0.4339,428,3.5134,5,8,-76.0997,-93.0894,direct,0.0500,19.2000,-87.2382
111.3,node[9],1,6425.9862,3055.6809,1.8950,8.9439,-4.5000,-0.8352,21149844#0,-78.5101,-0.2239,100.0000,default,15,rsu(429m),397,8803,0.1663,429,3.5141,4,6,-78.5101,-95.4998,direct,0.0500,19.2000,-87.2380
111.4,node[9],1,6426.5562,3056.3107,1.8950,8.4939,-4.5000,-0.8352,21149844#0,-84.9228,-5.0000,100.0000,default,15,rsu(430m),398,8827,0.0180,430,3.5148,2,2,-84.9228,-101.9125,direct,0.0500,19.2000,-87.2379
111.5,node[9],1,6427.0961,3056.9073,1.8950,8.0464,-4.4746,-0.8352,21149844#0,-79.3756,-4.4975,100.0000,default,15,rsu(430m),399,8851,0.0230,430,3.5155,2,2,-79.3756,-96.3653,direct,0.0500,19.2000,-87.2378
111.6,node[9],1,6427.6058,3057.4706,1.8950,7.5964,-4.5000,-0.8352,21149844#0,-82.6309,-5.0000,100.0000,default,15,rsu(431m),400,8875,0.0180,431,3.5162,2,2,-82.6309,-99.6206,direct,0.0500,19.2000,-87.2377
111.7,node[9],1,6428.0853,3058.0005,1.8950,7.1464,-4.5000,-0.8352,21149844#0,-78.8479,0.2116,100.0000,default,15,rsu(432m),401,8899,0.1987,432,3.5169,4,6,-78.8479,-95.8376,direct,0.0500,19.2000,-87.2376
111.8,node[9],1,6428.5363,3058.4988,1.8950,6.7205,-4.2591,-0.8352,21149844#0,-75.5842,1.9448,100.0000,default,15,rsu(432m),402,8923,0.3711,432,3.5177,5,8,-75.5842,-92.5739,direct,0.0500,19.2000,-87.2376
111.9,node[9],1,6428.9570,3058.9637,1.8950,6.2705,-4.5000,-0.8352,21149844#0,-78.5341,-1.0126,100.0000,default,15,rsu(432m),403,8947,0.1185,432,3.5184,3,4,-78.5341,-95.5238,direct,0.0500,19.2000,-87.2376
112,node[9],1,6429.3952,3059.4479,1.8950,6.5305,2.6000,-0.8352,21149844#0,-82.6119,-5.0000,100.0000,default,15,rsu(433m),404,8971,0.0180,433,3.5191,2,2,-82.6119,-99.6016,direct,0.0500,19.2000,-87.2376
112.1,node[9],1,6429.8509,3059.9514,1.8950,6.7905,2.6000,-0.8352,21149844#0,-76.2171,-1.7164,100.0000,default,15,rsu(434m),405,8995,0.0864,434,3.5198,3,4,-76.2171,-93.2068,direct,0.0500,19.2000,-87.2376
112.2,node[9],1,6430.3240,3060.4742,1.8950,7.0505,2.6000,-0.8352,21149844#0,-78.9747,-1.3267,100.0000,default,15,rsu(434m),406,9019,0.1031,434,3.5205,3,4,-78.9747,-95.9644,direct,0.0500,19.2000,-87.2376
112.3,node[9],1,6430.8145,3061.0163,1.8950,7.3105,2.6000,-0.8352,21149844#0,-82.1352,-2.8322,100.0000,default,15,rsu(435m),407,9043,0.0514,435,3.5212,3,4,-82.1352,-99.1249,direct,0.0500,19.2000,-87.2376
112.4,node[9],1,6431.3225,3061.5776,1.8950,7.5705,2.6000,-0.8352,21149844#0,-81.2807,-5.0000,100.0000,default,15,rsu(435m),408,9067,0.0180,435,3.5090,2,2,-81.2807,-98.2704,direct,0.0500,19.2000,-87.2376
112.5,node[9],1,6431.8471,3062.1552,1.8950,7.8023,2.3172,-0.8350,:227493519_7,-75.0435,1.5737,100.0000,default,15,rsu(436m),409,9091,0.3289,436,3.5097,5,8,-75.0435,-92.0332,direct,0.0500,19.2000,-87.2376
112.6,node[9],1,6432.3917,3062.7453,1.8950,8.0284,2.2618,-0.8334,:227493519_7,-77.1019,-2.8057,100.0000,default,15,rsu(436m),410,9115,0.0520,436,3.5104,3,4,-77.1019,-94.0916,direct,0.0500,19.2000,-87.2377
112.7,node[9],1,6432.9462,3063.3460,1.8950,8.1738,1.4537,-0.8318,:227493519_7,-74.6394,2.0938,100.0000,default,15,rsu(437m),411,9139,0.3886,437,3.5112,5,8,-74.6394,-91.6291,direct,0.0500,19.2000,-87.2379
112.8,node[9],1,6433.5133,3063.9604,1.8950,8.3592,1.8536,-0.8301,:227493519_7,-76.5102,1.3412,100.0000,default,15,rsu(438m),412,9163,0.3038,438,3.5119,5,8,-76.5102,-93.4999,direct,0.0500,19.2000,-87.2380
112.9,node[9],1,6434.0937,3064.5892,1.8950,8.5543,1.9516,-0.8285,:227493519_7,-76.3853,-0.6371,100.0000,default,15,rsu(438m),413,9187,0.1396,438,3.5127,4,6,-76.3853,-93.3750,direct,0.0500,19.2000,-87.2382
113,node[9],1,6434.6843,3065.2290,1.8950,8.7060,1.5171,-0.8267,:227493519_7,-75.8484,2.8035,100.0000,default,15,rsu(439m),414,9211,0.4755,439,3.5135,5,8,-75.8484,-92.8381,direct,0.0500,19.2000,-87.2384
113.1,node[9],1,6435.2916,3065.8870,1.8950,8.9520,2.4595,-0.8254,:227493519_7,-71.4439,6.9779,100.0000,default,15,rsu(440m),415,9235,0.8796,440,3.5143,7,12,-71.4439,-88.4336,direct,0.0500,19.2000,-87.2386
113.2,node[9],1,6435.9134,3066.5607,1.8950,9.1661,2.1408,-0.8254,:227493519_7,-74.7850,4.3935,100.0000,default,15,rsu(440m),416,9259,0.6675,440,3.5152,6,10,-74.7850,-91.7747,direct,0.0500,19.2000,-87.2388
113.3,node[9],1,6436.5464,3067.2465,1.8950,9.3309,1.6489,-0.8254,:227493519_7,-77.6057,-3.1988,100.0000,default,15,rsu(441m),417,9283,0.0431,441,3.5162,2,2,-77.6057,-94.5954,direct,0.0500,19.2000,-87.2390
113.4,node[9],1,6437.1967,3067.9511,1.8950,9.5862,2.5523,-0.8254,:227493519_7,-78.8864,-4.8674,100.0000,default,15,rsu(442m),418,9307,0.0192,442,3.5171,2,2,-78.8864,-95.8761,direct,0.0500,19.2000,-87.2393
113.5,node[9],1,6437.8571,3068.6666,1.8950,9.7346,1.4838,-0.8254,:227493519_7,-80.1479,-1.6261,100.0000,default,15,rsu(443m),419,9331,0.0900,443,3.5181,3,4,-80.1479,-97.1376,direct,0.0500,19.2000,-87.2395
113.6,node[9],1,6438.5347,3069.4007,1.8950,9.9885,2.5394,-0.8254,:227493519_7,-88.6927,-5.0000,100.0000,default,15,rsu(443m),420,9355,0.0180,443,3.5191,2,2,-88.6927,-105.6824,direct,0.0500,19.2000,-87.2397
113.7,node[9],1,6439.2281,3070.1520,1.8950,10.2212,2.3272,-0.8254,:227493519_7,-74.8032,0.6528,100.0000,default,15,rsu(444m),421,9379,0.2362,444,3.5201,4,6,-74.8032,-91.7929,direct,0.0500,19.2000,-87.2400
113.8,node[9],1,6439.9339,3070.9166,1.8950,10.4031,1.8190,-0.8254,:227493519_7,-84.0433,-5.0000,100.0000,default,15,rsu(445m),422,9403,0.0180,445,3.5212,2,2,-84.0433,-101.0330,direct,0.0500,19.2000,-87.2402
113.9,node[9],1,6440.6489,3071.6912,1.8950,10.5398,1.3672,-0.8254,:227493519_7,-81.5655,-5.0000,100.0000,default,15,rsu(446m),423,9427,0.0180,446,3.5092,2,2,-81.5655,-98.5552,direct,0.0500,19.2000,-87.2404
114,node[9],1,6441.3782,3072.4814,1.8950,10.7502,2.1037,-0.8254,:227493519_7,-73.2562,5.3946,100.0000,default,15,rsu(447m),424,9451,0.7680,447,3.5103,7,12,-73.2562,-90.2459,direct,0.0500,19.2000,-87.2406
114.1,node[9],1,6442.1224,3073.2764,1.8950,10.8897,1.3951,-0.8239,21149844#1,-80.6901,-5.0000,100.0000,default,15,rsu(448m),425,9475,0.0180,448,3.5115,2,2,-80.6901,-97.6798,direct,0.0500,19.2000,-87.2408
114.2,node[9],1,6442.8801,3074.0815,1.8950,11.0558,1.6608,-0.8217,21149844#1,-79.2279,-3.8463,100.0000,default,15,rsu(449m),426,9499,0.0316,449,3.5126,2,2,-79.2279,-96.2176,direct,0.0500,19.2000,-87.2410
114.3,node[9],1,6443.6526,3074.9023,1.8950,11.2716,2.1583,-0.8196,21149844#1,-74.9009,4.0048,100.0000,default,15,rsu(449m),427,9523,0.6230,449,3.5138,6,10,-74.9009,-91.8906,direct,0.0500,19.2000,-87.2412
114.4,node[9],1,6444.4221,3075.7200,1.8950,11.2281,-0.4350,-0.8174,21149844#1,-75.5236,0.6058,100.0000,default,15,rsu(450m),428,9547,0.2320,450,3.5150,4,6,-75.5236,-92.5133,direct,0.0500,19.2000,-87.2414
114.5,node[9],1,6445.1923,3076.5384,1.8950,11.2386,0.1052,-0.8157,21149844#1,-73.3582,1.1299,100.0000,default,15,rsu(451m),429,9571,0.2819,451,3.5162,5,8,-73.3582,-90.3479,direct,0.0500,19.2000,-87.2416
114.6,node[9],1,6445.9674,3077.3619,1.8950,11.3088,0.7020,-0.8157,21149844#1,-71.7338,6.5375,100.0000,default,15,rsu(452m),430,9595,0.8543,452,3.5175,7,12,-71.7338,-88.7235,direct,0.0500,19.2000,-87.2417
114.7,node[9],1,6446.7406,3078.1836,1.8950,11.2835,-0.2534,-0.8157,21149844#1,-73.0198,5.2157,100.0000,default,15,rsu(453m),431,9619,0.7517,453,3.5188,7,12,-73.0198,-90.0095,direct,0.0500,19.2000,-87.2419
114.8,node[9],1,6447.5094,3079.0005,1.8950,11.2175,-0.6601,-0.8157,21149844#1,-79.0559,-3.6318,100.0000,default,15,rsu(454m),432,9643,0.0350,454,3.5201,2,2,-79.0559,-96.0456,direct,0.0500,19.2000,-87.2421
114.9,node[9],1,6448.2830,3079.8225,1.8950,11.2880,0.7057,-0.8157,21149844#1,-79.9733,-2.5321,100.0000,default,15,rsu(455m),433,9667,0.0592,455,3.5084,3,4,-79.9733,-96.9630,direct,0.0500,19.2000,-87.2422
115,node[9],1,6449.0582,3080.6462,1.8950,11.3109,0.2291,-0.8157,21149844#1,-82.7808,-4.9792,100.0000,default,15,rsu(456m),434,9691,0.0182,456,3.5121,2,2,-82.7808,-99.7705,direct,0.0500,19.2000,-87.2424
115.1,node[9],1,6449.8268,3081.4629,1.8950,11.2158,-0.9513,-0.8157,21149844#1,-85.7343,-5.0000,100.0000,default,15,rsu(457m),435,9715,0.0180,457,3.5159,2,2,-85.7343,-102.7240,direct,0.0500,19.2000,-87.2425
115.2,node[9],1,6450.6001,3082.2846,1.8950,11.2828,0.6703,-0.8157,21149844#1,-72.1563,5.4501,100.0000,default,15,rsu(458m),436,9739,0.7729,458,3.5197,7,12,-72.1563,-89.1460,direct,0.0500,19.2000,-87.2427
115.3,node[9],1,6451.3721,3083.1049,1.8950,11.2646,-0.1824,-0.8157,21149844#1,-87.0957,-5.0000,100.0000,default,15,rsu(458m),437,9763,0.0180,458,3.5105,2,2,-87.0957,-104.0854,direct,0.0500,19.2000,-87.2428
115.4,node[9],1,6452.1397,3083.9206,1.8950,11.2013,-0.6332,-0.8157,21149844#1,-76.0517,2.7655,100.0000,default,15,rsu(459m),438,9787,0.4707,459,3.5144,5,8,-76.0517,-93.0414,direct,0.0500,19.2000,-87.2430
115.5,node[9],1,6452.9135,3084.7427,1.8950,11.2899,0.8864,-0.8157,21149844#1,-77.2375,2.0357,100.0000,default,15,rsu(460m),439,9811,0.3817,460,3.5183,5,8,-77.2375,-94.2272,direct,0.0500,19.2000,-87.2431
115.6,node[9],1,6453.6888,3085.5666,1.8950,11.3135,0.2357,-0.8157,21149844#1,-81.5495,-5.0000,100.0000,default,15,rsu(461m),440,9835,0.0180,461,3.5092,2,2,-81.5495,-98.5392,direct,0.0500,19.2000,-87.2432
115.7,node[9],1,6454.4626,3086.3888,1.8950,11.2907,-0.2274,-0.8157,21149844#1,-80.2843,-3.4417,100.0000,default,15,rsu(462m),441,9859,0.0384,462,3.5131,2,2,-80.2843,-97.2740,direct,0.0500,19.2000,-87.2434
115.8,node[9],1,6455.2342,3087.2087,1.8950,11.2587,-0.3206,-0.8157,21149844#1,-80.4752,-3.8030,100.0000,default,15,rsu(463m),442,9883,0.0322,463,3.5171,2,2,-80.4752,-97.4649,direct,0.0500,19.2000,-87.2435
115.9,node[9],1,6456.0101,3088.0332,1.8950,11.3221,0.6341,-0.8157,21149844#1,-78.2342,-0.1641,100.0000,default,15,rsu(464m),443,9907,0.1705,464,3.5212,4,6,-78.2342,-95.2239,direct,0.0500,19.2000,-87.2436
116,node[9],1,6456.7805,3088.8518,1.8950,11.2412,-0.8089,-0.8157,21149844#1,-78.0825,0.9655,100.0000,default,15,rsu(465m),444,9931,0.2656,465,3.5122,4,6,-78.0825,-95.0722,direct,0.0500,19.2000,-87.2437
116.1,node[9],1,6457.5491,3089.6684,1.8950,11.2140,-0.2722,-0.8157,21149844#1,-75.0530,4.1743,100.0000,default,15,rsu(466m),445,9955,0.6427,466,3.5163,6,10,-75.0530,-92.0427,direct,0.0500,19.2000,-87.2438
116.2,node[9],1,6458.3200,3090.4876,1.8950,11.2490,0.3499,-0.8157,21149844#1,-87.2866,-5.0000,100.0000,default,15,rsu(467m),446,9979,0.0180,467,3.5204,2,2,-87.2866,-104.2763,direct,0.0500,19.2000,-87.2439
116.3,node[9],1,6459.0878,3091.3034,1.8950,11.2028,-0.4622,-0.8157,21149844#1,-72.7477,5.2046,100.0000,default,15,rsu(468m),447,10003,0.7507,468,3.5116,7,12,-72.7477,-89.7374,direct,0.0500,19.2000,-87.2440
116.4,node[9],1,6459.8605,3092.1245,1.8950,11.2757,0.7298,-0.8157,21149844#1,-82.5962,-5.0000,100.0000,default,15,rsu(469m),448,10027,0.0180,469,3.5158,2,2,-82.5962,-99.5859,direct,0.0500,19.2000,-87.2441
116.5,node[9],1,6460.6359,3092.9484,1.8950,11.3137,0.3792,-0.8157,21149844#1,-88.6809,-5.0000,100.0000,default,15,rsu(469m),449,10051,0.0180,469,3.5200,2,2,-88.6809,-105.6706,direct,0.0500,19.2000,-87.2442
116.6,node[9],1,6461.4122,3093.7733,1.8950,11.3281,0.1442,-0.8157,21149844#1,-86.0419,-5.0000,100.0000,default,15,rsu(470m),450,10075,0.0180,470,3.5112,2,2,-86.0419,-103.0316,direct,0.0500,19.2000,-87.2443
116.7,node[9],1,6462.1855,3094.5950,1.8950,11.2833,-0.4481,-0.8157,21149844#1,-88.1399,-5.0000,100.0000,default,15,rsu(471m),451,10099,0.0180,471,3.5155,2,2,-88.1399,-105.1296,direct,0.0500,19.2000,-87.2443
116.8,node[9],1,6462.9587,3095.4165,1.8950,11.2814,-0.0183,-0.8157,21149844#1,-76.2980,1.2165,100.0000,default,15,rsu(472m),452,10123,0.2908,472,3.5198,5,8,-76.2980,-93.2877,direct,0.0500,19.2000,-87.2444
116.9,node[9],1,6463.7297,3096.2358,1.8950,11.2503,-0.3116,-0.8157,21149844#1,-80.1951,-1.0551,100.0000,default,15,rsu(473m),453,10147,0.1163,473,3.5111,3,4,-80.1951,-97.1848,direct,0.0500,19.2000,-87.2444
117,node[9],1,6464.5004,3097.0548,1.8950,11.2464,-0.0384,-0.8157,21149844#1,-81.6912,-3.2376,100.0000,default,15,rsu(474m),454,10171,0.0423,474,3.5155,2,2,-81.6912,-98.6809,direct,0.0500,19.2000,-87.2445
117.1,node[9],1,6465.2722,3097.8748,1.8950,11.2609,0.1444,-0.8157,21149844#1,-78.0318,-3.6168,100.0000,default,15,rsu(475m),455,10195,0.0353,475,3.5199,2,2,-78.0318,-95.0215,direct,0.0500,19.2000,-87.2445
117.2,node[9],1,6466.0482,3098.6994,1.8950,11.3227,0.6188,-0.8157,21149844#1,-84.6239,-5.0000,100.0000,default,15,rsu(476m),456,10220,0.0180,476,3.5113,2,2,-84.6239,-101.6136,direct,0.0500,19.2000,-87.2446
117.3,node[9],1,6466.8220,3099.5217,1.8950,11.2923,-0.3048,-0.8157,21149844#1,-77.9616,-1.7828,100.0000,default,15,rsu(477m),457,10245,0.0838,477,3.5158,3,4,-77.9616,-94.9513,direct,0.0500,20.0000,-87.2446
117.4,node[9],1,6467.5908,3100.3386,1.8950,11.2180,-0.7427,-0.8157,21149844#1,-74.8085,2.1721,100.0000,default,15,rsu(478m),458,10270,0.3980,478,3.5202,5,8,-74.8085,-91.7982,direct,0.0500,20.0000,-87.2446
117.5,node[9],1,6468.3619,3101.1579,1.8950,11.2503,0.3226,-0.8157,21149844#1,-83.2052,-5.0000,100.0000,default,15,rsu(479m),459,10295,0.0180,479,3.5117,2,2,-83.2052,-100.1949,direct,0.0500,20.0000,-87.2447
117.6,node[9],1,6469.1348,3101.9792,1.8950,11.2783,0.2808,-0.8157,21149844#1,-75.9110,2.2929,100.0000,default,15,rsu(480m),460,10320,0.4125,480,3.5162,5,8,-75.9110,-92.9007,direct,0.0500,20.0000,-87.2447
117.7,node[9],1,6469.9038,3102.7963,1.8950,11.2207,-0.5761,-0.8157,21149844#1,-83.2844,-4.9371,100.0000,default,15,rsu(481m),461,10345,0.0185,481,3.5208,2,2,-83.2844,-100.2741,direct,0.0500,20.0000,-87.2447
117.8,node[9],1,6470.6749,3103.6157,1.8950,11.2520,0.3131,-0.8157,21149844#1,-79.6632,-4.5670,100.0000,default,15,rsu(481m),462,10370,0.0222,481,3.5123,2,2,-79.6632,-96.6529,direct,0.0500,20.0000,-87.2447
117.9,node[9],1,6471.4494,3104.4386,1.8950,11.3005,0.4850,-0.8157,21149844#1,-73.8849,3.7440,100.0000,default,15,rsu(482m),463,10395,0.5919,482,3.5169,6,10,-73.8849,-90.8746,direct,0.0500,20.0000,-87.2447
118,node[9],1,6472.2257,3105.2635,1.8950,11.3275,0.2692,-0.8157,21149844#1,-77.8018,-2.2788,100.0000,default,15,rsu(483m),464,10420,0.0666,483,3.5084,3,4,-77.8018,-94.7915,direct,0.0500,20.0000,-87.2446
118.1,node[9],1,6472.9988,3106.0850,1.8950,11.2805,-0.4692,-0.8157,21149844#1,-90.4545,-5.0000,100.0000,default,15,rsu(484m),465,10445,0.0180,484,3.5129,2,2,-90.4545,-107.4442,direct,0.0500,20.0000,-87.2446
118.2,node[9],1,6473.7702,3106.9046,1.8950,11.2554,-0.2515,-0.8157,21149844#1,-77.2040,0.0222,100.0000,default,15,rsu(485m),466,10470,0.1841,485,3.5174,4,6,-77.2040,-94.1937,direct,0.0500,20.0000,-87.2446
118.3,node[9],1,6474.5447,3107.7277,1.8950,11.3024,0.4705,-0.8157,21149844#1,-78.3699,-0.1215,100.0000,default,15,rsu(486m),467,10495,0.1735,486,3.5089,4,6,-78.3699,-95.3596,direct,0.0500,20.0000,-87.2445
118.4,node[9],1,6475.3192,3108.5506,1.8950,11.3004,-0.0201,-0.8157,21149844#1,-84.0220,-5.0000,100.0000,default,15,rsu(487m),468,10520,0.0180,487,3.5135,2,2,-84.0220,-101.0117,direct,0.0500,20.0000,-87.2445
118.5,node[9],1,6476.0927,3109.3725,1.8950,11.2864,-0.1400,-0.8157,21149844#1,-83.8515,-5.0000,100.0000,default,15,rsu(488m),469,10545,0.0180,488,3.5181,2,2,-83.8515,-100.8412,direct,0.0500,20.0000,-87.2444
118.6,node[9],1,6476.8646,3110.1927,1.8950,11.2635,-0.2289,-0.8157,21149844#1,-84.1499,-5.0000,100.0000,default,15,rsu(489m),470,10570,0.0180,489,3.5098,2,2,-84.1499,-101.1396,direct,0.0500,20.0000,-87.2443
118.7,node[9],1,6477.6381,3111.0146,1.8950,11.2857,0.2219,-0.8157,21149844#1,-84.5393,-5.0000,100.0000,default,15,rsu(490m),471,10595,0.0180,490,3.5145,2,2,-84.5393,-101.5290,direct,0.0500,20.0000,-87.2442
118.8,node[9],1,6478.4095,3111.8343,1.8950,11.2564,-0.2937,-0.8157,21149844#1,-76.4890,0.1464,100.0000,default,15,rsu(491m),472,10620,0.1936,491,3.5192,4,6,-76.4890,-93.4787,direct,0.0500,20.0000,-87.2441
118.9,node[9],1,6479.1846,3112.6579,1.8950,11.3095,0.5313,-0.8157,21149844#1,-78.7569,0.4022,100.0000,default,15,rsu(492m),473,10645,0.2144,492,3.5109,4,6,-78.7569,-95.7466,direct,0.0500,20.0000,-87.2441
119,node[9],1,6479.9565,3113.4781,1.8950,11.2637,-0.4578,-0.8157,21149844#1,-78.5942,-0.5888,100.0000,default,15,rsu(493m),474,10670,0.1425,493,3.5157,4,6,-78.5942,-95.5839,direct,0.0500,20.0000,-87.2439
119.1,node[9],1,6480.7262,3114.2960,1.8950,11.2307,-0.3298,-0.8157,21149844#1,-77.8786,-2.1326,100.0000,default,15,rsu(494m),475,10695,0.0713,494,3.5205,3,4,-77.8786,-94.8683,direct,0.0500,20.0000,-87.2438
119.2,node[9],1,6481.4982,3115.1163,1.8950,11.2642,0.3350,-0.8157,21149844#1,-83.7745,-5.0000,100.0000,default,15,rsu(495m),476,10720,0.0180,495,3.5123,2,2,-83.7745,-100.7642,direct,0.0500,20.0000,-87.2437
119.3,node[9],1,6482.2704,3115.9368,1.8950,11.2685,0.0427,-0.8157,21149844#1,-76.6079,0.6188,100.0000,default,15,rsu(496m),477,10745,0.2332,496,3.5172,4,6,-76.6079,-93.5976,direct,0.0500,20.0000,-87.2436
119.4,node[9],1,6483.0428,3116.7576,1.8950,11.2704,0.0188,-0.8157,21149844#1,-81.4068,-5.0000,100.0000,default,15,rsu(496m),478,10770,0.0180,496,3.5090,2,2,-81.4068,-98.3965,direct,0.0500,20.0000,-87.2434
119.5,node[9],1,6483.8149,3117.5780,1.8950,11.2658,-0.0456,-0.8157,21149844#1,-78.6180,0.0196,100.0000,default,15,rsu(497m),479,10795,0.1839,497,3.5139,4,6,-78.6180,-95.6077,direct,0.0500,20.0000,-87.2433
119.6,node[9],1,6484.5865,3118.3979,1.8950,11.2594,-0.0641,-0.8157,21149844#1,-85.3420,-5.0000,100.0000,default,15,rsu(498m),480,10820,0.0180,498,3.5189,2,2,-85.3420,-102.3317,direct,0.0500,20.0000,-87.2431
119.7,node[9],1,6485.3617,3119.2216,1.8950,11.3104,0.5099,-0.8157,21149844#1,-80.8095,-2.9008,100.0000,default,15,rsu(499m),481,10845,0.0497,499,3.5108,3,4,-80.8095,-97.7992,direct,0.0500,20.0000,-87.2429
119.8,node[9],1,6486.1330,3120.0412,1.8950,11.2552,-0.5525,-0.8157,21149844#1,-81.6098,-4.0689,100.0000,default,15,rsu(500m),482,10870,0.0283,500,3.5158,2,2,-81.6098,-98.5995,direct,0.0500,20.0000,-87.2427
119.9,node[9],1,6486.9035,3120.8598,1.8950,11.2418,-0.1332,-0.8157,21149844#1,-75.6501,2.4855,100.0000,default,15,rsu(501m),483,10895,0.4360,501,3.5209,5,8,-75.6501,-92.6398,direct,0.0500,20.0000,-87.2425
120,node[9],1,6487.6796,3121.6846,1.8950,11.3255,0.8368,-0.8157,21149844#1,-76.8752,-0.1676,100.0000,default,15,rsu(502m),484,10920,0.1703,502,3.5129,4,6,-76.8752,-93.8649,direct,0.0500,20.0000,-87.2424
120.1,node[9],1,6488.4487,3122.5018,1.8950,11.2220,-1.0349,-0.8157,21149844#1,-82.1335,-5.0000,100.0000,default,15,rsu(503m),485,10945,0.0180,503,3.5180,2,2,-82.1335,-99.1232,direct,0.0500,20.0000,-87.2423
120.2,node[9],1,6489.2234,3123.3250,1.8950,11.3043,0.8229,-0.8157,21149844#1,-77.8343,1.0395,100.0000,default,15,rsu(504m),486,10970,0.2728,504,3.5100,5,8,-77.8343,-94.8240,direct,0.0500,20.0000,-87.2421
120.3,node[9],1,6489.9928,3124.1425,1.8950,11.2257,-0.7865,-0.8157,21149844#1,-77.5026,-0.7867,100.0000,default,15,rsu(505m),487,10995,0.1309,505,3.5152,4,6,-77.5026,-94.4923,direct,0.0500,20.0000,-87.2420
120.4,node[9],1,6490.7669,3124.9650,1.8950,11.2959,0.7026,-0.8157,21149844#1,-75.9781,1.7557,100.0000,default,15,rsu(506m),488,11020,0.3493,506,3.5203,5,8,-75.9781,-92.9678,direct,0.0500,20.0000,-87.2418
120.5,node[9],1,6491.5410,3125.7876,1.8950,11.2951,-0.0085,-0.8157,21149844#1,-76.7041,0.3269,100.0000,default,15,rsu(507m),489,11045,0.2081,507,3.5124,4,6,-76.7041,-93.6938,direct,0.0500,20.0000,-87.2416
120.6,node[9],1,6492.3117,3126.6065,1.8950,11.2458,-0.4931,-0.8157,21149844#1,-75.1471,0.9859,100.0000,default,15,rsu(508m),490,11070,0.2676,508,3.5176,4,6,-75.1471,-92.1368,direct,0.0500,20.0000,-87.2414
120.7,node[9],1,6493.0849,3127.4281,1.8950,11.2818,0.3605,-0.8157,21149844#1,-77.3325,1.2053,100.0000,default,15,rsu(509m),491,11095,0.2896,509,3.5098,5,8,-77.3325,-94.3222,direct,0.0500,20.0000,-87.2412
120.8,node[9],1,6493.8527,3128.2439,1.8950,11.2030,-0.7882,-0.8157,21149844#1,-84.0015,-5.0000,100.0000,default,15,rsu(510m),492,11120,0.0180,510,3.5151,2,2,-84.0015,-100.9912,direct,0.0500,20.0000,-87.2410
120.9,node[9],1,6494.6254,3129.0650,1.8950,11.2757,0.7266,-0.8157,21149844#1,-77.8320,1.1439,100.0000,default,15,rsu(511m),493,11145,0.2833,511,3.5203,5,8,-77.8320,-94.8217,direct,0.0500,20.0000,-87.2408
121,node[9],1,6495.3955,3129.8833,1.8950,11.2370,-0.3869,-0.8157,21149844#1,-79.1710,-4.0884,100.0000,default,15,rsu(512m),494,11170,0.0281,512,3.5126,2,2,-79.1710,-96.1607,direct,0.0500,20.0000,-87.2406
121.1,node[9],1,6496.0018,3130.7300,1.8950,11.3095,0.7249,-0.8440,21149844#1,-76.4988,-1.5468,100.0000,default,15,rsu(512m),495,11195,0.0934,512,3.5179,3,4,-76.4988,-93.4885,direct,0.0500,20.0000,-87.2404
121.2,node[9],1,6495.4795,3131.7253,1.8950,11.2404,-0.6909,-1.0979,21149844#1,-84.4765,-5.0000,100.0000,default,15,rsu(512m),496,11220,0.0180,512,3.5102,2,2,-84.4765,-101.4662,direct,0.0500,20.0000,-87.2415
121.3,node[9],1,6494.9561,3132.7225,1.8950,11.2623,0.2196,-1.4056,21149844#1,-84.0867,-5.0000,100.0000,default,15,rsu(512m),497,11245,0.0180,512,3.5155,2,2,-84.0867,-101.0764,direct,0.0500,20.0000,-87.2426
121.4,node[9],1,6494.4325,3133.7202,1.8950,11.2680,0.0570,-1.7189,21149844#1,-76.9995,1.7471,100.0000,default,15,rsu(512m),498,11270,0.3483,512,3.5209,5,8,-76.9995,-93.9892,direct,0.0500,20.0000,-87.2438
121.5,node[9],1,6493.9087,3134.7183,1.8950,11.2715,0.0342,-1.9850,21149844#1,-80.9357,-5.0000,100.0000,default,15,rsu(511m),499,11295,0.0180,511,3.5132,2,2,-80.9357,-97.9254,direct,0.0500,20.0000,-87.2449
121.6,node[9],1,6493.3861,3135.7142,1.8950,11.2471,-0.2434,-2.0541,21149844#1,-82.8398,-5.0000,100.0000,default,15,rsu(511m),500,11320,0.0180,511,3.5186,2,2,-82.8398,-99.8295,direct,0.0500,20.0000,-87.2461
121.7,node[9],1,6492.8642,3136.7087,1.8950,11.2319,-0.1519,-2.0541,21149844#1,-74.8484,3.3371,100.0000,default,15,rsu(511m),501,11345,0.5420,511,3.5110,6,10,-74.8484,-91.8381,direct,0.0500,20.0000,-87.2473
121.8,node[9],1,6492.3383,3137.7107,1.8950,11.3159,0.8395,-2.0541,21149844#1,-76.7742,2.0966,100.0000,default,15,rsu(511m),502,11370,0.3890,511,3.5164,5,8,-76.7742,-93.7639,direct,0.0500,20.0000,-87.2486
121.9,node[9],1,6491.8152,3138.7074,1.8950,11.2563,-0.5953,-2.0541,21149844#1,-79.1056,-0.1167,100.0000,default,15,rsu(511m),503,11395,0.1739,511,3.5089,4,6,-79.1056,-96.0953,direct,0.0500,20.0000,-87.2498
122,node[9],1,6491.2936,3139.7014,1.8950,11.2260,-0.3035,-2.0541,21149844#1,-78.7975,-3.3674,100.0000,default,15,rsu(510m),504,11420,0.0398,510,3.5143,2,2,-78.7975,-95.7872,direct,0.0500,20.0000,-87.2511
122.1,node[9],1,6490.7711,3140.6971,1.8950,11.2440,0.1802,-2.0541,21149844#1,-77.5288,-3.5187,100.0000,default,15,rsu(510m),505,11445,0.0370,510,3.5198,2,2,-77.5288,-94.5185,direct,0.0500,20.0000,-87.2524
122.2,node[9],1,6490.2506,3141.6889,1.8950,11.2017,-0.4236,-2.0541,21149844#1,-83.7686,-5.0000,100.0000,default,15,rsu(510m),506,11470,0.0180,510,3.5123,2,2,-83.7686,-100.7583,direct,0.0500,20.0000,-87.2537
122.3,node[9],1,6489.7261,3142.6883,1.8950,11.2865,0.8488,-2.0541,21149844#1,-78.5899,-1.7843,100.0000,default,15,rsu(510m),507,11495,0.0838,510,3.5178,3,4,-78.5899,-95.5796,direct,0.0500,20.0000,-87.2550
122.4,node[9],1,6489.2004,3143.6901,1.8950,11.3135,0.2693,-2.0541,21149844#1,-77.5448,-0.6917,100.0000,default,15,rsu(509m),508,11520,0.1364,509,3.5103,4,6,-77.5448,-94.5345,direct,0.0500,20.0000,-87.2563
122.5,node[9],1,6488.6766,3144.6881,1.8950,11.2708,-0.4264,-2.0541,21149844#1,-80.4374,-3.0628,100.0000,default,15,rsu(509m),509,11545,0.0460,509,3.5159,2,2,-80.4374,-97.4271,direct,0.0500,20.0000,-87.2577
122.6,node[9],1,6488.1555,3145.6811,1.8950,11.2150,-0.5587,-2.0541,21149844#1,-75.4710,0.2202,100.0000,default,15,rsu(509m),510,11570,0.1994,509,3.5084,4,6,-75.4710,-92.4607,direct,0.0500,20.0000,-87.2591
122.7,node[9],1,6487.6307,3146.6810,1.8950,11.2923,0.7732,-2.0541,21149844#1,-81.7031,-4.7336,100.0000,default,15,rsu(509m),511,11595,0.0205,509,3.5140,2,2,-81.7031,-98.6928,direct,0.0500,20.0000,-87.2604
122.8,node[9],1,6487.1049,3147.6830,1.8950,11.3162,0.2388,-2.0541,21149844#1,-76.0892,-2.1025,100.0000,default,15,rsu(509m),512,11620,0.0723,509,3.5196,3,4,-76.0892,-93.0789,direct,0.0500,20.0000,-87.2617
122.9,node[9],1,6486.5791,3148.6849,1.8950,11.3152,-0.0099,-2.0541,21149844#1,-80.2557,-1.7968,100.0000,default,15,rsu(508m),513,11645,0.0833,508,3.5122,3,4,-80.2557,-97.2454,direct,0.0500,20.0000,-87.2630
123,node[9],1,6486.0527,3149.6879,1.8950,11.3272,0.1201,-2.0541,21149844#1,-80.4790,-1.2946,100.0000,default,15,rsu(508m),514,11670,0.1046,508,3.5178,3,4,-80.4790,-97.4687,direct,0.0500,20.0000,-87.2642
123.1,node[9],1,6485.5305,3150.6829,1.8950,11.2372,-0.9000,-2.0541,21149844#1,-76.6610,1.7855,100.0000,default,15,rsu(508m),515,11695,0.3527,508,3.5105,5,8,-76.6610,-93.6507,direct,0.0500,20.0000,-87.2655
123.2,node[9],1,6485.0047,3151.6849,1.8950,11.3156,0.7845,-2.0541,21149844#1,-77.7585,1.2940,100.0000,default,15,rsu(508m),516,11720,0.2988,508,3.5161,5,8,-77.7585,-94.7482,direct,0.0500,20.0000,-87.2667
123.3,node[9],1,6484.4837,3152.6776,1.8950,11.2117,-1.0391,-2.0541,21149844#1,-86.4820,-5.0000,100.0000,default,15,rsu(507m),517,11745,0.0180,507,3.5088,2,2,-86.4820,-103.4717,direct,0.0500,20.0000,-87.2679
123.4,node[9],1,6483.9587,3153.6780,1.8950,11.2982,0.8650,-2.0541,21149844#1,-87.1777,-5.0000,100.0000,default,15,rsu(507m),518,11770,0.0180,507,3.5145,2,2,-87.1777,-104.1674,direct,0.0500,20.0000,-87.2691
123.5,node[9],1,6483.4334,3154.6790,1.8950,11.3048,0.0657,-2.0541,21149844#1,-76.5426,-2.2509,100.0000,default,15,rsu(507m),519,11795,0.0675,507,3.5202,3,4,-76.5426,-93.5323,direct,0.0500,20.0000,-87.2702
123.6,node[9],1,6482.9120,3155.6724,1.8950,11.2190,-0.8577,-2.0541,21149844#1,-78.9232,-0.5381,100.0000,default,15,rsu(507m),520,11820,0.1457,507,3.5129,4,6,-78.9232,-95.9129,direct,0.0500,20.0000,-87.2713
123.7,node[9],1,6482.3912,3156.6649,1.8950,11.2083,-0.1073,-2.0541,21149844#1,-83.9995,-5.0000,100.0000,default,15,rsu(507m),521,11845,0.0180,507,3.5095,2,2,-83.9995,-100.9892,direct,0.0500,20.0000,-87.2724
123.8,node[9],1,6481.8648,3157.6680,1.8950,11.3287,1.2045,-2.0541,21149844#1,-79.0637,-5.0000,100.0000,default,15,rsu(507m),522,11870,0.0180,507,3.5192,2,2,-79.0637,-96.0534,direct,0.0500,20.0000,-87.2735
123.9,node[9],1,6481.3409,3158.6662,1.8950,11.2731,-0.5559,-2.0541,21149844#1,-79.1955,-1.4453,100.0000,default,15,rsu(506m),523,11895,0.0977,506,3.5159,3,4,-79.1955,-96.1852,direct,0.0500,20.0000,-87.2746
124,node[9],1,6480.8152,3159.6680,1.8950,11.3139,0.4077,-2.0541,21149844#1,-84.2382,-5.0000,100.0000,default,15,rsu(506m),524,11920,0.0180,506,3.5126,2,2,-84.2382,-101.2279,direct,0.0500,20.0000,-87.2756
124.1,node[9],1,6480.2889,3160.6708,1.8950,11.3251,0.1119,-2.0541,21149844#1,-75.8060,-1.2322,100.0000,default,15,rsu(506m),525,11945,0.1075,506,3.5093,3,4,-75.8060,-92.7957,direct,0.0500,20.0000,-87.2766
124.2,node[9],1,6479.7642,3161.6707,1.8950,11.2923,-0.3281,-2.0541,21149844#1,-87.1029,-5.0000,100.0000,default,15,rsu(506m),526,11970,0.0180,506,3.5190,2,2,-87.1029,-104.0926,direct,0.0500,20.0000,-87.2776
124.3,node[9],1,6479.2407,3162.6682,1.8950,11.2655,-0.2678,-2.0541,21149844#1,-80.5746,-4.7891,100.0000,default,15,rsu(506m),527,11995,0.0199,506,3.5157,2,2,-80.5746,-97.5643,direct,0.0500,20.0000,-87.2786
124.4,node[9],1,6478.7174,3163.6652,1.8950,11.2599,-0.0559,-2.0541,21149844#1,-82.2261,-5.0000,100.0000,default,15,rsu(505m),528,12020,0.0180,505,3.5124,2,2,-82.2261,-99.2158,direct,0.0500,20.0000,-87.2795
124.5,node[9],1,6478.1961,3164.6587,1.8950,11.2202,-0.3973,-2.0541,21149844#1,-85.2330,-5.0000,100.0000,default,15,rsu(505m),529,12045,0.0180,505,3.5091,2,2,-85.2330,-102.2227,direct,0.0500,20.0000,-87.2805
124.6,node[9],1,6477.6702,3165.6607,1.8950,11.3153,0.9507,-2.0541,21149844#1,-77.3404,-2.8248,100.0000,default,15,rsu(505m),530,12070,0.0515,505,3.5188,3,4,-77.3404,-94.3301,direct,0.0500,20.0000,-87.2814
124.7,node[9],1,6477.1453,3166.6609,1.8950,11.2966,-0.1866,-2.0541,21149844#1,-78.9271,-4.1422,100.0000,default,15,rsu(505m),531,12095,0.0274,505,3.5155,2,2,-78.9271,-95.9168,direct,0.0500,20.0000,-87.2822
124.8,node[9],1,6476.6236,3167.6551,1.8950,11.2280,-0.6864,-2.0541,21149844#1,-76.4196,-0.8845,100.0000,default,15,rsu(505m),532,12120,0.1254,505,3.5122,4,6,-76.4196,-93.4093,direct,0.0500,20.0000,-87.2831
124.9,node[9],1,6476.1009,3168.6511,1.8950,11.2476,0.1960,-2.0541,21149844#1,-76.6026,-1.3900,100.0000,default,15,rsu(505m),533,12145,0.1002,505,3.5090,3,4,-76.6026,-93.5923,direct,0.0500,20.0000,-87.2839
125,node[9],1,6475.5756,3169.6520,1.8950,11.3039,0.5629,-2.0541,21149844#1,-82.4056,-5.0000,100.0000,default,15,rsu(504m),534,12170,0.0180,504,3.5187,2,2,-82.4056,-99.3953,direct,0.0500,20.0000,-87.2847
125.1,node[9],1,6475.0534,3170.6471,1.8950,11.2383,-0.6560,-2.0541,21149844#1,-77.9428,0.8648,100.0000,default,15,rsu(504m),535,12195,0.2559,504,3.5154,4,6,-77.9428,-94.9325,direct,0.0500,20.0000,-87.2855
125.2,node[9],1,6474.5296,3171.6452,1.8950,11.2726,0.3437,-2.0541,21149844#1,-77.6332,-2.8697,100.0000,default,15,rsu(504m),536,12220,0.0505,504,3.5121,3,4,-77.6332,-94.6229,direct,0.0500,20.0000,-87.2863
125.3,node[9],1,6474.0046,3172.6456,1.8950,11.2979,0.2532,-2.0541,21149844#1,-83.0417,-5.0000,100.0000,default,15,rsu(504m),537,12245,0.0180,504,3.5088,2,2,-83.0417,-100.0314,direct,0.0500,20.0000,-87.2870
125.4,node[9],1,6473.4830,3173.6394,1.8950,11.2230,-0.7498,-2.0541,21149844#1,-81.3260,-3.3203,100.0000,default,15,rsu(504m),538,12270,0.0407,504,3.5186,2,2,-81.3260,-98.3157,direct,0.0500,20.0000,-87.2877
125.5,node[9],1,6472.9606,3174.6349,1.8950,11.2434,0.2043,-2.0541,21149844#1,-77.7731,1.2073,100.0000,default,15,rsu(504m),539,12295,0.2898,504,3.5153,5,8,-77.7731,-94.7628,direct,0.0500,20.0000,-87.2883
125.6,node[9],1,6472.4368,3175.6330,1.8950,11.2711,0.2772,-2.0541,21149844#1,-87.6902,-5.0000,100.0000,default,15,rsu(504m),540,12320,0.0180,504,3.5120,2,2,-87.6902,-104.6799,direct,0.0500,20.0000,-87.2890
125.7,node[9],1,6471.9140,3176.6292,1.8950,11.2514,-0.1970,-2.0541,21149844#1,-74.8934,4.3145,100.0000,default,15,rsu(503m),541,12345,0.6586,503,3.5087,6,10,-74.8934,-91.8831,direct,0.0500,20.0000,-87.2896
125.8,node[9],1,6471.3891,3177.6294,1.8950,11.2954,0.4395,-2.0541,21149844#1,-76.0660,-1.3316,100.0000,default,15,rsu(503m),542,12370,0.1029,503,3.5185,3,4,-76.0660,-93.0557,direct,0.0500,20.0000,-87.2902
125.9,node[9],1,6470.8660,3178.6262,1.8950,11.2574,-0.3793,-2.0541,21149844#1,-79.0884,-3.8147,100.0000,default,15,rsu(503m),543,12395,0.0321,503,3.5152,2,2,-79.0884,-96.0781,direct,0.0500,20.0000,-87.2907
126,node[9],1,6470.3440,3179.6208,1.8950,11.2330,-0.2440,-2.0541,21149844#1,-80.0778,-0.9240,100.0000,default,15,rsu(503m),544,12420,0.1232,503,3.5119,4,6,-80.0778,-97.0675,direct,0.0500,20.0000,-87.2912
126.1,node[9],1,6469.8206,3180.6181,1.8950,11.2624,0.2934,-2.0541,21149844#1,-79.5339,-3.5698,100.0000,default,15,rsu(503m),545,12445,0.0361,503,3.5087,2,2,-79.5339,-96.5236,direct,0.0500,20.0000,-87.2917
126.2,node[9],1,6469.2955,3181.6187,1.8950,11.3004,0.3803,-2.0541,21149844#1,-80.3248,-5.0000,100.0000,default,15,rsu(503m),546,12470,0.0180,503,3.5184,2,2,-80.3248,-97.3145,direct,0.0500,20.0000,-87.2922
126.3,node[9],1,6468.7723,3182.6157,1.8950,11.2596,-0.4085,-2.0541,21149844#1,-83.2025,-4.7207,100.0000,default,15,rsu(503m),547,12495,0.0206,503,3.5151,2,2,-83.2025,-100.1922,direct,0.0500,20.0000,-87.2926
126.4,node[9],1,6468.2484,3183.6140,1.8950,11.2743,0.1472,-2.0541,21149844#1,-83.1613,-5.0000,100.0000,default,15,rsu(502m),548,12520,0.0180,502,3.5119,2,2,-83.1613,-100.1510,direct,0.0500,20.0000,-87.2931
126.5,node[9],1,6467.7258,3184.6097,1.8950,11.2453,-0.2901,-2.0541,21149844#1,-85.6304,-5.0000,100.0000,default,15,rsu(502m),549,12545,0.0180,502,3.5086,2,2,-85.6304,-102.6201,direct,0.0500,20.0000,-87.2934
126.6,node[9],1,6467.2021,3185.6077,1.8950,11.2710,0.2571,-2.0541,21149844#1,-81.4306,-5.0000,100.0000,default,15,rsu(502m),550,12570,0.0180,502,3.5183,2,2,-81.4306,-98.4203,direct,0.0500,20.0000,-87.2938
126.7,node[9],1,6466.6810,3186.6006,1.8950,11.2128,-0.5817,-2.0541,21149844#1,-76.6114,0.1739,100.0000,default,15,rsu(502m),551,12595,0.1958,502,3.5150,4,6,-76.6114,-93.6011,direct,0.0500,20.0000,-87.2941
126.8,node[9],1,6466.1577,3187.5978,1.8950,11.2626,0.4975,-2.0541,21149844#1,-80.6445,-2.1073,100.0000,default,15,rsu(502m),552,12620,0.0722,502,3.5117,3,4,-80.6445,-97.6342,direct,0.0500,20.0000,-87.2944
126.9,node[9],1,6465.6368,3188.5903,1.8950,11.2083,-0.5426,-2.0541,21149844#1,-79.6594,-1.9962,100.0000,default,15,rsu(502m),553,12645,0.0760,502,3.5084,3,4,-79.6594,-96.6491,direct,0.0500,20.0000,-87.2946
127,node[9],1,6465.1133,3189.5879,1.8950,11.2670,0.5865,-2.0541,21149844#1,-88.5767,-5.0000,100.0000,default,15,rsu(502m),554,12670,0.0180,502,3.5181,2,2,-88.5767,-105.5664,direct,0.0500,20.0000,-87.2949
127.1,node[9],1,6464.5898,3190.5854,1.8950,11.2649,-0.0207,-2.0541,21149844#1,-90.3736,-5.0000,100.0000,default,15,rsu(502m),555,12695,0.0180,502,3.5149,2,2,-90.3736,-107.3633,direct,0.0500,20.0000,-87.2951
127.2,node[9],1,6464.0682,3191.5792,1.8950,11.2238,-0.4112,-2.0541,21149844#1,-77.9546,0.9290,100.0000,default,15,rsu(502m),556,12720,0.2620,502,3.5116,4,6,-77.9546,-94.9443,direct,0.0500,20.0000,-87.2952
127.3,node[9],1,6463.5443,3192.5777,1.8950,11.2761,0.5234,-2.0541,21149844#1,-83.4868,-5.0000,100.0000,default,15,rsu(501m),557,12745,0.0180,501,3.5083,2,2,-83.4868,-100.4765,direct,0.0500,20.0000,-87.2953
127.4,node[9],1,6463.0193,3193.5781,1.8950,11.2980,0.2184,-2.0541,21149844#1,-80.8211,-2.9865,100.0000,default,15,rsu(501m),558,12770,0.0477,501,3.5180,3,4,-80.8211,-97.8108,direct,0.0500,20.0000,-87.2954
127.5,node[9],1,6462.4968,3194.5736,1.8950,11.2426,-0.5539,-2.0541,21149844#1,-82.2026,-5.0000,100.0000,default,15,rsu(501m),559,12795,0.0180,501,3.5146,2,2,-82.2026,-99.1923,direct,0.0500,20.0000,-87.2955
127.6,node[9],1,6461.9731,3195.5716,1.8950,11.2710,0.2840,-2.0541,21149844#1,-77.5300,-1.2147,100.0000,default,15,rsu(501m),560,12820,0.1084,501,3.5113,3,4,-77.5300,-94.5197,direct,0.0500,20.0000,-87.2955
127.7,node[9],1,6461.4523,3196.5640,1.8950,11.2077,-0.6328,-2.0541,21149844#1,-75.8633,0.7144,100.0000,default,15,rsu(501m),561,12845,0.2418,501,3.5210,4,6,-75.8633,-92.8530,direct,0.0500,20.0000,-87.2955
127.8,node[9],1,6460.9278,3197.5633,1.8950,11.2856,0.7796,-2.0541,21149844#1,-78.6560,-4.3634,100.0000,default,15,rsu(501m),562,12870,0.0246,501,3.5177,2,2,-78.6560,-95.6457,direct,0.0500,20.0000,-87.2956
127.9,node[9],1,6460.4042,3198.5610,1.8950,11.2677,-0.1793,-2.0541,21149844#1,-84.7485,-5.0000,100.0000,default,15,rsu(501m),563,12895,0.0180,501,3.5144,2,2,-84.7485,-101.7382,direct,0.0500,20.0000,-87.2957
128,node[9],1,6459.8785,3199.5628,1.8950,11.3142,0.4645,-2.0541,21149844#1,-75.0252,2.6454,100.0000,default,15,rsu(501m),564,12920,0.4558,501,3.5111,5,8,-75.0252,-92.0149,direct,0.0500,20.0000,-87.2958
128.1,node[9],1,6459.3523,3200.5654,1.8950,11.3232,0.0907,-2.0541,21149844#1,-77.4316,-1.3895,100.0000,default,15,rsu(501m),565,12945,0.1002,501,3.5207,3,4,-77.4316,-94.4213,direct,0.0500,20.0000,-87.2958
128.2,node[9],1,6458.8281,3201.5643,1.8950,11.2808,-0.4244,-2.0541,21149844#1,-71.7333,2.1686,100.0000,default,15,rsu(501m),566,12970,0.3975,501,3.5174,5,8,-71.7333,-88.7230,direct,0.0500,20.0000,-87.2957
128.3,node[9],1,6458.3063,3202.5586,1.8950,11.2293,-0.5151,-2.0541,21149844#1,-83.3073,-5.0000,100.0000,default,15,rsu(501m),567,12995,0.0180,501,3.5140,2,2,-83.3073,-100.2970,direct,0.0500,20.0000,-87.2955
128.4,node[9],1,6457.7855,3203.5509,1.8950,11.2064,-0.2289,-2.0541,21149844#1,-80.2114,-1.4925,100.0000,default,15,rsu(501m),568,13020,0.0957,501,3.5107,3,4,-80.2114,-97.2011,direct,0.0500,20.0000,-87.2953
128.5,node[9],1,6457.2601,3204.5522,1.8950,11.3079,1.0147,-2.0541,21149844#1,-77.6440,0.9485,100.0000,default,15,rsu(500m),569,13045,0.2639,500,3.5203,4,6,-77.6440,-94.6337,direct,0.0500,20.0000,-87.2951
128.6,node[9],1,6456.7363,3205.5502,1.8950,11.2713,-0.3660,-2.0541,21149844#1,-84.8526,-5.0000,100.0000,default,15,rsu(500m),570,13070,0.0180,500,3.5169,2,2,-84.8526,-101.8423,direct,0.0500,20.0000,-87.2944
128.7,node[9],1,6456.2123,3206.5487,1.8950,11.2760,0.0478,-2.0541,21149844#1,-79.5171,-3.1261,100.0000,default,15,rsu(500m),571,13095,0.0447,500,3.5135,2,2,-79.5171,-96.5068,direct,0.0500,20.0000,-87.2938
128.8,node[9],1,6455.6866,3207.5503,1.8950,11.3123,0.3630,-2.0541,21149844#1,-75.0998,1.7291,100.0000,default,15,rsu(500m),572,13120,0.3463,500,3.5100,5,8,-75.0998,-92.0895,direct,0.0500,20.0000,-87.2932
128.9,node[9],1,6455.1644,3208.5454,1.8950,11.2377,-0.7463,-2.0541,21149844#1,-76.2256,0.8724,100.0000,default,15,rsu(500m),573,13145,0.2566,500,3.5196,4,6,-76.2256,-93.2153,direct,0.0500,20.0000,-87.2925
129,node[9],1,6454.6382,3209.5481,1.8950,11.3237,0.8605,-2.0541,21149844#1,-76.8548,0.7116,100.0000,default,15,rsu(500m),574,13170,0.2415,500,3.5161,4,6,-76.8548,-93.8445,direct,0.0500,20.0000,-87.2915
129.1,node[9],1,6454.1134,3210.5482,1.8950,11.2947,-0.2906,-2.0541,21149844#1,-78.8527,-0.5690,100.0000,default,15,rsu(500m),575,13195,0.1437,500,3.5127,4,6,-78.8527,-95.8424,direct,0.0500,20.0000,-87.2905
129.2,node[9],1,6453.5870,3211.5512,1.8950,11.3279,0.3318,-2.0541,21149844#1,-87.0741,-5.0000,100.0000,default,15,rsu(500m),576,13220,0.0180,500,3.5092,2,2,-87.0741,-104.0638,direct,0.0500,20.0000,-87.2895
129.3,node[9],1,6453.0651,3212.5458,1.8950,11.2320,-0.9584,-2.0541,21149844#1,-78.4571,-1.0366,100.0000,default,15,rsu(500m),577,13245,0.1173,500,3.5186,3,4,-78.4571,-95.4468,direct,0.0500,20.0000,-87.2885
129.4,node[9],1,6452.5441,3213.5384,1.8950,11.2106,-0.2142,-2.0541,21149844#1,-73.7998,5.3584,100.0000,default,15,rsu(500m),578,13270,0.7648,500,3.5151,7,12,-73.7998,-90.7895,direct,0.0500,20.0000,-87.2875
129.5,node[9],1,6452.0206,3214.5359,1.8950,11.2647,0.5413,-2.0541,21149844#1,-77.8654,-3.8338,100.0000,default,15,rsu(500m),579,13295,0.0318,500,3.5116,2,2,-77.8654,-94.8551,direct,0.0500,20.0000,-87.2864
129.6,node[9],1,6451.4956,3215.5363,1.8950,11.2982,0.3348,-2.0541,21149844#1,-71.6972,2.3262,100.0000,default,15,rsu(500m),580,13320,0.4166,500,3.5210,5,8,-71.6972,-88.6869,direct,0.0500,20.0000,-87.2852
129.7,node[9],1,6450.9704,3216.5372,1.8950,11.3034,0.0519,-2.0541,21149844#1,-77.6269,-3.4469,100.0000,default,15,rsu(500m),581,13345,0.0383,500,3.5174,2,2,-77.6269,-94.6166,direct,0.0500,20.0000,-87.2840
129.8,node[9],1,6450.4452,3217.5379,1.8950,11.3017,-0.0169,-2.0541,21149844#1,-78.6827,-4.0804,100.0000,default,15,rsu(500m),582,13370,0.0282,500,3.5138,2,2,-78.6827,-95.6724,direct,0.0500,20.0000,-87.2829
129.9,node[9],1,6449.9208,3218.5371,1.8950,11.2847,-0.1704,-2.0541,21149844#1,-77.8050,0.8452,100.0000,default,15,rsu(500m),583,13395,0.2540,500,3.5101,4,6,-77.8050,-94.7947,direct,0.0500,20.0000,-87.2816
130,node[9],1,6449.3966,3219.5360,1.8950,11.2814,-0.0331,-2.0541,21149844#1,-76.5129,-2.4682,100.0000,default,15,rsu(500m),584,13420,0.0610,500,3.5195,3,4,-76.5129,-93.5026,direct,0.0500,20.0000,-87.2804
130.1,node[9],1,6448.8707,3220.5381,1.8950,11.3165,0.3510,-2.0541,21149844#1,-77.9172,-4.0187,100.0000,default,15,rsu(500m),585,13445,0.0290,500,3.5158,2,2,-77.9172,-94.9069,direct,0.0500,20.0000,-87.2792
130.2,node[9],1,6448.3468,3221.5363,1.8950,11.2737,-0.4279,-2.0541,21149844#1,-76.1979,2.7084,100.0000,default,15,rsu(500m),586,13470,0.4636,500,3.5121,5,8,-76.1979,-93.1876,direct,0.0500,20.0000,-87.2779
130.3,node[9],1,6447.8224,3222.5357,1.8950,11.2860,0.1231,-2.0541,21149844#1,-78.0115,-2.6543,100.0000,default,15,rsu(500m),587,13495,0.0559,500,3.5084,3,4,-78.0115,-95.0012,direct,0.0500,20.0000,-87.2766
130.4,node[9],1,6447.2970,3223.5367,1.8950,11.3057,0.1971,-2.0541,21149844#1,-82.5176,-5.0000,100.0000,default,15,rsu(500m),588,13520,0.0180,500,3.5176,2,2,-82.5176,-99.5073,direct,0.0500,20.0000,-87.2753
130.5,node[9],1,6446.7725,3224.5361,1.8950,11.2866,-0.1913,-2.0541,21149844#1,-86.1361,-5.0000,100.0000,default,15,rsu(500m),589,13545,0.0180,500,3.5138,2,2,-86.1361,-103.1258,direct,0.0500,20.0000,-87.2740
130.6,node[9],1,6446.2481,3225.5355,1.8950,11.2869,0.0034,-2.0541,21149844#1,-77.9620,-1.0253,100.0000,default,15,rsu(500m),590,13570,0.1179,500,3.5100,3,4,-77.9620,-94.9517,direct,0.0500,20.0000,-87.2727
130.7,node[9],1,6445.7261,3226.5302,1.8950,11.2329,-0.5400,-2.0541,21149844#1,-81.7189,-4.6717,100.0000,default,15,rsu(499m),591,13595,0.0211,499,3.5192,2,2,-81.7189,-98.7086,direct,0.0500,20.0000,-87.2713
130.8,node[9],1,6445.2042,3227.5246,1.8950,11.2310,-0.0195,-2.0541,21149844#1,-83.3112,-5.0000,100.0000,default,15,rsu(499m),592,13620,0.0180,499,3.5153,2,2,-83.3112,-100.3009,direct,0.0500,20.0000,-87.2699
130.9,node[9],1,6444.6796,3228.5242,1.8950,11.2883,0.5737,-2.0541,21149844#1,-75.9027,0.0992,100.0000,default,15,rsu(499m),593,13645,0.1899,499,3.5115,4,6,-75.9027,-92.8924,direct,0.0500,20.0000,-87.2685
131,node[9],1,6444.1579,3229.5183,1.8950,11.2274,-0.6092,-2.0541,21149844#1,-79.1148,-3.2316,100.0000,default,15,rsu(499m),594,13670,0.0425,499,3.5205,2,2,-79.1148,-96.1045,direct,0.0500,20.0000,-87.2671
131.1,node[9],1,6443.6372,3230.5105,1.8950,11.2053,-0.2208,-2.0541,21149844#1,-81.1401,-5.0000,100.0000,default,15,rsu(499m),595,13695,0.0180,499,3.5166,2,2,-81.1401,-98.1298,direct,0.0500,20.0000,-87.2656
131.2,node[9],1,6443.1118,3231.5117,1.8950,11.3066,1.0123,-2.0541,21149844#1,-79.9709,-1.6905,100.0000,default,15,rsu(499m),596,13720,0.0874,499,3.5126,3,4,-79.9709,-96.9606,direct,0.0500,20.0000,-87.2642
131.3,node[9],1,6442.5881,3232.5095,1.8950,11.2690,-0.3757,-2.0541,21149844#1,-75.2518,1.6792,100.0000,default,15,rsu(499m),597,13745,0.3406,499,3.5086,5,8,-75.2518,-92.2415,direct,0.0500,20.0000,-87.2627
131.4,node[9],1,6442.0674,3233.5017,1.8950,11.2058,-0.6318,-2.0541,21149844#1,-79.0362,-0.0830,100.0000,default,15,rsu(499m),598,13770,0.1763,499,3.5175,4,6,-79.0362,-96.0259,direct,0.0500,20.0000,-87.2612
131.5,node[9],1,6441.5446,3234.4979,1.8950,11.2502,0.4435,-2.0541,21149844#1,-77.6899,1.0704,100.0000,default,15,rsu(499m),599,13795,0.2759,499,3.5135,5,8,-77.6899,-94.6796,direct,0.0500,20.0000,-87.2596
131.6,node[9],1,6441.0211,3235.4954,1.8950,11.2656,0.1543,-2.0541,21149844#1,-81.5842,-5.0000,100.0000,default,15,rsu(499m),600,13820,0.0180,499,3.5094,2,2,-81.5842,-98.5739,direct,0.0500,20.0000,-87.2581
131.7,node[9],1,6440.4972,3236.4938,1.8950,11.2756,0.0995,-2.0541,21149844#1,-77.3983,1.0692,100.0000,default,15,rsu(499m),601,13845,0.2758,499,3.5182,5,8,-77.3983,-94.3880,direct,0.0500,20.0000,-87.2565
131.8,node[9],1,6439.9709,3237.4966,1.8950,11.3252,0.4961,-2.0541,21149844#1,-75.5246,2.8616,100.0000,default,15,rsu(499m),602,13870,0.4827,499,3.5140,5,8,-75.5246,-92.5143,direct,0.0500,20.0000,-87.2549
131.9,node[9],1,6439.4448,3238.4991,1.8950,11.3215,-0.0363,-2.0541,21149844#1,-84.4955,-5.0000,100.0000,default,15,rsu(499m),603,13895,0.0180,499,3.5098,2,2,-84.4955,-101.4852,direct,0.0500,20.0000,-87.2532
132,node[9],1,6438.9200,3239.4991,1.8950,11.2936,-0.2794,-2.0541,21149844#1,-80.5279,-3.2753,100.0000,default,15,rsu(500m),604,13920,0.0416,500,3.5186,2,2,-80.5279,-97.5176,direct,0.0500,20.0000,-87.2516
132.1,node[9],1,6438.3971,3240.4956,1.8950,11.2535,-0.4008,-2.0541,21149844#1,-79.4315,-2.4193,100.0000,default,15,rsu(500m),605,13945,0.0624,500,3.5143,3,4,-79.4315,-96.4212,direct,0.0500,20.0000,-87.2500
132.2,node[9],1,6437.8710,3241.4980,1.8950,11.3212,0.6766,-2.0541,21149844#1,-79.1983,-3.5286,100.0000,default,15,rsu(500m),606,13970,0.0368,500,3.5100,2,2,-79.1983,-96.1880,direct,0.0500,20.0000,-87.2483
132.3,node[9],1,6437.3473,3242.4959,1.8950,11.2701,-0.5107,-2.0541,21149844#1,-85.5961,-5.0000,100.0000,default,15,rsu(500m),607,13995,0.0180,500,3.5186,2,2,-85.5961,-102.5858,direct,0.0500,20.0000,-87.2466
132.4,node[9],1,6436.8250,3243.4911,1.8950,11.2392,-0.3091,-2.0541,21149844#1,-76.8547,1.1314,100.0000,default,15,rsu(500m),608,14020,0.2821,500,3.5142,5,8,-76.8547,-93.8444,direct,0.0500,20.0000,-87.2449
132.5,node[9],1,6436.3010,3244.4897,1.8950,11.2772,0.3799,-2.0541,21149844#1,-79.5300,-3.5487,100.0000,default,15,rsu(500m),609,14045,0.0365,500,3.5098,2,2,-79.5300,-96.5197,direct,0.0500,20.0000,-87.2432
132.6,node[9],1,6435.7759,3245.4902,1.8950,11.2997,0.2254,-2.0541,21149844#1,-86.2582,-5.0000,100.0000,default,15,rsu(500m),610,14070,0.0180,500,3.5183,2,2,-86.2582,-103.2479,direct,0.0500,20.0000,-87.2415
132.7,node[9],1,6435.2525,3246.4874,1.8950,11.2620,-0.3775,-2.0541,21149844#1,-84.5462,-5.0000,100.0000,default,15,rsu(500m),611,14095,0.0180,500,3.5138,2,2,-84.5462,-101.5359,direct,0.0500,20.0000,-87.2397
132.8,node[9],1,6434.7307,3247.4819,1.8950,11.2309,-0.3104,-2.0541,21149844#1,-82.2108,-3.2863,100.0000,default,15,rsu(500m),612,14120,0.0414,500,3.5093,2,2,-82.2108,-99.2005,direct,0.0500,20.0000,-87.2380
132.9,node[9],1,6434.2098,3248.4745,1.8950,11.2096,-0.2134,-2.0541,21149844#1,-83.3583,-4.3556,100.0000,default,15,rsu(500m),613,14145,0.0247,500,3.5177,2,2,-83.3583,-100.3480,direct,0.0500,20.0000,-87.2363
133,node[9],1,6433.6891,3249.4666,1.8950,11.2043,-0.0525,-2.0541,21149844#1,-76.9768,-0.6466,100.0000,default,15,rsu(500m),614,14170,0.1390,500,3.5131,4,6,-76.9768,-93.9665,direct,0.0500,20.0000,-87.2346
133.1,node[9],1,6433.1643,3250.4665,1.8950,11.2933,0.8895,-2.0541,21149844#1,-73.6677,3.9176,100.0000,default,15,rsu(500m),615,14195,0.6127,500,3.5084,6,10,-73.6677,-90.6574,direct,0.0500,20.0000,-87.2329
133.2,node[9],1,6432.6386,3251.4683,1.8950,11.3139,0.2058,-2.0541,21149844#1,-88.1795,-5.0000,100.0000,default,15,rsu(500m),616,14220,0.0180,500,3.5167,2,2,-88.1795,-105.1692,direct,0.0500,20.0000,-87.2312
133.3,node[9],1,6432.1144,3252.4672,1.8950,11.2805,-0.3339,-2.0541,21149844#1,-78.6577,-2.6018,100.0000,default,15,rsu(500m),617,14245,0.0573,500,3.5119,3,4,-78.6577,-95.6474,direct,0.0500,20.0000,-87.2295
133.4,node[9],1,6431.5898,3253.4668,1.8950,11.2895,0.0898,-2.0541,21149844#1,-91.4455,-5.0000,100.0000,default,15,rsu(500m),618,14270,0.0180,500,3.5202,2,2,-91.4455,-108.4352,direct,0.0500,20.0000,-87.2277
133.5,node[9],1,6431.0643,3254.4681,1.8950,11.3078,0.1833,-2.0541,21149844#1,-75.6954,1.5174,100.0000,default,15,rsu(500m),619,14295,0.3227,500,3.5153,5,8,-75.6954,-92.6851,direct,0.0500,20.0000,-87.2260
133.6,node[9],1,6430.5433,3255.4609,1.8950,11.2126,-0.9514,-2.0541,21149844#1,-79.0739,-0.6771,100.0000,default,15,rsu(500m),620,14320,0.1372,500,3.5105,4,6,-79.0739,-96.0636,direct,0.0500,20.0000,-87.2243
133.7,node[9],1,6430.0208,3256.4564,1.8950,11.2429,0.3022,-2.0541,21149844#1,-75.1775,3.6025,100.0000,default,15,rsu(500m),621,14345,0.5748,500,3.5185,6,10,-75.1775,-92.1672,direct,0.0500,20.0000,-87.2226
133.8,node[9],1,6429.4975,3257.4537,1.8950,11.2626,0.1974,-2.0541,21149844#1,-80.7124,-3.9815,100.0000,default,15,rsu(500m),622,14370,0.0296,500,3.5136,2,2,-80.7124,-97.7021,direct,0.0500,20.0000,-87.2209
133.9,node[9],1,6428.9716,3258.4558,1.8950,11.3168,0.5422,-2.0541,21149844#1,-74.9238,0.3092,100.0000,default,15,rsu(500m),623,14395,0.2066,500,3.5086,4,6,-74.9238,-91.9135,direct,0.0500,20.0000,-87.2192
134,node[9],1,6428.4497,3259.4502,1.8950,11.2305,-0.8635,-2.0541,21149844#1,-74.1930,4.1997,100.0000,default,15,rsu(500m),624,14420,0.6456,500,3.5165,6,10,-74.1930,-91.1827,direct,0.0500,20.0000,-87.2175
134.1,node[9],1,6427.9263,3260.4476,1.8950,11.2644,0.3388,-2.0541,21149844#1,-77.5301,-2.9241,100.0000,default,15,rsu(500m),625,14445,0.0492,500,3.5114,3,4,-77.5301,-94.5198,direct,0.0500,20.0000,-87.2158
134.2,node[9],1,6427.4043,3261.4422,1.8950,11.2327,-0.3168,-2.0541,21149844#1,-80.5896,-1.3905,100.0000,default,15,rsu(501m),626,14470,0.1002,501,3.5193,3,4,-80.5896,-97.5793,direct,0.0500,20.0000,-87.2141
134.3,node[9],1,6426.8801,3262.4411,1.8950,11.2808,0.4813,-2.0541,21149844#1,-75.9802,0.3540,100.0000,default,15,rsu(501m),627,14495,0.2103,501,3.5141,4,6,-75.9802,-92.9699,direct,0.0500,20.0000,-87.2124
134.4,node[9],1,6426.3576,3263.4368,1.8950,11.2451,-0.3575,-2.0541,21149844#1,-88.3374,-5.0000,100.0000,default,15,rsu(501m),628,14520,0.0180,501,3.5089,2,2,-88.3374,-105.3271,direct,0.0500,20.0000,-87.2108
134.5,node[9],1,6425.8330,3264.4363,1.8950,11.2877,0.4264,-2.0541,21149844#1,-83.9427,-4.5803,100.0000,default,15,rsu(501m),629,14545,0.0221,501,3.5167,2,2,-83.9427,-100.9324,direct,0.0500,20.0000,-87.2091
134.6,node[9],1,6425.3096,3265.4336,1.8950,11.2635,-0.2424,-2.0541,21149844#1,-77.1797,0.6668,100.0000,default,15,rsu(501m),630,14570,0.2375,501,3.5114,4,6,-77.1797,-94.1694,direct,0.0500,20.0000,-87.2074
134.7,node[9],1,6424.7879,3266.4278,1.8950,11.2274,-0.3608,-2.0541,21149844#1,-78.9405,-0.4157,100.0000,default,15,rsu(501m),631,14595,0.1534,501,3.5190,4,6,-78.9405,-95.9302,direct,0.0500,20.0000,-87.2058
134.8,node[9],1,6424.2645,3267.4251,1.8950,11.2634,0.3604,-2.0541,21149844#1,-82.2601,-5.0000,100.0000,default,15,rsu(501m),632,14620,0.0180,501,3.5136,2,2,-82.2601,-99.2498,direct,0.0500,20.0000,-87.2041
134.9,node[9],1,6423.7437,3268.4175,1.8950,11.2072,-0.5626,-2.0541,21149844#1,-85.3618,-5.0000,100.0000,default,15,rsu(501m),633,14645,0.0180,501,3.5082,2,2,-85.3618,-102.3515,direct,0.0500,20.0000,-87.2025
135,node[9],1,6423.2223,3269.4110,1.8950,11.2206,0.1343,-2.0541,21149844#1,-85.0313,-5.0000,100.0000,default,15,rsu(501m),634,14670,0.0180,501,3.5158,2,2,-85.0313,-102.0210,direct,0.0500,20.0000,-87.2008
135.1,node[9],1,6422.7012,3270.4041,1.8950,11.2150,-0.0560,-2.0541,21149844#1,-76.7351,0.2776,100.0000,default,15,rsu(501m),635,14695,0.2040,501,3.5103,4,6,-76.7351,-93.7248,direct,0.0500,20.0000,-87.1992
135.2,node[9],1,6422.1751,3271.4065,1.8950,11.3212,1.0623,-2.0541,21149844#1,-78.7437,-4.9631,100.0000,default,15,rsu(501m),636,14720,0.0183,501,3.5177,2,2,-78.7437,-95.7334,direct,0.0500,20.0000,-87.1976
135.3,node[9],1,6421.6533,3272.4007,1.8950,11.2284,-0.9287,-2.0541,21149844#1,-80.3808,-1.7543,100.0000,default,15,rsu(501m),637,14745,0.0849,501,3.5121,3,4,-80.3808,-97.3705,direct,0.0500,20.0000,-87.1960
135.4,node[9],1,6421.1273,3273.4031,1.8950,11.3202,0.9187,-2.0541,21149844#1,-82.6535,-3.4150,100.0000,default,15,rsu(502m),638,14770,0.0389,502,3.5195,2,2,-82.6535,-99.6432,direct,0.0500,20.0000,-87.1944
135.5,node[9],1,6420.6039,3274.4004,1.8950,11.2635,-0.5674,-2.0541,21149844#1,-74.7474,0.2975,100.0000,default,15,rsu(502m),639,14795,0.2057,502,3.5139,4,6,-74.7474,-91.7371,direct,0.0500,20.0000,-87.1928
135.6,node[9],1,6420.0786,3275.4013,1.8950,11.3027,0.3925,-2.0541,21149844#1,-80.1756,-5.0000,100.0000,default,15,rsu(502m),640,14820,0.0180,502,3.5081,2,2,-80.1756,-97.1653,direct,0.0500,20.0000,-87.1912
135.7,node[9],1,6419.5526,3276.4037,1.8950,11.3211,0.1840,-2.0541,21149844#1,-76.0207,1.3414,100.0000,default,15,rsu(502m),641,14845,0.3038,502,3.5154,5,8,-76.0207,-93.0104,direct,0.0500,20.0000,-87.1896
135.8,node[9],1,6419.0294,3277.4006,1.8950,11.2580,-0.6313,-2.0541,21149844#1,-81.4135,-5.0000,100.0000,default,15,rsu(502m),642,14870,0.0180,502,3.5096,2,2,-81.4135,-98.4032,direct,0.0500,20.0000,-87.1881
135.9,node[9],1,6418.5089,3278.3923,1.8950,11.2004,-0.5760,-2.0541,21149844#1,-75.7280,3.4185,100.0000,default,15,rsu(502m),643,14895,0.5521,502,3.5168,6,10,-75.7280,-92.7177,direct,0.0500,20.0000,-87.1866
136,node[9],1,6417.9873,3279.3864,1.8950,11.2264,0.2594,-2.0541,21149844#1,-89.4913,-5.0000,100.0000,default,15,rsu(502m),644,14920,0.0180,502,3.5109,2,2,-89.4913,-106.4810,direct,0.0500,20.0000,-87.1850
136.1,node[9],1,6417.4621,3280.3870,1.8950,11.3011,0.7474,-2.0541,21149844#1,-73.6831,2.4171,100.0000,default,15,rsu(502m),645,14945,0.4276,502,3.5180,5,8,-73.6831,-90.6728,direct,0.0500,20.0000,-87.1835
136.2,node[9],1,6416.9406,3281.3807,1.8950,11.2220,-0.7911,-2.0541,21149844#1,-83.5606,-5.0000,100.0000,default,15,rsu(503m),646,14970,0.0180,503,3.5120,2,2,-83.5606,-100.5503,direct,0.0500,20.0000,-87.1820
136.3,node[9],1,6416.4170,3282.3786,1.8950,11.2692,0.4722,-2.0541,21149844#1,-76.7378,-0.9441,100.0000,default,15,rsu(503m),647,14995,0.1222,503,3.5190,4,6,-76.7378,-93.7275,direct,0.0500,20.0000,-87.1805
136.4,node[9],1,6415.8938,3283.3754,1.8950,11.2577,-0.1153,-2.0541,21149844#1,-81.4128,-2.3010,100.0000,default,15,rsu(503m),648,15020,0.0660,503,3.5130,3,4,-81.4128,-98.4025,direct,0.0500,20.0000,-87.1791
136.5,node[9],1,6415.3720,3284.3698,1.8950,11.2305,-0.2717,-2.0541,21149844#1,-85.4950,-5.0000,100.0000,default,15,rsu(503m),649,15045,0.0180,503,3.5199,2,2,-85.4950,-102.4847,direct,0.0500,20.0000,-87.1776
136.6,node[9],1,6414.8503,3285.3638,1.8950,11.2261,-0.0438,-2.0541,21149844#1,-76.4649,1.3032,100.0000,default,15,rsu(503m),650,15070,0.2998,503,3.5138,5,8,-76.4649,-93.4546,direct,0.0500,20.0000,-87.1762
136.7,node[9],1,6414.3270,3286.3610,1.8950,11.2615,0.3540,-2.0541,21149844#1,-88.9951,-5.0000,100.0000,default,15,rsu(503m),651,15096,0.0180,503,3.5127,2,2,-88.9951,-105.9848,direct,0.0500,20.4000,-87.1748
136.8,node[9],1,6413.8042,3287.3572,1.8950,11.2510,-0.1051,-2.0541,21149844#1,-77.8972,1.0345,100.0000,default,15,rsu(503m),652,15122,0.2723,503,3.5116,5,8,-77.8972,-94.8869,direct,0.0500,20.4000,-87.1734
136.9,node[9],1,6413.2786,3288.3587,1.8950,11.3104,0.5943,-2.0541,21149844#1,-76.0273,-0.4262,100.0000,default,15,rsu(503m),653,15148,0.1528,503,3.5104,4,6,-76.0273,-93.0170,direct,0.0500,20.8000,-87.1720
137,node[9],1,6412.7576,3289.3516,1.8950,11.2125,-0.9791,-2.0541,21149844#1,-78.0970,-2.1340,100.0000,default,15,rsu(504m),654,15174,0.0713,504,3.5092,3,4,-78.0970,-95.0867,direct,0.0500,20.8000,-87.1706
137.1,node[9],1,6412.2333,3290.3505,1.8950,11.2821,0.6951,-2.0541,21149844#1,-82.1723,-5.0000,100.0000,default,15,rsu(504m),655,15200,0.0180,504,3.5080,2,2,-82.1723,-99.1620,direct,0.0500,20.8000,-87.1693
137.2,node[9],1,6411.7104,3291.3469,1.8950,11.2520,-0.3008,-2.0541,21149844#1,-75.6864,-0.9798,100.0000,default,15,rsu(504m),656,15226,0.1203,504,3.5198,4,6,-75.6864,-92.6761,direct,0.0500,20.8000,-87.1680
137.3,node[9],1,6411.1858,3292.3465,1.8950,11.2889,0.3691,-2.0541,21149844#1,-77.4539,0.0082,100.0000,default,15,rsu(504m),657,15252,0.1830,504,3.5185,4,6,-77.4539,-94.4436,direct,0.0500,20.8000,-87.1667
137.4,node[9],1,6410.6613,3293.3459,1.8950,11.2871,-0.0177,-2.0541,21149844#1,-79.8329,-3.1856,100.0000,default,15,rsu(504m),658,15278,0.0434,504,3.5171,2,2,-79.8329,-96.8226,direct,0.0500,20.8000,-87.1654
137.5,node[9],1,6410.1478,3294.3244,1.8950,11.0509,-2.3621,-2.0541,21149844#1,-81.7207,-4.0912,100.0000,default,15,rsu(504m),659,15304,0.0280,504,3.5158,2,2,-81.7207,-98.7104,direct,0.0500,20.8000,-87.1642
137.6,node[9],1,6409.6552,3295.2631,1.8950,10.6009,-4.5000,-2.0541,21149844#1,-85.3682,-5.0000,100.0000,default,15,rsu(504m),660,15330,0.0180,504,3.5143,2,2,-85.3682,-102.3579,direct,0.0500,20.8000,-87.1629
137.7,node[9],1,6409.1835,3296.1619,1.8950,10.1509,-4.5000,-2.0541,21149844#1,-82.6071,-4.9230,100.0000,default,15,rsu(505m),661,15356,0.0187,505,3.5129,2,2,-82.6071,-99.5968,direct,0.0500,20.8000,-87.1616
137.8,node[9],1,6408.7313,3297.0235,1.8950,9.7305,-4.2040,-2.0541,21149844#1,-77.2610,-3.3802,100.0000,default,15,rsu(505m),662,15382,0.0395,505,3.5114,2,2,-77.2610,-94.2507,direct,0.0500,20.8000,-87.1604
137.9,node[9],1,6408.3001,3297.8453,1.8950,9.2805,-4.5000,-2.0541,21149844#1,-85.8742,-5.0000,100.0000,default,15,rsu(505m),663,15408,0.0180,505,3.5099,2,2,-85.8742,-102.8639,direct,0.0500,20.8000,-87.1591
138,node[9],1,6407.8897,3298.6272,1.8950,8.8305,-4.5000,-2.0541,21149844#1,-79.1366,-3.5026,100.0000,default,15,rsu(505m),664,15434,0.0373,505,3.5083,2,2,-79.1366,-96.1263,direct,0.0500,20.8000,-87.1578
138.1,node[9],1,6407.5003,3299.3692,1.8950,8.3805,-4.5000,-2.0541,21149844#1,-82.8500,-4.5459,100.0000,default,15,rsu(505m),665,15460,0.0225,505,3.5197,2,2,-82.8500,-99.8397,direct,0.0500,20.8000,-87.1565
138.2,node[9],1,6407.1318,3300.0714,1.8950,7.9305,-4.5000,-2.0541,21149844#1,-77.4523,-3.4552,100.0000,default,15,rsu(505m),666,15486,0.0381,505,3.5181,2,2,-77.4523,-94.4420,direct,0.0500,20.8000,-87.1552
138.3,node[9],1,6406.7841,3300.7340,1.8950,7.4827,-4.4784,-2.0541,21149844#1,-79.0558,-0.8659,100.0000,default,15,rsu(505m),667,15512,0.1264,505,3.5164,4,6,-79.0558,-96.0455,direct,0.0500,20.8000,-87.1539
138.4,node[9],1,6406.4571,3301.3570,1.8950,7.0357,-4.4693,-2.0541,21149844#1,-77.7650,0.2691,100.0000,default,15,rsu(505m),668,15538,0.2034,505,3.5147,4,6,-77.7650,-94.7547,direct,0.0500,20.8000,-87.1526
138.5,node[9],1,6406.1511,3301.9401,1.8950,6.5857,-4.5000,-2.0541,21149844#1,-80.4852,-3.6297,100.0000,default,15,rsu(506m),669,15564,0.0351,506,3.5129,2,2,-80.4852,-97.4749,direct,0.0500,20.8000,-87.1513
138.6,node[9],1,6405.8660,3302.4834,1.8950,6.1357,-4.5000,-2.0541,21149844#1,-77.3217,1.8735,100.0000,default,15,rsu(506m),670,15590,0.3628,506,3.5111,5,8,-77.3217,-94.3114,direct,0.0500,20.8000,-87.1499
138.7,node[9],1,6405.5688,3303.0498,1.8950,6.3957,2.6000,-2.0541,21149844#1,-91.3900,-5.0000,100.0000,default,15,rsu(506m),671,15616,0.0180,506,3.5093,2,2,-91.3900,-108.3797,direct,0.0500,20.8000,-87.1486
138.8,node[9],1,6405.2595,3303.6391,1.8950,6.6557,2.6000,-2.0541,21149844#1,-81.2610,-4.8113,100.0000,default,15,rsu(506m),672,15642,0.0197,506,3.5204,2,2,-81.2610,-98.2507,direct,0.0500,20.8000,-87.1473
138.9,node[9],1,6404.9381,3304.2515,1.8950,6.9157,2.6000,-2.0541,21149844#1,-75.2554,3.6114,100.0000,default,15,rsu(506m),673,15668,0.5758,506,3.5184,6,10,-75.2554,-92.2451,direct,0.0500,20.8000,-87.1461
139,node[9],1,6404.6047,3304.8868,1.8950,7.1757,2.6000,-2.0541,21149844#1,-81.2947,-4.5196,100.0000,default,15,rsu(506m),674,15694,0.0228,506,3.5165,2,2,-81.2947,-98.2844,direct,0.0500,20.8000,-87.1449
139.1,node[9],1,6404.2591,3305.5452,1.8950,7.4357,2.6000,-2.0541,21149844#1,-83.5992,-5.0000,100.0000,default,15,rsu(506m),675,15720,0.0180,506,3.5145,2,2,-83.5992,-100.5889,direct,0.0500,20.8000,-87.1437
139.2,node[9],1,6403.9061,3306.2150,1.8950,7.5707,1.3497,-2.0544,:227493527_1,-80.6277,-2.3305,100.0000,default,15,rsu(506m),676,15746,0.0651,506,3.5124,3,4,-80.6277,-97.6174,direct,0.0500,20.8000,-87.1426
139.3,node[9],1,6403.5434,3306.8962,1.8950,7.7157,1.4505,-2.0553,:227493527_1,-82.4689,-5.0000,100.0000,default,15,rsu(506m),677,15772,0.0180,506,3.5103,2,2,-82.4689,-99.4586,direct,0.0500,20.8000,-87.1416
139.4,node[9],1,6403.1700,3307.5972,1.8950,7.9407,2.2492,-2.0563,:227493527_1,-77.4546,-1.5141,100.0000,default,15,rsu(507m),678,15798,0.0947,507,3.5082,3,4,-77.4546,-94.4443,direct,0.0500,20.8000,-87.1405
139.5,node[9],1,6402.7872,3308.3159,1.8950,8.1418,2.0117,-2.0573,:227493527_1,-80.6115,-5.0000,100.0000,default,15,rsu(507m),679,15824,0.0180,507,3.5191,2,2,-80.6115,-97.6012,direct,0.0500,20.8000,-87.1395
139.6,node[9],1,6402.3923,3309.0574,1.8950,8.3996,2.5778,-2.0583,:227493527_1,-72.5543,6.1407,100.0000,default,15,rsu(507m),680,15850,0.8278,507,3.5169,7,12,-72.5543,-89.5440,direct,0.0500,20.8000,-87.1386
139.7,node[9],1,6401.9866,3309.8191,1.8950,8.6276,2.2799,-2.0593,:227493527_1,-82.1556,-5.0000,100.0000,default,15,rsu(507m),681,15876,0.0180,507,3.5147,2,2,-82.1556,-99.1453,direct,0.0500,20.8000,-87.1377
139.8,node[9],1,6401.5702,3310.6009,1.8950,8.8565,2.2887,-2.0602,:227493527_1,-81.9944,-5.0000,100.0000,default,15,rsu(507m),682,15902,0.0180,507,3.5124,2,2,-81.9944,-98.9841,direct,0.0500,20.8000,-87.1368
139.9,node[9],1,6401.1418,3311.4052,1.8950,9.1103,2.5380,-2.0602,:227493527_1,-77.6827,-3.0398,100.0000,default,15,rsu(507m),683,15928,0.0465,507,3.5101,2,2,-77.6827,-94.6724,direct,0.0500,20.8000,-87.1360
140,node[9],1,6400.7066,3312.2224,1.8950,9.2563,1.4604,-2.0602,:227493527_1,-77.7097,-3.2883,100.0000,default,15,rsu(507m),684,15954,0.0413,507,3.5078,2,2,-77.7097,-94.6994,direct,0.0500,20.8000,-87.1353
140.1,node[9],1,6400.2652,3313.0511,1.8950,9.3876,1.3125,-2.0602,:227493527_1,-83.4637,-5.0000,100.0000,default,15,rsu(508m),685,15980,0.0180,508,3.5184,2,2,-83.4637,-100.4534,direct,0.0500,20.8000,-87.1346
140.2,node[9],1,6399.8133,3313.8997,1.8950,9.6128,2.2525,-2.0602,:227493527_1,-87.6362,-5.0000,100.0000,default,15,rsu(508m),686,16006,0.0180,508,3.5160,2,2,-87.6362,-104.6259,direct,0.0500,20.8000,-87.1339
140.3,node[9],1,6399.3533,3314.7634,1.8950,9.7837,1.7091,-2.0602,:227493527_1,-85.1829,-5.0000,100.0000,default,15,rsu(508m),687,16032,0.0180,508,3.5136,2,2,-85.1829,-102.1726,direct,0.0500,20.8000,-87.1333
140.4,node[9],1,6398.8867,3315.6394,1.8950,9.9232,1.3948,-2.0602,:227493527_1,-79.2661,-1.5148,100.0000,default,15,rsu(508m),688,16058,0.0947,508,3.5111,3,4,-79.2661,-96.2558,direct,0.0500,20.8000,-87.1327
140.5,node[9],1,6398.4089,3316.5365,1.8950,10.1619,2.3867,-2.0602,:227493527_1,-75.1121,3.3184,100.0000,default,15,rsu(508m),689,16084,0.5397,508,3.5086,6,10,-75.1121,-92.1018,direct,0.0500,20.8000,-87.1322
140.6,node[9],1,6397.9244,3317.4462,1.8950,10.3038,1.4194,-2.0602,:227493527_1,-78.7760,-4.1969,100.0000,default,15,rsu(509m),690,16110,0.0266,509,3.5190,2,2,-78.7760,-95.7657,direct,0.0500,20.8000,-87.1317
140.7,node[9],1,6397.4315,3318.3716,1.8950,10.4835,1.7964,-2.0602,:227493527_1,-79.5816,-4.6713,100.0000,default,15,rsu(509m),691,16136,0.0211,509,3.5165,2,2,-79.5816,-96.5713,direct,0.0500,20.8000,-87.1313
140.8,node[9],1,6396.9243,3319.3144,1.8950,10.7044,2.2094,-2.0611,21149844#2,-76.4592,-1.0316,100.0000,default,15,rsu(509m),692,16162,0.1176,509,3.5138,3,4,-76.4592,-93.4489,direct,0.0500,20.8000,-87.1310
140.9,node[9],1,6396.4053,3320.2726,1.8950,10.8977,1.9328,-2.0626,21149844#2,-84.9503,-5.0000,100.0000,default,15,rsu(509m),693,16188,0.0180,509,3.5112,2,2,-84.9503,-101.9400,direct,0.0500,20.8000,-87.1307
141,node[9],1,6395.8769,3321.2481,1.8950,11.0947,1.9701,-2.0642,21149844#2,-89.0542,-5.0000,100.0000,default,15,rsu(509m),694,16214,0.0180,509,3.5085,2,2,-89.0542,-106.0439,direct,0.0500,20.8000,-87.1305
141.1,node[9],1,6395.3434,3322.2330,1.8950,11.2017,1.0701,-2.0657,21149844#2,-78.8175,-0.4558,100.0000,default,15,rsu(510m),695,16240,0.1509,510,3.5188,4,6,-78.8175,-95.8072,direct,0.0500,20.8000,-87.1303
141.2,node[9],1,6394.8059,3323.2254,1.8950,11.2865,0.8483,-2.0672,21149844#2,-88.4207,-5.0000,100.0000,default,15,rsu(510m),696,16266,0.0180,510,3.5160,2,2,-88.4207,-105.4104,direct,0.0500,20.8000,-87.1302
141.3,node[9],1,6394.2696,3324.2155,1.8950,11.2611,-0.2545,-2.0672,21149844#2,-84.6885,-5.0000,100.0000,default,15,rsu(510m),697,16292,0.0180,510,3.5133,2,2,-84.6885,-101.6782,direct,0.0500,20.8000,-87.1301
141.4,node[9],1,6393.7341,3325.2040,1.8950,11.2422,-0.1890,-2.0672,21149844#2,-80.9688,-5.0000,100.0000,default,15,rsu(510m),698,16318,0.0180,510,3.5105,2,2,-80.9688,-97.9585,direct,0.0500,20.8000,-87.1301
141.5,node[9],1,6393.1987,3326.1925,1.8950,11.2417,-0.0054,-2.0672,21149844#2,-80.2756,-1.3382,100.0000,default,15,rsu(510m),699,16344,0.1026,510,3.5077,3,4,-80.2756,-97.2653,direct,0.0500,20.8000,-87.1301
141.6,node[9],1,6392.6599,3327.1872,1.8950,11.3135,0.7188,-2.0672,21149844#2,-85.1280,-5.0000,100.0000,default,15,rsu(511m),700,16370,0.0180,511,3.5178,2,2,-85.1280,-102.1177,direct,0.0500,20.8000,-87.1302
141.7,node[9],1,6392.1227,3328.1790,1.8950,11.2793,-0.3427,-2.0672,21149844#2,-84.1783,-5.0000,100.0000,default,15,rsu(511m),701,16396,0.0180,511,3.5149,2,2,-84.1783,-101.1680,direct,0.0500,20.8000,-87.1303
141.8,node[9],1,6391.5846,3329.1725,1.8950,11.2992,0.1997,-2.0672,21149844#2,-75.7087,-1.5200,100.0000,default,15,rsu(511m),702,16422,0.0945,511,3.5121,3,4,-75.7087,-92.6984,direct,0.0500,20.8000,-87.1304
141.9,node[9],1,6391.0457,3330.1674,1.8950,11.3150,0.1573,-2.0672,21149844#2,-81.3361,-5.0000,100.0000,default,15,rsu(511m),703,16448,0.0180,511,3.5091,2,2,-81.3361,-98.3258,direct,0.0500,20.8000,-87.1306
142,node[9],1,6390.5107,3331.1552,1.8950,11.2342,-0.8077,-2.0672,21149844#2,-79.7559,-2.0251,100.0000,default,15,rsu(512m),704,16474,0.0750,512,3.5192,3,4,-79.7559,-96.7456,direct,0.0500,20.8000,-87.1308
142.1,node[9],1,6389.9755,3332.1433,1.8950,11.2382,0.0398,-2.0672,21149844#2,-74.4735,2.2375,100.0000,default,15,rsu(512m),705,16500,0.4058,512,3.5163,5,8,-74.4735,-91.4632,direct,0.0500,20.8000,-87.1310
142.2,node[9],1,6389.4369,3333.1375,1.8950,11.3072,0.6900,-2.0672,21149844#2,-81.5050,-2.6531,100.0000,default,15,rsu(512m),706,16526,0.0559,512,3.5133,3,4,-81.5050,-98.4947,direct,0.0500,20.8000,-87.1314
142.3,node[9],1,6388.9003,3334.1283,1.8950,11.2682,-0.3895,-2.0672,21149844#2,-76.1210,1.1560,100.0000,default,15,rsu(512m),707,16552,0.2846,512,3.5103,5,8,-76.1210,-93.1107,direct,0.0500,20.8000,-87.1317
142.4,node[9],1,6388.3635,3335.1193,1.8950,11.2705,0.0231,-2.0672,21149844#2,-78.0290,0.0506,100.0000,default,15,rsu(512m),708,16578,0.1862,512,3.5203,4,6,-78.0290,-95.0187,direct,0.0500,20.8000,-87.1321
142.5,node[9],1,6387.8249,3336.1137,1.8950,11.3094,0.3889,-2.0672,21149844#2,-82.4690,-4.9595,100.0000,default,15,rsu(513m),709,16604,0.0183,513,3.5173,2,2,-82.4690,-99.4587,direct,0.0500,20.8000,-87.1325
142.6,node[9],1,6387.2855,3337.1095,1.8950,11.3253,0.1590,-2.0672,21149844#2,-83.2012,-5.0000,100.0000,default,15,rsu(513m),710,16630,0.0180,513,3.5143,2,2,-83.2012,-100.1909,direct,0.0500,20.8000,-87.1330
142.7,node[9],1,6386.7460,3338.1055,1.8950,11.3286,0.0333,-2.0672,21149844#2,-78.2310,0.4615,100.0000,default,15,rsu(513m),711,16656,0.2194,513,3.5112,4,6,-78.2310,-95.2207,direct,0.0500,20.8000,-87.1335
142.8,node[9],1,6386.2091,3339.0967,1.8950,11.2723,-0.5637,-2.0672,21149844#2,-79.7630,-1.0553,100.0000,default,15,rsu(513m),712,16682,0.1163,513,3.5081,3,4,-79.7630,-96.7527,direct,0.0500,20.8000,-87.1341
142.9,node[9],1,6385.6740,3340.0846,1.8950,11.2356,-0.3663,-2.0672,21149844#2,-79.8006,-1.4062,100.0000,default,15,rsu(514m),713,16708,0.0995,514,3.5181,3,4,-79.8006,-96.7903,direct,0.0500,20.8000,-87.1347
143,node[9],1,6385.1379,3341.0743,1.8950,11.2560,0.2040,-2.0672,21149844#2,-75.9911,0.9995,100.0000,default,15,rsu(514m),714,16734,0.2689,514,3.5150,4,6,-75.9911,-92.9808,direct,0.0500,20.8000,-87.1353
143.1,node[9],1,6384.6044,3342.0593,1.8950,11.2026,-0.5345,-2.0672,21149844#2,-78.4298,-2.5663,100.0000,default,15,rsu(514m),715,16760,0.0582,514,3.5119,3,4,-78.4298,-95.4195,direct,0.0500,20.8000,-87.1360
143.2,node[9],1,6384.0688,3343.0482,1.8950,11.2466,0.4404,-2.0672,21149844#2,-84.0775,-5.0000,100.0000,default,15,rsu(514m),716,16787,0.0180,514,3.5173,2,2,-84.0775,-101.0672,direct,0.0500,20.8000,-87.1367
143.3,node[9],1,6383.5295,3344.0437,1.8950,11.3223,0.7564,-2.0672,21149844#2,-89.3846,-5.0000,100.0000,default,15,rsu(515m),717,16814,0.0180,515,3.5098,2,2,-89.3846,-106.3743,direct,0.0500,21.6000,-87.1375
143.4,node[9],1,6382.9930,3345.0342,1.8950,11.2653,-0.5693,-2.0672,21149844#2,-88.4385,-5.0000,100.0000,default,15,rsu(515m),718,16841,0.0180,515,3.5152,2,2,-88.4385,-105.4282,direct,0.0500,21.6000,-87.1383
143.5,node[9],1,6382.4571,3346.0237,1.8950,11.2532,-0.1216,-2.0672,21149844#2,-87.0169,-5.0000,100.0000,default,15,rsu(515m),719,16868,0.0180,515,3.5077,2,2,-87.0169,-104.0066,direct,0.0500,21.6000,-87.1391
143.6,node[9],1,6381.9205,3347.0144,1.8950,11.2673,0.1412,-2.0672,21149844#2,-81.3240,-3.4312,100.0000,default,15,rsu(516m),720,16895,0.0386,516,3.5131,2,2,-81.3240,-98.3137,direct,0.0500,21.6000,-87.1400
143.7,node[9],1,6381.3822,3348.0082,1.8950,11.3030,0.3571,-2.0672,21149844#2,-80.4232,-1.2121,100.0000,default,15,rsu(516m),721,16922,0.1085,516,3.5186,3,4,-80.4232,-97.4129,direct,0.0500,21.6000,-87.1410
143.8,node[9],1,6380.8429,3349.0037,1.8950,11.3220,0.1895,-2.0672,21149844#2,-82.5266,-5.0000,100.0000,default,15,rsu(516m),722,16949,0.0180,516,3.5110,2,2,-82.5266,-99.5163,direct,0.0500,21.6000,-87.1420
143.9,node[9],1,6380.3057,3349.9956,1.8950,11.2808,-0.4120,-2.0672,21149844#2,-85.3723,-5.0000,100.0000,default,15,rsu(516m),723,16976,0.0180,516,3.5164,2,2,-85.3723,-102.3620,direct,0.0500,21.6000,-87.1430
144,node[9],1,6379.7673,3350.9895,1.8950,11.3041,0.2333,-2.0672,21149844#2,-79.7971,-1.0036,100.0000,default,15,rsu(517m),724,17003,0.1190,517,3.5088,3,4,-79.7971,-96.7868,direct,0.0500,21.6000,-87.1441
144.1,node[9],1,6379.2325,3351.9769,1.8950,11.2289,-0.7523,-2.0672,21149844#2,-84.9227,-5.0000,100.0000,default,15,rsu(517m),725,17030,0.0180,517,3.5142,2,2,-84.9227,-101.9124,direct,0.0500,21.6000,-87.1452
144.2,node[9],1,6378.6970,3352.9655,1.8950,11.2439,0.1502,-2.0672,21149844#2,-79.6017,-4.4369,100.0000,default,15,rsu(517m),726,17057,0.0237,517,3.5197,2,2,-79.6017,-96.5914,direct,0.0500,21.6000,-87.1464
144.3,node[9],1,6378.1612,3353.9547,1.8950,11.2508,0.0691,-2.0672,21149844#2,-76.7787,-2.5902,100.0000,default,15,rsu(517m),727,17084,0.0576,517,3.5121,3,4,-76.7787,-93.7684,direct,0.0500,21.6000,-87.1476
144.4,node[9],1,6377.6247,3354.9452,1.8950,11.2651,0.1427,-2.0672,21149844#2,-80.3138,-3.0873,100.0000,default,15,rsu(518m),728,17111,0.0455,518,3.5175,2,2,-80.3138,-97.3035,direct,0.0500,21.6000,-87.1488
144.5,node[9],1,6377.0871,3355.9377,1.8950,11.2872,0.2215,-2.0672,21149844#2,-80.2928,-4.9577,100.0000,default,15,rsu(518m),729,17138,0.0184,518,3.5099,2,2,-80.2928,-97.2825,direct,0.0500,21.6000,-87.1501
144.6,node[9],1,6376.5504,3356.9287,1.8950,11.2705,-0.1676,-2.0672,21149844#2,-82.3857,-3.4308,100.0000,default,15,rsu(518m),730,17165,0.0386,518,3.5153,2,2,-82.3857,-99.3754,direct,0.0500,21.6000,-87.1514
144.7,node[9],1,6376.0162,3357.9148,1.8950,11.2153,-0.5517,-2.0672,21149844#2,-79.5361,-2.1361,100.0000,default,15,rsu(519m),731,17192,0.0712,519,3.5077,3,4,-79.5361,-96.5258,direct,0.0500,21.6000,-87.1528
144.8,node[9],1,6375.4789,3358.9068,1.8950,11.2820,0.6676,-2.0672,21149844#2,-85.9521,-5.0000,100.0000,default,15,rsu(519m),732,17219,0.0180,519,3.5131,2,2,-85.9521,-102.9418,direct,0.0500,21.6000,-87.1542
144.9,node[9],1,6374.9420,3359.8979,1.8950,11.2727,-0.0937,-2.0672,21149844#2,-81.4105,-3.3224,100.0000,default,15,rsu(519m),733,17246,0.0407,519,3.5185,2,2,-81.4105,-98.4002,direct,0.0500,21.6000,-87.1557
145,node[9],1,6374.4066,3360.8865,1.8950,11.2431,-0.2958,-2.0672,21149844#2,-82.4627,-5.0000,100.0000,default,15,rsu(520m),734,17273,0.0180,520,3.5109,2,2,-82.4627,-99.4524,direct,0.0500,21.6000,-87.1572
145.1,node[9],1,6373.8707,3361.8758,1.8950,11.2511,0.0804,-2.0672,21149844#2,-80.7366,-5.0000,100.0000,default,15,rsu(520m),735,17300,0.0180,520,3.5163,2,2,-80.7366,-97.7263,direct,0.0500,21.6000,-87.1587
145.2,node[9],1,6373.3351,3362.8646,1.8950,11.2464,-0.0477,-2.0672,21149844#2,-80.7768,-5.0000,100.0000,default,15,rsu(520m),736,17327,0.0180,520,3.5087,2,2,-80.7768,-97.7665,direct,0.0500,21.6000,-87.1603
145.3,node[9],1,6372.7978,3363.8566,1.8950,11.2816,0.3521,-2.0672,21149844#2,-74.3682,-0.5946,100.0000,default,15,rsu(520m),737,17354,0.1422,520,3.5142,4,6,-74.3682,-91.3579,direct,0.0500,21.6000,-87.1619
145.4,node[9],1,6372.2601,3364.8492,1.8950,11.2896,0.0799,-2.0672,21149844#2,-75.5754,2.1759,100.0000,default,15,rsu(521m),738,17381,0.3984,521,3.5196,5,8,-75.5754,-92.5651,direct,0.0500,21.6000,-87.1635
145.5,node[9],1,6371.7207,3365.8451,1.8950,11.3264,0.3682,-2.0672,21149844#2,-78.0025,-4.0528,100.0000,default,15,rsu(521m),739,17408,0.0286,521,3.5120,2,2,-78.0025,-94.9922,direct,0.0500,21.6000,-87.1652
145.6,node[9],1,6371.1872,3366.8302,1.8950,11.2029,-1.2343,-2.0672,21149844#2,-81.0956,-2.2819,100.0000,default,15,rsu(521m),740,17435,0.0665,521,3.5175,3,4,-81.0956,-98.0853,direct,0.0500,21.6000,-87.1669
145.7,node[9],1,6370.6521,3367.8180,1.8950,11.2349,0.3192,-2.0672,21149844#2,-88.6773,-5.0000,100.0000,default,15,rsu(522m),741,17462,0.0180,522,3.5099,2,2,-88.6773,-105.6670,direct,0.0500,21.6000,-87.1687
145.8,node[9],1,6370.1142,3368.8110,1.8950,11.2935,0.5868,-2.0672,21149844#2,-76.7900,-2.0110,100.0000,default,15,rsu(522m),742,17489,0.0755,522,3.5154,3,4,-76.7900,-93.7797,direct,0.0500,21.6000,-87.1704
145.9,node[9],1,6369.5800,3369.7973,1.8950,11.2168,-0.7677,-2.0672,21149844#2,-73.6296,1.2021,100.0000,default,15,rsu(522m),743,17516,0.2893,522,3.5078,5,8,-73.6296,-90.6193,direct,0.0500,21.6000,-87.1722
146,node[9],1,6369.0446,3370.7858,1.8950,11.2425,0.2574,-2.0672,21149844#2,-81.7579,-3.1865,100.0000,default,15,rsu(523m),744,17543,0.0434,523,3.5133,2,2,-81.7579,-98.7476,direct,0.0500,21.6000,-87.1741
146.1,node[9],1,6368.5101,3371.7725,1.8950,11.2222,-0.2028,-2.0672,21149844#2,-77.8309,0.9046,100.0000,default,15,rsu(523m),745,17570,0.2597,523,3.5188,4,6,-77.8309,-94.8206,direct,0.0500,21.6000,-87.1759
146.2,node[9],1,6367.9732,3372.7638,1.8950,11.2738,0.5158,-2.0672,21149844#2,-94.3979,-5.0000,100.0000,default,15,rsu(523m),746,17597,0.0180,523,3.5113,2,2,-94.3979,-111.3876,direct,0.0500,21.6000,-87.1779
146.3,node[9],1,6367.4369,3373.7539,1.8950,11.2609,-0.1295,-2.0672,21149844#2,-92.4543,-5.0000,100.0000,default,15,rsu(524m),747,17624,0.0180,524,3.5168,2,2,-92.4543,-109.4440,direct,0.0500,21.6000,-87.1798
146.4,node[9],1,6366.8998,3374.7455,1.8950,11.2775,0.1664,-2.0672,21149844#2,-84.8093,-5.0000,100.0000,default,15,rsu(524m),748,17651,0.0180,524,3.5094,2,2,-84.8093,-101.7990,direct,0.0500,21.6000,-87.1818
146.5,node[9],1,6366.3618,3375.7388,1.8950,11.2964,0.1888,-2.0672,21149844#2,-78.9125,-3.9328,100.0000,default,15,rsu(524m),749,17678,0.0303,524,3.5149,2,2,-78.9125,-95.9022,direct,0.0500,21.6000,-87.1838
146.6,node[9],1,6365.8258,3376.7283,1.8950,11.2546,-0.4180,-2.0672,21149844#2,-83.7845,-5.0000,100.0000,default,15,rsu(525m),750,17705,0.0180,525,3.5075,2,2,-83.7845,-100.7742,direct,0.0500,21.6000,-87.1858
146.7,node[9],1,6365.2910,3377.7156,1.8950,11.2280,-0.2654,-2.0672,21149844#2,-78.9005,-4.3377,100.0000,default,15,rsu(525m),751,17732,0.0249,525,3.5130,2,2,-78.9005,-95.8902,direct,0.0500,21.6000,-87.1878
146.8,node[9],1,6364.7551,3378.7050,1.8950,11.2532,0.2517,-2.0672,21149844#2,-81.5365,-2.6942,100.0000,default,15,rsu(525m),752,17759,0.0548,525,3.5186,3,4,-81.5365,-98.5262,direct,0.0500,21.6000,-87.1899
146.9,node[9],1,6364.2188,3379.6951,1.8950,11.2601,0.0691,-2.0672,21149844#2,-76.6613,0.1736,100.0000,default,15,rsu(526m),753,17786,0.1957,526,3.5112,4,6,-76.6613,-93.6510,direct,0.0500,21.6000,-87.1920
147,node[9],1,6363.6796,3380.6907,1.8950,11.3225,0.6243,-2.0672,21149844#2,-78.5529,0.4487,100.0000,default,15,rsu(526m),754,17813,0.2183,526,3.5168,4,6,-78.5529,-95.5426,direct,0.0500,21.6000,-87.1941
147.1,node[9],1,6363.1405,3381.6859,1.8950,11.3191,-0.0344,-2.0672,21149844#2,-83.6148,-5.0000,100.0000,default,15,rsu(526m),755,17840,0.0180,526,3.5094,2,2,-83.6148,-100.6045,direct,0.0500,21.6000,-87.1963
147.2,node[9],1,6362.6035,3382.6773,1.8950,11.2754,-0.4371,-2.0672,21149844#2,-81.7747,-5.0000,100.0000,default,15,rsu(527m),756,17867,0.0180,527,3.5150,2,2,-81.7747,-98.7644,direct,0.0500,21.6000,-87.1985
147.3,node[9],1,6362.0657,3383.6702,1.8950,11.2923,0.1687,-2.0672,21149844#2,-80.5541,-3.3063,100.0000,default,15,rsu(527m),757,17894,0.0410,527,3.5077,2,2,-80.5541,-97.5438,direct,0.0500,21.6000,-87.2007
147.4,node[9],1,6361.5304,3384.6585,1.8950,11.2398,-0.5247,-2.0672,21149844#2,-77.7997,-1.8023,100.0000,default,15,rsu(527m),758,17921,0.0831,527,3.5134,3,4,-77.7997,-94.7894,direct,0.0500,21.6000,-87.2029
147.5,node[9],1,6360.9952,3385.6465,1.8950,11.2365,-0.0333,-2.0672,21149844#2,-77.3240,1.8678,100.0000,default,15,rsu(528m),759,17948,0.3621,528,3.5190,5,8,-77.3240,-94.3137,direct,0.0500,21.6000,-87.2052
147.6,node[9],1,6360.4557,3386.6425,1.8950,11.3273,0.9083,-2.0672,21149844#2,-76.7034,0.7055,100.0000,default,15,rsu(528m),760,17975,0.2410,528,3.5117,4,6,-76.7034,-93.6931,direct,0.0500,21.6000,-87.2075
147.7,node[9],1,6359.9210,3387.6296,1.8950,11.2275,-0.9983,-2.0672,21149844#2,-74.0110,2.9773,100.0000,default,15,rsu(528m),761,18002,0.4972,528,3.5174,5,8,-74.0110,-91.0007,direct,0.0500,21.6000,-87.2098
147.8,node[9],1,6359.3857,3388.6179,1.8950,11.2399,0.1240,-2.0672,21149844#2,-76.0326,-1.9367,100.0000,default,15,rsu(529m),762,18029,0.0781,529,3.5101,3,4,-76.0326,-93.0223,direct,0.0500,21.6000,-87.2121
147.9,node[9],1,6358.8480,3389.6106,1.8950,11.2896,0.4977,-2.0672,21149844#2,-83.9652,-5.0000,100.0000,default,15,rsu(529m),763,18056,0.0180,529,3.5159,2,2,-83.9652,-100.9549,direct,0.0500,21.6000,-87.2144
148,node[9],1,6358.3100,3390.6038,1.8950,11.2964,0.0674,-2.0672,21149844#2,-85.2773,-5.0000,100.0000,default,15,rsu(530m),764,18083,0.0180,530,3.5086,2,2,-85.2773,-102.2670,direct,0.0500,21.6000,-87.2168
148.1,node[9],1,6357.7732,3391.5949,1.8950,11.2711,-0.2532,-2.0672,21149844#2,-79.6019,-0.4441,100.0000,default,15,rsu(530m),765,18110,0.1516,530,3.5143,4,6,-79.6019,-96.5916,direct,0.0500,21.6000,-87.2191
148.2,node[9],1,6357.2369,3392.5852,1.8950,11.2627,-0.0837,-2.0672,21149844#2,-85.5920,-5.0000,100.0000,default,15,rsu(530m),766,18137,0.0180,530,3.5201,2,2,-85.5920,-102.5817,direct,0.0500,21.6000,-87.2215
148.3,node[9],1,6356.7023,3393.5721,1.8950,11.2249,-0.3780,-2.0672,21149844#2,-78.9241,-3.8911,100.0000,default,15,rsu(531m),767,18164,0.0309,531,3.5129,2,2,-78.9241,-95.9138,direct,0.0500,21.6000,-87.2239
148.4,node[9],1,6356.1660,3394.5621,1.8950,11.2589,0.3405,-2.0672,21149844#2,-78.6664,-0.3003,100.0000,default,15,rsu(531m),768,18191,0.1611,531,3.5187,4,6,-78.6664,-95.6561,direct,0.0500,21.6000,-87.2264
148.5,node[9],1,6355.6273,3395.5567,1.8950,11.3115,0.5260,-2.0672,21149844#2,-84.9792,-5.0000,100.0000,default,15,rsu(531m),769,18218,0.0180,531,3.5115,2,2,-84.9792,-101.9689,direct,0.0500,21.6000,-87.2288
148.6,node[9],1,6355.0900,3396.5487,1.8950,11.2828,-0.2873,-2.0672,21149844#2,-82.1488,-5.0000,100.0000,default,15,rsu(532m),770,18245,0.0180,532,3.5174,2,2,-82.1488,-99.1385,direct,0.0500,21.6000,-87.2313
148.7,node[9],1,6354.5535,3397.5392,1.8950,11.2647,-0.1810,-2.0672,21149844#2,-80.1394,-1.8204,100.0000,default,16,rsu(532m),771,18273,0.0824,532,2.0146,3,4,-80.1394,-97.1291,direct,0.1000,22.0000,-87.2227
148.8,node[9],1,6354.0164,3398.5308,1.8950,11.2778,0.1309,-2.0672,21149844#2,-78.5636,-4.3084,100.0000,default,16,rsu(533m),772,18301,0.0252,533,2.0205,2,2,-78.5636,-95.5533,direct,0.1000,22.0000,-87.2252
148.9,node[9],1,6353.4772,3399.5263,1.8950,11.3215,0.4366,-2.0672,21149844#2,-85.7462,-5.0000,100.0000,default,16,rsu(533m),773,18329,0.0180,533,2.0134,2,2,-85.7462,-102.7359,direct,0.1000,22.4000,-87.2277
149,node[9],1,6352.9390,3400.5199,1.8950,11.3003,-0.2113,-2.0672,21149844#2,-86.4252,-5.0000,100.0000,default,16,rsu(533m),774,18357,0.0180,533,2.0193,2,2,-86.4252,-103.4149,direct,0.1000,22.4000,-87.2302
149.1,node[9],1,6352.3994,3401.5161,1.8950,11.3300,0.2965,-2.0672,21149844#2,-78.4383,-3.6199,100.0000,default,16,rsu(534m),775,18385,0.0352,534,2.0123,2,2,-78.4383,-95.4280,direct,0.1000,22.4000,-87.2327
149.2,node[9],1,6351.8610,3402.5101,1.8950,11.3047,-0.2523,-2.0672,21149844#2,-88.7640,-5.0000,100.0000,default,16,rsu(534m),776,18413,0.0180,534,2.0183,2,2,-88.7640,-105.7537,direct,0.1000,22.4000,-87.2353
149.3,node[9],1,6351.3221,3403.5050,1.8950,11.3153,0.1055,-2.0672,21149844#2,-93.2137,-5.0000,100.0000,default,16,rsu(535m),777,18441,0.0180,535,2.0243,2,2,-93.2137,-110.2034,direct,0.1000,22.4000,-87.2378
149.4,node[9],1,6350.7834,3404.4996,1.8950,11.3116,-0.0367,-2.0672,21149844#2,-75.4368,1.2082,100.0000,default,16,rsu(535m),778,18469,0.2899,535,2.0173,5,8,-75.4368,-92.4265,direct,0.1000,22.4000,-87.2404
149.5,node[9],1,6350.2464,3405.4909,1.8950,11.2746,-0.3706,-2.0672,21149844#2,-83.5591,-5.0000,100.0000,default,16,rsu(535m),779,18497,0.0180,535,2.0234,2,2,-83.5591,-100.5488,direct,0.1000,22.4000,-87.2430
149.6,node[9],1,6349.7125,3406.4767,1.8950,11.2110,-0.6354,-2.0672,21149844#2,-74.2506,2.8570,100.0000,default,16,rsu(536m),780,18525,0.4821,536,2.0164,5,8,-74.2506,-91.2403,direct,0.1000,22.4000,-87.2455
149.7,node[9],1,6349.1776,3407.4642,1.8950,11.2313,0.2022,-2.0672,21149844#2,-73.8805,2.4291,100.0000,default,16,rsu(536m),781,18554,0.4291,536,2.0149,5,8,-73.8805,-90.8702,direct,0.1000,22.8000,-87.2481
149.8,node[9],1,6348.6424,3408.4522,1.8950,11.2370,0.0570,-2.0672,21149844#2,-83.6683,-5.0000,100.0000,default,16,rsu(537m),782,18583,0.0180,537,2.0134,2,2,-83.6683,-100.6580,direct,0.1000,22.8000,-87.2507
149.9,node[9],1,6348.1072,3409.4402,1.8950,11.2367,-0.0030,-2.0672,21149844#2,-75.3022,3.1007,100.0000,default,16,rsu(537m),783,18612,0.5126,537,2.0119,6,10,-75.3022,-92.2919,direct,0.1000,23.2000,-87.2533
150,node[9],1,6347.5677,3410.4364,1.8950,11.3291,0.9249,-2.0672,21149844#2,-76.3053,-2.3564,100.0000,default,16,rsu(537m),784,18641,0.0643,537,2.0234,3,4,-76.3053,-93.2950,direct,0.1000,23.2000,-87.2559
150.1,node[9],1,6347.0319,3411.4255,1.8950,11.2498,-0.7933,-2.0672,21149844#2,-80.8425,-2.6209,100.0000,default,16,rsu(538m),785,18670,0.0568,538,2.0220,3,4,-80.8425,-97.8322,direct,0.1000,23.2000,-87.2586
150.2,node[9],1,6346.4938,3412.4190,1.8950,11.2989,0.4908,-2.0672,21149844#2,-75.5507,-1.0542,100.0000,default,16,rsu(538m),786,18699,0.1164,538,2.0206,3,4,-75.5507,-92.5404,direct,0.1000,23.2000,-87.2612
150.3,node[9],1,6345.9558,3413.4122,1.8950,11.2956,-0.0330,-2.0672,21149844#2,-80.3958,-4.4844,100.0000,default,16,rsu(539m),787,18728,0.0232,539,2.0193,2,2,-80.3958,-97.3855,direct,0.1000,23.2000,-87.2638
150.4,node[9],1,6345.4181,3414.4049,1.8950,11.2897,-0.0586,-2.0672,21149844#2,-81.0425,-5.0000,100.0000,default,16,rsu(539m),788,18757,0.0180,539,2.0179,2,2,-81.0425,-98.0322,direct,0.1000,23.2000,-87.2665
150.5,node[9],1,6344.8827,3415.3934,1.8950,11.2424,-0.4736,-2.0672,21149844#2,-79.4181,-0.5163,100.0000,default,16,rsu(539m),789,18786,0.1470,539,2.0166,4,6,-79.4181,-96.4078,direct,0.1000,23.2000,-87.2691
150.6,node[9],1,6344.3471,3416.3821,1.8950,11.2449,0.0249,-2.0672,21149844#2,-86.2574,-5.0000,100.0000,default,16,rsu(540m),790,18815,0.0180,540,2.0153,2,2,-86.2574,-103.2471,direct,0.1000,23.2000,-87.2718
150.7,node[9],1,6343.8087,3417.3761,1.8950,11.3055,0.6063,-2.0672,21149844#2,-80.0773,-1.3191,100.0000,default,16,rsu(540m),791,18844,0.1034,540,2.0141,3,4,-80.0773,-97.0670,direct,0.1000,23.2000,-87.2744
150.8,node[9],1,6343.2699,3418.3708,1.8950,11.3126,0.0711,-2.0672,21149844#2,-80.7124,-5.0000,100.0000,default,16,rsu(541m),792,18873,0.0180,541,2.0129,2,2,-80.7124,-97.7021,direct,0.1000,23.2000,-87.2771
150.9,node[9],1,6342.7348,3419.3588,1.8950,11.2360,-0.7667,-2.0672,21149844#2,-84.3075,-5.0000,100.0000,default,16,rsu(541m),793,18902,0.0180,541,2.0117,2,2,-84.3075,-101.2972,direct,0.1000,23.2000,-87.2798
151,node[9],1,6342.1990,3420.3479,1.8950,11.2498,0.1388,-2.0672,21149844#2,-78.8054,-0.2644,100.0000,default,16,rsu(542m),794,18931,0.1635,542,2.0236,4,6,-78.8054,-95.7951,direct,0.1000,23.2000,-87.2824
151.1,node[9],1,6341.6632,3421.3372,1.8950,11.2514,0.0152,-2.0672,21149844#2,-77.3661,1.4242,100.0000,default,16,rsu(542m),795,18960,0.3126,542,2.0224,5,8,-77.3661,-94.3558,direct,0.1000,23.2000,-87.2851
151.2,node[9],1,6341.1278,3422.3255,1.8950,11.2403,-0.1106,-2.0672,21149844#2,-78.5060,-2.4874,100.0000,default,16,rsu(542m),796,18989,0.0604,542,2.0214,3,4,-78.5060,-95.4957,direct,0.1000,23.2000,-87.2878
151.3,node[9],1,6340.5916,3423.3156,1.8950,11.2599,0.1957,-2.0672,21149844#2,-90.2362,-5.0000,100.0000,default,16,rsu(543m),797,19018,0.0180,543,2.0203,2,2,-90.2362,-107.2259,direct,0.1000,23.2000,-87.2904
151.4,node[9],1,6340.0556,3424.3051,1.8950,11.2541,-0.0571,-2.0672,21149844#2,-94.9435,-5.0000,100.0000,default,16,rsu(543m),798,19047,0.0180,543,2.0193,2,2,-94.9435,-111.9332,direct,0.1000,23.2000,-87.2931
151.5,node[9],1,6339.5197,3425.2944,1.8950,11.2516,-0.0258,-2.0672,21149844#2,-93.6288,-5.0000,100.0000,default,16,rsu(544m),799,19076,0.0180,544,2.0183,2,2,-93.6288,-110.6185,direct,0.1000,23.2000,-87.2958
151.6,node[9],1,6338.9820,3426.2871,1.8950,11.2902,0.3866,-2.0672,21149844#2,-77.3430,-0.0589,100.0000,default,16,rsu(544m),800,19105,0.1781,544,2.0173,4,6,-77.3430,-94.3327,direct,0.1000,23.2000,-87.2984
151.7,node[9],1,6338.4477,3427.2735,1.8950,11.2184,-0.7185,-2.0672,21149844#2,-83.6723,-5.0000,100.0000,default,16,rsu(545m),801,19134,0.0180,545,2.0164,2,2,-83.6723,-100.6620,direct,0.1000,23.2000,-87.3011
151.8,node[9],1,6337.9085,3428.2690,1.8950,11.3214,1.0301,-2.0672,21149844#2,-80.2929,-2.0809,100.0000,default,17,rsu(545m),802,19163,0.0731,545,2.0155,3,4,-80.2929,-97.2826,direct,0.1000,23.2000,-87.1851
151.9,node[9],1,6337.3742,3429.2555,1.8950,11.2202,-1.0121,-2.0672,21149844#2,-82.5236,-5.0000,100.0000,default,17,rsu(545m),803,19192,0.0180,545,2.0146,2,2,-82.5236,-99.5133,direct,0.1000,23.2000,-87.1867
152,node[9],1,6336.8381,3430.2453,1.8950,11.2566,0.3639,-2.0672,21149844#2,-80.6200,-5.0000,100.0000,default,17,rsu(546m),804,19221,0.0180,546,2.0138,2,2,-80.6200,-97.6097,direct,0.1000,23.2000,-87.1884
152.1,node[9],1,6336.2999,3431.2389,1.8950,11.3004,0.4388,-2.0672,21149844#2,-85.3721,-5.0000,100.0000,default,17,rsu(546m),805,19250,0.0180,546,2.0130,2,2,-85.3721,-102.3618,direct,0.1000,23.2000,-87.1900
152.2,node[9],1,6335.7658,3432.2249,1.8950,11.2143,-0.8610,-2.0672,21149844#2,-85.3595,-5.0000,100.0000,default,17,rsu(547m),806,19279,0.0180,547,2.0122,2,2,-85.3595,-102.3492,direct,0.1000,23.2000,-87.1916
152.3,node[9],1,6335.2270,3433.2197,1.8950,11.3132,0.9887,-2.0672,21149844#2,-80.1180,-5.0000,100.0000,default,17,rsu(547m),807,19308,0.0180,547,2.0245,2,2,-80.1180,-97.1077,direct,0.1000,23.2000,-87.1932
152.4,node[9],1,6334.6910,3434.2093,1.8950,11.2549,-0.5832,-2.0672,21149844#2,-84.4597,-5.0000,100.0000,default,17,rsu(548m),808,19337,0.0180,548,2.0238,2,2,-84.4597,-101.4494,direct,0.1000,23.2000,-87.1948
152.5,node[9],1,6334.1553,3435.1982,1.8950,11.2473,-0.0761,-2.0672,21149844#2,-88.0357,-5.0000,100.0000,default,17,rsu(548m),809,19366,0.0180,548,2.0232,2,2,-88.0357,-105.0254,direct,0.1000,23.2000,-87.1964
152.6,node[9],1,6333.6161,3436.1937,1.8950,11.3213,0.7401,-2.0672,21149844#2,-78.9534,-0.0512,100.0000,default,17,rsu(549m),810,19395,0.1786,549,2.0225,4,6,-78.9534,-95.9431,direct,0.1000,23.2000,-87.1980
152.7,node[9],1,6333.0769,3437.1892,1.8950,11.3219,0.0062,-2.0672,21149844#2,-76.6488,1.1140,100.0000,default,17,rsu(549m),811,19424,0.2803,549,2.0219,5,8,-76.6488,-93.6385,direct,0.1000,23.2000,-87.1995
152.8,node[9],1,6332.5424,3438.1759,1.8950,11.2225,-0.9943,-2.0672,21149844#2,-102.3004,-5.0000,100.0000,default,17,rsu(550m),812,19453,0.0180,550,2.0214,2,2,-102.3004,-119.2901,direct,0.1000,23.2000,-87.2011
152.9,node[9],1,6332.0052,3439.1678,1.8950,11.2807,0.5824,-2.0672,21149844#2,-76.7431,0.3649,100.0000,default,17,rsu(550m),813,19482,0.2112,550,2.0209,4,6,-76.7431,-93.7328,direct,0.1000,23.2000,-87.2026
153,node[9],1,6331.4711,3440.1538,1.8950,11.2135,-0.6724,-2.0672,21149844#2,-82.0644,-5.0000,100.0000,default,17,rsu(551m),814,19511,0.0180,551,2.0204,2,2,-82.0644,-99.0541,direct,0.1000,23.2000,-87.2041
153.1,node[9],1,6330.9327,3441.1477,1.8950,11.3038,0.9032,-2.0672,21149844#2,-76.4529,0.6463,100.0000,default,17,rsu(551m),815,19540,0.2356,551,2.0199,4,6,-76.4529,-93.4426,direct,0.1000,23.2000,-87.2055
153.2,node[9],1,6330.3957,3442.1391,1.8950,11.2755,-0.2832,-2.0672,21149844#2,-77.9101,0.6238,100.0000,default,17,rsu(551m),816,19569,0.2336,551,2.0195,4,6,-77.9101,-94.8998,direct,0.1000,23.2000,-87.2070
153.3,node[9],1,6329.8610,3443.1263,1.8950,11.2272,-0.4829,-2.0672,21149844#2,-74.5362,4.1005,100.0000,default,17,rsu(552m),817,19598,0.6342,552,2.0191,6,10,-74.5362,-91.5259,direct,0.1000,23.2000,-87.2084
153.4,node[9],1,6329.3249,3444.1162,1.8950,11.2583,0.3114,-2.0672,21149844#2,-93.0682,-5.0000,100.0000,default,17,rsu(552m),818,19627,0.0180,552,2.0188,2,2,-93.0682,-110.0579,direct,0.1000,23.2000,-87.2099
153.5,node[9],1,6328.7887,3445.1061,1.8950,11.2581,-0.0028,-2.0672,21149844#2,-82.3312,-5.0000,100.0000,default,17,rsu(553m),819,19656,0.0180,553,2.0185,2,2,-82.3312,-99.3209,direct,0.1000,23.2000,-87.2113
153.6,node[9],1,6328.2529,3446.0952,1.8950,11.2493,-0.0873,-2.0672,21149844#2,-78.7864,-2.3528,100.0000,default,17,rsu(553m),820,19685,0.0644,553,2.0182,3,4,-78.7864,-95.7761,direct,0.1000,23.2000,-87.2126
153.7,node[9],1,6327.7194,3447.0801,1.8950,11.2016,-0.4770,-2.0672,21149844#2,-76.3750,1.9163,100.0000,default,17,rsu(554m),821,19714,0.3678,554,2.0180,5,8,-76.3750,-93.3647,direct,0.1000,23.2000,-87.2140
153.8,node[9],1,6327.1858,3448.0652,1.8950,11.2042,0.0259,-2.0672,21149844#2,-81.1338,-4.0525,100.0000,default,17,rsu(554m),822,19743,0.0286,554,2.0178,2,2,-81.1338,-98.1235,direct,0.1000,23.2000,-87.2153
153.9,node[9],1,6326.6517,3449.0514,1.8950,11.2156,0.1135,-2.0672,21149844#2,-82.4132,-5.0000,100.0000,default,17,rsu(555m),823,19772,0.0180,555,2.0176,2,2,-82.4132,-99.4029,direct,0.1000,23.2000,-87.2166
154,node[9],1,6326.1162,3450.0400,1.8950,11.2436,0.2801,-2.0672,21149844#2,-77.6188,1.4250,100.0000,default,17,rsu(555m),824,19801,0.3127,555,2.0175,5,8,-77.6188,-94.6085,direct,0.1000,23.2000,-87.2179
154.1,node[9],1,6325.5794,3451.0309,1.8950,11.2699,0.2627,-2.0672,21149844#2,-83.7944,-5.0000,100.0000,default,17,rsu(556m),825,19830,0.0180,556,2.0175,2,2,-83.7944,-100.7841,direct,0.1000,23.2000,-87.2192
154.2,node[9],1,6325.0426,3452.0220,1.8950,11.2720,0.0216,-2.0672,21149844#2,-80.3973,-5.0000,100.0000,default,17,rsu(556m),826,19859,0.0180,556,2.0174,2,2,-80.3973,-97.3870,direct,0.1000,23.2000,-87.2205
154.3,node[9],1,6324.5067,3453.0115,1.8950,11.2534,-0.1866,-2.0672,21149844#2,-83.7247,-4.6009,100.0000,default,17,rsu(557m),827,19889,0.0219,557,2.0243,2,2,-83.7247,-100.7144,direct,0.1000,23.6000,-87.2217
154.4,node[9],1,6323.9684,3454.0052,1.8950,11.3009,0.4758,-2.0672,21149844#2,-82.1444,-3.3183,100.0000,default,17,rsu(557m),828,19919,0.0407,557,2.0182,2,2,-82.1444,-99.1341,direct,0.1000,23.6000,-87.2229
154.5,node[9],1,6323.4336,3454.9926,1.8950,11.2305,-0.7040,-2.0672,21149844#2,-84.0091,-5.0000,100.0000,default,17,rsu(558m),829,19949,0.0180,558,2.0122,2,2,-84.0091,-100.9988,direct,0.1000,24.0000,-87.2241
154.6,node[9],1,6322.8994,3455.9787,1.8950,11.2150,-0.1556,-2.0672,21149844#2,-83.7544,-5.0000,100.0000,default,17,rsu(558m),830,19979,0.0180,558,2.0192,2,2,-83.7544,-100.7441,direct,0.1000,24.0000,-87.2253
154.7,node[9],1,6322.3627,3456.9697,1.8950,11.2706,0.5565,-2.0672,21149844#2,-81.3031,-3.4466,100.0000,default,17,rsu(559m),831,20009,0.0383,559,2.0133,2,2,-81.3031,-98.2928,direct,0.1000,24.0000,-87.2264
154.8,node[9],1,6321.8247,3457.9629,1.8950,11.2960,0.2542,-2.0672,21149844#2,-81.6247,-5.0000,100.0000,default,17,rsu(559m),832,20039,0.0180,559,2.0205,2,2,-81.6247,-98.6144,direct,0.1000,24.0000,-87.2275
154.9,node[9],1,6321.2853,3458.9588,1.8950,11.3259,0.2984,-2.0672,21149844#2,-84.9178,-5.0000,100.0000,default,17,rsu(560m),833,20069,0.0180,560,2.0147,2,2,-84.9178,-101.9075,direct,0.1000,24.0000,-87.2286
155,node[9],1,6320.7462,3459.9540,1.8950,11.3183,-0.0754,-2.0672,21149844#2,-93.0830,-5.0000,100.0000,default,17,rsu(560m),834,20099,0.0180,560,2.0219,2,2,-93.0830,-110.0727,direct,0.1000,24.0000,-87.2297
155.1,node[9],1,6320.2091,3460.9456,1.8950,11.2779,-0.4045,-2.0672,21149844#2,-80.1481,-5.0000,100.0000,default,17,rsu(561m),835,20129,0.0180,561,2.0163,2,2,-80.1481,-97.1378,direct,0.1000,24.0000,-87.2308
155.2,node[9],1,6319.6737,3461.9341,1.8950,11.2425,-0.3539,-2.0672,21149844#2,-77.2594,2.1122,100.0000,default,17,rsu(561m),836,20159,0.3908,561,2.0236,5,8,-77.2594,-94.2491,direct,0.1000,24.0000,-87.2318
155.3,node[9],1,6319.1343,3462.9298,1.8950,11.3246,0.8209,-2.0672,21149844#2,-86.4779,-5.0000,100.0000,default,17,rsu(562m),837,20189,0.0180,562,2.0181,2,2,-86.4779,-103.4676,direct,0.1000,24.0000,-87.2328
155.4,node[9],1,6318.5968,3463.9223,1.8950,11.2870,-0.3758,-2.0672,21149844#2,-85.4765,-5.0000,100.0000,default,17,rsu(562m),838,20219,0.0180,562,2.0126,2,2,-85.4765,-102.4662,direct,0.1000,24.0000,-87.2338
155.5,node[9],1,6318.0599,3464.9135,1.8950,11.2736,-0.1341,-2.0672,21149844#2,-79.1384,-4.4821,100.0000,default,17,rsu(563m),839,20249,0.0232,563,2.0201,2,2,-79.1384,-96.1281,direct,0.1000,24.0000,-87.2347
155.6,node[9],1,6317.5258,3465.8996,1.8950,11.2146,-0.5904,-2.0672,21149844#2,-79.5790,-3.1242,100.0000,default,17,rsu(563m),840,20279,0.0447,563,2.0147,2,2,-79.5790,-96.5687,direct,0.1000,24.0000,-87.2356
155.7,node[9],1,6316.9912,3466.8864,1.8950,11.2237,0.0907,-2.0672,21149844#2,-75.6548,-1.7763,100.0000,default,17,rsu(564m),841,20309,0.0841,564,2.0224,3,4,-75.6548,-92.6445,direct,0.1000,24.0000,-87.2365
155.8,node[9],1,6316.4543,3467.8777,1.8950,11.2741,0.5045,-2.0672,21149844#2,-87.9162,-5.0000,100.0000,default,17,rsu(564m),842,20339,0.0180,564,2.0172,2,2,-87.9162,-104.9059,direct,0.1000,24.0000,-87.2374
155.9,node[9],1,6315.9195,3468.8650,1.8950,11.2279,-0.4617,-2.0672,21149844#2,-77.6783,-2.2483,100.0000,default,17,rsu(565m),843,20369,0.0676,565,2.0120,3,4,-77.6783,-94.6680,direct,0.1000,24.0000,-87.2382
156,node[9],1,6315.3844,3469.8529,1.8950,11.2360,0.0802,-2.0672,21149844#2,-84.6790,-5.0000,100.0000,default,17,rsu(565m),844,20399,0.0180,565,2.0198,2,2,-84.6790,-101.6687,direct,0.1000,24.0000,-87.2390
156.1,node[9],1,6314.8489,3470.8416,1.8950,11.2445,0.0850,-2.0672,21149844#2,-83.9979,-5.0000,100.0000,default,17,rsu(566m),845,20429,0.0180,566,2.0147,2,2,-83.9979,-100.9876,direct,0.1000,24.0000,-87.2398
156.2,node[9],1,6314.3119,3471.8330,1.8950,11.2756,0.3118,-2.0672,21149844#2,-89.2176,-5.0000,100.0000,default,17,rsu(566m),846,20459,0.0180,566,2.0227,2,2,-89.2176,-106.2073,direct,0.1000,24.0000,-87.2405
156.3,node[9],1,6313.7758,3472.8228,1.8950,11.2564,-0.1924,-2.0672,21149844#2,-85.4655,-5.0000,100.0000,default,17,rsu(567m),847,20489,0.0180,567,2.0177,2,2,-85.4655,-102.4552,direct,0.1000,24.0000,-87.2413
156.4,node[9],1,6313.2390,3473.8138,1.8950,11.2711,0.1472,-2.0672,21149844#2,-80.8580,-3.4595,100.0000,default,17,rsu(567m),848,20519,0.0381,567,2.0128,2,2,-80.8580,-97.8477,direct,0.1000,24.0000,-87.2420
156.5,node[9],1,6312.7042,3474.8012,1.8950,11.2295,-0.4160,-2.0672,21149844#2,-82.2830,-5.0000,100.0000,default,17,rsu(568m),849,20549,0.0180,568,2.0210,2,2,-82.2830,-99.2727,direct,0.1000,24.0000,-87.2426
156.6,node[9],1,6312.1692,3475.7889,1.8950,11.2336,0.0406,-2.0672,21149844#2,-76.5745,-0.9552,100.0000,default,17,rsu(569m),850,20579,0.1216,569,2.0162,4,6,-76.5745,-93.5642,direct,0.1000,24.0000,-87.2432
156.7,node[9],1,6311.6354,3476.7744,1.8950,11.2077,-0.2591,-2.0672,21149844#2,-80.0734,-3.5007,100.0000,default,17,rsu(569m),851,20609,0.0373,569,2.0245,2,2,-80.0734,-97.0631,direct,0.1000,24.0000,-87.2439
156.8,node[9],1,6311.0976,3477.7673,1.8950,11.2927,0.8501,-2.0672,21149844#2,-80.6593,-2.2123,100.0000,default,17,rsu(570m),852,20638,0.0687,570,2.0198,3,4,-80.6593,-97.6490,direct,0.0500,24.0000,-87.2444
156.9,node[9],1,6310.5791,3478.7244,1.8950,10.8858,-4.0687,-2.0672,21149844#2,-89.0797,-5.0000,100.0000,default,17,rsu(570m),853,20667,0.0180,570,2.0133,2,2,-89.0797,-106.0694,direct,0.0500,23.2000,-87.2449
157,node[9],1,6310.0821,3479.6420,1.8950,10.4358,-4.5000,-2.0672,21149844#2,-83.6667,-5.0000,100.0000,default,17,rsu(571m),854,20696,0.0180,571,2.0199,2,2,-83.6667,-100.6564,direct,0.0500,23.2000,-87.2454
157.1,node[9],1,6309.6050,3480.5228,1.8950,10.0171,-4.1873,-2.0672,21149844#2,-77.1822,1.8591,100.0000,default,17,rsu(571m),855,20725,0.3611,571,2.0135,5,8,-77.1822,-94.1719,direct,0.0500,23.2000,-87.2457
157.2,node[9],1,6309.1494,3481.3640,1.8950,9.5671,-4.5000,-2.0672,21149844#2,-75.9519,-1.0399,100.0000,default,17,rsu(572m),856,20754,0.1171,572,2.0201,3,4,-75.9519,-92.9416,direct,0.0500,23.2000,-87.2460
157.3,node[9],1,6308.7152,3482.1656,1.8950,9.1171,-4.5000,-2.0672,21149844#2,-84.8725,-5.0000,100.0000,default,17,rsu(572m),857,20783,0.0180,572,2.0138,2,2,-84.8725,-101.8622,direct,0.0500,23.2000,-87.2462
157.4,node[9],1,6308.3024,3482.9277,1.8950,8.6671,-4.5000,-2.0672,21149844#2,-79.4655,-2.6657,100.0000,default,17,rsu(572m),858,20812,0.0556,572,2.0206,3,4,-79.4655,-96.4552,direct,0.0500,23.2000,-87.2463
157.5,node[9],1,6307.9111,3483.6502,1.8950,8.2171,-4.5000,-2.0672,21149844#2,-79.5831,-4.0716,100.0000,default,17,rsu(573m),859,20841,0.0283,573,2.0144,2,2,-79.5831,-96.5728,direct,0.0500,23.2000,-87.2464
157.6,node[9],1,6307.5398,3484.3356,1.8950,7.7957,-4.2134,-2.0672,21149844#2,-80.5317,-2.9187,100.0000,default,17,rsu(573m),860,20870,0.0493,573,2.0213,3,4,-80.5317,-97.5214,direct,0.0500,23.2000,-87.2464
157.7,node[9],1,6307.1899,3484.9815,1.8950,7.3457,-4.5000,-2.0672,21149844#2,-83.6934,-5.0000,100.0000,default,17,rsu(574m),861,20899,0.0180,574,2.0152,2,2,-83.6934,-100.6831,direct,0.0500,23.2000,-87.2463
157.8,node[9],1,6306.8615,3485.5878,1.8950,6.8957,-4.5000,-2.0672,21149844#2,-76.8735,-2.0843,100.0000,default,17,rsu(574m),862,20928,0.0730,574,2.0222,3,4,-76.8735,-93.8632,direct,0.0500,23.2000,-87.2462
157.9,node[9],1,6306.5541,3486.1555,1.8950,6.4561,-4.3966,-2.0672,21149844#2,-89.0586,-5.0000,100.0000,default,17,rsu(574m),863,20957,0.0180,574,2.0163,2,2,-89.0586,-106.0483,direct,0.0500,23.2000,-87.2460
158,node[9],1,6306.2342,3486.7460,1.8950,6.7161,2.6000,-2.0672,21149844#2,-78.0084,1.3006,100.0000,default,17,rsu(575m),864,20986,0.2995,575,2.0234,5,8,-78.0084,-94.9981,direct,0.0500,23.2000,-87.2459
158.1,node[9],1,6305.9020,3487.3594,1.8950,6.9761,2.6000,-2.0672,21149844#2,-82.6870,-4.5234,100.0000,default,17,rsu(575m),865,21015,0.0227,575,2.0175,2,2,-82.6870,-99.6767,direct,0.0500,23.2000,-87.2458
158.2,node[9],1,6305.5573,3487.9956,1.8950,7.2361,2.6000,-2.0672,21149844#2,-84.1398,-5.0000,100.0000,default,17,rsu(575m),866,21044,0.0180,575,2.0247,2,2,-84.1398,-101.1295,direct,0.0500,23.2000,-87.2457
158.3,node[9],1,6305.2003,3488.6547,1.8950,7.4961,2.6000,-2.0672,21149844#2,-78.1357,0.0086,100.0000,default,17,rsu(576m),867,21073,0.1831,576,2.0190,4,6,-78.1357,-95.1254,direct,0.0500,23.2000,-87.2457
158.4,node[9],1,6304.8364,3489.3267,1.8950,7.6423,1.4624,-2.0672,21149844#2,-80.9036,-1.6707,100.0000,default,17,rsu(576m),868,21102,0.0882,576,2.0133,3,4,-80.9036,-97.8933,direct,0.0500,23.2000,-87.2457
158.5,node[9],1,6304.4938,3489.9591,1.8950,7.1923,-4.5000,-2.0672,21149844#2,-76.6701,-2.0701,100.0000,default,17,rsu(576m),869,21131,0.0734,576,2.0206,3,4,-76.6701,-93.6598,direct,0.0500,23.2000,-87.2457
158.6,node[9],1,6304.2473,3490.5855,1.8950,6.7423,-4.5000,-2.0509,:227493531_1,-76.7826,2.5091,100.0000,default,17,rsu(577m),870,21160,0.4389,577,2.0151,5,8,-76.7826,-93.7723,direct,0.0500,23.2000,-87.2454
158.7,node[9],1,6304.0143,3491.2125,1.8950,6.6922,-0.5009,-2.0321,:227493531_1,-80.5283,-5.0000,100.0000,default,17,rsu(577m),871,21189,0.0180,577,2.0225,2,2,-80.5283,-97.5180,direct,0.0500,23.2000,-87.2451
158.8,node[9],1,6303.7810,3491.8404,1.8950,6.7019,0.0971,-2.0132,:227493531_1,-74.4348,2.0155,100.0000,default,17,rsu(578m),872,21218,0.3794,578,2.0171,5,8,-74.4348,-91.4245,direct,0.0500,23.2000,-87.2448
158.9,node[9],1,6303.5477,3492.4682,1.8950,6.7014,-0.0054,-1.9943,:227493531_1,-79.1977,-0.7233,100.0000,default,17,rsu(578m),873,21247,0.1345,578,2.0247,4,6,-79.1977,-96.1874,direct,0.0500,23.2000,-87.2446
159,node[9],1,6303.3149,3493.0948,1.8950,6.6871,-0.1423,-1.9755,:227493531_1,-79.8888,-0.8223,100.0000,default,17,rsu(578m),874,21276,0.1289,578,2.0193,4,6,-79.8888,-96.8785,direct,0.0500,23.2000,-87.2443
159.1,node[9],1,6303.0908,3493.7169,1.8950,6.6293,-0.5789,-1.9555,:227493531_1,-83.9302,-5.0000,100.0000,default,17,rsu(579m),875,21305,0.0180,579,2.0140,2,2,-83.9302,-100.9199,direct,0.0500,23.2000,-87.2440
159.2,node[9],1,6303.1218,3494.3801,1.8950,6.6423,0.1305,-1.8843,:227493531_1,-82.2418,-5.0000,100.0000,default,17,rsu(579m),876,21334,0.0180,579,2.0217,2,2,-82.2418,-99.2315,direct,0.0500,23.2000,-87.2432
159.3,node[9],1,6303.1531,3495.0507,1.8950,6.7177,0.7538,-1.8187,:227493531_1,-79.1909,-2.8133,100.0000,default,17,rsu(580m),877,21363,0.0518,580,2.0165,3,4,-79.1909,-96.1806,direct,0.0500,23.2000,-87.2423
159.4,node[9],1,6303.1845,3495.7224,1.8950,6.7269,0.0920,-1.7640,:227493531_1,-87.3464,-5.0000,100.0000,default,17,rsu(581m),878,21392,0.0180,581,2.0244,2,2,-87.3464,-104.3361,direct,0.0500,23.2000,-87.2414
159.5,node[9],1,6303.2154,3496.3838,1.8950,6.6252,-1.0167,-1.7100,:227493531_1,-82.8986,-5.0000,100.0000,default,17,rsu(581m),879,21421,0.0180,581,2.0193,2,2,-82.8986,-99.8883,direct,0.0500,23.2000,-87.2405
159.6,node[9],1,6303.3121,3497.0294,1.8950,6.6660,0.4079,-1.6427,:227493531_1,-78.9318,-2.0426,100.0000,default,17,rsu(582m),880,21450,0.0744,582,2.0142,3,4,-78.9318,-95.9215,direct,0.0500,23.2000,-87.2394
159.7,node[9],1,6303.6567,3497.6003,1.8950,6.6710,0.0500,-1.5239,:227493531_1,-87.0363,-5.0000,100.0000,default,17,rsu(582m),881,21479,0.0180,582,2.0222,2,2,-87.0363,-104.0260,direct,0.0500,23.2000,-87.2377
159.8,node[9],1,6304.0026,3498.1734,1.8950,6.6983,0.2731,-1.4033,:227493531_1,-75.1824,1.3529,100.0000,default,17,rsu(583m),882,21508,0.3050,583,2.0173,5,8,-75.1824,-92.1721,direct,0.0500,23.2000,-87.2361
159.9,node[9],1,6304.3500,3498.7488,1.8950,6.7243,0.2596,-1.3115,:227493531_1,-76.6888,2.3817,100.0000,default,17,rsu(584m),883,21537,0.4233,584,2.0124,5,8,-76.6888,-93.6785,direct,0.0500,23.2000,-87.2343
160,node[9],1,6304.6955,3499.3213,1.8950,6.6902,-0.3406,-1.2437,:227493531_1,-78.5499,-2.5491,100.0000,default,17,rsu(584m),884,21566,0.0587,584,2.0206,3,4,-78.5499,-95.5396,direct,0.0500,23.2000,-87.2326
160.1,node[9],1,6305.1251,3499.8231,1.8950,6.7398,0.4961,-1.1542,:227493531_1,-74.5739,2.1922,100.0000,default,17,rsu(585m),885,21595,0.4004,585,2.0158,5,8,-74.5739,-91.5636,direct,0.0500,23.2000,-87.2306
160.2,node[9],1,6305.6666,3500.2155,1.8950,6.6909,-0.4898,-1.0340,:227493531_1,-83.4571,-5.0000,100.0000,default,17,rsu(586m),886,21624,0.0180,586,2.0241,2,2,-83.4571,-100.4468,direct,0.0500,23.2000,-87.2283
160.3,node[9],1,6306.2036,3500.6047,1.8950,6.6346,-0.5622,-0.9159,:227493531_1,-77.9729,-3.1196,100.0000,default,17,rsu(586m),887,21653,0.0448,586,2.0194,2,2,-77.9729,-94.9626,direct,0.0500,23.2000,-87.2260
160.4,node[9],1,6306.7438,3500.9962,1.8950,6.6759,0.4124,-0.8454,:227493531_1,-80.3057,-1.5028,100.0000,default,17,rsu(587m),888,21682,0.0952,587,2.0148,3,4,-80.3057,-97.2954,direct,0.0500,23.2000,-87.2237
160.5,node[9],1,6307.2852,3501.3885,1.8950,6.6892,0.1329,-0.7911,:227493531_1,-81.2478,-2.6429,100.0000,default,17,rsu(588m),889,21711,0.0562,588,2.0233,3,4,-81.2478,-98.2375,direct,0.0500,23.2000,-87.2214
160.6,node[9],1,6307.8227,3501.7780,1.8950,6.6410,-0.4821,-0.7374,:227493531_1,-78.7336,0.3642,100.0000,default,17,rsu(588m),890,21740,0.2112,588,2.0188,4,6,-78.7336,-95.7233,direct,0.0500,23.2000,-87.2190
160.7,node[9],1,6308.3944,3502.1263,1.8950,6.7127,0.7177,-0.6729,831179687#21,-77.8037,1.2126,100.0000,default,17,rsu(589m),891,21769,0.2903,589,2.0143,5,8,-77.8037,-94.7934,direct,0.0500,23.2000,-87.2165
160.8,node[9],1,6309.0071,3502.4492,1.8950,6.9250,2.1225,-0.5987,831179687#21,-78.4450,-1.9411,100.0000,default,17,rsu(589m),892,21798,0.0780,589,2.0229,3,4,-78.4450,-95.4347,direct,0.0500,23.2000,-87.2139
160.9,node[9],1,6309.6331,3502.7791,1.8950,7.0757,1.5076,-0.5766,831179687#21,-83.6649,-5.0000,100.0000,default,17,rsu(590m),893,21827,0.0180,590,2.0186,2,2,-83.6649,-100.6546,direct,0.0500,23.2000,-87.2112
161,node[9],1,6310.2791,3503.1196,1.8950,7.3026,2.2685,-0.5558,831179687#21,-83.1354,-5.0000,100.0000,default,17,rsu(591m),894,21856,0.0180,591,2.0143,2,2,-83.1354,-100.1251,direct,0.0500,23.2000,-87.2085
161.1,node[9],1,6310.9436,3503.4698,1.8950,7.5104,2.0780,-0.5344,831179687#21,-83.4686,-5.0000,100.0000,default,17,rsu(591m),895,21885,0.0180,591,2.0231,2,2,-83.4686,-100.4583,direct,0.0500,23.2000,-87.2057
161.2,node[9],1,6311.6196,3503.8260,1.8950,7.6413,1.3087,-0.5127,831179687#21,-80.6950,-5.0000,100.0000,default,17,rsu(592m),896,21914,0.0180,592,2.0189,2,2,-80.6950,-97.6847,direct,0.0500,23.2000,-87.2028
161.3,node[9],1,6312.3100,3504.1899,1.8950,7.8039,1.6268,-0.4906,831179687#21,-95.0995,-5.0000,100.0000,default,17,rsu(593m),897,21943,0.0180,593,2.0148,2,2,-95.0995,-112.0892,direct,0.0500,23.2000,-87.1999
161.4,node[9],1,6313.0153,3504.5616,1.8950,7.9721,1.6817,-0.4850,831179687#21,-86.5868,-5.0000,100.0000,default,17,rsu(593m),898,21972,0.0180,593,2.0238,2,2,-86.5868,-103.5765,direct,0.0500,23.2000,-87.1969
161.5,node[9],1,6313.7371,3504.9421,1.8950,8.1594,1.8725,-0.4850,831179687#21,-90.7404,-5.0000,100.0000,default,17,rsu(594m),899,22001,0.0180,594,2.0198,2,2,-90.7404,-107.7301,direct,0.0500,23.2000,-87.1939
161.6,node[9],1,6314.4744,3505.3307,1.8950,8.3338,1.7447,-0.4850,831179687#21,-84.9405,-5.0000,100.0000,default,17,rsu(595m),900,22030,0.0180,595,2.0158,2,2,-84.9405,-101.9302,direct,0.0500,23.2000,-87.1907
161.7,node[9],1,6315.2276,3505.7276,1.8950,8.5141,1.8028,-0.4850,831179687#21,-85.7661,-5.0000,100.0000,default,17,rsu(595m),901,22059,0.0180,595,2.0119,2,2,-85.7661,-102.7558,direct,0.0500,23.2000,-87.1875
161.8,node[9],1,6315.9935,3506.1313,1.8950,8.6568,1.4266,-0.4850,831179687#21,-86.2455,-5.0000,100.0000,default,17,rsu(596m),902,22088,0.0180,596,2.0211,2,2,-86.2455,-103.2352,direct,0.0500,23.2000,-87.1843
161.9,node[9],1,6316.7789,3506.5452,1.8950,8.8780,2.2125,-0.4850,831179687#21,-77.8807,1.1091,100.0000,default,17,rsu(597m),903,22117,0.2798,597,2.0173,5,8,-77.8807,-94.8704,direct,0.0500,23.2000,-87.1810
162,node[9],1,6317.5831,3506.9691,1.8950,9.0898,2.1175,-0.4850,831179687#21,-77.0619,0.3586,100.0000,default,17,rsu(598m),904,22146,0.2107,598,2.0136,4,6,-77.0619,-94.0516,direct,0.0500,23.2000,-87.1776
162.1,node[9],1,6318.4033,3507.4014,1.8950,9.2715,1.8169,-0.4850,831179687#21,-83.6016,-5.0000,100.0000,default,17,rsu(599m),905,22175,0.0180,599,2.0229,2,2,-83.6016,-100.5913,direct,0.0500,23.2000,-87.1742
162.2,node[9],1,6319.2459,3507.8454,1.8950,9.5237,2.5225,-0.4850,831179687#21,-86.0300,-5.0000,100.0000,default,17,rsu(599m),906,22204,0.0180,599,2.0193,2,2,-86.0300,-103.0197,direct,0.0500,23.2000,-87.1707
162.3,node[9],1,6320.1065,3508.2990,1.8950,9.7284,2.0466,-0.4850,831179687#21,-81.6591,-5.0000,100.0000,default,17,rsu(600m),907,22233,0.0180,600,2.0157,2,2,-81.6591,-98.6488,direct,0.0500,23.2000,-87.1671
162.4,node[9],1,6320.9870,3508.7631,1.8950,9.9527,2.2430,-0.4850,831179687#21,-79.4381,-1.6481,100.0000,default,17,rsu(601m),908,22262,0.0892,601,2.0122,3,4,-79.4381,-96.4278,direct,0.0500,23.2000,-87.1635
162.5,node[9],1,6321.8843,3509.2360,1.8950,10.1426,1.8999,-0.4850,831179687#21,-81.4352,-4.5356,100.0000,default,17,rsu(602m),909,22291,0.0226,602,2.0218,2,2,-81.4352,-98.4249,direct,0.0500,23.2000,-87.1599
162.6,node[9],1,6322.7959,3509.7164,1.8950,10.3039,1.6124,-0.4850,831179687#21,-87.5071,-5.0000,100.0000,default,16,rsu(603m),910,22320,0.0180,603,2.0184,2,2,-87.5071,-104.4968,direct,0.0500,23.2000,-87.1671
162.7,node[9],1,6323.7249,3510.2060,1.8950,10.5006,1.9673,-0.4850,831179687#21,-77.3034,-0.0526,100.0000,default,17,rsu(604m),911,22350,0.1785,604,2.0197,4,6,-77.3034,-94.2931,direct,0.0500,23.6000,-87.0266
162.8,node[9],1,6324.6702,3510.7043,1.8950,10.6857,1.8505,-0.4850,831179687#21,-87.3430,-5.0000,100.0000,default,17,rsu(605m),912,22380,0.0180,605,2.0210,2,2,-87.3430,-104.3327,direct,0.0500,23.6000,-87.0232
162.9,node[9],1,6325.6328,3511.2116,1.8950,10.8807,1.9501,-0.4850,831179687#21,-80.9808,-5.0000,100.0000,default,17,rsu(606m),913,22410,0.0180,606,2.0224,2,2,-80.9808,-97.9705,direct,0.0500,24.0000,-87.0197
163,node[9],1,6326.6079,3511.7255,1.8950,11.0214,1.4073,-0.4850,831179687#21,-80.3631,-1.2364,100.0000,default,17,rsu(607m),914,22440,0.1073,607,2.0239,3,4,-80.3631,-97.3528,direct,0.0500,24.0000,-87.0162
163.1,node[9],1,6327.6029,3512.2499,1.8950,11.2472,2.2583,-0.4850,831179687#21,-77.4210,1.2536,100.0000,default,17,rsu(608m),915,22470,0.2946,608,2.0140,5,8,-77.4210,-94.4107,direct,0.0500,24.0000,-87.0125
163.2,node[9],1,6328.6204,3512.7862,1.8950,11.5008,2.5354,-0.4850,831179687#21,-79.8184,-1.7543,100.0000,default,17,rsu(609m),916,22500,0.0849,609,2.0171,3,4,-79.8184,-96.8081,direct,0.0500,24.0000,-87.0088
163.3,node[9],1,6329.6555,3513.3317,1.8950,11.7006,1.9985,-0.4850,831179687#21,-87.3880,-5.0000,100.0000,default,17,rsu(610m),917,22530,0.0180,610,2.0203,2,2,-87.3880,-104.3777,direct,0.0500,24.0000,-87.0049
163.4,node[9],1,6330.7090,3513.8869,1.8950,11.9075,2.0693,-0.4850,831179687#21,-73.8235,1.2080,100.0000,default,17,rsu(611m),918,22560,0.2899,611,2.0235,5,8,-73.8235,-90.8132,direct,0.0500,24.0000,-87.0010
163.5,node[9],1,6331.7768,3514.4497,1.8950,12.0701,1.6252,-0.4850,831179687#21,-80.0774,-2.7102,100.0000,default,17,rsu(612m),919,22590,0.0544,612,2.0138,3,4,-80.0774,-97.0671,direct,0.0500,24.0000,-86.9970
163.6,node[9],1,6332.8620,3515.0217,1.8950,12.2668,1.9668,-0.4850,831179687#21,-75.9584,2.6501,100.0000,default,17,rsu(613m),920,22620,0.4564,613,2.0171,5,8,-75.9584,-92.9481,direct,0.0500,24.0000,-86.9929
163.7,node[9],1,6333.9655,3515.6033,1.8950,12.4731,2.0638,-0.4850,831179687#21,-81.7320,-2.4913,100.0000,default,17,rsu(614m),921,22650,0.0603,614,2.0205,3,4,-81.7320,-98.7217,direct,0.0500,24.0000,-86.9887
163.8,node[9],1,6335.0912,3516.1966,1.8950,12.7240,2.5083,-0.4850,831179687#21,-84.9537,-5.0000,100.0000,default,17,rsu(615m),922,22680,0.0180,615,2.0239,2,2,-84.9537,-101.9434,direct,0.0500,24.0000,-86.9845
163.9,node[9],1,6336.2334,3516.7985,1.8950,12.9110,1.8699,-0.4850,831179687#21,-84.0741,-5.0000,100.0000,default,17,rsu(616m),923,22710,0.0180,616,2.0144,2,2,-84.0741,-101.0638,direct,0.0500,24.0000,-86.9801
164,node[9],1,6337.3919,3517.4091,1.8950,13.0953,1.8433,-0.4850,831179687#21,-79.8703,-2.5434,100.0000,default,17,rsu(617m),924,22740,0.0589,617,2.0179,3,4,-79.8703,-96.8600,direct,0.0500,24.0000,-86.9757
164.1,node[9],1,6338.5707,3518.0304,1.8950,13.3241,2.2882,-0.4850,831179687#21,-78.5396,-0.8292,100.0000,default,17,rsu(618m),925,22770,0.1285,618,2.0215,4,6,-78.5396,-95.5293,direct,0.0500,24.0000,-86.9711
164.2,node[9],1,6339.7611,3518.6578,1.8950,13.4558,1.3169,-0.4850,831179687#21,-85.0942,-5.0000,100.0000,default,17,rsu(620m),926,22800,0.0180,620,2.0121,2,2,-85.0942,-102.0839,direct,0.0500,24.0000,-86.9665
164.3,node[9],1,6340.9715,3519.2957,1.8950,13.6818,2.2597,-0.4850,831179687#21,-83.3963,-5.0000,100.0000,default,17,rsu(621m),927,22830,0.0180,621,2.0157,2,2,-83.3963,-100.3860,direct,0.0500,24.0000,-86.9617
164.4,node[9],1,6342.2025,3519.9445,1.8950,13.9146,2.3282,-0.4850,831179687#21,-87.9864,-5.0000,100.0000,default,18,rsu(622m),928,22860,0.0180,622,2.0194,2,2,-87.9864,-104.9761,direct,0.0500,24.0000,-86.8476
164.5,node[9],1,6343.4506,3520.6023,1.8950,14.1076,1.9305,-0.4850,831179687#21,-77.0997,0.5666,100.0000,default,18,rsu(623m),929,22890,0.2285,623,2.0231,4,6,-77.0997,-94.0894,direct,0.0500,24.0000,-86.8423
164.6,node[9],1,6344.7192,3521.2709,1.8950,14.3400,2.3239,-0.4850,831179687#21,-80.2781,-2.1430,100.0000,default,18,rsu(624m),930,22920,0.0710,624,2.0139,3,4,-80.2781,-97.2678,direct,0.0500,24.0000,-86.8369
164.7,node[9],1,6346.0102,3521.9514,1.8950,14.5927,2.5270,-0.4850,831179687#21,-83.9948,-5.0000,100.0000,default,18,rsu(626m),931,22950,0.0180,626,2.0177,2,2,-83.9948,-100.9845,direct,0.0500,24.0000,-86.8314
164.8,node[9],1,6347.3132,3522.6381,1.8950,14.7278,1.3505,-0.4850,831179687#21,-87.2060,-5.0000,100.0000,default,18,rsu(627m),932,22980,0.0180,627,2.0215,2,2,-87.2060,-104.1957,direct,0.0500,24.0000,-86.8258
164.9,node[9],1,6348.6317,3523.3330,1.8950,14.9038,1.7602,-0.4850,831179687#21,-75.6519,-0.4790,100.0000,default,18,rsu(628m),933,23010,0.1494,628,2.0124,4,6,-75.6519,-92.6416,direct,0.0500,24.0000,-86.8200
165,node[9],1,6349.9651,3524.0357,1.8950,15.0719,1.6810,-0.4850,831179687#21,-78.1110,0.2681,100.0000,default,18,rsu(630m),934,23040,0.2033,630,2.0163,4,6,-78.1110,-95.1007,direct,0.0500,24.0000,-86.8142
165.1,node[9],1,6351.3127,3524.7460,1.8950,15.2327,1.6080,-0.4850,831179687#21,-79.1875,-0.8243,100.0000,default,18,rsu(631m),935,23070,0.1287,631,2.0203,4,6,-79.1875,-96.1772,direct,0.0500,24.0000,-86.8083
165.2,node[9],1,6352.6765,3525.4648,1.8950,15.4156,1.8291,-0.4850,831179687#21,-91.5695,-5.0000,100.0000,default,18,rsu(632m),936,23100,0.0180,632,2.0243,2,2,-91.5695,-108.5592,direct,0.0500,24.0000,-86.8022
165.3,node[9],1,6354.0593,3526.1936,1.8950,15.6306,2.1501,-0.4850,831179687#21,-76.8143,-1.6262,100.0000,default,18,rsu(634m),937,23130,0.0900,634,2.0153,3,4,-76.8143,-93.8040,direct,0.0500,24.0000,-86.7960
165.4,node[9],1,6355.4608,3526.9322,1.8950,15.8411,2.1049,-0.4850,831179687#21,-81.8425,-5.0000,100.0000,default,18,rsu(635m),938,23160,0.0180,635,2.0194,2,2,-81.8425,-98.8322,direct,0.0500,24.0000,-86.7897
165.5,node[9],1,6356.8763,3527.6782,1.8950,15.9997,1.5861,-0.4850,831179687#21,-78.9845,-4.2064,100.0000,default,18,rsu(637m),939,23190,0.0265,637,2.0235,2,2,-78.9845,-95.9742,direct,0.0500,24.0000,-86.7832
165.6,node[9],1,6358.3074,3528.4325,1.8950,16.1767,1.7696,-0.4850,831179687#21,-82.0878,-3.3953,100.0000,default,18,rsu(638m),940,23220,0.0393,638,2.0146,2,2,-82.0878,-99.0775,direct,0.0500,24.0000,-86.7765
165.7,node[9],1,6359.7558,3529.1958,1.8950,16.3713,1.9468,-0.4850,831179687#21,-76.5883,1.7472,100.0000,default,18,rsu(639m),941,23250,0.3483,639,2.0188,5,8,-76.5883,-93.5780,direct,0.0500,24.0000,-86.7696
165.8,node[9],1,6361.2261,3529.9707,1.8950,16.6197,2.4833,-0.4850,831179687#21,-83.4962,-5.0000,100.0000,default,18,rsu(641m),942,23280,0.0180,641,2.0230,2,2,-83.4962,-100.4859,direct,0.0500,24.0000,-86.7626
165.9,node[9],1,6362.7160,3530.7560,1.8950,16.8410,2.2137,-0.4850,831179687#21,-80.1925,-2.5202,100.0000,default,18,rsu(642m),943,23310,0.0595,642,2.0142,3,4,-80.1925,-97.1822,direct,0.0500,24.0000,-86.7554
166,node[9],1,6364.2194,3531.5483,1.8950,16.9934,1.5234,-0.4850,831179687#21,-78.1024,-0.4510,100.0000,default,18,rsu(644m),944,23340,0.1512,644,2.0185,4,6,-78.1024,-95.0921,direct,0.0500,24.0000,-86.7480
166.1,node[9],1,6365.7437,3532.3517,1.8950,17.2306,2.3719,-0.4850,831179687#21,-84.0965,-5.0000,100.0000,default,18,rsu(645m),945,23370,0.0180,645,2.0242,2,2,-84.0965,-101.0862,direct,0.0500,24.0000,-86.7404
166.2,node[9],1,6367.2807,3533.1618,1.8950,17.3730,1.4242,-0.4850,831179687#21,-87.4720,-5.0000,100.0000,default,18,rsu(647m),946,23400,0.0180,647,2.0170,2,2,-87.4720,-104.4617,direct,0.0500,24.0000,-86.7326
166.3,node[9],1,6368.8325,3533.9796,1.8950,17.5403,1.6732,-0.4850,831179687#21,-77.9314,-1.7415,100.0000,default,18,rsu(648m),947,23430,0.0854,648,2.0228,3,4,-77.9314,-94.9211,direct,0.0500,24.0000,-86.7246
166.4,node[9],1,6370.4030,3534.8074,1.8950,17.7522,2.1190,-0.4850,831179687#21,-81.6093,-5.0000,100.0000,default,18,rsu(650m),948,23460,0.0180,650,2.0156,2,2,-81.6093,-98.5990,direct,0.0500,24.0000,-86.7164
166.5,node[9],1,6371.9946,3535.6462,1.8950,17.9907,2.3849,-0.4850,831179687#21,-76.3352,1.8623,100.0000,default,18,rsu(652m),949,23490,0.3615,652,2.0215,5,8,-76.3352,-93.3249,direct,0.0500,24.0000,-86.7080
166.6,node[9],1,6373.6052,3536.4950,1.8950,18.2048,2.1409,-0.4850,831179687#21,-82.6261,-5.0000,100.0000,default,18,rsu(653m),950,23520,0.0180,653,2.0143,2,2,-82.6261,-99.6158,direct,0.0500,24.0000,-86.6994
166.7,node[9],1,6375.2274,3537.3500,1.8950,18.3364,1.3158,-0.4850,831179687#21,-79.9923,-4.7976,100.0000,default,18,rsu(655m),951,23550,0.0199,655,2.0202,2,2,-79.9923,-96.9820,direct,0.0500,24.0000,-86.6906
166.8,node[9],1,6376.8713,3538.2164,1.8950,18.5824,2.4602,-0.4850,831179687#21,-81.3443,-3.5186,100.0000,default,18,rsu(657m),952,23580,0.0370,657,2.0131,2,2,-81.3443,-98.3340,direct,0.0500,24.0000,-86.6814
166.9,node[9],1,6378.5351,3539.0933,1.8950,18.8068,2.2439,-0.4850,831179687#21,-87.0346,-5.0000,100.0000,default,18,rsu(658m),953,23610,0.0180,658,2.0191,2,2,-87.0346,-104.0243,direct,0.0500,24.0000,-86.6720
167,node[9],1,6380.2161,3539.9793,1.8950,19.0010,1.9421,-0.4850,831179687#21,-79.5847,-1.6434,100.0000,default,18,rsu(660m),954,23640,0.0893,660,2.0120,3,4,-79.5847,-96.5744,direct,0.0500,24.0000,-86.6623
167.1,node[9],1,6381.9143,3540.8743,1.8950,19.1944,1.9347,-0.4850,831179687#21,-81.3936,-3.8529,100.0000,default,18,rsu(662m),955,23670,0.0315,662,2.0180,2,2,-81.3936,-98.3833,direct,0.0500,24.0000,-86.6524
167.2,node[9],1,6383.6307,3541.7789,1.8950,19.4015,2.0706,-0.4850,831179687#21,-84.3792,-5.0000,100.0000,default,18,rsu(663m),956,23700,0.0180,663,2.0240,2,2,-84.3792,-101.3689,direct,0.0500,24.0000,-86.6422
167.3,node[9],1,6385.3613,3542.6910,1.8950,19.5623,1.6076,-0.4850,831179687#21,-82.0370,-5.0000,100.0000,default,18,rsu(665m),957,23730,0.0180,665,2.0170,2,2,-82.0370,-99.0267,direct,0.0500,24.0000,-86.6318
167.4,node[9],1,6387.1096,3543.6124,1.8950,19.7610,1.9875,-0.4850,831179687#21,-81.2205,-5.0000,100.0000,default,18,rsu(667m),958,23760,0.0180,667,2.0231,2,2,-81.2205,-98.2102,direct,0.0500,24.0000,-86.6212
167.5,node[9],1,6388.8710,3544.5408,1.8950,19.9105,1.4954,-0.4850,831179687#21,-87.8112,-5.0000,100.0000,default,18,rsu(669m),959,23790,0.0180,669,2.0161,2,2,-87.8112,-104.8009,direct,0.0500,24.0000,-86.6103
167.6,node[9],1,6390.6460,3545.4762,1.8950,20.0626,1.5207,-0.4850,831179687#21,-80.0102,-2.0051,100.0000,default,18,rsu(670m),960,23820,0.0757,670,2.0222,3,4,-80.0102,-96.9999,direct,0.0500,24.0000,-86.5991
167.7,node[9],1,6392.4373,3546.4204,1.8950,20.2488,1.8614,-0.4850,831179687#21,-81.4943,-5.0000,100.0000,default,18,rsu(672m),961,23850,0.0180,672,2.0153,2,2,-81.4943,-98.4840,direct,0.0500,24.0000,-86.5876
167.8,node[9],1,6394.2484,3547.3749,1.8950,20.4708,2.2204,-0.4850,831179687#21,-82.8544,-5.0000,100.0000,default,18,rsu(674m),962,23880,0.0180,674,2.0214,2,2,-82.8544,-99.8441,direct,0.0500,24.0000,-86.5759
167.9,node[9],1,6396.0756,3548.3379,1.8950,20.6537,1.8294,-0.4850,831179687#21,-81.8659,-5.0000,100.0000,default,18,rsu(676m),963,23910,0.0180,676,2.0146,2,2,-81.8659,-98.8556,direct,0.0500,24.0000,-86.5638
168,node[9],1,6397.9238,3549.3120,1.8950,20.8911,2.3740,-0.4850,831179687#21,-75.4680,1.6288,100.0000,default,18,rsu(678m),964,23940,0.3350,678,2.0207,5,8,-75.4680,-92.4577,direct,0.0500,24.0000,-86.5515
168.1,node[9],1,6399.7881,3550.2945,1.8950,21.0732,1.8204,-0.4850,831179687#21,-88.3206,-5.0000,100.0000,default,18,rsu(680m),965,23970,0.0180,680,2.0139,2,2,-88.3206,-105.3103,direct,0.0500,24.0000,-86.5388
168.2,node[9],1,6401.6702,3551.2865,1.8950,21.2736,2.0044,-0.4850,831179687#21,-87.5258,-5.0000,100.0000,default,18,rsu(682m),966,24000,0.0180,682,2.0201,2,2,-87.5258,-104.5155,direct,0.0500,24.0000,-86.5258
168.3,node[9],1,6403.5739,3552.2898,1.8950,21.5185,2.4486,-0.4850,831179687#21,-82.0698,-5.0000,100.0000,default,18,rsu(684m),967,24030,0.0180,684,2.0133,2,2,-82.0698,-99.0595,direct,0.0500,24.0000,-86.5124
168.4,node[9],1,6405.4902,3553.2998,1.8950,21.6612,1.4268,-0.4850,831179687#21,-84.9662,-5.0000,100.0000,default,19,rsu(685m),968,24061,0.0180,685,2.0196,2,2,-84.9662,-101.9559,direct,0.1000,24.0000,-86.4893
168.5,node[9],1,6407.4187,3554.3162,1.8950,21.7981,1.3696,-0.4850,831179687#21,-84.7403,-5.0000,100.0000,default,19,rsu(687m),969,24092,0.0180,687,2.0156,2,2,-84.7403,-101.7300,direct,0.1000,24.8000,-86.4753
168.6,node[9],1,6409.3633,3555.3411,1.8950,21.9808,1.8266,-0.4850,831179687#21,-80.6164,-5.0000,100.0000,default,19,rsu(689m),970,24123,0.0180,689,2.0117,2,2,-80.6164,-97.6061,direct,0.1000,24.8000,-86.4609
168.7,node[9],1,6411.3270,3556.3760,1.8950,22.1964,2.1565,-0.4850,831179687#21,-91.9947,-5.0000,100.0000,default,19,rsu(691m),971,24154,0.0180,691,2.0208,2,2,-91.9947,-108.9844,direct,0.1000,24.8000,-86.4462
168.8,node[9],1,6413.3089,3557.4206,1.8950,22.4028,2.0636,-0.4850,831179687#21,-80.9252,-5.0000,100.0000,default,19,rsu(693m),972,24185,0.0180,693,2.0169,2,2,-80.9252,-97.9149,direct,0.1000,24.8000,-86.4310
168.9,node[9],1,6415.3123,3558.4764,1.8950,22.6445,2.4168,-0.4850,831179687#21,-79.8616,-5.0000,100.0000,default,19,rsu(695m),973,24216,0.0180,695,2.0130,2,2,-79.8616,-96.8513,direct,0.1000,24.8000,-86.4154
169,node[9],1,6417.3339,3559.5419,1.8950,22.8518,2.0727,-0.4850,831179687#21,-83.2431,-3.9626,100.0000,default,19,rsu(698m),974,24247,0.0298,698,2.0222,2,2,-83.2431,-100.2328,direct,0.1000,24.8000,-86.3994
169.1,node[9],1,6419.3771,3560.6187,1.8950,23.0941,2.4231,-0.4850,831179687#21,-80.2943,-3.0290,100.0000,default,19,rsu(700m),975,24278,0.0468,700,2.0184,2,2,-80.2943,-97.2840,direct,0.1000,24.8000,-86.3829
169.2,node[9],1,6421.4396,3561.7058,1.8950,23.3140,2.1990,-0.4850,831179687#21,-84.2902,-5.0000,100.0000,default,20,rsu(702m),976,24310,0.0180,702,2.0122,2,2,-84.2902,-101.2799,direct,0.1000,24.8000,-86.1321
169.3,node[9],1,6423.5062,3562.7949,1.8950,23.3590,0.4505,-0.4850,831179687#21,-83.8864,-5.0000,100.0000,default,20,rsu(704m),977,24342,0.0180,704,2.0191,2,2,-83.8864,-100.8761,direct,0.1000,25.6000,-86.1139
169.4,node[9],1,6425.5790,3563.8874,1.8950,23.4300,0.7099,-0.4850,831179687#21,-84.1135,-4.8038,100.0000,default,20,rsu(706m),978,24374,0.0198,706,2.0130,2,2,-84.1135,-101.1032,direct,0.1000,25.6000,-86.0953
169.5,node[9],1,6427.6550,3564.9815,1.8950,23.4659,0.3594,-0.4850,831179687#21,-82.5418,-5.0000,100.0000,default,20,rsu(708m),979,24405,0.0180,708,3.5150,2,2,-82.5418,-99.5315,direct,0.0500,25.2000,-86.0763
169.6,node[9],1,6429.7267,3566.0734,1.8950,23.4174,-0.4858,-0.4850,831179687#21,-81.9340,-5.0000,100.0000,default,20,rsu(710m),980,24436,0.0180,710,3.5090,2,2,-81.9340,-98.9237,direct,0.0500,25.2000,-86.0569
169.7,node[9],1,6431.7919,3567.1619,1.8950,23.3439,-0.7343,-0.4850,831179687#21,-86.2719,-5.0000,100.0000,default,20,rsu(712m),981,24467,0.0180,712,3.5160,2,2,-86.2719,-103.2616,direct,0.0500,24.8000,-86.0371
169.8,node[9],1,6433.8611,3568.2524,1.8950,23.3884,0.4443,-0.4850,831179687#21,-79.7208,-1.4454,100.0000,default,20,rsu(714m),982,24498,0.0977,714,3.5101,3,4,-79.7208,-96.7105,direct,0.0500,24.8000,-86.0168
169.9,node[9],1,6435.9356,3569.3458,1.8950,23.4493,0.6096,-0.4850,831179687#21,-81.5143,-2.9945,100.0000,default,20,rsu(717m),983,24529,0.0475,717,3.5172,3,4,-81.5143,-98.5040,direct,0.0500,24.8000,-85.9961
170,node[9],1,6438.0029,3570.4353,1.8950,23.3679,-0.8138,-0.4850,831179687#21,-90.9429,-5.0000,100.0000,default,20,rsu(719m),984,24560,0.0180,719,3.5113,2,2,-90.9429,-107.9326,direct,0.0500,24.8000,-85.9750
170.1,node[9],1,6440.0707,3571.5251,1.8950,23.3728,0.0485,-0.4850,831179687#21,-82.3004,-3.8145,100.0000,default,20,rsu(721m),985,24591,0.0321,721,3.5184,2,2,-82.3004,-99.2901,direct,0.0500,24.8000,-85.9534
170.2,node[9],1,6442.1467,3572.6193,1.8950,23.4665,0.9372,-0.4850,831179687#21,-77.7170,-0.4394,100.0000,default,20,rsu(723m),986,24622,0.1519,723,3.5126,4,6,-77.7170,-94.7067,direct,0.0500,24.8000,-85.9312
170.3,node[9],1,6444.2167,3573.7102,1.8950,23.3972,-0.6930,-0.4850,831179687#21,-78.7401,-2.0725,100.0000,default,20,rsu(725m),987,24653,0.0734,725,3.5199,3,4,-78.7401,-95.7298,direct,0.0500,24.8000,-85.9086
170.4,node[9],1,6446.2847,3574.8002,1.8950,23.3758,-0.2138,-0.4850,831179687#21,-80.5717,-4.9161,100.0000,default,20,rsu(727m),988,24684,0.0187,727,3.5141,2,2,-80.5717,-97.5614,direct,0.0500,24.8000,-85.8855
170.5,node[9],1,6448.3585,3575.8932,1.8950,23.4411,0.6525,-0.4850,831179687#21,-83.7711,-5.0000,100.0000,default,20,rsu(729m),989,24715,0.0180,729,3.5084,2,2,-83.7711,-100.7608,direct,0.0500,24.8000,-85.8616
170.6,node[9],1,6450.4261,3576.9829,1.8950,23.3709,-0.7020,-0.4850,831179687#21,-86.3117,-5.0000,100.0000,default,20,rsu(731m),990,24746,0.0180,731,3.5158,2,2,-86.3117,-103.3014,direct,0.0500,24.8000,-85.8372
170.7,node[9],1,6452.4920,3578.0717,1.8950,23.3517,-0.1917,-0.4850,831179687#21,-83.7070,-5.0000,100.0000,default,20,rsu(734m),991,24777,0.0180,734,3.5101,2,2,-83.7070,-100.6967,direct,0.0500,24.8000,-85.8123
170.8,node[9],1,6454.5657,3579.1646,1.8950,23.4395,0.8782,-0.4850,831179687#21,-84.1915,-5.0000,100.0000,default,20,rsu(736m),992,24808,0.0180,736,3.5175,2,2,-84.1915,-101.1812,direct,0.0500,24.8000,-85.7865
170.9,node[9],1,6456.6344,3580.2549,1.8950,23.3832,-0.5639,-0.4850,831179687#21,-91.0920,-5.0000,100.0000,default,20,rsu(738m),993,24839,0.0180,738,3.5120,2,2,-91.0920,-108.0817,direct,0.0500,24.8000,-85.7603
171,node[9],1,6458.6995,3581.3433,1.8950,23.3433,-0.3990,-0.4850,831179687#21,-79.6708,-3.7855,100.0000,default,20,rsu(740m),994,24870,0.0325,740,3.5194,2,2,-79.6708,-96.6605,direct,0.0500,24.8000,-85.7335
171.1,node[9],1,6460.7647,3582.4317,1.8950,23.3438,0.0058,-0.4850,831179687#21,-80.7354,-4.2710,100.0000,default,20,rsu(742m),995,24901,0.0257,742,3.5140,2,2,-80.7354,-97.7251,direct,0.0500,24.8000,-85.7060
171.2,node[9],1,6462.8334,3583.5220,1.8950,23.3836,0.3973,-0.4850,831179687#21,-95.6361,-5.0000,100.0000,default,20,rsu(744m),996,24932,0.0180,744,3.5085,2,2,-95.6361,-112.6258,direct,0.0500,24.8000,-85.6779
171.3,node[9],1,6464.9001,3584.6113,1.8950,23.3606,-0.2301,-0.4850,831179687#21,-87.5767,-5.0000,100.0000,default,20,rsu(746m),997,24963,0.0180,746,3.5161,2,2,-87.5767,-104.5664,direct,0.0500,24.8000,-85.6490
171.4,node[9],1,6466.9663,3585.7003,1.8950,23.3553,-0.0530,-0.4850,831179687#21,-77.6052,-2.2968,100.0000,default,20,rsu(749m),998,24994,0.0661,749,3.5107,3,4,-77.6052,-94.5949,direct,0.0500,24.8000,-85.6194
171.5,node[9],1,6469.0368,3586.7915,1.8950,23.4033,0.4803,-0.4850,831179687#21,-83.1710,-4.6803,100.0000,default,20,rsu(751m),999,25025,0.0210,751,3.5183,2,2,-83.1710,-100.1607,direct,0.0500,24.8000,-85.5891
171.6,node[9],1,6471.1105,3587.8844,1.8950,23.4397,0.3644,-0.4850,831179687#21,-87.2202,-5.0000,100.0000,default,20,rsu(753m),1000,25056,0.0180,753,3.5130,2,2,-87.2202,-104.2099,direct,0.0500,24.8000,-85.5579
171.7,node[9],1,6473.1791,3588.9747,1.8950,23.3827,-0.5702,-0.4850,831179687#21,-84.9966,-5.0000,100.0000,default,20,rsu(755m),1001,25087,0.0180,755,3.5077,2,2,-84.9966,-101.9863,direct,0.0500,24.8000,-85.5260
171.8,node[9],1,6475.2550,3590.0687,1.8950,23.4646,0.8189,-0.4850,831179687#21,-84.2655,-5.0000,100.0000,default,20,rsu(757m),1002,25118,0.0180,757,3.5155,2,2,-84.2655,-101.2552,direct,0.0500,24.8000,-85.4932
171.9,node[9],1,6477.3292,3591.1619,1.8950,23.4458,-0.1882,-0.4850,831179687#21,-83.0616,-5.0000,100.0000,default,20,rsu(759m),1003,25149,0.0180,759,3.5103,2,2,-83.0616,-100.0513,direct,0.0500,24.8000,-85.4596
172,node[9],1,6479.3976,3592.2520,1.8950,23.3791,-0.6672,-0.4850,831179687#21,-80.3311,-2.3729,100.0000,default,20,rsu(761m),1004,25180,0.0638,761,3.5181,3,4,-80.3311,-97.3208,direct,0.0500,24.8000,-85.4252
172.1,node[9],1,6481.4689,3593.3437,1.8950,23.4134,0.3431,-0.4850,831179687#21,-85.2543,-5.0000,100.0000,default,20,rsu(764m),1005,25211,0.0180,764,3.5129,2,2,-85.2543,-102.2440,direct,0.0500,24.8000,-85.3898
172.2,node[9],1,6483.5344,3594.4323,1.8950,23.3469,-0.6649,-0.4850,831179687#21,-80.6916,-2.8795,100.0000,default,20,rsu(766m),1006,25242,0.0502,766,3.5078,3,4,-80.6916,-97.6813,direct,0.0500,24.8000,-85.3536
172.3,node[9],1,6485.6095,3595.5260,1.8950,23.4563,1.0941,-0.4850,831179687#21,-83.0451,-5.0000,100.0000,default,20,rsu(768m),1007,25273,0.0180,768,3.5157,2,2,-83.0451,-100.0348,direct,0.0500,24.8000,-85.3163
172.4,node[9],1,6487.6858,3596.6203,1.8950,23.4684,0.1206,-0.4850,831179687#21,-81.7668,-5.0000,100.0000,default,20,rsu(770m),1008,25304,0.0180,770,3.5107,2,2,-81.7668,-98.7565,direct,0.0500,24.8000,-85.2779
172.5,node[9],1,6489.7619,3597.7145,1.8950,23.4679,-0.0046,-0.4850,831179687#21,-82.6242,-3.3080,100.0000,default,20,rsu(772m),1009,25335,0.0409,772,3.5186,2,2,-82.6242,-99.6139,direct,0.0500,24.8000,-85.2385
172.6,node[9],1,6491.8279,3598.8033,1.8950,23.3526,-1.1528,-0.4850,831179687#21,-83.2973,-4.1239,100.0000,default,20,rsu(774m),1010,25366,0.0276,774,3.5137,2,2,-83.2973,-100.2870,direct,0.0500,24.8000,-85.1982
172.7,node[9],1,6493.8813,3599.9165,1.8950,23.3589,0.0627,-0.4905,:227530609_7,-90.1320,-5.0000,100.0000,default,20,rsu(777m),1011,25397,0.0180,777,3.5087,2,2,-90.1320,-107.1217,direct,0.0500,24.8000,-85.1569
172.8,node[9],1,6495.9222,3601.0605,1.8950,23.3982,0.3928,-0.5026,:227530609_7,-83.4991,-5.0000,100.0000,default,20,rsu(779m),1012,25428,0.0180,779,3.5168,2,2,-83.4991,-100.4888,direct,0.0500,24.8000,-85.1147
172.9,node[9],1,6497.9656,3602.2060,1.8950,23.4277,0.2956,-0.5109,:227530609_7,-89.4374,-5.0000,100.0000,default,20,rsu(781m),1013,25459,0.0180,781,3.5119,2,2,-89.4374,-106.4271,direct,0.0500,24.8000,-85.0712
173,node[9],1,6500.0106,3603.3524,1.8950,23.4455,0.1781,-0.5109,:227530609_7,-83.5791,-5.0000,100.0000,default,20,rsu(783m),1014,25490,0.0180,783,3.5200,2,2,-83.5791,-100.5688,direct,0.0500,24.8000,-85.0264
173.1,node[9],1,6502.0494,3604.4953,1.8950,23.3745,-0.7108,-0.5109,:227530609_7,-81.3964,-2.9815,100.0000,default,20,rsu(783m),1015,25521,0.0478,783,3.5152,3,4,-81.3964,-98.3861,direct,0.0500,24.8000,-84.9805
173.2,node[9],1,6504.0953,3605.6421,1.8950,23.4557,0.8129,-0.5109,:227530609_7,-87.4469,-5.0000,100.0000,default,20,rsu(782m),1016,25552,0.0180,782,3.5104,2,2,-87.4469,-104.4366,direct,0.0500,24.8000,-84.9331
173.3,node[9],1,6506.1273,3606.7967,1.8950,23.3906,-0.6511,-0.5136,831179687#22,-89.1915,-5.0000,100.0000,default,20,rsu(782m),1017,25583,0.0180,782,3.5186,2,2,-89.1915,-106.1812,direct,0.0500,24.8000,-84.8846
173.4,node[9],1,6508.1532,3607.9646,1.8950,23.4106,0.1996,-0.5193,:227530577_6,-79.0259,-3.8955,100.0000,default,20,rsu(782m),1018,25614,0.0308,782,3.5110,2,2,-79.0259,-96.0156,direct,0.0500,24.8000,-84.8347
173.5,node[9],1,6510.1891,3609.1206,1.8950,23.4093,-0.0133,-0.5205,:227530577_6,-87.6757,-5.0000,100.0000,default,20,rsu(781m),1019,25645,0.0180,781,3.5163,2,2,-87.6757,-104.6654,direct,0.0500,24.8000,-84.7832
173.6,node[9],1,6512.2192,3610.2733,1.8950,23.3426,-0.6664,-0.5164,:227530577_6,-87.4058,-5.0000,100.0000,default,20,rsu(781m),1020,25676,0.0180,781,3.5088,2,2,-87.4058,-104.3955,direct,0.0500,24.8000,-84.7302
173.7,node[9],1,6514.2511,3611.4271,1.8950,23.3645,0.2185,-0.5164,:227530577_6,-85.3521,-5.0000,100.0000,default,20,rsu(780m),1021,25707,0.0180,780,3.5143,2,2,-85.3521,-102.3418,direct,0.0500,24.8000,-84.6756
173.8,node[9],1,6516.2859,3612.5825,1.8950,23.3964,0.3196,-0.5164,:227530577_6,-81.6879,-2.6777,100.0000,default,20,rsu(780m),1022,25737,0.0553,780,3.5198,3,4,-81.6879,-98.6776,direct,0.0500,24.8000,-84.6191
173.9,node[9],1,6518.3250,3613.7404,1.8950,23.4470,0.5054,-0.5164,:227530577_6,-78.9959,-1.3386,100.0000,default,20,rsu(780m),1023,25767,0.1025,780,3.5124,3,4,-78.9959,-95.9856,direct,0.0500,24.0000,-84.5607
174,node[9],1,6520.3658,3614.8803,1.8950,23.3752,-0.7175,-0.5131,831179687#23,-83.5826,-5.0000,100.0000,default,20,rsu(779m),1024,25797,0.0180,779,3.5180,2,2,-83.5826,-100.5723,direct,0.0500,24.0000,-84.5005
174.1,node[9],1,6522.4204,3615.9955,1.8950,23.3783,0.0312,-0.5042,831179687#23,-79.7621,-4.6180,100.0000,default,20,rsu(779m),1025,25827,0.0217,779,3.5107,2,2,-79.7621,-96.7518,direct,0.0500,24.0000,-84.4380
174.2,node[9],1,6524.4826,3617.1148,1.8950,23.4652,0.8682,-0.4973,831179687#23,-81.7241,-3.2626,100.0000,default,20,rsu(779m),1026,25857,0.0418,779,3.5165,2,2,-81.7241,-98.7138,direct,0.0500,24.0000,-84.3732
174.3,node[9],1,6526.5401,3618.2316,1.8950,23.4128,-0.5232,-0.4973,831179687#23,-82.8357,-5.0000,100.0000,default,20,rsu(778m),1027,25886,0.0180,778,3.5093,2,2,-82.8357,-99.8254,direct,0.0500,23.6000,-84.3064
174.4,node[9],1,6528.5972,3619.3482,1.8950,23.4066,-0.0622,-0.4973,831179687#23,-82.4918,-3.5565,100.0000,default,20,rsu(778m),1028,25915,0.0363,778,3.5151,2,2,-82.4918,-99.4815,direct,0.0500,23.6000,-84.2373
174.5,node[9],1,6530.6519,3620.4635,1.8950,23.3803,-0.2631,-0.4973,831179687#23,-83.0534,-4.2337,100.0000,default,20,rsu(777m),1029,25944,0.0262,777,3.5080,2,2,-83.0534,-100.0431,direct,0.0500,23.2000,-84.1660
174.6,node[9],1,6532.7048,3621.5778,1.8950,23.3597,-0.2063,-0.4973,831179687#23,-83.8935,-5.0000,100.0000,default,19,rsu(777m),1030,25973,0.0180,777,3.5140,2,2,-83.8935,-100.8832,direct,0.0500,23.2000,-84.0975
174.7,node[9],1,6534.7596,3622.6931,1.8950,23.3804,0.2070,-0.4973,831179687#23,-82.8152,-3.6448,100.0000,default,19,rsu(777m),1031,26002,0.0348,777,3.5200,2,2,-82.8152,-99.8049,direct,0.0500,23.2000,-84.0210
174.8,node[9],1,6536.8185,3623.8107,1.8950,23.4278,0.4741,-0.4973,831179687#23,-86.7363,-5.0000,100.0000,default,19,rsu(776m),1032,26031,0.0180,776,3.5131,2,2,-86.7363,-103.7260,direct,0.0500,23.2000,-83.9416
174.9,node[9],1,6538.8732,3624.9260,1.8950,23.3799,-0.4785,-0.4973,831179687#23,-78.4104,-4.2886,100.0000,default,19,rsu(776m),1033,26060,0.0255,776,3.5192,2,2,-78.4104,-95.4001,direct,0.0500,23.2000,-83.8595
175,node[9],1,6540.9256,3626.0400,1.8950,23.3541,-0.2583,-0.4973,831179687#23,-87.5106,-5.0000,100.0000,default,19,rsu(776m),1034,26089,0.0180,776,3.5123,2,2,-87.5106,-104.5003,direct,0.0500,23.2000,-83.7745
175.1,node[9],1,6542.9818,3627.1561,1.8950,23.3974,0.4331,-0.4973,831179687#23,-84.9907,-5.0000,100.0000,default,19,rsu(776m),1035,26118,0.0180,776,3.5186,2,2,-84.9907,-101.9804,direct,0.0500,23.2000,-83.6861
175.2,node[9],1,6545.0432,3628.2750,1.8950,23.4553,0.5792,-0.4973,831179687#23,-81.6185,-3.5693,100.0000,default,19,rsu(775m),1036,26147,0.0361,775,3.5118,2,2,-81.6185,-98.6082,direct,0.0500,23.2000,-83.5944
175.3,node[9],1,6547.1025,3629.3928,1.8950,23.4332,-0.2216,-0.4973,831179687#23,-84.2491,-5.0000,100.0000,default,20,rsu(775m),1037,26176,0.0180,775,3.5182,2,2,-84.2491,-101.2388,direct,0.0500,23.2000,-83.4496
175.4,node[9],1,6549.1635,3630.5115,1.8950,23.4509,0.1767,-0.4973,831179687#23,-80.6357,-3.7217,100.0000,default,20,rsu(775m),1038,26205,0.0335,775,3.5115,2,2,-80.6357,-97.6254,direct,0.0500,23.2000,-83.3515
175.5,node[9],1,6551.2168,3631.6260,1.8950,23.3642,-0.8664,-0.4973,831179687#23,-81.9855,-3.2343,100.0000,default,20,rsu(774m),1039,26234,0.0424,774,3.5180,2,2,-81.9855,-98.9752,direct,0.0500,23.2000,-83.2499
175.6,node[9],1,6553.2706,3632.7410,1.8950,23.3690,0.0475,-0.4973,:8619319256_5,-79.9204,-5.0000,100.0000,default,20,rsu(774m),1040,26263,0.0180,774,3.5114,2,2,-79.9204,-96.9101,direct,0.0500,23.2000,-83.1442
175.7,node[9],1,6555.3327,3633.8606,1.8950,23.4645,0.9558,-0.4974,:8619319256_5,-76.7303,2.4650,100.0000,default,20,rsu(774m),1041,26292,0.4335,774,3.5180,5,8,-76.7303,-93.7200,direct,0.0500,23.2000,-83.0340
175.8,node[9],1,6557.3921,3634.9787,1.8950,23.4329,-0.3163,-0.4974,:8619319256_5,-81.8518,-2.9394,100.0000,default,20,rsu(774m),1042,26321,0.0488,774,3.5116,3,4,-81.8518,-98.8415,direct,0.0500,23.2000,-82.9193
175.9,node[9],1,6559.4460,3636.0938,1.8950,23.3702,-0.6275,-0.4974,:8619319256_5,-84.1188,-5.0000,100.0000,default,20,rsu(773m),1043,26350,0.0180,773,3.5182,2,2,-84.1188,-101.1085,direct,0.0500,23.2000,-82.8003
176,node[9],1,6561.4987,3637.2098,1.8950,23.3488,-0.2141,-0.4977,831179687#24,-80.3813,-5.0000,100.0000,default,20,rsu(773m),1044,26379,0.0180,773,3.5119,2,2,-80.3813,-97.3710,direct,0.0500,23.2000,-82.6762
176.1,node[9],1,6563.5632,3638.3073,1.8950,23.3767,0.2796,-0.4936,:227581161_7,-78.5927,0.0417,100.0000,default,20,rsu(773m),1045,26408,0.1856,773,3.5186,4,6,-78.5927,-95.5824,direct,0.0500,23.2000,-82.5464
176.2,node[9],1,6565.6366,3639.4047,1.8950,23.4569,0.8013,-0.4884,:227581161_7,-88.2843,-5.0000,100.0000,default,20,rsu(772m),1046,26437,0.0180,772,3.5124,2,2,-88.2843,-105.2740,direct,0.0500,23.2000,-82.4105
176.3,node[9],1,6567.7110,3640.5026,1.8950,23.4678,0.1091,-0.4868,:227581161_7,-82.5730,-5.0000,100.0000,default,20,rsu(772m),1047,26466,0.0180,772,3.5193,2,2,-82.5730,-99.5627,direct,0.0500,23.2000,-82.2685
176.4,node[9],1,6569.7770,3641.5961,1.8950,23.3735,-0.9429,-0.4868,:227581161_7,-79.7416,-4.9460,100.0000,default,20,rsu(772m),1048,26495,0.0185,772,3.5132,2,2,-79.7416,-96.7313,direct,0.0500,23.2000,-82.1207
176.5,node[9],1,6571.8427,3642.6894,1.8950,23.3698,-0.0364,-0.4868,:227581161_7,-83.3909,-5.0000,100.0000,default,20,rsu(772m),1049,26524,0.0180,772,3.5201,2,2,-83.3909,-100.3806,direct,0.0500,23.2000,-81.9661
176.6,node[9],1,6573.9097,3643.7834,1.8950,23.3843,0.1443,-0.4868,:227581161_7,-85.8119,-5.0000,100.0000,default,20,rsu(772m),1050,26553,0.0180,772,3.5141,2,2,-85.8119,-102.8016,direct,0.0500,23.2000,-81.8042
176.7,node[9],1,6575.9920,3644.8634,1.8950,23.4240,0.3969,-0.4829,831179687#25,-82.7390,-5.0000,100.0000,default,20,rsu(771m),1051,26582,0.0180,771,3.5082,2,2,-82.7390,-99.7287,direct,0.0500,23.2000,-81.6337
176.8,node[9],1,6578.0734,3645.9360,1.8950,23.3897,-0.3426,-0.4777,:8619319249_5,-84.7759,-5.0000,100.0000,default,20,rsu(771m),1052,26611,0.0180,771,3.5153,2,2,-84.7759,-101.7656,direct,0.0500,23.2000,-81.4555
176.9,node[9],1,6580.1525,3647.0078,1.8950,23.3711,-0.1865,-0.4759,:8619319249_5,-83.8172,-5.0000,100.0000,default,20,rsu(771m),1053,26640,0.0180,771,3.5095,2,2,-83.8172,-100.8069,direct,0.0500,23.2000,-81.2685
177,node[9],1,6582.1989,3648.0627,1.8950,23.0040,-3.6705,-0.4760,:8619319249_5,-81.7403,-5.0000,100.0000,default,20,rsu(771m),1054,26669,0.0180,771,3.5167,2,2,-81.7403,-98.7300,direct,0.0500,23.2000,-81.0746
177.1,node[9],1,6584.2061,3649.0974,1.8950,22.5627,-4.4135,-0.4760,:8619319249_5,-86.8308,-5.0000,100.0000,default,20,rsu(770m),1055,26698,0.0180,770,3.5110,2,2,-86.8308,-103.8205,direct,0.0500,23.2000,-80.8739
177.2,node[9],1,6586.1717,3650.1100,1.8950,22.1127,-4.5000,-0.4758,831179687#26,-77.8532,-2.1620,100.0000,default,20,rsu(770m),1056,26727,0.0704,770,3.5183,3,4,-77.8532,-94.8429,direct,0.0500,23.2000,-80.6663
177.3,node[9],1,6588.1009,3651.1034,1.8950,21.7123,-4.0037,-0.4757,831179687#26,-81.7367,-2.5360,100.0000,default,20,rsu(770m),1057,26756,0.0591,770,3.5127,3,4,-81.7367,-98.7264,direct,0.0500,23.2000,-80.4510
177.4,node[9],1,6589.9901,3652.0762,1.8950,21.2623,-4.5000,-0.4755,831179687#26,-82.7878,-3.5387,100.0000,default,20,rsu(770m),1058,26785,0.0366,770,3.5201,2,2,-82.7878,-99.7775,direct,0.0500,23.2000,-80.2279
177.5,node[9],1,6591.8394,3653.0285,1.8950,20.8123,-4.5000,-0.4755,831179687#26,-91.4620,-5.0000,100.0000,default,20,rsu(770m),1059,26814,0.0180,770,3.5146,2,2,-91.4620,-108.4517,direct,0.0500,23.2000,-79.9969
177.6,node[9],1,6593.6491,3653.9601,1.8950,20.3623,-4.5000,-0.4755,:8619319280_5,-89.0612,-5.0000,100.0000,default,20,rsu(769m),1060,26843,0.0180,769,3.5091,2,2,-89.0612,-106.0509,direct,0.0500,23.2000,-79.7574
177.7,node[9],1,6595.4205,3654.8712,1.8950,19.9123,-4.5000,-0.4753,:8619319280_5,-85.0281,-5.0000,100.0000,default,20,rsu(769m),1061,26872,0.0180,769,3.5167,2,2,-85.0281,-102.0178,direct,0.0500,23.2000,-79.5094
177.8,node[9],1,6597.1518,3655.7617,1.8950,19.4623,-4.5000,-0.4751,:8619319280_5,-81.1869,-2.0101,100.0000,default,20,rsu(769m),1062,26901,0.0755,769,3.5114,3,4,-81.1869,-98.1766,direct,0.0500,23.2000,-79.2527
177.9,node[9],1,6598.8432,3656.6315,1.8950,19.0123,-4.5000,-0.4750,:8619319280_5,-81.0359,-5.0000,100.0000,default,20,rsu(769m),1063,26930,0.0180,769,3.5191,2,2,-81.0359,-98.0256,direct,0.0500,23.2000,-78.9859
178,node[9],1,6600.4945,3657.4808,1.8950,18.5623,-4.5000,-0.4750,:8619319280_5,-85.2514,-5.0000,100.0000,default,20,rsu(769m),1064,26959,0.0180,769,3.5138,2,2,-85.2514,-102.2411,direct,0.0500,23.2000,-78.7098
178.1,node[9],1,6602.1051,3658.3100,1.8950,18.1123,-4.5000,-0.4752,831179687#27,-79.9430,-2.4755,100.0000,default,20,rsu(769m),1065,26988,0.0608,769,3.5086,3,4,-79.9430,-96.9327,direct,0.0500,23.2000,-78.4237
178.2,node[9],1,6603.6742,3659.1199,1.8950,17.6623,-4.5000,-0.4757,831179687#27,-80.5949,-3.4990,100.0000,default,20,rsu(769m),1066,27017,0.0373,769,3.5165,2,2,-80.5949,-97.5846,direct,0.0500,23.2000,-78.1265
178.3,node[9],1,6605.2033,3659.9090,1.8950,17.2123,-4.5000,-0.4762,831179687#27,-85.2667,-5.0000,100.0000,default,20,rsu(768m),1067,27046,0.0180,768,3.5114,2,2,-85.2667,-102.2564,direct,0.0500,23.2000,-77.8186
178.4,node[9],1,6606.6924,3660.6776,1.8950,16.7623,-4.5000,-0.4765,831179687#27,-87.3760,-5.0000,100.0000,default,20,rsu(768m),1068,27075,0.0180,768,3.5194,2,2,-87.3760,-104.3657,direct,0.0500,23.2000,-77.4986
178.5,node[9],1,6608.1416,3661.4255,1.8950,16.3123,-4.5000,-0.4765,831179687#27,-85.9753,-5.0000,100.0000,default,20,rsu(768m),1069,27104,0.0180,768,3.5144,2,2,-85.9753,-102.9650,direct,0.0500,23.2000,-77.1662
178.6,node[9],1,6609.5507,3662.1528,1.8950,15.8623,-4.5000,-0.4765,831179687#27,-86.0547,-5.0000,100.0000,default,20,rsu(768m),1070,27133,0.0180,768,3.5095,2,2,-86.0547,-103.0444,direct,0.0500,23.2000,-76.8213
178.7,node[9],1,6610.9199,3662.8595,1.8950,15.4123,-4.5000,-0.4765,831179687#27,-83.7791,-5.0000,100.0000,default,20,rsu(768m),1071,27162,0.0180,768,3.5177,2,2,-83.7791,-100.7688,direct,0.0500,23.2000,-76.4676
178.8,node[9],1,6612.2492,3663.5455,1.8950,14.9623,-4.5000,-0.4765,831179687#27,-86.9451,-5.0000,100.0000,default,20,rsu(768m),1072,27191,0.0180,768,3.5129,2,2,-86.9451,-103.9348,direct,0.0500,23.2000,-76.1054
178.9,node[9],1,6613.5384,3664.2109,1.8950,14.5123,-4.5000,-0.4765,831179687#27,-90.2353,-5.0000,100.0000,default,20,rsu(768m),1073,27220,0.0180,768,3.5082,2,2,-90.2353,-107.2250,direct,0.0500,23.2000,-75.7347
179,node[9],1,6614.7880,3664.8558,1.8950,14.0658,-4.4647,-0.4765,831179687#27,-79.8970,-0.6301,100.0000,default,20,rsu(768m),1074,27249,0.1400,768,3.5165,4,6,-79.8970,-96.8867,direct,0.0500,23.2000,-75.3558
179.1,node[9],1,6615.9976,3665.4801,1.8950,13.6158,-4.5000,-0.4765,831179687#27,-86.6658,-5.0000,100.0000,default,20,rsu(768m),1075,27278,0.0180,768,3.5119,2,2,-86.6658,-103.6555,direct,0.0500,23.2000,-74.9691
179.2,node[9],1,6617.1672,3666.0837,1.8950,13.1658,-4.5000,-0.4764,:8619319287_5,-87.4532,-5.0000,100.0000,default,20,rsu(768m),1076,27307,0.0180,768,3.5074,2,2,-87.4532,-104.4429,direct,0.0500,23.2000,-74.5748
179.3,node[9],1,6618.2970,3666.6655,1.8950,12.7158,-4.5000,-0.4762,:8619319287_5,-77.9224,-1.8291,100.0000,default,20,rsu(768m),1077,27336,0.0821,768,3.5159,3,4,-77.9224,-94.9121,direct,0.0500,23.2000,-74.1735
179.4,node[9],1,6619.3869,3667.2267,1.8950,12.2658,-4.5000,-0.4760,:8619319287_5,-81.6264,-2.5884,100.0000,default,20,rsu(768m),1078,27365,0.0576,768,3.5115,3,4,-81.6264,-98.6161,direct,0.0500,23.2000,-73.7656
179.5,node[9],1,6620.4368,3667.7673,1.8950,11.8158,-4.5000,-0.4758,:8619319287_5,-80.1629,-3.3283,100.0000,default,20,rsu(768m),1079,27394,0.0405,768,3.5201,2,2,-80.1629,-97.1526,direct,0.0500,23.2000,-73.3520
179.6,node[9],2,6621.4467,3668.2874,1.8950,11.3658,-4.5000,-0.4756,:8619319287_5,-80.7305,-4.4052,100.0000,default,18,rsu(768m),1080,27423,0.0241,768,3.5159,2,2,-80.7305,-97.7202,direct,0.0500,23.2000,-72.9341
179.7,node[9],2,6622.4166,3668.7868,1.8950,10.9158,-4.5000,-0.4755,:8619319287_5,-89.2492,-5.0000,100.0000,default,18,rsu(768m),1081,27452,0.0180,768,3.5116,2,2,-89.2492,-106.2389,direct,0.0500,23.2000,-72.5113
179.8,node[9],2,6623.3466,3669.2657,1.8950,10.4673,-4.4855,-0.4755,:8619319287_5,-78.0147,0.6882,100.0000,default,18,rsu(767m),1082,27481,0.2394,767,3.5075,4,6,-78.0147,-95.0044,direct,0.0500,23.2000,-72.0855
179.9,node[9],2,6624.2367,3669.7240,1.8950,10.0173,-4.5000,-0.4755,:8619319287_5,-88.4052,-5.0000,100.0000,default,18,rsu(767m),1083,27510,0.0180,767,3.5164,2,2,-88.4052,-105.3949,direct,0.0500,23.2000,-71.6580
180,node[9],2,6625.0868,3670.1618,1.8950,9.5673,-4.5000,-0.4755,:8619319287_5,-82.1758,-5.0000,100.0000,default,18,rsu(767m),1084,27539,0.0180,767,3.5124,2,2,-82.1758,-99.1655,direct,0.0500,23.2000,-71.2304
180.1,node[9],2,6625.8973,3670.5793,1.8950,9.1173,-4.5000,-0.4756,831179687#28,-79.8067,-1.7498,100.0000,default,18,rsu(767m),1085,27568,0.0851,767,3.5085,3,4,-79.8067,-96.7964,direct,0.0500,23.2000,-70.8042
180.2,node[9],2,6626.7200,3671.0033,1.8950,9.2484,1.3108,-0.4756,831179687#28,-83.4663,-5.0000,100.0000,default,18,rsu(767m),1086,27597,0.0180,767,3.5176,2,2,-83.4663,-100.4560,direct,0.0500,23.2000,-70.3625
180.3,node[9],2,6627.5583,3671.4354,1.8950,9.4244,1.7607,-0.4757,831179687#28,-80.1106,-4.9729,100.0000,default,18,rsu(767m),1087,27626,0.0182,767,3.5138,2,2,-80.1106,-97.1003,direct,0.0500,23.2000,-69.9033
180.4,node[9],2,6628.4087,3671.8736,1.8950,9.5598,1.3538,-0.4758,831179687#28,-84.7409,-5.0000,100.0000,default,18,rsu(767m),1088,27655,0.0180,767,3.5101,2,2,-84.7409,-101.7306,direct,0.0500,23.2000,-69.4282
180.5,node[9],2,6629.2484,3672.3064,1.8950,9.4391,-1.2067,-0.4758,831179687#28,-80.8817,-2.7421,100.0000,default,18,rsu(767m),1089,27684,0.0536,767,3.5194,3,4,-80.8817,-97.8714,direct,0.0500,23.2000,-68.9472
180.6,node[9],2,6630.0500,3672.7195,1.8950,9.0117,-4.2743,-0.4759,831179687#28,-87.3795,-5.0000,100.0000,default,18,rsu(767m),1090,27713,0.0180,767,3.5159,2,2,-87.3795,-104.3692,direct,0.0500,23.2000,-68.4749
180.7,node[9],2,6630.8116,3673.1120,1.8950,8.5617,-4.5000,-0.4759,831179687#28,-81.1293,-2.8164,100.0000,default,18,rsu(767m),1091,27742,0.0518,767,3.5124,3,4,-81.1293,-98.1190,direct,0.0500,23.2000,-68.0169
180.8,node[9],2,6631.5332,3673.4839,1.8950,8.1117,-4.5000,-0.4759,831179687#28,-77.9416,-3.2213,100.0000,default,18,rsu(767m),1092,27771,0.0427,767,3.5090,2,2,-77.9416,-94.9313,direct,0.0500,23.2000,-67.5784
180.9,node[9],2,6632.2157,3673.8357,1.8950,7.6728,-4.3894,-0.4759,831179687#28,-79.8056,-0.7933,100.0000,default,18,rsu(767m),1093,27800,0.1305,767,3.5186,4,6,-79.8056,-96.7953,direct,0.0500,23.2000,-67.1651
181,node[9],2,6632.8582,3674.1668,1.8950,7.2228,-4.5000,-0.4759,831179687#28,-88.3802,-5.0000,100.0000,default,18,rsu(767m),1094,27829,0.0180,767,3.5154,2,2,-88.3802,-105.3699,direct,0.0500,23.2000,-66.7839
181.1,node[9],2,6633.4606,3674.4773,1.8950,6.7728,-4.5000,-0.4759,831179687#28,-78.0543,-0.0326,100.0000,default,18,rsu(767m),1095,27858,0.1800,767,3.5122,4,6,-78.0543,-95.0440,direct,0.0500,23.2000,-66.4414
181.2,node[9],2,6634.0237,3674.7675,1.8950,6.3300,-4.4272,-0.4759,831179687#28,-84.3972,-5.0000,100.0000,default,18,rsu(767m),1096,27887,0.0180,767,3.5091,2,2,-84.3972,-101.3869,direct,0.0500,23.2000,-66.1438
181.3,node[9],2,6634.5469,3675.0372,1.8950,5.8817,-4.4837,-0.4759,831179687#28,-82.0127,-5.0000,100.0000,default,18,rsu(767m),1097,27916,0.0180,767,3.5191,2,2,-82.0127,-99.0024,direct,0.0500,23.2000,-65.8950
181.4,node[9],2,6634.9961,3675.3410,1.8950,5.4317,-4.5000,-0.4887,:227600910_12,-82.6212,-3.6396,100.0000,default,18,rsu(767m),1098,27945,0.0349,767,3.5162,2,2,-82.6212,-99.6109,direct,0.0500,23.2000,-65.7352
181.5,node[9],2,6635.4387,3675.6565,1.8950,5.4385,0.0683,-0.5043,:227600910_12,-79.3089,-3.2351,100.0000,default,18,rsu(767m),1099,27974,0.0424,767,3.5134,2,2,-79.3089,-96.2986,direct,0.0500,23.2000,-65.6001
181.6,node[9],2,6635.8759,3675.9682,1.8950,5.3720,-0.6651,-0.5197,:227600910_12,-78.9803,-4.8859,100.0000,default,18,rsu(767m),1100,28003,0.0190,767,3.5106,2,2,-78.9803,-95.9700,direct,0.0500,23.2000,-65.4834
181.7,node[9],2,6636.3185,3676.2837,1.8950,5.4379,0.6592,-0.5353,:227600910_12,-82.8342,-5.0000,100.0000,default,18,rsu(767m),1101,28032,0.0180,767,3.5080,2,2,-82.8342,-99.8239,direct,0.0500,23.2000,-65.3837
181.8,node[9],2,6636.7215,3676.6367,1.8950,5.4420,0.0411,-0.5616,:227600910_12,-96.5251,-5.0000,100.0000,default,18,rsu(767m),1102,28061,0.0180,767,3.5184,2,2,-96.5251,-113.5148,direct,0.0500,23.2000,-65.3476
181.9,node[9],2,6637.0052,3677.0998,1.8950,5.4335,-0.0853,-0.6199,:227600910_12,-84.6080,-5.0000,100.0000,default,18,rsu(768m),1103,28090,0.0180,768,3.5159,2,2,-84.6080,-101.5977,direct,0.0500,23.2000,-65.4607
182,node[9],2,6637.2878,3677.5609,1.8950,5.4112,-0.2226,-0.6790,:227600910_12,-86.3279,-5.0000,100.0000,default,18,rsu(768m),1104,28119,0.0180,768,3.5135,2,2,-86.3279,-103.3176,direct,0.0500,23.2000,-65.5905
182.1,node[9],2,6637.5715,3678.0239,1.8950,5.4317,0.2052,-0.7387,:227600910_12,-76.6330,2.2682,100.0000,default,18,rsu(768m),1105,28148,0.4095,768,3.5112,5,8,-76.6330,-93.6227,direct,0.0500,23.2000,-65.7364
182.2,node[9],2,6637.7237,3678.5272,1.8950,5.4301,-0.0164,-0.8239,:227600910_12,-82.7462,-3.6753,100.0000,default,19,rsu(769m),1106,28178,0.0343,769,3.5094,2,2,-82.7462,-99.7359,direct,0.0500,23.2000,-65.9736
182.3,node[9],2,6637.7503,3679.0686,1.8950,5.4227,-0.0740,-0.9267,:227600910_12,-86.5046,-5.0000,100.0000,default,19,rsu(769m),1107,28208,0.0180,769,3.5078,2,2,-86.5046,-103.4943,direct,0.0500,24.0000,-66.2857
182.4,node[9],2,6637.7768,3679.6057,1.8950,5.3797,-0.4300,-1.0256,:227600910_12,-81.3064,-2.4212,100.0000,default,19,rsu(770m),1108,28238,0.0624,770,3.5193,3,4,-81.3064,-98.2961,direct,0.0500,24.0000,-66.5882
182.5,node[9],2,6637.8035,3680.1481,1.8950,5.4334,0.5374,-1.1263,:227600910_12,-81.7784,-5.0000,100.0000,default,20,rsu(770m),1109,28268,0.0180,770,3.5179,2,2,-81.7784,-98.7681,direct,0.0500,24.0000,-66.8852
182.6,node[9],2,6637.6694,3680.6610,1.8950,5.3850,-0.4848,-1.2555,:227600910_12,-82.0208,-4.5192,100.0000,default,20,rsu(771m),1110,28298,0.0228,771,3.5165,2,2,-82.0208,-99.0105,direct,0.0500,24.0000,-67.2082
182.7,node[9],2,6637.4831,3681.1656,1.8950,5.3807,-0.0429,-1.3939,:227600910_12,-82.5133,-3.9075,100.0000,default,20,rsu(771m),1111,28328,0.0307,771,3.5153,2,2,-82.5133,-99.5030,direct,0.0500,24.0000,-67.5283
182.8,node[9],2,6637.2983,3681.6665,1.8950,5.3416,-0.3912,-1.4930,:227600910_12,-79.4794,-0.5213,100.0000,default,21,rsu(772m),1112,28358,0.1467,772,3.5142,4,6,-79.4794,-96.4691,direct,0.0500,24.0000,-67.8307
182.9,node[9],2,6637.1095,3682.1780,1.8950,5.4549,1.1332,-1.5937,:227600910_12,-96.7053,-5.0000,100.0000,default,22,rsu(772m),1113,28388,0.0180,772,3.5132,2,2,-96.7053,-113.6950,direct,0.0500,24.0000,-68.1257
183,node[9],2,6636.9146,3682.6753,1.8950,5.3501,-1.0474,-1.6923,833444110#9,-80.6070,-1.4570,100.0000,default,22,rsu(773m),1114,28418,0.0972,773,3.5124,3,4,-80.6070,-97.5967,direct,0.0500,24.0000,-68.4038
183.1,node[9],2,6636.6490,3683.1648,1.8950,5.5698,2.1963,-1.7913,833444110#9,-94.4930,-5.0000,100.0000,default,22,rsu(773m),1115,28448,0.0180,773,3.5116,2,2,-94.4930,-111.4827,direct,0.0500,24.0000,-68.6832
183.2,node[9],2,6636.3733,3683.6729,1.8950,5.7797,2.0989,-1.8551,833444110#9,-84.0919,-5.0000,100.0000,default,22,rsu(774m),1116,28478,0.0180,774,3.5109,2,2,-84.0919,-101.0816,direct,0.0500,24.0000,-68.9599
183.3,node[9],2,6636.0905,3684.1942,1.8950,5.9312,1.5155,-1.9200,833444110#9,-86.8847,-5.0000,100.0000,default,22,rsu(774m),1117,28508,0.0180,774,3.5103,2,2,-86.8847,-103.8744,direct,0.0500,24.0000,-69.2302
183.4,node[9],2,6635.7992,3684.7312,1.8950,6.1093,1.7805,-1.9858,833444110#9,-80.0758,-2.0981,100.0000,default,22,rsu(775m),1118,28538,0.0725,775,3.5099,3,4,-80.0758,-97.0655,direct,0.0500,24.0000,-69.4950
183.5,node[9],2,6635.4961,3685.2897,1.8950,6.3544,2.4512,-2.0119,833444110#9,-81.2986,-3.9943,100.0000,default,22,rsu(776m),1119,28568,0.0294,776,3.5095,2,2,-81.2986,-98.2883,direct,0.0500,24.0000,-69.7563
183.6,node[9],2,6635.1812,3685.8702,1.8950,6.6040,2.4963,-2.0309,833444110#9,-79.7012,-0.3910,100.0000,default,22,rsu(776m),1120,28598,0.1551,776,3.5093,4,6,-79.7012,-96.6909,direct,0.0500,24.0000,-70.0136
183.7,node[9],2,6634.8580,3686.4659,1.8950,6.7777,1.7365,-2.0503,833444110#9,-77.2479,-0.6656,100.0000,default,22,rsu(777m),1121,28628,0.1379,777,3.5092,4,6,-77.2479,-94.2376,direct,0.0500,24.0000,-70.2625
183.8,node[9],2,6634.5238,3687.0819,1.8950,7.0076,2.2999,-2.0679,833444110#9,-79.1537,-0.6233,100.0000,default,22,rsu(778m),1122,28658,0.1404,778,3.5091,4,6,-79.1537,-96.1434,direct,0.0500,24.0000,-70.5047
183.9,node[9],2,6634.1793,3687.7168,1.8950,7.2232,2.1556,-2.0679,833444110#9,-77.5023,-1.8544,100.0000,default,22,rsu(778m),1123,28688,0.0811,778,3.5092,3,4,-77.5023,-94.4920,direct,0.0500,24.0000,-70.7385
184,node[9],2,6633.8251,3688.3698,1.8950,7.4291,2.0586,-2.0679,833444110#9,-84.0497,-5.0000,100.0000,default,22,rsu(779m),1124,28718,0.0180,779,3.5094,2,2,-84.0497,-101.0394,direct,0.0500,24.0000,-70.9627
184.1,node[9],2,6633.4589,3689.0446,1.8950,7.6776,2.4850,-2.0679,833444110#9,-82.3656,-3.2033,100.0000,default,22,rsu(780m),1125,28748,0.0430,780,3.5097,2,2,-82.3656,-99.3553,direct,0.0500,24.0000,-71.1775
184.2,node[9],2,6633.0804,3689.7423,1.8950,7.9375,2.5994,-2.0679,833444110#9,-78.9539,0.1219,100.0000,default,22,rsu(781m),1126,28778,0.1917,781,3.5101,4,6,-78.9539,-95.9436,direct,0.0500,24.0000,-71.3824
184.3,node[9],2,6632.6896,3690.4625,1.8950,8.1942,2.5664,-2.0679,833444110#9,-79.8036,-3.5393,100.0000,default,22,rsu(782m),1127,28808,0.0366,782,3.5106,2,2,-79.8036,-96.7933,direct,0.0500,24.0000,-71.5759
184.4,node[9],2,6632.2894,3691.2003,1.8950,8.3938,1.9968,-2.0679,833444110#9,-77.4396,1.8708,100.0000,default,22,rsu(782m),1128,28838,0.3625,782,3.5112,5,8,-77.4396,-94.4293,direct,0.0500,24.0000,-71.7554
184.5,node[9],2,6631.8783,3691.9579,1.8950,8.6190,2.2521,-2.0679,833444110#9,-80.4306,-1.0999,100.0000,default,22,rsu(783m),1129,28868,0.1141,783,3.5119,3,4,-80.4306,-97.4203,direct,0.0500,24.0000,-71.9206
184.6,node[9],2,6631.4554,3692.7374,1.8950,8.8689,2.4986,-2.0679,833444110#9,-92.2636,-5.0000,100.0000,default,22,rsu(784m),1130,28898,0.0180,784,3.5127,2,2,-92.2636,-109.2533,direct,0.0500,24.0000,-72.0715
184.7,node[9],2,6631.0203,3693.5394,1.8950,9.1243,2.5538,-2.0679,833444110#9,-85.8540,-5.0000,100.0000,default,22,rsu(785m),1131,28928,0.0180,785,3.5136,2,2,-85.8540,-102.8437,direct,0.0500,24.0000,-72.2072
184.8,node[9],2,6630.5728,3694.3642,1.8950,9.3832,2.5891,-2.0679,833444110#9,-82.8104,-5.0000,100.0000,default,22,rsu(786m),1132,28958,0.0180,786,3.5146,2,2,-82.8104,-99.8001,direct,0.0500,24.0000,-72.3276
184.9,node[9],2,6630.1138,3695.2102,1.8950,9.6250,2.4183,-2.0679,833444110#9,-81.4254,-5.0000,100.0000,default,22,rsu(787m),1133,28988,0.0180,787,3.5157,2,2,-81.4254,-98.4151,direct,0.0500,24.0000,-72.4319
185,node[9],2,6629.6436,3696.0769,1.8950,9.8602,2.3515,-2.0679,833444110#9,-96.2088,-5.0000,100.0000,default,22,rsu(788m),1134,29018,0.0180,788,3.5169,2,2,-96.2088,-113.1985,direct,0.0500,24.0000,-72.5201
185.1,node[9],2,6629.1637,3696.9614,1.8950,10.0634,2.0323,-2.0679,833444110#9,-81.3069,-5.0000,100.0000,default,22,rsu(789m),1135,29048,0.0180,789,3.5182,2,2,-81.3069,-98.2966,direct,0.0500,24.0000,-72.5931
185.2,node[9],2,6628.6765,3697.8594,1.8950,10.2166,1.5321,-2.0679,833444110#9,-90.0206,-5.0000,100.0000,default,22,rsu(790m),1136,29078,0.0180,790,3.5196,2,2,-90.0206,-107.0103,direct,0.0500,24.0000,-72.6513
185.3,node[9],2,6628.1805,3698.7736,1.8950,10.4009,1.8429,-2.0679,833444110#9,-77.0408,1.0349,100.0000,default,22,rsu(791m),1137,29108,0.2724,791,3.5081,5,8,-77.0408,-94.0305,direct,0.0500,24.0000,-72.6971
185.4,node[9],2,6627.6775,3699.7008,1.8950,10.5484,1.4747,-2.0679,833444110#9,-83.3416,-5.0000,100.0000,default,22,rsu(792m),1138,29138,0.0180,792,3.5097,2,2,-83.3416,-100.3313,direct,0.0500,24.0000,-72.7328
185.5,node[9],2,6627.1657,3700.6441,1.8950,10.7315,1.8309,-2.0679,833444110#9,-86.2289,-5.0000,100.0000,default,22,rsu(793m),1139,29168,0.0180,793,3.5114,2,2,-86.2289,-103.2186,direct,0.0500,24.0000,-72.7629
185.6,node[9],2,6626.6466,3701.6009,1.8950,10.8856,1.5410,-2.0679,833444110#9,-86.6315,-5.0000,100.0000,default,22,rsu(794m),1140,29198,0.0180,794,3.5131,2,2,-86.6315,-103.6212,direct,0.0500,24.0000,-72.7900
185.7,node[9],2,6626.1162,3702.5784,1.8950,11.1212,2.3566,-2.0679,833444110#9,-82.1919,-4.7845,100.0000,default,22,rsu(795m),1141,29228,0.0200,795,3.5150,2,2,-82.1919,-99.1816,direct,0.0500,24.0000,-72.8202
185.8,node[9],2,6625.5782,3703.5701,1.8950,11.2827,1.6149,-2.0679,833444110#9,-85.9239,-5.0000,100.0000,default,22,rsu(796m),1142,29258,0.0180,796,3.5170,2,2,-85.9239,-102.9136,direct,0.0500,24.0000,-72.8557
185.9,node[9],2,6625.0405,3704.5612,1.8950,11.2759,-0.0682,-2.0679,833444110#9,-82.2960,-3.1167,100.0000,default,22,rsu(798m),1143,29288,0.0449,798,3.5190,2,2,-82.2960,-99.2857,direct,0.0500,24.0000,-72.8972
186,node[9],2,6624.5059,3705.5464,1.8950,11.2090,-0.6693,-2.0679,833444110#9,-76.9723,2.1929,100.0000,default,22,rsu(799m),1144,29318,0.4005,799,3.5082,5,8,-76.9723,-93.9620,direct,0.0500,24.0000,-72.9463
186.1,node[9],2,6623.9678,3706.5382,1.8950,11.2835,0.7449,-2.0679,833444110#9,-83.9548,-5.0000,100.0000,default,22,rsu(800m),1145,29347,0.0180,800,14.6403,2,2,-83.9548,-100.9445,direct,0.0000,23.6000,-73.0076
186.2,node[9],2,6623.4295,3707.5305,1.8950,11.2888,0.0538,-2.0679,833444110#9,-90.3056,-5.0000,100.0000,default,22,rsu(801m),1146,29376,0.0180,801,14.6392,2,2,-90.3056,-107.2953,direct,0.0000,23.6000,-73.0813
186.3,node[9],2,6622.8911,3708.5227,1.8950,11.2891,0.0027,-2.0679,833444110#9,-83.2484,-5.0000,100.0000,default,22,rsu(802m),1147,29405,0.0180,802,14.6382,2,2,-83.2484,-100.2381,direct,0.0000,23.2000,-73.1671
186.4,node[9],2,6622.3565,3709.5081,1.8950,11.2101,-0.7897,-2.0679,833444110#9,-98.2317,-5.0000,100.0000,default,22,rsu(803m),1148,29434,0.0180,803,14.6373,2,2,-98.2317,-115.2214,direct,0.0000,23.2000,-73.2607
186.5,node[9],2,6621.8166,3710.5033,1.8950,11.3226,1.1243,-2.0679,833444110#9,-82.9657,-5.0000,100.0000,default,22,rsu(804m),1149,29463,0.0180,804,14.6365,2,2,-82.9657,-99.9554,direct,0.0000,23.2000,-73.3656
186.6,node[9],2,6621.2763,3711.4991,1.8950,11.3294,0.0683,-2.0679,833444110#9,-85.1145,-5.0000,100.0000,default,22,rsu(806m),1150,29492,0.0180,806,14.6488,2,2,-85.1145,-102.1042,direct,0.0000,23.2000,-73.4798
186.7,node[9],2,6620.7386,3712.4902,1.8950,11.2754,-0.5399,-2.0679,833444110#9,-82.8356,-5.0000,100.0000,default,22,rsu(807m),1151,29521,0.0180,807,14.6481,2,2,-82.8356,-99.8253,direct,0.0000,23.2000,-73.6010
186.8,node[9],2,6620.2007,3713.4817,1.8950,11.2809,0.0549,-2.0679,833444110#9,-87.4166,-5.0000,100.0000,default,22,rsu(808m),1152,29550,0.0180,808,14.6476,2,2,-87.4166,-104.4063,direct,0.0000,23.2000,-73.7288
186.9,node[9],2,6619.6650,3714.4690,1.8950,11.2317,-0.4915,-2.0679,833444110#9,-91.7648,-5.0000,100.0000,default,22,rsu(809m),1153,29579,0.0180,809,14.6471,2,2,-91.7648,-108.7545,direct,0.0000,23.2000,-73.8611
187,node[9],2,6619.1285,3715.4579,1.8950,11.2514,0.1971,-2.0679,833444110#9,-87.7780,-5.0000,100.0000,default,22,rsu(810m),1154,29608,0.0180,810,14.6467,2,2,-87.7780,-104.7677,direct,0.0000,23.2000,-73.9961
187.1,node[9],2,6618.5910,3716.4485,1.8950,11.2698,0.1835,-2.0679,833444110#9,-77.1325,-2.1343,100.0000,default,22,rsu(811m),1155,29637,0.0713,811,14.6464,3,4,-77.1325,-94.1222,direct,0.0000,23.2000,-74.1348
187.2,node[9],2,6618.0526,3717.4409,1.8950,11.2905,0.2067,-2.0679,833444110#9,-91.1863,-5.0000,100.0000,default,22,rsu(812m),1156,29666,0.0180,812,14.6473,2,2,-91.1863,-108.1760,direct,0.0000,23.2000,-74.2770
187.3,node[9],2,6617.5143,3718.4331,1.8950,11.2884,-0.0209,-2.0679,833444110#9,-84.0739,-5.0000,100.0000,default,22,rsu(813m),1157,29695,0.0180,813,14.6483,2,2,-84.0739,-101.0636,direct,0.0000,23.2000,-74.4225
187.4,node[9],2,6616.9741,3719.4289,1.8950,11.3286,0.4023,-2.0679,833444110#9,-82.4894,-5.0000,100.0000,default,22,rsu(815m),1158,29724,0.0180,815,14.6493,2,2,-82.4894,-99.4791,direct,0.0000,23.2000,-74.5722
187.5,node[9],2,6616.4370,3720.4187,1.8950,11.2616,-0.6703,-2.0679,833444110#9,-90.9748,-5.0000,100.0000,default,22,rsu(816m),1159,29753,0.0180,816,14.6374,2,2,-90.9748,-107.9645,direct,0.0000,23.2000,-74.7243
187.6,node[9],2,6615.9015,3721.4058,1.8950,11.2298,-0.3180,-2.0679,833444110#9,-86.4276,-5.0000,100.0000,default,22,rsu(817m),1160,29782,0.0180,817,14.6386,2,2,-86.4276,-103.4173,direct,0.0000,23.2000,-74.8791
187.7,node[9],2,6615.3619,3722.4003,1.8950,11.3144,0.8465,-2.0679,833444110#9,-94.4347,-5.0000,100.0000,default,22,rsu(818m),1161,29811,0.0180,818,14.6399,2,2,-94.4347,-111.4244,direct,0.0000,23.2000,-75.0386
187.8,node[9],2,6614.8217,3723.3961,1.8950,11.3287,0.1426,-2.0679,833444110#9,-85.8984,-5.0000,100.0000,default,22,rsu(819m),1162,29840,0.0180,819,14.6413,2,2,-85.8984,-102.8881,direct,0.0000,23.2000,-75.2008
187.9,node[9],2,6614.2845,3724.3861,1.8950,11.2640,-0.6467,-2.0679,833444110#9,-80.0880,-4.4109,100.0000,default,22,rsu(820m),1163,29869,0.0240,820,14.6427,2,2,-80.0880,-97.0777,direct,0.0000,23.2000,-75.3643
188,node[9],2,6613.7464,3725.3780,1.8950,11.2843,0.2031,-2.0679,833444110#9,-79.8703,-3.2452,100.0000,default,22,rsu(821m),1164,29898,0.0422,821,14.6442,2,2,-79.8703,-96.8600,direct,0.0000,23.2000,-75.5290
188.1,node[9],2,6613.2072,3726.3719,1.8950,11.3074,0.2312,-2.0679,833444110#9,-84.4230,-5.0000,100.0000,default,22,rsu(822m),1165,29927,0.0180,822,14.6458,2,2,-84.4230,-101.4127,direct,0.0000,23.2000,-75.6958
188.2,node[9],2,6612.6721,3727.3580,1.8950,11.2190,-0.8843,-2.0679,833444110#9,-99.3862,-5.0000,100.0000,default,22,rsu(824m),1166,29956,0.0180,824,14.6474,2,2,-99.3862,-116.3759,direct,0.0000,23.2000,-75.8631
188.3,node[9],2,6612.1334,3728.3510,1.8950,11.2972,0.7815,-2.0679,833444110#9,-83.7097,-5.0000,100.0000,default,22,rsu(825m),1167,29985,0.0180,825,14.6491,2,2,-83.7097,-100.6994,direct,0.0000,23.2000,-76.0322
188.4,node[9],2,6611.5948,3729.3437,1.8950,11.2942,-0.0301,-2.0679,833444110#9,-81.0732,-5.0000,100.0000,default,22,rsu(826m),1168,30014,0.0180,826,14.6379,2,2,-81.0732,-98.0629,direct,0.0000,23.2000,-76.2019
188.5,node[9],2,6611.0596,3730.3302,1.8950,11.2234,-0.7076,-2.0679,833444110#9,-94.5427,-5.0000,100.0000,default,22,rsu(827m),1169,30043,0.0180,827,14.6397,2,2,-94.5427,-111.5324,direct,0.0000,23.2000,-76.3698
188.6,node[9],2,6610.5214,3731.3221,1.8950,11.2846,0.6119,-2.0679,833444110#9,-76.3208,2.7801,100.0000,default,22,rsu(828m),1170,30072,0.4725,828,14.6416,5,8,-76.3208,-93.3105,direct,0.0000,23.2000,-76.5368
188.7,node[9],2,6609.9850,3732.3109,1.8950,11.2500,-0.3460,-2.0679,833444110#9,-84.2457,-5.0000,100.0000,default,22,rsu(829m),1171,30102,0.0180,829,14.6436,2,2,-84.2457,-101.2354,direct,0.0000,23.6000,-76.7024
188.8,node[9],2,6609.4472,3733.3021,1.8950,11.2772,0.2718,-2.0679,833444110#9,-84.3799,-5.0000,100.0000,default,22,rsu(830m),1172,30132,0.0180,830,14.6457,2,2,-84.3799,-101.3696,direct,0.0000,23.6000,-76.8670
188.9,node[9],2,6608.9127,3734.2873,1.8950,11.2085,-0.6869,-2.0679,833444110#9,-89.3725,-5.0000,100.0000,default,22,rsu(831m),1173,30162,0.0180,831,14.6478,2,2,-89.3725,-106.3622,direct,0.0000,24.0000,-77.0291
189,node[9],2,6608.3757,3735.2770,1.8950,11.2595,0.5098,-2.0679,833444110#9,-83.9303,-5.0000,100.0000,default,22,rsu(833m),1174,30192,0.0180,833,14.6370,2,2,-83.9303,-100.9200,direct,0.0000,24.0000,-77.1898
189.1,node[9],2,6607.8358,3736.2722,1.8950,11.3225,0.6300,-2.0679,833444110#9,-95.4140,-5.0000,100.0000,default,22,rsu(834m),1175,30222,0.0180,834,14.6392,2,2,-95.4140,-112.4037,direct,0.0000,24.0000,-77.3488
189.2,node[9],2,6607.2965,3737.2661,1.8950,11.3082,-0.1431,-2.0679,833444110#9,-80.1670,-3.8701,100.0000,default,22,rsu(835m),1176,30252,0.0312,835,14.6416,2,2,-80.1670,-97.1567,direct,0.0000,24.0000,-77.5048
189.3,node[9],2,6606.7610,3738.2531,1.8950,11.2289,-0.7924,-2.0679,833444110#9,-82.6155,-5.0000,100.0000,default,22,rsu(836m),1177,30282,0.0180,836,14.6440,2,2,-82.6155,-99.6052,direct,0.0000,24.0000,-77.6572
189.4,node[9],2,6606.2232,3739.2444,1.8950,11.2772,0.4828,-2.0679,833444110#9,-77.3434,1.2945,100.0000,default,22,rsu(837m),1178,30311,0.2989,837,14.6464,5,8,-77.3434,-94.3331,direct,0.0000,24.0000,-77.8069
189.5,node[9],2,6605.6830,3740.2402,1.8950,11.3291,0.5193,-2.0679,833444110#9,-82.7755,-4.4922,100.0000,default,22,rsu(838m),1179,30341,0.0231,838,14.6489,2,2,-82.7755,-99.7652,direct,0.0000,23.6000,-77.9536
189.6,node[9],2,6605.1444,3741.2329,1.8950,11.2938,-0.3530,-2.0679,833444110#9,-88.9997,-5.0000,100.0000,default,22,rsu(839m),1180,30371,0.0180,839,14.6385,2,2,-88.9997,-105.9894,direct,0.0000,23.6000,-78.0969
189.7,node[9],2,6604.6043,3742.2283,1.8950,11.3254,0.3161,-2.0679,833444110#9,-83.4249,-4.7257,100.0000,default,22,rsu(840m),1181,30400,0.0206,840,14.6412,2,2,-83.4249,-100.4146,direct,0.0000,23.6000,-78.2369
189.8,node[9],2,6604.0676,3743.2176,1.8950,11.2548,-0.7061,-2.0679,833444110#9,-87.3843,-5.0000,100.0000,default,22,rsu(842m),1182,30430,0.0180,842,14.6439,2,2,-87.3843,-104.3740,direct,0.0000,23.6000,-78.3728
189.9,node[9],2,6603.5290,3744.2102,1.8950,11.2928,0.3794,-2.0679,833444110#9,-77.9892,1.0778,100.0000,default,22,rsu(843m),1183,30459,0.2767,843,14.6467,5,8,-77.9892,-94.9789,direct,0.0000,23.6000,-78.5053
190,node[9],2,6602.9922,3745.1997,1.8950,11.2575,-0.3528,-2.0679,833444110#9,-86.1589,-5.0000,100.0000,default,22,rsu(844m),1184,30489,0.0180,844,14.6496,2,2,-86.1589,-103.1486,direct,0.0000,23.6000,-78.6340
190.1,node[9],2,6602.4550,3746.1898,1.8950,11.2645,0.0701,-2.0679,833444110#9,-87.6327,-5.0000,100.0000,default,22,rsu(845m),1185,30519,0.0180,845,14.6395,2,2,-87.6327,-104.6224,direct,0.0000,24.0000,-78.7589
190.2,node[9],2,6601.9154,3747.1844,1.8950,11.3157,0.5121,-2.0679,833444110#9,-91.8478,-5.0000,100.0000,default,22,rsu(846m),1186,30549,0.0180,846,14.6425,2,2,-91.8478,-108.8375,direct,0.0000,24.0000,-78.8805
190.3,node[9],2,6601.3777,3748.1754,1.8950,11.2751,-0.4065,-2.0679,833444110#9,-84.6191,-5.0000,100.0000,default,22,rsu(847m),1187,30579,0.0180,847,14.6455,2,2,-84.6191,-101.6088,direct,0.0000,24.0000,-78.9980
190.4,node[9],2,6600.8405,3749.1656,1.8950,11.2654,-0.0966,-2.0679,833444110#9,-82.4734,-5.0000,100.0000,default,22,rsu(848m),1188,30609,0.0180,848,14.6487,2,2,-82.4734,-99.4631,direct,0.0000,24.0000,-79.1120
190.5,node[9],2,6600.3016,3750.1589,1.8950,11.3006,0.3516,-2.0679,833444110#9,-84.0816,-5.0000,100.0000,default,22,rsu(849m),1189,30638,0.0180,849,14.6388,2,2,-84.0816,-101.0713,direct,0.0000,23.6000,-79.2226
190.6,node[9],2,6599.7624,3751.1527,1.8950,11.3057,0.0515,-2.0679,833444110#9,-90.7583,-5.0000,100.0000,default,21,rsu(849m),1190,30668,0.0180,849,14.6421,2,2,-90.7583,-107.7480,direct,0.0000,23.6000,-79.3486
190.7,node[9],2,6599.2243,3752.1445,1.8950,11.2847,-0.2101,-2.0679,833444110#9,-95.2332,-5.0000,100.0000,default,21,rsu(848m),1191,30697,0.0180,848,14.6454,2,2,-95.2332,-112.2229,direct,0.0000,23.6000,-79.4521
190.8,node[9],2,6598.6855,3753.1376,1.8950,11.2985,0.1382,-2.0679,833444110#9,-80.7846,-5.0000,100.0000,default,21,rsu(847m),1192,30727,0.0180,847,14.6488,2,2,-80.7846,-97.7743,direct,0.0000,23.6000,-79.5521
190.9,node[9],2,6598.1489,3754.1267,1.8950,11.2522,-0.4632,-2.0679,833444110#9,-88.4412,-5.0000,100.0000,default,21,rsu(847m),1193,30757,0.0180,847,14.6392,2,2,-88.4412,-105.4309,direct,0.0000,24.0000,-79.6481
191,node[9],2,6597.6132,3755.1141,1.8950,11.2341,-0.1807,-2.0679,833444110#9,-83.2605,-4.9552,100.0000,default,21,rsu(846m),1194,30787,0.0184,846,14.6427,2,2,-83.2605,-100.2502,direct,0.0000,24.0000,-79.7405
191.1,node[9],2,6597.0782,3756.1002,1.8950,11.2182,-0.1596,-2.0679,833444110#9,-81.7162,-2.5157,100.0000,default,21,rsu(846m),1195,30817,0.0596,846,14.6463,3,4,-81.7162,-98.7059,direct,0.0000,24.0000,-79.8293
191.2,node[9],2,6596.5380,3757.0958,1.8950,11.3271,1.0893,-2.0679,833444110#9,-86.4768,-5.0000,100.0000,default,21,rsu(845m),1196,30846,0.0180,845,14.6369,2,2,-86.4768,-103.4665,direct,0.0000,24.0000,-79.9151
191.3,node[9],2,6596.0013,3758.0850,1.8950,11.2548,-0.7232,-2.0679,833444110#9,-80.3297,-1.3555,100.0000,default,21,rsu(844m),1197,30876,0.1018,844,14.6406,3,4,-80.3297,-97.3194,direct,0.0000,23.6000,-79.9973
191.4,node[9],2,6595.4610,3759.0809,1.8950,11.3295,0.7477,-2.0679,833444110#9,-94.4829,-5.0000,100.0000,default,21,rsu(844m),1198,30905,0.0180,844,14.6444,2,2,-94.4829,-111.4726,direct,0.0000,23.6000,-80.0762
191.5,node[9],2,6594.9239,3760.0709,1.8950,11.2633,-0.6620,-2.0679,833444110#9,-89.1982,-5.0000,100.0000,default,21,rsu(843m),1199,30934,0.0180,843,14.6482,2,2,-89.1982,-106.1879,direct,0.0000,23.2000,-80.1515
191.6,node[9],2,6594.3875,3761.0595,1.8950,11.2478,-0.1550,-2.0679,833444110#9,-85.4208,-5.0000,100.0000,default,20,rsu(842m),1200,30964,0.0180,842,14.6391,2,2,-85.4208,-102.4105,direct,0.0000,23.2000,-80.2258
191.7,node[9],2,6593.8519,3762.0466,1.8950,11.2305,-0.1731,-2.0679,833444110#9,-90.2744,-5.0000,100.0000,default,20,rsu(842m),1201,30994,0.0180,842,14.6430,2,2,-90.2744,-107.2641,direct,0.0000,24.0000,-80.2946
191.8,node[9],2,6593.3134,3763.0393,1.8950,11.2935,0.6301,-2.0679,833444110#9,-84.9044,-5.0000,100.0000,default,20,rsu(841m),1202,31023,0.0180,841,14.6470,2,2,-84.9044,-101.8941,direct,0.0000,24.0000,-80.3606
191.9,node[9],2,6592.7767,3764.0286,1.8950,11.2548,-0.3875,-2.0679,833444110#9,-87.6366,-5.0000,100.0000,default,20,rsu(841m),1203,31052,0.0180,841,14.6381,2,2,-87.6366,-104.6263,direct,0.0000,23.2000,-80.4236
192,node[9],2,6592.2420,3765.0140,1.8950,11.2112,-0.4357,-2.0679,833444110#9,-80.7223,-5.0000,100.0000,default,20,rsu(840m),1204,31082,0.0180,840,14.6422,2,2,-80.7223,-97.7120,direct,0.0000,23.2000,-80.4835
192.1,node[9],2,6591.7075,3765.9993,1.8950,11.2092,-0.0197,-2.0679,833444110#9,-85.8145,-5.0000,100.0000,default,20,rsu(839m),1205,31112,0.0180,839,14.6464,2,2,-85.8145,-102.8042,direct,0.0000,24.0000,-80.5404
192.2,node[9],2,6591.1687,3766.9922,1.8950,11.2969,0.8762,-2.0679,833444110#9,-80.0593,-2.2432,100.0000,default,20,rsu(839m),1206,31142,0.0678,839,14.6376,3,4,-80.0593,-97.0490,direct,0.0000,24.0000,-80.5945
192.3,node[9],2,6590.6292,3767.9866,1.8950,11.3134,0.1653,-2.0679,833444110#9,-81.9920,-4.4327,100.0000,default,20,rsu(838m),1207,31172,0.0237,838,14.6419,2,2,-81.9920,-98.9817,direct,0.0000,24.0000,-80.6458
192.4,node[9],2,6590.0931,3768.9748,1.8950,11.2423,-0.7108,-2.0679,833444110#9,-79.6624,-1.6746,100.0000,default,20,rsu(838m),1208,31202,0.0881,838,14.6463,3,4,-79.6624,-96.6521,direct,0.0000,24.0000,-80.6943
192.5,node[9],2,6589.5535,3769.9694,1.8950,11.3152,0.7290,-2.0679,833444110#9,-79.0017,-1.8573,100.0000,default,20,rsu(837m),1209,31231,0.0810,837,14.6377,3,4,-79.0017,-95.9914,direct,0.0000,23.6000,-80.7403
192.6,node[9],2,6589.0158,3770.9605,1.8950,11.2760,-0.3918,-2.0679,833444110#9,-81.7357,-2.8283,100.0000,default,20,rsu(836m),1210,31261,0.0515,836,14.6422,3,4,-81.7357,-98.7254,direct,0.0000,23.6000,-80.7834
192.7,node[9],2,6588.4785,3771.9508,1.8950,11.2663,-0.0972,-2.0679,833444110#9,-82.6522,-5.0000,100.0000,default,20,rsu(836m),1211,31291,0.0180,836,14.6467,2,2,-82.6522,-99.6419,direct,0.0000,24.0000,-80.8239
192.8,node[9],2,6587.9411,3772.9413,1.8950,11.2693,0.0301,-2.0679,833444110#9,-90.8769,-5.0000,100.0000,default,20,rsu(835m),1212,31321,0.0180,835,14.6383,2,2,-90.8769,-107.8666,direct,0.0000,24.0000,-80.8619
192.9,node[9],2,6587.4067,3773.9262,1.8950,11.2055,-0.6382,-2.0679,833444110#9,-77.6987,0.1972,100.0000,default,20,rsu(835m),1213,31351,0.1976,835,14.6429,4,6,-77.6987,-94.6884,direct,0.0000,24.0000,-80.8971
193,node[9],2,6586.8716,3774.9125,1.8950,11.2204,0.1487,-2.0679,833444110#9,-81.6410,-5.0000,100.0000,default,20,rsu(834m),1214,31380,0.0180,834,14.6476,2,2,-81.6410,-98.6307,direct,0.0000,24.0000,-80.9301
193.1,node[9],2,6586.3323,3775.9065,1.8950,11.3093,0.8892,-2.0679,833444110#9,-78.1791,-1.2235,100.0000,default,20,rsu(833m),1215,31410,0.1080,833,14.6393,3,4,-78.1791,-95.1688,direct,0.0000,23.6000,-80.9608
193.2,node[9],2,6585.7950,3776.8968,1.8950,11.2668,-0.4253,-2.0679,833444110#9,-82.0672,-5.0000,100.0000,default,20,rsu(833m),1216,31440,0.0180,833,14.6441,2,2,-82.0672,-99.0569,direct,0.0000,23.6000,-80.9887
193.3,node[9],2,6585.2567,3777.8891,1.8950,11.2888,0.2205,-2.0679,833444110#9,-78.5322,0.8516,100.0000,default,20,rsu(832m),1217,31470,0.2546,832,14.6489,4,6,-78.5322,-95.5219,direct,0.0000,24.0000,-81.0137
193.4,node[9],2,6584.7210,3778.8765,1.8950,11.2339,-0.5492,-2.0679,833444110#9,-82.9758,-5.0000,100.0000,default,20,rsu(832m),1218,31500,0.0180,832,14.6408,2,2,-82.9758,-99.9655,direct,0.0000,24.0000,-81.0357
193.5,node[9],2,6584.1841,3779.8659,1.8950,11.2570,0.2310,-2.0679,833444110#9,-79.6536,-2.5192,100.0000,default,20,rsu(831m),1219,31530,0.0595,831,14.6458,3,4,-79.6536,-96.6433,direct,0.0000,24.0000,-81.0564
193.6,node[9],2,6583.6493,3780.8517,1.8950,11.2149,-0.4209,-2.0679,833444110#9,-86.6574,-5.0000,100.0000,default,20,rsu(830m),1220,31560,0.0180,830,14.6378,2,2,-86.6574,-103.6471,direct,0.0000,24.0000,-81.0744
193.7,node[9],2,6583.1120,3781.8420,1.8950,11.2668,0.5193,-2.0679,833444110#9,-98.2237,-5.0000,100.0000,default,20,rsu(830m),1221,31590,0.0180,830,14.6428,2,2,-98.2237,-115.2134,direct,0.0000,24.0000,-81.0901
193.8,node[9],2,6582.5727,3782.8362,1.8950,11.3107,0.4385,-2.0679,833444110#9,-81.0739,-5.0000,100.0000,default,20,rsu(829m),1222,31620,0.0180,829,14.6479,2,2,-81.0739,-98.0636,direct,0.0000,24.0000,-81.1076
193.9,node[9],2,6582.0331,3783.8307,1.8950,11.3150,0.0430,-2.0679,833444110#9,-90.0567,-5.0000,100.0000,default,20,rsu(829m),1223,31650,0.0180,829,14.6400,2,2,-90.0567,-107.0464,direct,0.0000,24.0000,-81.1227
194,node[9],2,6581.4971,3784.8185,1.8950,11.2379,-0.7709,-2.0679,833444110#9,-86.7036,-5.0000,100.0000,default,20,rsu(828m),1224,31679,0.0180,828,14.6452,2,2,-86.7036,-103.6933,direct,0.0000,24.0000,-81.1369
194.1,node[9],2,6580.9602,3785.8082,1.8950,11.2596,0.2168,-2.0679,833444110#9,-81.6623,-4.8384,100.0000,default,20,rsu(828m),1225,31708,0.0195,828,14.6374,2,2,-81.6623,-98.6520,direct,0.0000,23.2000,-81.1531
194.2,node[9],2,6580.4248,3786.7950,1.8950,11.2267,-0.3285,-2.0679,833444110#9,-80.7522,-2.2050,100.0000,default,20,rsu(827m),1226,31737,0.0690,827,14.6427,3,4,-80.7522,-97.7419,direct,0.0000,23.2000,-81.1673
194.3,node[9],2,6579.8872,3787.7858,1.8950,11.2729,0.4620,-2.0679,833444110#9,-88.0313,-5.0000,100.0000,default,20,rsu(826m),1227,31767,0.0180,826,14.6480,2,2,-88.0313,-105.0210,direct,0.0000,23.6000,-81.1797
194.4,node[9],2,6579.3472,3788.7812,1.8950,11.3237,0.5073,-2.0679,833444110#9,-80.2999,-3.4056,100.0000,default,20,rsu(826m),1228,31797,0.0391,826,14.6403,2,2,-80.2999,-97.2896,direct,0.0000,23.6000,-81.1923
194.5,node[9],2,6578.8093,3789.7727,1.8950,11.2811,-0.4253,-2.0679,833444110#9,-83.9169,-4.8352,100.0000,default,20,rsu(825m),1229,31827,0.0195,825,14.6457,2,2,-83.9169,-100.9066,direct,0.0000,24.0000,-81.2034
194.6,node[9],2,6578.2691,3790.7683,1.8950,11.3268,0.4561,-2.0679,833444110#9,-81.0297,-3.7634,100.0000,default,20,rsu(825m),1230,31857,0.0329,825,14.6381,2,2,-81.0297,-98.0194,direct,0.0000,24.0000,-81.2129
194.7,node[9],2,6577.7305,3791.7610,1.8950,11.2932,-0.3351,-2.0679,833444110#9,-97.7208,-5.0000,100.0000,default,20,rsu(824m),1231,31887,0.0180,824,14.6436,2,2,-97.7208,-114.7105,direct,0.0000,24.0000,-81.2208
194.8,node[9],2,6577.1908,3792.7558,1.8950,11.3185,0.2526,-2.0679,833444110#9,-80.1293,-3.3718,100.0000,default,20,rsu(823m),1232,31917,0.0397,823,14.6491,2,2,-80.1293,-97.1190,direct,0.0000,24.0000,-81.2271
194.9,node[9],2,6576.6526,3793.7479,1.8950,11.2866,-0.3195,-2.0679,833444110#9,-85.5369,-5.0000,100.0000,default,20,rsu(823m),1233,31947,0.0180,823,14.6416,2,2,-85.5369,-102.5266,direct,0.0000,24.0000,-81.2320
195,node[9],2,6576.1125,3794.7432,1.8950,11.3238,0.3720,-2.0679,833444110#9,-75.9160,0.6293,100.0000,default,20,rsu(822m),1234,31977,0.2341,822,14.6472,4,6,-75.9160,-92.9057,direct,0.0000,24.0000,-81.2353
195.1,node[9],2,6575.5740,3795.7357,1.8950,11.2921,-0.3171,-2.0679,833444110#9,-91.5734,-5.0000,100.0000,default,20,rsu(822m),1235,32006,0.0180,822,14.6399,2,2,-91.5734,-108.5631,direct,0.0000,23.6000,-81.2371
195.2,node[9],2,6575.0367,3796.7262,1.8950,11.2684,-0.2369,-2.0679,833444110#9,-80.6009,-4.3180,100.0000,default,20,rsu(821m),1236,32036,0.0251,821,14.6455,2,2,-80.6009,-97.5906,direct,0.0000,23.6000,-81.2377
195.3,node[9],2,6574.4969,3797.7211,1.8950,11.3186,0.5019,-2.0679,833444110#9,-87.6403,-5.0000,100.0000,default,20,rsu(821m),1237,32065,0.0180,821,14.6382,2,2,-87.6403,-104.6300,direct,0.0000,23.6000,-81.2369
195.4,node[9],2,6573.9581,3798.7142,1.8950,11.2986,-0.1995,-2.0679,833444110#9,-79.6393,-0.8231,100.0000,default,20,rsu(820m),1238,32094,0.1288,820,14.6440,4,6,-79.6393,-96.6290,direct,0.0000,23.6000,-81.2350
195.5,node[9],2,6573.4211,3799.7040,1.8950,11.2613,-0.3735,-2.0679,833444110#9,-78.0174,-1.1695,100.0000,default,20,rsu(819m),1239,32124,0.1106,819,14.6498,3,4,-78.0174,-95.0071,direct,0.0000,23.6000,-81.2320
195.6,node[9],2,6572.8816,3800.6984,1.8950,11.3134,0.5212,-2.0679,833444110#9,-81.4206,-4.3729,100.0000,default,20,rsu(819m),1240,32154,0.0244,819,14.6426,2,2,-81.4206,-98.4103,direct,0.0000,23.6000,-81.2278
195.7,node[9],2,6572.3444,3801.6885,1.8950,11.2643,-0.4906,-2.0679,833444110#9,-81.4619,-5.0000,100.0000,default,20,rsu(818m),1241,32183,0.0180,818,14.6484,2,2,-81.4619,-98.4516,direct,0.0000,23.6000,-81.2226
195.8,node[9],2,6571.8062,3802.6805,1.8950,11.2862,0.2187,-2.0679,833444110#9,-93.8326,-5.0000,100.0000,default,20,rsu(818m),1242,32213,0.0180,818,14.6413,2,2,-93.8326,-110.8223,direct,0.0000,23.6000,-81.2165
195.9,node[9],2,6571.2688,3803.6709,1.8950,11.2680,-0.1819,-2.0679,833444110#9,-84.5749,-5.0000,100.0000,default,20,rsu(817m),1243,32243,0.0180,817,14.6472,2,2,-84.5749,-101.5646,direct,0.0000,24.0000,-81.2095
196,node[9],2,6570.7337,3804.6572,1.8950,11.2209,-0.4707,-2.0679,833444110#9,-84.6347,-5.0000,100.0000,default,20,rsu(817m),1244,32273,0.0180,817,14.6402,2,2,-84.6347,-101.6244,direct,0.0000,24.0000,-81.2018
196.1,node[9],2,6570.1955,3805.6493,1.8950,11.2873,0.6635,-2.0679,833444110#9,-80.4740,-2.9755,100.0000,default,20,rsu(816m),1245,32302,0.0480,816,14.6462,3,4,-80.4740,-97.4637,direct,0.0000,23.6000,-81.1934
196.2,node[9],2,6569.6569,3806.6420,1.8950,11.2937,0.0645,-2.0679,833444110#9,-79.1839,-1.8375,100.0000,default,20,rsu(816m),1246,32332,0.0818,816,14.6392,3,4,-79.1839,-96.1736,direct,0.0000,23.6000,-81.1844
196.3,node[9],2,6569.1224,3807.6272,1.8950,11.2086,-0.8513,-2.0679,833444110#9,-81.2129,-2.6810,100.0000,default,20,rsu(815m),1247,32361,0.0552,815,14.6453,3,4,-81.2129,-98.2026,direct,0.0000,23.6000,-81.1752
196.4,node[9],2,6568.5825,3808.6223,1.8950,11.3212,1.1258,-2.0679,833444110#9,-85.9985,-5.0000,100.0000,default,20,rsu(814m),1248,32390,0.0180,814,14.6384,2,2,-85.9985,-102.9882,direct,0.0000,23.6000,-81.1654
196.5,node[9],2,6568.0482,3809.6070,1.8950,11.2034,-1.1772,-2.0679,833444110#9,-84.6989,-5.0000,100.0000,default,20,rsu(814m),1249,32420,0.0180,814,14.6445,2,2,-84.6989,-101.6886,direct,0.0000,23.6000,-81.1556
196.6,node[9],2,6567.5118,3810.5958,1.8950,11.2489,0.4542,-2.0679,833444110#9,-79.9836,-5.0000,100.0000,default,20,rsu(813m),1250,32449,0.0180,813,14.6376,2,2,-79.9836,-96.9733,direct,0.0000,23.6000,-81.1455
196.7,node[9],2,6566.9728,3811.5892,1.8950,11.3016,0.5271,-2.0679,833444110#9,-90.1646,-5.0000,100.0000,default,20,rsu(813m),1251,32479,0.0180,813,14.6438,2,2,-90.1646,-107.1543,direct,0.0000,23.6000,-81.1352
196.8,node[9],2,6566.4366,3812.5775,1.8950,11.2442,-0.5739,-2.0679,833444110#9,-85.2754,-5.0000,100.0000,default,20,rsu(812m),1252,32509,0.0180,812,14.6501,2,2,-85.2754,-102.2651,direct,0.0000,23.6000,-81.1251
196.9,node[9],2,6565.8992,3813.5681,1.8950,11.2703,0.2616,-2.0679,833444110#9,-87.8633,-5.0000,100.0000,default,20,rsu(812m),1253,32539,0.0180,812,14.6433,2,2,-87.8633,-104.8530,direct,0.0000,24.0000,-81.1152
197,node[9],2,6565.3604,3814.5611,1.8950,11.2975,0.2714,-2.0679,833444110#9,-78.9033,-0.2774,100.0000,default,20,rsu(811m),1254,32569,0.1626,811,14.6496,4,6,-78.9033,-95.8930,direct,0.0000,24.0000,-81.1056
197.1,node[9],2,6564.8216,3815.5542,1.8950,11.2978,0.0032,-2.0679,833444110#9,-95.3523,-5.0000,100.0000,default,20,rsu(811m),1255,32599,0.0180,811,14.6429,2,2,-95.3523,-112.3420,direct,0.0000,24.0000,-81.0966
197.2,node[9],2,6564.2859,3816.5417,1.8950,11.2351,-0.6267,-2.0679,833444110#9,-89.0519,-5.0000,100.0000,default,20,rsu(810m),1256,32629,0.0180,810,14.6492,2,2,-89.0519,-106.0416,direct,0.0000,24.0000,-81.0884
197.3,node[9],2,6563.7502,3817.5290,1.8950,11.2321,-0.0300,-2.0679,833444110#9,-78.9043,-2.0735,100.0000,default,20,rsu(809m),1257,32659,0.0733,809,14.6426,3,4,-78.9043,-95.8940,direct,0.0000,24.0000,-81.0810
197.4,node[9],2,6563.2103,3818.5241,1.8950,11.3218,0.8964,-2.0679,833444110#9,-85.5330,-5.0000,100.0000,default,20,rsu(809m),1258,32689,0.0180,809,14.6490,2,2,-85.5330,-102.5227,direct,0.0000,24.0000,-81.0742
197.5,node[9],2,6562.6739,3819.5129,1.8950,11.2490,-0.7281,-2.0679,833444110#9,-91.3693,-5.0000,100.0000,default,20,rsu(808m),1259,32719,0.0180,808,14.6425,2,2,-91.3693,-108.3590,direct,0.0000,24.0000,-81.0686
197.6,node[9],2,6562.1383,3820.5000,1.8950,11.2311,-0.1782,-2.0679,833444110#9,-76.3414,-1.2064,100.0000,default,20,rsu(808m),1260,32748,0.1088,808,14.6489,3,4,-76.3414,-93.3311,direct,0.0000,24.0000,-81.0645
197.7,node[9],2,6561.5998,3821.4925,1.8950,11.2915,0.6038,-2.0679,833444110#9,-81.5680,-3.4298,100.0000,default,20,rsu(807m),1261,32778,0.0386,807,14.6424,2,2,-81.5680,-98.5577,direct,0.0000,23.6000,-81.0616
197.8,node[9],2,6561.0640,3822.4800,1.8950,11.2345,-0.5699,-2.0679,833444110#9,-86.6288,-5.0000,100.0000,default,20,rsu(807m),1262,32808,0.0180,807,14.6489,2,2,-86.6288,-103.6185,direct,0.0000,23.6000,-81.0605
197.9,node[9],2,6560.5261,3823.4715,1.8950,11.2801,0.4558,-2.0679,833444110#9,-86.2863,-5.0000,100.0000,default,20,rsu(806m),1263,32837,0.0180,806,14.6425,2,2,-86.2863,-103.2760,direct,0.0000,23.6000,-81.0611
198,node[9],2,6559.9864,3824.4663,1.8950,11.3179,0.3782,-2.0679,833444110#9,-88.2880,-5.0000,100.0000,default,20,rsu(806m),1264,32867,0.0180,806,14.6490,2,2,-88.2880,-105.2777,direct,0.0000,23.6000,-81.0632
198.1,node[9],2,6559.4467,3825.4611,1.8950,11.3180,0.0008,-2.0679,833444110#9,-92.1135,-5.0000,100.0000,default,20,rsu(805m),1265,32897,0.0180,805,14.6426,2,2,-92.1135,-109.1032,direct,0.0000,24.0000,-81.0673
198.2,node[9],2,6558.9112,3826.4480,1.8950,11.2275,-0.9055,-2.0679,833444110#9,-81.9330,-5.0000,100.0000,default,20,rsu(805m),1266,32927,0.0180,805,14.6492,2,2,-81.9330,-98.9227,direct,0.0000,24.0000,-81.0736
198.3,node[9],2,6558.3742,3827.4379,1.8950,11.2621,0.3461,-2.0679,833444110#9,-82.0840,-5.0000,100.0000,default,20,rsu(804m),1267,32957,0.0180,804,14.6428,2,2,-82.0840,-99.0737,direct,0.0000,24.0000,-81.0818
198.4,node[9],2,6557.8361,3828.4296,1.8950,11.2825,0.2045,-2.0679,833444110#9,-88.8736,-5.0000,100.0000,default,20,rsu(804m),1268,32987,0.0180,804,14.6495,2,2,-88.8736,-105.8633,direct,0.0000,24.0000,-81.0919
198.5,node[9],2,6557.2982,3829.4211,1.8950,11.2807,-0.0186,-2.0679,833444110#9,-80.4682,-2.6476,100.0000,default,20,rsu(803m),1269,33016,0.0561,803,14.6432,3,4,-80.4682,-97.4579,direct,0.0000,23.6000,-81.1045
198.6,node[9],2,6556.7604,3830.4122,1.8950,11.2762,-0.0450,-2.0679,833444110#9,-89.5295,-5.0000,100.0000,default,20,rsu(803m),1270,33044,0.0180,803,14.6499,2,2,-89.5295,-106.5192,direct,0.0000,23.6000,-81.1194
198.7,node[9],2,6556.2238,3831.4013,1.8950,11.2523,-0.2388,-2.0679,833444110#9,-91.2131,-5.0000,100.0000,default,20,rsu(802m),1271,33073,0.0180,802,14.6436,2,2,-91.2131,-108.2028,direct,0.0000,22.8000,-81.1369
198.8,node[9],2,6555.6895,3832.3862,1.8950,11.2053,-0.4701,-2.0679,833444110#9,-77.5460,0.7266,100.0000,default,20,rsu(801m),1272,33101,0.2429,801,14.6373,4,6,-77.5460,-94.5357,direct,0.0000,22.8000,-81.1569
198.9,node[9],2,6555.1505,3833.3796,1.8950,11.3017,0.9639,-2.0679,833444110#9,-82.8368,-5.0000,100.0000,default,20,rsu(801m),1273,33129,0.0180,801,14.6441,2,2,-82.8368,-99.8265,direct,0.0000,22.4000,-81.1786
199,node[9],2,6554.6110,3834.3739,1.8950,11.3129,0.1124,-2.0679,833444110#9,-82.4273,-4.8170,100.0000,default,20,rsu(800m),1274,33158,0.0197,800,14.6379,2,2,-82.4273,-99.4170,direct,0.0000,22.4000,-81.2021
199.1,node[9],2,6554.0716,3835.3682,1.8950,11.3119,-0.0099,-2.0679,833444110#9,-87.9617,-5.0000,100.0000,default,20,rsu(800m),1275,33187,0.0180,800,14.6446,2,2,-87.9617,-104.9514,direct,0.0000,23.2000,-81.2276
199.2,node[9],2,6553.5334,3836.3602,1.8950,11.2861,-0.2582,-2.0679,833444110#9,-93.3796,-5.0000,100.0000,default,20,rsu(799m),1276,33215,0.0180,799,14.6384,2,2,-93.3796,-110.3693,direct,0.0000,23.2000,-81.2547
199.3,node[9],2,6552.9933,3837.3557,1.8950,11.3254,0.3931,-2.0679,833444110#9,-83.4973,-5.0000,100.0000,default,20,rsu(799m),1277,33244,0.0180,799,14.6453,2,2,-83.4973,-100.4870,direct,0.0000,22.8000,-81.2832
199.4,node[9],2,6552.4530,3838.3515,1.8950,11.3297,0.0430,-2.0679,833444110#9,-92.8506,-5.0000,100.0000,default,20,rsu(798m),1278,33273,0.0180,798,14.6391,2,2,-92.8506,-109.8403,direct,0.0000,22.8000,-81.3136
199.5,node[9],2,6551.9146,3839.3440,1.8950,11.2909,-0.3877,-2.0679,833444110#9,-94.1482,-5.0000,100.0000,default,20,rsu(798m),1279,33302,0.0180,798,14.6460,2,2,-94.1482,-111.1379,direct,0.0000,23.2000,-81.3456
199.6,node[9],2,6551.3785,3840.3321,1.8950,11.2416,-0.4936,-2.0679,833444110#9,-91.1059,-5.0000,100.0000,default,20,rsu(797m),1280,33330,0.0180,797,14.6398,2,2,-91.1059,-108.0956,direct,0.0000,23.2000,-81.3792
199.7,node[9],2,6550.8383,3841.3278,1.8950,11.3280,0.8639,-2.0679,833444110#9,-83.6528,-4.4549,100.0000,default,20,rsu(797m),1281,33358,0.0235,797,14.6467,2,2,-83.6528,-100.6425,direct,0.0000,22.4000,-81.4144
199.8,node[9],2,6550.2981,3842.3233,1.8950,11.3262,-0.0175,-2.0679,833444110#9,-85.0942,-5.0000,100.0000,default,20,rsu(796m),1282,33386,0.0180,796,14.6406,2,2,-85.0942,-102.0839,direct,0.0000,22.4000,-81.4511
199.9,node[9],2,6549.7608,3843.3138,1.8950,11.2688,-0.5738,-2.0679,833444110#9,-83.0757,-5.0000,100.0000,default,20,rsu(796m),1283,33414,0.0180,796,14.6475,2,2,-83.0757,-100.0654,direct,0.0000,22.4000,-81.4892
200,node[9],2,6549.2255,3844.3003,1.8950,11.2240,-0.4487,-2.0679,833444110#9,-84.5969,-5.0000,100.0000,default,20,rsu(795m),1284,33442,0.0180,795,14.6414,2,2,-84.5969,-101.5866,direct,0.0000,22.4000,-81.5283
200.1,node[9],2,6548.6893,3845.2887,1.8950,11.2445,0.2049,-2.0679,833444110#9,-94.3704,-5.0000,100.0000,default,20,rsu(795m),1285,33470,0.0180,795,14.6483,2,2,-94.3704,-111.3601,direct,0.0000,22.4000,-81.5686
200.2,node[9],2,6548.1536,3846.2760,1.8950,11.2326,-0.1184,-2.0679,833444110#9,-78.1384,0.5730,100.0000,default,20,rsu(794m),1286,33497,0.2291,794,14.6396,4,6,-78.1384,-95.1281,direct,0.0000,22.4000,-81.6101
200.3,node[9],2,6547.6167,3847.2656,1.8950,11.2584,0.2576,-2.0679,833444110#9,-82.6395,-5.0000,100.0000,default,20,rsu(794m),1287,33525,0.0180,794,14.6481,2,2,-82.6395,-99.6292,direct,0.0000,22.0000,-81.6524
200.4,node[9],2,6547.0779,3848.2586,1.8950,11.2981,0.3973,-2.0679,833444110#9,-80.3887,-1.8029,100.0000,default,20,rsu(793m),1288,33553,0.0831,793,14.6454,3,4,-80.3887,-97.3784,direct,0.0000,22.0000,-81.6955
200.5,node[9],2,6546.5400,3849.2502,1.8950,11.2804,-0.1773,-2.0679,833444110#9,-84.9420,-5.0000,100.0000,default,20,rsu(793m),1289,33581,0.0180,793,14.6409,2,2,-84.9420,-101.9317,direct,0.0000,22.4000,-81.7391
200.6,node[9],2,6546.0050,3850.2362,1.8950,11.2183,-0.6208,-2.0679,833444110#9,-88.2832,-5.0000,100.0000,default,20,rsu(792m),1290,33609,0.0180,792,14.6383,2,2,-88.2832,-105.2729,direct,0.0000,22.4000,-81.7840
200.7,node[9],2,6545.4653,3851.2310,1.8950,11.3174,0.9915,-2.0679,833444110#9,-85.7305,-5.0000,100.0000,default,20,rsu(792m),1291,33637,0.0180,792,14.6487,2,2,-85.7305,-102.7202,direct,0.0000,22.4000,-81.8293
200.8,node[9],2,6544.9304,3852.2169,1.8950,11.2173,-1.0017,-2.0679,833444110#9,-86.5673,-5.0000,100.0000,default,20,rsu(791m),1292,33665,0.0180,791,14.6461,2,2,-86.5673,-103.5570,direct,0.0000,22.4000,-81.8749
200.9,node[9],2,6544.3906,3853.2118,1.8950,11.3187,1.0140,-2.0679,833444110#9,-90.9332,-5.0000,100.0000,default,20,rsu(791m),1293,33693,0.0180,791,14.6417,2,2,-90.9332,-107.9229,direct,0.0000,22.4000,-81.9211
201,node[9],2,6543.8508,3854.2068,1.8950,11.3202,0.0148,-2.0679,833444110#9,-85.6662,-5.0000,100.0000,default,20,rsu(790m),1294,33721,0.0180,790,14.6372,2,2,-85.6662,-102.6559,direct,0.0000,22.4000,-81.9676
201.1,node[9],2,6543.3121,3855.1997,1.8950,11.2955,-0.2463,-2.0679,833444110#9,-81.7756,-4.8654,100.0000,default,20,rsu(790m),1295,33748,0.0192,790,14.6417,2,2,-81.7756,-98.7653,direct,0.0000,22.0000,-82.0143
201.2,node[9],2,6542.7719,3856.1953,1.8950,11.3276,0.3206,-2.0679,833444110#9,-78.3812,-1.6772,100.0000,default,20,rsu(789m),1296,33775,0.0880,789,14.6462,3,4,-78.3812,-95.3709,direct,0.0000,22.0000,-82.0612
201.3,node[9],2,6542.2347,3857.1855,1.8950,11.2658,-0.6183,-2.0679,833444110#9,-86.9378,-5.0000,100.0000,default,20,rsu(789m),1297,33803,0.0180,789,14.6437,2,2,-86.9378,-103.9275,direct,0.0000,22.0000,-82.1080
201.4,node[9],2,6541.7002,3858.1707,1.8950,11.2077,-0.5807,-2.0679,833444110#9,-85.8943,-5.0000,100.0000,default,20,rsu(788m),1298,33831,0.0180,788,14.6412,2,2,-85.8943,-102.8840,direct,0.0000,22.0000,-82.1550
201.5,node[9],2,6541.1615,3859.1635,1.8950,11.2957,0.8805,-2.0679,833444110#9,-88.1447,-5.0000,100.0000,default,20,rsu(788m),1299,33859,0.0180,788,14.6387,2,2,-88.1447,-105.1344,direct,0.0000,22.4000,-82.2019
201.6,node[9],2,6540.6230,3860.1561,1.8950,11.2931,-0.0266,-2.0679,833444110#9,-80.3239,-5.0000,100.0000,default,20,rsu(787m),1300,33887,0.0180,787,14.6492,2,2,-80.3239,-97.3136,direct,0.0000,22.4000,-82.2490
201.7,node[9],2,6540.0828,3861.1517,1.8950,11.3269,0.3383,-2.0679,833444110#9,-87.2591,-5.0000,100.0000,default,20,rsu(787m),1301,33915,0.0180,787,14.6449,2,2,-87.2591,-104.2488,direct,0.0000,22.4000,-82.2958
201.8,node[9],2,6539.5430,3862.1467,1.8950,11.3199,-0.0703,-2.0679,833444110#9,-88.0100,-5.0000,100.0000,default,20,rsu(786m),1302,33942,0.0180,786,14.6495,2,2,-88.0100,-104.9997,direct,0.0000,22.4000,-82.3426
201.9,node[9],2,6539.0083,3863.1323,1.8950,11.2134,-1.0644,-2.0679,833444110#9,-82.1379,-5.0000,100.0000,default,20,rsu(786m),1303,33970,0.0180,786,14.6452,2,2,-82.1379,-99.1276,direct,0.0000,22.0000,-82.3890
202,node[9],2,6538.4735,3864.1181,1.8950,11.2145,0.0109,-2.0679,833444110#9,-83.4672,-4.5678,100.0000,default,20,rsu(785m),1304,33998,0.0222,785,14.6428,2,2,-83.4672,-100.4569,direct,0.0000,22.0000,-82.4355
202.1,node[9],2,6537.9360,3865.1087,1.8950,11.2704,0.5592,-2.0679,833444110#9,-87.8119,-5.0000,100.0000,default,20,rsu(785m),1305,34026,0.0180,785,14.6385,2,2,-87.8119,-104.8016,direct,0.0000,22.4000,-82.4815
202.2,node[9],2,6537.3996,3866.0974,1.8950,11.2488,-0.2161,-2.0679,833444110#9,-83.1674,-5.0000,100.0000,default,20,rsu(784m),1306,34054,0.0180,784,14.6492,2,2,-83.1674,-100.1571,direct,0.0000,22.4000,-82.5272
202.3,node[9],2,6536.8629,3867.0867,1.8950,11.2546,0.0581,-2.0679,833444110#9,-84.7156,-5.0000,100.0000,default,20,rsu(784m),1307,34082,0.0180,784,14.6468,2,2,-84.7156,-101.7053,direct,0.0000,22.4000,-82.5723
202.4,node[9],2,6536.3242,3868.0795,1.8950,11.2958,0.4117,-2.0679,833444110#9,-82.1991,-4.6218,100.0000,default,20,rsu(783m),1308,34110,0.0216,783,14.6444,2,2,-82.1991,-99.1888,direct,0.0000,22.4000,-82.6172
202.5,node[9],2,6535.7865,3869.0705,1.8950,11.2742,-0.2158,-2.0679,833444110#9,-86.3923,-5.0000,100.0000,default,20,rsu(783m),1309,34137,0.0180,783,14.6491,2,2,-86.3923,-103.3820,direct,0.0000,22.0000,-82.6615
202.6,node[9],2,6535.2469,3870.0651,1.8950,11.3158,0.4156,-2.0679,833444110#9,-79.9088,-4.1312,100.0000,default,19,rsu(782m),1310,34165,0.0275,782,14.6468,2,2,-79.9088,-96.8985,direct,0.0000,22.0000,-82.7471
202.7,node[9],2,6534.7070,3871.0602,1.8950,11.3209,0.0511,-2.0679,833444110#9,-98.2412,-5.0000,100.0000,default,19,rsu(782m),1311,34193,0.0180,782,14.6426,2,2,-98.2412,-115.2309,direct,0.0000,22.4000,-82.7911
202.8,node[9],2,6534.1691,3872.0517,1.8950,11.2798,-0.4109,-2.0679,833444110#9,-82.7611,-5.0000,100.0000,default,19,rsu(781m),1312,34221,0.0180,781,14.6403,2,2,-82.7611,-99.7508,direct,0.0000,22.4000,-82.8344
202.9,node[9],2,6533.6302,3873.0449,1.8950,11.2999,0.2014,-2.0679,833444110#9,-75.8883,0.8974,100.0000,default,19,rsu(781m),1313,34249,0.2590,781,14.6492,4,6,-75.8883,-92.8780,direct,0.0000,22.4000,-82.8772
203,node[9],2,6533.0909,3874.0390,1.8950,11.3097,0.0973,-2.0679,833444110#9,-80.9092,-5.0000,100.0000,default,19,rsu(780m),1314,34277,0.0180,780,14.6452,2,2,-80.9092,-97.8989,direct,0.0000,22.4000,-82.9195
203.1,node[9],2,6532.5536,3875.0294,1.8950,11.2680,-0.4166,-2.0679,833444110#9,-78.6838,-0.5631,100.0000,default,19,rsu(780m),1315,34305,0.1441,780,14.6411,4,6,-78.6838,-95.6735,direct,0.0000,22.4000,-82.9615
203.2,node[9],2,6532.0181,3876.0163,1.8950,11.2280,-0.4004,-2.0679,833444110#9,-79.8613,-2.8579,100.0000,default,19,rsu(779m),1316,34333,0.0507,779,14.6371,3,4,-79.8613,-96.8510,direct,0.0000,22.4000,-83.0028
203.3,node[9],2,6531.4793,3877.0094,1.8950,11.2983,0.7031,-2.0679,833444110#9,-86.2273,-5.0000,100.0000,default,19,rsu(779m),1317,34361,0.0180,779,14.6461,2,2,-86.2273,-103.2170,direct,0.0000,22.4000,-83.0435
203.4,node[9],2,6530.9434,3877.9972,1.8950,11.2380,-0.6032,-2.0679,833444110#9,-84.9680,-5.0000,100.0000,default,19,rsu(779m),1318,34388,0.0180,779,14.6490,2,2,-84.9680,-101.9577,direct,0.0000,22.4000,-83.0837
203.5,node[9],2,6530.4037,3878.9919,1.8950,11.3169,0.7893,-2.0679,833444110#9,-80.3301,-1.5417,100.0000,default,19,rsu(778m),1319,34416,0.0936,778,14.6431,3,4,-80.3301,-97.3198,direct,0.0000,22.0000,-83.1233
203.6,node[9],2,6529.8651,3879.9847,1.8950,11.2957,-0.2114,-2.0679,833444110#9,-85.3059,-5.0000,100.0000,default,18,rsu(778m),1320,34444,0.0180,778,14.6391,2,2,-85.3059,-102.2956,direct,0.0000,22.0000,-83.2086
203.7,node[9],2,6529.3274,3880.9757,1.8950,11.2742,-0.2151,-2.0679,833444110#9,-84.6223,-5.0000,100.0000,default,18,rsu(777m),1321,34472,0.0180,777,14.6462,2,2,-84.6223,-101.6120,direct,0.0000,22.4000,-83.2475
203.8,node[9],2,6528.7910,3881.9644,1.8950,11.2485,-0.2572,-2.0679,833444110#9,-85.6789,-5.0000,100.0000,default,18,rsu(777m),1322,34500,0.0180,777,14.6404,2,2,-85.6789,-102.6686,direct,0.0000,22.4000,-83.2855
203.9,node[9],2,6528.2533,3882.9554,1.8950,11.2742,0.2567,-2.0679,833444110#9,-82.8222,-5.0000,100.0000,default,19,rsu(776m),1323,34528,0.0180,776,14.6494,2,2,-82.8222,-99.8119,direct,0.0000,22.4000,-83.2755
204,node[9],2,6527.7165,3883.9451,1.8950,11.2592,-0.1500,-2.0679,:227502500_1,-86.3809,-5.0000,100.0000,default,19,rsu(776m),1324,34556,0.0180,776,14.6454,2,2,-86.3809,-103.3706,direct,0.0000,22.4000,-83.3119
204.1,node[9],2,6527.1833,3884.9350,1.8950,11.2476,-0.1160,-2.0672,:227502500_1,-84.8213,-5.0000,100.0000,default,19,rsu(775m),1325,34583,0.0180,775,14.6484,2,2,-84.8213,-101.8110,direct,0.0000,22.0000,-83.3477
204.2,node[9],2,6526.6479,3885.9292,1.8950,11.2969,0.4927,-2.0665,:227502500_1,-82.3109,-5.0000,100.0000,default,19,rsu(775m),1326,34611,0.0180,775,14.6445,2,2,-82.3109,-99.3006,direct,0.0000,22.0000,-83.3829
204.3,node[9],2,6526.1126,3886.9232,1.8950,11.2932,-0.0371,-2.0658,:227502500_1,-83.5781,-4.4508,100.0000,default,20,rsu(774m),1327,34640,0.0235,774,2.0150,2,2,-83.5781,-100.5678,direct,0.0500,22.8000,-83.4128
204.4,node[9],2,6525.5798,3887.9124,1.8950,11.2398,-0.5340,-2.0651,:227502500_1,-90.0197,-5.0000,100.0000,default,20,rsu(774m),1328,34668,0.0180,774,2.0180,2,2,-90.0197,-107.0094,direct,0.0500,22.8000,-83.4467
204.5,node[9],2,6525.0473,3888.9010,1.8950,11.2328,-0.0692,-2.0648,:227502500_1,-82.1940,-5.0000,100.0000,default,20,rsu(773m),1329,34697,0.0180,773,2.0122,2,2,-82.1940,-99.1837,direct,0.0500,22.8000,-83.4799
204.6,node[9],2,6524.5105,3889.8976,1.8950,11.3241,0.9130,-2.0648,:227502500_1,-84.1869,-5.0000,100.0000,default,20,rsu(773m),1330,34725,0.0180,773,2.0153,2,2,-84.1869,-101.1766,direct,0.0500,22.8000,-83.5126
204.7,node[9],2,6523.9765,3890.8892,1.8950,11.2660,-0.5816,-2.0648,:227502500_1,-85.4103,-5.0000,100.0000,default,20,rsu(773m),1331,34754,0.0180,773,2.0244,2,2,-85.4103,-102.4000,direct,0.0500,22.8000,-83.5447
204.8,node[9],2,6523.4408,3891.8839,1.8950,11.3021,0.3608,-2.0648,:227502500_1,-78.0674,-1.6291,100.0000,default,20,rsu(772m),1332,34782,0.0899,772,2.0145,3,4,-78.0674,-95.0571,direct,0.0500,22.8000,-83.5763
204.9,node[9],2,6522.9064,3892.8761,1.8950,11.2742,-0.2788,-2.0648,:227502500_1,-85.0725,-5.0000,100.0000,default,20,rsu(772m),1333,34810,0.0180,772,2.0176,2,2,-85.0725,-102.0622,direct,0.0500,22.4000,-83.6073
205,node[9],2,6522.3700,3893.8720,1.8950,11.3152,0.4103,-2.0648,:227502500_1,-83.1278,-5.0000,100.0000,default,20,rsu(771m),1334,34839,0.0180,771,2.0118,2,2,-83.1278,-100.1175,direct,0.0500,22.4000,-83.6379
205.1,node[9],2,6521.8356,3894.8644,1.8950,11.2754,-0.3985,-2.0648,:227502500_1,-85.1252,-5.0000,100.0000,default,20,rsu(771m),1335,34867,0.0180,771,2.0150,2,2,-85.1252,-102.1149,direct,0.0500,22.8000,-83.6678
205.2,node[9],2,6521.3025,3895.8540,1.8950,11.2451,-0.3027,-2.0648,:227502500_1,-91.1428,-5.0000,100.0000,default,20,rsu(770m),1336,34895,0.0180,770,2.0181,2,2,-91.1428,-108.1325,direct,0.0500,22.8000,-83.6972
205.3,node[9],2,6520.7682,3896.8482,1.8950,11.2895,0.4441,-2.0646,833444110#10,-89.1748,-5.0000,100.0000,default,20,rsu(770m),1337,34924,0.0180,770,2.0143,2,2,-89.1748,-106.1645,direct,0.0500,22.8000,-83.7261
205.4,node[9],2,6520.2384,3897.8406,1.8950,11.2477,-0.4177,-2.0638,833444110#10,-78.6369,-1.6950,100.0000,default,20,rsu(769m),1338,34953,0.0873,769,2.0235,3,4,-78.6369,-95.6266,direct,0.0500,22.8000,-83.7543
205.5,node[9],2,6519.7098,3898.8306,1.8950,11.2211,-0.2667,-2.0630,833444110#10,-85.8878,-5.0000,100.0000,default,20,rsu(769m),1339,34981,0.0180,769,2.0136,2,2,-85.8878,-102.8775,direct,0.0500,22.8000,-83.7819
205.6,node[9],2,6519.1816,3899.8200,1.8950,11.2136,-0.0751,-2.0622,833444110#10,-83.6965,-5.0000,100.0000,default,20,rsu(769m),1340,35010,0.0180,769,2.0209,2,2,-83.6965,-100.6862,direct,0.0500,22.8000,-83.8091
205.7,node[9],2,6518.6534,3900.8094,1.8950,11.2137,0.0018,-2.0614,833444110#10,-83.3934,-5.0000,100.0000,default,20,rsu(768m),1341,35038,0.0180,768,2.0169,2,2,-83.3934,-100.3831,direct,0.0500,22.8000,-83.8358
205.8,node[9],2,6518.1203,3901.8080,1.8950,11.3182,1.0449,-2.0612,833444110#10,-81.5007,-4.8581,100.0000,default,20,rsu(768m),1342,35066,0.0193,768,2.0129,2,2,-81.5007,-98.4904,direct,0.0500,22.8000,-83.8620
205.9,node[9],2,6517.5873,3902.8065,1.8950,11.3170,-0.0128,-2.0612,833444110#10,-81.6520,-4.8366,100.0000,default,20,rsu(767m),1343,35094,0.0195,767,2.0219,2,2,-81.6520,-98.6417,direct,0.0500,22.4000,-83.8878
206,node[9],2,6517.0550,3903.8036,1.8950,11.3014,-0.1559,-2.0612,833444110#10,-81.4023,-5.0000,100.0000,default,20,rsu(767m),1344,35123,0.0180,767,2.0219,2,2,-81.4023,-98.3920,direct,0.0500,22.4000,-83.9130
206.1,node[9],2,6516.5267,3904.7931,1.8950,11.2154,-0.8596,-2.0612,833444110#10,-81.5175,-5.0000,100.0000,default,20,rsu(766m),1345,35152,0.0180,766,2.0240,2,2,-81.5175,-98.5072,direct,0.0500,23.2000,-83.9378
206.2,node[9],2,6515.9960,3905.7871,1.8950,11.2658,0.5043,-2.0612,833444110#10,-85.9195,-5.0000,100.0000,default,20,rsu(766m),1346,35181,0.0180,766,2.0240,2,2,-85.9195,-102.9092,direct,0.0500,23.2000,-83.9621
206.3,node[9],2,6515.4646,3906.7825,1.8950,11.2824,0.1657,-2.0612,833444110#10,-86.4170,-5.0000,100.0000,default,20,rsu(765m),1347,35209,0.0180,765,2.0201,2,2,-86.4170,-103.4067,direct,0.0500,22.8000,-83.9860
206.4,node[9],2,6514.9325,3907.7793,1.8950,11.2973,0.1490,-2.0612,833444110#10,-76.0061,2.1340,100.0000,default,20,rsu(765m),1348,35238,0.3934,765,2.0202,5,8,-76.0061,-92.9958,direct,0.0500,22.8000,-84.0094
206.5,node[9],2,6514.4024,3908.7721,1.8950,11.2532,-0.4416,-2.0612,833444110#10,-80.9794,-3.5797,100.0000,default,20,rsu(765m),1349,35267,0.0359,765,2.0223,2,2,-80.9794,-97.9691,direct,0.0500,23.2000,-84.0325
206.6,node[9],2,6513.8699,3909.7697,1.8950,11.3060,0.5281,-2.0612,833444110#10,-80.4740,-1.1597,100.0000,default,20,rsu(764m),1350,35295,0.1111,764,2.0184,3,4,-80.4740,-97.4637,direct,0.0500,23.2000,-84.0551
206.7,node[9],2,6513.3371,3910.7677,1.8950,11.3117,0.0570,-2.0612,833444110#10,-78.0241,1.1167,100.0000,default,20,rsu(764m),1351,35324,0.2806,764,2.0206,5,8,-78.0241,-95.0138,direct,0.0500,22.8000,-84.0771
206.8,node[9],2,6512.8036,3911.7670,1.8950,11.3265,0.1481,-2.0612,833444110#10,-85.2931,-5.0000,100.0000,default,20,rsu(763m),1352,35353,0.0180,763,2.0227,2,2,-85.2931,-102.2828,direct,0.0500,22.8000,-84.0987
206.9,node[9],2,6512.2727,3912.7613,1.8950,11.2700,-0.5651,-2.0612,833444110#10,-78.1855,-3.0462,100.0000,default,20,rsu(763m),1353,35381,0.0464,763,2.0189,2,2,-78.1855,-95.1752,direct,0.0500,22.8000,-84.1198
207,node[9],2,6511.7403,3913.7587,1.8950,11.3037,0.3368,-2.0612,833444110#10,-87.2702,-5.0000,100.0000,default,20,rsu(762m),1354,35410,0.0180,762,2.0190,2,2,-87.2702,-104.2599,direct,0.0500,22.8000,-84.1406
207.1,node[9],2,6511.2068,3914.7580,1.8950,11.3262,0.2252,-2.0612,833444110#10,-82.8711,-3.7477,100.0000,default,20,rsu(762m),1355,35438,0.0331,762,2.0152,2,2,-82.8711,-99.8608,direct,0.0500,22.8000,-84.1609
207.2,node[9],2,6510.6742,3915.7557,1.8950,11.3081,-0.1811,-2.0612,833444110#10,-80.7164,-2.2495,100.0000,default,20,rsu(762m),1356,35466,0.0676,762,2.0244,3,4,-80.7164,-97.7061,direct,0.0500,22.8000,-84.1808
207.3,node[9],2,6510.1456,3916.7458,1.8950,11.2224,-0.8568,-2.0612,833444110#10,-85.9484,-5.0000,100.0000,default,20,rsu(761m),1357,35495,0.0180,761,2.0245,2,2,-85.9484,-102.9381,direct,0.0500,22.8000,-84.2003
207.4,node[9],2,6509.6151,3917.7395,1.8950,11.2622,0.3983,-2.0612,833444110#10,-81.3039,-5.0000,100.0000,default,20,rsu(761m),1358,35524,0.0180,761,2.0137,2,2,-81.3039,-98.2936,direct,0.0500,22.8000,-84.2195
207.5,node[9],2,6509.0869,3918.7288,1.8950,11.2135,-0.4876,-2.0612,833444110#10,-77.7104,-0.1809,100.0000,default,20,rsu(760m),1359,35553,0.1693,760,2.0159,4,6,-77.7104,-94.7001,direct,0.0500,23.2000,-84.2383
207.6,node[9],2,6508.5546,3919.7258,1.8950,11.2999,0.8643,-2.0612,833444110#10,-84.0576,-5.0000,100.0000,default,20,rsu(760m),1360,35582,0.0180,760,2.0206,2,2,-84.0576,-101.0473,direct,0.0500,23.2000,-84.2568
207.7,node[9],2,6508.0218,3920.7239,1.8950,11.3129,0.1301,-2.0612,833444110#10,-82.6519,-5.0000,100.0000,default,20,rsu(760m),1361,35611,0.0180,760,2.0123,2,2,-82.6519,-99.6416,direct,0.0500,23.2000,-84.2750
207.8,node[9],2,6507.4901,3921.7198,1.8950,11.2875,-0.2542,-2.0612,833444110#10,-84.3554,-5.0000,100.0000,default,20,rsu(759m),1362,35640,0.0180,759,2.0148,2,2,-84.3554,-101.3451,direct,0.0500,23.2000,-84.2929
207.9,node[9],2,6506.9621,3922.7088,1.8950,11.2089,-0.7862,-2.0612,833444110#10,-85.9310,-5.0000,100.0000,default,20,rsu(759m),1363,35669,0.0180,759,2.0173,2,2,-85.9310,-102.9207,direct,0.0500,23.2000,-84.3106
208,node[9],2,6506.4287,3923.7080,1.8950,11.3253,1.1645,-2.0612,833444110#10,-91.5584,-5.0000,100.0000,default,20,rsu(758m),1364,35698,0.0180,758,2.0233,2,2,-91.5584,-108.5481,direct,0.0500,23.2000,-84.3280
208.1,node[9],2,6505.8953,3924.7071,1.8950,11.3235,-0.0185,-2.0612,833444110#10,-84.2392,-5.0000,100.0000,default,20,rsu(758m),1365,35727,0.0180,758,2.0163,2,2,-84.2392,-101.2289,direct,0.0500,23.2000,-84.3450
208.2,node[9],2,6505.3648,3925.7008,1.8950,11.2625,-0.6102,-2.0612,833444110#10,-84.3217,-5.0000,100.0000,default,20,rsu(757m),1366,35757,0.0180,757,2.0188,2,2,-84.3217,-101.3114,direct,0.0500,23.2000,-84.3617
208.3,node[9],2,6504.8321,3926.6986,1.8950,11.3098,0.4737,-2.0612,833444110#10,-82.7553,-5.0000,100.0000,default,20,rsu(757m),1367,35787,0.0180,757,2.0214,2,2,-82.7553,-99.7450,direct,0.0500,24.0000,-84.3782
208.4,node[9],2,6504.2989,3927.6975,1.8950,11.3214,0.1155,-2.0612,833444110#10,-82.6688,-5.0000,100.0000,default,20,rsu(757m),1368,35817,0.0180,757,2.0240,2,2,-82.6688,-99.6585,direct,0.0500,24.0000,-84.3944
208.5,node[9],2,6503.7656,3928.6964,1.8950,11.3213,-0.0010,-2.0612,833444110#10,-86.0944,-5.0000,100.0000,default,20,rsu(756m),1369,35847,0.0180,756,2.0136,2,2,-86.0944,-103.0841,direct,0.0500,24.0000,-84.4102
208.6,node[9],2,6503.2340,3929.6920,1.8950,11.2852,-0.3604,-2.0612,833444110#10,-87.4647,-5.0000,100.0000,default,20,rsu(756m),1370,35877,0.0180,756,2.0162,2,2,-87.4647,-104.4544,direct,0.0500,24.0000,-84.4258
208.7,node[9],2,6502.7010,3930.6904,1.8950,11.3155,0.3024,-2.0612,833444110#10,-84.5916,-5.0000,100.0000,default,20,rsu(755m),1371,35906,0.0180,755,2.0188,2,2,-84.5916,-101.5813,direct,0.0500,23.6000,-84.4412
208.8,node[9],2,6502.1691,3931.6869,1.8950,11.2939,-0.2157,-2.0612,833444110#10,-83.1508,-5.0000,100.0000,default,20,rsu(755m),1372,35935,0.0180,755,2.0214,2,2,-83.1508,-100.1405,direct,0.0500,23.6000,-84.4563
208.9,node[9],2,6501.6413,3932.6755,1.8950,11.2058,-0.8807,-2.0612,833444110#10,-92.7019,-5.0000,100.0000,default,20,rsu(755m),1373,35965,0.0180,755,2.0241,2,2,-92.7019,-109.6916,direct,0.0500,23.6000,-84.4711
209,node[9],2,6501.1104,3933.6699,1.8950,11.2701,0.6428,-2.0612,833444110#10,-86.1162,-5.0000,100.0000,default,20,rsu(754m),1374,35995,0.0180,754,2.0137,2,2,-86.1162,-103.1059,direct,0.0500,23.6000,-84.4856
209.1,node[9],2,6500.5783,3934.6665,1.8950,11.2960,0.2585,-2.0612,833444110#10,-81.7960,-4.7753,100.0000,default,20,rsu(754m),1375,36025,0.0201,754,2.0163,2,2,-81.7960,-98.7857,direct,0.0500,24.0000,-84.5000
209.2,node[9],2,6500.0502,3935.6558,1.8950,11.2119,-0.8402,-2.0612,833444110#10,-91.2167,-5.0000,100.0000,default,20,rsu(753m),1376,36054,0.0180,753,2.0189,2,2,-91.2167,-108.2064,direct,0.0500,24.0000,-84.5141
209.3,node[9],2,6499.5170,3936.6545,1.8950,11.3195,1.0758,-2.0612,833444110#10,-80.5605,-4.9161,100.0000,default,20,rsu(752m),1377,36084,0.0187,752,2.0216,2,2,-80.5605,-97.5502,direct,0.0500,23.6000,-84.5280
209.4,node[9],2,6498.9862,3937.6488,1.8950,11.2703,-0.4922,-2.0612,833444110#10,-83.7596,-4.4890,100.0000,default,20,rsu(751m),1378,36114,0.0231,751,2.0242,2,2,-83.7596,-100.7493,direct,0.0500,23.6000,-84.5416
209.5,node[9],2,6498.4566,3938.6408,1.8950,11.2428,-0.2753,-2.0612,833444110#10,-80.5567,-2.6814,100.0000,default,20,rsu(750m),1379,36144,0.0552,750,2.0138,3,4,-80.5567,-97.5464,direct,0.0500,24.0000,-84.5551
209.6,node[9],2,6497.9250,3939.6366,1.8950,11.2869,0.4410,-2.0612,833444110#10,-92.0012,-5.0000,100.0000,default,20,rsu(749m),1380,36173,0.0180,749,2.0164,2,2,-92.0012,-108.9909,direct,0.0500,24.0000,-84.5683
209.7,node[9],2,6497.3927,3940.6337,1.8950,11.3006,0.1377,-2.0612,:10979045875_1,-84.0658,-5.0000,100.0000,default,20,rsu(748m),1381,36202,0.0180,748,2.0191,2,2,-84.0658,-101.0555,direct,0.0500,23.2000,-84.5814
209.8,node[9],2,6496.8591,3941.6326,1.8950,11.3292,0.2860,-2.0612,:10979045875_1,-82.7136,-5.0000,100.0000,default,20,rsu(747m),1382,36231,0.0180,747,2.0217,2,2,-82.7136,-99.7033,direct,0.0500,23.2000,-84.5943
209.9,node[9],2,6496.3293,3942.6247,1.8950,11.2512,-0.7808,-2.0613,:10979045875_1,-81.5035,-5.0000,100.0000,default,20,rsu(746m),1383,36260,0.0180,746,2.0243,2,2,-81.5035,-98.4932,direct,0.0500,23.2000,-84.6069
210,node[9],2,6495.7985,3943.6183,1.8950,11.2698,0.1859,-2.0613,:10979045875_1,-92.7092,-5.0000,100.0000,default,20,rsu(745m),1384,36289,0.0180,745,2.0139,2,2,-92.7092,-109.6989,direct,0.0500,23.2000,-84.6194
210.1,node[9],2,6495.2687,3944.6103,1.8950,11.2501,-0.1961,-2.0614,:10979045875_1,-77.6142,0.2686,100.0000,default,20,rsu(744m),1385,36319,0.2033,744,2.0165,4,6,-77.6142,-94.6039,direct,0.0500,23.6000,-84.6317
210.2,node[9],2,6494.7354,3945.6087,1.8950,11.3235,0.7336,-2.0614,:10979045875_1,-88.8517,-5.0000,100.0000,default,20,rsu(743m),1386,36349,0.0180,743,2.0191,2,2,-88.8517,-105.8414,direct,0.0500,23.6000,-84.6440
210.3,node[9],2,6494.2072,3946.5976,1.8950,11.2152,-1.0829,-2.0614,:10979045875_1,-77.2751,-3.2159,100.0000,default,20,rsu(741m),1387,36379,0.0428,741,2.0217,2,2,-77.2751,-94.2648,direct,0.0500,24.0000,-84.6561
210.4,node[9],2,6493.6769,3947.5905,1.8950,11.2602,0.4495,-2.0614,:10979045875_1,-90.1428,-5.0000,100.0000,default,20,rsu(740m),1388,36409,0.0180,740,2.0243,2,2,-90.1428,-107.1325,direct,0.0500,24.0000,-84.6680
210.5,node[9],2,6493.1461,3948.5842,1.8950,11.2703,0.1014,-2.0614,:10979045875_1,-86.0465,-5.0000,100.0000,default,20,rsu(739m),1389,36439,0.0180,739,2.0138,2,2,-86.0465,-103.0362,direct,0.0500,24.0000,-84.6798
210.6,node[9],2,6492.6130,3949.5827,1.8950,11.3201,0.4979,-2.0613,833444110#11,-80.2146,-1.4039,100.0000,default,20,rsu(738m),1390,36469,0.0996,738,2.0164,3,4,-80.2146,-97.2043,direct,0.0500,24.0000,-84.6913
210.7,node[9],2,6492.0853,3950.5716,1.8950,11.2080,-1.1213,-2.0612,833444110#11,-84.2015,-5.0000,100.0000,default,20,rsu(737m),1391,36499,0.0180,737,2.0190,2,2,-84.2015,-101.1912,direct,0.0500,24.0000,-84.7027
210.8,node[9],2,6491.5561,3951.5633,1.8950,11.2405,0.3254,-2.0612,833444110#11,-88.1858,-5.0000,100.0000,default,20,rsu(736m),1392,36529,0.0180,736,2.0215,2,2,-88.1858,-105.1755,direct,0.0500,24.0000,-84.7139
210.9,node[9],2,6491.0256,3952.5574,1.8950,11.2671,0.2657,-2.0611,833444110#11,-80.8301,-5.0000,100.0000,default,20,rsu(735m),1393,36559,0.0180,735,2.0240,2,2,-80.8301,-97.8198,direct,0.0500,24.0000,-84.7250
211,node[9],2,6490.4964,3953.5490,1.8950,11.2384,-0.2865,-2.0610,833444110#11,-85.7466,-5.0000,100.0000,default,20,rsu(734m),1394,36589,0.0180,734,2.0135,2,2,-85.7466,-102.7363,direct,0.0500,24.0000,-84.7358
211.1,node[9],2,6489.9690,3954.5374,1.8950,11.2033,-0.3514,-2.0610,833444110#11,-83.8513,-5.0000,100.0000,default,20,rsu(733m),1395,36619,0.0180,733,2.0161,2,2,-83.8513,-100.8410,direct,0.0500,24.0000,-84.7465
211.2,node[9],2,6489.4394,3955.5297,1.8950,11.2468,0.4350,-2.0610,833444110#11,-79.6451,-0.5815,100.0000,default,20,rsu(732m),1396,36648,0.1430,732,2.0185,4,6,-79.6451,-96.6348,direct,0.0500,24.0000,-84.7570
211.3,node[9],2,6488.9093,3956.5231,1.8950,11.2590,0.1225,-2.0610,833444110#11,-83.3006,-5.0000,100.0000,default,20,rsu(731m),1397,36678,0.0180,731,2.0210,2,2,-83.3006,-100.2903,direct,0.0500,23.6000,-84.7673
211.4,node[9],2,6488.3807,3957.5137,1.8950,11.2281,-0.3089,-2.0610,833444110#11,-80.9944,-2.6443,100.0000,default,20,rsu(729m),1398,36708,0.0561,729,2.0235,3,4,-80.9944,-97.9841,direct,0.0500,23.6000,-84.7774
211.5,node[9],2,6487.8515,3958.5053,1.8950,11.2388,0.1064,-2.0610,833444110#11,-86.9660,-5.0000,100.0000,default,20,rsu(728m),1399,36738,0.0180,728,2.0130,2,2,-86.9660,-103.9557,direct,0.0500,24.0000,-84.7873
211.6,node[9],2,6487.3209,3959.4997,1.8950,11.2701,0.3136,-2.0610,833444110#11,-84.2023,-5.0000,100.0000,default,20,rsu(727m),1400,36768,0.0180,727,2.0154,2,2,-84.2023,-101.1920,direct,0.0500,24.0000,-84.7970
211.7,node[9],2,6486.7933,3960.4882,1.8950,11.2043,-0.6581,-2.0610,833444110#11,-79.1075,-1.3483,100.0000,default,20,rsu(726m),1401,36797,0.1021,726,2.0178,3,4,-79.1075,-96.0972,direct,0.0500,23.6000,-84.8065
211.8,node[9],2,6486.2622,3961.4835,1.8950,11.2811,0.7673,-2.0610,833444110#11,-81.4732,-5.0000,100.0000,default,20,rsu(725m),1402,36826,0.0180,725,2.0202,2,2,-81.4732,-98.4629,direct,0.0500,23.6000,-84.8158
211.9,node[9],2,6485.7299,3962.4809,1.8950,11.3040,0.2290,-2.0610,833444110#11,-81.1917,-2.1943,100.0000,default,20,rsu(724m),1403,36856,0.0693,724,2.0226,3,4,-81.1917,-98.1814,direct,0.0500,23.6000,-84.8250
212,node[9],2,6485.1976,3963.4784,1.8950,11.3060,0.0202,-2.0610,833444110#11,-79.1149,-3.4930,100.0000,default,20,rsu(723m),1404,36886,0.0375,723,2.0120,2,2,-79.1149,-96.1046,direct,0.0500,23.6000,-84.8339
212.1,node[9],2,6484.6668,3964.4730,1.8950,11.2731,-0.3284,-2.0610,833444110#11,-78.6990,-3.1282,100.0000,default,20,rsu(722m),1405,36916,0.0446,722,2.0144,2,2,-78.6990,-95.6887,direct,0.0500,24.0000,-84.8426
212.2,node[9],2,6484.1335,3965.4725,1.8950,11.3287,0.5560,-2.0610,833444110#11,-83.2851,-5.0000,100.0000,default,20,rsu(721m),1406,36945,0.0180,721,2.0167,2,2,-83.2851,-100.2748,direct,0.0500,24.0000,-84.8512
212.3,node[9],2,6483.6012,3966.4698,1.8950,11.3036,-0.2510,-2.0610,833444110#11,-85.7557,-5.0000,100.0000,default,20,rsu(720m),1407,36975,0.0180,720,2.0191,2,2,-85.7557,-102.7454,direct,0.0500,23.6000,-84.8591
212.4,node[9],2,6483.0685,3967.4682,1.8950,11.3155,0.1188,-2.0610,833444110#11,-77.9522,-1.4656,100.0000,default,20,rsu(718m),1408,37005,0.0968,718,2.0214,3,4,-77.9522,-94.9419,direct,0.0500,23.6000,-84.8668
212.5,node[9],2,6482.5354,3968.4672,1.8950,11.3223,0.0679,-2.0610,833444110#11,-86.5532,-5.0000,100.0000,default,20,rsu(717m),1409,37035,0.0180,717,2.0237,2,2,-86.5532,-103.5429,direct,0.0500,24.0000,-84.8743
212.6,node[9],2,6482.0062,3969.4588,1.8950,11.2395,-0.8280,-2.0610,833444110#11,-87.8898,-5.0000,100.0000,default,19,rsu(716m),1410,37065,0.0180,716,2.0130,2,2,-87.8898,-104.8795,direct,0.0500,24.0000,-84.9504
212.7,node[9],2,6481.4748,3970.4545,1.8950,11.2849,0.4536,-2.0610,833444110#11,-77.6135,-1.1978,100.0000,default,19,rsu(715m),1411,37095,0.1092,715,2.0152,3,4,-77.6135,-94.6032,direct,0.0500,24.0000,-84.9564
212.8,node[9],2,6480.9419,3971.4532,1.8950,11.3193,0.3438,-2.0610,833444110#11,-78.3937,-2.2765,100.0000,default,19,rsu(714m),1412,37124,0.0667,714,2.0175,3,4,-78.3937,-95.3834,direct,0.0500,24.0000,-84.9622
212.9,node[9],2,6480.4126,3972.4450,1.8950,11.2417,-0.7760,-2.0610,833444110#11,-80.6343,-1.8742,100.0000,default,19,rsu(713m),1413,37154,0.0804,713,2.0197,3,4,-80.6343,-97.6240,direct,0.0500,23.6000,-84.9674
213,node[9],2,6479.8823,3973.4388,1.8950,11.2633,0.2159,-2.0610,833444110#11,-80.1238,-3.5112,100.0000,default,19,rsu(712m),1414,37184,0.0371,712,2.0219,2,2,-80.1238,-97.1135,direct,0.0500,23.6000,-84.9716
213.1,node[9],2,6479.3495,3974.4372,1.8950,11.3164,0.5316,-2.0610,833444110#11,-81.8666,-4.3281,100.0000,default,19,rsu(711m),1415,37214,0.0250,711,2.0241,2,2,-81.8666,-98.8563,direct,0.0500,24.0000,-84.9754
213.2,node[9],2,6478.8205,3975.4284,1.8950,11.2341,-0.8232,-2.0610,833444110#11,-81.2042,-5.0000,100.0000,default,19,rsu(710m),1416,37244,0.0180,710,2.0133,2,2,-81.2042,-98.1939,direct,0.0500,24.0000,-84.9788
213.3,node[9],2,6478.2926,3976.4177,1.8950,11.2131,-0.2098,-2.0610,833444110#11,-76.6975,-1.5679,100.0000,default,19,rsu(709m),1417,37274,0.0925,709,2.0155,3,4,-76.6975,-93.6872,direct,0.0500,24.0000,-84.9816
213.4,node[9],2,6477.7596,3977.4164,1.8950,11.3197,1.0664,-2.0610,833444110#11,-84.2146,-5.0000,100.0000,default,19,rsu(708m),1418,37303,0.0180,708,2.0176,2,2,-84.2146,-101.2043,direct,0.0500,24.0000,-84.9840
213.5,node[9],2,6477.2314,3978.4062,1.8950,11.2178,-1.0197,-2.0610,833444110#11,-77.4251,-1.1887,100.0000,default,19,rsu(706m),1419,37333,0.1096,706,2.0197,3,4,-77.4251,-94.4148,direct,0.0500,23.6000,-84.9861
213.6,node[9],2,6476.7013,3979.3996,1.8950,11.2602,0.4241,-2.0610,833444110#11,-87.0671,-5.0000,100.0000,default,19,rsu(705m),1420,37363,0.0180,705,2.0218,2,2,-87.0671,-104.0568,direct,0.0500,23.6000,-84.9878
213.7,node[9],2,6476.1683,3980.3983,1.8950,11.3195,0.5932,-2.0610,833444110#11,-84.6056,-5.0000,100.0000,default,19,rsu(704m),1421,37392,0.0180,704,2.0239,2,2,-84.6056,-101.5953,direct,0.0500,23.6000,-84.9889
213.8,node[9],2,6475.6403,3981.3877,1.8950,11.2139,-1.0561,-2.0610,833444110#11,-78.1552,1.0836,100.0000,default,19,rsu(703m),1422,37422,0.2772,703,2.0129,5,8,-78.1552,-95.1449,direct,0.0500,23.6000,-84.9896
213.9,node[9],2,6475.1086,3982.3841,1.8950,11.2932,0.7934,-2.0610,833444110#11,-89.5734,-5.0000,100.0000,default,19,rsu(702m),1423,37451,0.0180,702,2.0149,2,2,-89.5734,-106.5631,direct,0.0500,23.6000,-84.9898
214,node[9],2,6474.5772,3983.3799,1.8950,11.2857,-0.0757,-2.0610,833444110#11,-83.2362,-5.0000,100.0000,default,19,rsu(701m),1424,37481,0.0180,701,2.0169,2,2,-83.2362,-100.2259,direct,0.0500,23.6000,-84.9895
214.1,node[9],2,6474.0483,3984.3710,1.8950,11.2338,-0.5183,-2.0610,833444110#11,-81.0777,-3.6128,100.0000,default,19,rsu(700m),1425,37511,0.0354,700,2.0189,2,2,-81.0777,-98.0674,direct,0.0500,24.0000,-84.9886
214.2,node[9],2,6473.5172,3985.3663,1.8950,11.2805,0.4669,-2.0610,833444110#11,-83.1781,-4.0999,100.0000,default,19,rsu(699m),1426,37541,0.0279,699,2.0208,2,2,-83.1781,-100.1678,direct,0.0500,24.0000,-84.9873
214.3,node[9],2,6472.9885,3986.3570,1.8950,11.2287,-0.5184,-2.0610,833444110#11,-79.4071,-0.0394,100.0000,default,19,rsu(698m),1427,37571,0.1795,698,2.0227,4,6,-79.4071,-96.3968,direct,0.0500,24.0000,-84.9854
214.4,node[9],2,6472.4556,3987.3555,1.8950,11.3179,0.8917,-2.0610,833444110#11,-85.7160,-5.0000,100.0000,default,19,rsu(697m),1428,37601,0.0180,697,2.0246,2,2,-85.7160,-102.7057,direct,0.0500,24.0000,-84.9830
214.5,node[9],2,6471.9262,3988.3477,1.8950,11.2449,-0.7291,-2.0610,833444110#11,-79.9354,-4.9714,100.0000,default,19,rsu(696m),1429,37630,0.0182,696,2.0135,2,2,-79.9354,-96.9251,direct,0.0500,23.6000,-84.9801
214.6,node[9],2,6471.3979,3989.3377,1.8950,11.2208,-0.2414,-2.0610,833444110#11,-82.3603,-3.1729,100.0000,default,19,rsu(694m),1430,37660,0.0437,694,2.0153,2,2,-82.3603,-99.3500,direct,0.0500,23.6000,-84.9766
214.7,node[9],2,6470.8663,3990.3338,1.8950,11.2905,0.6965,-2.0610,833444110#11,-77.4883,0.9517,100.0000,default,19,rsu(693m),1431,37690,0.2642,693,2.0171,4,6,-77.4883,-94.4780,direct,0.0500,24.0000,-84.9725
214.8,node[9],2,6470.3345,3991.3304,1.8950,11.2950,0.0457,-2.0610,833444110#11,-86.0862,-5.0000,100.0000,default,19,rsu(692m),1432,37721,0.0180,692,2.0189,2,2,-86.0862,-103.0759,direct,0.0500,24.0000,-84.9678
214.9,node[9],2,6469.8046,3992.3232,1.8950,11.2530,-0.4205,-2.0610,833444110#11,-79.5348,-4.7531,100.0000,default,19,rsu(691m),1433,37752,0.0203,691,2.0207,2,2,-79.5348,-96.5245,direct,0.0500,24.8000,-84.9624
215,node[9],2,6469.2727,3993.3200,1.8950,11.2982,0.4517,-2.0610,833444110#11,-80.6421,-5.0000,100.0000,default,19,rsu(690m),1434,37783,0.0180,690,2.0224,2,2,-80.6421,-97.6318,direct,0.0500,24.8000,-84.9564
215.1,node[9],2,6468.7451,3994.3087,1.8950,11.2055,-0.9261,-2.0610,833444110#11,-82.6562,-5.0000,100.0000,default,19,rsu(689m),1435,37814,0.0180,689,2.0241,2,2,-82.6562,-99.6459,direct,0.0500,24.8000,-84.9502
215.2,node[9],2,6468.2175,3995.2974,1.8950,11.2062,0.0066,-2.0610,833444110#11,-79.5018,-4.1289,100.0000,default,19,rsu(688m),1436,37844,0.0275,688,2.0128,2,2,-79.5018,-96.4915,direct,0.0500,24.8000,-84.9432
215.3,node[9],2,6467.6859,3996.2934,1.8950,11.2889,0.8275,-2.0610,833444110#11,-88.5283,-5.0000,100.0000,default,19,rsu(687m),1437,37875,0.0180,687,2.0144,2,2,-88.5283,-105.5180,direct,0.0500,24.4000,-84.9355
215.4,node[9],2,6467.1564,3997.2857,1.8950,11.2464,-0.4254,-2.0610,833444110#11,-81.9953,-5.0000,100.0000,default,19,rsu(686m),1438,37906,0.0180,686,2.0161,2,2,-81.9953,-98.9850,direct,0.0500,24.4000,-84.9270
215.5,node[9],2,6466.6252,3998.2812,1.8950,11.2834,0.3701,-2.0610,833444110#11,-80.5117,-1.4907,100.0000,default,19,rsu(685m),1439,37937,0.0958,685,2.0177,3,4,-80.5117,-97.5014,direct,0.0500,24.8000,-84.9180
215.6,node[9],2,6466.0972,3999.2705,1.8950,11.2131,-0.7029,-2.0610,833444110#11,-82.4018,-3.9159,100.0000,default,19,rsu(684m),1440,37967,0.0305,684,2.0192,2,2,-82.4018,-99.3915,direct,0.0500,24.8000,-84.9082
215.7,node[9],2,6465.5656,4000.2663,1.8950,11.2888,0.7572,-2.0610,:12914009971_0,-80.6785,-5.0000,100.0000,default,19,rsu(682m),1441,37997,0.0180,682,2.0208,2,2,-80.6785,-97.6682,direct,0.0500,24.0000,-84.8976
215.8,node[9],2,6465.0327,4001.2642,1.8950,11.3167,0.2783,-2.0611,:12914009971_0,-80.4903,-3.7787,100.0000,default,19,rsu(681m),1442,38028,0.0326,681,2.0123,2,2,-80.4903,-97.4800,direct,0.0500,24.0000,-84.8859
215.9,node[9],2,6464.4992,4002.2631,1.8950,11.3290,0.1231,-2.0612,:12914009971_0,-89.3519,-5.0000,100.0000,default,19,rsu(680m),1443,38058,0.0180,680,2.0168,2,2,-89.3519,-106.3416,direct,0.0500,24.4000,-84.8734
216,node[9],2,6463.9711,4003.2520,1.8950,11.2145,-1.1448,-2.0613,:12914009971_0,-77.0308,1.2710,100.0000,default,19,rsu(679m),1444,38089,0.2964,679,2.0212,5,8,-77.0308,-94.0205,direct,0.0500,24.4000,-84.8594
216.1,node[9],2,6463.4394,4004.2475,1.8950,11.2891,0.7462,-2.0613,:12914009971_0,-77.8515,0.8062,100.0000,default,19,rsu(678m),1445,38120,0.2503,678,2.0127,4,6,-77.8515,-94.8412,direct,0.0500,24.8000,-84.8444
216.2,node[9],2,6462.9064,4005.2355,1.8950,11.2213,-0.6781,-2.0623,:227504535_1,-82.0072,-4.3588,100.0000,default,19,rsu(677m),1446,38151,0.0246,677,2.0170,2,2,-82.0072,-98.9969,direct,0.0500,24.8000,-84.8283
216.3,node[9],2,6462.3692,4006.2265,1.8950,11.2729,0.5157,-2.0637,:227504535_1,-78.7953,0.1077,100.0000,default,19,rsu(676m),1447,38182,0.1906,676,2.0213,4,6,-78.7953,-95.7850,direct,0.0500,24.8000,-84.8111
216.4,node[9],2,6461.8300,4007.2211,1.8950,11.3151,0.4223,-2.0651,:227504535_1,-79.0943,-4.4157,100.0000,default,19,rsu(675m),1448,38213,0.0239,675,2.0126,2,2,-79.0943,-96.0840,direct,0.0500,24.8000,-84.7927
216.5,node[9],2,6461.2914,4008.2148,1.8950,11.3034,-0.1166,-2.0665,:227504535_1,-85.5550,-5.0000,100.0000,default,19,rsu(674m),1449,38244,0.0180,674,2.0168,2,2,-85.5550,-102.5447,direct,0.0500,24.8000,-84.7730
216.6,node[9],2,6460.7568,4009.2009,1.8950,11.2177,-0.8575,-2.0675,:227504535_1,-77.9544,-2.5900,100.0000,default,19,rsu(673m),1450,38275,0.0576,673,2.0210,3,4,-77.9544,-94.9441,direct,0.0500,24.8000,-84.7522
216.7,node[9],2,6460.2176,4010.1956,1.8950,11.3157,0.9804,-2.0675,:227504535_1,-84.7251,-5.0000,100.0000,default,19,rsu(672m),1451,38306,0.0180,672,2.0121,2,2,-84.7251,-101.7148,direct,0.0500,24.8000,-84.7299
216.8,node[9],2,6459.6780,4011.1911,1.8950,11.3239,0.0819,-2.0675,:227504535_1,-80.0295,-2.5166,100.0000,default,19,rsu(671m),1452,38337,0.0596,671,2.0162,3,4,-80.0295,-97.0192,direct,0.0500,24.8000,-84.7061
216.9,node[9],2,6459.1436,4012.1767,1.8950,11.2127,-1.1119,-2.0675,:227504535_1,-83.7841,-5.0000,100.0000,default,19,rsu(669m),1453,38367,0.0180,669,2.0202,2,2,-83.7841,-100.7738,direct,0.0500,24.4000,-84.6811
217,node[9],2,6458.6083,4013.1643,1.8950,11.2339,0.2119,-2.0675,:227504535_1,-78.2893,-2.3344,100.0000,default,19,rsu(668m),1454,38398,0.0649,668,2.0242,3,4,-78.2893,-95.2790,direct,0.0500,24.4000,-84.6544
217.1,node[9],2,6458.0744,4014.1491,1.8950,11.2036,-0.3037,-2.0675,:227504535_1,-77.4037,-0.1151,100.0000,default,19,rsu(667m),1455,38428,0.1740,667,2.0152,4,6,-77.4037,-94.3934,direct,0.0500,24.4000,-84.6257
217.2,node[9],2,6457.5334,4015.1377,1.8950,11.2696,0.6606,-2.0684,833444110#13,-79.4509,-2.7693,100.0000,default,19,rsu(666m),1456,38459,0.0529,666,2.0190,3,4,-79.4509,-96.4406,direct,0.0500,24.4000,-84.5952
217.3,node[9],2,6456.9887,4016.1254,1.8950,11.2776,0.0796,-2.0701,833444110#13,-80.6552,-2.3420,100.0000,default,19,rsu(665m),1457,38490,0.0647,665,2.0229,3,4,-80.6552,-97.6449,direct,0.0500,24.8000,-84.5628
217.4,node[9],2,6456.4472,4017.1072,1.8950,11.2109,-0.6674,-2.0717,833444110#13,-78.5139,0.4601,100.0000,default,19,rsu(664m),1458,38521,0.2193,664,2.0136,4,6,-78.5139,-95.5036,direct,0.0500,24.8000,-84.5285
217.5,node[9],2,6455.9048,4018.0907,1.8950,11.2307,0.1987,-2.0733,833444110#13,-85.8143,-5.0000,100.0000,default,19,rsu(663m),1459,38552,0.0180,663,2.0174,2,2,-85.8143,-102.8040,direct,0.0500,24.8000,-84.4921
217.6,node[9],2,6455.3636,4019.0718,1.8950,11.2039,-0.2683,-2.0748,833444110#13,-76.3037,1.4217,100.0000,default,19,rsu(662m),1460,38583,0.3124,662,2.0210,5,8,-76.3037,-93.2934,direct,0.0500,24.8000,-84.4536
217.7,node[9],2,6454.8189,4020.0595,1.8950,11.2776,0.7372,-2.0748,833444110#13,-84.7430,-5.0000,100.0000,default,19,rsu(661m),1461,38613,0.0180,661,2.0246,2,2,-84.7430,-101.7327,direct,0.0500,24.4000,-84.4127
217.8,node[9],2,6454.2723,4021.0505,1.8950,11.3169,0.3929,-2.0748,833444110#13,-76.6981,2.2839,100.0000,default,19,rsu(660m),1462,38644,0.4114,660,2.0152,5,8,-76.6981,-93.6878,direct,0.0500,24.4000,-84.3694
217.9,node[9],2,6453.7273,4022.0387,1.8950,11.2835,-0.3338,-2.0748,833444110#13,-78.4515,-0.8469,100.0000,default,19,rsu(659m),1463,38674,0.1275,659,2.0187,4,6,-78.4515,-95.4412,direct,0.0500,24.4000,-84.3237
218,node[9],2,6453.1828,4023.0258,1.8950,11.2722,-0.1135,-2.0748,833444110#13,-82.2022,-4.4481,100.0000,default,19,rsu(657m),1464,38705,0.0236,657,2.0221,2,2,-82.2022,-99.1919,direct,0.0500,24.4000,-84.2755
218.1,node[9],2,6452.6380,4024.0137,1.8950,11.2801,0.0792,-2.0748,833444110#13,-87.7732,-5.0000,100.0000,default,19,rsu(656m),1465,38736,0.0180,656,2.0125,2,2,-87.7732,-104.7629,direct,0.0500,24.8000,-84.2244
218.2,node[9],2,6452.0947,4024.9987,1.8950,11.2480,-0.3214,-2.0748,833444110#13,-82.0427,-5.0000,100.0000,default,19,rsu(655m),1466,38767,0.0180,655,2.0159,2,2,-82.0427,-99.0324,direct,0.0500,24.8000,-84.1703
218.3,node[9],2,6451.5482,4025.9897,1.8950,11.3155,0.6756,-2.0748,833444110#13,-79.9127,-2.4575,100.0000,default,19,rsu(654m),1467,38798,0.0613,654,2.0191,3,4,-79.9127,-96.9024,direct,0.0500,24.8000,-84.1130
218.4,node[9],2,6451.0040,4026.9763,1.8950,11.2660,-0.4951,-2.0748,833444110#13,-77.1208,-1.8999,100.0000,default,19,rsu(653m),1468,38829,0.0794,653,2.0223,3,4,-77.1208,-94.1105,direct,0.0500,24.8000,-84.0524
218.5,node[9],2,6450.4614,4027.9602,1.8950,11.2349,-0.3113,-2.0748,833444110#13,-76.7066,1.0061,100.0000,default,19,rsu(652m),1469,38860,0.2695,652,2.0125,5,8,-76.7066,-93.6963,direct,0.0500,24.8000,-83.9884
218.6,node[9],2,6449.9146,4028.9515,1.8950,11.3199,0.8501,-2.0748,833444110#13,-84.1427,-5.0000,100.0000,default,19,rsu(651m),1470,38891,0.0180,651,2.0155,2,2,-84.1427,-101.1324,direct,0.0500,24.8000,-83.9204
218.7,node[9],2,6449.3736,4029.9325,1.8950,11.2025,-1.1742,-2.0748,833444110#13,-76.7629,-0.1781,100.0000,default,19,rsu(650m),1471,38922,0.1695,650,2.0185,4,6,-76.7629,-93.7526,direct,0.0500,24.8000,-83.8486
218.8,node[9],2,6448.8276,4030.9224,1.8950,11.3033,1.0082,-2.0748,833444110#13,-76.2900,2.7307,100.0000,default,19,rsu(649m),1472,38953,0.4664,649,2.0215,5,8,-76.2900,-93.2797,direct,0.0500,24.8000,-83.7722
218.9,node[9],2,6448.2845,4031.9071,1.8950,11.2443,-0.5902,-2.0748,833444110#13,-81.9140,-4.8217,100.0000,default,19,rsu(648m),1473,38984,0.0196,648,2.0244,2,2,-81.9140,-98.9037,direct,0.0500,24.8000,-83.6916
219,node[9],2,6447.7428,4032.8893,1.8950,11.2154,-0.2889,-2.0748,833444110#13,-80.3811,-1.8111,100.0000,default,19,rsu(647m),1474,39015,0.0828,647,2.0142,3,4,-80.3811,-97.3708,direct,0.0500,24.8000,-83.6061
219.1,node[9],2,6447.1976,4033.8779,1.8950,11.2887,0.7333,-2.0748,833444110#13,-81.6021,-3.6574,100.0000,default,19,rsu(645m),1475,39045,0.0346,645,2.0169,2,2,-81.6021,-98.5918,direct,0.0500,24.4000,-83.5153
219.2,node[9],2,6446.6514,4034.8680,1.8950,11.3064,0.1775,-2.0748,833444110#13,-79.5117,-2.1253,100.0000,default,19,rsu(644m),1476,39075,0.0716,644,2.0196,3,4,-79.5117,-96.5014,direct,0.0500,24.4000,-83.4188
219.3,node[9],2,6446.1077,4035.8539,1.8950,11.2576,-0.4881,-2.0748,833444110#13,-81.0226,-3.1513,100.0000,default,19,rsu(643m),1477,39106,0.0441,643,2.0222,2,2,-81.0226,-98.0123,direct,0.0500,24.4000,-83.3168
219.4,node[9],2,6445.5625,4036.8424,1.8950,11.2870,0.2932,-2.0748,833444110#13,-88.3363,-5.0000,100.0000,default,19,rsu(642m),1478,39137,0.0180,642,2.0248,2,2,-88.3363,-105.3260,direct,0.0500,24.4000,-83.2083
219.5,node[9],2,6445.0207,4037.8248,1.8950,11.2179,-0.6902,-2.0748,833444110#13,-86.2066,-5.0000,100.0000,default,19,rsu(641m),1479,39168,0.0180,641,2.0142,2,2,-86.2066,-103.1963,direct,0.0500,24.8000,-83.0931
219.6,node[9],2,6444.4735,4038.8169,1.8950,11.3296,1.1164,-2.0748,833444110#13,-75.6163,-0.3454,100.0000,default,19,rsu(640m),1480,39199,0.1581,640,2.0166,4,6,-75.6163,-92.6060,direct,0.0500,24.8000,-82.9702
219.7,node[9],2,6443.9272,4039.8074,1.8950,11.3103,-0.1929,-2.0748,833444110#13,-77.4209,0.2967,100.0000,default,19,rsu(639m),1481,39230,0.2056,639,2.0189,4,6,-77.4209,-94.4106,direct,0.0500,24.8000,-82.8395
219.8,node[9],2,6443.3846,4040.7913,1.8950,11.2347,-0.7559,-2.0748,833444110#13,-84.6478,-5.0000,100.0000,default,19,rsu(638m),1482,39259,0.0180,638,2.0212,2,2,-84.6478,-101.6375,direct,0.0500,24.8000,-82.7004
219.9,node[9],2,6442.8423,4041.7744,1.8950,11.2266,-0.0812,-2.0748,833444110#13,-86.6179,-5.0000,100.0000,default,19,rsu(637m),1483,39289,0.0180,637,2.0234,2,2,-86.6179,-103.6076,direct,0.0500,23.6000,-82.5523
220,node[9],2,6442.2990,4042.7595,1.8950,11.2484,0.2182,-2.0748,833444110#13,-80.8634,-3.5046,100.0000,default,19,rsu(636m),1484,39319,0.0372,636,2.0125,2,2,-80.8634,-97.8531,direct,0.0500,23.6000,-82.3945
220.1,node[9],2,6441.7522,4043.7510,1.8950,11.3212,0.7286,-2.0748,833444110#13,-85.1507,-5.0000,100.0000,default,19,rsu(635m),1485,39349,0.0180,635,2.0145,2,2,-85.1507,-102.1404,direct,0.0500,24.0000,-82.2253
220.2,node[9],2,6441.2076,4044.7384,1.8950,11.2760,-0.4528,-2.0748,833444110#13,-80.3163,-3.6633,100.0000,default,19,rsu(633m),1486,39378,0.0345,633,2.0164,2,2,-80.3163,-97.3060,direct,0.0500,24.0000,-82.0443
220.3,node[9],2,6440.6643,4045.7233,1.8950,11.2465,-0.2951,-2.0748,833444110#13,-81.1286,-3.1134,100.0000,default,19,rsu(632m),1487,39407,0.0449,632,2.0183,2,2,-81.1286,-98.1183,direct,0.0500,23.2000,-81.8548
220.4,node[9],2,6440.1204,4046.7096,1.8950,11.2624,0.1595,-2.0748,833444110#13,-88.2488,-5.0000,100.0000,default,19,rsu(631m),1488,39437,0.0180,631,2.0201,2,2,-88.2488,-105.2385,direct,0.0500,23.2000,-81.6563
220.5,node[9],2,6439.5787,4047.6917,1.8950,11.2138,-0.4862,-2.0748,833444110#13,-83.0484,-5.0000,100.0000,default,19,rsu(630m),1489,39467,0.0180,630,2.0218,2,2,-83.0484,-100.0381,direct,0.0500,24.0000,-81.4487
220.6,node[9],2,6439.0341,4048.6792,1.8950,11.2761,0.6227,-2.0748,833444110#13,-78.1527,-1.0994,100.0000,default,19,rsu(629m),1490,39497,0.1141,629,2.0234,3,4,-78.1527,-95.1424,direct,0.0500,24.0000,-81.2311
220.7,node[9],2,6438.4894,4049.6668,1.8950,11.2777,0.0161,-2.0748,833444110#13,-78.8736,-0.8931,100.0000,default,19,rsu(628m),1491,39527,0.1249,628,2.0120,4,6,-78.8736,-95.8633,direct,0.0500,24.0000,-81.0031
220.8,node[9],2,6437.9474,4050.6496,1.8950,11.2220,-0.5563,-2.0748,833444110#13,-84.0352,-5.0000,100.0000,default,19,rsu(627m),1492,39557,0.0180,627,2.0135,2,2,-84.0352,-101.0249,direct,0.0500,24.0000,-80.7649
220.9,node[9],2,6437.4024,4051.6377,1.8950,11.2832,0.6112,-2.0748,833444110#13,-86.7892,-5.0000,100.0000,default,19,rsu(626m),1493,39587,0.0180,626,2.0149,2,2,-86.7892,-103.7789,direct,0.0500,24.0000,-80.5152
221,node[9],2,6436.8569,4052.6268,1.8950,11.2942,0.1101,-2.0748,833444110#13,-81.7159,-5.0000,100.0000,default,19,rsu(625m),1494,39617,0.0180,625,2.0162,2,2,-81.7159,-98.7056,direct,0.0500,24.0000,-80.2534
221.1,node[9],2,6436.3144,4053.6103,1.8950,11.2312,-0.6296,-2.0748,833444110#13,-81.9468,-5.0000,100.0000,default,19,rsu(624m),1495,39647,0.0180,624,2.0174,2,2,-81.9468,-98.9365,direct,0.0500,24.0000,-79.9802
221.2,node[9],2,6435.7722,4054.5934,1.8950,11.2252,-0.0597,-2.0748,833444110#13,-83.1022,-5.0000,100.0000,default,19,rsu(623m),1496,39677,0.0180,623,2.0248,2,2,-83.1022,-100.0919,direct,0.0500,24.0000,-79.6946
221.3,node[9],2,6435.2251,4055.5853,1.8950,11.3275,1.0224,-2.0748,833444110#13,-78.1403,1.2366,100.0000,default,19,rsu(622m),1497,39708,0.2928,622,2.0191,5,8,-78.1403,-95.1300,direct,0.0500,24.4000,-79.3947
221.4,node[9],2,6434.6799,4056.5739,1.8950,11.2880,-0.3950,-2.0748,833444110#13,-81.3516,-5.0000,100.0000,default,19,rsu(620m),1498,39739,0.0180,620,2.0221,2,2,-81.3516,-98.3413,direct,0.0500,24.4000,-79.0816
221.5,node[9],2,6434.1335,4057.5645,1.8950,11.3121,0.2413,-2.0748,833444110#13,-85.0023,-5.0000,100.0000,default,19,rsu(619m),1499,39770,0.0180,619,2.0120,2,2,-85.0023,-101.9920,direct,0.0500,24.8000,-78.7538
221.6,node[9],2,6433.5894,4058.5510,1.8950,11.2641,-0.4801,-2.0748,833444110#13,-80.8086,-5.0000,100.0000,default,18,rsu(618m),1500,39801,0.0180,618,2.0148,2,2,-80.8086,-97.7983,direct,0.0500,24.8000,-78.4272
221.7,node[9],2,6433.0443,4059.5393,1.8950,11.2859,0.2184,-2.0748,833444110#13,-85.3866,-5.0000,100.0000,default,18,rsu(617m),1501,39832,0.0180,617,2.0176,2,2,-85.3866,-102.3763,direct,0.0500,24.8000,-78.0677
221.8,node[9],2,6432.5011,4060.5242,1.8950,11.2463,-0.3964,-2.0748,833444110#13,-83.1439,-4.9459,100.0000,default,18,rsu(616m),1502,39863,0.0185,616,2.0202,2,2,-83.1439,-100.1336,direct,0.0500,24.8000,-77.6922
221.9,node[9],2,6431.9582,4061.5085,1.8950,11.2399,-0.0642,-2.0748,833444110#13,-85.6203,-5.0000,100.0000,default,18,rsu(615m),1503,39893,0.0180,615,2.0228,2,2,-85.6203,-102.6100,direct,0.0500,24.4000,-77.2995
222,node[9],2,6431.4201,4062.4842,1.8950,11.1411,-0.9877,-2.0748,833444110#13,-79.0060,-5.0000,100.0000,default,18,rsu(614m),1504,39924,0.0180,614,2.0124,2,2,-79.0060,-95.9957,direct,0.0500,24.4000,-76.8903
222.1,node[9],2,6430.9037,4063.4205,1.8950,10.6911,-4.5000,-2.0748,833444110#13,-85.3994,-5.0000,100.0000,default,18,rsu(613m),1505,39955,0.0180,613,2.0148,2,2,-85.3994,-102.3891,direct,0.0500,24.8000,-76.4705
222.2,node[9],2,6430.4091,4064.3173,1.8950,10.2411,-4.5000,-2.0748,833444110#13,-80.2370,-4.9994,100.0000,default,18,rsu(612m),1506,39984,0.0180,612,2.0172,2,2,-80.2370,-97.2267,direct,0.0500,24.8000,-76.0408
222.3,node[9],2,6429.9329,4065.1808,1.8950,9.8594,-3.8166,-2.0748,833444110#13,-88.2676,-5.0000,100.0000,default,18,rsu(611m),1507,40014,0.0180,611,2.0195,2,2,-88.2676,-105.2573,direct,0.0500,23.6000,-75.6002
222.4,node[9],2,6429.4784,4066.0048,1.8950,9.4094,-4.5000,-2.0748,833444110#13,-79.9325,-3.0131,100.0000,default,18,rsu(610m),1508,40044,0.0471,610,2.0217,2,2,-79.9325,-96.9222,direct,0.0500,23.6000,-75.1511
222.5,node[9],2,6429.0457,4066.7894,1.8950,8.9594,-4.5000,-2.0748,833444110#13,-76.4160,1.1782,100.0000,default,18,rsu(609m),1509,40074,0.2868,609,2.0238,5,8,-76.4160,-93.4057,direct,0.0500,24.0000,-74.6942
222.6,node[9],2,6428.6347,4067.5346,1.8950,8.5094,-4.5000,-2.0748,833444110#13,-80.7628,-5.0000,100.0000,default,17,rsu(608m),1510,40103,0.0180,608,2.0128,2,2,-80.7628,-97.7525,direct,0.0500,24.0000,-74.2367
222.7,node[9],2,6428.2454,4068.2404,1.8950,8.0594,-4.5000,-2.0748,833444110#13,-100.7885,-5.0000,100.0000,default,17,rsu(608m),1511,40133,0.0180,608,2.0148,2,2,-100.7885,-117.7782,direct,0.0500,23.6000,-73.7674
222.8,node[9],2,6427.8778,4068.9068,1.8950,7.6094,-4.5000,-2.0748,833444110#13,-83.7263,-5.0000,100.0000,default,17,rsu(607m),1512,40163,0.0180,607,2.0167,2,2,-83.7263,-100.7160,direct,0.0500,23.6000,-73.2944
222.9,node[9],2,6427.5320,4069.5338,1.8950,7.1594,-4.5000,-2.0748,833444110#13,-79.7221,-2.0597,100.0000,default,17,rsu(606m),1513,40193,0.0738,606,2.0185,3,4,-79.7221,-96.7118,direct,0.0500,24.0000,-72.8196
223,node[9],2,6427.2080,4070.1213,1.8950,6.7094,-4.5000,-2.0748,833444110#13,-74.6033,4.7101,100.0000,default,17,rsu(606m),1514,40223,0.7016,606,2.0202,6,10,-74.6033,-91.5930,direct,0.0500,24.0000,-72.3451
223.1,node[9],2,6426.9052,4070.6702,1.8950,6.2676,-4.4187,-2.0748,833444110#13,-77.1413,0.5272,100.0000,default,17,rsu(605m),1515,40253,0.2251,605,2.0219,4,6,-77.1413,-94.1310,direct,0.0500,24.0000,-71.8728
223.2,node[9],2,6426.6243,4071.1797,1.8950,5.8176,-4.5000,-2.0748,833444110#13,-80.0789,-1.6726,100.0000,default,17,rsu(604m),1516,40282,0.0882,604,2.0234,3,4,-80.0789,-97.0686,direct,0.0500,24.0000,-71.4059
223.3,node[9],2,6426.3650,4071.6498,1.8950,5.3676,-4.5000,-2.0748,833444110#13,-92.3806,-5.0000,100.0000,default,17,rsu(604m),1517,40312,0.0180,604,2.0249,2,2,-92.3806,-109.3703,direct,0.0500,23.6000,-70.9472
223.4,node[9],2,6426.1275,4072.0804,1.8950,4.9176,-4.5000,-2.0748,833444110#13,-85.5818,-5.0000,100.0000,default,17,rsu(603m),1518,40342,0.0180,603,2.0133,2,2,-85.5818,-102.5715,direct,0.0500,23.6000,-70.5003
223.5,node[9],2,6425.9117,4072.4717,1.8950,4.4676,-4.5000,-2.0748,833444110#13,-80.5642,-1.3384,100.0000,default,17,rsu(603m),1519,40372,0.1025,603,2.0146,3,4,-80.5642,-97.5539,direct,0.0500,24.0000,-70.0689
223.6,node[9],2,6425.7161,4072.8263,1.8950,4.0501,-4.1747,-2.0748,833444110#13,-78.1056,0.9202,100.0000,default,17,rsu(603m),1520,40401,0.2612,603,2.0159,4,6,-78.1056,-95.0953,direct,0.0500,24.0000,-69.6556
223.7,node[9],2,6425.5422,4073.1416,1.8950,3.6001,-4.5000,-2.0748,833444110#13,-77.1163,1.6998,100.0000,default,17,rsu(602m),1521,40431,0.3430,602,2.0170,5,8,-77.1163,-94.1060,direct,0.0500,23.6000,-69.2662
223.8,node[9],2,6425.3900,4073.4175,1.8950,3.1501,-4.5000,-2.0748,833444110#13,-77.0922,0.1936,100.0000,default,17,rsu(602m),1522,40461,0.1973,602,2.0181,4,6,-77.0922,-94.0819,direct,0.0500,23.6000,-68.9051
223.9,node[9],2,6425.2596,4073.6539,1.8950,2.7001,-4.5000,-2.0748,833444110#13,-81.4916,-3.4041,100.0000,default,17,rsu(602m),1523,40491,0.0391,602,2.0191,2,2,-81.4916,-98.4813,direct,0.0500,24.0000,-68.5770
224,node[9],2,6425.1509,4073.8510,1.8950,2.2501,-4.5000,-2.0748,833444110#13,-78.1885,-3.3669,100.0000,default,17,rsu(601m),1524,40521,0.0398,601,2.0200,2,2,-78.1885,-95.1782,direct,0.0500,24.0000,-68.2865
224.1,node[9],2,6425.0622,4074.0119,1.8950,1.8375,-4.1265,-2.0748,833444110#13,-79.2424,-1.0950,100.0000,default,17,rsu(601m),1525,40551,0.1143,601,2.0208,3,4,-79.2424,-96.2321,direct,0.0500,24.0000,-68.0357
224.2,node[9],2,6424.9952,4074.1334,1.8950,1.3875,-4.5000,-2.0748,833444110#13,-84.0720,-5.0000,100.0000,default,17,rsu(601m),1526,40581,0.0180,601,2.0215,2,2,-84.0720,-101.0617,direct,0.0500,24.0000,-67.8308
224.3,node[9],2,6424.9499,4074.2155,1.8950,0.9375,-4.5000,-2.0748,833444110#13,-84.9732,-5.0000,100.0000,default,17,rsu(601m),1527,40611,0.0180,601,2.0222,2,2,-84.9732,-101.9629,direct,0.0500,24.0000,-67.6750
224.4,node[9],2,6424.9263,4074.2582,1.8950,0.4875,-4.5000,-2.0748,833444110#13,-88.1052,-5.0000,100.0000,default,17,rsu(601m),1528,40641,0.0180,601,2.0227,2,2,-88.1052,-105.0949,direct,0.0500,24.0000,-67.5713
224.5,node[9],2,6424.9236,4074.2632,1.8950,0.0571,-4.3039,-2.0748,833444110#13,-78.0128,-3.4546,100.0000,default,17,rsu(601m),1529,40671,0.0382,601,2.0232,2,2,-78.0128,-95.0025,direct,0.0500,24.0000,-67.5201
224.6,node[9],2,6424.9235,4074.2634,1.8950,0.0021,-0.5493,-2.0748,833444110#13,-77.9602,-0.7441,100.0000,default,17,rsu(601m),1530,40701,0.1333,601,2.0236,4,6,-77.9602,-94.9499,direct,0.0500,24.0000,-67.4997
224.7,node[9],2,6424.9235,4074.2634,1.8950,0.0000,-0.0209,-2.0748,833444110#13,-78.4612,-1.4824,100.0000,default,17,rsu(601m),1531,40731,0.0961,601,2.0239,3,4,-78.4612,-95.4509,direct,0.0500,24.0000,-67.4995
224.8,node[9],2,6424.9235,4074.2634,1.8950,0.0000,-0.0005,-2.0748,833444110#13,-77.5793,-0.4558,100.0000,default,17,rsu(601m),1532,40761,0.1509,601,2.0242,4,6,-77.5793,-94.5690,direct,0.0500,24.0000,-67.4995
224.9,node[9],2,6424.9235,4074.2634,1.8950,0.0000,0.0000,-2.0748,833444110#13,-85.6757,-5.0000,100.0000,default,17,rsu(601m),1533,40791,0.0180,601,2.0243,2,2,-85.6757,-102.6654,direct,0.0500,24.0000,-67.4995
225,node[9],2,6424.9235,4074.2634,1.8950,0.0000,0.0000,-2.0748,833444110#13,-83.0512,-3.8259,100.0000,default,17,rsu(601m),1534,40821,0.0319,601,2.0244,2,2,-83.0512,-100.0409,direct,0.0500,24.0000,-67.4996
225.1,node[9],2,6424.9235,4074.2634,1.8950,0.0000,0.0000,-2.0748,833444110#13,-80.9853,-5.0000,100.0000,default,17,rsu(601m),1535,40851,0.0180,601,2.0243,2,2,-80.9853,-97.9750,direct,0.0500,24.0000,-67.4996
225.2,node[9],2,6424.9235,4074.2634,1.8950,0.0000,0.0000,-2.0748,833444110#13,-81.3694,-3.3960,100.0000,default,17,rsu(601m),1536,40881,0.0392,601,2.0242,2,2,-81.3694,-98.3591,direct,0.0500,24.0000,-67.4996
225.3,node[9],2,6424.9235,4074.2634,1.8950,0.0000,0.0000,-2.0748,833444110#13,-83.0042,-3.9093,100.0000,default,17,rsu(601m),1537,40910,0.0306,601,2.0240,2,2,-83.0042,-99.9939,direct,0.0500,23.6000,-67.4996
225.4,node[9],2,6424.9235,4074.2634,1.8950,0.0000,0.0000,-2.0748,833444110#13,-73.5721,4.6438,100.0000,default,17,rsu(601m),1538,40939,0.6946,601,2.0237,6,10,-73.5721,-90.5618,direct,0.0500,23.6000,-67.4996
225.5,node[9],2,6424.9235,4074.2634,1.8950,0.0000,0.0000,-2.0748,833444110#13,-75.0689,4.0399,100.0000,default,17,rsu(601m),1539,40969,0.6271,601,2.0234,6,10,-75.0689,-92.0586,direct,0.0500,23.6000,-67.4996
225.6,node[9],2,6424.9235,4074.2634,1.8950,0.0000,0.0000,-2.0748,833444110#13,-101.5914,-5.0000,100.0000,default,16,rsu(601m),1540,40998,0.0180,601,2.0229,2,2,-101.5914,-118.5811,direct,0.0500,23.6000,-67.4998
225.7,node[9],2,6424.9235,4074.2634,1.8950,0.0000,0.0000,-2.0748,833444110#13,-90.5176,-5.0000,100.0000,default,16,rsu(601m),1541,41028,0.0180,601,2.0224,2,2,-90.5176,-107.5073,direct,0.0500,23.6000,-67.4998
225.8,node[9],2,6424.9235,4074.2634,1.8950,0.0000,0.0000,-2.0748,833444110#13,-81.3175,-3.2249,100.0000,default,16,rsu(601m),1542,41058,0.0426,601,2.0218,2,2,-81.3175,-98.3072,direct,0.0500,23.6000,-67.4998
225.9,node[9],2,6424.9235,4074.2634,1.8950,0.0000,0.0000,-2.0748,833444110#13,-83.0074,-5.0000,100.0000,default,16,rsu(601m),1543,41087,0.0180,601,2.0211,2,2,-83.0074,-99.9971,direct,0.0500,23.6000,-67.4998
226,node[9],2,6424.9235,4074.2634,1.8950,0.0000,0.0000,-2.0748,833444110#13,-82.3710,-4.4756,100.0000,default,16,rsu(601m),1544,41117,0.0233,601,2.0204,2,2,-82.3710,-99.3607,direct,0.0500,23.6000,-67.4998
226.1,node[9],2,6424.9235,4074.2634,1.8950,0.0000,0.0000,-2.0748,833444110#13,-77.6133,1.2627,100.0000,default,16,rsu(601m),1545,41146,0.2955,601,2.0195,5,8,-77.6133,-94.6030,direct,0.0500,23.6000,-67.4998
226.2,node[9],2,6424.9235,4074.2634,1.8950,0.0000,0.0000,-2.0748,833444110#13,-84.5675,-5.0000,100.0000,default,16,rsu(601m),1546,41176,0.0180,601,2.0186,2,2,-84.5675,-101.5572,direct,0.0500,23.6000,-67.4998
226.3,node[9],2,6424.9235,4074.2634,1.8950,0.0000,0.0000,-2.0748,833444110#13,-82.9933,-5.0000,100.0000,default,16,rsu(601m),1547,41206,0.0180,601,2.0176,2,2,-82.9933,-99.9830,direct,0.0500,24.0000,-67.4998
226.4,node[9],2,6424.9235,4074.2634,1.8950,0.0000,0.0000,-2.0748,833444110#13,-81.9144,-4.8120,100.0000,default,16,rsu(601m),1548,41236,0.0197,601,2.0165,2,2,-81.9144,-98.9041,direct,0.0500,24.0000,-67.4998
226.5,node[9],2,6424.9235,4074.2634,1.8950,0.0000,0.0000,-2.0748,833444110#13,-80.7753,-2.3765,100.0000,default,16,rsu(601m),1549,41265,0.0637,601,2.0153,3,4,-80.7753,-97.7650,direct,0.0500,23.6000,-67.4998
226.6,node[9],2,6424.9235,4074.2634,1.8950,0.0000,0.0000,-2.0748,833444110#13,-78.7194,-2.6109,100.0000,default,16,rsu(601m),1550,41295,0.0570,601,2.0141,3,4,-78.7194,-95.7091,direct,0.0500,23.6000,-67.4998
226.7,node[9],2,6424.9235,4074.2634,1.8950,0.0000,0.0000,-2.0748,833444110#13,-76.6507,-1.5850,100.0000,default,16,rsu(601m),1551,41325,0.0917,601,2.0128,3,4,-76.6507,-93.6404,direct,0.0500,24.0000,-67.4998
226.8,node[9],2,6424.9235,4074.2634,1.8950,0.0000,0.0000,-2.0748,833444110#13,-83.8643,-5.0000,100.0000,default,16,rsu(601m),1552,41355,0.0180,601,2.0244,2,2,-83.8643,-100.8540,direct,0.0500,24.0000,-67.4998
226.9,node[9],2,6424.9235,4074.2634,1.8950,0.0000,0.0000,-2.0748,833444110#13,-85.1519,-5.0000,100.0000,default,16,rsu(601m),1553,41385,0.0180,601,2.0230,2,2,-85.1519,-102.1416,direct,0.0500,24.0000,-67.4998
227,node[9],2,6424.9235,4074.2634,1.8950,0.0000,0.0000,-2.0748,833444110#13,-79.0815,-0.2824,100.0000,default,16,rsu(601m),1554,41414,0.1623,601,2.0215,4,6,-79.0815,-96.0712,direct,0.0500,24.0000,-67.4998
227.1,node[9],2,6424.9235,4074.2634,1.8950,0.0000,0.0000,-2.0748,833444110#13,-80.3600,-4.0695,100.0000,default,16,rsu(601m),1555,41444,0.0283,601,2.0199,2,2,-80.3600,-97.3497,direct,0.0500,23.6000,-67.4998
227.2,node[9],2,6424.9235,4074.2634,1.8950,0.0000,0.0000,-2.0748,833444110#13,-79.3478,-3.0898,100.0000,default,16,rsu(601m),1556,41474,0.0454,601,2.0182,2,2,-79.3478,-96.3375,direct,0.0500,23.6000,-67.4998
227.3,node[9],2,6424.9235,4074.2634,1.8950,0.0000,0.0000,-2.0748,833444110#13,-88.1979,-5.0000,100.0000,default,16,rsu(601m),1557,41504,0.0180,601,2.0164,2,2,-88.1979,-105.1876,direct,0.0500,24.0000,-67.4998
227.4,node[9],2,6424.9235,4074.2634,1.8950,0.0000,0.0000,-2.0748,833444110#13,-79.5158,-1.3159,100.0000,default,16,rsu(601m),1558,41534,0.1036,601,2.0146,3,4,-79.5158,-96.5055,direct,0.0500,24.0000,-67.4998
227.5,node[9],2,6424.9235,4074.2634,1.8950,0.0000,0.0000,-2.0748,833444110#13,-76.1635,-0.2528,100.0000,default,16,rsu(601m),1559,41563,0.1643,601,2.0127,4,6,-76.1635,-93.1532,direct,0.0500,23.6000,-67.4997
227.6,node[9],6,6424.9235,4074.2634,1.8950,0.0000,0.0000,-2.0748,833444110#13,-80.5207,-2.8399,100.0000,default,15,rsu(601m),1560,41592,0.0512,601,2.0237,3,4,-80.5207,-97.5104,direct,0.0500,23.6000,-67.4999
227.7,node[9],6,6424.9235,4074.2634,1.8950,0.0000,0.0000,-2.0748,833444110#13,-98.8220,-5.0000,100.0000,default,15,rsu(601m),1561,41622,0.0180,601,2.0217,2,2,-98.8220,-115.8117,direct,0.0500,23.6000,-67.4999
227.8,node[9],6,6424.9235,4074.2634,1.8950,0.0000,0.0000,-2.0748,833444110#13,-80.6738,-2.9914,100.0000,default,15,rsu(601m),1562,41652,0.0476,601,2.0236,3,4,-80.6738,-97.6635,direct,0.0500,23.6000,-67.4998
227.9,node[9],6,6424.9235,4074.2634,1.8950,0.0000,0.0000,-2.0748,833444110#13,-87.9893,-5.0000,100.0000,default,15,rsu(601m),1563,41682,0.0180,601,2.0124,2,2,-87.9893,-104.9790,direct,0.0500,24.0000,-67.4998
228,node[9],6,6424.9235,4074.2634,1.8950,0.0000,0.0000,-2.0748,833444110#13,-88.5036,-5.0000,100.0000,default,15,rsu(601m),1564,41712,0.0180,601,2.0142,2,2,-88.5036,-105.4933,direct,0.0500,24.0000,-67.4998
228.1,node[9],6,6424.9235,4074.2634,1.8950,0.0000,0.0000,-2.0748,833444110#13,-89.6376,-5.0000,100.0000,default,15,rsu(601m),1565,41742,0.0180,601,2.0159,2,2,-89.6376,-106.6273,direct,0.0500,24.0000,-67.4998
228.2,node[9],6,6424.9235,4074.2634,1.8950,0.0000,0.0000,-2.0748,833444110#13,-85.6545,-5.0000,100.0000,default,15,rsu(601m),1566,41772,0.0180,601,2.0175,2,2,-85.6545,-102.6442,direct,0.0500,24.0000,-67.4998
228.3,node[9],6,6424.9235,4074.2634,1.8950,0.0000,0.0000,-2.0748,833444110#13,-84.5364,-5.0000,100.0000,default,15,rsu(601m),1567,41802,0.0180,601,2.0191,2,2,-84.5364,-101.5261,direct,0.0500,24.0000,-67.4998
228.4,node[9],6,6424.9235,4074.2634,1.8950,0.0000,0.0000,-2.0748,833444110#13,-84.6534,-5.0000,100.0000,default,15,rsu(601m),1568,41832,0.0180,601,2.0206,2,2,-84.6534,-101.6431,direct,0.0500,24.0000,-67.4998
228.5,node[9],6,6424.9235,4074.2634,1.8950,0.0000,0.0000,-2.0748,833444110#13,-85.0919,-5.0000,100.0000,default,15,rsu(601m),1569,41861,0.0180,601,2.0220,2,2,-85.0919,-102.0816,direct,0.0500,23.6000,-67.4997
228.6,node[9],6,6424.9235,4074.2634,1.8950,0.0000,0.0000,-2.0748,833444110#13,-83.7965,-5.0000,100.0000,default,15,rsu(601m),1570,41891,0.0180,601,2.0188,2,2,-83.7965,-100.7862,direct,0.0500,23.6000,-67.4997
228.7,node[9],6,6424.9235,4074.2634,1.8950,0.0000,0.0000,-2.0748,833444110#13,-90.6485,-5.0000,100.0000,default,15,rsu(601m),1571,41921,0.0180,601,2.0155,2,2,-90.6485,-107.6382,direct,0.0500,24.0000,-67.4997
228.8,node[9],6,6424.9235,4074.2634,1.8950,0.0000,0.0000,-2.0748,833444110#13,-80.2550,-2.9237,100.0000,default,15,rsu(601m),1572,41951,0.0492,601,2.0122,3,4,-80.2550,-97.2447,direct,0.0500,24.0000,-67.4997
228.9,node[9],6,6424.9235,4074.2634,1.8950,0.0000,0.0000,-2.0748,833444110#13,-81.7506,-3.5353,100.0000,default,15,rsu(601m),1573,41980,0.0367,601,2.0218,2,2,-81.7506,-98.7403,direct,0.0500,23.6000,-67.4997
229,node[9],6,6424.9235,4074.2634,1.8950,0.0000,0.0000,-2.0748,833444110#13,-87.1238,-5.0000,100.0000,default,15,rsu(601m),1574,42010,0.0180,601,2.0184,2,2,-87.1238,-104.1135,direct,0.0500,23.6000,-67.4996
229.1,node[9],6,6424.9235,4074.2634,1.8950,0.0000,0.0000,-2.0748,833444110#13,-88.0029,-5.0000,100.0000,default,15,rsu(601m),1575,42040,0.0180,601,2.0150,2,2,-88.0029,-104.9926,direct,0.0500,24.0000,-67.4996
229.2,node[9],6,6424.9235,4074.2634,1.8950,0.0000,0.0000,-2.0748,833444110#13,-81.4529,-4.2297,100.0000,default,15,rsu(601m),1576,42069,0.0262,601,2.0245,2,2,-81.4529,-98.4426,direct,0.0500,24.0000,-67.4996
229.3,node[9],6,6424.9235,4074.2634,1.8950,0.0000,0.0000,-2.0748,833444110#13,-76.8097,1.1279,100.0000,default,15,rsu(601m),1577,42099,0.2817,601,2.0211,5,8,-76.8097,-93.7994,direct,0.0500,23.6000,-67.4996
229.4,node[9],6,6424.9235,4074.2634,1.8950,0.0000,0.0000,-2.0748,833444110#13,-85.3494,-5.0000,100.0000,default,15,rsu(601m),1578,42129,0.0180,601,2.0175,2,2,-85.3494,-102.3391,direct,0.0500,23.6000,-67.4995
229.5,node[9],6,6424.9235,4074.2634,1.8950,0.0000,0.0000,-2.0748,833444110#13,-79.3420,-3.2415,100.0000,default,15,rsu(601m),1579,42159,0.0423,601,2.0140,2,2,-79.3420,-96.3317,direct,0.0500,24.0000,-67.4995
229.6,node[9],6,6424.9235,4074.2634,1.8950,0.0000,0.0000,-2.0748,833444110#13,-86.4297,-5.0000,100.0000,default,15,rsu(601m),1580,42188,0.0180,601,2.0234,2,2,-86.4297,-103.4194,direct,0.0500,24.0000,-67.4995
229.7,node[9],6,6424.9235,4074.2634,1.8950,0.0000,0.0000,-2.0748,833444110#13,-82.4885,-5.0000,100.0000,default,15,rsu(601m),1581,42218,0.0180,601,2.0198,2,2,-82.4885,-99.4782,direct,0.0500,23.6000,-67.4994
229.8,node[9],6,6424.9235,4074.2634,1.8950,0.0000,0.0000,-2.0748,833444110#13,-83.7871,-5.0000,100.0000,default,15,rsu(601m),1582,42248,0.0180,601,2.0162,2,2,-83.7871,-100.7768,direct,0.0500,23.6000,-67.4994
229.9,node[9],6,6424.9235,4074.2634,1.8950,0.0000,0.0000,-2.0748,833444110#13,-79.9849,-3.6650,100.0000,default,15,rsu(601m),1583,42278,0.0345,601,2.0125,2,2,-79.9849,-96.9746,direct,0.0500,24.0000,-67.4994
230,node[9],6,6424.9235,4074.2634,1.8950,0.0000,0.0000,-2.0748,833444110#13,-76.2296,2.3124,100.0000,default,15,rsu(601m),1584,42308,0.4149,601,2.0219,5,8,-76.2296,-93.2193,direct,0.0500,24.0000,-67.4994
230.1,node[9],6,6424.9235,4074.2634,1.8950,0.0000,0.0000,-2.0748,833444110#13,-85.6714,-5.0000,100.0000,default,15,rsu(601m),1585,42338,0.0180,601,2.0181,2,2,-85.6714,-102.6611,direct,0.0500,24.0000,-67.4993
230.2,node[9],6,6424.9235,4074.2634,1.8950,0.0000,0.0000,-2.0748,833444110#13,-79.5642,-2.0760,100.0000,default,15,rsu(601m),1586,42368,0.0732,601,2.0144,3,4,-79.5642,-96.5539,direct,0.0500,24.0000,-67.4993
230.3,node[9],6,6424.9235,4074.2634,1.8950,0.0000,0.0000,-2.0748,833444110#13,-90.7823,-5.0000,100.0000,default,15,rsu(601m),1587,42397,0.0180,601,2.0236,2,2,-90.7823,-107.7720,direct,0.0500,23.6000,-67.4993
230.4,node[9],6,6424.9235,4074.2634,1.8950,0.0000,0.0000,-2.0748,833444110#13,-79.0807,-1.3302,100.0000,default,15,rsu(601m),1588,42427,0.1029,601,2.0198,3,4,-79.0807,-96.0704,direct,0.0500,23.6000,-67.4992
230.5,node[9],6,6424.9235,4074.2634,1.8950,0.0000,0.0000,-2.0748,833444110#13,-83.6986,-5.0000,100.0000,default,15,rsu(601m),1589,42457,0.0180,601,2.0160,2,2,-83.6986,-100.6883,direct,0.0500,24.0000,-67.4992
230.6,node[9],6,6424.9235,4074.2634,1.8950,0.0000,0.0000,-2.0748,833444110#13,-81.5795,-3.2390,100.0000,default,15,rsu(601m),1590,42486,0.0423,601,2.0122,2,2,-81.5795,-98.5692,direct,0.0500,24.0000,-67.4992
230.7,node[9],6,6424.9235,4074.2634,1.8950,0.0000,0.0000,-2.0748,833444110#13,-82.3097,-5.0000,100.0000,default,15,rsu(601m),1591,42516,0.0180,601,2.0182,2,2,-82.3097,-99.2994,direct,0.0500,23.6000,-67.4991
230.8,node[9],6,6424.9235,4074.2634,1.8950,0.0000,0.0000,-2.0748,833444110#13,-82.4647,-3.6011,100.0000,default,15,rsu(601m),1592,42546,0.0356,601,2.0241,2,2,-82.4647,-99.4544,direct,0.0500,23.6000,-67.4991
230.9,node[9],6,6424.9235,4074.2634,1.8950,0.0000,0.0000,-2.0748,833444110#13,-83.0317,-4.0237,100.0000,default,15,rsu(601m),1593,42576,0.0290,601,2.0171,2,2,-83.0317,-100.0214,direct,0.0500,24.0000,-67.4990
231,node[9],6,6424.9235,4074.2634,1.8950,0.0000,0.0000,-2.0748,833444110#13,-80.7291,-5.0000,100.0000,default,15,rsu(601m),1594,42606,0.0180,601,2.0230,2,2,-80.7291,-97.7188,direct,0.0500,24.0000,-67.4990
231.1,node[9],6,6424.9235,4074.2634,1.8950,0.0000,0.0000,-2.0748,833444110#13,-80.3990,-1.5814,100.0000,default,15,rsu(601m),1595,42635,0.0919,601,2.0159,3,4,-80.3990,-97.3887,direct,0.0500,23.6000,-67.4990
231.2,node[9],6,6424.9235,4074.2634,1.8950,0.0000,0.0000,-2.0748,833444110#13,-80.3559,-5.0000,100.0000,default,15,rsu(601m),1596,42665,0.0180,601,2.0217,2,2,-80.3559,-97.3456,direct,0.0500,23.6000,-67.4989
231.3,node[9],6,6424.9235,4074.2634,1.8950,0.0000,0.0000,-2.0748,833444110#13,-81.6249,-3.2885,100.0000,default,15,rsu(601m),1597,42695,0.0413,601,2.0145,2,2,-81.6249,-98.6146,direct,0.0500,24.0000,-67.4989
231.4,node[9],6,6424.9235,4074.2634,1.8950,0.0000,0.0000,-2.0748,833444110#13,-75.3137,-0.9686,100.0000,default,15,rsu(601m),1598,42725,0.1209,601,2.0203,4,6,-75.3137,-92.3034,direct,0.0500,24.0000,-67.4988
231.5,node[9],6,6424.9235,4074.2634,1.8950,0.0000,0.0000,-2.0748,833444110#13,-87.2977,-5.0000,100.0000,default,15,rsu(601m),1599,42755,0.0180,601,2.0131,2,2,-87.2977,-104.2874,direct,0.0500,24.0000,-67.4988
231.6,node[9],6,6424.9235,4074.2634,1.8950,0.0000,0.0000,-2.0748,833444110#13,-82.0166,-5.0000,100.0000,default,15,rsu(601m),1600,42784,0.0180,601,2.0189,2,2,-82.0166,-99.0063,direct,0.0500,24.0000,-67.4987
231.7,node[9],6,6424.9235,4074.2634,1.8950,0.0000,0.0000,-2.0748,833444110#13,-80.4583,-2.6989,100.0000,default,15,rsu(601m),1601,42814,0.0547,601,2.0246,3,4,-80.4583,-97.4480,direct,0.0500,23.6000,-67.4987
231.8,node[9],6,6424.9235,4074.2634,1.8950,0.0000,0.0000,-2.0748,833444110#13,-84.7565,-5.0000,100.0000,default,15,rsu(601m),1602,42844,0.0180,601,2.0173,2,2,-84.7565,-101.7462,direct,0.0500,23.6000,-67.4986
231.9,node[9],6,6424.9235,4074.2634,1.8950,0.0000,0.0000,-2.0748,833444110#13,-85.3142,-5.0000,100.0000,default,15,rsu(601m),1603,42874,0.0180,601,2.0230,2,2,-85.3142,-102.3039,direct,0.0500,24.0000,-67.4986
232,node[9],6,6424.9235,4074.2634,1.8950,0.0000,0.0000,-2.0748,833444110#13,-76.0727,0.1911,100.0000,default,15,rsu(601m),1604,42904,0.1971,601,2.0156,4,6,-76.0727,-93.0624,direct,0.0500,24.0000,-67.4986
232.1,node[9],6,6424.9235,4074.2634,1.8950,0.0000,0.0000,-2.0748,833444110#13,-80.6439,-1.8126,100.0000,default,15,rsu(601m),1605,42934,0.0827,601,2.0212,3,4,-80.6439,-97.6336,direct,0.0500,24.0000,-67.4985
232.2,node[9],6,6424.9235,4074.2634,1.8950,0.0000,0.0000,-2.0748,833444110#13,-77.5529,-0.0708,100.0000,default,15,rsu(601m),1606,42964,0.1772,601,2.0138,4,6,-77.5529,-94.5426,direct,0.0500,24.0000,-67.4985
232.3,node[9],6,6424.9235,4074.2634,1.8950,0.0000,0.0000,-2.0748,833444110#13,-79.3327,-1.3238,100.0000,default,15,rsu(601m),1607,42994,0.1032,601,2.0194,3,4,-79.3327,-96.3224,direct,0.0500,24.0000,-67.4985
232.4,node[9],6,6424.9235,4074.2634,1.8950,0.0000,0.0000,-2.0748,833444110#13,-84.6738,-5.0000,100.0000,default,15,rsu(601m),1608,43023,0.0180,601,2.0120,2,2,-84.6738,-101.6635,direct,0.0500,24.0000,-67.4985
232.5,node[9],6,6424.9235,4074.2634,1.8950,0.0000,0.0000,-2.0748,833444110#13,-82.6292,-5.0000,100.0000,default,15,rsu(601m),1609,43053,0.0180,601,2.0175,2,2,-82.6292,-99.6189,direct,0.0500,23.6000,-67.4985
232.6,node[9],6,6424.9235,4074.2634,1.8950,0.0000,0.0000,-2.0748,833444110#13,-84.3207,-5.0000,100.0000,default,15,rsu(601m),1610,43082,0.0180,601,2.0230,2,2,-84.3207,-101.3104,direct,0.0500,23.6000,-67.4984
232.7,node[9],6,6424.9235,4074.2634,1.8950,0.0000,0.0000,-2.0748,833444110#13,-89.6612,-5.0000,100.0000,default,15,rsu(601m),1611,43112,0.0180,601,2.0155,2,2,-89.6612,-106.6509,direct,0.0500,23.6000,-67.4984
232.8,node[9],6,6424.9235,4074.2634,1.8950,0.0000,0.0000,-2.0748,833444110#13,-81.0265,-2.3458,100.0000,default,15,rsu(601m),1612,43142,0.0646,601,2.0209,3,4,-81.0265,-98.0162,direct,0.0500,23.6000,-67.4984
232.9,node[9],6,6424.9235,4074.2634,1.8950,0.0000,0.0000,-2.0748,833444110#13,-83.5995,-5.0000,100.0000,default,15,rsu(601m),1613,43172,0.0180,601,2.0134,2,2,-83.5995,-100.5892,direct,0.0500,24.0000,-67.4984
233,node[9],6,6424.9235,4074.2634,1.8950,0.0000,0.0000,-2.0748,833444110#13,-78.2127,-2.3685,100.0000,default,15,rsu(601m),1614,43202,0.0639,601,2.0188,3,4,-78.2127,-95.2024,direct,0.0500,24.0000,-67.4983
233.1,node[9],6,6424.9235,4074.2634,1.8950,0.0000,0.0000,-2.0748,833444110#13,-80.2834,-3.3435,100.0000,default,15,rsu(601m),1615,43232,0.0402,601,2.0241,2,2,-80.2834,-97.2731,direct,0.0500,24.0000,-67.4983
233.2,node[9],6,6424.9235,4074.2634,1.8950,0.0000,0.0000,-2.0748,833444110#13,-88.2216,-5.0000,100.0000,default,15,rsu(601m),1616,43262,0.0180,601,2.0165,2,2,-88.2216,-105.2113,direct,0.0500,24.0000,-67.4983
233.3,node[9],6,6424.9235,4074.2634,1.8950,0.0000,0.0000,-2.0748,833444110#13,-79.0637,-0.0762,100.0000,default,15,rsu(601m),1617,43291,0.1768,601,2.0218,4,6,-79.0637,-96.0534,direct,0.0500,23.6000,-67.4982
233.4,node[9],6,6424.9235,4074.2634,1.8950,0.0000,0.0000,-2.0748,833444110#13,-79.9918,-5.0000,100.0000,default,15,rsu(601m),1618,43320,0.0180,601,2.0141,2,2,-79.9918,-96.9815,direct,0.0500,23.6000,-67.4982
233.5,node[9],6,6424.9235,4074.2634,1.8950,0.0000,0.0000,-2.0748,833444110#13,-86.8970,-5.0000,100.0000,default,15,rsu(601m),1619,43350,0.0180,601,2.0193,2,2,-86.8970,-103.8867,direct,0.0500,23.6000,-67.4982
233.6,node[9],6,6424.9235,4074.2634,1.8950,0.0000,0.0000,-2.0748,833444110#13,-81.1018,-2.4341,100.0000,default,15,rsu(601m),1620,43380,0.0620,601,2.0245,3,4,-81.1018,-98.0915,direct,0.0500,23.6000,-67.4981
233.7,node[9],6,6424.9235,4074.2634,1.8950,0.0000,0.0000,-2.0748,833444110#13,-81.9628,-5.0000,100.0000,default,15,rsu(601m),1621,43410,0.0180,601,2.0167,2,2,-81.9628,-98.9525,direct,0.0500,24.0000,-67.4981
233.8,node[9],6,6424.9235,4074.2634,1.8950,0.0000,0.0000,-2.0748,833444110#13,-81.9260,-3.1793,100.0000,default,15,rsu(601m),1622,43440,0.0435,601,2.0219,2,2,-81.9260,-98.9157,direct,0.0500,24.0000,-67.4980
233.9,node[9],6,6424.9235,4074.2634,1.8950,0.0000,0.0000,-2.0748,833444110#13,-81.0979,-2.2964,100.0000,default,15,rsu(601m),1623,43469,0.0661,601,2.0140,3,4,-81.0979,-98.0876,direct,0.0500,23.6000,-67.4980
234,node[9],6,6424.9235,4074.2634,1.8950,0.0000,0.0000,-2.0748,833444110#13,-88.8866,-5.0000,100.0000,default,15,rsu(601m),1624,43499,0.0180,601,2.0190,2,2,-88.8866,-105.8763,direct,0.0500,23.6000,-67.4980
234.1,node[9],6,6424.9235,4074.2634,1.8950,0.0000,0.0000,-2.0748,833444110#13,-82.3282,-5.0000,100.0000,default,15,rsu(601m),1625,43529,0.0180,601,2.0241,2,2,-82.3282,-99.3179,direct,0.0500,24.0000,-67.4979
234.2,node[9],6,6424.9235,4074.2634,1.8950,0.0000,0.0000,-2.0748,833444110#13,-88.2187,-5.0000,100.0000,default,16,rsu(601m),1626,43559,0.0180,601,2.0229,2,2,-88.2187,-105.2084,direct,0.0500,24.0000,-67.4955
234.3,node[9],6,6424.9235,4074.2634,1.8950,0.0000,0.0000,-2.0748,833444110#13,-79.2821,-1.3504,100.0000,default,16,rsu(601m),1627,43589,0.1020,601,2.0218,3,4,-79.2821,-96.2718,direct,0.0500,24.0000,-67.4954
234.4,node[9],6,6424.9235,4074.2634,1.8950,0.0000,0.0000,-2.0748,833444110#13,-78.6923,-0.9593,100.0000,default,16,rsu(601m),1628,43620,0.1214,601,2.0206,4,6,-78.6923,-95.6820,direct,0.0500,24.0000,-67.4954
234.5,node[9],6,6424.9235,4074.2634,1.8950,0.0000,0.0000,-2.0748,833444110#13,-83.3623,-5.0000,100.0000,default,16,rsu(601m),1629,43651,0.0180,601,2.0194,2,2,-83.3623,-100.3520,direct,0.0500,24.8000,-67.4953
234.6,node[9],6,6424.9235,4074.2634,1.8950,0.0000,0.0000,-2.0748,833444110#13,-81.3230,-3.1568,100.0000,default,16,rsu(601m),1630,43682,0.0440,601,2.0181,2,2,-81.3230,-98.3127,direct,0.0500,24.8000,-67.4952
234.7,node[9],6,6424.9235,4074.2634,1.8950,0.0000,0.0000,-2.0748,833444110#13,-85.5671,-5.0000,100.0000,default,16,rsu(601m),1631,43713,0.0180,601,2.0169,2,2,-85.5671,-102.5568,direct,0.0500,24.8000,-67.4952
234.8,node[9],6,6424.9235,4074.2634,1.8950,0.0000,0.0000,-2.0748,833444110#13,-79.0587,-1.3896,100.0000,default,16,rsu(601m),1632,43744,0.1002,601,2.0156,3,4,-79.0587,-96.0484,direct,0.0500,24.8000,-67.4951
234.9,node[9],6,6424.9235,4074.2634,1.8950,0.0000,0.0000,-2.0748,833444110#13,-81.9220,-2.5714,100.0000,default,16,rsu(601m),1633,43774,0.0581,601,2.0144,3,4,-81.9220,-98.9117,direct,0.0500,24.4000,-67.4951
235,node[9],6,6424.9235,4074.2634,1.8950,0.0000,0.0000,-2.0748,833444110#13,-77.9110,0.4233,100.0000,default,16,rsu(601m),1634,43804,0.2161,601,2.0131,4,6,-77.9110,-94.9007,direct,0.0500,24.4000,-67.4950
235.1,node[9],6,6424.9235,4074.2634,1.8950,0.0000,0.0000,-2.0748,833444110#13,-79.3149,-0.5687,100.0000,default,16,rsu(601m),1635,43835,0.1438,601,2.0247,4,6,-79.3149,-96.3046,direct,0.0500,24.4000,-67.4949
235.2,node[9],6,6424.9235,4074.2634,1.8950,0.0000,0.0000,-2.0748,833444110#13,-88.3749,-5.0000,100.0000,default,16,rsu(601m),1636,43866,0.0180,601,2.0234,2,2,-88.3749,-105.3646,direct,0.0500,24.4000,-67.4948
235.3,node[9],6,6424.9235,4074.2634,1.8950,0.0000,0.0000,-2.0748,833444110#13,-78.4082,0.5454,100.0000,default,16,rsu(601m),1637,43897,0.2267,601,2.0220,4,6,-78.4082,-95.3979,direct,0.0500,24.8000,-67.4948
235.4,node[9],6,6424.9235,4074.2634,1.8950,0.0000,0.0000,-2.0748,833444110#13,-80.9930,-3.6982,100.0000,default,16,rsu(601m),1638,43928,0.0339,601,2.0206,2,2,-80.9930,-97.9827,direct,0.0500,24.8000,-67.4947
235.5,node[9],6,6424.9235,4074.2634,1.8950,0.0000,0.0000,-2.0748,833444110#13,-85.6299,-5.0000,100.0000,default,16,rsu(601m),1639,43959,0.0180,601,2.0192,2,2,-85.6299,-102.6196,direct,0.0500,24.8000,-67.4946
235.6,node[9],6,6424.9235,4074.2634,1.8950,0.0000,0.0000,-2.0748,833444110#13,-80.8962,-4.2743,100.0000,default,16,rsu(601m),1640,43989,0.0257,601,2.0178,2,2,-80.8962,-97.8859,direct,0.0500,24.8000,-67.4945
235.7,node[9],6,6424.9235,4074.2634,1.8950,0.0000,0.0000,-2.0748,833444110#13,-78.4677,-2.3164,100.0000,default,16,rsu(601m),1641,44020,0.0655,601,2.0163,3,4,-78.4677,-95.4574,direct,0.0500,24.4000,-67.4945
235.8,node[9],6,6424.9235,4074.2634,1.8950,0.0000,0.0000,-2.0748,833444110#13,-81.3796,-5.0000,100.0000,default,16,rsu(601m),1642,44050,0.0180,601,2.0149,2,2,-81.3796,-98.3693,direct,0.0500,24.4000,-67.4944
235.9,node[9],6,6424.9235,4074.2634,1.8950,0.0000,0.0000,-2.0748,833444110#13,-76.0135,1.6422,100.0000,default,16,rsu(601m),1643,44081,0.3365,601,2.0134,5,8,-76.0135,-93.0032,direct,0.0500,24.4000,-67.4943
236,node[9],6,6424.9235,4074.2634,1.8950,0.0000,0.0000,-2.0748,833444110#13,-82.6117,-4.8374,100.0000,default,16,rsu(601m),1644,44112,0.0195,601,2.0249,2,2,-82.6117,-99.6014,direct,0.0500,24.4000,-67.4942
236.1,node[9],6,6424.9235,4074.2634,1.8950,0.0000,0.0000,-2.0748,833444110#13,-80.1900,-1.5599,100.0000,default,16,rsu(601m),1645,44143,0.0928,601,2.0234,3,4,-80.1900,-97.1797,direct,0.0500,24.8000,-67.4941
236.2,node[9],6,6424.9235,4074.2634,1.8950,0.0000,0.0000,-2.0748,833444110#13,-82.4932,-4.3463,100.0000,default,16,rsu(601m),1646,44174,0.0248,601,2.0219,2,2,-82.4932,-99.4829,direct,0.0500,24.8000,-67.4940
236.3,node[9],6,6424.9235,4074.2634,1.8950,0.0000,0.0000,-2.0748,833444110#13,-80.9976,-2.3469,100.0000,default,16,rsu(601m),1647,44204,0.0646,601,2.0204,3,4,-80.9976,-97.9873,direct,0.0500,24.4000,-67.4939
236.4,node[9],6,6424.9235,4074.2634,1.8950,0.0000,0.0000,-2.0748,833444110#13,-78.7920,-3.8417,100.0000,default,16,rsu(601m),1648,44234,0.0317,601,2.0188,2,2,-78.7920,-95.7817,direct,0.0500,24.4000,-67.4938
236.5,node[9],6,6424.9235,4074.2634,1.8950,0.0000,0.0000,-2.0748,833444110#13,-87.4793,-5.0000,100.0000,default,16,rsu(601m),1649,44265,0.0180,601,2.0172,2,2,-87.4793,-104.4690,direct,0.0500,24.4000,-67.4938
236.6,node[9],6,6424.9235,4074.2634,1.8950,0.0000,0.0000,-2.0748,833444110#13,-83.3379,-5.0000,100.0000,default,16,rsu(601m),1650,44295,0.0180,601,2.0157,2,2,-83.3379,-100.3276,direct,0.0500,24.4000,-67.4937
236.7,node[9],6,6424.9235,4074.2634,1.8950,0.0000,0.0000,-2.0748,833444110#13,-77.6812,-0.8194,100.0000,default,16,rsu(601m),1651,44326,0.1290,601,2.0141,4,6,-77.6812,-94.6709,direct,0.0500,24.4000,-67.4936
236.8,node[9],6,6424.9235,4074.2634,1.8950,0.0000,0.0000,-2.0748,833444110#13,-81.9955,-5.0000,100.0000,default,16,rsu(601m),1652,44356,0.0180,601,2.0125,2,2,-81.9955,-98.9852,direct,0.0500,24.4000,-67.4935
236.9,node[9],6,6424.9235,4074.2634,1.8950,0.0000,0.0000,-2.0748,833444110#13,-87.2480,-5.0000,100.0000,default,16,rsu(601m),1653,44387,0.0180,601,2.0125,2,2,-87.2480,-104.2377,direct,0.0500,24.4000,-67.4933
237,node[9],6,6424.9235,4074.2634,1.8950,0.0000,0.0000,-2.0748,833444110#13,-84.3517,-5.0000,100.0000,default,16,rsu(601m),1654,44417,0.0180,601,2.0125,2,2,-84.3517,-101.3414,direct,0.0500,24.4000,-67.4932
237.1,node[9],6,6424.9235,4074.2634,1.8950,0.0000,0.0000,-2.0748,833444110#13,-82.5335,-3.5866,100.0000,default,16,rsu(601m),1655,44448,0.0358,601,2.0125,2,2,-82.5335,-99.5232,direct,0.0500,24.4000,-67.4931
237.2,node[9],6,6424.9235,4074.2634,1.8950,0.0000,0.0000,-2.0748,833444110#13,-85.9514,-5.0000,100.0000,default,16,rsu(601m),1656,44479,0.0180,601,2.0125,2,2,-85.9514,-102.9411,direct,0.0500,24.4000,-67.4930
237.3,node[9],6,6424.9235,4074.2634,1.8950,0.0000,0.0000,-2.0748,833444110#13,-80.0952,-2.8926,100.0000,default,16,rsu(601m),1657,44509,0.0499,601,2.0125,3,4,-80.0952,-97.0849,direct,0.0500,24.4000,-67.4929
237.4,node[9],6,6424.9235,4074.2634,1.8950,0.0000,0.0000,-2.0748,833444110#13,-85.5871,-5.0000,100.0000,default,16,rsu(601m),1658,44539,0.0180,601,2.0125,2,2,-85.5871,-102.5768,direct,0.0500,24.4000,-67.4928
237.5,node[9],6,6424.9235,4074.2634,1.8950,0.0000,0.0000,-2.0748,833444110#13,-79.9125,-1.3717,100.0000,default,16,rsu(601m),1659,44570,0.1010,601,2.0124,3,4,-79.9125,-96.9022,direct,0.0500,24.4000,-67.4927
237.6,node[9],6,6424.9235,4074.2634,1.8950,0.0000,0.0000,-2.0748,833444110#13,-78.7030,-4.1252,100.0000,default,16,rsu(601m),1660,44601,0.0276,601,2.0124,2,2,-78.7030,-95.6927,direct,0.0500,24.4000,-67.4925
237.7,node[9],6,6424.9235,4074.2634,1.8950,0.0000,0.0000,-2.0748,833444110#13,-79.5918,-2.6766,100.0000,default,16,rsu(601m),1661,44631,0.0553,601,2.0124,3,4,-79.5918,-96.5815,direct,0.0500,24.4000,-67.4924
237.8,node[9],6,6424.9235,4074.2634,1.8950,0.0000,0.0000,-2.0748,833444110#13,-77.4220,-0.3735,100.0000,default,16,rsu(601m),1662,44662,0.1562,601,2.0123,4,6,-77.4220,-94.4117,direct,0.0500,24.4000,-67.4923
237.9,node[9],6,6424.9235,4074.2634,1.8950,0.0000,0.0000,-2.0748,833444110#13,-80.6203,-4.1641,100.0000,default,16,rsu(601m),1663,44693,0.0271,601,2.0122,2,2,-80.6203,-97.6100,direct,0.0500,24.8000,-67.4922
238,node[9],6,6424.9235,4074.2634,1.8950,0.0000,0.0000,-2.0748,833444110#13,-80.9952,-5.0000,100.0000,default,16,rsu(601m),1664,44724,0.0180,601,2.0122,2,2,-80.9952,-97.9849,direct,0.0500,24.8000,-67.4920
238.1,node[9],6,6424.9235,4074.2634,1.8950,0.0000,0.0000,-2.0748,833444110#13,-82.1239,-5.0000,100.0000,default,16,rsu(601m),1665,44754,0.0180,601,2.0121,2,2,-82.1239,-99.1136,direct,0.0500,24.4000,-67.4919
238.2,node[9],6,6424.9235,4074.2634,1.8950,0.0000,0.0000,-2.0748,833444110#13,-79.7573,-0.8609,100.0000,default,16,rsu(601m),1666,44784,0.1267,601,2.0120,4,6,-79.7573,-96.7470,direct,0.0500,24.4000,-67.4917
238.3,node[9],6,6424.9235,4074.2634,1.8950,0.0000,0.0000,-2.0748,833444110#13,-83.1251,-4.9983,100.0000,default,16,rsu(601m),1667,44815,0.0180,601,2.0249,2,2,-83.1251,-100.1148,direct,0.0500,24.4000,-67.4916
238.4,node[9],6,6424.9235,4074.2634,1.8950,0.0000,0.0000,-2.0748,833444110#13,-81.7886,-4.1757,100.0000,default,16,rsu(601m),1668,44846,0.0269,601,2.0247,2,2,-81.7886,-98.7783,direct,0.0500,24.4000,-67.4914
238.5,node[9],6,6424.9235,4074.2634,1.8950,0.0000,0.0000,-2.0748,833444110#13,-84.7765,-5.0000,100.0000,default,16,rsu(601m),1669,44877,0.0180,601,2.0246,2,2,-84.7765,-101.7662,direct,0.0500,24.8000,-67.4913
238.6,node[9],6,6424.9235,4074.2634,1.8950,0.0000,0.0000,-2.0748,833444110#13,-91.2849,-5.0000,100.0000,default,16,rsu(601m),1670,44908,0.0180,601,2.0244,2,2,-91.2849,-108.2746,direct,0.0500,24.8000,-67.4911
238.7,node[9],6,6424.9235,4074.2634,1.8950,0.0000,0.0000,-2.0748,833444110#13,-79.6118,-0.9705,100.0000,default,16,rsu(601m),1671,44939,0.1208,601,2.0243,4,6,-79.6118,-96.6015,direct,0.0500,24.8000,-67.4910
238.8,node[9],6,6424.9235,4074.2634,1.8950,0.0000,0.0000,-2.0748,833444110#13,-88.8966,-5.0000,100.0000,default,16,rsu(601m),1672,44969,0.0180,601,2.0241,2,2,-88.8966,-105.8863,direct,0.0500,24.8000,-67.4908
238.9,node[9],6,6424.9235,4074.2634,1.8950,0.0000,0.0000,-2.0748,833444110#13,-84.0303,-5.0000,100.0000,default,16,rsu(601m),1673,45000,0.0180,601,2.0239,2,2,-84.0303,-101.0200,direct,0.0500,24.4000,-67.4906
239,node[9],6,6424.9235,4074.2634,1.8950,0.0000,0.0000,-2.0748,833444110#13,-81.3836,-2.3204,100.0000,default,16,rsu(601m),1674,45031,0.0654,601,2.0237,3,4,-81.3836,-98.3733,direct,0.0500,24.4000,-67.4905
239.1,node[9],6,6424.9235,4074.2634,1.8950,0.0000,0.0000,-2.0748,833444110#13,-84.8698,-5.0000,100.0000,default,16,rsu(601m),1675,45062,0.0180,601,2.0234,2,2,-84.8698,-101.8595,direct,0.0500,24.8000,-67.4903
239.2,node[9],6,6424.9235,4074.2634,1.8950,0.0000,0.0000,-2.0748,833444110#13,-81.4674,-3.3784,100.0000,default,16,rsu(601m),1676,45093,0.0396,601,2.0232,2,2,-81.4674,-98.4571,direct,0.0500,24.8000,-67.4901
239.3,node[9],6,6424.9235,4074.2634,1.8950,0.0000,0.0000,-2.0748,833444110#13,-77.9115,0.2101,100.0000,default,16,rsu(601m),1677,45124,0.1986,601,2.0229,4,6,-77.9115,-94.9012,direct,0.0500,24.8000,-67.4899
239.4,node[9],6,6424.9235,4074.2634,1.8950,0.0000,0.0000,-2.0748,833444110#13,-80.7002,-1.6221,100.0000,default,16,rsu(601m),1678,45155,0.0902,601,2.0226,3,4,-80.7002,-97.6899,direct,0.0500,24.8000,-67.4897
239.5,node[9],6,6424.9235,4074.2634,1.8950,0.0000,0.0000,-2.0748,833444110#13,-87.3622,-5.0000,100.0000,default,16,rsu(601m),1679,45186,0.0180,601,2.0223,2,2,-87.3622,-104.3519,direct,0.0500,24.8000,-67.4895
239.6,node[9],6,6424.9235,4074.2634,1.8950,0.0000,0.0000,-2.0748,833444110#13,-80.7323,-5.0000,100.0000,default,16,rsu(601m),1680,45216,0.0180,601,2.0220,2,2,-80.7323,-97.7220,direct,0.0500,24.8000,-67.4893
239.7,node[9],6,6424.9235,4074.2634,1.8950,0.0000,0.0000,-2.0748,833444110#13,-77.1867,-2.6970,100.0000,default,16,rsu(601m),1681,45247,0.0548,601,2.0216,3,4,-77.1867,-94.1764,direct,0.0500,24.4000,-67.4891
239.8,node[9],6,6424.9235,4074.2634,1.8950,0.0000,0.0000,-2.0748,833444110#13,-84.8367,-5.0000,100.0000,default,16,rsu(601m),1682,45277,0.0180,601,2.0213,2,2,-84.8367,-101.8264,direct,0.0500,24.4000,-67.4889
239.9,node[9],6,6424.9235,4074.2634,1.8950,0.0000,0.0000,-2.0748,833444110#13,-79.4800,-5.0000,100.0000,default,16,rsu(601m),1683,45308,0.0180,601,2.0209,2,2,-79.4800,-96.4697,direct,0.0500,24.4000,-67.4887
240,node[9],6,6424.9235,4074.2634,1.8950,0.0000,0.0000,-2.0748,833444110#13,-87.5588,-5.0000,100.0000,default,16,rsu(601m),1684,45339,0.0180,601,2.0205,2,2,-87.5588,-104.5485,direct,0.0500,24.4000,-67.4884
240.1,node[9],6,6424.9235,4074.2634,1.8950,0.0000,0.0000,-2.0748,833444110#13,-84.8980,-5.0000,100.0000,default,16,rsu(601m),1685,45370,0.0180,601,2.0200,2,2,-84.8980,-101.8877,direct,0.0500,24.8000,-67.4882
240.2,node[9],6,6424.9114,4074.2853,1.8950,0.2506,2.5062,-2.0748,833444110#13,-83.2441,-5.0000,100.0000,default,16,rsu(601m),1686,45400,0.0180,601,2.0196,2,2,-83.2441,-100.2338,direct,0.0500,24.8000,-67.4574
240.3,node[9],6,6424.8876,4074.3285,1.8950,0.4929,2.4231,-2.0748,833444110#13,-73.9420,1.5307,100.0000,default,16,rsu(601m),1687,45431,0.3242,601,2.0191,5,8,-73.9420,-90.9317,direct,0.0500,24.4000,-67.3970
240.4,node[9],6,6424.8513,4074.3942,1.8950,0.7501,2.5712,-2.0748,833444110#13,-80.0685,-4.7949,100.0000,default,16,rsu(601m),1688,45462,0.0199,601,2.0187,2,2,-80.0685,-97.0582,direct,0.0500,24.4000,-67.3061
240.5,node[9],6,6424.8048,4074.4786,1.8950,0.9635,2.1346,-2.0748,833444110#13,-80.4690,-1.9371,100.0000,default,16,rsu(601m),1689,45493,0.0781,601,2.0181,3,4,-80.4690,-97.4587,direct,0.0500,24.8000,-67.1864
240.6,node[9],6,6424.7471,4074.5831,1.8950,1.1941,2.3056,-2.0748,833444110#13,-80.6665,-2.8610,100.0000,default,16,rsu(601m),1690,45523,0.0507,601,2.0176,3,4,-80.6665,-97.6562,direct,0.0500,24.8000,-67.0358
240.7,node[9],6,6424.6781,4074.7084,1.8950,1.4302,2.3609,-2.0748,833444110#13,-86.4898,-5.0000,100.0000,default,16,rsu(601m),1691,45553,0.0180,601,2.0171,2,2,-86.4898,-103.4795,direct,0.0500,24.0000,-66.8525
240.8,node[9],6,6424.5989,4074.8518,1.8950,1.6380,2.0781,-2.0748,833444110#13,-82.2437,-5.0000,100.0000,default,16,rsu(600m),1692,45584,0.0180,600,2.0165,2,2,-82.2437,-99.2334,direct,0.0500,24.0000,-66.6392
240.9,node[9],6,6424.5088,4075.0152,1.8950,1.8656,2.2764,-2.0748,833444110#13,-83.5976,-5.0000,100.0000,default,17,rsu(600m),1693,45615,0.0180,600,2.0159,2,2,-83.5976,-100.5873,direct,0.0500,24.8000,-66.3893
241,node[9],6,6424.4093,4075.1962,1.8950,2.0657,2.0006,-2.0748,:227505081_0,-80.1521,-0.7678,100.0000,default,17,rsu(600m),1694,45646,0.1319,600,2.0153,4,6,-80.1521,-97.1418,direct,0.0500,24.8000,-66.1083
241.1,node[9],6,6424.3033,4075.3901,1.8950,2.2113,1.4564,-2.0746,:227505081_0,-78.4091,-0.2459,100.0000,default,17,rsu(600m),1695,45677,0.1648,600,2.0146,4,6,-78.4091,-95.3988,direct,0.0500,24.8000,-65.8007
241.2,node[9],6,6424.1862,4075.6044,1.8950,2.4442,2.3286,-2.0744,:227505081_0,-79.6179,-1.0101,100.0000,default,17,rsu(600m),1696,45708,0.1187,600,2.0139,3,4,-79.6179,-96.6076,direct,0.0500,24.8000,-65.4522
241.3,node[9],6,6424.0576,4075.8398,1.8950,2.6845,2.4036,-2.0742,:227505081_0,-75.2412,-0.9795,100.0000,default,17,rsu(599m),1697,45739,0.1203,599,2.0132,4,6,-75.2412,-92.2309,direct,0.0500,24.8000,-65.0567
241.4,node[9],6,6423.9213,4076.0892,1.8950,2.8446,1.6007,-2.0740,:227505081_0,-83.0126,-5.0000,100.0000,default,17,rsu(599m),1698,45770,0.0180,599,2.0125,2,2,-83.0126,-100.0023,direct,0.0500,24.8000,-64.6136
241.5,node[9],6,6423.7767,4076.3538,1.8950,3.0164,1.7180,-2.0737,:227505081_0,-83.9600,-5.0000,100.0000,default,17,rsu(599m),1699,45801,0.0180,599,2.0248,2,2,-83.9600,-100.9497,direct,0.0500,24.8000,-64.1235
241.6,node[9],6,6423.6259,4076.6298,1.8950,3.1479,1.3152,-2.0735,:227505081_0,-84.0381,-5.0000,100.0000,default,18,rsu(598m),1700,45832,0.0180,598,2.0240,2,2,-84.0381,-101.0278,direct,0.0500,24.8000,-63.5820
241.7,node[9],6,6423.4666,4076.9212,1.8950,3.3235,1.7554,-2.0732,:227505081_0,-77.7680,-1.6964,100.0000,default,18,rsu(598m),1701,45864,0.0872,598,2.0232,3,4,-77.7680,-94.7577,direct,0.0500,25.2000,-62.9819
241.8,node[9],6,6423.3009,4077.2244,1.8950,3.4580,1.3454,-2.0730,:227505081_0,-81.7176,-4.3613,100.0000,default,18,rsu(598m),1702,45896,0.0246,598,2.0223,2,2,-81.7176,-98.7073,direct,0.0500,25.2000,-62.3214
241.9,node[9],6,6423.1279,4077.5411,1.8950,3.6113,1.5335,-2.0727,:227505081_0,-84.5662,-5.0000,100.0000,default,18,rsu(597m),1703,45928,0.0180,597,2.0214,2,2,-84.5662,-101.5559,direct,0.0500,25.6000,-61.6632
242,node[9],6,6422.9442,4077.8772,1.8950,3.8324,2.2108,-2.0724,:227505081_0,-83.2834,-5.0000,100.0000,default,18,rsu(597m),1704,45960,0.0180,597,2.0205,2,2,-83.2834,-100.2731,direct,0.0500,25.6000,-61.0418
242.1,node[9],6,6422.7494,4078.2337,1.8950,4.0663,2.3387,-2.0721,:227505081_0,-88.3461,-5.0000,100.0000,default,18,rsu(597m),1705,45991,0.0180,597,2.0196,2,2,-88.3461,-105.3358,direct,0.0500,25.2000,-60.4140
242.2,node[9],6,6422.5441,4078.6094,1.8950,4.2838,2.1750,-2.0717,:227505081_0,-82.3543,-5.0000,100.0000,default,18,rsu(596m),1706,46022,0.0180,596,2.0186,2,2,-82.3543,-99.3440,direct,0.0500,25.2000,-59.8214
242.3,node[9],6,6422.3325,4078.9965,1.8950,4.4153,1.3153,-2.0714,:227505081_0,-84.9559,-5.0000,100.0000,default,18,rsu(596m),1707,46054,0.0180,596,2.0176,2,2,-84.9559,-101.9456,direct,0.0500,25.2000,-59.3328
242.4,node[9],6,6422.1120,4079.4001,1.8950,4.6019,1.8659,-2.0710,:227505081_0,-93.1653,-5.0000,100.0000,default,18,rsu(595m),1708,46086,0.0180,595,2.0166,2,2,-93.1653,-110.1550,direct,0.0500,25.2000,-59.2160
242.5,node[9],6,6421.8822,4079.8206,1.8950,4.7952,1.9324,-2.0709,:227505081_0,-84.2525,-5.0000,100.0000,default,18,rsu(595m),1709,46117,0.0180,595,2.0155,2,2,-84.2525,-101.2422,direct,0.0500,25.2000,-59.4675
242.6,node[9],6,6421.6455,4080.2538,1.8950,4.9412,1.4601,-2.0709,:227505081_0,-76.5833,2.4548,100.0000,default,18,rsu(594m),1710,46149,0.4323,594,2.0144,5,8,-76.5833,-93.5730,direct,0.0500,25.2000,-59.9271
242.7,node[9],6,6421.3970,4080.7086,1.8950,5.1861,2.4490,-2.0709,:227505081_0,-75.9731,-0.3248,100.0000,default,18,rsu(594m),1711,46180,0.1594,594,2.0133,4,6,-75.9731,-92.9628,direct,0.0500,25.2000,-60.5445
242.8,node[9],6,6421.1364,4081.1854,1.8950,5.4374,2.5133,-2.0709,:227505081_0,-75.4377,3.4994,100.0000,default,18,rsu(593m),1712,46211,0.5621,593,2.0121,6,10,-75.4377,-92.4274,direct,0.0500,25.2000,-61.3148
242.9,node[9],6,6420.8668,4081.6787,1.8950,5.6260,1.8863,-2.0709,:227505081_0,-78.9080,0.4786,100.0000,default,18,rsu(593m),1713,46243,0.2209,593,2.0239,4,6,-78.9080,-95.8977,direct,0.0500,25.2000,-62.1371
243,node[9],6,6420.5900,4082.1853,1.8950,5.7767,1.5069,-2.0709,:227505081_0,-82.4695,-3.7570,100.0000,default,18,rsu(592m),1714,46275,0.0330,592,2.0227,2,2,-82.4695,-99.4592,direct,0.0500,25.2000,-62.9576
243.1,node[9],6,6420.3012,4082.7137,1.8950,6.0259,2.4923,-2.0709,:227505081_0,-81.4245,-4.3992,100.0000,default,18,rsu(592m),1715,46307,0.0241,592,2.0214,2,2,-81.4245,-98.4142,direct,0.0500,25.6000,-63.7589
243.2,node[9],6,6420.0051,4083.2556,1.8950,6.1804,1.5441,-2.0709,:227505081_0,-86.0460,-5.0000,100.0000,default,18,rsu(591m),1716,46338,0.0180,591,2.0202,2,2,-86.0460,-103.0357,direct,0.0500,25.6000,-64.5304
243.3,node[9],6,6419.6971,4083.8193,1.8950,6.4283,2.4791,-2.0709,:227505081_0,-84.7995,-5.0000,100.0000,default,18,rsu(591m),1717,46370,0.0180,591,2.0188,2,2,-84.7995,-101.7892,direct,0.0500,25.2000,-65.2552
243.4,node[9],6,6419.3823,4084.3953,1.8950,6.5685,1.4026,-2.0709,:227505081_0,-77.5131,-2.4933,100.0000,default,18,rsu(590m),1718,46402,0.0603,590,2.0175,3,4,-77.5131,-94.5028,direct,0.0500,25.2000,-65.9444
243.5,node[9],6,6419.0559,4084.9926,1.8950,6.8115,2.4297,-2.0709,:227505081_0,-83.6756,-4.7031,100.0000,default,18,rsu(589m),1719,46434,0.0208,589,2.0161,2,2,-83.6756,-100.6653,direct,0.0500,25.6000,-66.6071
243.6,node[9],6,6418.7204,4085.6134,1.8950,7.0545,2.4303,-2.0703,127094854#0,-76.0150,2.7956,100.0000,default,18,rsu(589m),1720,46466,0.4745,589,2.0147,5,8,-76.0150,-93.0047,direct,0.0500,25.6000,-67.2388
243.7,node[9],6,6418.3764,4086.2504,1.8950,7.2375,1.8293,-2.0695,127094854#0,-81.4090,-4.1543,100.0000,default,18,rsu(588m),1721,46497,0.0272,588,2.0132,2,2,-81.4090,-98.3987,direct,0.0500,25.2000,-67.8420
243.8,node[9],6,6418.0203,4086.9099,1.8950,7.4920,2.5454,-2.0688,127094854#0,-76.8551,-1.3658,100.0000,default,18,rsu(587m),1722,46529,0.1013,587,2.0247,3,4,-76.8551,-93.8448,direct,0.0500,25.2000,-68.4259
243.9,node[9],6,6417.6521,4087.5918,1.8950,7.7469,2.5494,-2.0680,127094854#0,-78.7436,-0.1965,100.0000,default,18,rsu(586m),1723,46561,0.1682,586,2.0232,4,6,-78.7436,-95.7333,direct,0.0500,25.6000,-68.9897
244,node[9],6,6417.2733,4088.2934,1.8950,7.9706,2.2369,-2.0672,127094854#0,-91.3810,-5.0000,100.0000,default,18,rsu(586m),1724,46593,0.0180,586,2.0217,2,2,-91.3810,-108.3707,direct,0.0500,25.6000,-69.5300
244.1,node[9],6,6416.8882,4089.0066,1.8950,8.1021,1.3144,-2.0664,127094854#0,-84.7639,-5.0000,100.0000,default,18,rsu(585m),1725,46625,0.0180,585,2.0201,2,2,-84.7639,-101.7536,direct,0.0500,25.6000,-70.0467
244.2,node[9],6,6416.4935,4089.7375,1.8950,8.3034,2.0129,-2.0659,127094854#0,-81.0837,-3.2621,100.0000,default,18,rsu(584m),1726,46657,0.0418,584,2.0185,2,2,-81.0837,-98.0734,direct,0.0500,25.6000,-70.5435
244.3,node[9],6,6416.0869,4090.4906,1.8950,8.5561,2.5277,-2.0659,127094854#0,-87.9394,-5.0000,100.0000,default,18,rsu(583m),1727,46689,0.0180,583,2.0168,2,2,-87.9394,-104.9291,direct,0.0500,25.6000,-71.0216
244.4,node[9],6,6415.6696,4091.2634,1.8950,8.7795,2.2338,-2.0659,127094854#0,-81.7675,-4.7944,100.0000,default,18,rsu(582m),1728,46721,0.0199,582,2.0151,2,2,-81.7675,-98.7572,direct,0.0500,25.6000,-71.4805
244.5,node[9],6,6415.2433,4092.0529,1.8950,8.9686,1.8905,-2.0659,127094854#0,-88.5925,-5.0000,100.0000,default,18,rsu(582m),1729,46752,0.0180,582,2.0230,2,2,-88.5925,-105.5822,direct,0.0500,25.2000,-71.9235
244.6,node[9],6,6414.8096,4092.8562,1.8950,9.1256,1.5707,-2.0659,127094854#0,-84.4036,-5.0000,100.0000,default,18,rsu(581m),1730,46783,0.0180,581,2.0179,2,2,-84.4036,-101.3933,direct,0.0500,25.2000,-72.3498
244.7,node[9],6,6414.3640,4093.6813,1.8950,9.3744,2.4874,-2.0659,127094854#0,-83.5475,-5.0000,100.0000,default,18,rsu(580m),1731,46815,0.0180,580,2.0126,2,2,-83.5475,-100.5372,direct,0.0500,25.2000,-72.7599
244.8,node[9],6,6413.9064,4094.5288,1.8950,9.6284,2.5400,-2.0659,127094854#0,-84.3646,-5.0000,100.0000,default,18,rsu(579m),1732,46847,0.0180,579,2.0204,2,2,-84.3646,-101.3543,direct,0.0500,25.2000,-73.1577
244.9,node[9],6,6413.4376,4095.3970,1.8950,9.8631,2.3473,-2.0659,127094854#0,-80.8658,-1.5322,100.0000,default,18,rsu(578m),1733,46879,0.0940,578,2.0151,3,4,-80.8658,-97.8555,direct,0.0500,25.6000,-73.5410
245,node[9],6,6412.9593,4096.2828,1.8950,10.0625,1.9942,-2.0659,127094854#0,-78.8849,-3.9715,100.0000,default,18,rsu(577m),1734,46911,0.0297,577,2.0227,2,2,-78.8849,-95.8746,direct,0.0500,25.6000,-73.9102
245.1,node[9],6,6412.4742,4097.1812,1.8950,10.2068,1.4429,-2.0659,127094854#0,-77.6106,1.0249,100.0000,default,18,rsu(576m),1735,46943,0.2714,576,2.0173,5,8,-77.6106,-94.6003,direct,0.0500,25.6000,-74.2657
245.2,node[9],6,6411.9805,4098.0955,1.8950,10.3871,1.8028,-2.0659,127094854#0,-76.5679,1.1346,100.0000,default,18,rsu(575m),1736,46974,0.2824,575,2.0249,5,8,-76.5679,-93.5576,direct,0.0500,25.6000,-74.6083
245.3,node[9],6,6411.4780,4099.0261,1.8950,10.5717,1.8458,-2.0659,127094854#0,-76.7289,-0.0646,100.0000,default,18,rsu(574m),1737,47006,0.1777,574,2.0194,4,6,-76.7289,-93.7186,direct,0.0500,25.2000,-74.9362
245.4,node[9],6,6410.9691,4099.9687,1.8950,10.7086,1.3689,-2.0659,127094854#0,-89.7303,-5.0000,100.0000,default,18,rsu(573m),1738,47037,0.0180,573,2.0138,2,2,-89.7303,-106.7200,direct,0.0500,25.2000,-75.2517
245.5,node[9],6,6410.4518,4100.9267,1.8950,10.8834,1.7486,-2.0659,127094854#0,-78.4266,-1.0093,100.0000,default,18,rsu(572m),1739,47069,0.1187,572,2.0212,3,4,-78.4266,-95.4163,direct,0.0500,25.2000,-75.5537
245.6,node[9],6,6409.9231,4101.9059,1.8950,11.1260,2.4259,-2.0659,:12655206998_0,-72.6131,1.7058,100.0000,default,18,rsu(571m),1740,47100,0.3436,571,2.0155,5,8,-72.6131,-89.6028,direct,0.0500,25.2000,-75.8443
245.7,node[9],6,6409.3851,4102.9025,1.8950,11.3268,2.0076,-2.0659,:12655206998_0,-80.6186,-2.2498,100.0000,default,18,rsu(570m),1741,47132,0.0676,570,2.0228,3,4,-80.6186,-97.6083,direct,0.0500,25.2000,-76.1223
245.8,node[9],6,6408.8377,4103.9164,1.8950,11.5230,1.9622,-2.0659,:12655206998_0,-77.9159,-0.2977,100.0000,default,18,rsu(569m),1742,47164,0.1613,569,2.0171,4,6,-77.9159,-94.9056,direct,0.0500,25.2000,-76.3879
245.9,node[9],6,6408.2832,4104.9435,1.8950,11.6720,1.4898,-2.0658,:12655206998_0,-76.4885,2.0541,100.0000,default,18,rsu(568m),1743,47195,0.3839,568,2.0243,5,8,-76.4885,-93.4782,direct,0.0500,25.2000,-76.6410
246,node[9],6,6407.7211,4105.9847,1.8950,11.8333,1.6136,-2.0658,:12655206998_0,-79.5825,-4.8974,100.0000,default,18,rsu(566m),1744,47226,0.0189,566,2.0184,2,2,-79.5825,-96.5722,direct,0.0500,25.2000,-76.8826
246.1,node[9],6,6407.1500,4107.0427,1.8950,12.0237,1.9041,-2.0658,:12655206998_0,-79.6248,-4.5222,100.0000,default,18,rsu(565m),1745,47257,0.0227,565,2.0125,2,2,-79.6248,-96.6145,direct,0.0500,24.8000,-77.1120
246.2,node[9],6,6406.5711,4108.1150,1.8950,12.1860,1.6226,-2.0658,:12655206998_0,-80.6534,-5.0000,100.0000,default,18,rsu(564m),1746,47289,0.0180,564,2.0195,2,2,-80.6534,-97.6431,direct,0.0500,24.8000,-77.3284
246.3,node[9],6,6405.9811,4109.2079,1.8950,12.4207,2.3473,-2.0658,:12655206998_0,-80.6224,-5.0000,100.0000,default,18,rsu(563m),1747,47321,0.0180,563,2.0135,2,2,-80.6224,-97.6121,direct,0.0500,25.6000,-77.5351
246.4,node[9],6,6405.3812,4110.3184,1.8950,12.6224,2.0166,-2.0659,127094854#1,-92.6039,-5.0000,100.0000,default,18,rsu(562m),1748,47353,0.0180,562,2.0204,2,2,-92.6039,-109.5936,direct,0.0500,25.6000,-77.7310
246.5,node[9],6,6404.7728,4111.4439,1.8950,12.7946,1.7222,-2.0660,127094854#1,-78.4061,-1.2023,100.0000,default,18,rsu(561m),1749,47384,0.1090,561,2.0143,3,4,-78.4061,-95.3958,direct,0.0500,25.2000,-77.9163
246.6,node[9],6,6404.1577,4112.5819,1.8950,12.9370,1.4236,-2.0661,127094854#1,-87.2080,-5.0000,100.0000,default,18,rsu(559m),1750,47416,0.0180,559,2.0211,2,2,-87.2080,-104.1977,direct,0.0500,25.2000,-78.0901
246.7,node[9],6,6403.5363,4113.7317,1.8950,13.0700,1.3306,-2.0663,127094854#1,-83.2754,-5.0000,100.0000,default,18,rsu(558m),1751,47448,0.0180,558,2.0149,2,2,-83.2754,-100.2651,direct,0.0500,25.6000,-78.2537
246.8,node[9],6,6402.9063,4114.8972,1.8950,13.2497,1.7969,-2.0663,127094854#1,-83.6816,-4.8706,100.0000,default,18,rsu(557m),1752,47479,0.0192,557,2.0216,2,2,-83.6816,-100.6713,direct,0.0500,25.6000,-78.4071
246.9,node[9],6,6402.2658,4116.0824,1.8950,13.4720,2.2229,-2.0663,127094854#1,-79.2326,-0.0904,100.0000,default,18,rsu(556m),1753,47511,0.1758,556,2.0152,4,6,-79.2326,-96.2223,direct,0.0500,25.2000,-78.5494
247,node[9],6,6401.6154,4117.2856,1.8950,13.6782,2.0622,-2.0663,127094854#1,-90.2001,-5.0000,100.0000,default,18,rsu(554m),1754,47542,0.0180,554,2.0218,2,2,-90.2001,-107.1898,direct,0.0500,25.2000,-78.6834
247.1,node[9],6,6400.9528,4118.5116,1.8950,13.9366,2.5837,-2.0663,127094854#1,-74.7686,4.1759,100.0000,default,18,rsu(553m),1755,47574,0.6429,553,2.0247,6,10,-74.7686,-91.7583,direct,0.0500,25.2000,-78.8071
247.2,node[9],6,6400.2785,4119.7593,1.8950,14.1833,2.4671,-2.0663,127094854#1,-88.3797,-5.0000,100.0000,default,18,rsu(552m),1756,47607,0.0180,552,2.0129,2,2,-88.3797,-105.3694,direct,0.0500,25.2000,-78.9223
247.3,node[9],6,6399.5951,4121.0237,1.8950,14.3733,1.9005,-2.0663,127094854#1,-78.9209,-2.9167,100.0000,default,18,rsu(550m),1757,47639,0.0493,550,2.0131,3,4,-78.9209,-95.9106,direct,0.0500,26.0000,-79.0293
247.4,node[9],6,6398.9016,4122.3067,1.8950,14.5847,2.1137,-2.0663,127094854#1,-80.0722,-4.2770,100.0000,default,18,rsu(549m),1758,47671,0.0256,549,2.0132,2,2,-80.0722,-97.0619,direct,0.0500,26.0000,-79.1278
247.5,node[9],6,6398.1987,4123.6071,1.8950,14.7830,1.9826,-2.0663,127094854#1,-81.1508,-2.9469,100.0000,default,18,rsu(547m),1759,47703,0.0486,547,2.0133,3,4,-81.1508,-98.1405,direct,0.0500,25.6000,-79.2182
247.6,node[9],6,6397.4851,4124.9274,1.8950,15.0089,2.2593,-2.0663,127094854#1,-85.2588,-5.0000,100.0000,default,18,rsu(546m),1760,47736,0.0180,546,2.0132,2,2,-85.2588,-102.2485,direct,0.0500,25.6000,-79.2986
247.7,node[9],6,6396.7639,4126.2618,1.8950,15.1693,1.6036,-2.0663,127094854#1,-79.7329,-5.0000,100.0000,default,18,rsu(545m),1761,47769,0.0180,545,2.0131,2,2,-79.7329,-96.7226,direct,0.0500,26.4000,-79.3751
247.8,node[9],6,6396.0356,4127.6092,1.8950,15.3175,1.4825,-2.0663,:10023484186_1,-79.3502,-1.2053,100.0000,default,18,rsu(543m),1762,47801,0.1088,543,2.0129,3,4,-79.3502,-96.3399,direct,0.0500,26.4000,-79.4469
247.9,node[9],6,6395.2965,4128.9769,1.8950,15.5475,2.2998,-2.0663,:10023484186_1,-82.2258,-5.0000,100.0000,default,18,rsu(542m),1763,47834,0.0180,542,2.0237,2,2,-82.2258,-99.2155,direct,0.0500,26.0000,-79.5126
248,node[9],6,6394.5483,4130.3613,1.8950,15.7381,1.9056,-2.0663,:10023484186_1,-83.6227,-5.0000,100.0000,default,18,rsu(540m),1764,47867,0.0180,540,2.0214,2,2,-83.6227,-100.6124,direct,0.0500,26.0000,-79.5751
248.1,node[9],6,6393.7903,4131.7638,1.8950,15.9432,2.0510,-2.0663,:10023484186_1,-77.2739,-2.6759,100.0000,default,18,rsu(539m),1765,47900,0.0553,539,2.0190,3,4,-77.2739,-94.2636,direct,0.0500,26.4000,-79.6343
248.2,node[9],6,6393.0224,4133.1846,1.8950,16.1522,2.0902,-2.0663,:10023484186_1,-83.1063,-5.0000,100.0000,default,18,rsu(537m),1766,47933,0.0180,537,2.0166,2,2,-83.1063,-100.0960,direct,0.0500,26.4000,-79.6911
248.3,node[9],6,6392.2445,4134.6239,1.8950,16.3616,2.0942,-2.0663,:10023484186_1,-84.4426,-5.0000,100.0000,default,18,rsu(536m),1767,47965,0.0180,536,2.0140,2,2,-84.4426,-101.4323,direct,0.0500,26.0000,-79.7473
248.4,node[9],6,6391.4548,4136.0850,1.8950,16.6101,2.4854,-2.0663,:10023484186_1,-76.4549,-1.4326,100.0000,default,18,rsu(534m),1768,47998,0.0983,534,2.0243,3,4,-76.4549,-93.4446,direct,0.0500,26.0000,-79.8008
248.5,node[9],6,6390.6600,4137.5586,1.8950,16.7519,1.4174,-2.0660,127094854#2,-89.6793,-5.0000,100.0000,default,18,rsu(532m),1769,48031,0.0180,532,2.0216,2,2,-89.6793,-106.6690,direct,0.0500,26.4000,-79.8547
248.6,node[9],6,6389.8555,4139.0526,1.8950,16.9822,2.3037,-2.0655,127094854#2,-80.5244,-1.1614,100.0000,default,18,rsu(531m),1770,48064,0.1110,531,2.0188,3,4,-80.5244,-97.5141,direct,0.0500,26.4000,-79.9089
248.7,node[9],6,6389.0428,4140.5620,1.8950,17.1580,1.7580,-2.0649,127094854#2,-81.5199,-3.6241,100.0000,default,18,rsu(529m),1771,48097,0.0352,529,2.0159,2,2,-81.5199,-98.5096,direct,0.0500,26.4000,-79.9636
248.8,node[9],6,6388.2190,4142.0894,1.8950,17.3625,2.0448,-2.0650,:8597520372_1,-85.3535,-5.0000,100.0000,default,18,rsu(528m),1772,48130,0.0180,528,2.0129,2,2,-85.3535,-102.3432,direct,0.0500,26.4000,-80.0194
248.9,node[9],6,6387.3860,4143.6305,1.8950,17.5170,1.5445,-2.0655,:8597520372_1,-73.2420,3.7969,100.0000,default,18,rsu(526m),1773,48163,0.5983,526,2.0228,6,10,-73.2420,-90.2317,direct,0.0500,26.4000,-80.0765
249,node[9],6,6386.5456,4145.1853,1.8950,17.6721,1.5513,-2.0661,:8597520372_1,-77.1576,-2.5485,100.0000,default,18,rsu(524m),1774,48196,0.0587,524,2.0196,3,4,-77.1576,-94.1473,direct,0.0500,26.4000,-80.1351
249.1,node[9],6,6385.6982,4146.7531,1.8950,17.8208,1.4865,-2.0663,:8597520372_1,-74.5852,2.7988,100.0000,default,18,rsu(523m),1775,48228,0.4749,523,2.0163,5,8,-74.5852,-91.5749,direct,0.0500,26.0000,-80.1965
249.2,node[9],6,6384.8385,4148.3437,1.8950,18.0795,2.5870,-2.0663,:8597520372_1,-78.6601,-3.5148,100.0000,default,18,rsu(521m),1776,48261,0.0371,521,2.0130,2,2,-78.6601,-95.6498,direct,0.0500,26.0000,-80.2575
249.3,node[9],6,6383.9719,4149.9473,1.8950,18.2267,1.4727,-2.0663,127094854#3,-78.4716,-0.2561,100.0000,default,18,rsu(519m),1777,48294,0.1641,519,2.0225,4,6,-78.4716,-95.4613,direct,0.0500,26.4000,-80.3215
249.4,node[9],6,6383.0952,4151.5711,1.8950,18.4540,2.2724,-2.0661,127094854#3,-74.7556,2.0867,100.0000,default,18,rsu(517m),1778,48327,0.3878,517,2.0190,5,8,-74.7556,-91.7453,direct,0.0500,26.4000,-80.3876
249.5,node[9],6,6382.2077,4153.2151,1.8950,18.6831,2.2918,-2.0659,127094854#3,-76.4040,2.4641,100.0000,default,18,rsu(516m),1779,48360,0.4334,516,2.0153,5,8,-76.4040,-93.3937,direct,0.0500,26.4000,-80.4556
249.6,node[9],6,6381.3214,4154.8567,1.8950,18.6571,-0.2606,-2.0658,127094854#3,-80.6209,-2.2041,100.0000,default,18,rsu(514m),1780,48392,0.0690,514,2.0246,3,4,-80.6209,-97.6106,direct,0.0500,26.4000,-80.5258
249.7,node[9],6,6380.4338,4156.5008,1.8950,18.6844,0.2730,-2.0658,127094854#3,-76.6975,2.2851,100.0000,default,18,rsu(512m),1781,48424,0.4116,512,2.0208,5,8,-76.6975,-93.6872,direct,0.0500,25.6000,-80.5968
249.8,node[9],6,6379.5455,4158.1461,1.8950,18.6992,0.1484,-2.0658,127094854#3,-79.1436,-3.5372,100.0000,default,18,rsu(510m),1782,48457,0.0367,510,2.0169,2,2,-79.1436,-96.1333,direct,0.0500,25.6000,-80.6637
249.9,node[9],6,6378.6579,4159.7902,1.8950,18.6844,-0.1483,-2.0658,127094854#3,-80.8346,-3.3579,100.0000,default,18,rsu(509m),1783,48490,0.0400,509,2.0130,2,2,-80.8346,-97.8243,direct,0.0500,26.4000,-80.7341
250,node[9],6,6377.7702,4161.4344,1.8950,18.6865,0.0210,-2.0658,127094854#3,-78.8229,-4.6187,100.0000,default,18,rsu(507m),1784,48523,0.0217,507,2.0219,2,2,-78.8229,-95.8126,direct,0.0500,26.4000,-80.8047
250.1,node[9],6,6376.8826,4163.0786,1.8950,18.6856,-0.0086,-2.0658,127094854#3,-81.7264,-2.9749,100.0000,default,18,rsu(505m),1785,48556,0.0480,505,2.0178,3,4,-81.7264,-98.7161,direct,0.0500,26.4000,-80.8752
250.2,node[9],6,6375.9961,4164.7206,1.8950,18.6613,-0.2429,-2.0658,127094854#3,-79.4386,-0.3689,100.0000,default,18,rsu(503m),1786,48588,0.1565,503,2.0135,4,6,-79.4386,-96.4283,direct,0.0500,26.4000,-80.9475
250.3,node[9],6,6375.1050,4166.3711,1.8950,18.7581,0.9671,-2.0658,127094854#3,-75.4139,3.8483,100.0000,default,18,rsu(502m),1787,48621,0.6045,502,2.0222,6,10,-75.4139,-92.4036,direct,0.0500,26.0000,-81.0160
250.4,node[9],6,6374.2148,4168.0200,1.8950,18.7392,-0.1881,-2.0658,127094854#3,-75.6206,1.1243,100.0000,default,18,rsu(500m),1788,48654,0.2813,500,2.0177,5,8,-75.6206,-92.6103,direct,0.0500,26.0000,-81.0858
250.5,node[9],6,6373.3276,4169.6633,1.8950,18.6760,-0.6329,-2.0658,127094854#3,-73.1937,3.8363,100.0000,default,18,rsu(498m),1789,48687,0.6030,498,2.0132,6,10,-73.1937,-90.1834,direct,0.0500,26.4000,-81.1548
250.6,node[9],6,6372.4369,4171.3133,1.8950,18.7513,0.7539,-2.0658,127094854#3,-79.6603,-2.8039,100.0000,default,18,rsu(496m),1790,48720,0.0521,496,2.0216,3,4,-79.6603,-96.6500,direct,0.0500,26.4000,-81.2233
250.7,node[9],6,6371.5490,4172.9577,1.8950,18.6894,-0.6190,-2.0658,127094854#3,-95.5900,-5.0000,100.0000,default,18,rsu(494m),1791,48753,0.0180,494,2.0169,2,2,-95.5900,-112.5797,direct,0.0500,26.4000,-81.2906
250.8,node[9],6,6370.6587,4174.6069,1.8950,18.7419,0.5248,-2.0658,127094854#3,-81.5567,-5.0000,100.0000,default,18,rsu(493m),1792,48786,0.0180,493,2.0251,2,2,-81.5567,-98.5464,direct,0.0500,26.4000,-81.3571
250.9,node[9],6,6369.7702,4176.2526,1.8950,18.7035,-0.3843,-2.0658,127094854#3,-79.4240,-2.8178,100.0000,default,18,rsu(491m),1793,48819,0.0517,491,2.0202,3,4,-79.4240,-96.4137,direct,0.0500,26.4000,-81.4223
251,node[9],6,6368.8815,4177.8987,1.8950,18.7081,0.0456,-2.0658,127094854#3,-85.5891,-5.0000,100.0000,default,18,rsu(489m),1794,48852,0.0180,489,2.0152,2,2,-85.5891,-102.5788,direct,0.0500,26.4000,-81.4863
251.1,node[9],6,6367.9928,4179.5449,1.8950,18.7080,-0.0006,-2.0658,127094854#3,-75.5450,2.0188,100.0000,default,18,rsu(487m),1795,48885,0.3798,487,2.0232,5,8,-75.5450,-92.5347,direct,0.0500,26.4000,-81.5490
251.2,node[9],6,6367.1040,4181.1912,1.8950,18.7099,0.0190,-2.0658,127094854#3,-73.8095,0.1592,100.0000,default,18,rsu(486m),1796,48918,0.1946,486,2.0180,4,6,-73.8095,-90.7992,direct,0.0500,26.4000,-81.6103
251.3,node[9],6,6366.2166,4182.8348,1.8950,18.6797,-0.3019,-2.0658,127094854#3,-86.1146,-5.0000,100.0000,default,18,rsu(484m),1797,48951,0.0180,484,2.0128,2,2,-86.1146,-103.1043,direct,0.0500,26.4000,-81.6699
251.4,node[9],6,6365.3290,4184.4789,1.8950,18.6855,0.0574,-2.0658,127094854#3,-83.3112,-4.2302,100.0000,default,18,rsu(482m),1798,48985,0.0262,482,2.0190,2,2,-83.3112,-100.3009,direct,0.0500,26.4000,-81.7279
251.5,node[9],6,6364.4425,4186.1209,1.8950,18.6605,-0.2498,-2.0658,127094854#3,-78.4870,-4.2078,100.0000,default,18,rsu(480m),1799,49019,0.0265,480,2.0250,2,2,-78.4870,-95.4767,direct,0.0500,27.2000,-81.7842
251.6,node[9],6,6363.5531,4187.7684,1.8950,18.7233,0.6285,-2.0658,127094854#3,-79.3871,-3.7677,100.0000,default,18,rsu(479m),1800,49053,0.0328,479,2.0180,2,2,-79.3871,-96.3768,direct,0.0500,27.2000,-81.8392
251.7,node[9],6,6362.6639,4189.4154,1.8950,18.7185,-0.0484,-2.0658,127094854#3,-77.4774,-1.5796,100.0000,default,18,rsu(477m),1801,49087,0.0920,477,2.0205,3,4,-77.4774,-94.4671,direct,0.0500,27.2000,-81.8924
251.8,node[9],6,6361.7724,4191.0666,1.8950,18.7644,0.4588,-2.0658,:8595538774_1,-86.5791,-5.0000,100.0000,default,18,rsu(475m),1802,49121,0.0180,475,2.0132,2,2,-86.5791,-103.5688,direct,0.0500,27.2000,-81.9441
251.9,node[9],6,6360.8857,4192.7091,1.8950,18.6471,-1.1726,-2.0658,:8595538774_1,-80.7686,-2.5119,100.0000,default,18,rsu(473m),1803,49155,0.0598,473,2.0155,3,4,-80.7686,-97.7583,direct,0.0500,27.2000,-81.9939
252,node[9],6,6359.9961,4194.3570,1.8950,18.7072,0.6008,-2.0658,:8595538774_1,-81.1411,-3.5782,100.0000,default,18,rsu(472m),1804,49188,0.0359,472,2.0247,2,2,-81.1411,-98.1308,direct,0.0500,27.2000,-82.0454
252.1,node[9],6,6359.1082,4196.0017,1.8950,18.6719,-0.3527,-2.0658,:8595538774_1,-81.5405,-2.3831,100.0000,default,18,rsu(470m),1805,49222,0.0635,470,2.0138,3,4,-81.5405,-98.5302,direct,0.0500,26.8000,-82.0884
252.2,node[9],6,6358.2204,4197.6462,1.8950,18.6690,-0.0286,-2.0658,:8595538774_1,-76.6440,-2.2741,100.0000,default,18,rsu(468m),1806,49256,0.0668,468,2.0158,3,4,-76.6440,-93.6337,direct,0.0500,26.8000,-82.1330
252.3,node[9],6,6357.3311,4199.2933,1.8950,18.7008,0.3178,-2.0658,127094854#4,-78.9235,-0.4791,100.0000,default,18,rsu(467m),1807,49290,0.1494,467,2.0208,4,6,-78.9235,-95.9132,direct,0.0500,27.2000,-82.1760
252.4,node[9],6,6356.4411,4200.9346,1.8950,18.6861,-0.1473,-2.0665,127094854#4,-74.3713,2.3702,100.0000,default,18,rsu(465m),1808,49324,0.4219,465,2.0126,5,8,-74.3713,-91.3610,direct,0.0500,27.2000,-82.2168
252.5,node[9],6,6355.5490,4202.5797,1.8950,18.7297,0.4358,-2.0672,127094854#4,-79.5516,-1.0631,100.0000,default,18,rsu(463m),1809,49358,0.1159,463,2.0172,3,4,-79.5516,-96.5413,direct,0.0500,27.2000,-82.2561
252.6,node[9],6,6354.6555,4204.2290,1.8950,18.7644,0.3473,-2.0675,:227507038_0,-77.6089,0.5575,100.0000,default,18,rsu(461m),1810,49392,0.2277,461,2.0218,4,6,-77.6089,-94.5986,direct,0.0500,27.2000,-82.2937
252.7,node[9],6,6353.7676,4205.8701,1.8950,18.6531,-1.1130,-2.0672,:227507038_0,-75.9185,0.8924,100.0000,default,18,rsu(460m),1811,49426,0.2585,460,2.0132,4,6,-75.9185,-92.9082,direct,0.0500,27.2000,-82.3296
252.8,node[9],6,6352.8752,4207.5194,1.8950,18.7472,0.9413,-2.0668,:227507038_0,-77.7243,1.1863,100.0000,default,18,rsu(458m),1812,49460,0.2876,458,2.0145,5,8,-77.7243,-94.7140,direct,0.0500,27.2000,-82.3642
252.9,node[9],6,6351.9876,4209.1598,1.8950,18.6453,-1.0191,-2.0668,:227507038_0,-81.8663,-5.0000,100.0000,default,18,rsu(456m),1813,49494,0.0180,456,2.0158,2,2,-81.8663,-98.8560,direct,0.0500,27.2000,-82.3969
253,node[9],6,6351.0949,4210.8097,1.8950,18.7534,1.0811,-2.0668,:227507038_0,-79.0390,-4.5686,100.0000,default,18,rsu(454m),1814,49528,0.0222,454,2.0197,2,2,-79.0390,-96.0287,direct,0.0500,27.2000,-82.4282
253.1,node[9],6,6350.2021,4212.4598,1.8950,18.7560,0.0251,-2.0668,:227507038_0,-77.5511,-0.1943,100.0000,default,18,rsu(453m),1815,49562,0.1684,453,2.0236,4,6,-77.5511,-94.5408,direct,0.0500,27.2000,-82.4579
253.2,node[9],6,6349.3116,4214.1056,1.8950,18.7070,-0.4898,-2.0668,:227507038_0,-84.0953,-5.0000,100.0000,default,18,rsu(451m),1816,49596,0.0180,451,2.0245,2,2,-84.0953,-101.0850,direct,0.0500,27.2000,-82.4859
253.3,node[9],6,6348.4219,4215.7498,1.8950,18.6890,-0.1798,-2.0668,:227507038_0,-74.0685,3.8042,100.0000,default,18,rsu(449m),1817,49630,0.5992,449,2.0151,6,10,-74.0685,-91.0582,direct,0.0500,27.2000,-82.5122
253.4,node[9],6,6347.5289,4217.3963,1.8950,18.7309,0.4193,-2.0671,127094854#5,-78.2642,-3.0356,100.0000,default,18,rsu(447m),1818,49663,0.0466,447,2.0229,2,2,-78.2642,-95.2539,direct,0.0500,27.2000,-82.5413
253.5,node[9],6,6346.6362,4219.0409,1.8950,18.7137,-0.1720,-2.0676,127094854#5,-81.5966,-5.0000,100.0000,default,18,rsu(446m),1819,49696,0.0180,446,2.0175,2,2,-81.5966,-98.5863,direct,0.0500,26.4000,-82.5689
253.6,node[9],6,6345.7420,4220.6883,1.8950,18.7462,0.3246,-2.0681,127094854#5,-80.2836,-3.5335,100.0000,default,18,rsu(444m),1820,49729,0.0367,444,2.0250,2,2,-80.2836,-97.2733,direct,0.0500,26.4000,-82.5949
253.7,node[9],6,6344.8499,4222.3319,1.8950,18.7023,-0.4387,-2.0681,127094854#5,-77.6877,0.6537,100.0000,default,19,rsu(442m),1821,49764,0.2363,442,2.0147,4,6,-77.6877,-94.6774,direct,0.0500,27.2000,-82.5502
253.8,node[9],6,6343.9561,4223.9785,1.8950,18.7371,0.3476,-2.0681,127094854#5,-81.1588,-2.8139,100.0000,default,19,rsu(441m),1822,49798,0.0518,441,2.0217,3,4,-81.1588,-98.1485,direct,0.0500,27.2000,-82.5727
253.9,node[9],6,6343.0640,4225.6219,1.8950,18.7010,-0.3603,-2.0681,127094854#5,-78.9762,-3.9016,100.0000,default,19,rsu(439m),1823,49833,0.0307,439,2.0242,2,2,-78.9762,-95.9659,direct,0.0500,27.6000,-82.5848
254,node[9],6,6342.1706,4227.2679,1.8950,18.7295,0.2843,-2.0681,127094854#5,-72.3377,1.9128,100.0000,default,19,rsu(437m),1824,49868,0.3674,437,2.0135,5,8,-72.3377,-89.3274,direct,0.0500,27.6000,-82.5998
254.1,node[9],6,6341.2798,4228.9090,1.8950,18.6751,-0.5441,-2.0681,127094854#5,-76.5987,0.6395,100.0000,default,19,rsu(435m),1825,49902,0.2350,435,2.0202,4,6,-76.5987,-93.5884,direct,0.0500,27.6000,-82.6175
254.2,node[9],6,6340.3898,4230.5486,1.8950,18.6564,-0.1869,-2.0681,127094854#5,-78.8621,-0.8932,100.0000,default,19,rsu(434m),1826,49936,0.1249,434,2.0138,4,6,-78.8621,-95.8518,direct,0.0500,27.6000,-82.6337
254.3,node[9],6,6339.4952,4232.1967,1.8950,18.7544,0.9802,-2.0681,127094854#5,-77.5587,1.7642,100.0000,default,19,rsu(432m),1827,49971,0.3503,432,2.0132,5,8,-77.5587,-94.5484,direct,0.0500,27.6000,-82.6356
254.4,node[9],6,6338.6011,4233.8438,1.8950,18.7431,-0.1127,-2.0681,127094854#5,-78.4095,-0.6551,100.0000,default,19,rsu(430m),1828,50006,0.1385,430,2.0126,4,6,-78.4095,-95.3992,direct,0.0500,27.6000,-82.6444
254.5,node[9],6,6337.7099,4235.4858,1.8950,18.6840,-0.5914,-2.0681,127094854#5,-81.9747,-5.0000,100.0000,default,19,rsu(428m),1829,50041,0.0180,428,2.0143,2,2,-81.9747,-98.9644,direct,0.0500,28.0000,-82.6517
254.6,node[9],6,6336.8151,4237.1342,1.8950,18.7575,0.7356,-2.0681,127094854#5,-79.9830,-5.0000,100.0000,default,19,rsu(427m),1830,50076,0.0180,427,2.0159,2,2,-79.9830,-96.9727,direct,0.0500,28.0000,-82.6576
254.7,node[9],6,6335.9200,4238.7833,1.8950,18.7659,0.0841,-2.0681,127094854#5,-76.1978,1.0650,100.0000,default,19,rsu(425m),1831,50111,0.2754,425,2.0132,5,8,-76.1978,-93.1875,direct,0.0500,28.0000,-82.6621
254.8,node[9],6,6335.0251,4240.4320,1.8950,18.7599,-0.0608,-2.0681,127094854#5,-84.0940,-5.0000,100.0000,default,19,rsu(423m),1832,50146,0.0180,423,2.0209,2,2,-84.0940,-101.0837,direct,0.0500,28.0000,-82.6652
254.9,node[9],6,6334.1330,4242.0754,1.8950,18.7013,-0.5852,-2.0681,127094854#5,-75.2283,2.5491,100.0000,default,19,rsu(422m),1833,50181,0.4439,422,2.0156,5,8,-75.2283,-92.2180,direct,0.0500,28.0000,-82.6668
255,node[9],6,6333.2394,4243.7217,1.8950,18.7331,0.3173,-2.0681,127094854#5,-76.9403,-2.7378,100.0000,default,19,rsu(420m),1834,50216,0.0537,420,2.0232,3,4,-76.9403,-93.9300,direct,0.0500,28.0000,-82.6670
255.1,node[9],6,6332.3499,4245.3604,1.8950,18.6469,-0.8615,-2.0681,127094854#5,-80.7720,-3.6629,100.0000,default,19,rsu(418m),1835,50251,0.0345,418,2.0177,2,2,-80.7720,-97.7617,direct,0.0500,28.0000,-82.6657
255.2,node[9],6,6331.4555,4247.0081,1.8950,18.7494,1.0245,-2.0681,127094854#5,-73.7817,4.8142,100.0000,default,19,rsu(416m),1836,50286,0.7124,416,2.0251,6,10,-73.7817,-90.7714,direct,0.0500,28.0000,-82.6629
255.3,node[9],6,6330.5641,4248.6503,1.8950,18.6871,-0.6225,-2.0681,127094854#5,-80.8575,-3.5059,100.0000,default,19,rsu(415m),1837,50321,0.0372,415,2.0195,2,2,-80.8575,-97.8472,direct,0.0500,28.0000,-82.6587
255.4,node[9],6,6329.6705,4250.2967,1.8950,18.7342,0.4704,-2.0681,127094854#5,-84.1145,-5.0000,100.0000,default,19,rsu(413m),1838,50356,0.0180,413,2.0159,2,2,-84.1145,-101.1042,direct,0.0500,28.0000,-82.6531
255.5,node[9],6,6328.7778,4251.9412,1.8950,18.7133,-0.2089,-2.0681,127094854#5,-75.6806,2.6708,100.0000,default,19,rsu(411m),1839,50390,0.4589,411,2.0171,5,8,-75.6806,-92.6703,direct,0.0500,27.6000,-82.6486
255.6,node[9],6,6327.8873,4253.5817,1.8950,18.6678,-0.4552,-2.0681,127094854#5,-82.8874,-5.0000,100.0000,default,19,rsu(410m),1840,50425,0.0180,410,2.0242,2,2,-82.8874,-99.8771,direct,0.0500,27.6000,-82.6374
255.7,node[9],6,6326.9953,4255.2251,1.8950,18.7010,0.3328,-2.0681,127094854#5,-73.3540,4.5654,100.0000,default,19,rsu(408m),1841,50460,0.6863,408,2.0182,6,10,-73.3540,-90.3437,direct,0.0500,28.0000,-82.6273
255.8,node[9],6,6326.1021,4256.8706,1.8950,18.7241,0.2311,-2.0681,127094854#5,-75.8636,0.7980,100.0000,default,19,rsu(406m),1842,50495,0.2495,406,2.0142,4,6,-75.8636,-92.8533,direct,0.0500,28.0000,-82.6157
255.9,node[9],6,6325.2126,4258.5093,1.8950,18.6470,-0.7711,-2.0681,127094854#5,-83.2421,-5.0000,100.0000,default,19,rsu(405m),1843,50530,0.0180,405,2.0230,2,2,-83.2421,-100.2318,direct,0.0500,28.0000,-82.6010
256,node[9],6,6324.3203,4260.1532,1.8950,18.7056,0.5856,-2.0681,127094854#5,-80.9841,-2.7923,100.0000,default,19,rsu(403m),1844,50564,0.0523,403,2.0238,3,4,-80.9841,-97.9738,direct,0.0500,28.0000,-82.5862
256.1,node[9],6,6323.4265,4261.7999,1.8950,18.7384,0.3279,-2.0681,127094854#5,-74.3757,4.7674,100.0000,default,19,rsu(401m),1845,50599,0.7076,401,2.0194,6,10,-74.3757,-91.3654,direct,0.0500,27.6000,-82.5663
256.2,node[9],6,6322.5319,4263.4480,1.8950,18.7538,0.1544,-2.0681,127094854#5,-74.0574,5.0472,100.0000,default,19,rsu(399m),1846,50634,0.7357,399,2.0150,7,12,-74.0574,-91.0471,direct,0.0500,27.6000,-82.5455
256.3,node[9],6,6321.6395,4265.0919,1.8950,18.7068,-0.4699,-2.0681,127094854#5,-78.5102,0.1812,100.0000,default,19,rsu(398m),1847,50669,0.1963,398,2.0234,4,6,-78.5102,-95.4999,direct,0.0500,28.0000,-82.5188
256.4,node[9],6,6320.7443,4266.7413,1.8950,18.7682,0.6137,-2.0681,127094854#5,-77.3598,-2.2831,100.0000,default,19,rsu(396m),1848,50703,0.0665,396,2.0239,3,4,-77.3598,-94.3495,direct,0.0500,28.0000,-82.4903
256.5,node[9],6,6319.8512,4268.3865,1.8950,18.7211,-0.4707,-2.0681,127094854#5,-79.2235,-0.5567,100.0000,default,19,rsu(394m),1849,50738,0.1445,394,2.0191,4,6,-79.2235,-96.2132,direct,0.0500,27.6000,-82.4583
256.6,node[9],6,6318.9585,4270.0312,1.8950,18.7157,-0.0547,-2.0681,127094854#5,-79.6333,-1.4018,100.0000,default,18,rsu(393m),1850,50772,0.0997,393,2.0125,3,4,-79.6333,-96.6230,direct,0.0500,27.6000,-82.4586
256.7,node[9],6,6318.0630,4271.6810,1.8950,18.7727,0.5702,-2.0681,127094854#5,-83.4010,-5.0000,100.0000,default,18,rsu(391m),1851,50806,0.0180,391,2.0205,2,2,-83.4010,-100.3907,direct,0.0500,27.2000,-82.4161
256.8,node[9],6,6317.1693,4273.3274,1.8950,18.7346,-0.3809,-2.0681,127094854#5,-74.7539,-0.3840,100.0000,default,18,rsu(389m),1852,50839,0.1555,389,2.0207,4,6,-74.7539,-91.7436,direct,0.0500,27.2000,-82.3703
256.9,node[9],6,6316.2798,4274.9661,1.8950,18.6477,-0.8689,-2.0681,127094854#5,-79.0973,-3.8009,100.0000,default,18,rsu(388m),1853,50873,0.0323,388,2.0138,2,2,-79.0973,-96.0870,direct,0.0500,26.8000,-82.3201
257,node[9],6,6315.3868,4276.6113,1.8950,18.7204,0.7273,-2.0681,127094854#5,-80.6277,-4.4107,100.0000,default,18,rsu(386m),1854,50906,0.0240,386,2.0138,2,2,-80.6277,-97.6174,direct,0.0500,26.8000,-82.2646
257.1,node[9],6,6314.4937,4278.2567,1.8950,18.7236,0.0321,-2.0681,127094854#5,-80.3069,-4.2536,100.0000,default,18,rsu(384m),1855,50940,0.0259,384,2.0198,2,2,-80.3069,-97.2966,direct,0.0500,26.8000,-82.2062
257.2,node[9],6,6313.6034,4279.8968,1.8950,18.6626,-0.6107,-2.0681,127094854#5,-80.8955,-3.5457,100.0000,default,18,rsu(383m),1856,50974,0.0365,383,2.0126,2,2,-80.8955,-97.8852,direct,0.0500,26.8000,-82.1432
257.3,node[9],6,6312.7097,4281.5433,1.8950,18.7361,0.7355,-2.0681,127094854#5,-77.6070,-1.0693,100.0000,default,18,rsu(381m),1857,51008,0.1156,381,2.0201,3,4,-77.6070,-94.5967,direct,0.0500,27.2000,-82.0755
257.4,node[9],6,6311.8142,4283.1930,1.8950,18.7723,0.3617,-2.0681,127094854#5,-81.7477,-5.0000,100.0000,default,18,rsu(379m),1858,51042,0.0180,379,2.0128,2,2,-81.7477,-98.7374,direct,0.0500,27.2000,-82.0023
257.5,node[9],6,6310.9213,4284.8380,1.8950,18.7191,-0.5317,-2.0681,127094854#5,-87.1847,-5.0000,100.0000,default,18,rsu(378m),1859,51076,0.0180,378,2.0185,2,2,-87.1847,-104.1744,direct,0.0500,27.2000,-81.9234
257.6,node[9],6,6310.0282,4286.4841,1.8950,18.7265,0.0734,-2.0680,:6580837386_1,-80.9062,-4.1782,100.0000,default,17,rsu(376m),1860,51110,0.0269,376,2.0126,2,2,-80.9062,-97.8959,direct,0.0500,27.2000,-81.8722
257.7,node[9],6,6309.1347,4288.1334,1.8950,18.7459,0.1940,-2.0677,:6580837386_1,-81.1685,-2.1160,100.0000,default,17,rsu(374m),1861,51144,0.0719,374,2.0181,3,4,-81.1685,-98.1582,direct,0.0500,27.2000,-81.7796
257.8,node[9],6,6308.2418,4289.7817,1.8950,18.7362,-0.0964,-2.0674,:6580837386_1,-78.8200,0.1690,100.0000,default,17,rsu(373m),1862,51178,0.1954,373,2.0235,4,6,-78.8200,-95.8097,direct,0.0500,27.2000,-81.6797
257.9,node[9],6,6307.3489,4291.4299,1.8950,18.7339,-0.0230,-2.0673,:6580837386_1,-73.4029,2.8196,100.0000,default,17,rsu(371m),1863,51212,0.4775,371,2.0159,5,8,-73.4029,-90.3926,direct,0.0500,27.2000,-81.5722
258,node[9],6,6306.4544,4293.0813,1.8950,18.7698,0.3588,-2.0673,:6580837386_1,-83.3299,-5.0000,100.0000,default,17,rsu(369m),1864,51246,0.0180,369,2.0237,2,2,-83.3299,-100.3196,direct,0.0500,27.2000,-81.4558
258.1,node[9],6,6305.5619,4294.7277,1.8950,18.7187,-0.5113,-2.0674,127094854#6,-79.1833,-2.9635,100.0000,default,17,rsu(368m),1865,51280,0.0483,368,2.0184,3,4,-79.1833,-96.1730,direct,0.0500,27.2000,-81.3307
258.2,node[9],6,6304.6714,4296.3664,1.8950,18.6485,-0.7021,-2.0679,127094854#6,-71.8531,4.1156,100.0000,default,17,rsu(366m),1866,51313,0.6359,366,2.0201,6,10,-71.8531,-88.8428,direct,0.0500,27.2000,-81.1939
258.3,node[9],6,6303.7771,4298.0120,1.8950,18.7274,0.7893,-2.0683,127094854#6,-74.5507,4.7495,100.0000,default,17,rsu(364m),1867,51347,0.7057,364,2.0160,6,10,-74.5507,-91.5404,direct,0.0500,26.8000,-81.0513
258.4,node[9],6,6302.8836,4299.6562,1.8950,18.7121,-0.1533,-2.0686,127094854#6,-74.7792,1.5987,100.0000,default,17,rsu(363m),1868,51381,0.3317,363,2.0235,5,8,-74.7792,-91.7689,direct,0.0500,26.8000,-80.8949
258.5,node[9],6,6301.9909,4301.2990,1.8950,18.6947,-0.1736,-2.0686,127094854#6,-75.6096,1.4965,100.0000,default,17,rsu(361m),1869,51415,0.3204,361,2.0180,5,8,-75.6096,-92.5993,direct,0.0500,27.2000,-80.7260
258.6,node[9],6,6301.0993,4302.9396,1.8950,18.6707,-0.2398,-2.0686,127094854#6,-82.7873,-5.0000,100.0000,default,17,rsu(359m),1870,51449,0.0180,359,2.0253,2,2,-82.7873,-99.7770,direct,0.0500,27.2000,-80.5436
258.7,node[9],6,6300.2066,4304.5823,1.8950,18.6945,0.2374,-2.0686,127094854#6,-74.5555,0.8414,100.0000,default,17,rsu(358m),1871,51483,0.2536,358,2.0197,4,6,-74.5555,-91.5452,direct,0.0500,27.2000,-80.3468
258.8,node[9],6,6299.3147,4306.2277,1.8950,18.6878,-0.0670,-2.0682,:9405596540_0,-86.6257,-5.0000,100.0000,default,17,rsu(356m),1872,51517,0.0180,356,2.0151,2,2,-86.6257,-103.6154,direct,0.0500,27.2000,-80.1342
258.9,node[9],6,6298.4261,4307.8715,1.8950,18.7431,0.5537,-2.0673,:8595538756_1,-72.0557,4.5083,100.0000,default,17,rsu(354m),1873,51550,0.6801,354,2.0162,6,10,-72.0557,-89.0454,direct,0.0500,26.8000,-79.9020
259,node[9],6,6297.5357,4309.5143,1.8950,18.6853,-0.5780,-2.0670,:8595538756_1,-71.7233,4.5908,100.0000,default,17,rsu(353m),1874,51584,0.6890,353,2.0233,6,10,-71.7233,-88.7130,direct,0.0500,26.8000,-79.6554
259.1,node[9],6,6296.6429,4311.1618,1.8950,18.7379,0.5258,-2.0671,:8595538756_1,-70.1596,5.4673,100.0000,default,17,rsu(351m),1875,51617,0.7745,351,2.0244,7,12,-70.1596,-87.1493,direct,0.0500,26.8000,-79.3838
259.2,node[9],6,6295.7533,4312.8029,1.8950,18.6664,-0.7156,-2.0675,127094854#8,-75.3141,1.7157,100.0000,default,17,rsu(350m),1876,51651,0.3448,350,2.0183,5,8,-75.3141,-92.3038,direct,0.0500,26.8000,-79.0935
259.3,node[9],6,6294.8609,4314.4472,1.8950,18.7036,0.3726,-2.0677,127094854#8,-72.0891,5.9365,100.0000,default,17,rsu(348m),1877,51685,0.8128,348,2.0252,7,12,-72.0891,-89.0788,direct,0.0500,27.2000,-78.7755
259.4,node[9],6,6293.9703,4316.0883,1.8950,18.6669,-0.3668,-2.0679,127094854#8,-74.7412,1.7898,100.0000,default,17,rsu(346m),1878,51718,0.3532,346,2.0130,5,8,-74.7412,-91.7309,direct,0.0500,27.2000,-78.4284
259.5,node[9],6,6293.0777,4317.7329,1.8950,18.7068,0.3987,-2.0680,127094854#8,-71.6285,2.1968,100.0000,default,17,rsu(345m),1879,51752,0.4009,345,2.0198,5,8,-71.6285,-88.6182,direct,0.0500,26.8000,-78.0523
259.6,node[9],6,6292.1854,4319.3770,1.8950,18.7016,-0.0525,-2.0680,127094854#8,-77.9655,0.8682,100.0000,default,17,rsu(343m),1880,51786,0.2562,343,2.0134,4,6,-77.9655,-94.9552,direct,0.0500,26.8000,-77.6401
259.7,node[9],6,6291.2914,4321.0243,1.8950,18.7370,0.3548,-2.0680,127094854#8,-74.4870,0.9313,100.0000,default,17,rsu(341m),1881,51820,0.2622,341,2.0140,4,6,-74.4870,-91.4767,direct,0.0500,27.2000,-77.1884
259.8,node[9],6,6290.4001,4322.6667,1.8950,18.6824,-0.5465,-2.0680,127094854#8,-82.2338,-3.4120,100.0000,default,17,rsu(340m),1882,51854,0.0389,340,2.0205,2,2,-82.2338,-99.2235,direct,0.0500,27.2000,-76.6916
259.9,node[9],6,6289.5092,4324.3083,1.8950,18.6721,-0.1034,-2.0680,127094854#8,-78.5222,-2.3509,100.0000,default,17,rsu(338m),1883,51888,0.0644,338,2.0210,3,4,-78.5222,-95.5119,direct,0.0500,27.2000,-76.1435
260,node[9],6,6288.6149,4325.9561,1.8950,18.7433,0.7128,-2.0680,127094854#8,-70.7677,4.2846,100.0000,default,17,rsu(337m),1884,51922,0.6553,337,2.0143,6,10,-70.7677,-87.7574,direct,0.0500,27.2000,-75.5353
260.1,node[9],6,6287.7232,4327.5991,1.8950,18.6896,-0.5374,-2.0680,127094854#8,-73.9303,3.6162,100.0000,default,17,rsu(335m),1885,51955,0.5764,335,2.0146,6,10,-73.9303,-90.9200,direct,0.0500,26.8000,-74.8572
260.2,node[9],6,6286.8325,4329.2403,1.8950,18.6674,-0.2218,-2.0680,127094854#8,-82.5930,-4.3981,100.0000,default,17,rsu(333m),1886,51989,0.0241,333,2.0163,2,2,-82.5930,-99.5827,direct,0.0500,26.8000,-74.0992
260.3,node[9],6,6285.9406,4330.8836,1.8950,18.6926,0.2513,-2.0680,127094854#8,-72.0868,3.5351,100.0000,default,17,rsu(332m),1887,52023,0.5665,332,2.0252,6,10,-72.0868,-89.0765,direct,0.0500,27.2000,-73.2390
260.4,node[9],6,6285.0506,4332.5235,1.8950,18.6536,-0.3893,-2.0680,127094854#8,-77.1190,1.0745,100.0000,default,17,rsu(330m),1888,52057,0.2763,330,2.0217,5,8,-77.1190,-94.1087,direct,0.0500,27.2000,-72.2572
260.5,node[9],6,6284.1594,4334.1658,1.8950,18.6799,0.2626,-2.0680,127094854#8,-82.7155,-3.7630,100.0000,default,17,rsu(329m),1889,52091,0.0329,329,2.0244,2,2,-82.7155,-99.7052,direct,0.0500,27.2000,-71.1218
260.6,node[9],6,6283.2647,4335.8142,1.8950,18.7508,0.7096,-2.0680,127094854#8,-85.0895,-5.0000,100.0000,default,17,rsu(327m),1890,52125,0.0180,327,2.0207,2,2,-85.0895,-102.0792,direct,0.0500,27.2000,-69.7842
260.7,node[9],6,6282.3742,4337.4551,1.8950,18.6645,-0.8638,-2.0680,127094854#8,-82.0894,-5.0000,100.0000,default,17,rsu(325m),1891,52159,0.0180,325,2.0163,2,2,-82.0894,-99.0791,direct,0.0500,27.2000,-68.1804
260.8,node[9],6,6281.4810,4339.1009,1.8950,18.7210,0.5650,-2.0680,127094854#8,-75.3762,-1.2368,100.0000,default,17,rsu(324m),1892,52192,0.1073,324,2.0230,3,4,-75.3762,-92.3659,direct,0.0500,27.2000,-66.1912
260.9,node[9],6,6280.5859,4340.7497,1.8950,18.7538,0.3286,-2.0681,:9405596537_0,-75.3686,0.6298,100.0000,default,17,rsu(322m),1893,52226,0.2341,322,2.0189,4,6,-75.3686,-92.3583,direct,0.0500,26.8000,-63.6250
261,node[9],6,6279.6931,4342.3897,1.8950,18.6536,-1.0027,-2.0686,:9405596537_0,-74.8720,-0.5445,100.0000,default,17,rsu(321m),1894,52260,0.1453,321,2.0142,4,6,-74.8720,-91.8617,direct,0.0500,26.8000,-60.1862
261.1,node[9],6,6278.8002,4344.0301,1.8950,18.6575,0.0394,-2.0690,:9405596537_0,-75.4693,-1.4598,100.0000,default,17,rsu(319m),1895,52294,0.0971,319,2.0224,3,4,-75.4693,-92.4590,direct,0.0500,27.2000,-56.0080
261.2,node[9],6,6277.9072,4345.6705,1.8950,18.6579,0.0039,-2.0693,:9405596537_0,-72.3772,2.0826,100.0000,default,17,rsu(317m),1896,52327,0.3873,317,2.0245,5,8,-72.3772,-89.3669,direct,0.0500,27.2000,-55.8754
261.3,node[9],6,6277.0330,4347.2795,1.8950,18.3069,-3.5097,-2.0690,127094854#9,-73.1167,2.0982,100.0000,default,17,rsu(316m),1897,52361,0.3891,316,2.0195,5,8,-73.1167,-90.1064,direct,0.0500,26.8000,-60.0330
261.4,node[9],6,6276.1796,4348.8521,1.8950,17.8962,-4.1069,-2.0685,127094854#9,-80.7193,-4.7890,100.0000,default,17,rsu(314m),1898,52395,0.0199,314,2.0214,2,2,-80.7193,-97.7090,direct,0.0500,26.8000,-63.5073
261.5,node[9],6,6275.3476,4350.3852,1.8950,17.4462,-4.5000,-2.0681,127094854#9,-74.1848,3.1823,100.0000,default,17,rsu(313m),1899,52429,0.5228,313,2.0166,6,10,-74.1848,-91.1745,direct,0.0500,27.2000,-66.0906
261.6,node[9],6,6274.5371,4351.8787,1.8950,16.9962,-4.5000,-2.0680,127094854#9,-76.4329,-0.6635,100.0000,default,17,rsu(311m),1900,52463,0.1380,311,2.0243,4,6,-76.4329,-93.4226,direct,0.0500,27.2000,-68.0878
261.7,node[9],6,6273.7480,4353.3326,1.8950,16.5462,-4.5000,-2.0680,127094854#9,-81.3421,-5.0000,100.0000,default,17,rsu(310m),1901,52496,0.0180,310,2.0128,2,2,-81.3421,-98.3318,direct,0.0500,26.8000,-69.6969
261.8,node[9],6,6272.9804,4354.7471,1.8950,16.0962,-4.5000,-2.0680,127094854#9,-72.1266,1.8758,100.0000,default,17,rsu(309m),1902,52530,0.3631,309,2.0203,5,8,-72.1266,-89.1163,direct,0.0500,26.8000,-71.0335
261.9,node[9],6,6272.2343,4356.1220,1.8950,15.6462,-4.5000,-2.0680,127094854#9,-71.9302,7.2642,100.0000,default,17,rsu(307m),1903,52563,0.8940,307,2.0216,8,14,-71.9302,-88.9199,direct,0.0500,26.8000,-72.1706
262,node[9],6,6271.5096,4357.4573,1.8950,15.1962,-4.5000,-2.0680,127094854#9,-75.5519,1.5593,100.0000,default,17,rsu(306m),1904,52597,0.3273,306,2.0158,5,8,-75.5519,-92.5416,direct,0.0500,26.8000,-73.1548
262.1,node[9],6,6270.8064,4358.7531,1.8950,14.7462,-4.5000,-2.0680,127094854#9,-79.9616,-5.0000,100.0000,default,17,rsu(305m),1905,52631,0.0180,305,2.0229,2,2,-79.9616,-96.9513,direct,0.0500,27.2000,-74.0182
262.2,node[9],6,6270.1246,4360.0093,1.8950,14.2962,-4.5000,-2.0680,127094854#9,-69.4739,8.0505,100.0000,default,17,rsu(304m),1906,52665,0.9259,304,2.0169,8,14,-69.4739,-86.4636,direct,0.0500,27.2000,-74.7821
262.3,node[9],6,6269.4643,4361.2261,1.8950,13.8462,-4.5000,-2.0680,127094854#9,-70.1547,4.7145,100.0000,default,17,rsu(303m),1907,52699,0.7021,303,2.0178,6,10,-70.1547,-87.1444,direct,0.0500,27.2000,-75.4651
262.4,node[9],6,6268.8254,4362.4032,1.8950,13.3962,-4.5000,-2.0680,127094854#9,-73.0677,5.8827,100.0000,default,17,rsu(301m),1908,52733,0.8087,301,2.0246,7,12,-73.0677,-90.0574,direct,0.0500,27.2000,-76.0786
262.5,node[9],6,6268.2081,4363.5409,1.8950,12.9462,-4.5000,-2.0680,127094854#9,-76.3451,2.9898,100.0000,default,17,rsu(300m),1909,52767,0.4987,300,2.0182,5,8,-76.3451,-93.3348,direct,0.0500,27.2000,-76.6334
262.6,node[9],6,6267.6110,4364.6411,1.8950,12.5211,-4.2508,-2.0680,127094854#9,-74.7359,3.5516,100.0000,default,17,rsu(299m),1910,52801,0.5685,299,2.0248,6,10,-74.7359,-91.7256,direct,0.0500,27.2000,-77.1377
262.7,node[9],6,6267.0353,4365.7019,1.8950,12.0711,-4.5000,-2.0680,127094854#9,-70.0507,7.2907,100.0000,default,17,rsu(298m),1911,52835,0.8952,298,2.0182,8,14,-70.0507,-87.0404,direct,0.0500,27.2000,-77.5982
262.8,node[9],6,6266.4811,4366.7230,1.8950,11.6211,-4.5000,-2.0680,127094854#9,-71.9240,6.6052,100.0000,default,17,rsu(297m),1912,52869,0.8585,297,2.0246,7,12,-71.9240,-88.9137,direct,0.0500,27.2000,-78.0195
262.9,node[9],6,6265.9484,4367.7047,1.8950,11.1711,-4.5000,-2.0680,127094854#9,-77.6382,1.2892,100.0000,default,17,rsu(297m),1913,52903,0.2983,297,2.0179,5,8,-77.6382,-94.6279,direct,0.0500,27.2000,-78.4074
263,node[9],6,6265.4371,4368.6468,1.8950,10.7211,-4.5000,-2.0680,127094854#9,-81.4330,-5.0000,100.0000,default,17,rsu(296m),1914,52937,0.0180,296,2.0180,2,2,-81.4330,-98.4227,direct,0.0500,27.2000,-78.7659
263.1,node[9],6,6264.9473,4369.5493,1.8950,10.2711,-4.5000,-2.0680,127094854#9,-75.4883,3.6547,100.0000,default,17,rsu(295m),1915,52971,0.5811,295,2.0240,6,10,-75.4883,-92.4780,direct,0.0500,27.2000,-79.0976
263.2,node[9],6,6264.4779,4370.4143,1.8950,9.8435,-4.2760,-2.0680,127094854#9,-74.7636,3.0934,100.0000,default,17,rsu(294m),1916,53005,0.5117,294,2.0169,6,10,-74.7636,-91.7533,direct,0.0500,27.2000,-79.4055
263.3,node[9],6,6264.0299,4371.2398,1.8950,9.3935,-4.5000,-2.0680,127094854#9,-77.1089,-0.2247,100.0000,default,17,rsu(293m),1917,53039,0.1663,293,2.0227,4,6,-77.1089,-94.0986,direct,0.0500,27.2000,-79.6920
263.4,node[9],6,6263.6034,4372.0257,1.8950,8.9435,-4.5000,-2.0680,127094854#9,-71.8448,3.3901,100.0000,default,17,rsu(293m),1918,53072,0.5486,293,2.0223,6,10,-71.8448,-88.8345,direct,0.0500,27.2000,-79.9574
263.5,node[9],6,6263.1984,4372.7720,1.8950,8.4935,-4.5000,-2.0680,127094854#9,-71.3995,7.7562,100.0000,default,17,rsu(292m),1919,53106,0.9151,292,2.0148,8,14,-71.3995,-88.3892,direct,0.0500,26.8000,-80.2062
263.6,node[9],6,6262.8148,4373.4788,1.8950,8.0435,-4.5000,-2.0680,127094854#9,-77.8417,-2.8717,100.0000,default,17,rsu(291m),1920,53140,0.0504,291,2.0143,3,4,-77.8417,-94.8314,direct,0.0500,26.8000,-80.4381
263.7,node[9],6,6262.4523,4374.1468,1.8950,7.6015,-4.4205,-2.0680,127094854#9,-73.8120,4.5109,100.0000,default,17,rsu(291m),1921,53174,0.6804,291,2.0136,6,10,-73.8120,-90.8017,direct,0.0500,27.2000,-80.6550
263.8,node[9],6,6262.1112,4374.7752,1.8950,7.1515,-4.5000,-2.0680,127094854#9,-75.8344,1.7364,100.0000,default,17,rsu(290m),1922,53208,0.3471,290,2.0188,5,8,-75.8344,-92.8241,direct,0.0500,27.2000,-80.8577
263.9,node[9],6,6261.7917,4375.3641,1.8950,6.7015,-4.5000,-2.0680,127094854#9,-76.3812,2.3521,100.0000,default,17,rsu(289m),1923,53241,0.4197,289,2.0178,5,8,-76.3812,-93.3709,direct,0.0500,26.8000,-81.0472
264,node[9],6,6261.4935,4375.9134,1.8950,6.2515,-4.5000,-2.0680,127094854#9,-74.5091,3.0488,100.0000,default,17,rsu(289m),1924,53275,0.5061,289,2.0228,6,10,-74.5091,-91.4988,direct,0.0500,26.8000,-81.2266
264.1,node[9],6,6261.1830,4376.4856,1.8950,6.5115,2.6000,-2.0680,127094854#9,-71.1639,8.0437,100.0000,default,17,rsu(288m),1925,53309,0.9257,288,2.0217,8,14,-71.1639,-88.1536,direct,0.0500,27.2000,-81.3991
264.2,node[9],6,6260.8601,4377.0807,1.8950,6.7715,2.6000,-2.0680,127094854#9,-71.1166,7.8754,100.0000,default,17,rsu(288m),1926,53343,0.9197,288,2.0134,8,14,-71.1166,-88.1063,direct,0.0500,27.2000,-81.5659
264.3,node[9],6,6260.5248,4377.6985,1.8950,7.0315,2.6000,-2.0680,127094854#9,-76.8547,2.1266,100.0000,default,17,rsu(287m),1927,53376,0.3925,287,2.0250,5,8,-76.8547,-93.8444,direct,0.0500,26.8000,-81.7261
264.4,node[9],6,6260.1977,4378.3012,1.8950,6.8587,-1.7275,-2.0680,127094854#9,-75.3523,3.3109,100.0000,default,17,rsu(287m),1928,53410,0.5388,287,2.0174,6,10,-75.3523,-92.3420,direct,0.0500,26.8000,-81.8803
264.5,node[9],6,6259.8921,4378.8644,1.8950,6.4087,-4.5000,-2.0680,127094854#9,-72.5693,4.4069,100.0000,default,17,rsu(286m),1929,53444,0.6690,286,2.0227,6,10,-72.5693,-89.5590,direct,0.0500,27.2000,-82.0246
264.6,node[9],6,6259.6079,4379.3880,1.8950,5.9587,-4.5000,-2.0680,127094854#9,-86.8491,-5.0000,100.0000,default,17,rsu(286m),1930,53478,0.0180,286,2.0147,2,2,-86.8491,-103.8388,direct,0.0500,27.2000,-82.1602
264.7,node[9],6,6259.3013,4379.8441,1.8950,5.5087,-4.5000,-2.0784,:227579252_0,-84.1424,-5.0000,100.0000,default,17,rsu(285m),1931,53512,0.0180,285,2.0137,2,2,-84.1424,-101.1321,direct,0.0500,27.2000,-82.2879
264.8,node[9],6,6258.9725,4380.2861,1.8950,5.5087,-0.0007,-2.0941,:227579252_0,-71.5614,7.7446,100.0000,default,17,rsu(285m),1932,53545,0.9147,285,2.0127,8,14,-71.5614,-88.5511,direct,0.0500,27.2000,-82.4094
264.9,node[9],6,6258.6501,4380.7196,1.8950,5.4024,-1.0627,-2.1094,:227579252_0,-73.7411,5.0761,100.0000,default,17,rsu(284m),1933,53579,0.7385,284,2.0173,7,12,-73.7411,-90.7308,direct,0.0500,26.8000,-82.5278
265,node[9],6,6258.3241,4381.1580,1.8950,5.4629,0.6051,-2.1250,:227579252_0,-74.3126,4.3146,100.0000,default,17,rsu(284m),1934,53612,0.6586,284,2.0160,6,10,-74.3126,-91.3023,direct,0.0500,26.8000,-82.6400
265.1,node[9],6,6257.9853,4381.5724,1.8950,5.3969,-0.6606,-2.1453,:227579252_0,-69.9257,9.0942,100.0000,default,17,rsu(283m),1935,53646,0.9547,283,2.0204,9,16,-69.9257,-86.9154,direct,0.0500,26.8000,-82.7493
265.2,node[9],6,6257.5144,4381.8506,1.8950,5.4691,0.7227,-2.2033,:227579252_0,-79.3083,-0.4792,100.0000,default,17,rsu(283m),1936,53679,0.1494,283,2.0189,4,6,-79.3083,-96.2980,direct,0.0500,26.8000,-82.8499
265.3,node[9],6,6257.0402,4382.1308,1.8950,5.5078,0.3872,-2.2627,:227579252_0,-78.5839,-0.8872,100.0000,default,17,rsu(282m),1937,53713,0.1253,282,2.0233,4,6,-78.5839,-95.5736,direct,0.0500,26.8000,-82.9491
265.4,node[9],6,6256.5678,4382.4099,1.8950,5.4873,-0.2050,-2.3225,:227579252_0,-76.6634,-1.6170,100.0000,default,17,rsu(282m),1938,53747,0.0904,282,2.0194,3,4,-76.6634,-93.6531,direct,0.0500,26.8000,-83.0436
265.5,node[9],6,6256.0703,4382.5893,1.8950,5.4424,-0.4499,-2.4005,:227579252_0,-75.1728,0.7797,100.0000,default,17,rsu(281m),1939,53781,0.2478,281,2.0225,4,6,-75.1728,-92.1625,direct,0.0500,27.2000,-83.1323
265.6,node[9],6,6255.5269,4382.6132,1.8950,5.4393,-0.0303,-2.5032,:227579252_0,-73.4002,5.0478,100.0000,default,17,rsu(281m),1940,53815,0.7357,281,2.0184,7,12,-73.4002,-90.3899,direct,0.0500,27.2000,-83.2141
265.7,node[9],6,6254.9819,4382.6373,1.8950,5.4545,0.1517,-2.6015,:227579252_0,-72.4023,5.7364,100.0000,default,17,rsu(280m),1941,53849,0.7971,280,2.0212,7,12,-72.4023,-89.3920,direct,0.0500,27.2000,-83.2929
265.8,node[9],6,6254.4379,4382.6613,1.8950,5.4457,-0.0876,-2.7006,:227579252_0,-73.8255,3.3706,100.0000,default,17,rsu(280m),1942,53883,0.5462,280,2.0239,6,10,-73.8255,-90.8152,direct,0.0500,27.2000,-83.3683
265.9,node[9],6,6253.9118,4382.5488,1.8950,5.4799,0.3415,-2.8253,:227579252_0,-80.8941,-2.3964,100.0000,default,17,rsu(279m),1943,53916,0.0631,279,2.0154,3,4,-80.8941,-97.8838,direct,0.0500,26.8000,-83.4361
266,node[9],6,6253.4034,4382.3612,1.8950,5.4187,-0.6114,-2.9631,:227579252_0,-75.0600,1.6585,100.0000,default,17,rsu(279m),1944,53950,0.3383,279,2.0254,5,8,-75.0600,-92.0497,direct,0.0500,26.8000,-83.5017
266.1,node[9],6,6252.8881,4382.1710,1.8950,5.4932,0.7443,-3.0645,:227579252_0,-82.6229,-4.1313,100.0000,default,17,rsu(278m),1945,53983,0.0275,278,2.0165,2,2,-82.6229,-99.6126,direct,0.0500,26.8000,-83.5627
266.2,node[9],6,6252.3746,4381.9815,1.8950,5.4737,-0.1944,3.1194,:227579252_0,-81.9660,-4.8055,100.0000,default,17,rsu(278m),1946,54016,0.0198,278,2.0205,2,2,-81.9660,-98.9557,direct,0.0500,26.8000,-83.6215
266.3,node[9],6,6251.8649,4381.7856,1.8950,5.4649,-0.0887,3.0210,-833751137#17,-75.9468,2.5861,100.0000,default,17,rsu(278m),1947,54050,0.4484,278,2.0169,5,8,-75.9468,-92.9365,direct,0.0500,26.8000,-83.6819
266.4,node[9],6,6251.3693,4381.5174,1.8950,5.6359,1.7106,2.9212,-833751137#17,-74.9045,3.4518,100.0000,default,17,rsu(277m),1948,54084,0.5562,277,2.0133,6,10,-74.9045,-91.8942,direct,0.0500,26.8000,-83.7360
266.5,node[9],6,6250.8600,4381.2418,1.8950,5.7908,1.5488,2.8580,-833751137#17,-72.4144,5.2237,100.0000,default,17,rsu(277m),1949,54118,0.7525,277,2.0230,7,12,-72.4144,-89.4041,direct,0.0500,27.2000,-83.7884
266.6,node[9],6,6250.3345,4380.9574,1.8950,5.9752,1.8435,2.7934,-833751137#17,-75.2089,0.3384,100.0000,default,17,rsu(277m),1950,54152,0.2090,277,2.0136,4,6,-75.2089,-92.1986,direct,0.0500,27.2000,-83.8392
266.7,node[9],6,6249.7963,4380.6662,1.8950,6.1197,1.4457,2.7282,-833751137#17,-75.6305,1.1218,100.0000,default,17,rsu(276m),1951,54186,0.2811,276,2.0232,5,8,-75.6305,-92.6202,direct,0.0500,27.2000,-83.8884
266.8,node[9],6,6249.2381,4380.3641,1.8950,6.3468,2.2706,2.7014,-833751137#17,-71.3604,7.3762,100.0000,default,17,rsu(276m),1952,54220,0.8992,276,2.0153,8,14,-71.3604,-88.3501,direct,0.0500,27.2000,-83.9359
266.9,node[9],6,6248.6640,4380.0535,1.8950,6.5281,1.8128,2.6828,-833751137#17,-77.7815,0.2271,100.0000,default,17,rsu(276m),1953,54253,0.2000,276,2.0143,4,6,-77.7815,-94.7712,direct,0.0500,26.8000,-83.9809
267,node[9],6,6248.0755,4379.7350,1.8950,6.6918,1.6370,2.6638,-833751137#17,-71.2009,7.4760,100.0000,default,17,rsu(275m),1954,54286,0.9036,275,2.0133,8,14,-71.2009,-88.1906,direct,0.0500,26.8000,-84.0242
267.1,node[9],6,6247.4718,4379.4083,1.8950,6.8645,1.7270,2.6456,-833751137#17,-80.1798,-4.0090,100.0000,default,17,rsu(275m),1955,54320,0.0292,275,2.0176,2,2,-80.1798,-97.1695,direct,0.0500,26.8000,-84.0703
267.2,node[9],6,6246.8553,4379.0747,1.8950,7.0098,1.4535,2.6456,-833751137#17,-71.2043,2.8249,100.0000,default,17,rsu(274m),1956,54354,0.4781,274,2.0163,5,8,-71.2043,-88.1940,direct,0.0500,26.8000,-84.1122
267.3,node[9],6,6246.2163,4378.7289,1.8950,7.2663,2.5647,2.6456,-833751137#17,-70.4492,6.0006,100.0000,default,17,rsu(274m),1957,54388,0.8176,274,2.0210,7,12,-70.4492,-87.4389,direct,0.0500,27.2000,-84.1527
267.4,node[9],6,6245.5649,4378.3764,1.8950,7.4075,1.4123,2.6456,-833751137#17,-76.0417,-0.5195,100.0000,default,17,rsu(274m),1958,54422,0.1468,274,2.0249,4,6,-76.0417,-93.0314,direct,0.0500,27.2000,-84.1920
267.5,node[9],6,6244.9011,4378.0172,1.8950,7.5477,1.4016,2.6456,-833751137#17,-76.2759,-2.5130,100.0000,default,17,rsu(273m),1959,54455,0.0597,273,2.0234,3,4,-76.2759,-93.2656,direct,0.0500,26.8000,-84.2287
267.6,node[9],6,6244.2161,4377.6465,1.8950,7.7885,2.4077,2.6456,-833751137#17,-77.6609,0.4695,100.0000,default,17,rsu(273m),1960,54488,0.2201,273,2.0218,4,6,-77.6609,-94.6506,direct,0.0500,26.8000,-84.2641
267.7,node[9],6,6243.5150,4377.2671,1.8950,7.9724,1.8391,2.6456,-833751137#17,-76.6452,1.0054,100.0000,default,17,rsu(272m),1961,54522,0.2695,272,2.0131,5,8,-76.6452,-93.6349,direct,0.0500,26.8000,-84.3029
267.8,node[9],6,6242.7920,4376.8759,1.8950,8.2211,2.4874,2.6456,-833751137#17,-70.3774,4.5302,100.0000,default,17,rsu(272m),1962,54556,0.6825,272,2.0173,6,10,-70.3774,-87.3671,direct,0.0500,26.8000,-84.3377
267.9,node[9],6,6242.0564,4376.4778,1.8950,8.3638,1.4272,2.6456,-833751137#17,-74.4653,1.4183,100.0000,default,17,rsu(271m),1963,54590,0.3120,271,2.0221,5,8,-74.4653,-91.4550,direct,0.0500,27.2000,-84.3714
268,node[9],6,6241.3069,4376.0722,1.8950,8.5231,1.5929,2.6456,-833751137#17,-86.3538,-5.0000,100.0000,default,17,rsu(271m),1964,54623,0.0180,271,2.0208,2,2,-86.3538,-103.3435,direct,0.0500,27.2000,-84.4027
268.1,node[9],6,6240.5435,4375.6591,1.8950,8.6804,1.5731,2.6456,-833751137#17,-79.0347,0.1142,100.0000,default,17,rsu(270m),1965,54657,0.1911,270,2.0255,4,6,-79.0347,-96.0244,direct,0.0500,26.8000,-84.4360
268.2,node[9],6,6239.7669,4375.2388,1.8950,8.8305,1.5004,2.6456,-833751137#17,-74.5154,3.3575,100.0000,default,17,rsu(270m),1966,54691,0.5446,270,2.0164,6,10,-74.5154,-91.5051,direct,0.0500,26.8000,-84.4668
268.3,node[9],6,6238.9689,4374.8070,1.8950,9.0736,2.4312,2.6456,-833751137#17,-76.3612,1.8166,100.0000,default,17,rsu(269m),1967,54724,0.3562,269,2.0149,5,8,-76.3612,-93.3509,direct,0.0500,26.8000,-84.4953
268.4,node[9],6,6238.1516,4374.3648,1.8950,9.2930,2.1940,2.6456,-833751137#17,-76.1234,3.2573,100.0000,default,17,rsu(269m),1968,54758,0.5321,269,2.0194,6,10,-76.1234,-93.1131,direct,0.0500,26.8000,-84.5259
268.5,node[9],6,6237.3208,4373.9152,1.8950,9.4474,1.5441,2.6456,-833751137#17,-74.8838,1.3442,100.0000,default,17,rsu(268m),1969,54792,0.3041,268,2.0231,5,8,-74.8838,-91.8735,direct,0.0500,27.2000,-84.5541
268.6,node[9],6,6236.4712,4373.4554,1.8950,9.6601,2.1265,2.6456,-833751137#17,-75.5269,3.5645,100.0000,default,17,rsu(268m),1970,54826,0.5701,268,2.0215,6,10,-75.5269,-92.5166,direct,0.0500,27.2000,-84.5816
268.7,node[9],6,6235.6070,4372.9877,1.8950,9.8274,1.6731,2.6456,-833751137#17,-70.5147,4.2777,100.0000,default,17,rsu(267m),1971,54860,0.6545,267,2.0128,6,10,-70.5147,-87.5044,direct,0.0500,27.2000,-84.6084
268.8,node[9],6,6234.7304,4372.5134,1.8950,9.9676,1.4027,2.6456,-833751137#17,-75.5310,-0.7756,100.0000,default,17,rsu(267m),1972,54894,0.1315,267,2.0171,4,6,-75.5310,-92.5207,direct,0.0500,27.2000,-84.6343
268.9,node[9],6,6233.8418,4372.0325,1.8950,10.1035,1.3583,2.6456,-833751137#17,-71.6955,6.6444,100.0000,default,17,rsu(266m),1973,54927,0.8608,266,2.0153,7,12,-71.6955,-88.6852,direct,0.0500,26.8000,-84.6580
269,node[9],6,6232.9313,4371.5398,1.8950,10.3529,2.4943,2.6456,-833751137#17,-83.0649,-5.0000,100.0000,default,17,rsu(266m),1974,54960,0.0180,266,2.0135,2,2,-83.0649,-100.0546,direct,0.0500,26.8000,-84.6809
269.1,node[9],6,6232.0068,4371.0395,1.8950,10.5129,1.5998,2.6456,-833751137#17,-87.3837,-5.0000,100.0000,default,17,rsu(265m),1975,54994,0.0180,265,2.0168,2,2,-87.3837,-104.3734,direct,0.0500,26.8000,-84.7079
269.2,node[9],6,6231.0654,4370.5301,1.8950,10.7040,1.9110,2.6456,-833751137#17,-73.5491,4.4086,100.0000,default,17,rsu(264m),1976,55028,0.6691,264,2.0199,6,10,-73.5491,-90.5388,direct,0.0500,26.8000,-84.7310
269.3,node[9],6,6230.1050,4370.0104,1.8950,10.9209,2.1688,2.6456,-833751137#17,-73.3338,1.2449,100.0000,default,17,rsu(264m),1977,55062,0.2937,264,2.0240,5,8,-73.3338,-90.3235,direct,0.0500,27.2000,-84.7534
269.4,node[9],6,6229.1306,4369.4831,1.8950,11.0796,1.5870,2.6456,-833751137#17,-77.8293,-2.5901,100.0000,default,17,rsu(263m),1978,55096,0.0576,263,2.0150,3,4,-77.8293,-94.8190,direct,0.0500,27.2000,-84.7752
269.5,node[9],6,6228.1440,4368.9492,1.8950,11.2182,1.3866,2.6456,-833751137#17,-68.5259,7.2374,100.0000,default,17,rsu(263m),1979,55130,0.8927,263,2.0211,8,14,-68.5259,-85.5156,direct,0.0500,27.2000,-84.7964
269.6,node[9],6,6227.1415,4368.4067,1.8950,11.3995,1.8128,2.6456,-833751137#17,-79.0164,-2.4186,100.0000,default,16,rsu(262m),1980,55164,0.0624,262,2.0141,3,4,-79.0164,-96.0061,direct,0.0500,27.2000,-84.8851
269.7,node[9],6,6226.1209,4367.8544,1.8950,11.6048,2.0529,2.6456,-833751137#17,-80.1195,-3.0143,100.0000,default,16,rsu(261m),1981,55198,0.0471,261,2.0201,2,2,-80.1195,-97.1092,direct,0.0500,27.2000,-84.9056
269.8,node[9],6,6225.0795,4367.2909,1.8950,11.8418,2.3700,2.6456,-833751137#17,-75.0840,1.9375,100.0000,default,16,rsu(261m),1982,55231,0.3702,261,2.0200,5,8,-75.0840,-92.0737,direct,0.0500,27.2000,-84.9238
269.9,node[9],6,6224.0226,4366.7190,1.8950,12.0174,1.7561,2.6456,-833751137#17,-73.5432,0.6333,100.0000,default,16,rsu(260m),1983,55264,0.2344,260,2.0199,4,6,-73.5432,-90.5329,direct,0.0500,26.4000,-84.9413
270,node[9],6,6222.9445,4366.1355,1.8950,12.2595,2.4210,2.6456,-833751137#17,-69.7376,7.9479,100.0000,default,16,rsu(260m),1984,55298,0.9223,260,2.0197,8,14,-69.7376,-86.7273,direct,0.0500,26.4000,-84.9634
270.1,node[9],6,6221.8514,4365.5440,1.8950,12.4289,1.6938,2.6456,-833751137#17,-86.2965,-5.0000,100.0000,default,16,rsu(259m),1985,55332,0.0180,259,2.0254,2,2,-86.2965,-103.2862,direct,0.0500,27.2000,-84.9817
270.2,node[9],6,6220.7407,4364.9430,1.8950,12.6291,2.0026,2.6456,-833751137#17,-82.9947,-5.0000,100.0000,default,16,rsu(258m),1986,55366,0.0180,258,2.0251,2,2,-82.9947,-99.9844,direct,0.0500,27.2000,-84.9994
270.3,node[9],6,6219.6183,4364.3356,1.8950,12.7631,1.3394,2.6456,-833751137#17,-74.3100,1.0824,100.0000,default,16,rsu(258m),1987,55399,0.2771,258,2.0247,5,8,-74.3100,-91.2997,direct,0.0500,26.8000,-85.0149
270.4,node[9],6,6218.4819,4363.7207,1.8950,12.9211,1.5801,2.6456,-833751137#17,-80.7618,-5.0000,100.0000,default,16,rsu(257m),1988,55433,0.0180,257,2.0161,2,2,-80.7618,-97.7515,direct,0.0500,26.8000,-85.0333
270.5,node[9],6,6217.3300,4363.0973,1.8950,13.0979,1.7679,2.6456,-833751137#17,-67.9469,7.9780,100.0000,default,16,rsu(256m),1989,55467,0.9234,256,2.0205,8,14,-67.9469,-84.9366,direct,0.0500,27.2000,-85.0496
270.6,node[9],6,6216.1606,4362.4645,1.8950,13.2978,1.9995,2.6456,-833751137#17,-74.1871,4.0635,100.0000,default,16,rsu(256m),1990,55501,0.6299,256,2.0129,6,10,-74.1871,-91.1768,direct,0.0500,27.2000,-85.0654
270.7,node[9],6,6214.9763,4361.8236,1.8950,13.4659,1.6809,2.6456,-833751137#17,-75.6229,3.2224,100.0000,default,16,rsu(255m),1991,55535,0.5278,255,2.0252,6,10,-75.6229,-92.6126,direct,0.0500,27.2000,-85.0809
270.8,node[9],5,6213.7707,4361.1712,1.8950,13.7084,2.4248,2.6456,-833751137#17,-76.2718,1.0224,100.0000,default,17,rsu(254m),1992,55570,0.2711,254,2.0245,5,8,-76.2718,-93.2615,direct,0.0500,27.2000,-85.0890
270.9,node[9],5,6212.5483,4360.5097,1.8950,13.9004,1.9204,2.6456,-833751137#17,-71.3220,7.3830,100.0000,default,17,rsu(254m),1993,55605,0.8995,254,2.0238,8,14,-71.3220,-88.3117,direct,0.0500,28.0000,-85.1035
271,node[9],5,6211.3132,4359.8413,1.8950,14.0440,1.4356,2.6456,-833751137#17,-68.8489,6.8760,100.0000,default,17,rsu(253m),1994,55640,0.8741,253,2.0160,7,12,-68.8489,-85.8386,direct,0.0500,28.0000,-85.1175
271.1,node[9],5,6210.0616,4359.1641,1.8950,14.2313,1.8733,2.6456,-833751137#17,-74.1451,1.3134,100.0000,default,17,rsu(252m),1995,55675,0.3008,252,2.0211,5,8,-74.1451,-91.1348,direct,0.0500,28.0000,-85.1312
271.2,node[9],5,6208.7917,4358.4768,1.8950,14.4401,2.0880,2.6456,-833751137#17,-71.1583,3.3830,100.0000,default,17,rsu(252m),1996,55710,0.5477,252,2.0132,6,10,-71.1583,-88.1480,direct,0.0500,28.0000,-85.1444
271.3,node[9],5,6207.5054,4357.7808,1.8950,14.6254,1.8532,2.6456,-833751137#17,-68.6273,10.6324,100.0000,default,17,rsu(251m),1997,55745,0.9785,251,2.0170,9,16,-68.6273,-85.6170,direct,0.0500,28.0000,-85.1573
271.4,node[9],5,6206.2050,4357.0771,1.8950,14.7874,1.6192,2.6456,-833751137#17,-80.5965,-2.2558,100.0000,default,17,rsu(250m),1998,55780,0.0674,250,2.0159,3,4,-80.5965,-97.5862,direct,0.0500,28.0000,-85.1683
271.5,node[9],5,6204.8818,4356.3610,1.8950,15.0455,2.5817,2.6456,-833751137#17,-78.1755,-2.0818,100.0000,default,17,rsu(250m),1999,55816,0.0730,250,2.0196,3,4,-78.1755,-95.1652,direct,0.0500,28.4000,-85.1819
271.6,node[9],5,6203.5401,4355.6350,1.8950,15.2556,2.1009,2.6456,-833751137#17,-71.1041,7.9094,100.0000,default,17,rsu(249m),2000,55852,0.9209,249,2.0245,8,14,-71.1041,-88.0938,direct,0.0500,28.4000,-85.1937
271.7,node[9],5,6202.1829,4354.9006,1.8950,15.4328,1.7716,2.6456,-833751137#17,-77.7218,-0.2245,100.0000,default,17,rsu(248m),2001,55888,0.1663,248,2.0150,4,6,-77.7218,-94.7115,direct,0.0500,28.8000,-85.2052
271.8,node[9],5,6200.8128,4354.1592,1.8950,15.5785,1.4570,2.6456,-833751137#17,-78.2093,-2.9933,100.0000,default,17,rsu(248m),2002,55923,0.0476,248,2.0138,3,4,-78.2093,-95.1990,direct,0.0500,28.8000,-85.2149
271.9,node[9],5,6199.4219,4353.4065,1.8950,15.8157,2.3723,2.6456,-833751137#17,-68.4964,7.8737,100.0000,default,17,rsu(247m),2003,55959,0.9196,247,2.0185,8,14,-68.4964,-85.4861,direct,0.0500,28.4000,-85.2272
272,node[9],5,6198.0191,4352.6474,1.8950,15.9508,1.3505,2.6456,-833751137#17,-69.8730,5.5724,100.0000,default,17,rsu(246m),2004,55995,0.7835,246,2.0172,7,12,-69.8730,-86.8627,direct,0.0500,28.4000,-85.2377
272.1,node[9],5,6196.6018,4351.8804,1.8950,16.1166,1.6587,2.6456,-833751137#17,-78.8024,-2.5011,100.0000,default,17,rsu(246m),2005,56031,0.0601,246,2.0219,3,4,-78.8024,-95.7921,direct,0.0500,28.8000,-85.2479
272.2,node[9],5,6195.1665,4351.1037,1.8950,16.3204,2.0375,2.6456,-833751137#17,-71.5157,4.4620,100.0000,default,17,rsu(245m),2006,56067,0.6750,245,2.0135,6,10,-71.5157,-88.5054,direct,0.0500,28.8000,-85.2579
272.3,node[9],5,6193.7133,4350.3173,1.8950,16.5236,2.0324,2.6456,-833751137#17,-72.0267,6.6867,100.0000,default,17,rsu(244m),2007,56102,0.8633,244,2.0251,7,12,-72.0267,-89.0164,direct,0.0500,28.4000,-85.2663
272.4,node[9],5,6192.2479,4349.5243,1.8950,16.6624,1.3873,2.6456,-833751137#17,-81.2025,-2.5630,100.0000,default,17,rsu(244m),2008,56137,0.0583,244,2.0236,3,4,-81.2025,-98.1922,direct,0.0500,28.4000,-85.2744
272.5,node[9],5,6190.7630,4348.7208,1.8950,16.8845,2.2210,2.6456,-833751137#17,-77.0089,0.4439,100.0000,default,17,rsu(243m),2009,56172,0.2179,243,2.0221,4,6,-77.0089,-93.9986,direct,0.0500,28.0000,-85.2822
272.6,node[9],5,6189.2574,4347.9060,1.8950,17.1198,2.3534,2.6456,-833751137#17,-73.8052,3.2687,100.0000,default,16,rsu(242m),2010,56208,0.5335,242,2.0251,6,10,-73.8052,-90.7949,direct,0.0500,28.0000,-85.3712
272.7,node[9],5,6187.7353,4347.0823,1.8950,17.3082,1.8841,2.6456,-833751137#17,-78.5243,-3.8717,100.0000,default,16,rsu(242m),2011,56244,0.0312,242,2.0165,2,2,-78.5243,-95.5140,direct,0.0500,28.8000,-85.3800
272.8,node[9],5,6186.1998,4346.2514,1.8950,17.4590,1.5081,2.6456,-833751137#17,-79.4703,-3.8532,100.0000,default,16,rsu(241m),2012,56280,0.0315,241,2.0208,2,2,-79.4703,-96.4600,direct,0.0500,28.8000,-85.3886
272.9,node[9],5,6184.6444,4345.4097,1.8950,17.6867,2.2762,2.6456,-833751137#17,-69.8273,6.9626,100.0000,default,16,rsu(240m),2013,56316,0.8788,240,2.0191,7,12,-69.8273,-86.8170,direct,0.0500,28.8000,-85.3969
273,node[9],5,6183.0668,4344.5560,1.8950,17.9381,2.5146,2.6456,-833751137#17,-67.9279,8.8474,100.0000,default,16,rsu(240m),2014,56351,0.9490,240,2.0174,8,14,-67.9279,-84.9176,direct,0.0500,28.8000,-85.4037
273.1,node[9],5,6181.4739,4343.6940,1.8950,18.1128,1.7472,2.6456,-833751137#17,-70.5399,4.6470,100.0000,default,16,rsu(239m),2015,56387,0.6950,239,2.0157,6,10,-70.5399,-87.5296,direct,0.0500,28.4000,-85.4125
273.2,node[9],5,6179.8641,4342.8229,1.8950,18.3046,1.9180,2.6456,-833751137#17,-74.3968,3.9907,100.0000,default,16,rsu(238m),2016,56423,0.6214,238,2.0199,6,10,-74.3968,-91.3865,direct,0.0500,28.4000,-85.4198
273.3,node[9],5,6178.2405,4341.9443,1.8950,18.4616,1.5696,2.6456,-833751137#17,-70.5871,7.2391,100.0000,default,16,rsu(238m),2017,56458,0.8928,238,2.0180,8,14,-70.5871,-87.5768,direct,0.0500,28.4000,-85.4256
273.4,node[9],5,6176.5984,4341.0557,1.8950,18.6722,2.1056,2.6456,-833751137#17,-84.8502,-5.0000,100.0000,default,16,rsu(237m),2018,56494,0.0180,237,2.0221,2,2,-84.8502,-101.8399,direct,0.0500,28.4000,-85.4335
273.5,node[9],5,6174.9491,4340.1632,1.8950,18.7539,0.8172,2.6456,-833751137#17,-68.8681,9.1823,100.0000,default,16,rsu(236m),2019,56529,0.9565,236,2.0202,9,16,-68.8681,-85.8578,direct,0.0500,28.4000,-85.4388
273.6,node[9],5,6173.3072,4339.2747,1.8950,18.6694,-0.8447,2.6456,-833751137#17,-70.2431,6.4189,100.0000,default,16,rsu(236m),2020,56565,0.8468,236,2.0242,7,12,-70.2431,-87.2328,direct,0.0500,28.4000,-85.4462
273.7,node[9],5,6171.6586,4338.3826,1.8950,18.7454,0.7603,2.6456,-833751137#17,-68.5161,10.4892,100.0000,default,16,rsu(235m),2021,56601,0.9769,235,2.0152,9,16,-68.5161,-85.5058,direct,0.0500,28.8000,-85.4521
273.8,node[9],5,6170.0099,4337.4904,1.8950,18.7470,0.0158,2.6456,-833751137#17,-70.0036,7.1283,100.0000,default,16,rsu(235m),2022,56637,0.8874,235,2.0176,8,14,-70.0036,-86.9933,direct,0.0500,28.8000,-85.4579
273.9,node[9],5,6168.3594,4336.5972,1.8950,18.7679,0.2091,2.6456,-833751137#17,-69.0464,10.1215,100.0000,default,16,rsu(234m),2023,56672,0.9724,234,2.0155,9,16,-69.0464,-86.0361,direct,0.0500,28.4000,-85.4624
274,node[9],5,6166.7197,4335.7099,1.8950,18.6444,-1.2354,2.6456,-833751137#17,-71.1915,6.9072,100.0000,default,16,rsu(234m),2024,56708,0.8758,234,2.0178,7,12,-71.1915,-88.1812,direct,0.0500,28.4000,-85.4688
274.1,node[9],5,6165.0764,4334.8207,1.8950,18.6855,0.4116,2.6456,-833751137#17,-68.4009,9.8426,100.0000,default,16,rsu(233m),2025,56743,0.9684,233,2.0156,9,16,-68.4009,-85.3906,direct,0.0500,28.4000,-85.4730
274.2,node[9],5,6163.4334,4333.9315,1.8950,18.6827,-0.0289,2.6456,-833751137#17,-87.7595,-5.0000,100.0000,default,17,rsu(233m),2026,56779,0.0180,233,2.0134,2,2,-87.7595,-104.7492,direct,0.0500,28.4000,-85.4013
274.3,node[9],5,6161.7890,4333.0417,1.8950,18.6977,0.1502,2.6456,-833751137#17,-75.7663,3.5641,100.0000,default,17,rsu(232m),2027,56815,0.5701,232,2.0181,6,10,-75.7663,-92.7560,direct,0.0500,28.8000,-85.4059
274.4,node[9],5,6160.1417,4332.1503,1.8950,18.7310,0.3330,2.6456,-833751137#17,-69.9449,3.8205,100.0000,default,17,rsu(231m),2028,56850,0.6012,231,2.0167,6,10,-69.9449,-86.9346,direct,0.0500,28.8000,-85.4095
274.5,node[9],5,6158.4979,4331.2608,1.8950,18.6908,-0.4018,2.6456,-833751137#17,-70.9093,8.1900,100.0000,default,17,rsu(231m),2029,56885,0.9305,231,2.0153,8,14,-70.9093,-87.8990,direct,0.0500,28.0000,-85.4131
274.6,node[9],5,6156.8540,4330.3712,1.8950,18.6925,0.0172,2.6456,-833751137#17,-75.8266,1.1236,100.0000,default,17,rsu(231m),2030,56921,0.2813,231,2.0138,5,8,-75.8266,-92.8163,direct,0.0500,28.0000,-85.4191
274.7,node[9],5,6155.2141,4329.4838,1.8950,18.6469,-0.4566,2.6456,-833751137#17,-68.7033,7.0868,100.0000,default,17,rsu(230m),2031,56957,0.8853,230,2.0168,8,14,-68.7033,-85.6930,direct,0.0500,28.8000,-85.4233
274.8,node[9],5,6153.5643,4328.5910,1.8950,18.7599,1.1306,2.6456,-833751137#17,-70.3075,4.1803,100.0000,default,17,rsu(230m),2032,56993,0.6434,230,2.0212,6,10,-70.3075,-87.2972,direct,0.0500,28.8000,-85.4273
274.9,node[9],5,6151.9163,4327.6992,1.8950,18.7386,-0.2133,2.6456,-833751137#17,-74.3327,1.6807,100.0000,default,17,rsu(229m),2033,57029,0.3408,229,2.0256,5,8,-74.3327,-91.3224,direct,0.0500,28.8000,-85.4314
275,node[9],5,6150.2681,4326.8073,1.8950,18.7412,0.0264,2.6456,-833751137#17,-73.4116,5.0785,100.0000,default,17,rsu(229m),2034,57065,0.7387,229,2.0170,7,12,-73.4116,-90.4013,direct,0.0500,28.8000,-85.4350
275.1,node[9],5,6148.6218,4325.9164,1.8950,18.7198,-0.2145,2.6456,-833751137#17,-69.6479,8.0452,100.0000,default,17,rsu(228m),2035,57101,0.9257,228,2.0197,8,14,-69.6479,-86.6376,direct,0.0500,28.8000,-85.4383
275.2,node[9],5,6146.9785,4325.0271,1.8950,18.6861,-0.3367,2.6456,-833751137#17,-76.3883,-2.4539,100.0000,default,17,rsu(228m),2036,57137,0.0614,228,2.0240,3,4,-76.3883,-93.3780,direct,0.0500,28.8000,-85.4416
275.3,node[9],5,6145.3282,4324.1341,1.8950,18.7654,0.7928,2.6456,-833751137#17,-70.0844,8.8324,100.0000,default,17,rsu(228m),2037,57173,0.9486,228,2.0222,8,14,-70.0844,-87.0741,direct,0.0500,28.8000,-85.4448
275.4,node[9],5,6143.6814,4323.2429,1.8950,18.7254,-0.3998,2.6456,-833751137#17,-69.8823,3.9073,100.0000,default,17,rsu(227m),2038,57209,0.6115,227,2.0134,6,10,-69.8823,-86.8720,direct,0.0500,28.8000,-85.4480
275.5,node[9],5,6142.0405,4322.3550,1.8950,18.6581,-0.6732,2.6456,-833751137#17,-73.7496,1.8939,100.0000,default,17,rsu(227m),2039,57245,0.3652,227,2.0159,5,8,-73.7496,-90.7393,direct,0.0500,28.8000,-85.4512
275.6,node[9],5,6140.3923,4321.4630,1.8950,18.7415,0.8341,2.6456,-833751137#17,-72.5802,5.3564,100.0000,default,17,rsu(227m),2040,57280,0.7646,227,2.0140,7,12,-72.5802,-89.5699,direct,0.0500,28.8000,-85.4536
275.7,node[9],5,6138.7439,4320.5710,1.8950,18.7430,0.0151,2.6456,-833751137#17,-69.9118,5.8403,100.0000,default,17,rsu(226m),2041,57316,0.8054,226,2.0250,7,12,-69.9118,-86.9015,direct,0.0500,28.4000,-85.4576
275.8,node[9],5,6137.1000,4319.6815,1.8950,18.6926,-0.5040,2.6456,-833751137#17,-84.6711,-5.0000,100.0000,default,17,rsu(226m),2042,57352,0.0180,226,2.0143,2,2,-84.6711,-101.6608,direct,0.0500,28.4000,-85.4607
275.9,node[9],5,6135.4502,4318.7887,1.8950,18.7599,0.6725,2.6456,-833751137#17,-74.8979,1.8479,100.0000,default,17,rsu(226m),2043,57388,0.3598,226,2.0166,5,8,-74.8979,-91.8876,direct,0.0500,28.8000,-85.4639
276,node[9],5,6133.7995,4317.8954,1.8950,18.7692,0.0933,2.6456,-833751137#17,-74.7497,1.3290,100.0000,default,17,rsu(225m),2044,57424,0.3025,225,2.0205,5,8,-74.7497,-91.7394,direct,0.0500,28.8000,-85.4671
276.1,node[9],5,6132.1566,4317.0064,1.8950,18.6807,-0.8847,2.6456,-833751137#17,-68.1881,10.1992,100.0000,default,17,rsu(225m),2045,57459,0.9734,225,2.0141,9,16,-68.1881,-85.1778,direct,0.0500,28.4000,-85.4695
276.2,node[9],5,6130.5094,4316.1150,1.8950,18.7299,0.4920,2.6456,-833751137#17,-72.9594,1.4697,100.0000,default,17,rsu(225m),2046,57495,0.3175,225,2.0137,5,8,-72.9594,-89.9491,direct,0.0500,28.4000,-85.4735
276.3,node[9],5,6128.8586,4315.2217,1.8950,18.7717,0.4174,2.6456,-833751137#17,-83.3073,-5.0000,100.0000,default,17,rsu(225m),2047,57531,0.0180,225,2.0132,2,2,-83.3073,-100.2970,direct,0.0500,28.8000,-85.4767
276.4,node[9],5,6127.2077,4314.3283,1.8950,18.7717,0.0000,2.6456,-833751137#17,-72.8325,1.6843,100.0000,default,17,rsu(225m),2048,57567,0.3412,225,2.0257,5,8,-72.8325,-89.8222,direct,0.0500,28.8000,-85.4800
276.5,node[9],5,6125.5668,4313.4404,1.8950,18.6579,-1.1376,2.6456,-833751137#17,-74.9089,0.9661,100.0000,default,17,rsu(224m),2049,57602,0.2656,224,2.0191,4,6,-74.9089,-91.8986,direct,0.0500,28.4000,-85.4825
276.6,node[9],5,6123.9247,4312.5518,1.8950,18.6718,0.1390,2.6456,-833751137#17,-81.0934,-5.0000,100.0000,default,17,rsu(224m),2050,57637,0.0180,224,2.0255,2,2,-81.0934,-98.0831,direct,0.0500,28.4000,-85.4850
276.7,node[9],5,6122.2839,4311.6638,1.8950,18.6580,-0.1379,2.6456,-833751137#17,-71.4739,7.1492,100.0000,default,17,rsu(224m),2051,57673,0.8884,224,2.0248,8,14,-71.4739,-88.4636,direct,0.0500,28.4000,-85.4900
276.8,node[9],5,6120.6382,4310.7733,1.8950,18.7128,0.5479,2.6456,-833751137#17,-74.9028,2.2342,100.0000,default,17,rsu(224m),2052,57709,0.4054,224,2.0241,5,8,-74.9028,-91.8925,direct,0.0500,28.4000,-85.4934
276.9,node[9],5,6118.9934,4309.8832,1.8950,18.7029,-0.0992,2.6456,-833751137#17,-79.3913,-0.7233,100.0000,default,17,rsu(224m),2053,57745,0.1345,224,2.0234,4,6,-79.3913,-96.3810,direct,0.0500,28.8000,-85.4969
277,node[9],5,6117.3427,4308.9900,1.8950,18.7690,0.6612,2.6456,-833751137#17,-70.4011,8.7219,100.0000,default,17,rsu(224m),2054,57780,0.9459,224,2.0166,8,14,-70.4011,-87.3908,direct,0.0500,28.8000,-85.4996
277.1,node[9],5,6115.6971,4308.0995,1.8950,18.7115,-0.5753,2.6456,-833751137#17,-74.0216,3.5227,100.0000,default,17,rsu(224m),2055,57816,0.5650,224,2.0141,6,10,-74.0216,-91.0113,direct,0.0500,28.4000,-85.5040
277.2,node[9],5,6114.0527,4307.2096,1.8950,18.6982,-0.1325,2.6456,-833751137#17,-70.2957,5.4211,100.0000,default,17,rsu(224m),2056,57852,0.7704,224,2.0132,7,12,-70.2957,-87.2854,direct,0.0500,28.4000,-85.5076
277.3,node[9],5,6112.4105,4306.3209,1.8950,18.6740,-0.2421,2.6456,-833751137#17,-71.5376,3.9473,100.0000,default,17,rsu(223m),2057,57888,0.6162,223,2.0253,6,10,-71.5376,-88.5273,direct,0.0500,28.8000,-85.5113
277.4,node[9],5,6110.7703,4305.4333,1.8950,18.6498,-0.2419,2.6456,-833751137#17,-75.9214,-1.1001,100.0000,default,17,rsu(223m),2058,57923,0.1140,223,2.0183,3,4,-75.9214,-92.9111,direct,0.0500,28.8000,-85.5143
277.5,node[9],5,6109.1229,4304.5418,1.8950,18.7328,0.8298,2.6456,-833751137#17,-78.8040,-1.6963,100.0000,default,17,rsu(223m),2059,57959,0.0872,223,2.0173,3,4,-78.8040,-95.7937,direct,0.0500,28.4000,-85.5189
277.6,node[9],5,6107.4774,4303.6514,1.8950,18.7100,-0.2279,2.6456,-833751137#17,-73.0785,3.7000,100.0000,default,17,rsu(223m),2060,57995,0.5866,223,2.0162,6,10,-73.0785,-90.0682,direct,0.0500,28.4000,-85.5228
277.7,node[9],5,6105.8360,4302.7632,1.8950,18.6643,-0.4571,2.6456,-833751137#17,-76.9104,-1.3768,100.0000,default,17,rsu(223m),2061,58031,0.1008,223,2.0150,3,4,-76.9104,-93.9001,direct,0.0500,28.8000,-85.5268
277.8,node[9],5,6104.1891,4301.8720,1.8950,18.7263,0.6201,2.6456,-833751137#17,-69.6636,9.3362,100.0000,default,17,rsu(223m),2062,58067,0.9596,223,2.0251,9,16,-69.6636,-86.6533,direct,0.0500,28.8000,-85.5308
277.9,node[9],5,6102.5407,4300.9800,1.8950,18.7434,0.1709,2.6456,-833751137#17,-70.0845,4.7771,100.0000,default,17,rsu(223m),2063,58103,0.7086,223,2.0221,6,10,-70.0845,-87.0742,direct,0.0500,28.8000,-85.5350
278,node[9],5,6100.8916,4300.0876,1.8950,18.7514,0.0806,2.6456,-833751137#17,-71.6177,5.7987,100.0000,default,17,rsu(223m),2064,58139,0.8021,223,2.0190,7,12,-71.6177,-88.6074,direct,0.0500,28.8000,-85.5393
278.1,node[9],5,6099.2514,4299.2000,1.8950,18.6510,-1.0048,2.6456,-833751137#17,-69.6025,6.0913,100.0000,default,17,rsu(223m),2065,58174,0.8243,223,2.0247,7,12,-69.6025,-86.5922,direct,0.0500,28.4000,-85.5430
278.2,node[9],5,6097.6007,4298.3067,1.8950,18.7695,1.1856,2.6456,-833751137#17,-68.9630,6.1513,100.0000,default,17,rsu(224m),2066,58209,0.8286,224,2.0173,7,12,-68.9630,-85.9527,direct,0.0500,28.4000,-85.5468
278.3,node[9],5,6095.9499,4297.4135,1.8950,18.7644,-0.0510,2.6456,:8595538810_4,-69.8546,8.1015,100.0000,default,17,rsu(224m),2067,58244,0.9276,224,2.0229,8,14,-69.8546,-86.8443,direct,0.0500,28.0000,-85.5508
278.4,node[9],5,6094.3027,4296.5222,1.8950,18.7207,-0.4375,2.6456,:8595538810_4,-71.6493,6.9519,100.0000,default,17,rsu(224m),2068,58280,0.8783,224,2.0214,7,12,-71.6493,-88.6390,direct,0.0500,28.0000,-85.5580
278.5,node[9],5,6092.6511,4295.6286,1.8950,18.7694,0.4877,2.6456,:8595538810_4,-74.0568,5.1122,100.0000,default,17,rsu(224m),2069,58315,0.7419,224,2.0138,7,12,-74.0568,-91.0465,direct,0.0500,28.4000,-85.5623
278.6,node[9],5,6091.0106,4294.7410,1.8950,18.6440,-1.2543,2.6456,:8595538810_4,-70.9327,6.8618,100.0000,default,17,rsu(224m),2070,58351,0.8733,224,2.0252,7,12,-70.9327,-87.9224,direct,0.0500,28.4000,-85.5683
278.7,node[9],5,6089.3593,4293.8475,1.8950,18.7667,1.2273,2.6456,:8595538810_4,-65.3010,9.0982,100.0000,default,17,rsu(224m),2071,58387,0.9547,224,2.0235,9,16,-65.3010,-82.2907,direct,0.0500,28.8000,-85.5736
278.8,node[9],5,6087.7113,4292.9558,1.8950,18.7342,-0.3256,2.6456,-833751137#16,-67.4374,10.1786,100.0000,default,17,rsu(224m),2072,58423,0.9731,224,2.0218,9,16,-67.4374,-84.4271,direct,0.0500,28.8000,-85.5791
278.9,node[9],5,6086.0685,4292.0668,1.8950,18.6798,-0.5437,2.6456,-833751137#16,-74.4782,2.7452,100.0000,default,17,rsu(225m),2073,58459,0.4682,225,2.0200,5,8,-74.4782,-91.4679,direct,0.0500,28.8000,-85.5847
279,node[9],5,6084.4179,4291.1736,1.8950,18.7678,0.8800,2.6456,-833751137#16,-74.6644,4.5801,100.0000,default,17,rsu(225m),2074,58494,0.6878,225,2.0252,6,10,-74.6644,-91.6541,direct,0.0500,28.8000,-85.5897
279.1,node[9],5,6082.7741,4290.2840,1.8950,18.6914,-0.7643,2.6456,-833751137#16,-70.9293,5.7739,100.0000,default,17,rsu(225m),2075,58529,0.8001,225,2.0173,7,12,-70.9293,-87.9190,direct,0.0500,28.0000,-85.5948
279.2,node[9],5,6081.1343,4289.3967,1.8950,18.6444,-0.4696,2.6456,-833751137#16,-79.4134,-0.0812,100.0000,default,17,rsu(225m),2076,58564,0.1764,225,2.0224,4,6,-79.4134,-96.4031,direct,0.0500,28.0000,-85.6000
279.3,node[9],5,6079.4930,4288.5085,1.8950,18.6630,0.1853,2.6456,-833751137#16,-82.5320,-3.6378,100.0000,default,17,rsu(225m),2077,58600,0.0349,225,2.0204,2,2,-82.5320,-99.5217,direct,0.0500,28.4000,-85.6085
279.4,node[9],5,6077.8421,4287.6152,1.8950,18.7709,1.0792,2.6456,-833751137#16,-74.9060,3.4360,100.0000,default,17,rsu(226m),2078,58635,0.5543,226,2.0253,6,10,-74.9060,-91.8957,direct,0.0500,28.4000,-85.6140
279.5,node[9],5,6076.1998,4286.7264,1.8950,18.6745,-0.9636,2.6456,-833751137#16,-68.4715,6.6482,100.0000,default,17,rsu(226m),2079,58671,0.8611,226,2.0232,7,12,-68.4715,-85.4612,direct,0.0500,28.4000,-85.6212
279.6,node[9],5,6074.5502,4285.8338,1.8950,18.7564,0.8193,2.6456,-833751137#16,-69.0065,8.7129,100.0000,default,17,rsu(226m),2080,58707,0.9457,226,2.0191,8,14,-69.0065,-85.9962,direct,0.0500,28.4000,-85.6278
279.7,node[9],5,6072.9089,4284.9456,1.8950,18.6625,-0.9390,2.6456,-833751137#16,-92.4864,-5.0000,100.0000,default,17,rsu(227m),2081,58743,0.0180,227,2.0188,2,2,-92.4864,-109.4761,direct,0.0500,28.8000,-85.6344
279.8,node[9],5,6071.2615,4284.0541,1.8950,18.7310,0.6848,2.6456,-833751137#16,-78.6604,-0.2621,100.0000,default,17,rsu(227m),2082,58778,0.1637,227,2.0236,4,6,-78.6604,-95.6501,direct,0.0500,28.8000,-85.6405
279.9,node[9],5,6069.6113,4283.1611,1.8950,18.7645,0.3344,2.6456,-833751137#16,-67.3770,10.2107,100.0000,default,17,rsu(227m),2083,58813,0.9735,227,2.0153,9,16,-67.3770,-84.3667,direct,0.0500,28.0000,-85.6466
280,node[9],5,6067.9671,4282.2713,1.8950,18.6955,-0.6896,2.6456,-833751137#16,-72.3371,4.5201,100.0000,default,17,rsu(228m),2084,58848,0.6814,228,2.0255,6,10,-72.3371,-89.3268,direct,0.0500,28.0000,-85.6552
280.1,node[9],5,6066.3270,4281.3838,1.8950,18.6486,-0.4690,2.6456,-833751137#16,-85.2431,-5.0000,100.0000,default,17,rsu(228m),2085,58884,0.0180,228,2.0250,2,2,-85.2431,-102.2328,direct,0.0500,28.4000,-85.6623
280.2,node[9],5,6064.6788,4280.4919,1.8950,18.7406,0.9199,2.6456,-833751137#16,-76.9016,0.4166,100.0000,default,17,rsu(228m),2086,58918,0.2156,228,2.0160,4,6,-76.9016,-93.8913,direct,0.0500,28.4000,-85.6688
280.3,node[9],5,6063.0363,4279.6031,1.8950,18.6760,-0.6458,2.6456,-833751137#16,-70.4566,6.0261,100.0000,default,17,rsu(229m),2087,58953,0.8195,229,2.0223,7,12,-70.4566,-87.4463,direct,0.0500,27.6000,-85.6755
280.4,node[9],5,6061.3957,4278.7153,1.8950,18.6545,-0.2147,2.6456,-833751137#16,-75.3807,1.8687,100.0000,default,17,rsu(229m),2088,58988,0.3622,229,2.0156,5,8,-75.3807,-92.3704,direct,0.0500,27.6000,-85.6822
280.5,node[9],5,6059.7541,4277.8269,1.8950,18.6660,0.1142,2.6456,-833751137#16,-69.4116,8.6134,100.0000,default,17,rsu(230m),2089,59023,0.9430,230,2.0217,8,14,-69.4116,-86.4013,direct,0.0500,28.0000,-85.6890
280.6,node[9],5,6058.1059,4276.9350,1.8950,18.7399,0.7398,2.6456,-833751137#16,-69.9258,9.3968,100.0000,default,15,rsu(230m),2090,59059,0.9608,230,2.0208,9,16,-69.9258,-86.9155,direct,0.0500,28.0000,-85.8682
280.7,node[9],5,6056.4634,4276.0462,1.8950,18.6768,-0.6311,2.6456,-833751137#16,-69.6742,9.3633,100.0000,default,15,rsu(230m),2091,59095,0.9601,230,2.0198,9,16,-69.6742,-86.6639,direct,0.0500,28.8000,-85.8763
280.8,node[9],5,6054.8198,4275.1568,1.8950,18.6884,0.1154,2.6456,-833751137#16,-76.2365,0.1506,100.0000,default,15,rsu(231m),2092,59130,0.1939,231,2.0239,4,6,-76.2365,-93.2262,direct,0.0500,28.8000,-85.8838
280.9,node[9],5,6053.1782,4274.2685,1.8950,18.6652,-0.2321,2.6456,-833751137#16,-72.6669,3.9512,100.0000,default,15,rsu(231m),2093,59166,0.6167,231,2.0227,6,10,-72.6669,-89.6566,direct,0.0500,28.4000,-85.8928
281,node[9],5,6051.5294,4273.3762,1.8950,18.7486,0.8342,2.6456,-833751137#16,-67.6311,8.1148,100.0000,default,15,rsu(232m),2094,59201,0.9281,232,2.0136,8,14,-67.6311,-84.6208,direct,0.0500,28.4000,-85.9005
281.1,node[9],5,6049.8831,4272.4853,1.8950,18.7184,-0.3020,2.6456,-833751137#16,-73.3461,4.2987,100.0000,default,15,rsu(232m),2095,59237,0.6569,232,2.0232,6,10,-73.3461,-90.3358,direct,0.0500,28.4000,-85.9098
281.2,node[9],5,6048.2340,4271.5929,1.8950,18.7511,0.3271,2.6456,-833751137#16,-71.9469,4.2794,100.0000,default,15,rsu(233m),2096,59272,0.6547,233,2.0195,6,10,-71.9469,-88.9366,direct,0.0500,28.4000,-85.9177
281.3,node[9],5,6046.5884,4270.7024,1.8950,18.7119,-0.3920,2.6456,-833751137#16,-74.5351,1.2596,100.0000,default,15,rsu(233m),2097,59308,0.2952,233,2.0181,5,8,-74.5351,-91.5248,direct,0.0500,28.4000,-85.9257
281.4,node[9],5,6044.9443,4269.8127,1.8950,18.6936,-0.1827,2.6456,-833751137#16,-76.4927,2.2503,100.0000,default,15,rsu(234m),2098,59343,0.4074,234,2.0250,5,8,-76.4927,-93.4824,direct,0.0500,28.4000,-85.9337
281.5,node[9],5,6043.3011,4268.9235,1.8950,18.6847,-0.0891,2.6456,-833751137#16,-71.6590,5.9554,100.0000,default,15,rsu(235m),2099,59378,0.8142,235,2.0189,7,12,-71.6590,-88.6487,direct,0.0500,28.0000,-85.9419
281.6,node[9],5,6041.6539,4268.0321,1.8950,18.7289,0.4418,2.6456,-833751137#16,-72.4906,5.3367,100.0000,default,15,rsu(235m),2100,59414,0.7628,235,2.0173,7,12,-72.4906,-89.4803,direct,0.0500,28.0000,-85.9501
281.7,node[9],5,6040.0056,4267.1402,1.8950,18.7423,0.1342,2.6456,-833751137#16,-73.2119,4.5502,100.0000,default,15,rsu(236m),2101,59450,0.6846,236,2.0156,6,10,-73.2119,-90.2016,direct,0.0500,28.8000,-85.9585
281.8,node[9],5,6038.3588,4266.2490,1.8950,18.7246,-0.1772,2.6456,-833751137#16,-71.3834,5.6539,100.0000,default,15,rsu(236m),2102,59486,0.7903,236,2.0138,7,12,-71.3834,-88.3731,direct,0.0500,28.8000,-85.9669
281.9,node[9],5,6036.7129,4265.3583,1.8950,18.7149,-0.0966,2.6456,-833751137#16,-78.2160,0.8409,100.0000,default,15,rsu(237m),2103,59521,0.2536,237,2.0170,4,6,-78.2160,-95.2057,direct,0.0500,28.4000,-85.9754
282,node[9],5,6035.0626,4264.4653,1.8950,18.7651,0.5017,2.6456,-833751137#16,-70.3331,5.3644,100.0000,default,15,rsu(238m),2104,59556,0.7653,238,2.0221,7,12,-70.3331,-87.3228,direct,0.0500,28.4000,-85.9840
282.1,node[9],5,6033.4150,4263.5737,1.8950,18.7340,-0.3108,2.6456,-833751137#16,-74.2110,3.0443,100.0000,default,15,rsu(238m),2105,59591,0.5055,238,2.0142,6,10,-74.2110,-91.2007,direct,0.0500,28.0000,-85.9927
282.2,node[9],5,6031.7647,4262.6807,1.8950,18.7640,0.3002,2.6456,-833751137#16,-76.4857,2.2101,100.0000,default,15,rsu(239m),2106,59627,0.4025,239,2.0252,5,8,-76.4857,-93.4754,direct,0.0500,28.0000,-86.0014
282.3,node[9],5,6030.1243,4261.7929,1.8950,18.6528,-1.1121,2.6456,-833751137#16,-81.0344,-5.0000,100.0000,default,15,rsu(240m),2107,59663,0.0180,240,2.0208,2,2,-81.0344,-98.0241,direct,0.0500,28.8000,-86.0101
282.4,node[9],5,6028.4826,4260.9046,1.8950,18.6664,0.1360,2.6456,-833751137#16,-87.2221,-5.0000,100.0000,default,15,rsu(240m),2108,59699,0.0180,240,2.0186,2,2,-87.2221,-104.2118,direct,0.0500,28.8000,-86.0190
282.5,node[9],5,6026.8409,4260.0162,1.8950,18.6668,0.0034,2.6456,-833751137#16,-78.0819,-1.1402,100.0000,default,15,rsu(241m),2109,59734,0.1120,241,2.0234,3,4,-78.0819,-95.0716,direct,0.0500,28.4000,-86.0278
282.6,node[9],5,6025.1933,4259.1246,1.8950,18.7347,0.6793,2.6456,-833751137#16,-71.1058,6.3849,100.0000,default,15,rsu(242m),2110,59770,0.8445,242,2.0211,7,12,-71.1058,-88.0955,direct,0.0500,28.4000,-86.0368
282.7,node[9],5,6023.5499,4258.2353,1.8950,18.6853,-0.4943,2.6456,-833751137#16,-77.7806,1.3601,100.0000,default,15,rsu(242m),2111,59806,0.3058,242,2.0164,5,8,-77.7806,-94.7703,direct,0.0500,28.8000,-86.0458
282.8,node[9],5,6021.8994,4257.3421,1.8950,18.7670,0.8174,2.6456,-833751137#16,-78.6204,-1.4360,100.0000,default,15,rsu(243m),2112,59842,0.0981,243,2.0247,3,4,-78.6204,-95.6101,direct,0.0500,28.8000,-86.0549
282.9,node[9],5,6020.2488,4256.4489,1.8950,18.7691,0.0211,2.6456,-833751137#16,-71.9750,6.3885,100.0000,default,15,rsu(244m),2113,59878,0.8448,244,2.0222,7,12,-71.9750,-88.9647,direct,0.0500,28.8000,-86.0640
283,node[9],5,6018.6064,4255.5601,1.8950,18.6741,-0.9498,2.6456,-833751137#16,-76.3675,2.1837,100.0000,default,15,rsu(245m),2114,59914,0.3994,245,2.0173,5,8,-76.3675,-93.3572,direct,0.0500,28.8000,-86.0732
283.1,node[9],5,6016.9637,4254.6712,1.8950,18.6781,0.0401,2.6456,-833751137#16,-68.3373,9.0080,100.0000,default,15,rsu(245m),2115,59950,0.9528,245,2.0253,9,16,-68.3373,-85.3270,direct,0.0500,28.8000,-86.0824
283.2,node[9],5,6015.3152,4253.7791,1.8950,18.7443,0.6615,2.6456,-833751137#16,-75.5143,-1.4924,100.0000,default,15,rsu(246m),2116,59986,0.0957,246,2.0182,3,4,-75.5143,-92.5040,direct,0.0500,28.8000,-86.0916
283.3,node[9],5,6013.6743,4252.8911,1.8950,18.6583,-0.8601,2.6456,-833751137#16,-74.8239,3.4618,100.0000,default,15,rsu(247m),2117,60022,0.5575,247,2.0260,6,10,-74.8239,-91.8136,direct,0.0500,28.8000,-86.1009
283.4,node[9],5,6012.0304,4252.0016,1.8950,18.6919,0.3360,2.6456,-833751137#16,-70.1620,7.1647,100.0000,default,15,rsu(248m),2118,60056,0.8892,248,2.0146,8,14,-70.1620,-87.1517,direct,0.0500,28.8000,-86.1102
283.5,node[9],5,6010.3812,4251.1091,1.8950,18.7524,0.6051,2.6456,-833751137#16,-77.7756,-2.2044,100.0000,default,15,rsu(249m),2119,60091,0.0690,249,2.0187,3,4,-77.7756,-94.7653,direct,0.0500,27.6000,-86.1196
283.6,node[9],5,6008.7362,4250.2189,1.8950,18.7043,-0.4812,2.6456,-833751137#16,-75.8081,2.5231,100.0000,default,15,rsu(249m),2120,60126,0.4407,249,2.0227,5,8,-75.8081,-92.7978,direct,0.0500,27.6000,-86.1289
283.7,node[9],5,6007.0878,4249.3269,1.8950,18.7426,0.3836,2.6456,-833751137#16,-73.2639,4.8002,100.0000,default,15,rsu(250m),2121,60162,0.7110,250,2.0197,6,10,-73.2639,-90.2536,direct,0.0500,28.4000,-86.1384
283.8,node[9],5,6005.4450,4248.4379,1.8950,18.6800,-0.6264,2.6456,-833751137#16,-82.8238,-5.0000,100.0000,default,15,rsu(251m),2122,60196,0.0180,251,2.0210,2,2,-82.8238,-99.8135,direct,0.0500,28.4000,-86.1478
283.9,node[9],5,6003.8038,4247.5498,1.8950,18.6613,-0.1868,2.6456,-833751137#16,-81.8823,-5.0000,100.0000,default,15,rsu(252m),2123,60231,0.0180,252,2.0217,2,2,-81.8823,-98.8720,direct,0.0500,27.6000,-86.1572
284,node[9],5,6002.1553,4246.6577,1.8950,18.7446,0.8328,2.6456,-833751137#16,-70.6538,4.2383,100.0000,default,15,rsu(253m),2124,60266,0.6500,253,2.0254,6,10,-70.6538,-87.6435,direct,0.0500,27.6000,-86.1667
284.1,node[9],5,6000.5084,4245.7665,1.8950,18.7254,-0.1919,2.6456,-833751137#16,-73.2259,2.1201,100.0000,default,15,rsu(254m),2125,60302,0.3918,254,2.0201,5,8,-73.2259,-90.2156,direct,0.0500,28.4000,-86.1762
284.2,node[9],5,5998.8657,4244.8776,1.8950,18.6779,-0.4753,2.6456,-833751137#16,-74.3304,1.0536,100.0000,default,15,rsu(255m),2126,60338,0.2742,255,2.0142,5,8,-74.3304,-91.3201,direct,0.0500,28.4000,-86.1857
284.3,node[9],5,5997.2239,4243.9891,1.8950,18.6690,-0.0890,2.6456,-833751137#16,-74.9080,-0.5421,100.0000,default,15,rsu(256m),2127,60374,0.1454,256,2.0238,4,6,-74.9080,-91.8977,direct,0.0500,28.8000,-86.1952
284.4,node[9],5,5995.5762,4243.0975,1.8950,18.7346,0.6563,2.6456,-833751137#16,-76.9953,0.1010,100.0000,default,15,rsu(256m),2128,60409,0.1901,256,2.0253,4,6,-76.9953,-93.9850,direct,0.0500,28.8000,-86.2048
284.5,node[9],5,5993.9358,4242.2098,1.8950,18.6522,-0.8245,2.6456,-833751137#16,-77.4153,-1.9977,100.0000,default,15,rsu(257m),2129,60444,0.0759,257,2.0157,3,4,-77.4153,-94.4050,direct,0.0500,28.0000,-86.2143
284.6,node[9],5,5992.2951,4241.3219,1.8950,18.6556,0.0346,2.6456,-833751137#16,-73.4320,4.4605,100.0000,default,15,rsu(258m),2130,60477,0.6749,258,2.0153,6,10,-73.4320,-90.4217,direct,0.0500,28.0000,-86.2236
284.7,node[9],5,5990.6508,4240.4321,1.8950,18.6962,0.4062,2.6456,-833751137#16,-71.7134,2.8264,100.0000,default,15,rsu(259m),2131,60512,0.4783,259,2.0209,5,8,-71.7134,-88.7031,direct,0.0500,27.2000,-86.2334
284.8,node[9],5,5989.0091,4239.5437,1.8950,18.6677,-0.2851,2.6456,-833751137#16,-73.0729,3.4271,100.0000,default,15,rsu(260m),2132,60547,0.5532,260,2.0232,6,10,-73.0729,-90.0626,direct,0.0500,27.2000,-86.2430
284.9,node[9],5,5987.3612,4238.6520,1.8950,18.7373,0.6961,2.6456,-833751137#16,-70.8095,4.1917,100.0000,default,15,rsu(261m),2133,60582,0.6447,261,2.0253,6,10,-70.8095,-87.7992,direct,0.0500,28.0000,-86.2525
285,node[9],5,5985.7187,4237.7632,1.8950,18.6751,-0.6220,2.6456,-833751137#16,-76.3642,-1.8500,100.0000,default,15,rsu(262m),2134,60618,0.0813,262,2.0178,3,4,-76.3642,-93.3539,direct,0.0500,28.0000,-86.2621
285.1,node[9],5,5984.0685,4236.8777,1.8950,18.7241,0.4896,2.6469,:227528208_0,-72.6208,6.1029,100.0000,default,15,rsu(263m),2135,60654,0.8251,263,2.0259,7,12,-72.6208,-89.6105,direct,0.0500,28.8000,-86.2717
285.2,node[9],5,5982.4191,4235.9967,1.8950,18.6937,-0.3039,2.6489,:227528208_0,-68.6276,9.8586,100.0000,default,15,rsu(264m),2136,60690,0.9686,264,2.0182,9,16,-68.6276,-85.6173,direct,0.0500,28.8000,-86.2812
285.3,node[9],5,5980.7683,4235.1150,1.8950,18.7092,0.1546,2.6510,:227528208_0,-72.7349,6.5590,100.0000,default,15,rsu(265m),2137,60726,0.8556,265,2.0215,7,12,-72.7349,-89.7246,direct,0.0500,28.8000,-86.2907
285.4,node[9],5,5979.1223,4234.2359,1.8950,18.6536,-0.5552,2.6510,:227528208_0,-74.1695,0.7769,100.0000,default,15,rsu(266m),2138,60762,0.2476,266,2.0163,4,6,-74.1695,-91.1592,direct,0.0500,28.8000,-86.3002
285.5,node[9],5,5977.4768,4233.3569,1.8950,18.6501,-0.0356,2.6510,:227528208_0,-77.6139,-0.1880,100.0000,default,15,rsu(267m),2139,60798,0.1688,267,2.0240,4,6,-77.6139,-94.6036,direct,0.0500,28.8000,-86.3097
285.6,node[9],5,5975.8247,4232.4745,1.8950,18.7237,0.7359,2.6510,:227528208_0,-68.2625,7.4840,100.0000,default,15,rsu(268m),2140,60834,0.9040,268,2.0187,8,14,-68.2625,-85.2522,direct,0.0500,28.8000,-86.3192
285.7,node[9],5,5974.1765,4231.5942,1.8950,18.6789,-0.4477,2.6510,:227528208_0,-74.2281,4.9894,100.0000,default,15,rsu(269m),2141,60868,0.7300,269,2.0235,6,10,-74.2281,-91.2178,direct,0.0500,28.0000,-86.3285
285.8,node[9],5,5972.5290,4230.7142,1.8950,18.6724,-0.0650,2.6510,:227528208_0,-78.3279,0.4110,100.0000,default,15,rsu(270m),2142,60904,0.2151,270,2.0181,4,6,-78.3279,-95.3176,direct,0.0500,28.0000,-86.3382
285.9,node[9],5,5970.8747,4229.8418,1.8950,18.7005,0.2811,2.6530,-833751137#15,-74.1212,3.9946,100.0000,default,15,rsu(271m),2143,60939,0.6218,271,2.0232,6,10,-74.1212,-91.1109,direct,0.0500,28.4000,-86.3476
286,node[9],5,5969.2241,4228.9723,1.8950,18.6544,-0.4611,2.6551,-833751137#15,-68.7124,7.1744,100.0000,default,15,rsu(272m),2144,60974,0.8897,272,2.0262,8,14,-68.7124,-85.7021,direct,0.0500,28.4000,-86.3570
286.1,node[9],5,5967.5700,4228.1009,1.8950,18.6952,0.4082,2.6567,-833751137#15,-77.9090,-2.8633,100.0000,default,15,rsu(273m),2145,61010,0.0506,273,2.0242,3,4,-77.9090,-94.8987,direct,0.0500,28.4000,-86.3664
286.2,node[9],5,5965.9141,4227.2286,1.8950,18.7146,0.1938,2.6567,-833751137#15,-76.9750,1.2062,100.0000,default,15,rsu(274m),2146,61046,0.2897,274,2.0221,5,8,-76.9750,-93.9647,direct,0.0500,28.4000,-86.3758
286.3,node[9],5,5964.2566,4226.3554,1.8950,18.7329,0.1832,2.6567,-833751137#15,-75.3765,3.7756,100.0000,default,15,rsu(275m),2147,61081,0.5958,275,2.0249,6,10,-75.3765,-92.3662,direct,0.0500,28.4000,-86.3852
286.4,node[9],5,5962.5998,4225.4827,1.8950,18.7242,-0.0878,2.6567,-833751137#15,-73.9361,2.8645,100.0000,default,15,rsu(277m),2148,61116,0.4831,277,2.0166,5,8,-73.9361,-90.9258,direct,0.0500,28.4000,-86.3946
286.5,node[9],5,5960.9461,4224.6115,1.8950,18.6901,-0.3404,2.6567,-833751137#15,-79.5303,-1.7983,100.0000,default,15,rsu(278m),2149,61151,0.0832,278,2.0214,3,4,-79.5303,-96.5200,direct,0.0500,28.0000,-86.4039
286.6,node[9],5,5959.2943,4223.7413,1.8950,18.6688,-0.2128,2.6567,-833751137#15,-71.6021,6.7146,100.0000,default,14,rsu(279m),2150,61187,0.8650,279,2.0142,7,12,-71.6021,-88.5918,direct,0.0500,28.0000,-86.5122
286.7,node[9],5,5957.6347,4222.8671,1.8950,18.7567,0.8788,2.6567,-833751137#15,-74.5848,1.6725,100.0000,default,14,rsu(280m),2151,61223,0.3399,280,2.0221,5,8,-74.5848,-91.5745,direct,0.0500,28.8000,-86.5217
286.8,node[9],5,5955.9820,4221.9964,1.8950,18.6787,-0.7800,2.6567,-833751137#15,-69.2980,8.5674,100.0000,default,14,rsu(281m),2152,61258,0.9418,281,2.0136,8,14,-69.2980,-86.2877,direct,0.0500,28.8000,-86.5312
286.9,node[9],5,5954.3209,4221.1214,1.8950,18.7730,0.9427,2.6567,-833751137#15,-72.4075,3.6921,100.0000,default,14,rsu(282m),2153,61294,0.5857,282,2.0241,6,10,-72.4075,-89.3972,direct,0.0500,28.4000,-86.5407
287,node[9],5,5952.6673,4220.2503,1.8950,18.6891,-0.8388,2.6567,-833751137#15,-80.2294,-4.9171,100.0000,default,14,rsu(283m),2154,61329,0.0187,283,2.0154,2,2,-80.2294,-97.2191,direct,0.0500,28.4000,-86.5501
287.1,node[9],5,5951.0114,4219.3780,1.8950,18.7148,0.2569,2.6567,-833751137#15,-72.3725,4.2504,100.0000,default,14,rsu(284m),2155,61364,0.6514,284,2.0198,6,10,-72.3725,-89.3622,direct,0.0500,28.0000,-86.5595
287.2,node[9],5,5949.3526,4218.5041,1.8950,18.7476,0.3281,2.6567,-833751137#15,-75.3600,0.8028,100.0000,default,14,rsu(286m),2156,61400,0.2500,286,2.0170,4,6,-75.3600,-92.3497,direct,0.0500,28.0000,-86.5688
287.3,node[9],5,5947.6987,4217.6329,1.8950,18.6916,-0.5596,2.6567,-833751137#15,-78.2312,-1.9531,100.0000,default,14,rsu(287m),2157,61436,0.0775,287,2.0251,3,4,-78.2312,-95.2209,direct,0.0500,28.8000,-86.5782
287.4,node[9],5,5946.0378,4216.7580,1.8950,18.7714,0.7973,2.6567,-833751137#15,-76.4184,2.4964,100.0000,default,14,rsu(288m),2158,61473,0.4374,288,2.0228,5,8,-76.4184,-93.4081,direct,0.0500,28.8000,-86.5875
287.5,node[9],5,5944.3864,4215.8880,1.8950,18.6647,-1.0670,2.6567,-833751137#15,-77.8437,-2.0602,100.0000,default,14,rsu(289m),2159,61509,0.0738,289,2.0145,3,4,-77.8437,-94.8334,direct,0.0500,29.2000,-86.5967
287.6,node[9],5,5942.7313,4215.0161,1.8950,18.7054,0.4069,2.6567,-833751137#15,-77.1900,2.1880,100.0000,default,14,rsu(290m),2160,61545,0.3999,290,2.0190,5,8,-77.1900,-94.1797,direct,0.0500,29.2000,-86.6060
287.7,node[9],5,5941.0744,4214.1433,1.8950,18.7255,0.2010,2.6567,-833751137#15,-75.8918,-1.1151,100.0000,default,14,rsu(291m),2161,61582,0.1133,291,2.0259,3,4,-75.8918,-92.8815,direct,0.0500,29.2000,-86.6152
287.8,node[9],5,5939.4182,4213.2708,1.8950,18.7183,-0.0713,2.6567,-833751137#15,-73.7203,1.0535,100.0000,default,14,rsu(293m),2162,61618,0.2742,293,2.0174,5,8,-73.7203,-90.7100,direct,0.0500,29.2000,-86.6243
287.9,node[9],5,5937.7602,4212.3974,1.8950,18.7392,0.2089,2.6567,-833751137#15,-72.3462,6.6673,100.0000,default,14,rsu(294m),2163,61655,0.8622,294,2.0214,7,12,-72.3462,-89.3359,direct,0.0500,29.2000,-86.6335
288,node[9],5,5936.1042,4211.5250,1.8950,18.7156,-0.2357,2.6567,-833751137#15,-69.7111,8.9574,100.0000,default,15,rsu(295m),2164,61692,0.9516,295,2.0167,8,14,-69.7111,-86.7008,direct,0.0500,29.2000,-86.5409
288.1,node[9],5,5934.4544,4210.6559,1.8950,18.6459,-0.6971,2.6567,-833751137#15,-85.3771,-5.0000,100.0000,default,15,rsu(296m),2165,61729,0.0180,296,2.0250,2,2,-85.3771,-102.3668,direct,0.0500,29.6000,-86.5492
288.2,node[9],5,5932.8019,4209.7854,1.8950,18.6759,0.2998,2.6567,-833751137#15,-78.6685,-1.6970,100.0000,default,15,rsu(297m),2166,61765,0.0872,297,2.0162,3,4,-78.6685,-95.6582,direct,0.0500,29.6000,-86.5575
288.3,node[9],5,5931.1468,4208.9135,1.8950,18.7060,0.3005,2.6567,-833751137#15,-72.1000,6.0065,100.0000,default,15,rsu(299m),2167,61801,0.8181,299,2.0205,7,12,-72.1000,-89.0897,direct,0.0500,28.8000,-86.5658
288.4,node[9],5,5929.4910,4208.0413,1.8950,18.7136,0.0761,2.6567,-833751137#15,-71.3880,7.9746,100.0000,default,15,rsu(300m),2168,61838,0.9232,300,2.0177,8,14,-71.3880,-88.3777,direct,0.0500,28.8000,-86.5740
288.5,node[9],5,5927.8306,4207.1666,1.8950,18.7649,0.5134,2.6567,-833751137#15,-76.4871,0.0402,100.0000,default,15,rsu(301m),2169,61875,0.1854,301,2.0250,4,6,-76.4871,-93.4768,direct,0.0500,29.6000,-86.5822
288.6,node[9],5,5926.1767,4206.2954,1.8950,18.6927,-0.7220,2.6567,-833751137#15,-79.0695,0.1853,100.0000,default,15,rsu(302m),2170,61912,0.1966,302,2.0193,4,6,-79.0695,-96.0592,direct,0.0500,29.6000,-86.5903
288.7,node[9],5,5924.5239,4205.4247,1.8950,18.6801,-0.1258,2.6567,-833751137#15,-78.3263,-0.2896,100.0000,default,15,rsu(304m),2171,61949,0.1618,304,2.0213,4,6,-78.3263,-95.3160,direct,0.0500,29.6000,-86.5983
288.8,node[9],5,5922.8679,4204.5523,1.8950,18.7151,0.3495,2.6567,-833751137#15,-79.1129,-1.6837,100.0000,default,15,rsu(305m),2172,61987,0.0877,305,2.0261,3,4,-79.1129,-96.1026,direct,0.0500,29.6000,-86.6064
288.9,node[9],5,5921.2147,4203.6814,1.8950,18.6847,-0.3043,2.6567,-833751137#15,-76.3167,1.1037,100.0000,default,15,rsu(306m),2173,62025,0.2793,306,2.0231,5,8,-76.3167,-93.3064,direct,0.0500,30.4000,-86.6143
289,node[9],5,5919.5620,4202.8108,1.8950,18.6784,-0.0621,2.6567,-833751137#15,-72.5609,6.1129,100.0000,default,15,rsu(307m),2174,62063,0.8258,307,2.0172,7,12,-72.5609,-89.5506,direct,0.0500,30.4000,-86.6223
289.1,node[9],5,5917.9026,4201.9367,1.8950,18.7542,0.7576,2.6567,-833751137#15,-74.7491,2.1461,100.0000,default,15,rsu(309m),2175,62101,0.3949,309,2.0218,5,8,-74.7491,-91.7388,direct,0.0500,30.4000,-86.6302
289.2,node[9],5,5916.2485,4201.0653,1.8950,18.6945,-0.5969,2.6567,-833751137#15,-76.7465,1.0276,100.0000,default,15,rsu(310m),2176,62138,0.2717,310,2.0203,5,8,-76.7465,-93.7362,direct,0.0500,30.4000,-86.6380
289.3,node[9],5,5914.5973,4200.1955,1.8950,18.6615,-0.3298,2.6567,-833751137#15,-72.3625,5.9270,100.0000,default,15,rsu(311m),2177,62176,0.8121,311,2.0248,7,12,-72.3625,-89.3522,direct,0.0500,30.0000,-86.6458
289.4,node[9],5,5912.9363,4199.3205,1.8950,18.7722,1.1063,2.6567,-833751137#15,-73.7931,1.5140,100.0000,default,15,rsu(313m),2178,62214,0.3223,313,2.0215,5,8,-73.7931,-90.7828,direct,0.0500,30.0000,-86.6535
289.5,node[9],5,5911.2852,4198.4507,1.8950,18.6609,-1.1124,2.6567,-833751137#15,-77.8757,-3.9875,100.0000,default,15,rsu(314m),2179,62252,0.0295,314,2.0259,2,2,-77.8757,-94.8654,direct,0.0500,30.4000,-86.6612
289.6,node[9],5,5909.6328,4197.5789,1.8950,18.6697,0.0877,2.6565,:10023484120_4,-80.3279,-2.5154,100.0000,default,15,rsu(315m),2180,62289,0.0597,315,2.0166,3,4,-80.3279,-97.3176,direct,0.0500,30.4000,-86.6688
289.7,node[9],5,5907.9769,4196.7052,1.8950,18.7081,0.3844,2.6563,:10023484120_4,-72.6914,1.7724,100.0000,default,15,rsu(316m),2181,62327,0.3512,316,2.0209,5,8,-72.6914,-89.6811,direct,0.0500,30.0000,-86.6764
289.8,node[9],5,5906.3173,4195.8295,1.8950,18.7501,0.4199,2.6561,:10023484120_4,-83.5062,-5.0000,100.0000,default,15,rsu(318m),2182,62365,0.0180,318,2.0251,2,2,-83.5062,-100.4959,direct,0.0500,30.0000,-86.6840
289.9,node[9],5,5904.6606,4194.9554,1.8950,18.7177,-0.3241,2.6561,:10023484120_4,-75.3856,1.8278,100.0000,default,15,rsu(319m),2183,62403,0.3575,319,2.0217,5,8,-75.3856,-92.3753,direct,0.0500,30.4000,-86.6915
290,node[9],5,5903.0076,4194.0832,1.8950,18.6758,-0.4193,2.6561,:10023484120_4,-73.7563,3.2364,100.0000,default,15,rsu(320m),2184,62440,0.5295,320,2.0259,6,10,-73.7563,-90.7460,direct,0.0500,30.4000,-86.6989
290.1,node[9],5,5901.3537,4193.2107,1.8950,18.7021,0.2633,2.6561,-833751137#14,-79.4798,-4.8563,100.0000,default,15,rsu(322m),2185,62477,0.0193,322,2.0225,2,2,-79.4798,-96.4695,direct,0.0500,29.6000,-86.7063
290.2,node[9],5,5899.7030,4192.3399,1.8950,18.6685,-0.3365,2.6561,-833751137#14,-75.9899,2.2088,100.0000,default,15,rsu(323m),2186,62514,0.4024,323,2.0191,5,8,-75.9899,-92.9796,direct,0.0500,29.6000,-86.7136
290.3,node[9],5,5898.0457,4191.4656,1.8950,18.7436,0.7516,2.6562,-833751137#14,-77.7040,-0.7967,100.0000,default,15,rsu(324m),2187,62552,0.1303,324,2.0162,4,6,-77.7040,-94.6937,direct,0.0500,30.0000,-86.7209
290.4,node[9],5,5896.3912,4190.5942,1.8950,18.6970,-0.4660,2.6564,:10023473899_4,-77.8173,-1.4504,100.0000,default,15,rsu(326m),2188,62590,0.0975,326,2.0160,3,4,-77.8173,-94.8070,direct,0.0500,30.0000,-86.7282
290.5,node[9],5,5894.7307,4189.7200,1.8950,18.7611,0.6409,2.6567,:10023473899_4,-80.3282,-2.2426,100.0000,default,15,rsu(327m),2189,62627,0.0678,327,2.0255,3,4,-80.3282,-97.3179,direct,0.0500,30.0000,-86.7354
290.6,node[9],5,5893.0744,4188.8481,1.8950,18.7127,-0.4845,2.6570,:10023473899_4,-78.0393,-1.2260,100.0000,default,15,rsu(329m),2190,62664,0.1078,329,2.0220,3,4,-78.0393,-95.0290,direct,0.0500,30.0000,-86.7425
290.7,node[9],5,5891.4152,4187.9746,1.8950,18.7454,0.3278,2.6570,:10023473899_4,-74.9328,0.4667,100.0000,default,15,rsu(330m),2191,62702,0.2198,330,2.0162,4,6,-74.9328,-91.9225,direct,0.0500,30.0000,-86.7496
290.8,node[9],5,5889.7625,4187.1045,1.8950,18.6726,-0.7279,2.6570,:10023473899_4,-75.6843,2.0873,100.0000,default,15,rsu(331m),2192,62739,0.3878,331,2.0257,5,8,-75.6843,-92.6740,direct,0.0500,30.0000,-86.7566
290.9,node[9],5,5888.1027,4186.2303,1.8950,18.7593,0.8665,2.6569,-833751137#13,-72.5524,5.7617,100.0000,default,15,rsu(333m),2193,62777,0.7991,333,2.0151,7,12,-72.5524,-89.5421,direct,0.0500,30.0000,-86.7636
291,node[9],5,5886.4532,4185.3613,1.8950,18.6460,-1.1332,2.6568,-833751137#13,-80.3256,-3.8082,100.0000,default,15,rsu(334m),2194,62815,0.0322,334,2.0176,2,2,-80.3256,-97.3153,direct,0.0500,30.0000,-86.7705
291.1,node[9],5,5884.8033,4184.4922,1.8950,18.6498,0.0388,2.6567,-833751137#13,-80.4729,-1.5686,100.0000,default,15,rsu(335m),2195,62852,0.0924,335,2.0215,3,4,-80.4729,-97.4626,direct,0.0500,30.0000,-86.7774
291.2,node[9],5,5883.1534,4183.6230,1.8950,18.6498,-0.0004,2.6567,-833751137#13,-78.1530,-0.0184,100.0000,default,15,rsu(337m),2196,62890,0.1811,337,2.0185,4,6,-78.1530,-95.1427,direct,0.0500,30.0000,-86.7842
291.3,node[9],5,5881.4991,4182.7515,1.8950,18.7000,0.5020,2.6567,-833751137#13,-78.1459,1.0788,100.0000,default,15,rsu(338m),2197,62928,0.2768,338,2.0256,5,8,-78.1459,-95.1356,direct,0.0500,30.4000,-86.7910
291.4,node[9],5,5879.8456,4181.8804,1.8950,18.6912,-0.0881,2.6567,-833751137#13,-80.4209,-3.7586,100.0000,default,15,rsu(340m),2198,62965,0.0329,340,2.0220,2,2,-80.4209,-97.4106,direct,0.0500,30.4000,-86.7977
291.5,node[9],5,5878.1924,4181.0095,1.8950,18.6870,-0.0417,2.6567,-833751137#13,-79.1973,-0.4658,100.0000,default,15,rsu(341m),2199,63002,0.1502,341,2.0259,4,6,-79.1973,-96.1870,direct,0.0500,29.6000,-86.8043
291.6,node[9],5,5876.5328,4180.1352,1.8950,18.7606,0.7354,2.6567,-833751137#13,-71.6935,5.1618,100.0000,default,15,rsu(342m),2200,63040,0.7467,342,2.0152,7,12,-71.6935,-88.6832,direct,0.0500,29.6000,-86.8110
291.7,node[9],5,5874.8821,4179.2656,1.8950,18.6584,-1.0213,2.6567,-833751137#13,-72.8272,5.3061,100.0000,default,15,rsu(344m),2201,63078,0.7601,344,2.0147,7,12,-72.8272,-89.8169,direct,0.0500,30.4000,-86.8175
291.8,node[9],5,5873.2223,4178.3912,1.8950,18.7625,1.0411,2.6567,-833751137#13,-72.7206,2.2179,100.0000,default,15,rsu(345m),2202,63115,0.4035,345,2.0240,5,8,-72.7206,-89.7103,direct,0.0500,30.4000,-86.8241
291.9,node[9],5,5871.5645,4177.5179,1.8950,18.7394,-0.2317,2.6567,-833751137#13,-78.0225,0.1875,100.0000,default,15,rsu(347m),2203,63153,0.1968,347,2.0235,4,6,-78.0225,-95.0122,direct,0.0500,30.0000,-86.8305
292,node[9],5,5869.9068,4176.6446,1.8950,18.7387,-0.0066,2.6567,-833751137#13,-79.2171,-0.5255,100.0000,default,15,rsu(348m),2204,63190,0.1464,348,2.0198,4,6,-79.2171,-96.2068,direct,0.0500,30.0000,-86.8369
292.1,node[9],5,5868.2478,4175.7706,1.8950,18.7526,0.1389,2.6567,-833751137#13,-75.5477,1.4373,100.0000,default,15,rsu(349m),2205,63228,0.3140,349,2.0166,5,8,-75.5477,-92.5374,direct,0.0500,30.0000,-86.8433
292.2,node[9],5,5866.5950,4174.8999,1.8950,18.6832,-0.6943,2.6567,-833751137#13,-72.2109,1.6547,100.0000,default,15,rsu(351m),2206,63266,0.3379,351,2.0189,5,8,-72.2109,-89.2006,direct,0.0500,30.0000,-86.8496
292.3,node[9],5,5864.9449,4174.0306,1.8950,18.6526,-0.3059,2.6567,-833751137#13,-74.0267,2.9563,100.0000,default,15,rsu(352m),2207,63304,0.4945,352,2.0156,5,8,-74.0267,-91.0164,direct,0.0500,30.4000,-86.8559
292.4,node[9],5,5863.2844,4173.1559,1.8950,18.7694,1.1686,2.6567,-833751137#13,-72.9977,5.6833,100.0000,default,15,rsu(354m),2208,63342,0.7928,354,2.0179,7,12,-72.9977,-89.9874,direct,0.0500,30.4000,-86.8621
292.5,node[9],5,5861.6293,4172.2840,1.8950,18.7088,-0.6061,2.6567,-833751137#13,-74.6719,2.3022,100.0000,default,15,rsu(355m),2209,63379,0.4136,355,2.0216,5,8,-74.6719,-91.6616,direct,0.0500,30.0000,-86.8682
292.6,node[9],5,5859.9687,4171.4091,1.8950,18.7714,0.6254,2.6567,-833751137#13,-75.6894,-1.4947,100.0000,default,15,rsu(357m),2210,63416,0.0956,357,2.0253,3,4,-75.6894,-92.6791,direct,0.0500,30.0000,-86.8744
292.7,node[9],5,5858.3084,4170.5344,1.8950,18.7685,-0.0291,2.6567,-833751137#13,-74.5493,0.5508,100.0000,default,15,rsu(358m),2211,63453,0.2271,358,2.0196,4,6,-74.5493,-91.5390,direct,0.0500,29.6000,-86.8804
292.8,node[9],5,5856.6564,4169.6642,1.8950,18.6737,-0.9474,2.6567,-833751137#13,-77.5958,0.2913,100.0000,default,15,rsu(360m),2212,63490,0.2052,360,2.0214,4,6,-77.5958,-94.5855,direct,0.0500,29.6000,-86.8864
292.9,node[9],5,5854.9988,4168.7910,1.8950,18.7365,0.6279,2.6567,-833751137#13,-77.6105,1.4391,100.0000,default,15,rsu(361m),2213,63527,0.3142,361,2.0232,5,8,-77.6105,-94.6002,direct,0.0500,29.6000,-86.8924
293,node[9],5,5853.3398,4167.9170,1.8950,18.7537,0.1719,2.6567,-833751137#13,-74.8572,-0.1630,100.0000,default,15,rsu(363m),2214,63564,0.1706,363,2.0174,4,6,-74.8572,-91.8469,direct,0.0500,29.6000,-86.8983
293.1,node[9],5,5851.6823,4167.0438,1.8950,18.7360,-0.1770,2.6567,-833751137#13,-73.4418,4.5754,100.0000,default,15,rsu(364m),2215,63602,0.6873,364,2.0223,6,10,-73.4418,-90.4315,direct,0.0500,30.0000,-86.9042
293.2,node[9],5,5850.0253,4166.1709,1.8950,18.7304,-0.0564,2.6567,-833751137#13,-77.0199,1.7503,100.0000,default,15,rsu(365m),2216,63639,0.3487,365,2.0240,5,8,-77.0199,-94.0096,direct,0.0500,30.0000,-86.9100
293.3,node[9],5,5848.3659,4165.2967,1.8950,18.7574,0.2701,2.6567,-833751137#13,-77.9457,0.2175,100.0000,default,15,rsu(367m),2217,63677,0.1992,367,2.0213,4,6,-77.9457,-94.9354,direct,0.0500,30.0000,-86.9157
293.4,node[9],5,5846.7055,4164.4219,1.8950,18.7693,0.1197,2.6567,-833751137#13,-74.6278,-0.3594,100.0000,default,15,rsu(368m),2218,63715,0.1571,368,2.0159,4,6,-74.6278,-91.6175,direct,0.0500,30.0000,-86.9215
293.5,node[9],5,5845.0555,4163.5527,1.8950,18.6511,-1.1826,2.6567,-833751137#13,-82.9697,-5.0000,100.0000,default,15,rsu(370m),2219,63753,0.0180,370,2.0261,2,2,-82.9697,-99.9594,direct,0.0500,30.4000,-86.9271
293.6,node[9],5,5843.3974,4162.6792,1.8950,18.7429,0.9181,2.6567,-833751137#13,-79.3601,-4.7897,100.0000,default,15,rsu(371m),2220,63790,0.0199,371,2.0201,2,2,-79.3601,-96.3498,direct,0.0500,30.4000,-86.9327
293.7,node[9],5,5841.7388,4161.8055,1.8950,18.7479,0.0502,2.6567,-833751137#13,-70.3089,4.7781,100.0000,default,15,rsu(373m),2221,63828,0.7087,373,2.0146,6,10,-70.3089,-87.2986,direct,0.0500,30.0000,-86.9383
293.8,node[9],5,5840.0850,4160.9342,1.8950,18.6944,-0.5348,2.6567,-833751137#13,-75.4461,-1.4954,100.0000,default,15,rsu(374m),2222,63865,0.0955,374,2.0216,3,4,-75.4461,-92.4358,direct,0.0500,30.0000,-86.9438
293.9,node[9],5,5838.4303,4160.0625,1.8950,18.7045,0.1010,2.6567,-833751137#13,-78.5680,-2.4572,100.0000,default,15,rsu(376m),2223,63903,0.0613,376,2.0160,3,4,-78.5680,-95.5577,direct,0.0500,30.0000,-86.9492
294,node[9],5,5836.7776,4159.1919,1.8950,18.6823,-0.2226,2.6567,-833751137#13,-85.9012,-5.0000,100.0000,default,15,rsu(377m),2224,63941,0.0180,377,2.0159,2,2,-85.9012,-102.8909,direct,0.0500,30.0000,-86.9546
294.1,node[9],5,5835.1173,4158.3172,1.8950,18.7670,0.8470,2.6567,-833751137#13,-81.0092,-5.0000,100.0000,default,15,rsu(379m),2225,63978,0.0180,379,2.0228,2,2,-81.0092,-97.9989,direct,0.0500,30.0000,-86.9600
294.2,node[9],5,5833.4591,4157.4437,1.8950,18.7443,-0.2271,2.6567,-833751137#13,-86.7306,-5.0000,100.0000,default,15,rsu(380m),2226,64015,0.0180,380,2.0166,2,2,-86.7306,-103.7203,direct,0.0500,30.0000,-86.9653
294.3,node[9],5,5831.8060,4156.5728,1.8950,18.6864,-0.5789,2.6567,-833751137#13,-80.4238,-4.6997,100.0000,default,15,rsu(382m),2227,64052,0.0208,382,2.0234,2,2,-80.4238,-97.4135,direct,0.0500,29.6000,-86.9706
294.4,node[9],5,5830.1474,4155.6990,1.8950,18.7485,0.6208,2.6567,-833751137#13,-77.3169,-2.6473,100.0000,default,15,rsu(383m),2228,64090,0.0561,383,2.0232,3,4,-77.3169,-94.3066,direct,0.0500,29.6000,-86.9758
294.5,node[9],5,5828.4974,4154.8298,1.8950,18.6518,-0.9668,2.6567,-833751137#13,-76.1255,2.2030,100.0000,default,15,rsu(385m),2229,64127,0.4017,385,2.0169,5,8,-76.1255,-93.1152,direct,0.0500,30.0000,-86.9810
294.6,node[9],5,5826.8399,4153.9566,1.8950,18.7357,0.8396,2.6567,-833751137#13,-73.9209,5.3476,100.0000,default,15,rsu(386m),2230,64165,0.7638,386,2.0166,7,12,-73.9209,-90.9106,direct,0.0500,30.0000,-86.9861
294.7,node[9],5,5825.1852,4153.0849,1.8950,18.7046,-0.3116,2.6567,-833751137#13,-80.2178,-1.5565,100.0000,default,15,rsu(388m),2231,64202,0.0929,388,2.0233,3,4,-80.2178,-97.2075,direct,0.0500,30.0000,-86.9912
294.8,node[9],5,5823.5334,4152.2147,1.8950,18.6712,-0.3336,2.6567,-833751137#13,-85.4460,-5.0000,100.0000,default,15,rsu(389m),2232,64240,0.0180,389,2.0202,2,2,-85.4460,-102.4357,direct,0.0500,30.0000,-86.9962
294.9,node[9],5,5821.8800,4151.3437,1.8950,18.6904,0.1918,2.6567,-833751137#13,-88.6951,-5.0000,100.0000,default,15,rsu(391m),2233,64277,0.0180,391,2.0214,2,2,-88.6951,-105.6848,direct,0.0500,30.0000,-87.0012
295,node[9],5,5820.2299,4150.4744,1.8950,18.6522,-0.3814,2.6567,-833751137#13,-76.6279,2.4346,100.0000,default,15,rsu(393m),2234,64315,0.4298,393,2.0156,5,8,-76.6279,-93.6176,direct,0.0500,30.0000,-87.0061
295.1,node[9],5,5818.5788,4149.6046,1.8950,18.6641,0.1182,2.6567,-833751137#13,-71.7507,6.6382,100.0000,default,15,rsu(394m),2235,64353,0.8605,394,2.0253,7,12,-71.7507,-88.7404,direct,0.0500,30.4000,-87.0110
295.2,node[9],5,5816.9189,4148.7302,1.8950,18.7629,0.9879,2.6567,-833751137#13,-81.4353,-5.0000,100.0000,default,15,rsu(396m),2236,64390,0.0180,396,2.0189,2,2,-81.4353,-98.4250,direct,0.0500,30.4000,-87.0159
295.3,node[9],5,5815.2663,4147.8595,1.8950,18.6797,-0.8319,2.6567,:10023473900_4,-75.2350,1.1437,100.0000,default,15,rsu(397m),2237,64428,0.2833,397,2.0232,5,8,-75.2350,-92.2247,direct,0.0500,30.0000,-87.0207
295.4,node[9],5,5813.6151,4146.9882,1.8950,18.6551,-0.2453,2.6565,:10023473900_4,-76.3884,-1.0864,100.0000,default,15,rsu(399m),2238,64466,0.1147,399,2.0208,3,4,-76.3884,-93.3781,direct,0.0500,30.0000,-87.0254
295.5,node[9],5,5811.9597,4146.1147,1.8950,18.7035,0.4839,2.6562,:10023473900_4,-87.0923,-5.0000,100.0000,default,15,rsu(400m),2239,64504,0.0180,400,2.0232,2,2,-87.0923,-104.0820,direct,0.0500,30.4000,-87.0301
295.6,node[9],5,5810.3014,4145.2398,1.8950,18.7350,0.3152,2.6561,:10023473900_4,-75.2375,3.8926,100.0000,default,15,rsu(402m),2240,64542,0.6098,402,2.0208,6,10,-75.2375,-92.2272,direct,0.0500,30.4000,-87.0348
295.7,node[9],5,5808.6410,4144.3636,1.8950,18.7598,0.2473,2.6561,:10023473900_4,-78.9703,-4.2374,100.0000,default,15,rsu(403m),2241,64580,0.0261,403,2.0261,2,2,-78.9703,-95.9600,direct,0.0500,30.4000,-87.0395
295.8,node[9],5,5806.9797,4143.4871,1.8950,18.7703,0.1057,2.6561,-833751137#12,-79.9955,-2.4732,100.0000,default,15,rsu(405m),2242,64618,0.0608,405,2.0237,3,4,-79.9955,-96.9852,direct,0.0500,30.4000,-87.0441
295.9,node[9],5,5805.3189,4142.6120,1.8950,18.7731,0.0272,2.6563,-833751137#12,-76.1194,-0.0697,100.0000,default,15,rsu(406m),2243,64656,0.1773,406,2.0213,4,6,-76.1194,-93.1091,direct,0.0500,30.4000,-87.0486
296,node[9],5,5803.6635,4141.7397,1.8950,18.7131,-0.6002,2.6565,-833751137#12,-76.0424,1.6849,100.0000,default,15,rsu(408m),2244,64694,0.3413,408,2.0265,5,8,-76.0424,-93.0321,direct,0.0500,30.4000,-87.0531
296.1,node[9],5,5802.0101,4140.8685,1.8950,18.6901,-0.2295,2.6566,-833751137#12,-72.0477,5.3815,100.0000,default,15,rsu(410m),2245,64732,0.7669,410,2.0213,7,12,-72.0477,-89.0374,direct,0.0500,30.4000,-87.0575
296.2,node[9],5,5800.3561,4139.9969,1.8950,18.6977,0.0763,2.6566,-833751137#12,-85.6958,-5.0000,100.0000,default,15,rsu(411m),2246,64769,0.0180,411,2.0206,2,2,-85.6958,-102.6855,direct,0.0500,30.4000,-87.0620
296.3,node[9],5,5798.7025,4139.1256,1.8950,18.6924,-0.0535,2.6566,-833751137#12,-92.4953,-5.0000,100.0000,default,15,rsu(413m),2247,64806,0.0180,413,2.0199,2,2,-92.4953,-109.4850,direct,0.0500,29.6000,-87.0663
296.4,node[9],5,5797.0526,4138.2562,1.8950,18.6507,-0.4169,2.6566,-833751137#12,-75.7408,0.2329,100.0000,default,15,rsu(414m),2248,64844,0.2004,414,2.0225,4,6,-75.7408,-92.7305,direct,0.0500,29.6000,-87.0706
296.5,node[9],5,5795.4002,4137.3855,1.8950,18.6785,0.2784,2.6566,-833751137#12,-77.4515,-0.0679,100.0000,default,15,rsu(416m),2249,64882,0.1774,416,2.0250,4,6,-77.4515,-94.4412,direct,0.0500,30.4000,-87.0749
296.6,node[9],5,5793.7796,4136.5315,1.8950,18.3191,-3.5943,2.6566,-833751137#12,-84.2872,-5.0000,100.0000,default,15,rsu(417m),2250,64920,0.0180,417,2.0226,2,2,-84.2872,-101.2769,direct,0.0500,30.4000,-87.0790
296.7,node[9],5,5792.1979,4135.6980,1.8950,17.8805,-4.3863,2.6566,-833751137#12,-72.0655,2.8351,100.0000,default,15,rsu(419m),2251,64958,0.4794,419,2.0149,5,8,-72.0655,-89.0552,direct,0.0500,30.4000,-87.0830
296.8,node[9],5,5790.6559,4134.8855,1.8950,17.4305,-4.5000,2.6566,-833751137#12,-84.4239,-5.0000,100.0000,default,15,rsu(420m),2252,64996,0.0180,420,2.0255,2,2,-84.4239,-101.4136,direct,0.0500,30.4000,-87.0869
296.9,node[9],5,5789.1538,4134.0940,1.8950,16.9805,-4.5000,2.6566,-833751137#12,-78.4965,-1.2869,100.0000,default,15,rsu(422m),2253,65034,0.1049,422,2.0231,3,4,-78.4965,-95.4862,direct,0.0500,30.4000,-87.0905
297,node[9],5,5787.6914,4133.3234,1.8950,16.5305,-4.5000,2.6566,-833751137#12,-74.3606,3.5874,100.0000,default,15,rsu(423m),2254,65072,0.5729,423,2.0257,6,10,-74.3606,-91.3503,direct,0.0500,30.4000,-87.0941
297.1,node[9],5,5786.2689,4132.5738,1.8950,16.0805,-4.5000,2.6566,-833751137#12,-80.8474,-4.2248,100.0000,default,15,rsu(425m),2255,65110,0.0263,425,2.0233,2,2,-80.8474,-97.8371,direct,0.0500,30.4000,-87.0975
297.2,node[9],5,5784.8862,4131.8452,1.8950,15.6305,-4.5000,2.6566,-833751137#12,-82.1383,-5.0000,100.0000,default,15,rsu(426m),2256,65147,0.0180,426,2.0149,2,2,-82.1383,-99.1280,direct,0.0500,30.4000,-87.1007
297.3,node[9],5,5783.5433,4131.1376,1.8950,15.1805,-4.5000,2.6566,-833751137#12,-77.5161,-3.6250,100.0000,default,15,rsu(427m),2257,65184,0.0351,427,2.0194,2,2,-77.5161,-94.5058,direct,0.0500,29.6000,-87.1039
297.4,node[9],5,5782.2371,4130.4493,1.8950,14.7651,-4.1536,2.6566,-833751137#12,-87.1842,-5.0000,100.0000,default,15,rsu(428m),2258,65222,0.0180,428,2.0249,2,2,-87.1842,-104.1739,direct,0.0500,29.6000,-87.1069
297.5,node[9],5,5780.9707,4129.7820,1.8950,14.3151,-4.5000,2.6566,-833751137#12,-85.0335,-5.0000,100.0000,default,15,rsu(430m),2259,65260,0.0180,430,2.0225,2,2,-85.0335,-102.0232,direct,0.0500,30.4000,-87.1097
297.6,node[9],5,5779.7442,4129.1357,1.8950,13.8651,-4.5000,2.6566,-833751137#12,-80.9395,-1.7582,100.0000,default,15,rsu(431m),2260,65297,0.0848,431,2.0220,3,4,-80.9395,-97.9292,direct,0.0500,30.4000,-87.1124
297.7,node[9],5,5778.5574,4128.5104,1.8950,13.4151,-4.5000,2.6566,-833751137#12,-84.9559,-5.0000,100.0000,default,15,rsu(432m),2261,65335,0.0180,432,2.0145,2,2,-84.9559,-101.9456,direct,0.0500,30.0000,-87.1150
297.8,node[9],5,5777.4100,4127.9057,1.8950,12.9708,-4.4430,2.6566,-833751137#12,-78.4364,-0.0320,100.0000,default,15,rsu(433m),2262,65373,0.1801,433,2.0251,4,6,-78.4364,-95.4261,direct,0.0500,30.0000,-87.1175
297.9,node[9],5,5776.3024,4127.3221,1.8950,12.5208,-4.5000,2.6566,-833751137#12,-80.1753,-5.0000,100.0000,default,15,rsu(434m),2263,65411,0.0180,434,2.0226,2,2,-80.1753,-97.1650,direct,0.0500,30.4000,-87.1198
298,node[9],5,5775.2343,4126.7593,1.8950,12.0732,-4.4766,2.6566,-833751137#12,-73.1515,6.1519,100.0000,default,15,rsu(435m),2264,65448,0.8286,435,2.0222,7,12,-73.1515,-90.1412,direct,0.0500,30.4000,-87.1220
298.1,node[9],5,5774.2061,4126.2175,1.8950,11.6232,-4.5000,2.6566,-833751137#12,-75.9817,3.1356,100.0000,default,15,rsu(436m),2265,65485,0.5169,436,2.0217,6,10,-75.9817,-92.9714,direct,0.0500,29.6000,-87.1241
298.2,node[9],5,5773.2177,4125.6966,1.8950,11.1732,-4.5000,2.6566,-833751137#12,-76.1589,1.6290,100.0000,default,15,rsu(437m),2266,65522,0.3350,437,2.0213,5,8,-76.1589,-93.1486,direct,0.0500,29.6000,-87.1260
298.3,node[9],5,5772.2691,4125.1968,1.8950,10.7232,-4.5000,2.6566,-833751137#12,-82.5805,-3.6464,100.0000,default,15,rsu(438m),2267,65559,0.0348,438,2.0209,2,2,-82.5805,-99.5702,direct,0.0500,29.6000,-87.1279
298.4,node[9],5,5771.3603,4124.7179,1.8950,10.2732,-4.5000,2.6566,-833751137#12,-76.5026,2.0398,100.0000,default,15,rsu(439m),2268,65596,0.3822,439,2.0264,5,8,-76.5026,-93.4923,direct,0.0500,29.6000,-87.1296
298.5,node[9],5,5770.4913,4124.2600,1.8950,9.8232,-4.5000,2.6566,-833751137#12,-88.2334,-5.0000,100.0000,default,15,rsu(440m),2269,65634,0.0180,440,2.0169,2,2,-88.2334,-105.2231,direct,0.0500,30.0000,-87.1312
298.6,node[9],5,5769.6621,4123.8231,1.8950,9.3732,-4.5000,2.6566,-833751137#12,-90.1206,-5.0000,100.0000,default,15,rsu(441m),2270,65672,0.0180,441,2.0203,2,2,-90.1206,-107.1103,direct,0.0500,30.0000,-87.1326
298.7,node[9],5,5768.8727,4123.4071,1.8950,8.9232,-4.5000,2.6566,-833751137#12,-83.8174,-5.0000,100.0000,default,15,rsu(441m),2271,65710,0.0180,441,2.0189,2,2,-83.8174,-100.8071,direct,0.0500,30.4000,-87.1335
298.8,node[9],5,5768.1232,4123.0121,1.8950,8.4732,-4.5000,2.6566,-833751137#12,-75.8911,-1.5606,100.0000,default,15,rsu(442m),2272,65748,0.0928,442,2.0146,3,4,-75.8911,-92.8808,direct,0.0500,30.4000,-87.1343
298.9,node[9],5,5767.4134,4122.6381,1.8950,8.0232,-4.5000,2.6566,-833751137#12,-77.6349,-1.3491,100.0000,default,15,rsu(443m),2273,65786,0.1021,443,2.0152,3,4,-77.6349,-94.6246,direct,0.0500,30.4000,-87.1349
299,node[9],5,5766.7439,4122.2840,1.8950,7.5732,-4.5000,2.6564,:2136577300_4,-82.1987,-4.8502,100.0000,default,15,rsu(443m),2274,65824,0.0194,443,2.0158,2,2,-82.1987,-99.1884,direct,0.0500,30.4000,-87.1354
299.1,node[9],5,5766.1143,4121.9508,1.8950,7.1232,-4.5000,2.6561,:2136577300_4,-77.3351,2.0299,100.0000,default,15,rsu(444m),2275,65861,0.3811,444,2.0262,5,8,-77.3351,-94.3248,direct,0.0500,30.0000,-87.1357
299.2,node[9],5,5765.5244,4121.6386,1.8950,6.6732,-4.5000,2.6559,:2136577300_4,-83.6252,-4.7132,100.0000,default,15,rsu(445m),2276,65899,0.0207,445,2.0233,2,2,-83.6252,-100.6149,direct,0.0500,30.0000,-87.1360
299.3,node[9],5,5764.9742,4121.3475,1.8950,6.2232,-4.5000,2.6557,:2136577300_4,-79.1422,-3.9531,100.0000,default,15,rsu(445m),2277,65938,0.0300,445,2.0218,2,2,-79.1422,-96.1319,direct,0.0500,30.8000,-87.1361
299.4,node[9],5,5764.4630,4121.0770,1.8950,5.7839,-4.3928,2.6555,:2136577300_4,-78.1584,0.8071,100.0000,default,15,rsu(446m),2278,65977,0.2504,446,2.0175,4,6,-78.1584,-95.1481,direct,0.0500,30.8000,-87.1361
299.5,node[9],5,5763.9915,4120.8275,1.8950,5.3339,-4.5000,2.6553,:2136577300_4,-74.3080,-0.4381,100.0000,default,15,rsu(446m),2279,66016,0.1520,446,2.0209,4,6,-74.3080,-91.2977,direct,0.0500,31.2000,-87.1360
299.6,node[9],5,5763.5597,4120.5990,1.8950,4.8839,-4.5000,2.6551,:2136577300_4,-73.8307,4.0404,100.0000,default,15,rsu(447m),2280,66054,0.6272,447,2.0264,6,10,-73.8307,-90.8204,direct,0.0500,31.2000,-87.1357
299.7,node[9],5,5763.1678,4120.3916,1.8950,4.4339,-4.5000,2.6550,:2136577300_4,-77.7840,-1.1021,100.0000,default,15,rsu(447m),2281,66092,0.1139,447,2.0237,3,4,-77.7840,-94.7737,direct,0.0500,30.4000,-87.1354
299.8,node[9],5,5762.8156,4120.2053,1.8950,3.9839,-4.5000,2.6549,:2136577300_4,-79.2637,-5.0000,100.0000,default,15,rsu(447m),2282,66131,0.0180,447,2.0242,2,2,-79.2637,-96.2534,direct,0.0500,30.4000,-87.1349
299.9,node[9],5,5762.5022,4120.0379,1.8950,3.5339,-4.5000,2.6546,-833751137#11,-82.4973,-4.3859,100.0000,default,15,rsu(448m),2283,66169,0.0243,448,2.0214,2,2,-82.4973,-99.4870,direct,0.0500,30.8000,-87.1343
300,node[9],5,5762.2086,4119.9868,1.8950,3.0839,-4.5000,2.6731,:227555420_2,-84.6657,-5.0000,100.0000,default,15,rsu(448m),2284,66208,0.0180,448,2.0171,2,2,-84.6657,-101.6554,direct,0.0500,30.8000,-87.1334
300.1,node[9],5,5761.9024,4120.0168,1.8950,3.0839,0.0000,2.7077,:227555420_2,-82.4066,-5.0000,100.0000,default,15,rsu(448m),2285,66246,0.0180,448,2.0144,2,2,-82.4066,-99.3963,direct,0.0500,30.8000,-87.1324
300.2,node[9],5,5761.5961,4120.0467,1.8950,3.0839,0.0000,2.7429,:227555420_2,-76.8407,-2.4262,100.0000,default,15,rsu(448m),2286,66285,0.0622,448,2.0147,3,4,-76.8407,-93.8304,direct,0.0500,30.8000,-87.1314
300.3,node[9],5,5761.2899,4120.0767,1.8950,3.0839,0.0000,2.7787,:227555420_2,-85.3821,-5.0000,100.0000,default,15,rsu(448m),2287,66324,0.0180,448,2.0179,2,2,-85.3821,-102.3718,direct,0.0500,31.2000,-87.1304
300.4,node[9],5,5760.9836,4120.1067,1.8950,3.0839,0.0000,2.8149,:227555420_2,-82.5706,-3.8557,100.0000,default,15,rsu(448m),2288,66362,0.0314,448,2.0234,2,2,-82.5706,-99.5603,direct,0.0500,31.2000,-87.1294
300.5,node[9],5,5760.7253,4120.2648,1.8950,3.0628,-0.2113,2.8744,:227555420_10,-80.7486,-1.6739,100.0000,default,15,rsu(448m),2289,66401,0.0881,448,2.0220,3,4,-80.7486,-97.7383,direct,0.0500,30.8000,-87.1281
300.6,node[9],5,5760.4721,4120.4393,1.8950,3.0705,0.0773,2.9395,:227555420_10,-77.4664,-2.9179,100.0000,default,15,rsu(448m),2290,66440,0.0493,448,2.0205,3,4,-77.4664,-94.4561,direct,0.0500,30.8000,-87.1267
300.7,node[9],5,5760.2195,4120.6135,1.8950,3.0641,-0.0644,3.0068,:227555420_10,-73.9203,1.4206,100.0000,default,15,rsu(448m),2291,66479,0.3122,448,2.0265,5,8,-73.9203,-90.9100,direct,0.0500,31.2000,-87.1253
300.8,node[9],5,5760.2034,4120.9162,1.8950,3.0732,0.0912,3.1024,:227555420_10,-79.2009,-0.6805,100.0000,default,15,rsu(448m),2292,66518,0.1370,448,2.0223,4,6,-79.2009,-96.1906,direct,0.0500,31.2000,-87.1232
300.9,node[9],5,5760.1967,4121.2194,1.8950,3.0286,-0.4457,-3.0725,:227555420_10,-82.7458,-5.0000,100.0000,default,15,rsu(448m),2293,66557,0.0180,448,2.0225,2,2,-82.7458,-99.7355,direct,0.0500,31.2000,-87.1212
301,node[9],5,5760.1900,4121.5179,1.8950,2.9812,-0.4735,-2.9533,:227555420_10,-85.1290,-5.0000,100.0000,default,15,rsu(448m),2294,66596,0.0180,448,2.0227,2,2,-85.1290,-102.1187,direct,0.0500,31.2000,-87.1191
301.1,node[9],5,5760.3309,4121.7870,1.8950,3.0354,0.5411,-2.8167,:227555420_10,-79.2282,-2.9672,100.0000,default,15,rsu(447m),2295,66635,0.0482,447,2.0258,3,4,-79.2282,-96.2179,direct,0.0500,31.2000,-87.1168
301.2,node[9],5,5760.4724,4122.0552,1.8950,3.0276,-0.0781,-2.6595,:227555420_10,-81.7977,-4.0469,100.0000,default,15,rsu(447m),2296,66674,0.0287,447,2.0215,2,2,-81.7977,-98.7874,direct,0.0500,31.2000,-87.1145
301.3,node[9],5,5760.6105,4122.3172,1.8950,2.9571,-0.7045,-2.4895,:227555420_10,-79.8560,-5.0000,100.0000,default,15,rsu(447m),2297,66713,0.0180,447,2.0216,2,2,-79.8560,-96.8457,direct,0.0500,31.2000,-87.1122
301.4,node[9],5,5760.7533,4122.5878,1.8950,3.0554,0.9832,-2.3055,:227555420_10,-81.1089,-5.0000,100.0000,default,15,rsu(446m),2298,66751,0.0180,446,2.0186,2,2,-81.1089,-98.0986,direct,0.0500,31.2000,-87.1099
301.5,node[9],5,5760.9274,4122.8237,1.8950,3.0321,-0.2333,-2.1231,833751137#11,-91.3601,-5.0000,100.0000,default,15,rsu(446m),2299,66789,0.0180,446,2.0241,2,2,-91.3601,-108.3498,direct,0.0500,30.4000,-87.1076
301.6,node[9],5,5761.2093,4122.9697,1.8950,3.1640,1.3193,-1.9258,:2136577300_5,-81.0586,-5.0000,100.0000,default,15,rsu(446m),2300,66827,0.0180,446,2.0210,2,2,-81.0586,-98.0483,direct,0.0500,30.4000,-87.1053
301.7,node[9],5,5761.5059,4123.1269,1.8950,3.3528,1.8873,-1.7236,:2136577300_5,-90.4516,-5.0000,100.0000,default,15,rsu(446m),2301,66866,0.0180,446,2.0238,2,2,-90.4516,-107.4413,direct,0.0500,30.8000,-87.1029
301.8,node[9],5,5761.8222,4123.2946,1.8950,3.5759,2.2313,-1.5121,:2136577300_5,-78.2894,0.8961,100.0000,default,15,rsu(445m),2302,66905,0.2589,445,2.0266,4,6,-78.2894,-95.2791,direct,0.0500,30.8000,-87.1005
301.9,node[9],5,5762.1516,4123.4692,1.8950,3.7234,1.4751,-1.3139,:2136577300_5,-77.9974,1.3030,100.0000,default,15,rsu(445m),2303,66944,0.2997,445,2.0251,5,8,-77.9974,-94.9871,direct,0.0500,31.2000,-87.0980
302,node[9],5,5762.5000,4123.6538,1.8950,3.9388,2.1544,-1.1380,:2136577300_5,-77.9771,0.1831,100.0000,default,15,rsu(445m),2304,66982,0.1965,445,2.0219,4,6,-77.9771,-94.9668,direct,0.0500,31.2000,-87.0955
302.1,node[9],5,5762.8645,4123.8470,1.8950,4.1208,1.8193,-0.9796,:2136577300_5,-74.1400,2.5761,100.0000,default,15,rsu(444m),2305,67021,0.4472,444,2.0246,5,8,-74.1400,-91.1297,direct,0.0500,30.8000,-87.0929
302.2,node[9],5,5763.2494,4124.0510,1.8950,4.3504,2.2961,-0.8414,:2136577300_5,-80.6058,-5.0000,100.0000,default,15,rsu(444m),2306,67060,0.0180,444,2.0143,2,2,-80.6058,-97.5955,direct,0.0500,30.8000,-87.0902
302.3,node[9],5,5763.6561,4124.2666,1.8950,4.5981,2.4769,-0.7399,:2136577300_5,-79.4154,-0.7623,100.0000,default,15,rsu(443m),2307,67099,0.1323,443,2.0229,4,6,-79.4154,-96.4051,direct,0.0500,31.2000,-87.0875
302.4,node[9],5,5764.0829,4124.4928,1.8950,4.8239,2.2582,-0.6458,:2136577300_5,-75.7437,0.5253,100.0000,default,15,rsu(443m),2308,67137,0.2249,443,2.0195,4,6,-75.7437,-92.7334,direct,0.0500,31.2000,-87.0848
302.5,node[9],5,5764.5308,4124.7302,1.8950,5.0639,2.4000,-0.5852,:2136577300_5,-74.2357,3.8749,100.0000,default,15,rsu(443m),2309,67176,0.6076,443,2.0147,6,10,-74.2357,-91.2254,direct,0.0500,30.8000,-87.0819
302.6,node[9],5,5764.9909,4124.9741,1.8950,5.2014,1.3751,-0.5244,:2136577300_5,-83.0544,-5.0000,100.0000,default,15,rsu(442m),2310,67215,0.0180,442,2.0144,2,2,-83.0544,-100.0441,direct,0.0500,30.8000,-87.0791
302.7,node[9],5,5765.4729,4125.2295,1.8950,5.4478,2.4642,-0.4874,:2136577300_5,-77.5018,0.8802,100.0000,default,15,rsu(442m),2311,67254,0.2573,442,2.0258,4,6,-77.5018,-94.4915,direct,0.0500,31.2000,-87.0762
302.8,node[9],5,5765.9695,4125.4924,1.8950,5.6139,1.6606,-0.4873,833751137#12,-78.7814,-1.9431,100.0000,default,15,rsu(441m),2312,67292,0.0779,441,2.0181,3,4,-78.7814,-95.7711,direct,0.0500,31.2000,-87.0733
302.9,node[9],5,5766.4863,4125.7648,1.8950,5.8429,2.2899,-0.4870,833751137#12,-82.5862,-5.0000,100.0000,default,15,rsu(441m),2313,67330,0.0180,441,2.0146,2,2,-82.5862,-99.5759,direct,0.0500,30.4000,-87.0703
303,node[9],5,5767.0235,4126.0478,1.8950,6.0717,2.2888,-0.4867,833751137#12,-78.0771,-0.5243,100.0000,default,15,rsu(440m),2314,67369,0.1465,440,2.0259,4,6,-78.0771,-95.0668,direct,0.0500,30.4000,-87.0673
303.1,node[9],5,5767.5774,4126.3397,1.8950,6.2620,1.9026,-0.4864,833751137#12,-88.7502,-5.0000,100.0000,default,15,rsu(440m),2315,67408,0.0180,440,2.0242,2,2,-88.7502,-105.7399,direct,0.0500,31.2000,-87.0642
303.2,node[9],5,5768.1523,4126.6426,1.8950,6.4986,2.3664,-0.4861,833751137#12,-77.1450,2.1408,100.0000,default,15,rsu(439m),2316,67447,0.3942,439,2.0197,5,8,-77.1450,-94.1347,direct,0.0500,31.2000,-87.0611
303.3,node[9],5,5768.7456,4126.9552,1.8950,6.7062,2.0756,-0.4858,833751137#12,-84.9203,-5.0000,100.0000,default,15,rsu(438m),2317,67486,0.0180,438,2.0220,2,2,-84.9203,-101.9100,direct,0.0500,31.2000,-87.0579
303.4,node[9],5,5769.3574,4127.2777,1.8950,6.9166,2.1040,-0.4855,833751137#12,-83.0070,-4.4700,100.0000,default,15,rsu(438m),2318,67525,0.0233,438,2.0203,2,2,-83.0070,-99.9967,direct,0.0500,31.2000,-87.0547
303.5,node[9],5,5769.9877,4127.6098,1.8950,7.1251,2.0851,-0.4851,833751137#12,-82.5610,-3.8459,100.0000,default,15,rsu(437m),2319,67564,0.0316,437,2.0226,2,2,-82.5610,-99.5507,direct,0.0500,31.2000,-87.0514
303.6,node[9],5,5770.6358,4127.9513,1.8950,7.3254,2.0024,-0.4850,833751137#12,-77.8570,-3.8752,100.0000,default,14,rsu(437m),2320,67602,0.0311,437,2.0148,2,2,-77.8570,-94.8467,direct,0.0500,31.2000,-87.1625
303.7,node[9],5,5771.2981,4128.3003,1.8950,7.4873,1.6193,-0.4850,833751137#12,-78.2294,0.1336,100.0000,default,14,rsu(436m),2321,67641,0.1926,436,2.0260,4,6,-78.2294,-95.2191,direct,0.0500,30.8000,-87.1590
303.8,node[9],5,5771.9738,4128.6563,1.8950,7.6383,1.5098,-0.4850,833751137#12,-81.0582,-5.0000,100.0000,default,14,rsu(435m),2322,67679,0.0180,435,2.0182,2,2,-81.0582,-98.0479,direct,0.0500,30.8000,-87.1555
303.9,node[9],5,5772.6723,4129.0244,1.8950,7.8952,2.5692,-0.4850,833751137#12,-80.1546,-5.0000,100.0000,default,14,rsu(435m),2323,67718,0.0180,435,2.0176,2,2,-80.1546,-97.1443,direct,0.0500,30.8000,-87.1519
304,node[9],5,5773.3844,4129.3996,1.8950,8.0501,1.5494,-0.4850,833751137#12,-76.1974,-2.2416,100.0000,default,14,rsu(434m),2324,67756,0.0678,434,2.0267,3,4,-76.1974,-93.1871,direct,0.0500,30.8000,-87.1483
304.1,node[9],5,5774.1120,4129.7830,1.8950,8.2252,1.7511,-0.4850,833751137#12,-77.3280,1.7522,100.0000,default,14,rsu(433m),2325,67795,0.3489,433,2.0249,5,8,-77.3280,-94.3177,direct,0.0500,30.8000,-87.1447
304.2,node[9],5,5774.8594,4130.1769,1.8950,8.4486,2.2335,-0.4850,833751137#12,-79.3500,-2.5790,100.0000,default,14,rsu(432m),2326,67833,0.0579,432,2.0170,3,4,-79.3500,-96.3397,direct,0.0500,30.8000,-87.1410
304.3,node[9],5,5775.6244,4130.5800,1.8950,8.6479,1.9927,-0.4850,833751137#12,-78.2159,0.3060,100.0000,default,14,rsu(432m),2327,67872,0.2064,432,2.0162,4,6,-78.2159,-95.2056,direct,0.0500,30.8000,-87.1373
304.4,node[9],5,5776.4067,4130.9922,1.8950,8.8423,1.9443,-0.4850,833751137#12,-85.7072,-5.0000,100.0000,default,14,rsu(431m),2328,67910,0.0180,431,2.0252,2,2,-85.7072,-102.6969,direct,0.0500,30.8000,-87.1335
304.5,node[9],5,5777.2007,4131.4106,1.8950,8.9760,1.3369,-0.4850,833751137#12,-78.1066,-1.7371,100.0000,default,14,rsu(430m),2329,67948,0.0856,430,2.0173,3,4,-78.1066,-95.0963,direct,0.0500,30.4000,-87.1296
304.6,node[9],5,5778.0070,4131.8354,1.8950,9.1144,1.3843,-0.4850,833751137#12,-79.5249,-2.6651,100.0000,default,14,rsu(429m),2330,67986,0.0556,429,2.0262,3,4,-79.5249,-96.5146,direct,0.0500,30.4000,-87.1258
304.7,node[9],5,5778.8301,4132.2692,1.8950,9.3049,1.9052,-0.4850,833751137#12,-82.1729,-5.0000,100.0000,default,14,rsu(429m),2331,68025,0.0180,429,2.0243,2,2,-82.1729,-99.1626,direct,0.0500,30.8000,-87.1218
304.8,node[9],5,5779.6757,4132.7148,1.8950,9.5587,2.5379,-0.4850,833751137#12,-74.2255,4.9990,100.0000,default,14,rsu(428m),2332,68063,0.7310,428,2.0163,6,10,-74.2255,-91.2152,direct,0.0500,30.8000,-87.1178
304.9,node[9],5,5780.5364,4133.1683,1.8950,9.7291,1.7036,-0.4850,833751137#12,-81.2329,-3.6144,100.0000,default,14,rsu(427m),2333,68101,0.0353,427,2.0251,2,2,-81.2329,-98.2226,direct,0.0500,30.4000,-87.1138
305,node[9],5,5781.4127,4133.6300,1.8950,9.9057,1.7660,-0.4850,833751137#12,-81.4066,-5.0000,100.0000,default,14,rsu(426m),2334,68140,0.0180,426,2.0231,2,2,-81.4066,-98.3963,direct,0.0500,30.4000,-87.1097
305.1,node[9],5,5782.3019,4134.0986,1.8950,10.0520,1.4637,-0.4850,833751137#12,-77.0944,-0.8095,100.0000,default,14,rsu(425m),2335,68179,0.1296,425,2.0211,4,6,-77.0944,-94.0841,direct,0.0500,31.2000,-87.1056
305.2,node[9],5,5783.2077,4134.5759,1.8950,10.2392,1.8716,-0.4850,833751137#12,-84.4638,-5.0000,100.0000,default,14,rsu(424m),2336,68218,0.0180,424,2.0228,2,2,-84.4638,-101.4535,direct,0.0500,31.2000,-87.1015
305.3,node[9],5,5784.1299,4135.0619,1.8950,10.4251,1.8585,-0.4850,833751137#12,-77.7856,-2.0509,100.0000,default,14,rsu(424m),2337,68257,0.0741,424,2.0208,3,4,-77.7856,-94.7753,direct,0.0500,31.2000,-87.0974
305.4,node[9],5,5785.0689,4135.5567,1.8950,10.6147,1.8959,-0.4850,833751137#12,-84.4562,-5.0000,100.0000,default,14,rsu(423m),2338,68295,0.0180,423,2.0164,2,2,-84.4562,-101.4459,direct,0.0500,31.2000,-87.0933
305.5,node[9],5,5786.0221,4136.0589,1.8950,10.7750,1.6036,-0.4850,833751137#12,-76.7669,1.3973,100.0000,default,14,rsu(422m),2339,68334,0.3097,422,2.0180,5,8,-76.7669,-93.7566,direct,0.0500,30.8000,-87.0892
305.6,node[9],5,5786.9975,4136.5729,1.8950,11.0253,2.5024,-0.4850,833751137#12,-79.0467,-0.0073,100.0000,default,14,rsu(421m),2340,68372,0.1819,421,2.0265,4,6,-79.0467,-96.0364,direct,0.0500,30.8000,-87.0851
305.7,node[9],5,5787.9887,4137.0952,1.8950,11.2054,1.8013,-0.4850,833751137#12,-78.5958,-2.1950,100.0000,default,14,rsu(420m),2341,68412,0.0693,420,2.0259,3,4,-78.5958,-95.5855,direct,0.0500,31.2000,-87.0810
305.8,node[9],5,5788.9948,4137.6253,1.8950,11.3721,1.6672,-0.4850,833751137#12,-74.3438,3.4318,100.0000,default,14,rsu(419m),2342,68451,0.5538,419,2.0222,6,10,-74.3438,-91.3335,direct,0.0500,31.2000,-87.0769
305.9,node[9],5,5790.0167,4138.1638,1.8950,11.5524,1.8029,-0.4850,833751137#12,-72.3836,4.1456,100.0000,default,14,rsu(418m),2343,68491,0.6394,418,2.0245,6,10,-72.3836,-89.3733,direct,0.0500,31.6000,-87.0728
306,node[9],5,5791.0606,4138.7139,1.8950,11.8004,2.4795,-0.4850,833751137#12,-74.1986,4.4599,100.0000,default,14,rsu(417m),2344,68531,0.6748,417,2.0267,6,10,-74.1986,-91.1883,direct,0.0500,31.6000,-87.0686
306.1,node[9],5,5792.1244,4139.2745,1.8950,12.0254,2.2509,-0.4850,833751137#12,-77.3933,0.9818,100.0000,default,15,rsu(416m),2345,68571,0.2672,416,2.0262,4,6,-77.3933,-94.3830,direct,0.0500,32.0000,-86.9525
306.2,node[9],5,5793.2059,4139.8443,1.8950,12.2252,1.9975,-0.4850,833751137#12,-77.1272,-3.0939,100.0000,default,15,rsu(415m),2346,68611,0.0453,415,2.0155,2,2,-77.1272,-94.1169,direct,0.0500,32.0000,-86.9475
306.3,node[9],5,5794.3080,4140.4251,1.8950,12.4581,2.3289,-0.4850,833751137#12,-76.1075,-2.3154,100.0000,default,15,rsu(414m),2347,68651,0.0655,414,2.0212,3,4,-76.1075,-93.0972,direct,0.0500,32.0000,-86.9425
306.4,node[9],5,5795.4278,4141.0151,1.8950,12.6584,2.0034,-0.4850,833751137#12,-85.4533,-5.0000,100.0000,default,15,rsu(413m),2348,68691,0.0180,413,2.0269,2,2,-85.4533,-102.4430,direct,0.0500,32.0000,-86.9375
306.5,node[9],5,5796.5669,4141.6154,1.8950,12.8763,2.1790,-0.4850,833751137#12,-82.1253,-5.0000,100.0000,default,15,rsu(412m),2349,68730,0.0180,412,2.0232,2,2,-82.1253,-99.1150,direct,0.0500,31.6000,-86.9324
306.6,node[9],5,5797.7257,4142.2260,1.8950,13.1000,2.2366,-0.4850,833751137#12,-76.4102,-1.5953,100.0000,default,15,rsu(410m),2350,68769,0.0913,410,2.0194,3,4,-76.4102,-93.3999,direct,0.0500,31.6000,-86.9273
306.7,node[9],5,5798.9007,4142.8451,1.8950,13.2816,1.8159,-0.4850,833751137#12,-78.4620,-4.2847,100.0000,default,15,rsu(409m),2351,68809,0.0255,409,2.0222,2,2,-78.4620,-95.4517,direct,0.0500,31.6000,-86.9222
306.8,node[9],5,5800.0972,4143.4756,1.8950,13.5257,2.4411,-0.4850,833751137#12,-74.7609,2.9342,100.0000,default,15,rsu(408m),2352,68849,0.4918,408,2.0245,5,8,-74.7609,-91.7506,direct,0.0500,31.6000,-86.9171
306.9,node[9],5,5801.3058,4144.1125,1.8950,13.6616,1.3588,-0.4850,833751137#12,-73.8238,4.4445,100.0000,default,15,rsu(407m),2353,68888,0.6731,407,2.0148,6,10,-73.8238,-90.8135,direct,0.0500,31.6000,-86.9119
307,node[9],5,5802.5358,4144.7606,1.8950,13.9049,2.4331,-0.4850,833751137#12,-79.2585,-2.1516,100.0000,default,15,rsu(406m),2354,68927,0.0707,406,2.0182,3,4,-79.2585,-96.2482,direct,0.0500,31.6000,-86.9067
307.1,node[9],5,5803.7853,4145.4190,1.8950,14.1243,2.1942,-0.4850,833751137#12,-73.2672,1.4050,100.0000,default,15,rsu(405m),2355,68967,0.3106,405,2.0179,5,8,-73.2672,-90.2569,direct,0.0500,31.6000,-86.9015
307.2,node[9],5,5805.0463,4146.0835,1.8950,14.2545,1.3021,-0.4850,833751137#12,-76.7366,-1.5085,100.0000,default,15,rsu(404m),2356,69007,0.0950,404,2.0148,3,4,-76.7366,-93.7263,direct,0.0500,31.6000,-86.8963
307.3,node[9],5,5806.3304,4146.7607,1.8950,14.5116,2.5703,-0.4851,:10023473900_5,-85.9017,-5.0000,100.0000,default,15,rsu(402m),2357,69047,0.0180,402,2.0213,2,2,-85.9017,-102.8914,direct,0.0500,32.0000,-86.8910
307.4,node[9],5,5807.6310,4147.4469,1.8950,14.6939,1.8235,-0.4852,:10023473900_5,-79.9511,-5.0000,100.0000,default,15,rsu(401m),2358,69086,0.0180,401,2.0149,2,2,-79.9511,-96.9408,direct,0.0500,32.0000,-86.8857
307.5,node[9],5,5808.9532,4148.1446,1.8950,14.9386,2.4470,-0.4854,:10023473900_5,-80.2603,-5.0000,100.0000,default,15,rsu(400m),2359,69126,0.0180,400,2.0243,2,2,-80.2603,-97.2500,direct,0.0500,31.6000,-86.8803
307.6,node[9],5,5810.2938,4148.8519,1.8950,15.1460,2.0738,-0.4855,:10023473900_5,-79.2596,-3.5845,100.0000,default,15,rsu(399m),2360,69165,0.0358,399,2.0146,2,2,-79.2596,-96.2493,direct,0.0500,31.6000,-86.8749
307.7,node[9],5,5811.6513,4149.5682,1.8950,15.3368,1.9081,-0.4855,:10023473900_5,-77.6543,-2.7689,100.0000,default,15,rsu(397m),2361,69205,0.0529,397,2.0240,3,4,-77.6543,-94.6440,direct,0.0500,31.6000,-86.8694
307.8,node[9],5,5813.0263,4150.2937,1.8950,15.5348,1.9804,-0.4855,:10023473900_5,-76.5501,-0.2259,100.0000,default,15,rsu(396m),2362,69245,0.1662,396,2.0203,4,6,-76.5501,-93.5398,direct,0.0500,31.6000,-86.8640
307.9,node[9],5,5814.4173,4151.0273,1.8950,15.7191,1.8429,-0.4854,833751137#13,-76.4833,-1.9095,100.0000,default,16,rsu(395m),2363,69284,0.0791,395,2.0267,3,4,-76.4833,-93.4730,direct,0.0500,31.6000,-86.7516
308,node[9],5,5815.8284,4151.7706,1.8950,15.9503,2.3123,-0.4852,833751137#13,-77.3056,1.6204,100.0000,default,16,rsu(393m),2364,69324,0.3341,393,2.0202,5,8,-77.3056,-94.2953,direct,0.0500,31.6000,-86.7452
308.1,node[9],5,5817.2609,4152.5253,1.8950,16.1930,2.4264,-0.4850,833751137#13,-75.5128,3.6599,100.0000,default,16,rsu(392m),2365,69364,0.5818,392,2.0168,6,10,-75.5128,-92.5025,direct,0.0500,32.0000,-86.7388
308.2,node[9],5,5818.7113,4153.2894,1.8950,16.3947,2.0174,-0.4849,833751137#13,-74.8616,3.1903,100.0000,default,16,rsu(391m),2366,69403,0.5238,391,2.0231,6,10,-74.8616,-91.8513,direct,0.0500,32.0000,-86.7322
308.3,node[9],5,5820.1740,4154.0599,1.8950,16.5338,1.3907,-0.4849,833751137#13,-76.5651,1.8379,100.0000,default,16,rsu(389m),2367,69442,0.3587,389,2.0264,5,8,-76.5651,-93.5548,direct,0.0500,31.2000,-86.7256
308.4,node[9],5,5821.6490,4154.8370,1.8950,16.6740,1.4017,-0.4849,833751137#13,-73.1454,1.7086,100.0000,default,16,rsu(388m),2368,69482,0.3440,388,2.0226,5,8,-73.1454,-90.1351,direct,0.0500,31.2000,-86.7189
308.5,node[9],5,5823.1383,4155.6215,1.8950,16.8339,1.5996,-0.4849,833751137#13,-76.4267,-1.8304,100.0000,default,16,rsu(387m),2369,69522,0.0820,387,2.0189,3,4,-76.4267,-93.4164,direct,0.0500,32.0000,-86.7120
308.6,node[9],5,5824.6453,4156.4154,1.8950,17.0349,2.0094,-0.4849,833751137#13,-81.1338,-5.0000,100.0000,default,16,rsu(385m),2370,69562,0.0180,385,2.0181,2,2,-81.1338,-98.1235,direct,0.0500,32.0000,-86.7050
308.7,node[9],5,5826.1707,4157.2190,1.8950,17.2431,2.0825,-0.4849,833751137#13,-85.3536,-5.0000,100.0000,default,16,rsu(384m),2371,69601,0.0180,384,2.0243,2,2,-85.3536,-102.3433,direct,0.0500,31.6000,-86.6979
308.8,node[9],5,5827.7189,4158.0347,1.8950,17.5013,2.5817,-0.4849,833751137#13,-75.1916,3.5208,100.0000,default,16,rsu(382m),2372,69640,0.5647,382,2.0145,6,10,-75.1916,-92.1813,direct,0.0500,31.6000,-86.6907
308.9,node[9],5,5829.2861,4158.8603,1.8950,17.7151,2.1382,-0.4849,833751137#13,-76.0187,-2.1377,100.0000,default,16,rsu(381m),2373,69680,0.0712,381,2.0237,3,4,-76.0187,-93.0084,direct,0.0500,31.6000,-86.6833
309,node[9],5,5830.8678,4159.6935,1.8950,17.8785,1.6336,-0.4849,833751137#13,-72.9949,5.6587,100.0000,default,16,rsu(380m),2374,69720,0.7907,380,2.0170,7,12,-72.9949,-89.9846,direct,0.0500,31.6000,-86.6759
309.1,node[9],5,5832.4653,4160.5351,1.8950,18.0586,1.8012,-0.4849,833751137#13,-91.5469,-5.0000,100.0000,default,16,rsu(378m),2375,69760,0.0180,378,2.0161,2,2,-91.5469,-108.5366,direct,0.0500,32.0000,-86.6683
309.2,node[9],5,5834.0804,4161.3859,1.8950,18.2566,1.9803,-0.4849,833751137#13,-71.1960,2.7057,100.0000,default,16,rsu(377m),2376,69800,0.4633,377,2.0151,5,8,-71.1960,-88.1857,direct,0.0500,32.0000,-86.6606
309.3,node[9],5,5835.7104,4162.2446,1.8950,18.4252,1.6861,-0.4849,833751137#13,-81.1424,-4.1464,100.0000,default,16,rsu(375m),2377,69840,0.0273,375,2.0214,2,2,-81.1424,-98.1321,direct,0.0500,32.0000,-86.6528
309.4,node[9],5,5837.3539,4163.1104,1.8950,18.5778,1.5253,-0.4849,833751137#13,-71.8326,2.7861,100.0000,default,16,rsu(374m),2378,69880,0.4733,374,2.0204,5,8,-71.8326,-88.8223,direct,0.0500,32.0000,-86.6448
309.5,node[9],5,5839.0072,4163.9814,1.8950,18.6889,1.1114,-0.4849,833751137#13,-77.0853,-3.1624,100.0000,default,16,rsu(372m),2379,69920,0.0439,372,2.0193,2,2,-77.0853,-94.0750,direct,0.0500,32.0000,-86.6368
309.6,node[9],5,5840.6591,4164.8516,1.8950,18.6720,-0.1688,-0.4849,833751137#13,-78.3198,-2.7228,100.0000,default,16,rsu(371m),2380,69960,0.0541,371,2.0182,3,4,-78.3198,-95.3095,direct,0.0500,32.0000,-86.6287
309.7,node[9],5,5842.3161,4165.7246,1.8950,18.7310,0.5894,-0.4849,833751137#13,-79.4720,-1.1440,100.0000,default,16,rsu(369m),2381,70000,0.1118,369,2.0142,3,4,-79.4720,-96.4617,direct,0.0500,32.0000,-86.6206
309.8,node[9],5,5843.9738,4166.5978,1.8950,18.7379,0.0693,-0.4849,833751137#13,-74.1185,5.1945,100.0000,default,16,rsu(368m),2382,70040,0.7497,368,2.0205,7,12,-74.1185,-91.1082,direct,0.0500,32.0000,-86.6124
309.9,node[9],5,5845.6336,4167.4723,1.8950,18.7629,0.2498,-0.4849,833751137#13,-83.5951,-4.7346,100.0000,default,16,rsu(366m),2383,70079,0.0205,366,2.0262,2,2,-83.5951,-100.5848,direct,0.0500,31.6000,-86.6041
310,node[9],5,5847.2886,4168.3441,1.8950,18.7075,-0.5534,-0.4849,833751137#13,-74.7868,3.7292,100.0000,default,16,rsu(365m),2384,70119,0.5902,365,2.0195,6,10,-74.7868,-91.7765,direct,0.0500,31.6000,-86.5958
310.1,node[9],5,5848.9433,4169.2158,1.8950,18.7040,-0.0357,-0.4849,833751137#13,-79.6826,-0.7518,100.0000,default,16,rsu(363m),2385,70160,0.1329,363,2.0237,4,6,-79.6826,-96.6723,direct,0.0500,32.4000,-86.5874
310.2,node[9],5,5850.5988,4170.0879,1.8950,18.7135,0.0951,-0.4849,833751137#13,-76.7201,2.1505,100.0000,default,16,rsu(362m),2386,70201,0.3954,362,2.0225,5,8,-76.7201,-93.7098,direct,0.0500,32.4000,-86.5790
310.3,node[9],5,5852.2529,4170.9593,1.8950,18.6980,-0.1544,-0.4849,833751137#13,-75.6407,-0.0301,100.0000,default,16,rsu(360m),2387,70242,0.1802,360,2.0241,4,6,-75.6407,-92.6304,direct,0.0500,32.8000,-86.5705
310.4,node[9],5,5853.9062,4171.8303,1.8950,18.6890,-0.0898,-0.4849,833751137#13,-72.2708,6.7031,100.0000,default,16,rsu(359m),2388,70282,0.8643,359,2.0197,7,12,-72.2708,-89.2605,direct,0.0500,32.8000,-86.5620
310.5,node[9],5,5855.5640,4172.7036,1.8950,18.7385,0.4944,-0.4849,833751137#13,-76.6124,2.2931,100.0000,default,16,rsu(357m),2389,70323,0.4125,357,2.0238,5,8,-76.6124,-93.6021,direct,0.0500,32.4000,-86.5534
310.6,node[9],5,5857.2209,4173.5765,1.8950,18.7296,-0.0885,-0.4849,833751137#13,-78.5183,-1.1670,100.0000,default,16,rsu(356m),2390,70364,0.1107,356,2.0254,3,4,-78.5183,-95.5080,direct,0.0500,32.4000,-86.5447
310.7,node[9],5,5858.8761,4174.4485,1.8950,18.7106,-0.1902,-0.4849,833751137#13,-81.8932,-5.0000,100.0000,default,16,rsu(354m),2391,70405,0.0180,354,2.0140,2,2,-81.8932,-98.8829,direct,0.0500,32.8000,-86.5360
310.8,node[9],5,5860.5369,4175.3234,1.8950,18.7727,0.6207,-0.4849,833751137#13,-75.1669,-1.1423,100.0000,default,16,rsu(353m),2392,70446,0.1119,353,2.0257,3,4,-75.1669,-92.1566,direct,0.0500,32.8000,-86.5272
310.9,node[9],5,5862.1973,4176.1981,1.8950,18.7694,-0.0326,-0.4849,833751137#13,-74.4374,4.4059,100.0000,default,16,rsu(351m),2393,70486,0.6688,351,2.0213,6,10,-74.4374,-91.4271,direct,0.0500,32.4000,-86.5183
311,node[9],5,5863.8476,4177.0675,1.8950,18.6541,-1.1530,-0.4849,833751137#13,-77.0949,-0.5576,100.0000,default,16,rsu(350m),2394,70526,0.1445,350,2.0193,4,6,-77.0949,-94.0846,direct,0.0500,32.4000,-86.5094
311.1,node[9],5,5865.4977,4177.9368,1.8950,18.6526,-0.0149,-0.4849,833751137#13,-78.4934,0.2673,100.0000,default,16,rsu(349m),2395,70567,0.2032,349,2.0205,4,6,-78.4934,-95.4831,direct,0.0500,32.4000,-86.5005
311.2,node[9],5,5867.1544,4178.8095,1.8950,18.7268,0.7420,-0.4849,833751137#13,-74.9059,0.8157,100.0000,default,16,rsu(347m),2396,70607,0.2512,347,2.0184,4,6,-74.9059,-91.8956,direct,0.0500,32.4000,-86.4914
311.3,node[9],5,5868.8068,4179.6801,1.8950,18.6790,-0.4784,-0.4849,833751137#13,-76.3098,0.3417,100.0000,default,16,rsu(346m),2397,70647,0.2093,346,2.0163,4,6,-76.3098,-93.2995,direct,0.0500,32.0000,-86.4824
311.4,node[9],5,5870.4605,4180.5512,1.8950,18.6922,0.1322,-0.4849,833751137#13,-91.1208,-5.0000,100.0000,default,16,rsu(344m),2398,70687,0.0180,344,2.0142,2,2,-91.1208,-108.1105,direct,0.0500,32.0000,-86.4732
311.5,node[9],5,5872.1105,4181.4205,1.8950,18.6520,-0.4019,-0.4849,833751137#13,-82.2099,-5.0000,100.0000,default,16,rsu(343m),2399,70728,0.0180,343,2.0157,2,2,-82.2099,-99.1997,direct,0.0500,32.4000,-86.4640
311.6,node[9],5,5873.7667,4182.2929,1.8950,18.7209,0.6891,-0.4849,833751137#13,-81.3445,-4.7137,100.0000,default,16,rsu(341m),2400,70768,0.0207,341,2.0242,2,2,-81.3445,-98.3342,direct,0.0500,32.4000,-86.4547
311.7,node[9],5,5875.4274,4183.1678,1.8950,18.7721,0.5118,-0.4849,833751137#13,-79.3227,-1.6623,100.0000,default,16,rsu(340m),2401,70809,0.0886,340,2.0257,3,4,-79.3227,-96.3124,direct,0.0500,32.4000,-86.4453
311.8,node[9],5,5877.0805,4184.0387,1.8950,18.6866,-0.8551,-0.4849,833751137#13,-77.9038,-2.9215,100.0000,default,16,rsu(339m),2402,70850,0.0492,339,2.0243,3,4,-77.9038,-94.8935,direct,0.0500,32.4000,-86.4359
311.9,node[9],5,5878.7328,4184.9091,1.8950,18.6777,-0.0893,-0.4849,833751137#13,-78.7415,-4.8450,100.0000,default,16,rsu(337m),2403,70891,0.0194,337,2.0258,2,2,-78.7415,-95.7312,direct,0.0500,32.8000,-86.4264
312,node[9],5,5880.3880,4185.7811,1.8950,18.7096,0.3190,-0.4849,833751137#13,-76.4291,-2.1736,100.0000,default,16,rsu(336m),2404,70932,0.0700,336,2.0244,3,4,-76.4291,-93.4188,direct,0.0500,32.8000,-86.4168
312.1,node[9],5,5882.0423,4186.6526,1.8950,18.7008,-0.0881,-0.4849,833751137#13,-76.8107,-0.7574,100.0000,default,16,rsu(334m),2405,70972,0.1325,334,2.0199,4,6,-76.8107,-93.8004,direct,0.0500,32.4000,-86.4072
312.2,node[9],5,5883.6962,4187.5239,1.8950,18.6943,-0.0650,-0.4849,833751137#13,-74.6820,2.3960,100.0000,default,16,rsu(333m),2406,71012,0.4251,333,2.0175,5,8,-74.6820,-91.6717,direct,0.0500,32.4000,-86.3974
312.3,node[9],5,5885.3496,4188.3949,1.8950,18.6907,-0.0357,-0.4849,833751137#13,-79.9545,-2.1588,100.0000,default,16,rsu(332m),2407,71052,0.0705,332,2.0151,3,4,-79.9545,-96.9442,direct,0.0500,32.0000,-86.3877
312.4,node[9],5,5887.0000,4189.2644,1.8950,18.6556,-0.3506,-0.4849,833751137#13,-79.5466,-2.0025,100.0000,default,16,rsu(330m),2408,71093,0.0758,330,2.0266,3,4,-79.5466,-96.5363,direct,0.0500,32.0000,-86.3778
312.5,node[9],5,5888.6612,4190.1392,1.8950,18.7723,1.1666,-0.4848,:10023473899_5,-80.1209,-5.0000,100.0000,default,16,rsu(329m),2409,71134,0.0180,329,2.0252,2,2,-80.1209,-97.1106,direct,0.0500,32.8000,-86.3678
312.6,node[9],5,5890.3202,4191.0125,1.8950,18.7439,-0.2838,-0.4847,:10023473899_5,-81.7509,-4.7064,100.0000,default,16,rsu(327m),2410,71174,0.0208,327,2.0205,2,2,-81.7509,-98.7406,direct,0.0500,32.8000,-86.3578
312.7,node[9],5,5891.9790,4191.8858,1.8950,18.7414,-0.0253,-0.4846,:10023473899_5,-79.7639,-2.4129,100.0000,default,16,rsu(326m),2411,71215,0.0626,326,2.0239,3,4,-79.7639,-96.7536,direct,0.0500,32.4000,-86.3477
312.8,node[9],5,5893.6307,4192.7553,1.8950,18.6605,-0.8087,-0.4846,:10023473899_5,-76.6534,-2.7553,100.0000,default,16,rsu(325m),2412,71256,0.0533,325,2.0224,3,4,-76.6534,-93.6431,direct,0.0500,32.4000,-86.3375
312.9,node[9],5,5895.2863,4193.6269,1.8950,18.7056,0.4506,-0.4846,:10023473899_5,-74.6763,3.9441,100.0000,default,16,rsu(323m),2413,71297,0.6159,323,2.0237,6,10,-74.6763,-91.6660,direct,0.0500,32.8000,-86.3273
313,node[9],5,5896.9426,4194.4998,1.8950,18.7225,0.1692,-0.4847,833751137#14,-79.7122,-4.7346,100.0000,default,16,rsu(322m),2414,71338,0.0205,322,2.0222,2,2,-79.7122,-96.7019,direct,0.0500,32.8000,-86.3170
313.1,node[9],5,5898.6009,4195.3745,1.8950,18.7539,0.3144,-0.4851,833751137#14,-76.4417,0.2999,100.0000,default,16,rsu(321m),2415,71379,0.2059,321,2.0235,4,6,-76.4417,-93.4314,direct,0.0500,32.8000,-86.3065
313.2,node[9],5,5900.2605,4196.2500,1.8950,18.7686,0.1470,-0.4854,833751137#14,-75.3152,-0.3728,100.0000,default,16,rsu(319m),2416,71419,0.1563,319,2.0187,4,6,-75.3152,-92.3049,direct,0.0500,32.8000,-86.2960
313.3,node[9],5,5901.9158,4197.1232,1.8950,18.7141,-0.5459,-0.4854,:10023484120_5,-78.5096,-0.8642,100.0000,default,16,rsu(318m),2417,71459,0.1265,318,2.0159,4,6,-78.5096,-95.4993,direct,0.0500,32.0000,-86.2854
313.4,node[9],5,5903.5750,4197.9987,1.8950,18.7461,0.3209,-0.4855,:10023484120_5,-76.3422,1.1119,100.0000,default,16,rsu(317m),2418,71499,0.2801,317,2.0241,5,8,-76.3422,-93.3319,direct,0.0500,32.0000,-86.2747
313.5,node[9],5,5905.2303,4198.8722,1.8950,18.7021,-0.4400,-0.4855,:10023484120_5,-73.8861,2.6931,100.0000,default,16,rsu(315m),2419,71540,0.4617,315,2.0225,5,8,-73.8861,-90.8758,direct,0.0500,32.4000,-86.2640
313.6,node[9],5,5906.8907,4199.7482,1.8950,18.7589,0.5672,-0.4855,:10023484120_5,-75.3249,0.3202,100.0000,default,16,rsu(314m),2420,71580,0.2075,314,2.0177,4,6,-75.3249,-92.3146,direct,0.0500,32.4000,-86.2531
313.7,node[9],5,5908.5444,4200.6208,1.8950,18.6835,-0.7534,-0.4855,:10023484120_5,-72.6169,4.9894,100.0000,default,16,rsu(313m),2421,71620,0.7300,313,2.0147,6,10,-72.6169,-89.6066,direct,0.0500,32.0000,-86.2422
313.8,node[9],5,5910.1953,4201.4916,1.8950,18.6554,-0.2815,-0.4855,833751137#15,-76.2323,1.9875,100.0000,default,16,rsu(311m),2422,71661,0.3761,311,2.0159,5,8,-76.2323,-93.2220,direct,0.0500,32.0000,-86.2312
313.9,node[9],5,5911.8561,4202.3669,1.8950,18.7727,1.1735,-0.4853,833751137#15,-79.4207,-4.7408,100.0000,default,16,rsu(310m),2423,71701,0.0204,310,2.0240,2,2,-79.4207,-96.4104,direct,0.0500,32.4000,-86.2201
314,node[9],5,5913.5168,4203.2422,1.8950,18.7724,-0.0035,-0.4851,833751137#15,-79.3917,-2.6378,100.0000,default,16,rsu(309m),2424,71742,0.0563,309,2.0251,3,4,-79.3917,-96.3814,direct,0.0500,32.4000,-86.2090
314.1,node[9],5,5915.1713,4204.1141,1.8950,18.7016,-0.7082,-0.4850,833751137#15,-76.3336,0.4139,100.0000,default,16,rsu(307m),2425,71782,0.2153,307,2.0201,4,6,-76.3336,-93.3233,direct,0.0500,32.4000,-86.1977
314.2,node[9],5,5916.8315,4204.9891,1.8950,18.7666,0.6503,-0.4850,833751137#15,-71.5409,7.0004,100.0000,default,16,rsu(306m),2426,71822,0.8808,306,2.0170,8,14,-71.5409,-88.5306,direct,0.0500,32.4000,-86.1864
314.3,node[9],5,5918.4819,4205.8590,1.8950,18.6560,-1.1057,-0.4850,833751137#15,-70.6371,3.9797,100.0000,default,16,rsu(305m),2427,71862,0.6201,305,2.0137,6,10,-70.6371,-87.6268,direct,0.0500,32.0000,-86.1750
314.4,node[9],5,5920.1410,4206.7333,1.8950,18.7533,0.9724,-0.4850,833751137#15,-81.1229,-2.1968,100.0000,default,16,rsu(303m),2428,71903,0.0692,303,2.0148,3,4,-81.1229,-98.1126,direct,0.0500,32.0000,-86.1634
314.5,node[9],5,5921.7956,4207.6054,1.8950,18.7039,-0.4939,-0.4850,833751137#15,-79.1948,-3.7065,100.0000,default,16,rsu(302m),2429,71943,0.0338,302,2.0228,2,2,-79.1948,-96.1845,direct,0.0500,32.4000,-86.1518
314.6,node[9],5,5923.4485,4208.4765,1.8950,18.6833,-0.2061,-0.4850,833751137#15,-79.3504,-1.3895,100.0000,default,16,rsu(301m),2430,71984,0.1002,301,2.0209,3,4,-79.3504,-96.3401,direct,0.0500,32.4000,-86.1401
314.7,node[9],5,5925.1066,4209.3504,1.8950,18.7426,0.5937,-0.4850,833751137#15,-76.6812,-1.2410,100.0000,default,16,rsu(300m),2431,72025,0.1071,300,2.0207,3,4,-76.6812,-93.6709,direct,0.0500,32.8000,-86.1282
314.8,node[9],5,5926.7662,4210.2251,1.8950,18.7602,0.1758,-0.4850,833751137#15,-76.6679,0.3777,100.0000,default,16,rsu(298m),2432,72066,0.2123,298,2.0204,4,6,-76.6679,-93.6576,direct,0.0500,32.8000,-86.1161
314.9,node[9],5,5928.4264,4211.1000,1.8950,18.7657,0.0544,-0.4850,833751137#15,-80.0926,-4.7302,100.0000,default,16,rsu(297m),2433,72107,0.0205,297,2.0229,2,2,-80.0926,-97.0823,direct,0.0500,32.8000,-86.1040
315,node[9],5,5930.0821,4211.9727,1.8950,18.7163,-0.4939,-0.4850,833751137#15,-69.0943,8.5630,100.0000,default,16,rsu(296m),2434,72147,0.9417,296,2.0178,8,14,-69.0943,-86.0840,direct,0.0500,32.8000,-86.0917
315.1,node[9],5,5931.7423,4212.8477,1.8950,18.7666,0.5029,-0.4850,833751137#15,-92.1170,-5.0000,100.0000,default,16,rsu(295m),2435,72188,0.0180,295,2.0201,2,2,-92.1170,-109.1067,direct,0.0500,32.4000,-86.0793
315.2,node[9],5,5933.3931,4213.7177,1.8950,18.6596,-1.0697,-0.4850,833751137#15,-71.6631,6.4976,100.0000,default,16,rsu(293m),2436,72228,0.8518,293,2.0165,7,12,-71.6631,-88.6528,direct,0.0500,32.4000,-86.0668
315.3,node[9],5,5935.0490,4214.5904,1.8950,18.7184,0.5885,-0.4850,833751137#15,-70.2824,4.5803,100.0000,default,16,rsu(292m),2437,72268,0.6879,292,2.0243,6,10,-70.2824,-87.2721,direct,0.0500,32.0000,-86.0541
315.4,node[9],5,5936.7088,4215.4652,1.8950,18.7618,0.4337,-0.4850,833751137#15,-78.7218,-0.4076,100.0000,default,16,rsu(291m),2438,72308,0.1540,291,2.0190,4,6,-78.7218,-95.7115,direct,0.0500,32.0000,-86.0413
315.5,node[9],5,5938.3604,4216.3356,1.8950,18.6686,-0.9321,-0.4850,833751137#15,-71.7414,7.0731,100.0000,default,16,rsu(290m),2439,72349,0.8846,290,2.0212,8,14,-71.7414,-88.7311,direct,0.0500,32.4000,-86.0283
315.6,node[9],5,5940.0159,4217.2082,1.8950,18.7136,0.4496,-0.4850,833751137#15,-71.0268,5.1359,100.0000,default,16,rsu(289m),2440,72390,0.7442,289,2.0205,7,12,-71.0268,-88.0165,direct,0.0500,32.4000,-86.0152
315.7,node[9],5,5941.6764,4218.0833,1.8950,18.7694,0.5588,-0.4850,833751137#15,-76.1051,2.9406,100.0000,default,16,rsu(287m),2441,72431,0.4926,287,2.0198,5,8,-76.1051,-93.0948,direct,0.0500,32.8000,-86.0019
315.8,node[9],5,5943.3257,4218.9526,1.8950,18.6438,-1.2565,-0.4850,833751137#15,-74.2344,5.1376,100.0000,default,16,rsu(286m),2442,72472,0.7444,286,2.0218,7,12,-74.2344,-91.2241,direct,0.0500,32.8000,-85.9884
315.9,node[9],5,5944.9778,4219.8233,1.8950,18.6745,0.3069,-0.4850,833751137#15,-73.7625,3.9230,100.0000,default,16,rsu(285m),2443,72513,0.6134,285,2.0238,6,10,-73.7625,-90.7522,direct,0.0500,32.8000,-85.9748
316,node[9],5,5946.6301,4220.6941,1.8950,18.6774,0.0297,-0.4850,833751137#15,-83.4334,-4.6241,100.0000,default,16,rsu(284m),2444,72553,0.0216,284,2.0184,2,2,-83.4334,-100.4231,direct,0.0500,32.8000,-85.9610
316.1,node[9],5,5948.2834,4221.5655,1.8950,18.6885,0.1106,-0.4850,833751137#15,-74.7543,3.1939,100.0000,default,16,rsu(283m),2445,72593,0.5242,283,2.0143,6,10,-74.7543,-91.7440,direct,0.0500,32.0000,-85.9469
316.2,node[9],5,5949.9415,4222.4394,1.8950,18.7427,0.5424,-0.4850,833751137#15,-77.8624,0.9976,100.0000,default,16,rsu(282m),2446,72634,0.2687,282,2.0148,4,6,-77.8624,-94.8521,direct,0.0500,32.0000,-85.9327
316.3,node[9],5,5951.5919,4223.3092,1.8950,18.6551,-0.8768,-0.4850,833751137#15,-70.3563,6.1191,100.0000,default,16,rsu(280m),2447,72675,0.8263,280,2.0153,7,12,-70.3563,-87.3460,direct,0.0500,32.8000,-85.9183
316.4,node[9],5,5953.2521,4224.1841,1.8950,18.7662,1.1116,-0.4850,833751137#15,-84.9041,-5.0000,100.0000,default,16,rsu(279m),2448,72715,0.0180,279,2.0227,2,2,-84.9041,-101.8938,direct,0.0500,32.8000,-85.9037
316.5,node[9],5,5954.9106,4225.0582,1.8950,18.7476,-0.1864,-0.4850,833751137#15,-83.0749,-4.2463,100.0000,default,16,rsu(278m),2449,72756,0.0260,278,2.0232,2,2,-83.0749,-100.0646,direct,0.0500,32.4000,-85.8888
316.6,node[9],5,5956.5643,4225.9298,1.8950,18.6932,-0.5442,-0.4850,833751137#15,-75.8534,3.1409,100.0000,default,16,rsu(277m),2450,72797,0.5176,277,2.0207,6,10,-75.8534,-92.8431,direct,0.0500,32.4000,-85.8738
316.7,node[9],5,5958.2158,4226.8002,1.8950,18.6678,-0.2532,-0.4850,833751137#15,-75.8805,-0.8234,100.0000,default,16,rsu(276m),2451,72837,0.1288,276,2.0163,4,6,-75.8805,-92.8702,direct,0.0500,32.4000,-85.8586
316.8,node[9],5,5959.8661,4227.6700,1.8950,18.6543,-0.1357,-0.4850,833751137#15,-71.3980,7.3989,100.0000,default,16,rsu(275m),2452,72878,0.9002,275,2.0166,8,14,-71.3980,-88.3877,direct,0.0500,32.4000,-85.8432
316.9,node[9],5,5961.5219,4228.5426,1.8950,18.7169,0.6262,-0.4850,833751137#15,-75.3220,2.0210,100.0000,default,16,rsu(274m),2453,72918,0.3800,274,2.0240,5,8,-75.3220,-92.3117,direct,0.0500,32.4000,-85.8276
317,node[9],5,5963.1781,4229.4155,1.8950,18.7215,0.0458,-0.4850,833751137#15,-68.9311,7.5924,100.0000,default,16,rsu(273m),2454,72958,0.9086,273,2.0182,8,14,-68.9311,-85.9208,direct,0.0500,32.4000,-85.8117
317.1,node[9],5,5964.8366,4230.2896,1.8950,18.7466,0.2514,-0.4850,833751137#15,-87.4871,-5.0000,100.0000,default,16,rsu(271m),2455,72999,0.0180,271,2.0196,2,2,-87.4871,-104.4768,direct,0.0500,32.4000,-85.7955
317.2,node[9],5,5966.4902,4231.1611,1.8950,18.6923,-0.5429,-0.4850,833751137#15,-81.3304,-4.5964,100.0000,default,16,rsu(270m),2456,73039,0.0219,270,2.0149,2,2,-81.3304,-98.3201,direct,0.0500,32.4000,-85.7792
317.3,node[9],5,5968.1412,4232.0313,1.8950,18.6629,-0.2945,-0.4850,833751137#15,-72.9965,5.9232,100.0000,default,16,rsu(269m),2457,73080,0.8118,269,2.0151,7,12,-72.9965,-89.9862,direct,0.0500,32.4000,-85.7626
317.4,node[9],5,5969.7978,4232.9044,1.8950,18.7253,0.6239,-0.4850,833751137#15,-70.4162,5.0987,100.0000,default,16,rsu(268m),2458,73120,0.7406,268,2.0222,7,12,-70.4162,-87.4059,direct,0.0500,32.4000,-85.7457
317.5,node[9],5,5971.4505,4233.7792,1.8950,18.7002,-0.2509,-0.4857,:227528208_7,-72.1936,3.7520,100.0000,default,16,rsu(267m),2459,73162,0.5929,267,2.0235,6,10,-72.1936,-89.1833,direct,0.0500,32.8000,-85.7286
317.6,node[9],5,5973.1005,4234.6600,1.8950,18.7046,0.0442,-0.4877,:227528208_7,-79.2841,-0.2890,100.0000,default,16,rsu(266m),2460,73204,0.1619,266,2.0248,4,6,-79.2841,-96.2738,direct,0.0500,32.8000,-85.7111
317.7,node[9],5,5974.7484,4235.5396,1.8950,18.6821,-0.2247,-0.4897,:227528208_7,-76.5636,0.0028,100.0000,default,16,rsu(265m),2461,73246,0.1826,265,2.0260,4,6,-76.5636,-93.5533,direct,0.0500,33.6000,-85.6934
317.8,node[9],5,5976.4034,4236.4231,1.8950,18.7621,0.7999,-0.4903,:227528208_7,-70.2495,6.2017,100.0000,default,17,rsu(264m),2462,73287,0.8321,264,2.0212,7,12,-70.2495,-87.2392,direct,0.0500,33.6000,-85.5940
317.9,node[9],5,5978.0536,4237.3040,1.8950,18.7072,-0.5493,-0.4903,:227528208_7,-74.4069,-0.3075,100.0000,default,17,rsu(263m),2463,73328,0.1606,263,2.0172,4,6,-74.4069,-91.3966,direct,0.0500,32.8000,-85.5757
318,node[9],5,5979.7068,4238.1864,1.8950,18.7412,0.3407,-0.4903,:227528208_7,-72.4641,1.8808,100.0000,default,17,rsu(262m),2464,73370,0.3636,262,2.0155,5,8,-72.4641,-89.4538,direct,0.0500,32.8000,-85.5572
318.1,node[9],5,5981.3558,4239.0667,1.8950,18.6944,-0.4686,-0.4903,:227528208_7,-70.8144,4.2660,100.0000,default,17,rsu(261m),2465,73412,0.6532,261,2.0165,6,10,-70.8144,-87.8041,direct,0.0500,33.6000,-85.5383
318.2,node[9],5,5983.0080,4239.9487,1.8950,18.7299,0.3548,-0.4903,:227528208_7,-71.4773,3.1714,100.0000,default,17,rsu(260m),2466,73454,0.5214,260,2.0176,6,10,-71.4773,-88.4670,direct,0.0500,33.6000,-85.5191
318.3,node[9],5,5984.6574,4240.8366,1.8950,18.7322,0.0235,-0.4917,833751137#16,-78.6221,0.3502,100.0000,default,17,rsu(259m),2467,73495,0.2100,259,2.0264,4,6,-78.6221,-95.6118,direct,0.0500,33.2000,-85.4995
318.4,node[9],5,5986.3024,4241.7266,1.8950,18.7036,-0.2865,-0.4937,833751137#16,-77.3450,0.0563,100.0000,default,17,rsu(258m),2468,73536,0.1867,258,2.0214,4,6,-77.3450,-94.3347,direct,0.0500,33.2000,-85.4795
318.5,node[9],5,5987.9428,4242.6140,1.8950,18.6494,-0.5422,-0.4958,833751137#16,-74.1413,4.3317,100.0000,default,17,rsu(257m),2469,73577,0.6606,257,2.0172,6,10,-74.1413,-91.1310,direct,0.0500,32.8000,-85.4592
318.6,node[9],5,5989.5913,4243.5059,1.8950,18.7434,0.9408,-0.4959,833751137#16,-78.2137,-0.9659,100.0000,default,17,rsu(256m),2470,73618,0.1210,256,2.0251,4,6,-78.2137,-95.2034,direct,0.0500,32.8000,-85.4385
318.7,node[9],5,5991.2382,4244.3968,1.8950,18.7239,-0.1953,-0.4959,833751137#16,-76.2011,1.4361,100.0000,default,17,rsu(255m),2471,73660,0.3139,255,2.0136,5,8,-76.2011,-93.1908,direct,0.0500,33.2000,-85.4174
318.8,node[9],5,5992.8889,4245.2898,1.8950,18.7670,0.4313,-0.4959,833751137#16,-68.0691,10.0164,100.0000,default,17,rsu(254m),2472,73701,0.9709,254,2.0151,9,16,-68.0691,-85.0588,direct,0.0500,33.2000,-85.3958
318.9,node[9],5,5994.5350,4246.1804,1.8950,18.7154,-0.5166,-0.4959,833751137#16,-76.2121,2.7630,100.0000,default,17,rsu(253m),2473,73742,0.4704,253,2.0165,5,8,-76.2121,-93.2018,direct,0.0500,32.8000,-85.3738
319,node[9],5,5996.1834,4247.0722,1.8950,18.7415,0.2613,-0.4959,833751137#16,-80.7013,-4.0739,100.0000,default,17,rsu(252m),2474,73784,0.0283,252,2.0179,2,2,-80.7013,-97.6910,direct,0.0500,32.8000,-85.3514
319.1,node[9],5,5997.8237,4247.9596,1.8950,18.6495,-0.9202,-0.4959,833751137#16,-72.8781,5.6946,100.0000,default,17,rsu(252m),2475,73826,0.7937,252,2.0200,7,12,-72.8781,-89.8678,direct,0.0500,33.6000,-85.3285
319.2,node[9],5,5999.4696,4248.8499,1.8950,18.7120,0.6256,-0.4959,833751137#16,-78.7287,-2.7651,100.0000,default,17,rsu(251m),2476,73867,0.0530,251,2.0219,3,4,-78.7287,-95.7184,direct,0.0500,33.6000,-85.3050
319.3,node[9],5,6001.1122,4249.7386,1.8950,18.6754,-0.3665,-0.4959,833751137#16,-78.8502,-1.9470,100.0000,default,17,rsu(250m),2477,73909,0.0777,250,2.0238,3,4,-78.8502,-95.8399,direct,0.0500,33.2000,-85.2811
319.4,node[9],5,6002.7608,4250.6305,1.8950,18.7436,0.6822,-0.4959,833751137#16,-70.5601,8.4568,100.0000,default,17,rsu(249m),2478,73951,0.9387,249,2.0250,8,14,-70.5601,-87.5498,direct,0.0500,33.2000,-85.2565
319.5,node[9],5,6004.4075,4251.5213,1.8950,18.7222,-0.2143,-0.4959,833751137#16,-80.3640,-3.9654,100.0000,default,17,rsu(248m),2479,73993,0.0298,248,2.0261,2,2,-80.3640,-97.3537,direct,0.0500,33.6000,-85.2314
319.6,node[9],5,6006.0581,4252.4143,1.8950,18.7661,0.4394,-0.4959,833751137#16,-79.1565,-4.0285,100.0000,default,17,rsu(247m),2480,74035,0.0289,247,2.0141,2,2,-79.1565,-96.1462,direct,0.0500,33.6000,-85.2056
319.7,node[9],5,6007.7013,4253.3033,1.8950,18.6827,-0.8345,-0.4959,833751137#16,-74.5748,4.6323,100.0000,default,17,rsu(246m),2481,74077,0.6934,246,2.0151,6,10,-74.5748,-91.5645,direct,0.0500,33.6000,-85.1793
319.8,node[9],5,6009.3439,4254.1919,1.8950,18.6755,-0.0715,-0.4959,833751137#16,-74.4127,2.1662,100.0000,default,17,rsu(245m),2482,74117,0.3973,245,2.0160,5,8,-74.4127,-91.4024,direct,0.0500,33.6000,-85.1523
319.9,node[9],5,6010.9851,4255.0798,1.8950,18.6593,-0.1619,-0.4959,833751137#16,-82.7443,-5.0000,100.0000,default,17,rsu(245m),2483,74157,0.0180,245,2.0168,2,2,-82.7443,-99.7340,direct,0.0500,32.0000,-85.1246
320,node[9],5,6012.6351,4255.9724,1.8950,18.7594,1.0004,-0.4959,833751137#16,-73.0227,5.0843,100.0000,default,17,rsu(244m),2484,74198,0.7393,244,2.0176,7,12,-73.0227,-90.0124,direct,0.0500,32.0000,-85.0960
320.1,node[9],5,6014.2807,4256.8627,1.8950,18.7092,-0.5015,-0.4959,833751137#16,-76.3687,1.9484,100.0000,default,17,rsu(243m),2485,74239,0.3715,243,2.0184,5,8,-76.3687,-93.3584,direct,0.0500,32.8000,-85.0668
320.2,node[9],5,6015.9268,4257.7532,1.8950,18.7152,0.0593,-0.4959,833751137#16,-78.9486,-0.6071,100.0000,default,17,rsu(242m),2486,74280,0.1414,242,2.0196,4,6,-78.9486,-95.9383,direct,0.0500,32.8000,-85.0367
320.3,node[9],5,6017.5673,4258.6407,1.8950,18.6520,-0.6316,-0.4959,833751137#16,-71.0771,7.7695,100.0000,default,17,rsu(242m),2487,74320,0.9157,242,2.0208,8,14,-71.0771,-88.0668,direct,0.0500,32.4000,-85.0057
320.4,node[9],5,6019.2149,4259.5321,1.8950,18.7317,0.7968,-0.4959,833751137#16,-78.5338,0.5604,100.0000,default,17,rsu(241m),2488,74361,0.2280,241,2.0219,4,6,-78.5338,-95.5235,direct,0.0500,32.4000,-84.9738
320.5,node[9],5,6020.8627,4260.4235,1.8950,18.7341,0.0238,-0.4959,833751137#16,-73.3532,3.4521,100.0000,default,17,rsu(240m),2489,74401,0.5563,240,2.0229,6,10,-73.3532,-90.3429,direct,0.0500,32.4000,-84.9408
320.6,node[9],5,6022.5134,4261.3165,1.8950,18.7680,0.3390,-0.4959,833751137#16,-75.8838,-1.5424,100.0000,default,17,rsu(239m),2490,74442,0.0935,239,2.0233,3,4,-75.8838,-92.8735,direct,0.0500,32.4000,-84.9068
320.7,node[9],5,6024.1623,4262.2086,1.8950,18.7465,-0.2144,-0.4959,833751137#16,-76.3116,0.9350,100.0000,default,17,rsu(239m),2491,74483,0.2626,239,2.0237,4,6,-76.3116,-93.3013,direct,0.0500,32.8000,-84.8716
320.8,node[9],5,6025.8112,4263.1006,1.8950,18.7471,0.0061,-0.4959,833751137#16,-67.7194,11.4189,100.0000,default,17,rsu(238m),2492,74524,0.9854,238,2.0240,10,18,-67.7194,-84.7091,direct,0.0500,32.8000,-84.8354
320.9,node[9],5,6027.4546,4263.9897,1.8950,18.6853,-0.6184,-0.4959,833751137#16,-74.8483,0.3636,100.0000,default,17,rsu(237m),2493,74565,0.2111,237,2.0243,4,6,-74.8483,-91.8380,direct,0.0500,32.8000,-84.7979
321,node[9],5,6029.1032,4264.8816,1.8950,18.7432,0.5794,-0.4959,833751137#16,-71.6355,3.0215,100.0000,default,17,rsu(236m),2494,74606,0.5027,236,2.0245,6,10,-71.6355,-88.6252,direct,0.0500,32.8000,-84.7590
321.1,node[9],5,6030.7444,4265.7695,1.8950,18.6591,-0.8418,-0.4959,833751137#16,-76.8603,-1.8418,100.0000,default,17,rsu(236m),2495,74646,0.0816,236,2.0246,3,4,-76.8603,-93.8500,direct,0.0500,32.4000,-84.7187
321.2,node[9],5,6032.3852,4266.6571,1.8950,18.6554,-0.0370,-0.4959,833751137#16,-72.4556,5.8148,100.0000,default,17,rsu(235m),2496,74687,0.8034,235,2.0247,7,12,-72.4556,-89.4453,direct,0.0500,32.4000,-84.6769
321.3,node[9],5,6034.0357,4267.5500,1.8950,18.7645,1.0913,-0.4959,833751137#16,-72.6227,6.1130,100.0000,default,17,rsu(234m),2497,74727,0.8258,234,2.0248,7,12,-72.6227,-89.6124,direct,0.0500,32.4000,-84.6334
321.4,node[9],5,6035.6821,4268.4407,1.8950,18.7184,-0.4604,-0.4959,833751137#16,-73.5211,4.4064,100.0000,default,17,rsu(234m),2498,74768,0.6689,234,2.0248,6,10,-73.5211,-90.5108,direct,0.0500,32.4000,-84.5880
321.5,node[9],5,6037.3271,4269.3307,1.8950,18.7036,-0.1482,-0.4959,833751137#16,-67.2099,10.4462,100.0000,default,17,rsu(233m),2499,74809,0.9764,233,2.0247,9,16,-67.2099,-84.1996,direct,0.0500,32.8000,-84.5409
321.6,node[9],5,6038.9776,4270.2236,1.8950,18.7649,0.6123,-0.4959,833751137#16,-73.4091,5.5229,100.0000,default,17,rsu(233m),2500,74849,0.7793,233,2.0245,7,12,-73.4091,-90.3988,direct,0.0500,32.8000,-84.4917
321.7,node[9],5,6040.6188,4271.1114,1.8950,18.6587,-1.0613,-0.4959,833751137#16,-67.9653,6.9806,100.0000,default,17,rsu(232m),2501,74890,0.8798,232,2.0243,7,12,-67.9653,-84.9550,direct,0.0500,32.4000,-84.4404
321.8,node[9],5,6042.2596,4271.9991,1.8950,18.6551,-0.0366,-0.4959,833751137#16,-91.9410,-5.0000,100.0000,default,17,rsu(231m),2502,74930,0.0180,231,2.0241,2,2,-91.9410,-108.9307,direct,0.0500,32.4000,-84.3867
321.9,node[9],5,6043.9023,4272.8878,1.8950,18.6773,0.2221,-0.4959,833751137#16,-89.1328,-5.0000,100.0000,default,17,rsu(231m),2503,74971,0.0180,231,2.0237,2,2,-89.1328,-106.1225,direct,0.0500,32.4000,-84.3304
322,node[9],5,6045.5453,4273.7767,1.8950,18.6791,0.0185,-0.4959,833751137#16,-78.6716,0.7043,100.0000,default,17,rsu(230m),2504,75011,0.2409,230,2.0237,4,6,-78.6716,-95.6613,direct,0.0500,32.4000,-84.2715
322.1,node[9],5,6047.1865,4274.6646,1.8950,18.6602,-0.1895,-0.4959,833751137#16,-71.0387,3.3592,100.0000,default,17,rsu(230m),2505,75049,0.5448,230,2.0194,6,10,-71.0387,-88.0284,direct,0.0500,31.2000,-84.2097
322.2,node[9],5,6048.8321,4275.5548,1.8950,18.7094,0.4923,-0.4959,833751137#16,-70.0035,5.4264,100.0000,default,17,rsu(229m),2506,75087,0.7709,229,2.0149,7,12,-70.0035,-86.9932,direct,0.0500,31.2000,-84.1448
322.3,node[9],5,6050.4730,4276.4425,1.8950,18.6555,-0.5393,-0.4959,833751137#16,-70.8902,5.3630,100.0000,default,17,rsu(229m),2507,75127,0.7652,229,2.0260,7,12,-70.8902,-87.8799,direct,0.0500,31.2000,-84.0759
322.4,node[9],5,6052.1146,4277.3307,1.8950,18.6648,0.0932,-0.4959,833751137#16,-68.4458,8.7304,100.0000,default,18,rsu(228m),2508,75167,0.9461,228,2.0213,8,14,-68.4458,-85.4355,direct,0.0500,31.2000,-83.9480
322.5,node[9],5,6053.7562,4278.2187,1.8950,18.6630,-0.0179,-0.4959,833751137#16,-70.4696,8.0509,100.0000,default,18,rsu(228m),2509,75208,0.9259,228,2.0209,8,14,-70.4696,-87.4593,direct,0.0500,32.4000,-83.8724
322.6,node[9],5,6055.3962,4279.1059,1.8950,18.6458,-0.1726,-0.4959,833751137#16,-70.5550,5.3172,100.0000,default,18,rsu(227m),2510,75249,0.7611,227,2.0204,7,12,-70.5550,-87.5447,direct,0.0500,32.4000,-83.7925
322.7,node[9],5,6057.0384,4279.9944,1.8950,18.6718,0.2605,-0.4959,833751137#16,-72.7563,5.4798,100.0000,default,18,rsu(227m),2511,75290,0.7755,227,2.0156,7,12,-72.7563,-89.7460,direct,0.0500,32.8000,-83.7079
322.8,node[9],5,6058.6889,4280.8873,1.8950,18.7651,0.9327,-0.4959,833751137#16,-74.7543,1.9867,100.0000,default,18,rsu(226m),2512,75330,0.3760,226,2.0150,5,8,-74.7543,-91.7440,direct,0.0500,32.8000,-83.6179
322.9,node[9],5,6060.3390,4281.7800,1.8950,18.7601,-0.0500,-0.4959,833751137#16,-70.1496,4.7104,100.0000,default,18,rsu(226m),2513,75369,0.7017,226,2.0231,6,10,-70.1496,-87.1393,direct,0.0500,31.6000,-83.5223
323,node[9],5,6061.9792,4282.6673,1.8950,18.6486,-1.1151,-0.4959,833751137#16,-70.8171,8.2285,100.0000,default,18,rsu(226m),2514,75409,0.9318,226,2.0181,8,14,-70.8171,-87.8068,direct,0.0500,31.6000,-83.4203
323.1,node[9],5,6063.6265,4283.5585,1.8950,18.7288,0.8023,-0.4959,833751137#16,-74.0220,5.0998,100.0000,default,18,rsu(225m),2515,75450,0.7408,225,2.0173,7,12,-74.0220,-91.0117,direct,0.0500,32.4000,-83.3115
323.2,node[9],5,6065.2719,4284.4487,1.8950,18.7072,-0.2160,-0.4959,833751137#16,-85.2241,-5.0000,100.0000,default,18,rsu(225m),2516,75491,0.0180,225,2.0165,2,2,-85.2241,-102.2138,direct,0.0500,32.4000,-83.1954
323.3,node[9],5,6066.9120,4285.3359,1.8950,18.6462,-0.6101,-0.4959,833751137#16,-71.6187,7.1364,100.0000,default,18,rsu(224m),2517,75532,0.8878,224,2.0156,8,14,-71.6187,-88.6084,direct,0.0500,32.8000,-83.0712
323.4,node[9],5,6068.5560,4286.2253,1.8950,18.6919,0.4572,-0.4959,833751137#16,-69.4413,5.1705,100.0000,default,18,rsu(224m),2518,75572,0.7475,224,2.0146,7,12,-69.4413,-86.4310,direct,0.0500,32.8000,-82.9379
323.5,node[9],5,6070.1984,4287.1139,1.8950,18.6729,-0.1896,-0.4959,833751137#16,-68.9013,7.4807,100.0000,default,18,rsu(224m),2519,75613,0.9038,224,2.0136,8,14,-68.9013,-85.8910,direct,0.0500,32.4000,-82.7949
323.6,node[9],5,6071.8423,4288.0032,1.8950,18.6906,0.1761,-0.4959,833751137#16,-73.7729,2.2748,100.0000,default,18,rsu(223m),2520,75653,0.4103,223,2.0213,5,8,-73.7729,-90.7626,direct,0.0500,32.4000,-82.6407
323.7,node[9],5,6073.4898,4288.8945,1.8950,18.7300,0.3945,-0.4959,833751137#16,-70.5244,5.7342,100.0000,default,18,rsu(223m),2521,75692,0.7969,223,2.0160,7,12,-70.5244,-87.5141,direct,0.0500,31.6000,-82.4744
323.8,node[9],5,6075.1303,4289.7820,1.8950,18.6517,-0.7832,-0.4959,833751137#16,-70.8438,8.1387,100.0000,default,18,rsu(223m),2522,75732,0.9289,223,2.0236,8,14,-70.8438,-87.8335,direct,0.0500,31.6000,-82.2950
323.9,node[9],5,6076.7730,4290.6707,1.8950,18.6771,0.2545,-0.4959,833751137#16,-67.1210,7.2496,100.0000,default,18,rsu(222m),2523,75772,0.8933,222,2.0223,8,14,-67.1210,-84.1107,direct,0.0500,32.0000,-82.1006
324,node[9],5,6078.4178,4291.5605,1.8950,18.7001,0.2295,-0.4959,833751137#16,-75.4345,3.0637,100.0000,default,18,rsu(222m),2524,75812,0.5080,222,2.0210,6,10,-75.4345,-92.4242,direct,0.0500,32.0000,-81.8897
324.1,node[9],5,6080.0636,4292.4509,1.8950,18.7112,0.1117,-0.4959,833751137#16,-71.2487,6.9052,100.0000,default,18,rsu(222m),2525,75853,0.8757,222,2.0154,7,12,-71.2487,-88.2384,direct,0.0500,32.4000,-81.6605
324.2,node[9],5,6081.7053,4293.3390,1.8950,18.6652,-0.4605,-0.4959,833751137#16,-68.9674,7.0697,100.0000,default,18,rsu(222m),2526,75893,0.8844,222,2.0254,8,14,-68.9674,-85.9571,direct,0.0500,32.4000,-81.4108
324.3,node[9],5,6083.3523,4294.2300,1.8950,18.7252,0.6004,-0.4959,833751137#16,-73.1114,4.2617,100.0000,default,18,rsu(222m),2527,75934,0.6527,222,2.0239,6,10,-73.1114,-90.1011,direct,0.0500,32.4000,-81.1381
324.4,node[9],5,6084.9963,4295.1195,1.8950,18.6920,-0.3325,-0.4959,833751137#16,-66.7487,11.0144,100.0000,default,18,rsu(221m),2528,75972,0.9821,221,2.0182,10,18,-66.7487,-83.7384,direct,0.0500,32.4000,-80.8393
324.5,node[9],5,6086.6450,4296.0114,1.8950,18.7441,0.5210,-0.4959,833751137#16,-81.7232,-5.0000,100.0000,default,18,rsu(221m),2529,76013,0.0180,221,2.0166,2,2,-81.7232,-98.7129,direct,0.0500,31.6000,-80.5113
324.6,node[9],5,6088.2955,4296.9044,1.8950,18.7608,0.1671,-0.4959,:8595538810_5,-74.5961,4.0460,100.0000,default,18,rsu(221m),2530,76054,0.6279,221,2.0238,6,10,-74.5961,-91.5858,direct,0.0500,31.6000,-80.1496
324.7,node[9],5,6089.9405,4297.7944,1.8950,18.6939,-0.6687,-0.4959,:8595538810_5,-74.8957,2.6262,100.0000,default,18,rsu(221m),2531,76094,0.4534,221,2.0207,5,8,-74.8957,-91.8854,direct,0.0500,32.4000,-79.7509
324.8,node[9],5,6091.5861,4298.6848,1.8950,18.7028,0.0885,-0.4960,:8595538810_5,-68.8428,10.4861,100.0000,default,18,rsu(221m),2532,76133,0.9769,221,2.0134,9,16,-68.8428,-85.8325,direct,0.0500,32.4000,-79.3089
324.9,node[9],5,6093.2378,4299.5785,1.8950,18.7711,0.6835,-0.4960,:8595538810_5,-77.8478,-2.4759,100.0000,default,18,rsu(221m),2533,76174,0.0608,221,2.0232,3,4,-77.8478,-94.8375,direct,0.0500,32.0000,-78.8161
325,node[9],5,6094.8808,4300.4674,1.8950,18.6716,-0.9950,-0.4960,:8595538810_5,-72.7516,6.2960,100.0000,default,18,rsu(220m),2534,76214,0.8386,220,2.0199,7,12,-72.7516,-89.7413,direct,0.0500,32.0000,-78.2684
325.1,node[9],5,6096.5226,4301.3558,1.8950,18.6653,-0.0634,-0.4960,833751137#17,-71.8330,7.4075,100.0000,default,18,rsu(220m),2535,76255,0.9006,220,2.0165,8,14,-71.8330,-88.8227,direct,0.0500,32.4000,-77.6525
325.2,node[9],5,6098.1690,4302.2468,1.8950,18.7213,0.5603,-0.4960,833751137#17,-74.2768,2.8443,100.0000,default,18,rsu(220m),2536,76295,0.4806,220,2.0221,5,8,-74.2768,-91.2665,direct,0.0500,32.4000,-76.9567
325.3,node[9],5,6099.8139,4303.1369,1.8950,18.7038,-0.1754,-0.4960,833751137#17,-67.7579,7.7478,100.0000,default,18,rsu(220m),2537,76336,0.9148,220,2.0146,8,14,-67.7579,-84.7476,direct,0.0500,32.4000,-76.1673
325.4,node[9],5,6101.4633,4304.0294,1.8950,18.7541,0.5031,-0.4960,833751137#17,-80.8546,-4.6734,100.0000,default,18,rsu(220m),2538,76376,0.0211,220,2.0241,2,2,-80.8546,-97.8443,direct,0.0500,32.4000,-75.2598
325.5,node[9],5,6103.1037,4304.9171,1.8950,18.6527,-1.0139,-0.4960,833751137#17,-70.1020,4.3688,100.0000,default,18,rsu(220m),2539,76417,0.6647,220,2.0205,6,10,-70.1020,-87.0917,direct,0.0500,32.4000,-74.2090
325.6,node[9],5,6104.7537,4305.8100,1.8950,18.7616,1.0894,-0.4960,833751137#17,-81.3393,-5.0000,100.0000,default,18,rsu(220m),2540,76457,0.0180,220,2.0258,2,2,-81.3393,-98.3290,direct,0.0500,32.4000,-72.9699
325.7,node[9],5,6106.3947,4306.6980,1.8950,18.6599,-1.0177,-0.4960,833751137#17,-75.1593,3.6478,100.0000,default,18,rsu(220m),2541,76498,0.5803,220,2.0239,6,10,-75.1593,-92.1490,direct,0.0500,32.4000,-71.4840
325.8,node[9],5,6108.0389,4307.5878,1.8950,18.6956,0.3576,-0.4960,833751137#17,-71.8915,6.3028,100.0000,default,18,rsu(220m),2542,76539,0.8391,220,2.0220,7,12,-71.8915,-88.8812,direct,0.0500,32.4000,-69.6452
325.9,node[9],5,6109.6823,4308.4771,1.8950,18.6874,-0.0817,-0.4960,833751137#17,-67.2920,9.5132,100.0000,default,18,rsu(220m),2543,76580,0.9629,220,2.0160,9,16,-67.2920,-84.2817,direct,0.0500,32.8000,-67.2834
326,node[9],5,6111.3311,4309.3693,1.8950,18.7474,0.5996,-0.4960,833751137#17,-68.1965,6.7413,100.0000,default,18,rsu(220m),2544,76618,0.8665,220,2.0230,7,12,-68.1965,-85.1862,direct,0.0500,32.8000,-64.0535
326.1,node[9],5,6112.9802,4310.2618,1.8950,18.7523,0.0493,-0.4960,833751137#17,-74.3070,1.3478,100.0000,default,18,rsu(220m),2545,76659,0.3045,220,2.0209,5,8,-74.3070,-91.2967,direct,0.0500,31.6000,-59.2910
326.2,node[9],5,6114.6311,4311.1551,1.8950,18.7711,0.1881,-0.4960,833751137#17,-77.7483,0.7064,100.0000,default,18,rsu(220m),2546,76699,0.2411,220,2.0188,4,6,-77.7483,-94.7380,direct,0.0500,31.6000,-54.9453
326.3,node[9],5,6116.2814,4312.0481,1.8950,18.7652,-0.0598,-0.4960,833751137#17,-71.7027,2.8418,100.0000,default,18,rsu(221m),2547,76739,0.4802,221,2.0257,5,8,-71.7027,-88.6924,direct,0.0500,32.0000,-59.7363
326.4,node[9],5,6117.9286,4312.9395,1.8950,18.7299,-0.3529,-0.4960,833751137#17,-75.2837,0.3914,100.0000,default,18,rsu(221m),2548,76780,0.2134,221,2.0196,4,6,-75.2837,-92.2734,direct,0.0500,32.0000,-64.3450
326.5,node[9],5,6119.5729,4313.8293,1.8950,18.6968,-0.3305,-0.4960,833751137#17,-72.0776,2.9115,100.0000,default,18,rsu(221m),2549,76819,0.4889,221,2.0134,5,8,-72.0776,-89.0673,direct,0.0500,32.0000,-67.4914
326.6,node[9],5,6121.2217,4314.7216,1.8950,18.7489,0.5207,-0.4960,833751137#17,-78.4053,-2.9263,100.0000,default,18,rsu(221m),2550,76859,0.0491,221,2.0241,3,4,-78.4053,-95.3950,direct,0.0500,32.0000,-69.8056
326.7,node[9],5,6122.8634,4315.6100,1.8950,18.6669,-0.8197,-0.4960,833751137#17,-71.4219,7.6720,100.0000,default,18,rsu(221m),2551,76900,0.9118,221,2.0218,8,14,-71.4219,-88.4116,direct,0.0500,32.4000,-71.6070
326.8,node[9],5,6124.5082,4316.5001,1.8950,18.7033,0.3637,-0.4960,833751137#17,-71.7241,7.1720,100.0000,default,18,rsu(221m),2552,76938,0.8895,221,2.0155,8,14,-71.7241,-88.7138,direct,0.0500,32.4000,-73.0694
326.9,node[9],5,6126.1489,4317.3879,1.8950,18.6555,-0.4775,-0.4960,833751137#17,-71.8233,6.7530,100.0000,default,18,rsu(221m),2553,76979,0.8672,221,2.0131,7,12,-71.8233,-88.8130,direct,0.0500,31.6000,-74.2877
327,node[9],5,6127.7971,4318.2798,1.8950,18.7417,0.8619,-0.4960,833751137#17,-74.2991,3.1210,100.0000,default,18,rsu(222m),2554,77019,0.5151,222,2.0199,6,10,-74.2991,-91.2888,direct,0.0500,31.6000,-75.3273
327.1,node[9],5,6129.4399,4319.1688,1.8950,18.6790,-0.6272,-0.4960,833751137#17,-72.1487,4.9439,100.0000,default,18,rsu(222m),2555,77058,0.7255,222,2.0134,6,10,-72.1487,-89.1384,direct,0.0500,31.6000,-76.2206
327.2,node[9],5,6131.0869,4320.0601,1.8950,18.7282,0.4923,-0.4960,833751137#17,-66.1889,8.2326,100.0000,default,18,rsu(222m),2556,77096,0.9319,222,2.0199,8,14,-66.1889,-83.1786,direct,0.0500,31.6000,-77.0018
327.3,node[9],5,6132.7279,4320.9480,1.8950,18.6589,-0.6935,-0.4960,833751137#17,-72.2886,6.9732,100.0000,default,18,rsu(222m),2557,77137,0.8794,222,2.0137,7,12,-72.2886,-89.2783,direct,0.0500,31.6000,-77.6864
327.4,node[9],5,6134.3738,4321.8387,1.8950,18.7154,0.5651,-0.4960,833751137#17,-70.5033,6.0318,100.0000,default,18,rsu(223m),2558,77178,0.8199,223,2.0204,7,12,-70.5033,-87.4930,direct,0.0500,31.6000,-78.2933
327.5,node[9],5,6136.0222,4322.7307,1.8950,18.7437,0.2825,-0.4960,833751137#17,-75.0895,2.9274,100.0000,default,18,rsu(223m),2559,77218,0.4909,223,2.0141,5,8,-75.0895,-92.0792,direct,0.0500,32.4000,-78.8334
327.6,node[9],5,6137.6704,4323.6227,1.8950,18.7412,-0.0242,-0.4960,833751137#17,-76.1345,2.5493,100.0000,default,18,rsu(223m),2560,77259,0.4439,223,2.0169,5,8,-76.1345,-93.1242,direct,0.0500,32.4000,-79.3163
327.7,node[9],5,6139.3209,4324.5158,1.8950,18.7673,0.2606,-0.4960,833751137#17,-73.0229,4.1606,100.0000,default,18,rsu(224m),2561,77299,0.6411,224,2.0196,6,10,-73.0229,-90.0126,direct,0.0500,32.4000,-79.7501
327.8,node[9],5,6140.9674,4325.4068,1.8950,18.7220,-0.4528,-0.4960,833751137#17,-66.8446,8.0830,100.0000,default,18,rsu(224m),2562,77339,0.9270,224,2.0132,8,14,-66.8446,-83.8343,direct,0.0500,32.4000,-80.1402
327.9,node[9],5,6142.6088,4326.2950,1.8950,18.6644,-0.5760,-0.4960,833751137#17,-68.1744,6.7387,100.0000,default,18,rsu(224m),2563,77380,0.8664,224,2.0160,7,12,-68.1744,-85.1641,direct,0.0500,32.4000,-80.4923
328,node[9],5,6144.2542,4327.1854,1.8950,18.7092,0.4479,-0.4960,833751137#17,-73.4924,3.9011,100.0000,default,18,rsu(225m),2564,77421,0.6108,225,2.0210,6,10,-73.4924,-90.4821,direct,0.0500,32.4000,-80.8120
328.1,node[9],5,6145.8977,4328.0748,1.8950,18.6876,-0.2163,-0.4960,833751137#17,-71.7991,2.8093,100.0000,default,18,rsu(225m),2565,77461,0.4762,225,2.0238,5,8,-71.7991,-88.7888,direct,0.0500,32.4000,-81.1027
328.2,node[9],5,6147.5425,4328.9649,1.8950,18.7028,0.1524,-0.4960,833751137#17,-71.7620,7.2826,100.0000,default,18,rsu(225m),2566,77502,0.8949,225,2.0135,8,14,-71.7620,-88.7517,direct,0.0500,32.4000,-81.3669
328.3,node[9],5,6149.1889,4329.8558,1.8950,18.7208,0.1794,-0.4960,833751137#17,-76.8775,1.6557,100.0000,default,18,rsu(226m),2567,77543,0.3380,226,2.0200,5,8,-76.8775,-93.8672,direct,0.0500,32.8000,-81.6085
328.4,node[9],5,6150.8301,4330.7439,1.8950,18.6617,-0.5908,-0.4960,833751137#17,-73.1331,3.2546,100.0000,default,18,rsu(226m),2568,77584,0.5318,226,2.0227,6,10,-73.1331,-90.1228,direct,0.0500,32.8000,-81.8290
328.5,node[9],5,6152.4754,4331.6343,1.8950,18.7085,0.4682,-0.4960,833751137#17,-78.9396,-3.9727,100.0000,default,18,rsu(227m),2569,77625,0.0297,227,2.0253,2,2,-78.9396,-95.9293,direct,0.0500,32.8000,-82.0313
328.6,node[9],5,6154.1213,4332.5249,1.8950,18.7154,0.0685,-0.4960,833751137#17,-78.4355,-2.4567,100.0000,default,18,rsu(227m),2570,77665,0.0613,227,2.0204,3,4,-78.4355,-95.4252,direct,0.0500,32.8000,-82.2172
328.7,node[9],5,6155.7711,4333.4177,1.8950,18.7593,0.4393,-0.4960,833751137#17,-75.6366,2.3755,100.0000,default,18,rsu(228m),2571,77705,0.4226,228,2.0154,5,8,-75.6366,-92.6263,direct,0.0500,32.0000,-82.3886
328.8,node[9],5,6157.4110,4334.3051,1.8950,18.6473,-1.1200,-0.4960,833751137#17,-81.9559,-5.0000,100.0000,default,18,rsu(228m),2572,77743,0.0180,228,2.0194,2,2,-81.9559,-98.9456,direct,0.0500,32.0000,-82.5464
328.9,node[9],5,6159.0564,4335.1955,1.8950,18.7089,0.6159,-0.4960,833751137#17,-72.7385,4.4235,100.0000,default,18,rsu(229m),2573,77783,0.6708,229,2.0236,6,10,-72.7385,-89.7282,direct,0.0500,31.2000,-82.6917
329,node[9],5,6160.7013,4336.0857,1.8950,18.7045,-0.0436,-0.4960,833751137#17,-72.8853,5.2093,100.0000,default,18,rsu(229m),2574,77821,0.7511,229,2.0145,7,12,-72.8853,-89.8750,direct,0.0500,31.2000,-82.8269
329.1,node[9],5,6162.3511,4336.9784,1.8950,18.7593,0.5484,-0.4960,833751137#17,-74.3884,2.1513,100.0000,default,18,rsu(230m),2575,77860,0.3955,230,2.0184,5,8,-74.3884,-91.3781,direct,0.0500,30.8000,-82.9523
329.2,node[9],5,6163.9920,4337.8664,1.8950,18.6580,-1.0139,-0.4960,833751137#17,-71.2717,4.4145,100.0000,default,18,rsu(230m),2576,77898,0.6698,230,2.0223,6,10,-71.2717,-88.2614,direct,0.0500,30.8000,-83.0684
329.3,node[9],5,6165.6408,4338.7586,1.8950,18.7479,0.8998,-0.4960,833751137#17,-69.0070,5.2236,100.0000,default,18,rsu(231m),2577,77938,0.7525,231,2.0171,7,12,-69.0070,-85.9967,direct,0.0500,31.2000,-83.1759
329.4,node[9],5,6167.2882,4339.6501,1.8950,18.7329,-0.1508,-0.4960,833751137#17,-71.9953,5.4348,100.0000,default,18,rsu(231m),2578,77978,0.7716,231,2.0234,7,12,-71.9953,-88.9850,direct,0.0500,31.2000,-83.2764
329.5,node[9],5,6168.9348,4340.5412,1.8950,18.7229,-0.0996,-0.4960,833751137#17,-70.0227,8.4058,100.0000,default,18,rsu(232m),2579,78018,0.9372,232,2.0181,8,14,-70.0227,-87.0124,direct,0.0500,32.0000,-83.3703
329.6,node[9],5,6170.5771,4341.4298,1.8950,18.6736,-0.4934,-0.4960,833751137#17,-66.4045,12.5122,100.0000,default,18,rsu(232m),2580,78056,0.9915,232,2.0219,10,18,-66.4045,-83.3942,direct,0.0500,32.0000,-83.4577
329.7,node[9],5,6172.2226,4342.3203,1.8950,18.7109,0.3736,-0.4960,833751137#17,-73.5840,4.0806,100.0000,default,18,rsu(233m),2581,78097,0.6319,233,2.0259,6,10,-73.5840,-90.5737,direct,0.0500,31.6000,-83.5384
329.8,node[9],5,6173.8642,4343.2087,1.8950,18.6665,-0.4442,-0.4960,833751137#17,-77.4235,0.9965,100.0000,default,18,rsu(234m),2582,78138,0.2686,234,2.0205,4,6,-77.4235,-94.4132,direct,0.0500,31.6000,-83.6135
329.9,node[9],5,6175.5084,4344.0984,1.8950,18.6961,0.2958,-0.4960,833751137#17,-68.1588,5.6105,100.0000,default,18,rsu(234m),2583,78179,0.7867,234,2.0150,7,12,-68.1588,-85.1485,direct,0.0500,32.8000,-83.6835
330,node[9],5,6177.1570,4344.9905,1.8950,18.7450,0.4895,-0.4960,833751137#17,-71.7982,6.9346,100.0000,default,18,rsu(235m),2584,78218,0.8773,235,2.0186,7,12,-71.7982,-88.7879,direct,0.0500,32.8000,-83.7491
330.1,node[9],5,6178.8071,4345.8835,1.8950,18.7633,0.1827,-0.4960,833751137#17,-77.3918,-3.1475,100.0000,default,18,rsu(236m),2585,78259,0.0442,236,2.0131,2,2,-77.3918,-94.3815,direct,0.0500,32.0000,-83.8100
330.2,node[9],5,6180.4574,4346.7765,1.8950,18.7652,0.0196,-0.4960,833751137#17,-71.8190,7.4288,100.0000,default,18,rsu(236m),2586,78299,0.9015,236,2.0206,8,14,-71.8190,-88.8087,direct,0.0500,32.0000,-83.8672
330.3,node[9],5,6182.0979,4347.6643,1.8950,18.6536,-1.1164,-0.4960,833751137#17,-85.9534,-5.0000,100.0000,default,18,rsu(237m),2587,78339,0.0180,237,2.0149,2,2,-85.9534,-102.9431,direct,0.0500,32.0000,-83.9208
330.4,node[9],5,6183.7477,4348.5570,1.8950,18.7598,1.0616,-0.4960,833751137#17,-83.1210,-5.0000,100.0000,default,18,rsu(238m),2588,78379,0.0180,238,2.0223,2,2,-83.1210,-100.1107,direct,0.0500,32.0000,-83.9712
330.5,node[9],5,6185.3890,4349.4452,1.8950,18.6628,-0.9695,-0.4960,833751137#17,-86.0092,-5.0000,100.0000,default,18,rsu(238m),2589,78420,0.0180,238,2.0166,2,2,-86.0092,-102.9989,direct,0.0500,32.4000,-84.0185
330.6,node[9],5,6187.0355,4350.3362,1.8950,18.7222,0.5937,-0.4960,833751137#17,-67.2711,6.8563,100.0000,default,18,rsu(239m),2590,78460,0.8730,239,2.0238,7,12,-67.2711,-84.2608,direct,0.0500,32.4000,-84.0632
330.7,node[9],5,6188.6817,4351.2270,1.8950,18.7182,-0.0395,-0.4960,833751137#17,-79.5453,-4.6381,100.0000,default,18,rsu(240m),2591,78500,0.0215,240,2.0180,2,2,-79.5453,-96.5350,direct,0.0500,32.0000,-84.1054
330.8,node[9],5,6190.3293,4352.1186,1.8950,18.7339,0.1566,-0.4960,833751137#17,-76.1033,0.0339,100.0000,default,18,rsu(241m),2592,78541,0.1850,241,2.0217,4,6,-76.1033,-93.0930,direct,0.0500,32.0000,-84.1453
330.9,node[9],5,6191.9788,4353.0112,1.8950,18.7561,0.2224,-0.4960,833751137#17,-75.4661,0.4552,100.0000,default,18,rsu(241m),2593,78581,0.2188,241,2.0158,4,6,-75.4661,-92.4558,direct,0.0500,32.4000,-84.1830
331,node[9],5,6193.6296,4353.9046,1.8950,18.7715,0.1534,-0.4960,833751137#17,-78.6516,-3.6342,100.0000,default,18,rsu(242m),2594,78622,0.0350,242,2.0193,2,2,-78.6516,-95.6413,direct,0.0500,32.4000,-84.2189
331.1,node[9],5,6195.2771,4354.7961,1.8950,18.7327,-0.3879,-0.4960,833751137#17,-73.2169,1.2195,100.0000,default,19,rsu(243m),2595,78663,0.2911,243,2.0133,5,8,-73.2169,-90.2066,direct,0.0500,32.8000,-84.1941
331.2,node[9],5,6196.9189,4355.6845,1.8950,18.6687,-0.6398,-0.4960,833751137#17,-68.7688,10.4885,100.0000,default,19,rsu(244m),2596,78704,0.9769,244,2.0203,9,16,-68.7688,-85.7585,direct,0.0500,32.8000,-84.2258
331.3,node[9],5,6198.5671,4356.5765,1.8950,18.7417,0.7300,-0.4960,833751137#17,-69.5455,6.8659,100.0000,default,19,rsu(244m),2597,78742,0.8736,244,2.0233,7,12,-69.5455,-86.5352,direct,0.0500,31.6000,-84.2566
331.4,node[9],5,6200.2093,4357.4651,1.8950,18.6725,-0.6925,-0.4960,833751137#17,-76.3389,-2.3692,100.0000,default,19,rsu(245m),2598,78782,0.0639,245,2.0172,3,4,-76.3389,-93.3286,direct,0.0500,31.6000,-84.2854
331.5,node[9],5,6201.8551,4358.3557,1.8950,18.7145,0.4199,-0.4960,833751137#17,-81.7500,-3.4344,100.0000,default,19,rsu(246m),2599,78822,0.0385,246,2.0202,2,2,-81.7500,-98.7397,direct,0.0500,32.0000,-84.3132
331.6,node[9],5,6203.4995,4359.2456,1.8950,18.6977,-0.1678,-0.4960,833751137#17,-73.1713,5.4107,100.0000,default,19,rsu(247m),2600,78862,0.7695,247,2.0139,7,12,-73.1713,-90.1610,direct,0.0500,32.0000,-84.3398
331.7,node[9],5,6205.1413,4360.1340,1.8950,18.6682,-0.2944,-0.4960,833751137#17,-77.1435,2.2066,100.0000,default,20,rsu(248m),2601,78903,0.4021,248,2.0233,5,8,-77.1435,-94.1332,direct,0.0500,32.4000,-84.2408
331.8,node[9],5,6206.7826,4361.0222,1.8950,18.6635,-0.0476,-0.4960,833751137#17,-79.9451,-1.2938,100.0000,default,20,rsu(249m),2602,78942,0.1046,249,2.0171,3,4,-79.9451,-96.9348,direct,0.0500,32.4000,-84.2634
331.9,node[9],5,6208.4268,4361.9119,1.8950,18.6951,0.3158,-0.4960,833751137#17,-80.0001,-5.0000,100.0000,default,20,rsu(250m),2603,78981,0.0180,250,2.0238,2,2,-80.0001,-96.9898,direct,0.0500,31.2000,-84.2851
332,node[9],5,6210.0763,4362.8045,1.8950,18.7564,0.6129,-0.4960,833751137#17,-77.2163,-3.0520,100.0000,default,20,rsu(250m),2604,79023,0.0463,250,2.0180,2,2,-77.2163,-94.2060,direct,0.0500,31.2000,-84.3031
332.1,node[9],5,6211.7256,4363.6970,1.8950,18.7538,-0.0259,-0.4960,833751137#17,-78.1584,-1.7211,100.0000,default,20,rsu(251m),2605,79064,0.0862,251,2.0156,3,4,-78.1584,-95.1481,direct,0.0500,33.2000,-84.3227
332.2,node[9],5,6213.3685,4364.5861,1.8950,18.6815,-0.7225,-0.4960,833751137#17,-69.5150,4.7182,100.0000,default,20,rsu(252m),2606,79104,0.7025,252,2.0130,6,10,-69.5150,-86.5047,direct,0.0500,33.2000,-84.3414
332.3,node[9],5,6215.0090,4365.4739,1.8950,18.6539,-0.2758,-0.4960,833751137#17,-71.8238,2.0929,100.0000,default,20,rsu(253m),2607,79144,0.3885,253,2.0235,5,8,-71.8238,-88.8135,direct,0.0500,32.0000,-84.3592
332.4,node[9],5,6216.6532,4366.3636,1.8950,18.6956,0.4168,-0.4960,833751137#17,-69.4635,7.1498,100.0000,default,20,rsu(254m),2608,79184,0.8884,254,2.0209,8,14,-69.4635,-86.4532,direct,0.0500,32.0000,-84.3762
332.5,node[9],5,6218.2989,4367.2541,1.8950,18.7126,0.1694,-0.4960,833751137#17,-72.2980,4.0306,100.0000,default,20,rsu(255m),2609,79225,0.6260,255,2.0148,6,10,-72.2980,-89.2877,direct,0.0500,32.4000,-84.3911
332.6,node[9],5,6219.9474,4368.1462,1.8950,18.7443,0.3177,-0.4960,833751137#17,-73.0092,6.0281,100.0000,default,20,rsu(256m),2610,79263,0.8197,256,2.0213,7,12,-73.0092,-89.9989,direct,0.0500,32.4000,-84.4069
332.7,node[9],5,6221.5893,4369.0347,1.8950,18.6708,-0.7356,-0.4960,833751137#17,-72.8771,3.3283,100.0000,default,20,rsu(257m),2611,79303,0.5410,257,2.0148,6,10,-72.8771,-89.8668,direct,0.0500,31.2000,-84.4214
332.8,node[9],5,6223.2372,4369.9265,1.8950,18.7375,0.6678,-0.4960,833751137#17,-69.9106,6.3450,100.0000,default,20,rsu(258m),2612,79344,0.8419,258,2.0250,7,12,-69.9106,-86.9003,direct,0.0500,31.2000,-84.4346
332.9,node[9],5,6224.8882,4370.8199,1.8950,18.7729,0.3535,-0.4960,833751137#17,-73.3043,1.3138,100.0000,default,20,rsu(259m),2613,79384,0.3009,259,2.0207,5,8,-73.3043,-90.2940,direct,0.0500,32.4000,-84.4480
333,node[9],5,6226.5365,4371.7119,1.8950,18.7428,-0.3011,-0.4960,833751137#17,-76.8160,2.4695,100.0000,default,20,rsu(260m),2614,79425,0.4341,260,2.0145,5,8,-76.8160,-93.8057,direct,0.0500,32.4000,-84.4602
333.1,node[9],5,6228.1836,4372.6032,1.8950,18.7281,-0.1466,-0.4960,833751137#17,-72.8563,5.1158,100.0000,default,20,rsu(261m),2615,79465,0.7423,261,2.0245,7,12,-72.8563,-89.8460,direct,0.0500,32.4000,-84.4724
333.2,node[9],5,6229.8292,4373.4937,1.8950,18.7117,-0.1639,-0.4960,833751137#17,-85.2885,-5.0000,100.0000,default,20,rsu(262m),2616,79503,0.0180,262,2.0176,2,2,-85.2885,-102.2782,direct,0.0500,32.4000,-84.4843
333.3,node[9],5,6231.4788,4374.3864,1.8950,18.7578,0.4611,-0.4960,833751137#17,-77.0832,-2.4301,100.0000,default,20,rsu(263m),2617,79543,0.0621,263,2.0145,3,4,-77.0832,-94.0729,direct,0.0500,31.2000,-84.4950
333.4,node[9],5,6233.1258,4375.2776,1.8950,18.7272,-0.3064,-0.4960,833751137#17,-74.5710,-0.3179,100.0000,default,20,rsu(264m),2618,79583,0.1599,264,2.0244,4,6,-74.5710,-91.5607,direct,0.0500,31.2000,-84.5055
333.5,node[9],5,6234.7681,4376.1663,1.8950,18.6739,-0.5333,-0.4960,833751137#17,-79.7547,-0.4138,100.0000,default,20,rsu(265m),2619,79623,0.1536,265,2.0212,4,6,-79.7547,-96.7444,direct,0.0500,32.0000,-84.5155
333.6,node[9],5,6236.4173,4377.0588,1.8950,18.7534,0.7948,-0.4960,833751137#17,-70.3035,5.7639,100.0000,default,20,rsu(266m),2620,79664,0.7993,266,2.0142,7,12,-70.3035,-87.2932,direct,0.0500,32.0000,-84.5235
333.7,node[9],5,6238.0621,4377.9488,1.8950,18.7019,-0.5142,-0.4960,833751137#17,-76.9523,-1.9073,100.0000,default,20,rsu(267m),2621,79702,0.0792,267,2.0201,3,4,-76.9523,-93.9420,direct,0.0500,31.6000,-84.5330
333.8,node[9],5,6239.7125,4378.8419,1.8950,18.7665,0.6458,-0.4960,833751137#17,-68.0467,8.5509,100.0000,default,20,rsu(268m),2622,79743,0.9413,268,2.0168,8,14,-68.0467,-85.0364,direct,0.0500,31.6000,-84.5411
333.9,node[9],5,6241.3561,4379.7314,1.8950,18.6895,-0.7703,-0.4960,833751137#17,-72.7904,4.7351,100.0000,default,20,rsu(269m),2623,79781,0.7042,269,2.0225,6,10,-72.7904,-89.7801,direct,0.0500,31.6000,-84.5502
334,node[9],5,6242.9980,4380.6199,1.8950,18.6699,-0.1957,-0.4960,833751137#17,-71.4682,4.8263,100.0000,default,20,rsu(270m),2624,79822,0.7136,270,2.0191,6,10,-71.4682,-88.4579,direct,0.0500,31.6000,-84.5580
334.1,node[9],5,6244.6428,4381.5100,1.8950,18.7023,0.3235,-0.4960,833751137#17,-72.3868,4.8228,100.0000,default,20,rsu(271m),2625,79862,0.7133,271,2.0253,6,10,-72.3868,-89.3765,direct,0.0500,32.4000,-84.5664
334.2,node[9],5,6246.2928,4382.4028,1.8950,18.7612,0.5895,-0.4960,833751137#17,-80.4886,-1.9365,100.0000,default,20,rsu(272m),2626,79900,0.0781,272,2.0179,3,4,-80.4886,-97.4783,direct,0.0500,32.4000,-84.5750
334.3,node[9],5,6247.9390,4383.2936,1.8950,18.7187,-0.4254,-0.4960,833751137#17,-72.2834,5.9064,100.0000,default,20,rsu(274m),2627,79940,0.8105,274,2.0159,7,12,-72.2834,-89.2731,direct,0.0500,31.2000,-84.5827
334.4,node[9],5,6249.5807,4384.1821,1.8950,18.6678,-0.5089,-0.4960,833751137#17,-83.0747,-4.5919,100.0000,default,20,rsu(275m),2628,79981,0.0220,275,2.0140,2,2,-83.0747,-100.0644,direct,0.0500,31.2000,-84.5891
334.5,node[9],5,6251.2258,4385.0722,1.8950,18.7076,0.3984,-0.4960,:227579252_13,-74.4624,-0.6974,100.0000,default,20,rsu(276m),2629,80021,0.1360,276,2.0249,4,6,-74.4624,-91.4521,direct,0.0500,32.4000,-84.5964
334.6,node[9],5,6252.8666,4385.9599,1.8950,18.6589,-0.4878,-0.4960,:227579252_13,-73.0822,2.8897,100.0000,default,20,rsu(277m),2630,80061,0.4862,277,2.0229,5,8,-73.0822,-90.0719,direct,0.0500,32.4000,-84.6036
334.7,node[9],5,6254.5171,4386.8528,1.8950,18.7699,1.1107,-0.4959,:227579252_13,-70.5259,6.0654,100.0000,default,20,rsu(278m),2631,80101,0.8224,278,2.0208,7,12,-70.5259,-87.5156,direct,0.0500,32.0000,-84.6102
334.8,node[9],5,6256.1676,4387.7458,1.8950,18.7705,0.0054,-0.4959,:227579252_13,-77.5599,1.2219,100.0000,default,20,rsu(279m),2632,80142,0.2913,279,2.0186,5,8,-77.5599,-94.5496,direct,0.0500,32.0000,-84.6151
334.9,node[9],5,6257.8183,4388.6388,1.8950,18.7719,0.0144,-0.4959,:227579252_13,-77.0452,-2.7652,100.0000,default,20,rsu(280m),2633,80183,0.0530,280,2.0164,3,4,-77.0452,-94.0349,direct,0.0500,32.8000,-84.6206
335,node[9],5,6259.4681,4389.5314,1.8950,18.7620,-0.0988,-0.4959,:227579252_13,-75.5332,-0.1669,100.0000,default,20,rsu(282m),2634,80223,0.1703,282,2.0142,4,6,-75.5332,-92.5229,direct,0.0500,32.8000,-84.6263
335.1,node[9],5,6261.1168,4390.4233,1.8950,18.7494,-0.1263,-0.4959,:227579252_13,-76.7166,-2.6254,100.0000,default,20,rsu(283m),2635,80261,0.0566,283,2.0212,3,4,-76.7166,-93.7063,direct,0.0500,31.2000,-84.6314
335.2,node[9],5,6262.7617,4391.3132,1.8950,18.7055,-0.4393,-0.4959,:227579252_13,-78.6336,0.7070,100.0000,default,20,rsu(284m),2636,80302,0.2411,284,2.0189,4,6,-78.6336,-95.6233,direct,0.0500,31.2000,-84.6346
335.3,node[9],5,6264.4052,4392.2012,1.8950,18.6821,-0.2342,-0.4957,833751137#18,-72.0744,5.1703,100.0000,default,20,rsu(285m),2637,80343,0.7475,285,2.0166,7,12,-72.0744,-89.0641,direct,0.0500,32.8000,-84.6386
335.4,node[9],5,6266.0464,4393.0877,1.8950,18.6533,-0.2874,-0.4955,833751137#18,-70.6932,4.5222,100.0000,default,20,rsu(286m),2638,80382,0.6816,286,2.0142,6,10,-70.6932,-87.6829,direct,0.0500,32.8000,-84.6427
335.5,node[9],5,6267.6941,4393.9776,1.8950,18.7264,0.7306,-0.4952,833751137#18,-75.7009,1.7063,100.0000,default,20,rsu(287m),2639,80422,0.3437,287,2.0213,5,8,-75.7009,-92.6906,direct,0.0500,31.6000,-84.6460
335.6,node[9],5,6269.3379,4394.8655,1.8950,18.6827,-0.4364,-0.4952,833751137#18,-73.5925,3.8673,100.0000,default,20,rsu(289m),2640,80462,0.6068,289,2.0188,6,10,-73.5925,-90.5822,direct,0.0500,31.6000,-84.6492
335.7,node[9],5,6270.9827,4395.7540,1.8950,18.6951,0.1234,-0.4952,833751137#18,-77.2313,-1.6194,100.0000,default,20,rsu(290m),2641,80502,0.0903,290,2.0163,3,4,-77.2313,-94.2210,direct,0.0500,32.0000,-84.6524
335.8,node[9],5,6272.6310,4396.6443,1.8950,18.7337,0.3865,-0.4952,833751137#18,-72.5831,6.5613,100.0000,default,20,rsu(291m),2642,80541,0.8558,291,2.0138,7,12,-72.5831,-89.5728,direct,0.0500,32.0000,-84.6558
335.9,node[9],5,6274.2744,4397.5319,1.8950,18.6778,-0.5594,-0.4952,833751137#18,-80.8009,-5.0000,100.0000,default,20,rsu(292m),2643,80579,0.0180,292,2.0205,2,2,-80.8009,-97.7906,direct,0.0500,30.8000,-84.6587
336,node[9],5,6275.9223,4398.4220,1.8950,18.7300,0.5221,-0.4952,833751137#18,-75.1753,-0.9694,100.0000,default,20,rsu(294m),2644,80616,0.1208,294,2.0142,4,6,-75.1753,-92.1650,direct,0.0500,30.8000,-84.6622
336.1,node[9],5,6277.5682,4399.3110,1.8950,18.7060,-0.2403,-0.4952,833751137#18,-70.6839,7.0852,100.0000,default,20,rsu(295m),2645,80656,0.8852,295,2.0214,8,14,-70.6839,-87.6736,direct,0.0500,30.8000,-84.6637
336.2,node[9],5,6279.2180,4400.2022,1.8950,18.7510,0.4507,-0.4952,833751137#18,-81.3686,-2.2226,100.0000,default,20,rsu(296m),2646,80694,0.0684,296,2.0150,3,4,-81.3686,-98.3583,direct,0.0500,30.8000,-84.6666
336.3,node[9],5,6280.8592,4401.0887,1.8950,18.6540,-0.9699,-0.4952,833751137#18,-76.5370,0.9944,100.0000,default,20,rsu(297m),2647,80734,0.2684,297,2.0241,4,6,-76.5370,-93.5267,direct,0.0500,31.2000,-84.6686
336.4,node[9],5,6282.5021,4401.9760,1.8950,18.6720,0.1797,-0.4952,833751137#18,-69.5725,8.9677,100.0000,default,20,rsu(299m),2648,80773,0.9518,299,2.0216,8,14,-69.5725,-86.5622,direct,0.0500,31.2000,-84.6712
336.5,node[9],5,6284.1510,4402.8667,1.8950,18.7407,0.6869,-0.4952,833751137#18,-76.3248,0.7809,100.0000,default,20,rsu(300m),2649,80813,0.2480,300,2.0190,4,6,-76.3248,-93.3145,direct,0.0500,31.6000,-84.6731
336.6,node[9],5,6285.8015,4403.7582,1.8950,18.7592,0.1849,-0.4952,833751137#18,-78.4627,-0.1119,100.0000,default,20,rsu(301m),2650,80850,0.1742,301,2.0126,4,6,-78.4627,-95.4524,direct,0.0500,31.6000,-84.6759
336.7,node[9],5,6287.4422,4404.6466,1.8950,18.6733,-0.8594,-0.4956,:9405596536_3,-77.9283,-0.9299,100.0000,default,20,rsu(302m),2651,80889,0.1229,302,2.0196,4,6,-77.9283,-94.9180,direct,0.0500,30.4000,-84.6779
336.8,node[9],5,6289.0828,4405.5353,1.8950,18.6753,0.0200,-0.4961,:9405596536_3,-73.2635,3.5570,100.0000,default,20,rsu(304m),2652,80929,0.5692,304,2.0135,6,10,-73.2635,-90.2532,direct,0.0500,30.4000,-84.6791
336.9,node[9],5,6290.7302,4406.4276,1.8950,18.7531,0.7785,-0.4964,:9405596536_3,-76.9869,1.1315,100.0000,default,20,rsu(305m),2653,80968,0.2821,305,2.0237,5,8,-76.9869,-93.9766,direct,0.0500,31.6000,-84.6813
337,node[9],5,6292.3785,4407.3199,1.8950,18.7561,0.0302,-0.4963,833751137#19,-86.9407,-5.0000,100.0000,default,20,rsu(306m),2654,81008,0.0180,306,2.0209,2,2,-86.9407,-103.9304,direct,0.0500,31.6000,-84.6827
337.1,node[9],5,6294.0212,4408.2075,1.8950,18.6714,-0.8471,-0.4960,833751137#19,-71.9948,6.4085,100.0000,default,20,rsu(308m),2655,81047,0.8461,308,2.0181,7,12,-71.9948,-88.9845,direct,0.0500,31.6000,-84.6846
337.2,node[9],5,6295.6660,4409.0963,1.8950,18.6956,0.2413,-0.4956,833751137#19,-78.8784,-0.5981,100.0000,default,20,rsu(309m),2656,81086,0.1420,309,2.0153,4,6,-78.8784,-95.8681,direct,0.0500,31.6000,-84.6865
337.3,node[9],5,6297.3079,4409.9835,1.8950,18.6626,-0.3292,-0.4954,833751137#19,-72.9660,6.3520,100.0000,default,20,rsu(310m),2657,81126,0.8424,310,2.0254,7,12,-72.9660,-89.9557,direct,0.0500,31.6000,-84.6872
337.4,node[9],5,6298.9570,4410.8746,1.8950,18.7439,0.8131,-0.4954,833751137#19,-77.7676,1.6122,100.0000,default,20,rsu(311m),2658,81163,0.3332,311,2.0188,5,8,-77.7676,-94.7573,direct,0.0500,31.6000,-84.6893
337.5,node[9],5,6300.6085,4411.7670,1.8950,18.7716,0.2769,-0.4954,833751137#19,-69.2948,8.6796,100.0000,default,20,rsu(313m),2659,81203,0.9448,313,2.0159,8,14,-69.2948,-86.2845,direct,0.0500,30.8000,-84.6898
337.6,node[9],6,6302.2569,4412.6577,1.8950,18.7363,-0.3538,-0.4954,833751137#19,-73.6680,0.2930,100.0000,default,19,rsu(314m),2660,81242,0.2053,314,2.0226,4,6,-73.6680,-90.6577,direct,0.0500,30.8000,-84.6975
337.7,node[9],6,6303.8985,4413.5447,1.8950,18.6586,-0.7767,-0.4954,833751137#19,-75.5189,2.4082,100.0000,default,19,rsu(315m),2661,81282,0.4266,315,2.0196,5,8,-75.5189,-92.5086,direct,0.0500,31.6000,-84.6982
337.8,node[9],6,6305.5396,4414.4315,1.8950,18.6530,-0.0564,-0.4954,833751137#19,-73.7391,5.0719,100.0000,default,19,rsu(317m),2662,81322,0.7381,317,2.0165,7,12,-73.7391,-90.7288,direct,0.0500,31.6000,-84.6990
337.9,node[9],6,6307.1805,4415.3182,1.8950,18.6516,-0.0136,-0.4954,833751137#19,-77.4285,0.7154,100.0000,default,19,rsu(318m),2663,81362,0.2419,318,2.0134,4,6,-77.4285,-94.4182,direct,0.0500,32.0000,-84.6998
338,node[9],6,6308.8249,4416.2067,1.8950,18.6907,0.3913,-0.4954,833751137#19,-80.5390,-5.0000,100.0000,default,19,rsu(319m),2664,81402,0.0180,319,2.0223,2,2,-80.5390,-97.5287,direct,0.0500,32.0000,-84.7005
338.1,node[9],6,6310.4657,4417.0933,1.8950,18.6499,-0.4084,-0.4954,833751137#19,-73.6173,2.4635,100.0000,default,19,rsu(321m),2665,81441,0.4333,321,2.0163,5,8,-73.6173,-90.6070,direct,0.0500,31.6000,-84.7011
338.2,node[9],6,6312.1144,4417.9842,1.8950,18.7397,0.8983,-0.4954,833751137#19,-75.9660,3.0179,100.0000,default,20,rsu(322m),2666,81481,0.5022,322,2.0144,6,10,-75.9660,-92.9557,direct,0.0500,31.6000,-83.3515
338.3,node[9],6,6313.7645,4418.8758,1.8950,18.7555,0.1582,-0.4954,833751137#19,-78.4322,-4.1568,100.0000,default,20,rsu(324m),2667,81519,0.0272,324,2.0220,2,2,-78.4322,-95.4219,direct,0.0500,31.2000,-83.3828
338.4,node[9],6,6315.4054,4419.7624,1.8950,18.6501,-1.0543,-0.4954,833751137#19,-81.7355,-5.0000,100.0000,default,20,rsu(325m),2668,81559,0.0180,325,2.0201,2,2,-81.7355,-98.7252,direct,0.0500,31.2000,-83.4123
338.5,node[9],6,6317.0490,4420.6506,1.8950,18.6816,0.3154,-0.4954,833751137#19,-81.1984,-5.0000,100.0000,default,20,rsu(326m),2669,81599,0.0180,326,2.0181,2,2,-81.1984,-98.1881,direct,0.0500,32.0000,-83.4411
338.6,node[9],6,6318.6928,4421.5388,1.8950,18.6838,0.0216,-0.4954,833751137#19,-76.7443,2.5517,100.0000,default,20,rsu(328m),2670,81639,0.4442,328,2.0161,5,8,-76.7443,-93.7340,direct,0.0500,32.0000,-83.4689
338.7,node[9],6,6320.3342,4422.4257,1.8950,18.6570,-0.2682,-0.4954,833751137#19,-80.2596,-5.0000,100.0000,default,20,rsu(329m),2671,81679,0.0180,329,2.0141,2,2,-80.2596,-97.2493,direct,0.0500,32.0000,-83.4957
338.8,node[9],6,6321.9855,4423.3180,1.8950,18.7694,1.1242,-0.4954,833751137#19,-77.4251,-1.1382,100.0000,default,20,rsu(330m),2672,81719,0.1121,330,2.0250,3,4,-77.4251,-94.4148,direct,0.0500,32.0000,-83.5218
338.9,node[9],6,6323.6312,4424.2073,1.8950,18.7056,-0.6382,-0.4954,833751137#19,-73.2689,4.2811,100.0000,default,20,rsu(332m),2673,81759,0.6549,332,2.0229,6,10,-73.2689,-90.2586,direct,0.0500,32.0000,-83.5470
339,node[9],6,6325.2809,4425.0986,1.8950,18.7504,0.4485,-0.4954,833751137#19,-76.0212,-2.1035,100.0000,default,20,rsu(333m),2674,81798,0.0723,333,2.0207,3,4,-76.0212,-93.0109,direct,0.0500,32.0000,-83.5718
339.1,node[9],6,6326.9305,4425.9900,1.8950,18.7509,0.0044,-0.4954,833751137#19,-74.3565,3.3720,100.0000,default,20,rsu(335m),2675,81838,0.5464,335,2.0153,6,10,-74.3565,-91.3462,direct,0.0500,31.6000,-83.5951
339.2,node[9],6,6328.5718,4426.8769,1.8950,18.6548,-0.9602,-0.4954,833751137#19,-79.7266,-5.0000,100.0000,default,20,rsu(336m),2676,81878,0.0180,336,2.0146,2,2,-79.7266,-96.7163,direct,0.0500,31.6000,-83.6179
339.3,node[9],6,6330.2193,4427.7671,1.8950,18.7266,0.7181,-0.4954,833751137#19,-72.7345,4.2873,100.0000,default,20,rsu(338m),2677,81918,0.6556,338,2.0138,6,10,-72.7345,-89.7242,direct,0.0500,32.0000,-83.6401
339.4,node[9],6,6331.8700,4428.6591,1.8950,18.7620,0.3534,-0.4954,833751137#19,-80.0429,-2.4255,100.0000,default,20,rsu(339m),2678,81958,0.0622,339,2.0130,3,4,-80.0429,-97.0326,direct,0.0500,32.0000,-83.6617
339.5,node[9],6,6333.5166,4429.5488,1.8950,18.7155,-0.4644,-0.4954,833751137#19,-78.0186,-1.4958,100.0000,default,20,rsu(340m),2679,81997,0.0955,340,2.0251,3,4,-78.0186,-95.0083,direct,0.0500,31.6000,-83.6828
339.6,node[9],6,6335.1621,4430.4379,1.8950,18.7032,-0.1234,-0.4954,833751137#19,-77.6127,-3.4580,100.0000,default,20,rsu(342m),2680,82037,0.0381,342,2.0242,2,2,-77.6127,-94.6024,direct,0.0500,31.6000,-83.7027
339.7,node[9],6,6336.8104,4431.3286,1.8950,18.7353,0.3212,-0.4954,833751137#19,-84.4470,-5.0000,100.0000,default,20,rsu(343m),2681,82076,0.0180,343,2.0205,2,2,-84.4470,-101.4367,direct,0.0500,31.6000,-83.7226
339.8,node[9],6,6338.4535,4432.2164,1.8950,18.6757,-0.5963,-0.4954,833751137#19,-92.8050,-5.0000,100.0000,default,20,rsu(345m),2682,82116,0.0180,345,2.0194,2,2,-92.8050,-109.7947,direct,0.0500,31.6000,-83.7412
339.9,node[9],6,6340.1001,4433.1062,1.8950,18.7155,0.3979,-0.4954,833751137#19,-82.8061,-5.0000,100.0000,default,20,rsu(346m),2683,82156,0.0180,346,2.0156,2,2,-82.8061,-99.7958,direct,0.0500,32.0000,-83.7595
340,node[9],6,6341.7504,4433.9979,1.8950,18.7582,0.4270,-0.4954,833751137#19,-83.8972,-5.0000,100.0000,default,20,rsu(348m),2684,82195,0.0180,348,2.0144,2,2,-83.8972,-100.8869,direct,0.0500,32.0000,-83.7777
340.1,node[9],6,6343.3952,4434.8867,1.8950,18.6954,-0.6278,-0.4954,833751137#19,-73.6551,4.2437,100.0000,default,20,rsu(349m),2685,82235,0.6506,349,2.0132,6,10,-73.6551,-90.6448,direct,0.0500,31.6000,-83.7946
340.2,node[9],6,6345.0407,4435.7759,1.8950,18.7036,0.0819,-0.4954,833751137#19,-79.3177,0.0589,100.0000,default,20,rsu(350m),2686,82275,0.1869,350,2.0248,4,6,-79.3177,-96.3074,direct,0.0500,31.6000,-83.8113
340.3,node[9],6,6346.6818,4436.6626,1.8950,18.6523,-0.5127,-0.4954,833751137#19,-85.1887,-5.0000,100.0000,default,20,rsu(352m),2687,82315,0.0180,352,2.0208,2,2,-85.1887,-102.1784,direct,0.0500,32.0000,-83.8274
340.4,node[9],6,6348.3228,4437.5493,1.8950,18.6529,0.0054,-0.4954,833751137#19,-75.4960,2.5835,100.0000,default,20,rsu(353m),2688,82355,0.4481,353,2.0164,5,8,-75.4960,-92.4857,direct,0.0500,32.0000,-83.8431
340.5,node[9],6,6349.9657,4438.4370,1.8950,18.6729,0.2000,-0.4954,833751137#19,-74.4521,3.3792,100.0000,default,20,rsu(355m),2689,82394,0.5473,355,2.0179,6,10,-74.4521,-91.4418,direct,0.0500,31.6000,-83.8583
340.6,node[9],6,6351.6148,4439.3281,1.8950,18.7446,0.7175,-0.4954,833751137#19,-77.2747,-1.3845,100.0000,default,20,rsu(356m),2690,82432,0.1004,356,2.0219,3,4,-77.2747,-94.2644,direct,0.0500,31.6000,-83.8735
340.7,node[9],6,6353.2601,4440.2172,1.8950,18.7015,-0.4313,-0.4954,833751137#19,-78.9404,-0.3855,100.0000,default,20,rsu(358m),2691,82471,0.1554,358,2.0137,4,6,-78.9404,-95.9301,direct,0.0500,30.8000,-83.8875
340.8,node[9],6,6354.9064,4441.1067,1.8950,18.7113,0.0983,-0.4954,833751137#19,-73.0426,1.3097,100.0000,default,20,rsu(359m),2692,82510,0.3005,359,2.0210,5,8,-73.0426,-90.0323,direct,0.0500,30.8000,-83.9014
340.9,node[9],6,6356.5491,4441.9944,1.8950,18.6718,-0.3955,-0.4954,833751137#19,-75.8286,3.1016,100.0000,default,20,rsu(361m),2693,82549,0.5127,361,2.0152,6,10,-75.8286,-92.8183,direct,0.0500,31.2000,-83.9150
341,node[9],6,6358.1966,4442.8846,1.8950,18.7262,0.5445,-0.4954,833751137#19,-75.0320,3.6383,100.0000,default,20,rsu(362m),2694,82588,0.5791,362,2.0225,6,10,-75.0320,-92.0217,direct,0.0500,31.2000,-83.9281
341.1,node[9],6,6359.8480,4443.7769,1.8950,18.7706,0.4436,-0.4954,833751137#19,-74.6353,3.9729,100.0000,default,20,rsu(364m),2695,82627,0.6193,364,2.0167,6,10,-74.6353,-91.6250,direct,0.0500,31.2000,-83.9410
341.2,node[9],6,6361.4964,4444.6676,1.8950,18.7361,-0.3453,-0.4954,833751137#19,-82.6123,-5.0000,100.0000,default,20,rsu(365m),2696,82666,0.0180,365,2.0239,2,2,-82.6123,-99.6020,direct,0.0500,31.2000,-83.9535
341.3,node[9],6,6363.1402,4445.5559,1.8950,18.6839,-0.5215,-0.4954,833751137#19,-78.1499,0.1882,100.0000,default,20,rsu(367m),2697,82704,0.1969,367,2.0155,4,6,-78.1499,-95.1396,direct,0.0500,30.8000,-83.9660
341.4,node[9],6,6364.7878,4446.4461,1.8950,18.7265,0.4263,-0.4954,833751137#19,-77.4238,-0.5624,100.0000,default,20,rsu(368m),2698,82740,0.1442,368,2.0193,4,6,-77.4238,-94.4135,direct,0.0500,30.8000,-83.9786
341.5,node[9],6,6366.4332,4447.3352,1.8950,18.7025,-0.2408,-0.4954,833751137#19,-73.8873,1.0886,100.0000,default,20,rsu(370m),2699,82779,0.2777,370,2.0235,5,8,-73.8873,-90.8770,direct,0.0500,30.0000,-83.9888
341.6,node[9],6,6368.0794,4448.2248,1.8950,18.7115,0.0909,-0.4954,833751137#19,-75.1444,0.8321,100.0000,default,20,rsu(371m),2700,82817,0.2528,371,2.0175,4,6,-75.1444,-92.1341,direct,0.0500,30.0000,-84.0004
341.7,node[9],6,6369.7237,4449.1132,1.8950,18.6888,-0.2270,-0.4954,833751137#19,-82.3443,-5.0000,100.0000,default,20,rsu(373m),2701,82856,0.0180,373,2.0245,2,2,-82.3443,-99.3340,direct,0.0500,30.8000,-84.0108
341.8,node[9],6,6371.3724,4450.0041,1.8950,18.7405,0.5162,-0.4954,833751137#19,-73.1511,4.5992,100.0000,default,20,rsu(374m),2702,82895,0.6899,374,2.0157,6,10,-73.1511,-90.1408,direct,0.0500,30.8000,-84.0215
341.9,node[9],6,6373.0158,4450.8921,1.8950,18.6785,-0.6197,-0.4954,833751137#19,-82.8274,-5.0000,100.0000,default,20,rsu(376m),2703,82933,0.0180,376,2.0201,2,2,-82.8274,-99.8171,direct,0.0500,30.8000,-84.0321
342,node[9],6,6374.6594,4451.7802,1.8950,18.6825,0.0399,-0.4954,833751137#19,-84.0998,-5.0000,100.0000,default,20,rsu(377m),2704,82972,0.0180,377,2.0140,2,2,-84.0998,-101.0895,direct,0.0500,30.8000,-84.0418
342.1,node[9],6,6376.3082,4452.6712,1.8950,18.7404,0.5790,-0.4954,833751137#19,-83.5512,-5.0000,100.0000,default,20,rsu(379m),2705,83011,0.0180,379,2.0209,2,2,-83.5512,-100.5409,direct,0.0500,31.2000,-84.0517
342.2,node[9],6,6377.9576,4453.5624,1.8950,18.7475,0.0710,-0.4954,833751137#19,-75.4983,0.3086,100.0000,default,20,rsu(380m),2706,83049,0.2066,380,2.0147,4,6,-75.4983,-92.4880,direct,0.0500,31.2000,-84.0618
342.3,node[9],6,6379.6016,4454.4507,1.8950,18.6864,-0.6105,-0.4954,833751137#19,-76.0154,-0.5734,100.0000,default,20,rsu(382m),2707,83088,0.1435,382,2.0235,4,6,-76.0154,-93.0051,direct,0.0500,30.8000,-84.0708
342.4,node[9],6,6381.2477,4455.3402,1.8950,18.7093,0.2288,-0.4954,833751137#19,-82.1709,-5.0000,100.0000,default,20,rsu(383m),2708,83127,0.0180,383,2.0193,2,2,-82.1709,-99.1606,direct,0.0500,30.8000,-84.0800
342.5,node[9],6,6382.8892,4456.2272,1.8950,18.6586,-0.5071,-0.4954,833751137#19,-74.7359,3.2364,100.0000,default,20,rsu(385m),2709,83166,0.5295,385,2.0151,6,10,-74.7359,-91.7256,direct,0.0500,31.2000,-84.0889
342.6,node[9],6,6384.5309,4457.1143,1.8950,18.6600,0.0138,-0.4954,833751137#19,-78.0649,-3.4374,100.0000,default,20,rsu(386m),2710,83204,0.0385,386,2.0215,2,2,-78.0649,-95.0546,direct,0.0500,31.2000,-84.0974
342.7,node[9],6,6386.1768,4458.0036,1.8950,18.7074,0.4739,-0.4954,833751137#19,-79.5461,-4.8412,100.0000,default,20,rsu(388m),2711,83243,0.0194,388,2.0172,2,2,-79.5461,-96.5358,direct,0.0500,30.8000,-84.1050
342.8,node[9],6,6387.8235,4458.8934,1.8950,18.7172,0.0983,-0.4954,833751137#19,-77.8313,1.5023,100.0000,default,20,rsu(390m),2712,83282,0.3211,390,2.0235,5,8,-77.8313,-94.8210,direct,0.0500,30.8000,-84.1128
342.9,node[9],6,6389.4703,4459.7833,1.8950,18.7175,0.0034,-0.4954,833751137#19,-86.5154,-5.0000,100.0000,default,20,rsu(391m),2713,83320,0.0180,391,2.0188,2,2,-86.5154,-103.5051,direct,0.0500,30.8000,-84.1209
343,node[9],6,6391.1171,4460.6731,1.8950,18.7184,0.0087,-0.4954,833751137#19,-84.2850,-5.0000,100.0000,default,20,rsu(393m),2714,83359,0.0180,393,2.0144,2,2,-84.2850,-101.2747,direct,0.0500,30.8000,-84.1280
343.1,node[9],6,6392.7639,4461.5630,1.8950,18.7183,-0.0007,-0.4954,833751137#19,-75.4849,0.5027,100.0000,default,20,rsu(394m),2715,83398,0.2229,394,2.0123,4,6,-75.4849,-92.4746,direct,0.0500,31.2000,-84.1355
343.2,node[9],6,6394.4063,4462.4504,1.8950,18.6672,-0.5116,-0.4954,833751137#19,-76.9264,-1.9566,100.0000,default,20,rsu(396m),2716,83436,0.0774,396,2.0232,3,4,-76.9264,-93.9161,direct,0.0500,31.2000,-84.1433
343.3,node[9],6,6396.0577,4463.3427,1.8950,18.7706,1.0337,-0.4954,833751137#19,-78.3200,-2.6600,100.0000,default,20,rsu(397m),2717,83474,0.0557,397,2.0211,3,4,-78.3200,-95.3097,direct,0.0500,30.4000,-84.1511
343.4,node[9],6,6397.6982,4464.2292,1.8950,18.6464,-1.2412,-0.4954,833751137#19,-80.2753,-5.0000,100.0000,default,20,rsu(399m),2718,83511,0.0180,399,2.0156,2,2,-80.2753,-97.2650,direct,0.0500,30.4000,-84.1581
343.5,node[9],6,6399.3412,4465.1170,1.8950,18.6754,0.2898,-0.4954,833751137#19,-79.1193,0.2375,100.0000,default,20,rsu(400m),2719,83548,0.2008,400,2.0231,4,6,-79.1193,-96.1090,direct,0.0500,29.6000,-84.1660
343.6,node[9],6,6400.9879,4466.0068,1.8950,18.7158,0.4042,-0.4954,833751137#19,-89.6249,-5.0000,100.0000,default,20,rsu(402m),2720,83585,0.0180,402,2.0175,2,2,-89.6249,-106.6146,direct,0.0500,29.6000,-84.1739
343.7,node[9],6,6402.6394,4466.8992,1.8950,18.7720,0.5615,-0.4954,833751137#19,-74.7316,4.0072,100.0000,default,20,rsu(404m),2721,83624,0.6233,404,2.0130,6,10,-74.7316,-91.7213,direct,0.0500,30.4000,-84.1796
343.8,node[9],6,6404.2865,4467.7892,1.8950,18.7219,-0.5009,-0.4954,833751137#19,-82.1161,-5.0000,100.0000,default,20,rsu(405m),2722,83663,0.0180,405,2.0237,2,2,-82.1161,-99.1058,direct,0.0500,30.4000,-84.1868
343.9,node[9],6,6405.9349,4468.6799,1.8950,18.7360,0.1413,-0.4954,833751137#19,-78.2087,-1.6801,100.0000,default,20,rsu(407m),2723,83699,0.0879,407,2.0180,3,4,-78.2087,-95.1984,direct,0.0500,30.0000,-84.1950
344,node[9],6,6407.5773,4469.5673,1.8950,18.6673,-0.6869,-0.4954,833751137#19,-77.2787,0.1405,100.0000,default,20,rsu(408m),2724,83738,0.1931,408,2.0129,4,6,-77.2787,-94.2684,direct,0.0500,30.0000,-84.2010
344.1,node[9],6,6409.2209,4470.4554,1.8950,18.6816,0.1429,-0.4954,833751137#19,-86.0572,-5.0000,100.0000,default,20,rsu(410m),2725,83775,0.0180,410,2.0201,2,2,-86.0572,-103.0469,direct,0.0500,30.4000,-84.2084
344.2,node[9],6,6410.8614,4471.3419,1.8950,18.6465,-0.3510,-0.4954,833751137#19,-75.4541,-1.0457,100.0000,default,20,rsu(411m),2726,83814,0.1168,411,2.0176,3,4,-75.4541,-92.4438,direct,0.0500,30.4000,-84.2146
344.3,node[9],6,6412.5062,4472.2306,1.8950,18.6951,0.4860,-0.4954,833751137#19,-81.3312,-4.9961,100.0000,default,20,rsu(413m),2727,83852,0.0180,413,2.0150,2,2,-81.3312,-98.3209,direct,0.0500,30.8000,-84.2213
344.4,node[9],6,6414.1568,4473.1226,1.8950,18.7617,0.6653,-0.4954,833751137#19,-74.2219,0.6316,100.0000,default,20,rsu(415m),2728,83890,0.2343,415,2.0124,4,6,-74.2219,-91.2116,direct,0.0500,30.8000,-84.2281
344.5,node[9],6,6415.8044,4474.0128,1.8950,18.7269,-0.3474,-0.4954,833751137#19,-77.5103,-0.6490,100.0000,default,20,rsu(416m),2729,83928,0.1389,416,2.0206,4,6,-77.5103,-94.5000,direct,0.0500,30.4000,-84.2350
344.6,node[9],6,6417.4502,4474.9023,1.8950,18.7093,-0.1763,-0.4954,:9405596533_2,-82.0810,-5.0000,100.0000,default,20,rsu(418m),2730,83966,0.0180,418,2.0157,2,2,-82.0810,-99.0707,direct,0.0500,30.4000,-84.2423
344.7,node[9],6,6419.0959,4475.7919,1.8950,18.7103,0.0104,-0.4955,:9405596533_2,-75.6764,0.7084,100.0000,default,20,rsu(419m),2731,84003,0.2413,419,2.0128,4,6,-75.6764,-92.6661,direct,0.0500,30.0000,-84.2504
344.8,node[9],6,6420.7368,4476.6788,1.8950,18.6553,-0.5507,-0.4955,:9405596533_2,-91.4871,-5.0000,100.0000,default,20,rsu(421m),2732,84041,0.0180,421,2.0150,2,2,-91.4871,-108.4768,direct,0.0500,30.0000,-84.2577
344.9,node[9],6,6422.3851,4477.5698,1.8950,18.7402,0.8489,-0.4956,833751137#20,-75.9552,-0.0073,100.0000,default,20,rsu(422m),2733,84078,0.1819,422,2.0149,4,6,-75.9552,-92.9449,direct,0.0500,30.0000,-84.2660
345,node[9],6,6424.0283,4478.4579,1.8950,18.6777,-0.6249,-0.4955,833751137#20,-77.7395,-0.0485,100.0000,default,20,rsu(424m),2734,84116,0.1788,424,2.0170,4,6,-77.7395,-94.7292,direct,0.0500,30.0000,-84.2734
345.1,node[9],6,6425.6724,4479.3464,1.8950,18.6871,0.0941,-0.4955,833751137#20,-82.4203,-3.8764,100.0000,default,20,rsu(426m),2735,84154,0.0311,426,2.0190,2,2,-82.4203,-99.4100,direct,0.0500,30.4000,-84.2814
345.2,node[9],6,6427.3148,4480.2340,1.8950,18.6681,-0.1900,-0.4955,833751137#20,-76.9560,-0.1003,100.0000,default,20,rsu(427m),2736,84191,0.1751,427,2.0209,4,6,-76.9560,-93.9457,direct,0.0500,30.4000,-84.2899
345.3,node[9],6,6428.9570,4481.1215,1.8950,18.6661,-0.0196,-0.4955,833751137#20,-80.7157,-3.4122,100.0000,default,20,rsu(429m),2737,84229,0.0389,429,2.0228,2,2,-80.7157,-97.7054,direct,0.0500,30.0000,-84.2977
345.4,node[9],6,6430.5981,4482.0085,1.8950,18.6531,-0.1299,-0.4955,833751137#20,-75.0567,2.7695,100.0000,default,20,rsu(430m),2738,84267,0.4712,430,2.0247,5,8,-75.0567,-92.0464,direct,0.0500,30.0000,-84.3060
345.5,node[9],6,6432.2439,4482.8980,1.8950,18.7076,0.5443,-0.4955,833751137#20,-77.8951,-2.3684,100.0000,default,20,rsu(432m),2739,84305,0.0639,432,2.0134,3,4,-77.8951,-94.8848,direct,0.0500,30.4000,-84.3144
345.6,node[9],6,6433.8861,4483.7855,1.8950,18.6662,-0.4131,-0.4955,833751137#20,-84.1451,-5.0000,100.0000,default,20,rsu(434m),2740,84343,0.0180,434,2.0131,2,2,-84.1451,-101.1348,direct,0.0500,30.4000,-84.3230
345.7,node[9],6,6435.5332,4484.6756,1.8950,18.7205,0.5429,-0.4955,833751137#20,-89.0959,-5.0000,100.0000,default,20,rsu(435m),2741,84381,0.0180,435,2.0148,2,2,-89.0959,-106.0856,direct,0.0500,30.4000,-84.3316
345.8,node[9],6,6437.1845,4485.5681,1.8950,18.7698,0.4925,-0.4955,:9969100561_5,-75.0293,0.9884,100.0000,default,20,rsu(437m),2742,84417,0.2678,437,2.0210,4,6,-75.0293,-92.0190,direct,0.0500,30.4000,-84.3412
345.9,node[9],6,6438.8306,4486.4578,1.8950,18.7099,-0.5985,-0.4955,:9969100561_5,-73.6974,1.9377,100.0000,default,20,rsu(439m),2743,84455,0.3702,439,2.0175,5,8,-73.6974,-90.6871,direct,0.0500,29.6000,-84.3493
346,node[9],6,6440.4822,4487.3505,1.8950,18.7726,0.6264,-0.4955,:9969100561_5,-80.0662,-5.0000,100.0000,default,20,rsu(440m),2744,84493,0.0180,440,2.0138,2,2,-80.0662,-97.0559,direct,0.0500,29.6000,-84.3584
346.1,node[9],6,6442.1251,4488.2386,1.8950,18.6749,-0.9771,-0.4955,:9969100561_5,-74.6976,-0.5172,100.0000,default,20,rsu(442m),2745,84531,0.1470,442,2.0205,4,6,-74.6976,-91.6873,direct,0.0500,30.4000,-84.3675
346.2,node[9],6,6443.7722,4489.1288,1.8950,18.7215,0.4662,-0.4955,:9969100561_5,-75.9564,1.0316,100.0000,default,20,rsu(443m),2746,84568,0.2721,443,2.0148,5,8,-75.9564,-92.9461,direct,0.0500,30.4000,-84.3772
346.3,node[9],6,6445.4181,4490.0184,1.8950,18.7073,-0.1417,-0.4955,833751137#21,-76.3824,1.0119,100.0000,default,20,rsu(445m),2747,84605,0.2701,445,2.0240,5,8,-76.3824,-93.3721,direct,0.0500,29.6000,-84.3870
346.4,node[9],6,6447.0607,4490.9058,1.8950,18.6691,-0.3819,-0.4954,833751137#21,-82.4245,-4.4100,100.0000,default,20,rsu(447m),2748,84643,0.0240,447,2.0202,2,2,-82.4245,-99.4142,direct,0.0500,29.6000,-84.3954
346.5,node[9],6,6448.7102,4491.7968,1.8950,18.7467,0.7760,-0.4954,833751137#21,-79.9238,-2.7910,100.0000,default,20,rsu(448m),2749,84681,0.0524,448,2.0163,3,4,-79.9238,-96.9135,direct,0.0500,30.4000,-84.4049
346.6,node[9],6,6450.3575,4492.6868,1.8950,18.7229,-0.2382,-0.4953,833751137#21,-75.0036,3.8887,100.0000,default,21,rsu(450m),2750,84717,0.6093,450,2.0222,6,10,-75.0036,-91.9933,direct,0.0500,30.4000,-84.3543
346.7,node[9],6,6452.0053,4493.5770,1.8950,18.7282,0.0530,-0.4953,833751137#21,-78.0828,-1.2306,100.0000,default,21,rsu(452m),2751,84755,0.1076,452,2.0182,3,4,-78.0828,-95.0725,direct,0.0500,29.6000,-84.3631
346.8,node[9],6,6453.6538,4494.4675,1.8950,18.7354,0.0721,-0.4953,833751137#21,-71.7147,6.9650,100.0000,default,21,rsu(453m),2752,84793,0.8789,453,2.0141,7,12,-71.7147,-88.7044,direct,0.0500,29.6000,-84.3727
346.9,node[9],6,6455.2998,4495.3567,1.8950,18.7071,-0.2831,-0.4953,833751137#21,-77.4199,-0.2737,100.0000,default,21,rsu(455m),2753,84830,0.1629,455,2.0230,4,6,-77.4199,-94.4096,direct,0.0500,30.0000,-84.3829
347,node[9],6,6456.9467,4496.2464,1.8950,18.7180,0.1088,-0.4953,833751137#21,-81.0623,-1.9718,100.0000,default,21,rsu(456m),2754,84868,0.0769,456,2.0189,3,4,-81.0623,-98.0520,direct,0.0500,30.0000,-84.3920
347.1,node[9],6,6458.5976,4497.1382,1.8950,18.7633,0.4528,-0.4953,833751137#21,-76.9450,-1.5794,100.0000,default,21,rsu(458m),2755,84906,0.0920,458,2.0147,3,4,-76.9450,-93.9347,direct,0.0500,30.4000,-84.4019
347.2,node[9],6,6460.2443,4498.0278,1.8950,18.7159,-0.4740,-0.4953,833751137#21,-77.4275,1.6660,100.0000,default,21,rsu(460m),2756,84943,0.3392,460,2.0234,5,8,-77.4275,-94.4172,direct,0.0500,30.4000,-84.4123
347.3,node[9],6,6461.8920,4498.9180,1.8950,18.7272,0.1129,-0.4953,833751137#21,-72.0877,1.8709,100.0000,default,21,rsu(461m),2757,84980,0.3625,461,2.0191,5,8,-72.0877,-89.0774,direct,0.0500,29.6000,-84.4228
347.4,node[9],6,6463.5330,4499.8044,1.8950,18.6498,-0.7737,-0.4953,833751137#21,-80.5089,-4.8612,100.0000,default,21,rsu(463m),2758,85018,0.0193,463,2.0147,2,2,-80.5089,-97.4986,direct,0.0500,29.6000,-84.4317
347.5,node[9],6,6465.1790,4500.6937,1.8950,18.7083,0.5851,-0.4953,833751137#21,-81.2057,-5.0000,100.0000,default,21,rsu(465m),2759,85056,0.0180,465,2.0233,2,2,-81.2057,-98.1954,direct,0.0500,30.4000,-84.4417
347.6,node[9],6,6466.8307,4501.5859,1.8950,18.7716,0.6326,-0.4953,833751137#21,-73.7509,1.7557,100.0000,default,20,rsu(466m),2760,85094,0.3493,466,2.0188,5,8,-73.7509,-90.7406,direct,0.0500,30.4000,-84.5146
347.7,node[9],6,6468.4736,4502.4735,1.8950,18.6721,-0.9945,-0.4953,833751137#21,-81.7626,-4.9562,100.0000,default,20,rsu(468m),2761,85132,0.0184,468,2.0142,2,2,-81.7626,-98.7523,direct,0.0500,30.4000,-84.5250
347.8,node[9],6,6470.1224,4503.3642,1.8950,18.7403,0.6815,-0.4953,833751137#21,-77.0461,1.9208,100.0000,default,20,rsu(470m),2762,85169,0.3683,470,2.0207,5,8,-77.0461,-94.0358,direct,0.0500,30.4000,-84.5362
347.9,node[9],6,6471.7734,4504.2561,1.8950,18.7633,0.2308,-0.4953,833751137#21,-80.5373,-5.0000,100.0000,default,20,rsu(471m),2763,85205,0.0180,471,2.0128,2,2,-80.5373,-97.5270,direct,0.0500,29.2000,-84.5472
348,node[9],6,6473.4251,4505.1484,1.8950,18.7730,0.0969,-0.4953,833751137#21,-77.4731,-3.2263,100.0000,default,20,rsu(473m),2764,85243,0.0426,473,2.0152,2,2,-77.4731,-94.4628,direct,0.0500,29.2000,-84.5571
348.1,node[9],6,6475.0695,4506.0367,1.8950,18.6893,-0.8374,-0.4953,833751137#21,-82.1950,-5.0000,100.0000,default,20,rsu(475m),2765,85280,0.0180,475,2.0176,2,2,-82.1950,-99.1847,direct,0.0500,30.0000,-84.5685
348.2,node[9],6,6476.7152,4506.9258,1.8950,18.7045,0.1520,-0.4953,833751137#21,-80.3716,-5.0000,100.0000,default,20,rsu(476m),2766,85317,0.0180,476,2.0181,2,2,-80.3716,-97.3613,direct,0.0500,30.0000,-84.5799
348.3,node[9],6,6478.3625,4507.8156,1.8950,18.7213,0.1685,-0.4953,833751137#21,-98.8499,-5.0000,100.0000,default,20,rsu(478m),2767,85355,0.0180,478,2.0203,2,2,-98.8499,-115.8396,direct,0.0500,30.0000,-84.5897
348.4,node[9],6,6480.0054,4508.7032,1.8950,18.6724,-0.4890,-0.4953,833751137#21,-86.9327,-5.0000,100.0000,default,20,rsu(480m),2768,85392,0.0180,480,2.0226,2,2,-86.9327,-103.9224,direct,0.0500,30.0000,-84.6013
348.5,node[9],6,6481.6526,4509.5931,1.8950,18.7214,0.4900,-0.4953,833751137#21,-79.9797,-2.3499,100.0000,default,20,rsu(481m),2769,85429,0.0645,481,2.0248,3,4,-79.9797,-96.9694,direct,0.0500,29.6000,-84.6129
348.6,node[9],6,6483.2948,4510.4802,1.8950,18.6646,-0.5678,-0.4953,833751137#21,-82.1135,-5.0000,100.0000,default,20,rsu(483m),2770,85468,0.0180,483,2.0121,2,2,-82.1135,-99.1032,direct,0.0500,29.6000,-84.6227
348.7,node[9],6,6484.9408,4511.3694,1.8950,18.7071,0.4248,-0.4953,833751137#21,-80.1969,-1.0547,100.0000,default,20,rsu(485m),2771,85505,0.1164,485,2.0240,3,4,-80.1969,-97.1866,direct,0.0500,30.4000,-84.6348
348.8,node[9],6,6486.5821,4512.2561,1.8950,18.6547,-0.5247,-0.4953,833751137#21,-75.5504,2.8579,100.0000,default,20,rsu(486m),2772,85542,0.4822,486,2.0229,5,8,-75.5504,-92.5401,direct,0.0500,30.4000,-84.6468
348.9,node[9],6,6488.2262,4513.1442,1.8950,18.6850,0.3036,-0.4953,833751137#21,-76.7556,-2.5426,100.0000,default,20,rsu(488m),2773,85580,0.0589,488,2.0231,3,4,-76.7556,-93.7453,direct,0.0500,30.0000,-84.6565
349,node[9],6,6489.8738,4514.0343,1.8950,18.7265,0.4151,-0.4953,833751137#21,-75.3348,2.0788,100.0000,default,20,rsu(490m),2774,85619,0.3868,490,2.0121,5,8,-75.3348,-92.3245,direct,0.0500,30.0000,-84.6669
349.1,node[9],6,6491.5169,4514.9219,1.8950,18.6738,-0.5270,-0.4953,833751137#21,-77.8898,-0.4784,100.0000,default,20,rsu(491m),2775,85657,0.1494,491,2.0141,4,6,-77.8898,-94.8795,direct,0.0500,30.8000,-84.6785
349.2,node[9],6,6493.1626,4515.8110,1.8950,18.7049,0.3110,-0.4953,833751137#21,-81.3707,-5.0000,100.0000,default,20,rsu(493m),2776,85695,0.0180,493,2.0160,2,2,-81.3707,-98.3604,direct,0.0500,30.8000,-84.6900
349.3,node[9],6,6494.8084,4516.7001,1.8950,18.7044,-0.0050,-0.4953,833751137#21,-81.3276,-5.0000,100.0000,default,20,rsu(495m),2777,85734,0.0180,495,2.0179,2,2,-81.3276,-98.3173,direct,0.0500,30.8000,-84.6997
349.4,node[9],6,6496.4508,4517.5873,1.8950,18.6665,-0.3790,-0.4953,833751137#21,-75.1354,1.2257,100.0000,default,20,rsu(496m),2778,85772,0.2917,496,2.0197,5,8,-75.1354,-92.1251,direct,0.0500,30.8000,-84.7111
349.5,node[9],6,6498.0994,4518.4780,1.8950,18.7372,0.7067,-0.4953,833751137#21,-78.5373,-3.5882,100.0000,default,20,rsu(498m),2779,85809,0.0358,498,2.0183,2,2,-78.5373,-95.5270,direct,0.0500,30.0000,-84.7222
349.6,node[9],6,6499.7426,4519.3657,1.8950,18.6758,-0.6137,-0.4953,833751137#21,-82.8926,-4.4522,100.0000,default,20,rsu(500m),2780,85848,0.0235,500,2.0201,2,2,-82.8926,-99.8823,direct,0.0500,30.0000,-84.7317
349.7,node[9],6,6501.3868,4520.2539,1.8950,18.6875,0.1168,-0.4953,833751137#21,-74.6798,3.5780,100.0000,default,20,rsu(499m),2781,85887,0.5718,499,2.0218,6,10,-74.6798,-91.6695,direct,0.0500,31.2000,-84.7422
349.8,node[9],6,6503.0348,4521.1442,1.8950,18.7301,0.4257,-0.4953,833751137#21,-87.5603,-5.0000,100.0000,default,20,rsu(497m),2782,85925,0.0180,497,2.0210,2,2,-87.5603,-104.5500,direct,0.0500,31.2000,-84.7533
349.9,node[9],6,6504.6757,4522.0306,1.8950,18.6496,-0.8050,-0.4953,833751137#21,-75.1646,3.0919,100.0000,default,20,rsu(495m),2783,85964,0.5115,495,2.0227,6,10,-75.1646,-92.1543,direct,0.0500,30.8000,-84.7630
350,node[9],6,6506.3196,4522.9187,1.8950,18.6831,0.3352,-0.4953,833751137#21,-75.6108,2.1376,100.0000,default,20,rsu(494m),2784,86003,0.3938,494,2.0248,5,8,-75.6108,-92.6005,direct,0.0500,30.8000,-84.7732
350.1,node[9],6,6507.9693,4523.8099,1.8950,18.7499,0.6678,-0.4953,833751137#21,-77.2502,-2.3308,100.0000,default,20,rsu(492m),2785,86042,0.0650,492,2.0133,3,4,-77.2502,-94.2399,direct,0.0500,31.2000,-84.7834
350.2,node[9],6,6509.6110,4524.6968,1.8950,18.6588,-0.9103,-0.4953,833751137#21,-81.2158,-3.1157,100.0000,default,20,rsu(491m),2786,86079,0.0449,491,2.0247,2,2,-81.2158,-98.2055,direct,0.0500,31.2000,-84.7946
350.3,node[9],6,6511.2604,4525.5878,1.8950,18.7460,0.8715,-0.4953,833751137#21,-75.9192,-1.7337,100.0000,default,20,rsu(489m),2787,86118,0.0857,489,2.0131,3,4,-75.9192,-92.9089,direct,0.0500,30.4000,-84.8034
350.4,node[9],6,6512.9115,4526.4798,1.8950,18.7658,0.1986,-0.4953,833751137#21,-81.9846,-5.0000,100.0000,default,20,rsu(487m),2788,86154,0.0180,487,2.0244,2,2,-81.9846,-98.9743,direct,0.0500,30.4000,-84.8151
350.5,node[9],6,6514.5569,4527.3686,1.8950,18.6998,-0.6606,-0.4953,833751137#21,-80.6177,-2.4378,100.0000,default,20,rsu(486m),2789,86192,0.0619,486,2.0241,3,4,-80.6177,-97.6074,direct,0.0500,29.6000,-84.8243
350.6,node[9],6,6516.2012,4528.2569,1.8950,18.6884,-0.1136,-0.4953,833751137#21,-79.9916,-5.0000,100.0000,default,20,rsu(484m),2790,86231,0.0180,484,2.0238,2,2,-79.9916,-96.9813,direct,0.0500,29.6000,-84.8326
350.7,node[9],6,6517.8426,4529.1437,1.8950,18.6552,-0.3321,-0.4953,833751137#21,-86.2928,-5.0000,100.0000,default,20,rsu(483m),2791,86270,0.0180,483,2.0121,2,2,-86.2928,-103.2825,direct,0.0500,31.2000,-84.8420
350.8,node[9],6,6519.4905,4530.0339,1.8950,18.7290,0.7378,-0.4953,833751137#21,-81.2139,-3.5737,100.0000,default,20,rsu(481m),2792,86306,0.0360,481,2.0232,2,2,-81.2139,-98.2036,direct,0.0500,31.2000,-84.8533
350.9,node[9],6,6521.1420,4530.9261,1.8950,18.7705,0.4151,-0.4953,833751137#21,-84.2753,-4.9361,100.0000,default,20,rsu(479m),2793,86344,0.0186,479,2.0228,2,2,-84.2753,-101.2650,direct,0.0500,29.6000,-84.8620
351,node[9],6,6522.7902,4531.8165,1.8950,18.7327,-0.3783,-0.4953,833751137#21,-78.9396,-1.1643,100.0000,default,20,rsu(478m),2794,86383,0.1108,478,2.0239,3,4,-78.9396,-95.9293,direct,0.0500,29.6000,-84.8697
351.1,node[9],6,6524.4418,4532.7087,1.8950,18.7715,0.3881,-0.4953,833751137#21,-79.1565,-0.3796,100.0000,default,20,rsu(476m),2795,86422,0.1558,476,2.0121,4,6,-79.1565,-96.1462,direct,0.0500,31.2000,-84.8787
351.2,node[9],6,6526.0834,4533.5955,1.8950,18.6567,-1.1484,-0.4953,833751137#21,-78.9897,-4.1231,100.0000,default,20,rsu(475m),2796,86461,0.0276,475,2.0124,2,2,-78.9897,-95.9794,direct,0.0500,31.2000,-84.8881
351.3,node[9],6,6527.7289,4534.4845,1.8950,18.7022,0.4552,-0.4953,833751137#21,-77.2158,0.0995,100.0000,default,20,rsu(473m),2797,86501,0.1900,473,2.0231,4,6,-77.2158,-94.2055,direct,0.0500,31.6000,-84.8961
351.4,node[9],6,6529.3768,4535.3747,1.8950,18.7294,0.2725,-0.4953,833751137#21,-85.3920,-5.0000,100.0000,default,20,rsu(471m),2798,86541,0.0180,471,2.0208,2,2,-85.3920,-102.3817,direct,0.0500,31.6000,-84.9047
351.5,node[9],6,6531.0270,4536.2661,1.8950,18.7545,0.2505,-0.4953,833751137#21,-79.8620,-5.0000,100.0000,default,20,rsu(470m),2799,86580,0.0180,470,2.0184,2,2,-79.8620,-96.8517,direct,0.0500,31.6000,-84.9138
351.6,node[9],6,6532.6676,4537.1525,1.8950,18.6470,-1.0749,-0.4953,833751137#21,-75.0848,1.4265,100.0000,default,20,rsu(468m),2800,86620,0.3129,468,2.0160,5,8,-75.0848,-92.0745,direct,0.0500,31.6000,-84.9214
351.7,node[9],6,6534.3194,4538.0448,1.8950,18.7736,1.2657,-0.4953,833751137#21,-84.1203,-5.0000,100.0000,default,20,rsu(467m),2801,86658,0.0180,467,2.0234,2,2,-84.1203,-101.1100,direct,0.0500,31.2000,-84.9308
351.8,node[9],6,6535.9634,4538.9329,1.8950,18.6848,-0.8878,-0.4953,833751137#21,-77.8210,-0.0362,100.0000,default,20,rsu(465m),2802,86697,0.1797,465,2.0193,4,6,-77.8210,-94.8107,direct,0.0500,31.2000,-84.9381
351.9,node[9],6,6537.6114,4539.8232,1.8950,18.7293,0.4449,-0.4953,833751137#21,-78.1628,-4.0946,100.0000,default,20,rsu(464m),2803,86737,0.0280,464,2.0168,2,2,-78.1628,-95.1525,direct,0.0500,31.6000,-84.9452
352,node[9],6,6539.2566,4540.7119,1.8950,18.6984,-0.3086,-0.4953,833751137#21,-76.2466,-1.4676,100.0000,default,20,rsu(462m),2804,86777,0.0968,462,2.0142,3,4,-76.2466,-93.2363,direct,0.0500,31.6000,-84.9529
352.1,node[9],6,6540.8981,4541.5988,1.8950,18.6573,-0.4107,-0.4953,833751137#21,-87.1278,-5.0000,100.0000,default,20,rsu(460m),2805,86816,0.0180,460,2.0231,2,2,-87.1278,-104.1175,direct,0.0500,31.6000,-84.9611
352.2,node[9],6,6542.5385,4542.4854,1.8950,18.6449,-0.1239,-0.4954,:9969100568_5,-74.4075,1.6057,100.0000,default,20,rsu(459m),2806,86856,0.3324,459,2.0205,5,8,-74.4075,-91.3972,direct,0.0500,31.6000,-84.9678
352.3,node[9],6,6544.1876,4543.3767,1.8950,18.7442,0.9925,-0.4955,:9969100568_5,-79.7638,-3.0234,100.0000,default,20,rsu(457m),2807,86893,0.0469,457,2.0147,2,2,-79.7638,-96.7535,direct,0.0500,30.8000,-84.9772
352.4,node[9],6,6545.8334,4544.2663,1.8950,18.7068,-0.3736,-0.4955,:9969100568_5,-82.0785,-4.8373,100.0000,default,20,rsu(456m),2808,86933,0.0195,456,2.0235,2,2,-82.0785,-99.0682,direct,0.0500,30.8000,-84.9823
352.5,node[9],6,6547.4826,4545.1577,1.8950,18.7455,0.3866,-0.4955,:9969100568_5,-81.9136,-3.6370,100.0000,default,20,rsu(454m),2809,86972,0.0349,454,2.0208,2,2,-81.9136,-98.9033,direct,0.0500,31.6000,-84.9903
352.6,node[9],6,6549.1329,4546.0497,1.8950,18.7575,0.1202,-0.4955,:9969100568_5,-73.2723,2.3657,100.0000,default,20,rsu(453m),2810,87012,0.4214,453,2.0180,5,8,-73.2723,-90.2620,direct,0.0500,31.6000,-84.9967
352.7,node[9],6,6550.7733,4546.9361,1.8950,18.6458,-1.1172,-0.4955,833751137#22,-80.1547,-3.2482,100.0000,default,20,rsu(451m),2811,87052,0.0421,451,2.0137,2,2,-80.1547,-97.1444,direct,0.0500,32.0000,-85.0037
352.8,node[9],6,6552.4194,4547.8255,1.8950,18.7111,0.6532,-0.4954,833751137#22,-72.5580,6.2103,100.0000,default,20,rsu(450m),2812,87092,0.8327,450,2.0239,7,12,-72.5580,-89.5477,direct,0.0500,32.0000,-85.0111
352.9,node[9],6,6554.0639,4548.7141,1.8950,18.6924,-0.1872,-0.4954,833751137#22,-74.7069,3.4861,100.0000,default,20,rsu(448m),2813,87132,0.5605,448,2.0195,6,10,-74.7069,-91.6966,direct,0.0500,32.0000,-85.0185
353,node[9],6,6555.7146,4549.6060,1.8950,18.7622,0.6980,-0.4954,833751137#22,-76.7257,1.4328,100.0000,default,20,rsu(447m),2814,87172,0.3135,447,2.0166,5,8,-76.7257,-93.7154,direct,0.0500,32.0000,-85.0258
353.1,node[9],6,6557.3552,4550.4925,1.8950,18.6481,-1.1410,-0.4954,833751137#22,-78.4499,-0.2636,100.0000,default,20,rsu(445m),2815,87211,0.1636,445,2.0145,4,6,-78.4499,-95.4396,direct,0.0500,31.6000,-85.0342
353.2,node[9],6,6558.9969,4551.3796,1.8950,18.6611,0.1301,-0.4954,833751137#22,-76.0351,-2.1577,100.0000,default,20,rsu(443m),2816,87251,0.0705,443,2.0245,3,4,-76.0351,-93.0248,direct,0.0500,31.6000,-85.0410
353.3,node[9],6,6560.6441,4552.2697,1.8950,18.7236,0.6254,-0.4954,833751137#22,-79.6895,-1.3031,100.0000,default,20,rsu(442m),2817,87290,0.1042,442,2.0215,3,4,-79.6895,-96.6792,direct,0.0500,31.6000,-85.0493
353.4,node[9],6,6562.2884,4553.1581,1.8950,18.6893,-0.3439,-0.4954,833751137#22,-77.8322,1.2367,100.0000,default,20,rsu(440m),2818,87330,0.2928,440,2.0193,5,8,-77.8322,-94.8219,direct,0.0500,31.6000,-85.0561
353.5,node[9],6,6563.9334,4554.0470,1.8950,18.6983,0.0900,-0.4954,833751137#22,-71.2479,6.1367,100.0000,default,20,rsu(439m),2819,87368,0.8275,439,2.0130,7,12,-71.2479,-88.2376,direct,0.0500,31.2000,-85.0650
353.6,node[9],6,6565.5737,4554.9334,1.8950,18.6454,-0.5291,-0.4954,833751137#22,-78.7385,-0.0995,100.0000,default,20,rsu(437m),2820,87408,0.1751,437,2.0229,4,6,-78.7385,-95.7282,direct,0.0500,31.2000,-85.0705
353.7,node[9],6,6567.2222,4555.8241,1.8950,18.7373,0.9194,-0.4954,833751137#22,-83.6433,-4.7875,100.0000,default,20,rsu(436m),2821,87446,0.0200,436,2.0166,2,2,-83.6433,-100.6330,direct,0.0500,31.2000,-85.0792
353.8,node[9],6,6568.8654,4556.7120,1.8950,18.6782,-0.5906,-0.4954,833751137#22,-76.6293,0.4266,100.0000,default,20,rsu(434m),2822,87486,0.2164,434,2.0133,4,6,-76.6293,-93.6190,direct,0.0500,31.2000,-85.0844
353.9,node[9],6,6570.5075,4557.5992,1.8950,18.6642,-0.1406,-0.4954,833751137#22,-75.0903,2.5936,100.0000,default,20,rsu(433m),2823,87525,0.4494,433,2.0231,5,8,-75.0903,-92.0800,direct,0.0500,31.6000,-85.0919
354,node[9],6,6572.1479,4558.4857,1.8950,18.6469,-0.1731,-0.4954,833751137#22,-75.7706,1.2335,100.0000,default,20,rsu(431m),2824,87563,0.2925,431,2.0166,5,8,-75.7706,-92.7603,direct,0.0500,31.6000,-85.0995
354.1,node[9],6,6573.7930,4559.3746,1.8950,18.6993,0.5241,-0.4954,833751137#22,-75.4589,-0.0768,100.0000,default,21,rsu(430m),2825,87602,0.1768,430,2.0133,4,6,-75.4589,-92.4486,direct,0.0500,30.8000,-85.0334
354.2,node[9],6,6575.4389,4560.2639,1.8950,18.7082,0.0890,-0.4954,833751137#22,-79.8426,-4.7348,100.0000,default,21,rsu(428m),2826,87640,0.0205,428,2.0197,2,2,-79.8426,-96.8323,direct,0.0500,30.8000,-85.0404
354.3,node[9],6,6577.0807,4561.1510,1.8950,18.6614,-0.4678,-0.4954,833751137#22,-77.5274,0.5241,100.0000,default,21,rsu(427m),2827,87678,0.2248,427,2.0131,4,6,-77.5274,-94.5171,direct,0.0500,30.4000,-85.0480
354.4,node[9],6,6578.7252,4562.0396,1.8950,18.6923,0.3089,-0.4954,833751137#22,-76.2608,0.0440,100.0000,default,21,rsu(425m),2828,87717,0.1857,425,2.0226,4,6,-76.2608,-93.2505,direct,0.0500,30.4000,-85.0510
354.5,node[9],6,6580.3661,4562.9263,1.8950,18.6522,-0.4010,-0.4954,833751137#22,-72.2917,4.5964,100.0000,default,21,rsu(424m),2829,87755,0.6896,424,2.0159,6,10,-72.2917,-89.2814,direct,0.0500,30.8000,-85.0576
354.6,node[9],6,6582.0092,4563.8141,1.8950,18.6765,0.2434,-0.4954,833751137#22,-76.3137,3.0479,100.0000,default,21,rsu(422m),2830,87792,0.5060,422,2.0222,6,10,-76.3137,-93.3034,direct,0.0500,30.8000,-85.0657
354.7,node[9],6,6583.6532,4564.7024,1.8950,18.6867,0.1024,-0.4954,833751137#22,-80.0896,-5.0000,100.0000,default,21,rsu(421m),2831,87832,0.0180,421,2.0185,2,2,-80.0896,-97.0793,direct,0.0500,30.8000,-85.0668
354.8,node[9],6,6585.3006,4565.5926,1.8950,18.7248,0.3804,-0.4954,833751137#22,-79.6795,-1.6641,100.0000,default,21,rsu(419m),2832,87872,0.0885,419,2.0148,3,4,-79.6795,-96.6692,direct,0.0500,30.8000,-85.0720
354.9,node[9],6,6586.9522,4566.4850,1.8950,18.7733,0.4852,-0.4954,833751137#22,-77.4234,-1.7410,100.0000,default,21,rsu(418m),2833,87912,0.0854,418,2.0129,3,4,-77.4234,-94.4131,direct,0.0500,32.0000,-85.0772
355,node[9],6,6588.5989,4567.3748,1.8950,18.7175,-0.5582,-0.4954,833751137#22,-79.9573,-3.1714,100.0000,default,21,rsu(416m),2834,87952,0.0437,416,2.0227,2,2,-79.9573,-96.9470,direct,0.0500,32.0000,-85.0823
355.1,node[9],6,6590.2408,4568.2620,1.8950,18.6625,-0.5497,-0.4954,833751137#22,-78.3276,-0.3750,100.0000,default,21,rsu(415m),2835,87992,0.1561,415,2.0207,4,6,-78.3276,-95.3173,direct,0.0500,32.0000,-85.0873
355.2,node[9],6,6591.8888,4569.1524,1.8950,18.7323,0.6978,-0.4954,833751137#22,-85.1902,-5.0000,100.0000,default,21,rsu(413m),2836,88031,0.0180,413,2.0186,2,2,-85.1902,-102.1799,direct,0.0500,32.0000,-85.0929
355.3,node[9],6,6593.5381,4570.0436,1.8950,18.7475,0.1521,-0.4954,833751137#22,-79.6174,-3.8168,100.0000,default,21,rsu(412m),2837,88071,0.0320,412,2.0152,2,2,-79.6174,-96.6071,direct,0.0500,31.6000,-85.0962
355.4,node[9],6,6595.1819,4570.9318,1.8950,18.6839,-0.6358,-0.4954,833751137#22,-74.4580,3.4651,100.0000,default,21,rsu(410m),2838,88111,0.5579,410,2.0116,6,10,-74.4580,-91.4477,direct,0.0500,31.6000,-85.1001
355.5,node[9],6,6596.8250,4571.8197,1.8950,18.6762,-0.0768,-0.4954,833751137#22,-77.6892,-2.6404,100.0000,default,21,rsu(409m),2839,88151,0.0562,409,2.0201,3,4,-77.6892,-94.6789,direct,0.0500,32.0000,-85.1040
355.6,node[9],6,6598.4667,4572.7067,1.8950,18.6605,-0.1571,-0.4954,833751137#22,-76.7680,0.2815,100.0000,default,21,rsu(408m),2840,88191,0.2044,408,2.0178,4,6,-76.7680,-93.7577,direct,0.0500,32.0000,-85.1077
355.7,node[9],6,6600.1109,4573.5952,1.8950,18.6897,0.2922,-0.4954,833751137#22,-75.5505,1.5176,100.0000,default,21,rsu(406m),2841,88228,0.3227,406,14.6466,5,8,-75.5505,-92.5402,direct,0.0000,30.8000,-85.1133
355.8,node[9],6,6601.7564,4574.4843,1.8950,18.7030,0.1327,-0.4954,833751137#22,-83.0458,-5.0000,100.0000,default,21,rsu(405m),2842,88267,0.0180,405,14.6442,2,2,-83.0458,-100.0355,direct,0.0000,30.8000,-85.1147
355.9,node[9],6,6603.4071,4575.3762,1.8950,18.7629,0.5993,-0.4954,833751137#22,-75.3685,-0.2186,100.0000,default,21,rsu(403m),2843,88306,0.1667,403,14.6404,4,6,-75.3685,-92.3582,direct,0.0000,31.2000,-85.1181
356,node[9],6,6605.0580,4576.2683,1.8950,18.7655,0.0260,-0.4954,833751137#22,-76.3376,-0.8940,100.0000,default,21,rsu(402m),2844,88345,0.1249,402,14.6379,4,6,-76.3376,-93.3273,direct,0.0000,31.2000,-85.1213
356.1,node[9],6,6606.7079,4577.1598,1.8950,18.7538,-0.1178,-0.4954,833751137#22,-73.6274,4.9891,100.0000,default,21,rsu(400m),2845,88384,0.7300,400,14.6460,6,10,-73.6274,-90.6171,direct,0.0000,31.2000,-85.1244
356.2,node[9],6,6608.3574,4578.0511,1.8950,18.7491,-0.0463,-0.4954,833751137#22,-71.5683,4.1465,100.0000,default,21,rsu(399m),2846,88423,0.6395,399,14.6411,6,10,-71.5683,-88.5580,direct,0.0000,31.2000,-85.1274
356.3,node[9],6,6609.9994,4578.9383,1.8950,18.6639,-0.8523,-0.4954,833751137#22,-78.0474,0.7674,100.0000,default,21,rsu(397m),2847,88461,0.2467,397,14.6385,4,6,-78.0474,-95.0371,direct,0.0000,30.8000,-85.1310
356.4,node[9],6,6611.6406,4579.8251,1.8950,18.6551,-0.0884,-0.4954,833751137#22,-81.4340,-2.3286,100.0000,default,21,rsu(396m),2848,88500,0.0651,396,14.6488,3,4,-81.4340,-98.4237,direct,0.0000,30.8000,-85.1330
356.5,node[9],6,6613.2852,4580.7138,1.8950,18.6935,0.3844,-0.4954,833751137#22,-73.0389,6.0181,100.0000,default,21,rsu(395m),2849,88539,0.8189,395,14.6460,7,12,-73.0389,-90.0286,direct,0.0000,31.2000,-85.1356
356.6,node[9],6,6614.9361,4581.6058,1.8950,18.7650,0.7148,-0.4954,833751137#22,-78.6047,0.5361,100.0000,default,20,rsu(393m),2850,88576,0.2258,393,14.6400,4,6,-78.6047,-95.5944,direct,0.0000,31.2000,-85.2135
356.7,node[9],6,6616.5808,4582.4945,1.8950,18.6949,-0.7005,-0.4954,833751137#22,-72.0557,2.9312,100.0000,default,20,rsu(392m),2851,88613,0.4914,392,14.6470,5,8,-72.0557,-89.0454,direct,0.0000,29.6000,-85.2181
356.8,node[9],6,6618.2233,4583.3820,1.8950,18.6699,-0.2503,-0.4954,833751137#22,-75.8757,0.5239,100.0000,default,20,rsu(390m),2852,88652,0.2248,390,14.6441,4,6,-75.8757,-92.8654,direct,0.0000,29.6000,-85.2160
356.9,node[9],6,6619.8740,4584.2740,1.8950,18.7625,0.9256,-0.4954,833751137#22,-77.4130,-0.1155,100.0000,default,20,rsu(389m),2853,88691,0.1740,389,14.6399,4,6,-77.4130,-94.4027,direct,0.0000,31.2000,-85.2181
357,node[9],6,6621.5247,4585.1659,1.8950,18.7639,0.0144,-0.4954,833751137#22,-76.0716,-0.3449,100.0000,default,20,rsu(387m),2854,88730,0.1581,387,14.6368,4,6,-76.0716,-93.0613,direct,0.0000,31.2000,-85.2202
357.1,node[9],6,6623.1656,4586.0515,1.8950,18.6507,-1.1319,-0.4952,:8601695130_6,-91.2138,-5.0000,100.0000,default,20,rsu(386m),2855,88768,0.0180,386,14.6455,2,2,-91.2138,-108.2035,direct,0.0000,30.8000,-85.2228
357.2,node[9],6,6624.8129,4586.9399,1.8950,18.7242,0.7352,-0.4949,:8601695130_6,-89.1822,-5.0000,100.0000,default,20,rsu(385m),2856,88807,0.0180,385,14.6411,2,2,-89.1822,-106.1719,direct,0.0000,30.8000,-85.2238
357.3,node[9],6,6626.4542,4587.8251,1.8950,18.6556,-0.6867,-0.4946,:8601695130_6,-76.2679,1.8801,100.0000,default,20,rsu(383m),2857,88844,0.3636,383,14.6477,5,8,-76.2679,-93.2576,direct,0.0000,30.4000,-85.2274
357.4,node[9],6,6628.0983,4588.7117,1.8950,18.6869,0.3134,-0.4946,:8601695130_6,-75.1122,3.8980,100.0000,default,20,rsu(382m),2858,88882,0.6104,382,14.6445,6,10,-75.1122,-92.1019,direct,0.0000,30.4000,-85.2270
357.5,node[9],6,6629.7493,4589.6021,1.8950,18.7659,0.7899,-0.4946,:8601695130_6,-76.5859,-1.6987,100.0000,default,20,rsu(380m),2859,88920,0.0871,380,14.6412,3,4,-76.5859,-93.5756,direct,0.0000,30.4000,-85.2287
357.6,node[9],6,6631.3997,4590.4932,1.8950,18.7611,-0.0477,-0.4948,833751137#23,-79.5098,-3.1332,100.0000,default,20,rsu(379m),2860,88959,0.0445,379,14.6378,2,2,-79.5098,-96.4995,direct,0.0000,30.4000,-85.2282
357.7,node[9],6,6633.0420,4591.3807,1.8950,18.6687,-0.9238,-0.4951,833751137#23,-71.9621,7.3558,100.0000,default,20,rsu(378m),2861,88999,0.8982,378,14.6410,8,14,-71.9621,-88.9518,direct,0.0000,31.6000,-85.2290
357.8,node[9],6,6634.6862,4592.2692,1.8950,18.6919,0.2320,-0.4954,833751137#23,-76.9316,-1.7402,100.0000,default,20,rsu(376m),2862,89038,0.0855,376,14.6488,3,4,-76.9316,-93.9213,direct,0.0000,31.6000,-85.2304
357.9,node[9],6,6636.3336,4593.1594,1.8950,18.7275,0.3559,-0.4954,833751137#23,-73.8538,0.5533,100.0000,default,20,rsu(375m),2863,89078,0.2273,375,14.6411,4,6,-73.8538,-90.8435,direct,0.0000,31.6000,-85.2302
358,node[9],6,6637.9808,4594.0495,1.8950,18.7245,-0.0301,-0.4954,833751137#23,-78.7189,-0.4503,100.0000,default,20,rsu(374m),2864,89118,0.1512,374,14.6475,4,6,-78.7189,-95.7086,direct,0.0000,31.6000,-85.2306
358.1,node[9],6,6639.6293,4594.9404,1.8950,18.7408,0.1627,-0.4954,833751137#23,-76.8625,-1.4957,100.0000,default,20,rsu(372m),2865,89157,0.0955,372,14.6484,3,4,-76.8625,-93.8522,direct,0.0000,31.6000,-85.2317
358.2,node[9],6,6641.2700,4595.8270,1.8950,18.6515,-0.8928,-0.4954,833751137#23,-74.8881,1.1656,100.0000,default,20,rsu(371m),2866,89195,0.2855,371,14.6461,5,8,-74.8881,-91.8778,direct,0.0000,31.6000,-85.2337
358.3,node[9],6,6642.9208,4596.7191,1.8950,18.7652,1.1371,-0.4954,833751137#23,-72.9037,5.0619,100.0000,default,20,rsu(369m),2867,89235,0.7371,369,14.6469,7,12,-72.9037,-89.8934,direct,0.0000,31.2000,-85.2314
358.4,node[9],6,6644.5661,4597.6082,1.8950,18.7045,-0.6073,-0.4954,833751137#23,-79.4338,-0.4651,100.0000,default,20,rsu(368m),2868,89274,0.1503,368,14.6477,4,6,-79.4338,-96.4235,direct,0.0000,31.2000,-85.2323
358.5,node[9],6,6646.2108,4598.4970,1.8950,18.6962,-0.0825,-0.4954,833751137#23,-84.8175,-5.0000,100.0000,default,20,rsu(367m),2869,89313,0.0180,367,14.6484,2,2,-84.8175,-101.8072,direct,0.0000,31.2000,-85.2331
358.6,node[9],6,6647.8512,4599.3834,1.8950,18.6483,-0.4796,-0.4954,833751137#23,-82.8167,-4.1094,100.0000,default,20,rsu(365m),2870,89353,0.0278,365,14.6361,2,2,-82.8167,-99.8064,direct,0.0000,31.2000,-85.2318
358.7,node[9],6,6649.5024,4600.2757,1.8950,18.7707,1.2240,-0.4954,833751137#23,-75.2333,-1.2772,100.0000,default,20,rsu(364m),2871,89393,0.1054,364,14.6367,3,4,-75.2333,-92.2230,direct,0.0000,32.0000,-85.2319
358.8,node[9],6,6651.1447,4601.1632,1.8950,18.6692,-1.0148,-0.4954,833751137#23,-71.0786,4.6785,100.0000,default,20,rsu(363m),2872,89432,0.6983,363,14.6360,6,10,-71.0786,-88.0683,direct,0.0000,32.0000,-85.2326
358.9,node[9],6,6652.7885,4602.0515,1.8950,18.6864,0.1726,-0.4954,833751137#23,-76.5393,2.3233,100.0000,default,20,rsu(361m),2873,89471,0.4162,361,14.6365,5,8,-76.5393,-93.5290,direct,0.0000,31.2000,-85.2333
359,node[9],6,6654.4389,4602.9434,1.8950,18.7623,0.7589,-0.4954,833751137#23,-67.9417,9.3850,100.0000,default,20,rsu(360m),2874,89509,0.9606,360,14.6358,9,16,-67.9417,-84.9314,direct,0.0000,31.2000,-85.2344
359.1,node[9],6,6656.0888,4603.8349,1.8950,18.7551,-0.0719,-0.4954,833751137#23,-80.2981,-5.0000,100.0000,default,20,rsu(359m),2875,89549,0.0180,359,14.6382,2,2,-80.2981,-97.2878,direct,0.0000,31.2000,-85.2314
359.2,node[9],6,6657.7321,4604.7230,1.8950,18.6816,-0.7355,-0.4954,833751137#23,-78.3981,-0.0345,100.0000,default,20,rsu(357m),2876,89589,0.1799,357,14.6406,4,6,-78.3981,-95.3878,direct,0.0000,31.2000,-85.2310
359.3,node[9],6,6659.3822,4605.6146,1.8950,18.7581,0.7648,-0.4954,833751137#23,-80.0441,-1.5980,100.0000,default,20,rsu(356m),2877,89629,0.0912,356,14.6429,3,4,-80.0441,-97.0338,direct,0.0000,32.0000,-85.2305
359.4,node[9],6,6661.0297,4606.5050,1.8950,18.7290,-0.2909,-0.4954,833751137#23,-72.3358,2.0340,100.0000,default,20,rsu(355m),2878,89669,0.3815,355,14.6427,5,8,-72.3358,-89.3255,direct,0.0000,32.0000,-85.2299
359.5,node[9],6,6662.6752,4607.3942,1.8950,18.7057,-0.2330,-0.4954,833751137#23,-73.2471,5.6534,100.0000,default,20,rsu(354m),2879,89709,0.7903,354,14.6371,7,12,-73.2471,-90.2368,direct,0.0000,32.0000,-85.2292
359.6,node[9],6,6664.3204,4608.2832,1.8950,18.7019,-0.0382,-0.4954,833751137#23,-83.7344,-5.0000,100.0000,default,20,rsu(352m),2880,89749,0.0180,352,14.6443,2,2,-83.7344,-100.7241,direct,0.0000,32.0000,-85.2283
359.7,node[9],6,6665.9664,4609.1729,1.8950,18.7101,0.0827,-0.4955,:8601695129_6,-74.3086,5.0619,100.0000,default,20,rsu(351m),2881,89788,0.7371,351,14.6386,7,12,-74.3086,-91.2983,direct,0.0000,31.6000,-85.2280
359.8,node[9],6,6667.6144,4610.0636,1.8950,18.7309,0.2078,-0.4955,:8601695129_6,-71.9389,4.1407,100.0000,default,20,rsu(350m),2882,89827,0.6388,350,14.6458,6,10,-71.9389,-88.9286,direct,0.0000,31.6000,-85.2263
359.9,node[9],6,6669.2650,4610.9558,1.8950,18.7612,0.3032,-0.4955,:8601695129_6,-76.5931,-2.8123,100.0000,default,20,rsu(348m),2883,89866,0.0519,348,14.6399,3,4,-76.5931,-93.5828,direct,0.0000,31.2000,-85.2251
360,node[9],6,6670.9073,4611.8434,1.8950,18.6673,-0.9395,-0.4955,:8601695129_6,-76.8511,0.4472,100.0000,default,20,rsu(347m),2884,89904,0.2182,347,14.6471,4,6,-76.8511,-93.8408,direct,0.0000,31.2000,-85.2244
360.1,node[9],6,6672.5519,4612.7324,1.8950,18.6929,0.2559,-0.4955,:8601695129_6,-72.7948,3.4390,100.0000,default,20,rsu(346m),2885,89943,0.5547,346,14.6411,6,10,-72.7948,-89.7845,direct,0.0000,30.8000,-85.2223
360.2,node[9],6,6674.1943,4613.6195,1.8950,18.6605,-0.3239,-0.4954,833751137#24,-75.6123,2.8562,100.0000,default,20,rsu(345m),2886,89982,0.4820,345,14.6482,5,8,-75.6123,-92.6020,direct,0.0000,30.8000,-85.2208
360.3,node[9],6,6675.8368,4614.5066,1.8950,18.6613,0.0084,-0.4953,833751137#24,-68.9546,8.3826,100.0000,default,20,rsu(343m),2887,90020,0.9365,343,14.6422,8,14,-68.9546,-85.9443,direct,0.0000,30.8000,-85.2198
360.4,node[9],6,6677.4851,4615.3968,1.8950,18.7269,0.6554,-0.4952,833751137#24,-76.3178,-1.0018,100.0000,default,20,rsu(342m),2888,90059,0.1191,342,14.6361,3,4,-76.3178,-93.3075,direct,0.0000,30.8000,-85.2172
360.5,node[9],6,6679.1341,4616.2874,1.8950,18.7348,0.0798,-0.4952,833751137#24,-76.3319,2.0914,100.0000,default,20,rsu(341m),2889,90098,0.3883,341,14.6430,5,8,-76.3319,-93.3216,direct,0.0000,31.2000,-85.2152
360.6,node[9],6,6680.7845,4617.1789,1.8950,18.7517,0.1688,-0.4952,833751137#24,-75.3555,2.8922,100.0000,default,18,rsu(340m),2890,90137,0.4865,340,14.6369,5,8,-75.3555,-92.3452,direct,0.0000,31.2000,-85.2947
360.7,node[9],6,6682.4338,4618.0696,1.8950,18.7373,-0.1442,-0.4952,833751137#24,-78.1327,-4.0296,100.0000,default,18,rsu(338m),2891,90175,0.0289,338,14.6437,2,2,-78.1327,-95.1224,direct,0.0000,30.8000,-85.2929
360.8,node[9],6,6684.0779,4618.9576,1.8950,18.6801,-0.5721,-0.4952,833751137#24,-84.7375,-5.0000,100.0000,default,18,rsu(337m),2892,90213,0.0180,337,14.6480,2,2,-84.7375,-101.7272,direct,0.0000,30.8000,-85.2910
360.9,node[9],6,6685.7195,4619.8442,1.8950,18.6510,-0.2913,-0.4952,833751137#24,-79.5389,-5.0000,100.0000,default,18,rsu(336m),2893,90252,0.0180,336,14.6418,2,2,-79.5389,-96.5286,direct,0.0000,30.8000,-85.2879
361,node[9],6,6687.3707,4620.7360,1.8950,18.7594,1.0843,-0.4952,833751137#24,-75.1612,2.2109,100.0000,default,18,rsu(335m),2894,90290,0.4026,335,14.6355,5,8,-75.1612,-92.1509,direct,0.0000,30.8000,-85.2858
361.1,node[9],6,6689.0211,4621.6274,1.8950,18.7506,-0.0875,-0.4952,833751137#24,-75.3635,2.6478,100.0000,default,18,rsu(333m),2895,90328,0.4561,333,14.6422,5,8,-75.3635,-92.3532,direct,0.0000,30.4000,-85.2838
361.2,node[9],6,6690.6648,4622.5152,1.8950,18.6751,-0.7552,-0.4952,833751137#24,-77.3574,-0.6843,100.0000,default,18,rsu(332m),2896,90367,0.1368,332,14.6359,4,6,-77.3574,-94.3471,direct,0.0000,30.4000,-85.2806
361.3,node[9],6,6692.3084,4623.4029,1.8950,18.6732,-0.0196,-0.4952,833751137#24,-74.3078,3.7682,100.0000,default,18,rsu(331m),2897,90406,0.5949,331,14.6425,6,10,-74.3078,-91.2975,direct,0.0000,31.2000,-85.2782
361.4,node[9],6,6693.9532,4624.2924,1.8950,18.7089,0.3573,-0.4954,:9549232162_5,-70.2276,7.9276,100.0000,default,18,rsu(330m),2898,90445,0.9216,330,14.6361,8,14,-70.2276,-87.2173,direct,0.0000,31.2000,-85.2757
361.5,node[9],6,6695.5994,4625.1833,1.8950,18.7339,0.2505,-0.4957,:9549232162_5,-76.0235,-0.1545,100.0000,default,18,rsu(329m),2899,90484,0.1712,329,14.6427,4,6,-76.0235,-93.0132,direct,0.0000,31.2000,-85.2732
361.6,node[9],6,6697.2469,4626.0749,1.8950,18.7489,0.1492,-0.4960,:9549232162_5,-71.3922,4.2681,100.0000,default,18,rsu(327m),2900,90523,0.6534,327,14.6363,6,10,-71.3922,-88.3819,direct,0.0000,31.2000,-85.2707
361.7,node[9],6,6698.8936,4626.9660,1.8950,18.7388,-0.1008,-0.4960,:9549232162_5,-76.0977,2.4502,100.0000,default,18,rsu(326m),2901,90561,0.4317,326,14.6428,5,8,-76.0977,-93.0874,direct,0.0000,30.8000,-85.2683
361.8,node[9],6,6700.5413,4627.8577,1.8950,18.7516,0.1287,-0.4960,:9549232162_5,-74.6784,0.2989,100.0000,default,18,rsu(325m),2902,90600,0.2058,325,14.6363,4,6,-74.6784,-91.6681,direct,0.0000,30.8000,-85.2655
361.9,node[9],6,6702.1873,4628.7488,1.8950,18.7224,-0.2928,-0.4961,833751137#25,-73.7440,5.0928,100.0000,default,18,rsu(324m),2903,90639,0.7401,324,14.6416,7,12,-73.7440,-90.7337,direct,0.0000,31.2000,-85.2630
362,node[9],6,6703.8365,4629.6419,1.8950,18.7550,0.3259,-0.4962,833751137#25,-75.8614,-0.0791,100.0000,default,18,rsu(323m),2904,90678,0.1766,323,14.6481,4,6,-75.8614,-92.8511,direct,0.0000,31.2000,-85.2604
362.1,node[9],6,6705.4852,4630.5347,1.8950,18.7489,-0.0610,-0.4963,833751137#25,-75.2614,2.3864,100.0000,default,18,rsu(322m),2905,90717,0.4239,322,14.6404,5,8,-75.2614,-92.2511,direct,0.0000,31.2000,-85.2578
362.2,node[9],6,6707.1247,4631.4225,1.8950,18.6438,-1.0511,-0.4963,833751137#25,-71.6296,7.1358,100.0000,default,18,rsu(321m),2906,90756,0.8877,321,14.6456,8,14,-71.6296,-88.6193,direct,0.0000,31.2000,-85.2552
362.3,node[9],6,6708.7692,4632.3130,1.8950,18.7012,0.5740,-0.4963,833751137#25,-71.1905,4.0800,100.0000,default,18,rsu(319m),2907,90794,0.6318,319,14.6378,6,10,-71.1905,-88.1802,direct,0.0000,30.8000,-85.2526
362.4,node[9],6,6710.4200,4633.2069,1.8950,18.7728,0.7161,-0.4963,833751137#25,-75.9011,0.6627,100.0000,default,18,rsu(318m),2908,90833,0.2371,318,14.6426,4,6,-75.9011,-92.8908,direct,0.0000,30.8000,-85.2501
362.5,node[9],6,6712.0690,4634.0999,1.8950,18.7522,-0.2052,-0.4963,833751137#25,-81.5907,-5.0000,100.0000,default,18,rsu(317m),2909,90871,0.0180,317,14.6440,2,2,-81.5907,-98.5804,direct,0.0000,30.8000,-85.2476
362.6,node[9],6,6713.7155,4634.9915,1.8950,18.7230,-0.2929,-0.4963,833751137#25,-73.9151,0.2221,100.0000,default,17,rsu(316m),2910,90910,0.1996,316,14.6454,4,6,-73.9151,-90.9048,direct,0.0000,30.8000,-85.3203
362.7,node[9],6,6715.3607,4635.8824,1.8950,18.7097,-0.1327,-0.4963,833751137#25,-74.8022,2.4150,100.0000,default,17,rsu(315m),2911,90948,0.4274,315,14.6456,5,8,-74.8022,-91.7919,direct,0.0000,30.8000,-85.3177
362.8,node[9],6,6717.0047,4636.7727,1.8950,18.6949,-0.1475,-0.4963,833751137#25,-73.3531,2.2255,100.0000,default,17,rsu(314m),2912,90987,0.4044,314,14.6444,5,8,-73.3531,-90.3428,direct,0.0000,30.8000,-85.3154
362.9,node[9],6,6718.6485,4637.6628,1.8950,18.6934,-0.0157,-0.4963,833751137#25,-74.0310,3.5483,100.0000,default,17,rsu(313m),2913,91025,0.5681,313,14.6446,6,10,-74.0310,-91.0207,direct,0.0000,30.8000,-85.3128
363,node[9],6,6720.2957,4638.5548,1.8950,18.7308,0.3746,-0.4963,833751137#25,-75.0955,1.9241,100.0000,default,17,rsu(312m),2914,91064,0.3687,312,14.6390,5,8,-75.0955,-92.0852,direct,0.0000,30.8000,-85.3106
363.1,node[9],6,6721.9395,4639.4449,1.8950,18.6937,-0.3716,-0.4963,833751137#25,-81.2854,-2.2039,100.0000,default,17,rsu(311m),2915,91100,0.0690,311,14.6370,3,4,-81.2854,-98.2751,direct,0.0000,30.0000,-85.3114
363.2,node[9],6,6723.5813,4640.3340,1.8950,18.6699,-0.2381,-0.4963,833751137#25,-72.4206,4.4560,100.0000,default,17,rsu(310m),2916,91138,0.6744,310,14.6384,6,10,-72.4206,-89.4103,direct,0.0000,30.0000,-85.3054
363.3,node[9],6,6725.2294,4641.2265,1.8950,18.7424,0.7252,-0.4963,833751137#25,-72.8317,5.1222,100.0000,default,17,rsu(308m),2917,91177,0.7429,308,14.6457,7,12,-72.8317,-89.8214,direct,0.0000,30.8000,-85.3037
363.4,node[9],6,6726.8749,4642.1175,1.8950,18.7123,-0.3010,-0.4963,833751137#25,-82.2553,-5.0000,100.0000,default,17,rsu(307m),2918,91216,0.0180,307,14.6372,2,2,-82.2553,-99.2450,direct,0.0000,30.8000,-85.3014
363.5,node[9],6,6728.5193,4643.0080,1.8950,18.7000,-0.1232,-0.4963,833751137#25,-73.3651,0.9858,100.0000,default,17,rsu(306m),2919,91255,0.2676,306,14.6445,4,6,-73.3651,-90.3548,direct,0.0000,31.2000,-85.2992
363.6,node[9],6,6730.1670,4643.9003,1.8950,18.7373,0.3739,-0.4963,833751137#25,-72.9070,1.1488,100.0000,default,17,rsu(305m),2920,91294,0.2838,305,14.6377,5,8,-72.9070,-89.8967,direct,0.0000,31.2000,-85.2970
363.7,node[9],6,6731.8082,4644.7889,1.8950,18.6617,-0.7569,-0.4963,:9549232151_5,-75.1102,4.2163,100.0000,default,17,rsu(304m),2921,91331,0.6475,304,14.6417,6,10,-75.1102,-92.0999,direct,0.0000,30.4000,-85.2982
363.8,node[9],6,6733.4510,4645.6777,1.8950,18.6696,0.0791,-0.4962,:9549232151_5,-69.1801,5.3352,100.0000,default,17,rsu(303m),2922,91369,0.7627,303,14.6431,7,12,-69.1801,-86.1698,direct,0.0000,30.4000,-85.2922
363.9,node[9],6,6735.0923,4646.5658,1.8950,18.6535,-0.1609,-0.4960,:9549232151_5,-81.3623,-2.2279,100.0000,default,17,rsu(302m),2923,91408,0.0682,302,14.6444,3,4,-81.3623,-98.3520,direct,0.0000,30.8000,-85.2905
364,node[9],6,6736.7424,4647.4586,1.8950,18.7529,0.9942,-0.4960,:9549232151_5,-71.0608,6.6575,100.0000,default,17,rsu(301m),2924,91447,0.8616,301,14.6377,7,12,-71.0608,-88.0505,direct,0.0000,30.8000,-85.2884
364.1,node[9],6,6738.3876,4648.3487,1.8950,18.6968,-0.5611,-0.4960,:9549232151_5,-71.2456,7.6831,100.0000,default,17,rsu(300m),2925,91483,0.9123,300,14.6357,8,14,-71.2456,-88.2353,direct,0.0000,30.0000,-85.2893
364.2,node[9],6,6740.0332,4649.2388,1.8950,18.7020,0.0518,-0.4959,833751137#26,-80.5817,-1.5545,100.0000,default,17,rsu(299m),2926,91520,0.0930,299,14.6434,3,4,-80.5817,-97.5714,direct,0.0000,30.0000,-85.2913
364.3,node[9],6,6741.6785,4650.1260,1.8950,18.6921,-0.0992,-0.4954,833751137#26,-74.4621,3.2531,100.0000,default,17,rsu(298m),2927,91559,0.5316,298,14.6386,6,10,-74.4621,-91.4518,direct,0.0000,30.4000,-85.2823
364.4,node[9],6,6743.3219,4651.0122,1.8950,18.6699,-0.2215,-0.4948,833751137#26,-76.5504,0.7851,100.0000,default,17,rsu(297m),2928,91598,0.2483,297,14.6459,4,6,-76.5504,-93.5401,direct,0.0000,30.4000,-85.2803
364.5,node[9],6,6744.9721,4651.9020,1.8950,18.7484,0.7852,-0.4945,833751137#26,-82.2677,-3.7141,100.0000,default,17,rsu(296m),2929,91637,0.0337,296,14.6439,2,2,-82.2677,-99.2574,direct,0.0000,31.2000,-85.2783
364.6,node[9],6,6746.6171,4652.7891,1.8950,18.6892,-0.5924,-0.4945,833751137#26,-80.1014,-4.0200,100.0000,default,17,rsu(295m),2930,91675,0.0290,295,14.6359,2,2,-80.1014,-97.0911,direct,0.0000,31.2000,-85.2756
364.7,node[9],6,6748.2626,4653.6764,1.8950,18.6946,0.0537,-0.4945,833751137#26,-70.2977,4.9256,100.0000,default,17,rsu(294m),2931,91714,0.7237,294,14.6462,6,10,-70.2977,-87.2874,direct,0.0000,30.8000,-85.2744
364.8,node[9],6,6749.8685,4654.5424,1.8950,18.2446,-4.5000,-0.4945,833751137#26,-70.2547,8.7100,100.0000,default,17,rsu(294m),2932,91752,0.9456,294,14.6374,8,14,-70.2547,-87.2444,direct,0.0000,30.8000,-85.2718
364.9,node[9],6,6751.4348,4655.3870,1.8950,17.7946,-4.5000,-0.4945,833751137#26,-73.2735,3.7789,100.0000,default,17,rsu(293m),2933,91791,0.5962,293,14.6477,6,10,-73.2735,-90.2632,direct,0.0000,30.8000,-85.2709
365,node[9],6,6752.9615,4656.2102,1.8950,17.3446,-4.5000,-0.4945,833751137#26,-79.4967,-3.0331,100.0000,default,17,rsu(292m),2934,91830,0.0467,292,14.6390,2,2,-79.4967,-96.4864,direct,0.0000,30.8000,-85.2692
365.1,node[9],6,6754.4489,4657.0123,1.8950,16.8981,-4.4641,-0.4945,833751137#26,-75.2544,4.1297,100.0000,default,17,rsu(291m),2935,91868,0.6376,291,14.6454,6,10,-75.2544,-92.2441,direct,0.0000,30.8000,-85.2669
365.2,node[9],6,6755.8967,4657.7929,1.8950,16.4481,-4.5000,-0.4945,833751137#26,-71.5681,4.5911,100.0000,default,17,rsu(290m),2936,91907,0.6890,290,14.6423,6,10,-71.5681,-88.5578,direct,0.0000,30.8000,-85.2663
365.3,node[9],6,6757.3048,4658.5523,1.8950,15.9981,-4.5000,-0.4945,833751137#26,-70.8959,4.8861,100.0000,default,17,rsu(289m),2937,91943,0.7197,289,14.6438,6,10,-70.8959,-87.8856,direct,0.0000,30.0000,-85.2670
365.4,node[9],6,6758.6734,4659.2903,1.8950,15.5481,-4.5000,-0.4945,833751137#26,-75.9424,0.2086,100.0000,default,17,rsu(289m),2938,91981,0.1985,289,14.6461,4,6,-75.9424,-92.9321,direct,0.0000,30.0000,-85.2618
365.5,node[9],6,6760.0027,4660.0071,1.8950,15.1019,-4.4621,-0.4945,833751137#26,-77.1466,-2.4871,100.0000,default,17,rsu(288m),2939,92020,0.0605,288,14.6380,3,4,-77.1466,-94.1363,direct,0.0000,30.8000,-85.2625
365.6,node[9],6,6761.2924,4660.7025,1.8950,14.6519,-4.5000,-0.4945,833751137#26,-73.6008,0.3752,100.0000,default,16,rsu(287m),2940,92058,0.2121,287,22.0711,4,6,-73.6008,-90.5905,direct,0.0000,30.8000,-85.3351
365.7,node[9],6,6762.5424,4661.3766,1.8950,14.2019,-4.5000,-0.4945,833751137#26,-70.1694,5.3172,100.0000,default,16,rsu(287m),2941,92097,0.7611,287,22.0679,7,12,-70.1694,-87.1591,direct,0.0000,30.8000,-85.3344
365.8,node[9],6,6763.7529,4662.0293,1.8950,13.7519,-4.5000,-0.4945,833751137#26,-76.8757,2.5084,100.0000,default,16,rsu(286m),2942,92136,0.4389,286,22.0642,5,8,-76.8757,-93.8654,direct,0.0000,30.8000,-85.3328
365.9,node[9],6,6764.9237,4662.6607,1.8950,13.3019,-4.5000,-0.4945,833751137#26,-72.8499,4.7158,100.0000,default,16,rsu(285m),2943,92174,0.7022,285,22.0676,6,10,-72.8499,-89.8396,direct,0.0000,30.8000,-85.3302
366,node[9],6,6766.0549,4663.2707,1.8950,12.8519,-4.5000,-0.4945,833751137#26,-80.8553,-2.1472,100.0000,default,16,rsu(285m),2944,92213,0.0709,285,22.0721,3,4,-80.8553,-97.8450,direct,0.0000,30.8000,-85.3298
366.1,node[9],6,6767.1466,4663.8593,1.8950,12.4019,-4.5000,-0.4945,833751137#26,-78.5115,-0.1566,100.0000,default,16,rsu(284m),2945,92252,0.1710,284,22.0671,4,6,-78.5115,-95.5012,direct,0.0000,31.2000,-85.3284
366.2,node[9],6,6768.1986,4664.4266,1.8950,11.9519,-4.5000,-0.4945,833751137#26,-72.2851,6.3554,100.0000,default,16,rsu(284m),2946,92291,0.8426,284,22.0646,7,12,-72.2851,-89.2748,direct,0.0000,31.2000,-85.3271
366.3,node[9],6,6769.2110,4664.9725,1.8950,11.5019,-4.5000,-0.4945,833751137#26,-70.6500,7.9346,100.0000,default,16,rsu(283m),2947,92329,0.9218,283,22.0668,8,14,-70.6500,-87.6397,direct,0.0000,30.8000,-85.3247
366.4,node[9],6,6770.1838,4665.4971,1.8950,11.0519,-4.5000,-0.4945,833751137#26,-74.1090,0.8472,100.0000,default,16,rsu(283m),2948,92367,0.2542,283,22.0713,4,6,-74.1090,-91.0987,direct,0.0000,30.8000,-85.3224
366.5,node[9],6,6771.1170,4666.0003,1.8950,10.6019,-4.5000,-0.4945,833751137#26,-73.3123,0.7413,100.0000,default,16,rsu(282m),2949,92406,0.2443,282,22.0662,4,6,-73.3123,-90.3020,direct,0.0000,30.8000,-85.3235
366.6,node[9],6,6772.0106,4666.4821,1.8950,10.1519,-4.5000,-0.4945,833751137#26,-73.5949,3.6882,100.0000,default,16,rsu(282m),2950,92445,0.5852,282,22.0609,6,10,-73.5949,-90.5846,direct,0.0000,30.8000,-85.3225
366.7,node[9],6,6772.8645,4666.9426,1.8950,9.7019,-4.5000,-0.4945,833751137#26,-70.7956,5.0183,100.0000,default,16,rsu(281m),2951,92483,0.7329,281,22.0657,7,12,-70.7956,-87.7853,direct,0.0000,30.8000,-85.3204
366.8,node[9],6,6773.6789,4667.3818,1.8950,9.2519,-4.5000,-0.4945,833751137#26,-69.5897,8.7260,100.0000,default,16,rsu(281m),2952,92522,0.9460,281,22.0605,8,14,-69.5897,-86.5794,direct,0.0000,30.8000,-85.3206
366.9,node[9],6,6774.4536,4667.7995,1.8950,8.8019,-4.5000,-0.4945,833751137#26,-75.8493,2.9075,100.0000,default,16,rsu(281m),2953,92561,0.4884,281,22.0673,5,8,-75.8493,-92.8390,direct,0.0000,31.2000,-85.3197
367,node[9],6,6775.1888,4668.1960,1.8950,8.3519,-4.5000,-0.4945,833751137#26,-76.6370,-2.4040,100.0000,default,16,rsu(280m),2954,92600,0.0629,280,22.0650,3,4,-76.6370,-93.6267,direct,0.0000,31.2000,-85.3189
367.1,node[9],6,6775.8843,4668.5710,1.8950,7.9019,-4.5000,-0.4945,833751137#26,-78.6945,0.0383,100.0000,default,16,rsu(280m),2955,92637,0.1853,280,22.0724,4,6,-78.6945,-95.6842,direct,0.0000,30.4000,-85.3195
367.2,node[9],6,6776.5405,4668.9249,1.8950,7.4552,-4.4678,-0.4945,833751137#26,-86.4614,-5.0000,100.0000,default,16,rsu(280m),2956,92676,0.0180,280,22.0662,2,2,-86.4614,-103.4511,direct,0.0000,30.4000,-85.3173
367.3,node[9],6,6777.1571,4669.2574,1.8950,7.0052,-4.5000,-0.4945,833751137#26,-76.6115,-2.0815,100.0000,default,16,rsu(279m),2957,92715,0.0731,279,22.0639,3,4,-76.6115,-93.6012,direct,0.0000,31.2000,-85.3166
367.4,node[9],6,6777.7341,4669.5685,1.8950,6.5552,-4.5000,-0.4945,833751137#26,-72.7770,5.9261,100.0000,default,16,rsu(279m),2958,92754,0.8120,279,22.0617,7,12,-72.7770,-89.7667,direct,0.0000,31.2000,-85.3159
367.5,node[9],6,6778.2715,4669.8583,1.8950,6.1052,-4.5000,-0.4945,833751137#26,-78.1016,-1.6332,100.0000,default,16,rsu(279m),2959,92793,0.0898,279,22.0724,3,4,-78.1016,-95.0913,direct,0.0000,31.2000,-85.3150
367.6,node[9],6,6778.7693,4670.1267,1.8950,5.6552,-4.5000,-0.4945,833751137#26,-71.8196,6.6376,100.0000,default,16,rsu(279m),2960,92832,0.8604,279,22.0702,7,12,-71.8196,-88.8093,direct,0.0000,31.2000,-85.3141
367.7,node[9],6,6779.2274,4670.3737,1.8950,5.2052,-4.5000,-0.4945,833751137#26,-75.0487,-0.9843,100.0000,default,16,rsu(278m),2961,92870,0.1200,278,22.0620,4,6,-75.0487,-92.0384,direct,0.0000,30.8000,-85.3120
367.8,node[9],6,6779.6460,4670.5994,1.8950,4.7552,-4.5000,-0.4945,833751137#26,-72.6338,2.6468,100.0000,default,16,rsu(278m),2962,92909,0.4560,278,22.0598,5,8,-72.6338,-89.6235,direct,0.0000,30.8000,-85.3124
367.9,node[9],6,6780.0249,4670.8038,1.8950,4.3052,-4.5000,-0.4945,833751137#26,-75.7485,-0.8206,100.0000,default,16,rsu(278m),2963,92948,0.1289,278,22.0620,4,6,-75.7485,-92.7382,direct,0.0000,31.2000,-85.3117
368,node[9],6,6780.3643,4670.9868,1.8950,3.8552,-4.5000,-0.4945,833751137#26,-76.1826,2.6622,100.0000,default,16,rsu(278m),2964,92987,0.4579,278,22.0599,5,8,-76.1826,-93.1723,direct,0.0000,31.2000,-85.3109
368.1,node[9],6,6780.6640,4671.1484,1.8950,3.4052,-4.5000,-0.4945,833751137#26,-70.8822,6.2457,100.0000,default,16,rsu(278m),2965,93026,0.8352,278,22.0647,7,12,-70.8822,-87.8719,direct,0.0000,31.2000,-85.3102
368.2,node[9],6,6780.9241,4671.2886,1.8950,2.9552,-4.5000,-0.4945,833751137#26,-72.6576,1.3529,100.0000,default,16,rsu(278m),2966,93065,0.3050,278,22.0717,5,8,-72.6576,-89.6473,direct,0.0000,31.2000,-85.3095
368.3,node[9],6,6781.1446,4671.4076,1.8950,2.5056,-4.4950,-0.4945,833751137#26,-72.3675,3.8341,100.0000,default,17,rsu(277m),2967,93103,0.6028,277,22.0626,6,10,-72.3675,-89.3572,direct,0.0000,30.8000,-85.2327
368.4,node[9],6,6781.3262,4671.5055,1.8950,2.0632,-4.4246,-0.4945,833751137#26,-77.8479,0.9143,100.0000,default,17,rsu(277m),2968,93142,0.2606,277,22.0706,4,6,-77.8479,-94.8376,direct,0.0000,30.8000,-85.2333
368.5,node[9],6,6781.4682,4671.5821,1.8950,1.6132,-4.5000,-0.4945,833751137#26,-76.1522,0.4743,100.0000,default,17,rsu(277m),2969,93181,0.2205,277,22.0686,4,6,-76.1522,-93.1419,direct,0.0000,31.2000,-85.2325
368.6,node[9],6,6781.5706,4671.6373,1.8950,1.1632,-4.5000,-0.4945,833751137#26,-71.0502,6.8067,100.0000,default,17,rsu(277m),2970,93220,0.8703,277,22.0665,7,12,-71.0502,-88.0399,direct,0.0000,31.2000,-85.2318
368.7,node[9],6,6781.6334,4671.6711,1.8950,0.7132,-4.5000,-0.4945,833751137#26,-77.8720,-1.4371,100.0000,default,17,rsu(277m),2971,93259,0.0981,277,22.0632,3,4,-77.8720,-94.8617,direct,0.0000,31.2000,-85.2310
368.8,node[9],6,6781.6580,4671.6844,1.8950,0.2794,-4.3380,-0.4945,833751137#26,-77.0368,-2.1159,100.0000,default,17,rsu(277m),2972,93297,0.0719,277,22.0671,3,4,-77.0368,-94.0265,direct,0.0000,31.2000,-85.2290
368.9,node[9],6,6781.6589,4671.6849,1.8950,0.0105,-2.6893,-0.4945,833751137#26,-74.8077,2.9830,100.0000,default,17,rsu(277m),2973,93336,0.4979,277,22.0622,5,8,-74.8077,-91.7974,direct,0.0000,30.8000,-85.2296
369,node[9],6,6781.6589,4671.6849,1.8950,0.0001,-0.1039,-0.4945,833751137#26,-72.8302,2.5294,100.0000,default,17,rsu(277m),2974,93375,0.4414,277,22.0602,5,8,-72.8302,-89.8199,direct,0.0000,30.8000,-85.2287
369.1,node[9],6,6781.6589,4671.6849,1.8950,0.0000,-0.0007,-0.4945,833751137#26,-72.9080,5.4761,100.0000,default,17,rsu(277m),2975,93413,0.7752,277,22.0652,7,12,-72.9080,-89.8977,direct,0.0000,30.8000,-85.2265
369.2,node[9],6,6781.6589,4671.6849,1.8950,0.0000,0.0000,-0.4945,833751137#26,-74.2135,3.9204,100.0000,default,17,rsu(277m),2976,93452,0.6131,277,22.0693,6,10,-74.2135,-91.2032,direct,0.0000,30.8000,-85.2269
369.3,node[9],6,6781.6589,4671.6849,1.8950,0.0000,0.0000,-0.4945,833751137#26,-75.4065,-1.2709,100.0000,default,17,rsu(277m),2977,93491,0.1057,277,22.0660,3,4,-75.4065,-92.3962,direct,0.0000,31.2000,-85.2256
369.4,node[9],6,6781.6589,4671.6849,1.8950,0.0000,0.0000,-0.4945,833751137#26,-71.7354,4.7862,100.0000,default,17,rsu(277m),2978,93528,0.7095,277,22.0709,6,10,-71.7354,-88.7251,direct,0.0000,31.2000,-85.2244
369.5,node[9],6,6781.6589,4671.6849,1.8950,0.0000,0.0000,-0.4945,833751137#26,-73.1736,2.1177,100.0000,default,17,rsu(277m),2979,93567,0.3915,277,22.0629,5,8,-73.1736,-90.1633,direct,0.0000,30.4000,-85.2227
369.6,node[9],6,6781.6589,4671.6849,1.8950,0.0000,0.0000,-0.4945,833751137#26,-77.6227,-3.1425,100.0000,default,17,rsu(277m),2980,93604,0.0443,277,22.0679,2,2,-77.6227,-94.6124,direct,0.0000,30.4000,-85.2213
369.7,node[9],6,6781.6589,4671.6849,1.8950,0.0000,0.0000,-0.4945,833751137#26,-77.8442,-0.8794,100.0000,default,17,rsu(277m),2981,93643,0.1257,277,22.0721,4,6,-77.8442,-94.8339,direct,0.0000,30.4000,-85.2195
369.8,node[9],6,6781.6589,4671.6849,1.8950,0.0000,0.0000,-0.4945,833751137#26,-75.2918,-0.8184,100.0000,default,17,rsu(277m),2982,93682,0.1291,277,22.0643,4,6,-75.2918,-92.2815,direct,0.0000,30.4000,-85.2178
369.9,node[9],6,6781.6589,4671.6849,1.8950,0.0000,0.0000,-0.4945,833751137#26,-71.2737,7.3838,100.0000,default,17,rsu(277m),2983,93721,0.8995,277,22.0668,8,14,-71.2737,-88.2634,direct,0.0000,31.2000,-85.2160
370,node[9],6,6781.6589,4671.6849,1.8950,0.0000,0.0000,-0.4945,833751137#26,-78.1244,-3.7217,100.0000,default,17,rsu(277m),2984,93759,0.0335,277,22.0721,2,2,-78.1244,-95.1141,direct,0.0000,31.2000,-85.2128
370.1,node[9],6,6781.6589,4671.6849,1.8950,0.0000,0.0000,-0.4945,833751137#26,-72.9665,5.6429,100.0000,default,17,rsu(277m),2985,93798,0.7894,277,22.0704,7,12,-72.9665,-89.9562,direct,0.0000,30.8000,-85.2121
370.2,node[9],6,6781.6589,4671.6849,1.8950,0.0000,0.0000,-0.4945,833751137#26,-73.6656,4.6336,100.0000,default,17,rsu(277m),2986,93837,0.6936,277,22.0618,6,10,-73.6656,-90.6553,direct,0.0000,30.8000,-85.2100
370.3,node[9],6,6781.6589,4671.6849,1.8950,0.0000,0.0000,-0.4945,833751137#26,-72.4547,5.1878,100.0000,default,17,rsu(277m),2987,93875,0.7491,277,22.0645,7,12,-72.4547,-89.4444,direct,0.0000,30.8000,-85.2066
370.4,node[9],6,6781.6589,4671.6849,1.8950,0.0000,0.0000,-0.4945,833751137#26,-78.8160,-4.7775,100.0000,default,17,rsu(277m),2988,93914,0.0201,277,22.0699,2,2,-78.8160,-95.8057,direct,0.0000,30.8000,-85.2056
370.5,node[9],6,6781.6589,4671.6849,1.8950,0.0000,0.0000,-0.4945,833751137#26,-77.3251,0.6321,100.0000,default,17,rsu(277m),2989,93953,0.2343,277,22.0683,4,6,-77.3251,-94.3148,direct,0.0000,31.2000,-85.2032
370.6,node[9],6,6781.6589,4671.6849,1.8950,0.0000,0.0000,-0.4945,833751137#26,-69.8260,8.8268,100.0000,default,16,rsu(277m),2990,93992,0.9485,277,22.0668,8,14,-69.8260,-86.8157,direct,0.0000,31.2000,-85.2754
370.7,node[9],6,6781.6589,4671.6849,1.8950,0.0000,0.0000,-0.4945,833751137#26,-82.1638,-5.0000,100.0000,default,16,rsu(277m),2991,94031,0.0180,277,22.0625,2,2,-82.1638,-99.1535,direct,0.0000,31.2000,-85.2728
370.8,node[9],6,6781.6589,4671.6849,1.8950,0.0000,0.0000,-0.4945,833751137#26,-74.8849,2.0349,100.0000,default,16,rsu(277m),2992,94068,0.3816,277,22.0707,5,8,-74.8849,-91.8746,direct,0.0000,31.2000,-85.2702
370.9,node[9],6,6781.6589,4671.6849,1.8950,0.0000,0.0000,-0.4945,833751137#26,-77.8135,-3.0763,100.0000,default,16,rsu(277m),2993,94105,0.0457,277,22.0614,2,2,-77.8135,-94.8032,direct,0.0000,29.6000,-85.2675
371,node[9],6,6781.6589,4671.6849,1.8950,0.0000,0.0000,-0.4945,833751137#26,-79.3237,-4.1090,100.0000,default,16,rsu(277m),2994,94143,0.0278,277,22.0617,2,2,-79.3237,-96.3134,direct,0.0000,29.6000,-85.2628
371.1,node[9],6,6781.6589,4671.6849,1.8950,0.0000,0.0000,-0.4945,833751137#26,-75.5486,3.6552,100.0000,default,16,rsu(277m),2995,94182,0.5812,277,22.0620,6,10,-75.5486,-92.5383,direct,0.0000,30.8000,-85.2609
371.2,node[9],6,6781.6589,4671.6849,1.8950,0.0000,0.0000,-0.4945,833751137#26,-87.0856,-5.0000,100.0000,default,16,rsu(277m),2996,94221,0.0180,277,22.0692,2,2,-87.0856,-104.0753,direct,0.0000,30.8000,-85.2576
371.3,node[9],6,6781.6589,4671.6849,1.8950,0.0000,0.0000,-0.4945,833751137#26,-72.6460,5.1436,100.0000,default,16,rsu(277m),2997,94259,0.7449,277,22.0704,7,12,-72.6460,-89.6357,direct,0.0000,30.8000,-85.2529
371.4,node[9],6,6781.6589,4671.6849,1.8950,0.0000,0.0000,-0.4945,833751137#26,-90.5215,-5.0000,100.0000,default,16,rsu(277m),2998,94298,0.0180,277,22.0716,2,2,-90.5215,-107.5112,direct,0.0000,30.8000,-85.2506
371.5,node[9],6,6781.6589,4671.6849,1.8950,0.0000,0.0000,-0.4945,833751137#26,-76.9195,-2.8713,100.0000,default,16,rsu(277m),2999,94337,0.0504,277,22.0631,3,4,-76.9195,-93.9092,direct,0.0000,31.2000,-85.2469
371.6,node[9],6,6781.6589,4671.6849,1.8950,0.0000,0.0000,-0.4945,833751137#26,-73.8623,1.6299,100.0000,default,16,rsu(277m),3000,94375,0.3351,277,22.0643,5,8,-73.8623,-90.8520,direct,0.0000,31.2000,-85.2418
371.7,node[9],6,6781.6589,4671.6849,1.8950,0.0000,0.0000,-0.4945,833751137#26,-72.2977,5.6461,100.0000,default,16,rsu(277m),3001,94413,0.7897,277,22.0657,7,12,-72.2977,-89.2874,direct,0.0000,30.4000,-85.2365
371.8,node[9],6,6781.6589,4671.6849,1.8950,0.0000,0.0000,-0.4945,833751137#26,-75.8327,0.4285,100.0000,default,16,rsu(277m),3002,94452,0.2166,277,22.0670,4,6,-75.8327,-92.8224,direct,0.0000,30.4000,-85.2349
371.9,node[9],6,6781.6589,4671.6849,1.8950,0.0000,0.0000,-0.4945,833751137#26,-83.9594,-5.0000,100.0000,default,16,rsu(277m),3003,94491,0.0180,277,22.0715,2,2,-83.9594,-100.9491,direct,0.0000,31.2000,-85.2305
372,node[9],6,6781.6589,4671.6849,1.8950,0.0000,0.0000,-0.4945,833751137#26,-71.5026,6.5915,100.0000,default,16,rsu(277m),3004,94530,0.8576,277,22.0660,7,12,-71.5026,-88.4923,direct,0.0000,31.2000,-85.2260
372.1,node[9],6,6781.6589,4671.6849,1.8950,0.0000,0.0000,-0.4945,833751137#26,-74.9868,-0.3313,100.0000,default,16,rsu(277m),3005,94568,0.1590,277,22.0674,4,6,-74.9868,-91.9765,direct,0.0000,30.8000,-85.2201
372.2,node[9],6,6781.6589,4671.6849,1.8950,0.0000,0.0000,-0.4945,833751137#26,-72.6555,3.4839,100.0000,default,16,rsu(277m),3006,94604,0.5602,277,22.0655,6,10,-72.6555,-89.6452,direct,0.0000,30.8000,-85.2143
372.3,node[9],6,6781.6589,4671.6849,1.8950,0.0000,0.0000,-0.4945,833751137#26,-66.6210,12.6481,100.0000,default,16,rsu(277m),3007,94643,0.9920,277,22.0723,10,18,-66.6210,-83.6107,direct,0.0000,30.0000,-85.2115
372.4,node[9],6,6781.6589,4671.6849,1.8950,0.0000,0.0000,-0.4945,833751137#26,-69.0248,8.0406,100.0000,default,16,rsu(277m),3008,94682,0.9256,277,22.0614,8,14,-69.0248,-86.0145,direct,0.0000,30.0000,-85.2062
372.5,node[9],6,6781.6589,4671.6849,1.8950,0.0000,0.0000,-0.4945,833751137#26,-73.0886,6.1377,100.0000,default,16,rsu(277m),3009,94721,0.8276,277,22.0689,7,12,-73.0886,-90.0783,direct,0.0000,31.2000,-85.2008
372.6,node[9],6,6781.6589,4671.6849,1.8950,0.0000,0.0000,-0.4945,833751137#26,-75.7681,2.8637,100.0000,default,15,rsu(277m),3010,94760,0.4830,277,22.0705,5,8,-75.7681,-92.7578,direct,0.0000,31.2000,-85.2694
372.7,node[9],6,6781.6589,4671.6849,1.8950,0.0000,0.0000,-0.4945,833751137#26,-84.0083,-5.0000,100.0000,default,15,rsu(277m),3011,94798,0.0180,277,22.0721,2,2,-84.0083,-100.9980,direct,0.0000,30.8000,-85.2623
372.8,node[9],6,6781.6589,4671.6849,1.8950,0.0000,0.0000,-0.4945,833751137#26,-76.0147,0.4595,100.0000,default,15,rsu(277m),3012,94835,0.2192,277,22.0633,4,6,-76.0147,-93.0044,direct,0.0000,30.8000,-85.2577
372.9,node[9],6,6781.6589,4671.6849,1.8950,0.0000,0.0000,-0.4945,833751137#26,-70.5471,4.3781,100.0000,default,15,rsu(277m),3013,94874,0.6658,277,22.0710,6,10,-70.5471,-87.5368,direct,0.0000,30.4000,-85.2510
373,node[9],6,6781.6589,4671.6849,1.8950,0.0000,0.0000,-0.4945,833751137#26,-76.9561,-1.5831,100.0000,default,15,rsu(277m),3014,94913,0.0918,277,22.0650,3,4,-76.9561,-93.9458,direct,0.0000,30.4000,-85.2444
373.1,node[9],6,6781.6589,4671.6849,1.8950,0.0000,0.0000,-0.4945,833751137#26,-81.5562,-2.4791,100.0000,default,15,rsu(277m),3015,94950,0.0607,277,22.0633,3,4,-81.5562,-98.5459,direct,0.0000,30.4000,-85.2380
373.2,node[9],6,6781.6589,4671.6849,1.8950,0.0000,0.0000,-0.4945,833751137#26,-75.6660,3.6445,100.0000,default,15,rsu(277m),3016,94988,0.5799,277,22.0650,6,10,-75.6660,-92.6557,direct,0.0000,30.4000,-85.2294
373.3,node[9],6,6781.6589,4671.6849,1.8950,0.0000,0.0000,-0.4945,833751137#26,-83.4823,-5.0000,100.0000,default,15,rsu(277m),3017,95027,0.0180,277,22.0598,2,2,-83.4823,-100.4720,direct,0.0000,30.8000,-85.2233
373.4,node[9],6,6781.6589,4671.6849,1.8950,0.0000,0.0000,-0.4945,833751137#26,-74.5876,1.4141,100.0000,default,15,rsu(277m),3018,95066,0.3115,277,22.0609,5,8,-74.5876,-91.5773,direct,0.0000,30.8000,-85.2158
373.5,node[9],6,6781.6589,4671.6849,1.8950,0.0000,0.0000,-0.4945,833751137#26,-76.9883,-1.4366,100.0000,default,15,rsu(277m),3019,95103,0.0981,277,22.0625,3,4,-76.9883,-93.9780,direct,0.0000,30.4000,-85.2084
373.6,node[9],6,6781.6589,4671.6849,1.8950,0.0000,0.0000,-0.4945,833751137#26,-80.4438,-2.1606,100.0000,default,15,rsu(277m),3020,95141,0.0704,277,22.0643,3,4,-80.4438,-97.4335,direct,0.0000,30.4000,-85.1988
373.7,node[9],6,6781.6589,4671.6849,1.8950,0.0000,0.0000,-0.4945,833751137#26,-76.7349,-1.9795,100.0000,default,15,rsu(277m),3021,95178,0.0766,277,22.0660,3,4,-76.7349,-93.7246,direct,0.0000,30.0000,-85.1919
373.8,node[9],6,6781.6589,4671.6849,1.8950,0.0000,0.0000,-0.4945,833751137#26,-71.7880,4.9316,100.0000,default,15,rsu(277m),3022,95215,0.7243,277,22.0705,6,10,-71.7880,-88.7777,direct,0.0000,30.0000,-85.1837
373.9,node[9],6,6781.6589,4671.6849,1.8950,0.0000,0.0000,-0.4945,833751137#26,-71.0607,3.2654,100.0000,default,15,rsu(277m),3023,95254,0.5331,277,22.0654,6,10,-71.0607,-88.0504,direct,0.0000,30.4000,-85.1740
374,node[9],6,6781.6589,4671.6849,1.8950,0.0000,0.0000,-0.4945,833751137#26,-75.4174,2.8867,100.0000,default,15,rsu(277m),3024,95293,0.4858,277,22.0673,5,8,-75.4174,-92.4071,direct,0.0000,30.4000,-85.1647
374.1,node[9],6,6781.6589,4671.6849,1.8950,0.0000,0.0000,-0.4945,833751137#26,-77.6426,1.0969,100.0000,default,15,rsu(277m),3025,95332,0.2786,277,22.0693,5,8,-77.6426,-94.6323,direct,0.0000,31.2000,-85.1551
374.2,node[9],6,6781.6589,4671.6849,1.8950,0.0000,0.0000,-0.4945,833751137#26,-69.6145,9.1683,100.0000,default,15,rsu(277m),3026,95370,0.9562,277,22.0629,9,16,-69.6145,-86.6042,direct,0.0000,31.2000,-85.1441
374.3,node[9],6,6781.6589,4671.6849,1.8950,0.0000,0.0000,-0.4945,833751137#26,-72.1226,6.6796,100.0000,default,15,rsu(277m),3027,95407,0.8629,277,22.0695,7,12,-72.1226,-89.1123,direct,0.0000,30.0000,-85.1354
374.4,node[9],6,6781.6589,4671.6849,1.8950,0.0000,0.0000,-0.4945,833751137#26,-73.5206,4.9043,100.0000,default,15,rsu(277m),3028,95446,0.7215,277,22.0653,6,10,-73.5206,-90.5103,direct,0.0000,30.0000,-85.1244
374.5,node[9],6,6781.6589,4671.6849,1.8950,0.0000,0.0000,-0.4945,833751137#26,-78.7720,-0.6755,100.0000,default,15,rsu(277m),3029,95485,0.1373,277,22.0636,4,6,-78.7720,-95.7617,direct,0.0000,31.2000,-85.1135
374.6,node[9],6,6781.6589,4671.6849,1.8950,0.0000,0.0000,-0.4945,833751137#26,-71.6270,7.4958,100.0000,default,14,rsu(277m),3030,95522,0.9045,277,22.0720,8,14,-71.6270,-88.6167,direct,0.0000,31.2000,-85.1753
374.7,node[9],6,6781.6589,4671.6849,1.8950,0.0000,0.0000,-0.4945,833751137#26,-76.1142,1.6181,100.0000,default,14,rsu(277m),3031,95561,0.3338,277,22.0708,5,8,-76.1142,-93.1039,direct,0.0000,30.4000,-85.1629
374.8,node[9],6,6781.6589,4671.6849,1.8950,0.0000,0.0000,-0.4945,833751137#26,-73.8023,1.3775,100.0000,default,14,rsu(277m),3032,95600,0.3076,277,22.0697,5,8,-73.8023,-90.7920,direct,0.0000,30.4000,-85.1506
374.9,node[9],6,6781.6589,4671.6849,1.8950,0.0000,0.0000,-0.4945,833751137#26,-73.9276,0.8930,100.0000,default,14,rsu(277m),3033,95639,0.2586,277,22.0621,4,6,-73.9276,-90.9173,direct,0.0000,31.2000,-85.1380
375,node[9],6,6781.6589,4671.6849,1.8950,0.0000,0.0000,-0.4945,833751137#26,-74.5307,1.8499,100.0000,default,14,rsu(277m),3034,95678,0.3601,277,22.0680,5,8,-74.5307,-91.5204,direct,0.0000,31.2000,-85.1248
375.1,node[9],6,6781.6589,4671.6849,1.8950,0.0000,0.0000,-0.4945,833751137#26,-72.9791,5.4907,100.0000,default,14,rsu(277m),3035,95716,0.7765,277,22.0610,7,12,-72.9791,-89.9688,direct,0.0000,30.8000,-85.1101
375.2,node[9],6,6781.6589,4671.6849,1.8950,0.0000,0.0000,-0.4945,833751137#26,-71.9251,6.4072,100.0000,default,14,rsu(277m),3036,95755,0.8460,277,22.0599,7,12,-71.9251,-88.9148,direct,0.0000,30.8000,-85.0971
375.3,node[9],6,6781.6589,4671.6849,1.8950,0.0000,0.0000,-0.4945,833751137#26,-76.0436,0.6808,100.0000,default,14,rsu(277m),3037,95794,0.2387,277,22.0687,4,6,-76.0436,-93.0333,direct,0.0000,31.2000,-85.0826
375.4,node[9],6,6781.6589,4671.6849,1.8950,0.0000,0.0000,-0.4945,833751137#26,-71.3268,6.0451,100.0000,default,14,rsu(277m),3038,95833,0.8209,277,22.0677,7,12,-71.3268,-88.3165,direct,0.0000,31.2000,-85.0676
375.5,node[9],6,6781.6589,4671.6849,1.8950,0.0000,0.0000,-0.4945,833751137#26,-76.7480,1.4323,100.0000,default,14,rsu(277m),3039,95869,0.3135,277,22.0704,5,8,-76.7480,-93.7377,direct,0.0000,30.0000,-85.0515
375.6,node[9],6,6781.6589,4671.6849,1.8950,0.0000,0.0000,-0.4945,833751137#26,-70.1312,8.3815,100.0000,default,14,rsu(277m),3040,95907,0.9365,277,22.0632,8,14,-70.1312,-87.1209,direct,0.0000,30.0000,-85.0339
375.7,node[9],6,6781.6589,4671.6849,1.8950,0.0000,0.0000,-0.4945,833751137#26,-73.3697,4.3381,100.0000,default,14,rsu(277m),3041,95943,0.6613,277,22.0609,6,10,-73.3697,-90.3594,direct,0.0000,29.6000,-85.0168
375.8,node[9],6,6781.6589,4671.6849,1.8950,0.0000,0.0000,-0.4945,833751137#26,-76.9805,1.9019,100.0000,default,14,rsu(277m),3042,95982,0.3661,277,22.0651,5,8,-76.9805,-93.9702,direct,0.0000,29.6000,-85.0019
375.9,node[9],6,6781.6589,4671.6849,1.8950,0.0000,0.0000,-0.4945,833751137#26,-73.5501,3.1682,100.0000,default,14,rsu(277m),3043,96020,0.5210,277,22.0662,6,10,-73.5501,-90.5398,direct,0.0000,30.8000,-84.9831
376,node[9],6,6781.6589,4671.6849,1.8950,0.0000,0.0000,-0.4945,833751137#26,-73.9879,3.3747,100.0000,default,14,rsu(277m),3044,96056,0.5467,277,22.0641,6,10,-73.9879,-90.9776,direct,0.0000,30.8000,-84.9643
376.1,node[9],6,6781.6589,4671.6849,1.8950,0.0000,0.0000,-0.4945,833751137#26,-80.2261,-3.1682,100.0000,default,14,rsu(277m),3045,96095,0.0438,277,22.0684,2,2,-80.2261,-97.2158,direct,0.0000,30.0000,-84.9464
376.2,node[9],6,6781.6589,4671.6849,1.8950,0.0000,0.0000,-0.4945,833751137#26,-76.2905,1.7249,100.0000,default,14,rsu(277m),3046,96134,0.3458,277,22.0602,5,8,-76.2905,-93.2802,direct,0.0000,30.0000,-84.9266
376.3,node[9],6,6781.6589,4671.6849,1.8950,0.0000,0.0000,-0.4945,833751137#26,-74.0641,4.0814,100.0000,default,14,rsu(277m),3047,96171,0.6320,277,22.0641,6,10,-74.0641,-91.0538,direct,0.0000,30.4000,-84.9067
376.4,node[9],6,6781.6589,4671.6849,1.8950,0.0000,0.0000,-0.4945,833751137#26,-87.2339,-5.0000,100.0000,default,14,rsu(277m),3048,96210,0.0180,277,22.0712,2,2,-87.2339,-104.2236,direct,0.0000,30.4000,-84.8849
376.5,node[9],6,6781.6589,4671.6849,1.8950,0.0000,0.0000,-0.4945,833751137#26,-74.3243,2.4189,100.0000,default,14,rsu(277m),3049,96249,0.4279,277,22.0595,5,8,-74.3243,-91.3140,direct,0.0000,31.2000,-84.8629
376.6,node[9],6,6781.6589,4671.6849,1.8950,0.0000,0.0000,-0.4945,833751137#26,-70.4165,7.4752,100.0000,default,14,rsu(277m),3050,96288,0.9036,277,22.0609,8,14,-70.4165,-87.4062,direct,0.0000,31.2000,-84.8402
376.7,node[9],6,6781.6589,4671.6849,1.8950,0.0000,0.0000,-0.4945,833751137#26,-73.1551,4.3086,100.0000,default,14,rsu(277m),3051,96327,0.6580,277,22.0680,6,10,-73.1551,-90.1448,direct,0.0000,31.2000,-84.8166
376.8,node[9],6,6781.6589,4671.6849,1.8950,0.0000,0.0000,-0.4945,833751137#26,-72.1478,1.7214,100.0000,default,14,rsu(277m),3052,96365,0.3454,277,22.0695,5,8,-72.1478,-89.1375,direct,0.0000,31.2000,-84.7915
376.9,node[9],6,6781.6589,4671.6849,1.8950,0.0000,0.0000,-0.4945,833751137#26,-75.7027,3.1340,100.0000,default,14,rsu(277m),3053,96401,0.5167,277,22.0676,6,10,-75.7027,-92.6924,direct,0.0000,29.6000,-84.7661
377,node[9],6,6781.6589,4671.6849,1.8950,0.0000,0.0000,-0.4945,833751137#26,-70.5413,5.8964,100.0000,default,14,rsu(277m),3054,96440,0.8097,277,22.0670,7,12,-70.5413,-87.5310,direct,0.0000,29.6000,-84.7409
377.1,node[9],6,6781.6589,4671.6849,1.8950,0.0000,0.0000,-0.4945,833751137#26,-69.4634,6.2034,100.0000,default,14,rsu(277m),3055,96477,0.8323,277,22.0631,7,12,-69.4634,-86.4531,direct,0.0000,30.4000,-84.7144
377.2,node[9],6,6781.6589,4671.6849,1.8950,0.0000,0.0000,-0.4945,833751137#26,-68.8455,9.9563,100.0000,default,14,rsu(277m),3056,96517,0.9701,277,22.0654,9,16,-68.8455,-85.8352,direct,0.0000,30.4000,-84.6858
377.3,node[9],6,6781.6589,4671.6849,1.8950,0.0000,0.0000,-0.4945,833751137#26,-71.4163,5.9810,100.0000,default,14,rsu(277m),3057,96557,0.8162,277,22.0702,7,12,-71.4163,-88.4060,direct,0.0000,32.0000,-84.6567
377.4,node[9],6,6781.6589,4671.6849,1.8950,0.0000,0.0000,-0.4945,833751137#26,-71.4142,7.2582,100.0000,default,14,rsu(277m),3058,96595,0.8937,277,22.0656,8,14,-71.4142,-88.4039,direct,0.0000,32.0000,-84.6271
377.5,node[9],6,6781.6589,4671.6849,1.8950,0.0000,0.0000,-0.4945,833751137#26,-85.1776,-5.0000,100.0000,default,14,rsu(277m),3059,96633,0.0180,277,22.0671,2,2,-85.1776,-102.1673,direct,0.0000,30.4000,-84.5964
377.6,node[9],6,6781.6589,4671.6849,1.8950,0.0000,0.0000,-0.4945,833751137#26,-74.6738,0.0747,100.0000,default,14,rsu(277m),3060,96673,0.1881,277,22.0659,4,6,-74.6738,-91.6635,direct,0.0000,30.4000,-84.5628
377.7,node[9],6,6781.6589,4671.6849,1.8950,0.0000,0.0000,-0.4945,833751137#26,-74.6871,1.6217,100.0000,default,14,rsu(277m),3061,96713,0.3342,277,22.0708,5,8,-74.6871,-91.6768,direct,0.0000,32.0000,-84.5290
377.8,node[9],6,6781.6589,4671.6849,1.8950,0.0000,0.0000,-0.4945,833751137#26,-76.7934,-1.2766,100.0000,default,15,rsu(277m),3062,96751,0.1054,277,22.0723,3,4,-76.7934,-93.7831,direct,0.0000,32.0000,-84.4325
377.9,node[9],6,6781.6589,4671.6849,1.8950,0.0000,0.0000,-0.4945,833751137#26,-68.7645,9.0138,100.0000,default,15,rsu(277m),3063,96789,0.9529,277,22.0710,9,16,-68.7645,-85.7542,direct,0.0000,30.4000,-84.3972
378,node[9],6,6781.6589,4671.6849,1.8950,0.0000,0.0000,-0.4945,833751137#26,-71.1651,8.1697,100.0000,default,15,rsu(277m),3064,96829,0.9299,277,22.0707,8,14,-71.1651,-88.1548,direct,0.0000,30.4000,-84.3585
378.1,node[9],6,6781.6589,4671.6849,1.8950,0.0000,0.0000,-0.4945,833751137#26,-80.2603,-3.2367,100.0000,default,15,rsu(277m),3065,96869,0.0424,277,22.0626,2,2,-80.2603,-97.2500,direct,0.0000,32.0000,-84.3196
378.2,node[9],6,6781.6589,4671.6849,1.8950,0.0000,0.0000,-0.4945,833751137#26,-73.4717,5.8858,100.0000,default,15,rsu(277m),3066,96909,0.8089,277,22.0676,7,12,-73.4717,-90.4614,direct,0.0000,32.0000,-84.2792
378.3,node[9],6,6781.6589,4671.6849,1.8950,0.0000,0.0000,-0.4945,833751137#26,-72.3931,5.2772,100.0000,default,15,rsu(277m),3067,96949,0.7574,277,22.0596,7,12,-72.3931,-89.3828,direct,0.0000,32.0000,-84.2374
378.4,node[9],6,6781.6589,4671.6849,1.8950,0.0000,0.0000,-0.4945,833751137#26,-73.5457,2.0887,100.0000,default,15,rsu(277m),3068,96989,0.3880,277,22.0646,5,8,-73.5457,-90.5354,direct,0.0000,32.0000,-84.1939
378.5,node[9],6,6781.6589,4671.6849,1.8950,0.0000,0.0000,-0.4945,833751137#26,-93.0910,-5.0000,100.0000,default,15,rsu(277m),3069,97029,0.0180,277,22.0636,2,2,-93.0910,-110.0807,direct,0.0000,32.0000,-84.1487
378.6,node[9],6,6781.6589,4671.6849,1.8950,0.0000,0.0000,-0.4945,833751137#26,-72.8424,5.4132,100.0000,default,15,rsu(277m),3070,97067,0.7697,277,22.0652,7,12,-72.8424,-89.8321,direct,0.0000,32.0000,-84.1023
378.7,node[9],6,6781.6589,4671.6849,1.8950,0.0000,0.0000,-0.4945,833751137#26,-75.6617,1.1520,100.0000,default,15,rsu(277m),3071,97107,0.2841,277,22.0674,5,8,-75.6617,-92.6514,direct,0.0000,31.2000,-84.0528
378.8,node[9],6,6781.6589,4671.6849,1.8950,0.0000,0.0000,-0.4945,833751137#26,-82.8170,-4.8848,100.0000,default,15,rsu(277m),3072,97147,0.0190,277,22.0666,2,2,-82.8170,-99.8067,direct,0.0000,31.2000,-84.0021
378.9,node[9],6,6781.6589,4671.6849,1.8950,0.0000,0.0000,-0.4945,833751137#26,-81.6703,-4.9031,100.0000,default,15,rsu(277m),3073,97187,0.0189,277,22.0716,2,2,-81.6703,-98.6600,direct,0.0000,32.0000,-83.9493
379,node[9],6,6781.6589,4671.6849,1.8950,0.0000,0.0000,-0.4945,833751137#26,-71.8827,3.5642,100.0000,default,15,rsu(277m),3074,97227,0.5701,277,22.0707,6,10,-71.8827,-88.8724,direct,0.0000,32.0000,-83.8942
379.1,node[9],6,6781.6589,4671.6849,1.8950,0.0000,0.0000,-0.4945,833751137#26,-80.7598,-3.3913,100.0000,default,15,rsu(277m),3075,97266,0.0393,277,22.0699,2,2,-80.7598,-97.7495,direct,0.0000,31.6000,-83.8367
379.2,node[9],6,6781.6589,4671.6849,1.8950,0.0000,0.0000,-0.4945,833751137#26,-74.5467,0.8469,100.0000,default,15,rsu(277m),3076,97304,0.2542,277,22.0716,4,6,-74.5467,-91.5364,direct,0.0000,31.6000,-83.7782
379.3,node[9],6,6781.6589,4671.6849,1.8950,0.0000,0.0000,-0.4945,833751137#26,-76.8132,-0.1816,100.0000,default,15,rsu(277m),3077,97344,0.1693,277,22.0614,4,6,-76.8132,-93.8029,direct,0.0000,31.2000,-83.7157
379.4,node[9],6,6781.6589,4671.6849,1.8950,0.0000,0.0000,-0.4945,833751137#26,-74.3777,2.8318,100.0000,default,15,rsu(277m),3078,97381,0.4790,277,22.0701,5,8,-74.3777,-91.3674,direct,0.0000,31.2000,-83.6512
379.5,node[9],6,6781.6589,4671.6849,1.8950,0.0000,0.0000,-0.4945,833751137#26,-75.4395,-0.5007,100.0000,default,15,rsu(277m),3079,97421,0.1480,277,22.0624,4,6,-75.4395,-92.4292,direct,0.0000,30.8000,-83.5836
379.6,node[9],6,6781.6589,4671.6849,1.8950,0.0000,0.0000,-0.4945,833751137#26,-84.8398,-5.0000,100.0000,default,15,rsu(277m),3080,97461,0.0180,277,22.0616,2,2,-84.8398,-101.8295,direct,0.0000,30.8000,-83.5133
379.7,node[9],6,6781.6589,4671.6849,1.8950,0.0000,0.0000,-0.4945,833751137#26,-77.7133,0.9236,100.0000,default,15,rsu(277m),3081,97499,0.2615,277,22.0634,4,6,-77.7133,-94.7030,direct,0.0000,31.2000,-83.4405
379.8,node[9],6,6781.6589,4671.6849,1.8950,0.0000,0.0000,-0.4945,833751137#26,-76.2540,0.5229,100.0000,default,15,rsu(277m),3082,97538,0.2247,277,22.0626,4,6,-76.2540,-93.2437,direct,0.0000,31.2000,-83.3631
379.9,node[9],6,6781.6589,4671.6849,1.8950,0.0000,0.0000,-0.4945,833751137#26,-83.2194,-4.4257,100.0000,default,15,rsu(277m),3083,97577,0.0238,277,22.0618,2,2,-83.2194,-100.2091,direct,0.0000,31.2000,-83.2829
380,node[9],6,6781.6589,4671.6849,1.8950,0.0000,0.0000,-0.4945,833751137#26,-69.5336,7.2099,100.0000,default,15,rsu(277m),3084,97617,0.8914,277,22.0672,8,14,-69.5336,-86.5233,direct,0.0000,31.2000,-83.2000
380.1,node[9],6,6781.6589,4671.6849,1.8950,0.0000,0.0000,-0.4945,833751137#26,-71.4321,7.0725,100.0000,default,15,rsu(277m),3085,97656,0.8845,277,22.0666,8,14,-71.4321,-88.4218,direct,0.0000,31.6000,-83.1127
380.2,node[9],6,6781.6589,4671.6849,1.8950,0.0000,0.0000,-0.4945,833751137#26,-74.8729,1.8371,100.0000,default,15,rsu(277m),3086,97696,0.3586,277,22.0718,5,8,-74.8729,-91.8626,direct,0.0000,31.6000,-83.0216
380.3,node[9],6,6781.6589,4671.6849,1.8950,0.0000,0.0000,-0.4945,833751137#26,-72.8987,1.5215,100.0000,default,15,rsu(277m),3087,97736,0.3232,277,22.0711,5,8,-72.8987,-89.8884,direct,0.0000,32.0000,-82.9260
380.4,node[9],6,6781.6589,4671.6849,1.8950,0.0000,0.0000,-0.4945,833751137#26,-75.4636,2.4109,100.0000,default,15,rsu(277m),3088,97776,0.4269,277,22.0633,5,8,-75.4636,-92.4533,direct,0.0000,32.0000,-82.8264
380.5,node[9],6,6781.6589,4671.6849,1.8950,0.0000,0.0000,-0.4945,833751137#26,-82.8480,-5.0000,100.0000,default,15,rsu(277m),3089,97815,0.0180,277,22.0625,2,2,-82.8480,-99.8377,direct,0.0000,31.6000,-82.7217
380.6,node[9],6,6781.6589,4671.6849,1.8950,0.0000,0.0000,-0.4945,833751137#26,-76.9834,2.3556,100.0000,default,15,rsu(277m),3090,97854,0.4201,277,22.0609,5,8,-76.9834,-93.9731,direct,0.0000,31.6000,-82.6121
380.7,node[9],6,6781.6589,4671.6849,1.8950,0.0000,0.0000,-0.4945,833751137#26,-73.1859,2.8912,100.0000,default,15,rsu(277m),3091,97894,0.4864,277,22.0625,5,8,-73.1859,-90.1756,direct,0.0000,31.6000,-82.4974
380.8,node[9],6,6781.6589,4671.6849,1.8950,0.0000,0.0000,-0.4945,833751137#26,-73.7540,3.4075,100.0000,default,15,rsu(277m),3092,97932,0.5508,277,22.0636,6,10,-73.7540,-90.7437,direct,0.0000,31.6000,-82.3772
380.9,node[9],6,6781.6589,4671.6849,1.8950,0.0000,0.0000,-0.4945,833751137#26,-69.4183,9.8384,100.0000,default,15,rsu(277m),3093,97972,0.9683,277,22.0607,9,16,-69.4183,-86.4080,direct,0.0000,31.2000,-82.2504
381,node[9],6,6781.6589,4671.6849,1.8950,0.0000,0.0000,-0.4945,833751137#26,-78.8881,-3.2387,100.0000,default,15,rsu(277m),3094,98012,0.0423,277,22.0722,2,2,-78.8881,-95.8778,direct,0.0000,31.2000,-82.1178
381.1,node[9],6,6781.6589,4671.6849,1.8950,0.0000,0.0000,-0.4945,833751137#26,-75.3462,1.5262,100.0000,default,15,rsu(277m),3095,98050,0.3237,277,22.0704,5,8,-75.3462,-92.3359,direct,0.0000,31.2000,-81.9785
381.2,node[9],6,6781.6589,4671.6849,1.8950,0.0000,0.0000,-0.4945,833751137#26,-67.1055,11.1337,100.0000,default,15,rsu(277m),3096,98090,0.9832,277,22.0618,10,18,-67.1055,-84.0952,direct,0.0000,31.2000,-81.8313
381.3,node[9],6,6781.6589,4671.6849,1.8950,0.0000,0.0000,-0.4945,833751137#26,-87.2523,-5.0000,100.0000,default,15,rsu(277m),3097,98130,0.0180,277,22.0662,2,2,-87.2523,-104.2420,direct,0.0000,32.0000,-81.6769
381.4,node[9],6,6781.6589,4671.6849,1.8950,0.0000,0.0000,-0.4945,833751137#26,-78.8085,-1.0041,100.0000,default,15,rsu(277m),3098,98170,0.1190,277,22.0706,3,4,-78.8085,-95.7982,direct,0.0000,32.0000,-81.5141
381.5,node[9],6,6781.6589,4671.6849,1.8950,0.0000,0.0000,-0.4945,833751137#26,-78.0736,-1.0050,100.0000,default,15,rsu(277m),3099,98210,0.1189,277,22.0667,3,4,-78.0736,-95.0633,direct,0.0000,32.0000,-81.3433
381.6,node[9],6,6781.6589,4671.6849,1.8950,0.0000,0.0000,-0.4945,833751137#26,-71.7646,3.6001,100.0000,default,15,rsu(277m),3100,98250,0.5745,277,22.0698,6,10,-71.7646,-88.7543,direct,0.0000,32.0000,-81.1626
381.7,node[9],6,6781.6589,4671.6849,1.8950,0.0000,0.0000,-0.4945,833751137#26,-76.7535,-1.9594,100.0000,default,15,rsu(277m),3101,98290,0.0773,277,22.0595,3,4,-76.7535,-93.7432,direct,0.0000,32.0000,-80.9721
381.8,node[9],6,6781.6589,4671.6849,1.8950,0.0000,0.0000,-0.4945,833751137#26,-76.7580,-0.3365,100.0000,default,15,rsu(277m),3102,98330,0.1587,277,22.0598,4,6,-76.7580,-93.7477,direct,0.0000,32.0000,-80.7714
381.9,node[9],6,6781.6589,4671.6849,1.8950,0.0000,0.0000,-0.4945,833751137#26,-76.5439,2.0514,100.0000,default,15,rsu(277m),3103,98370,0.3836,277,22.0625,5,8,-76.5439,-93.5336,direct,0.0000,32.0000,-80.5593
382,node[9],6,6781.6589,4671.6849,1.8950,0.0000,0.0000,-0.4945,833751137#26,-75.1068,-0.5753,100.0000,default,15,rsu(277m),3104,98410,0.1434,277,22.0640,4,6,-75.1068,-92.0965,direct,0.0000,32.0000,-80.3344
382.1,node[9],6,6781.6589,4671.6849,1.8950,0.0000,0.0000,-0.4945,833751137#26,-71.4371,5.3883,100.0000,default,15,rsu(277m),3105,98450,0.7675,277,22.0643,7,12,-71.4371,-88.4268,direct,0.0000,32.0000,-80.0963
382.2,node[9],6,6781.6589,4671.6849,1.8950,0.0000,0.0000,-0.4945,833751137#26,-76.3497,1.1074,100.0000,default,15,rsu(277m),3106,98490,0.2796,277,22.0630,5,8,-76.3497,-93.3394,direct,0.0000,32.0000,-79.8444
382.3,node[9],6,6781.6589,4671.6849,1.8950,0.0000,0.0000,-0.4945,833751137#26,-77.2534,1.3064,100.0000,default,15,rsu(277m),3107,98528,0.3001,277,22.0623,5,8,-77.2534,-94.2431,direct,0.0000,31.2000,-79.5763
382.4,node[9],6,6781.6589,4671.6849,1.8950,0.0000,0.0000,-0.4945,833751137#26,-73.8492,4.7099,100.0000,default,15,rsu(277m),3108,98568,0.7016,277,22.0626,6,10,-73.8492,-90.8389,direct,0.0000,31.2000,-79.2913
382.5,node[9],6,6781.6589,4671.6849,1.8950,0.0000,0.0000,-0.4945,833751137#26,-75.2499,3.0948,100.0000,default,15,rsu(277m),3109,98607,0.5119,277,22.0657,6,10,-75.2499,-92.2396,direct,0.0000,31.6000,-78.9895
382.6,node[9],6,6781.6589,4671.6849,1.8950,0.0000,0.0000,-0.4945,833751137#26,-75.9166,3.0409,100.0000,default,15,rsu(277m),3110,98646,0.5051,277,22.0624,6,10,-75.9166,-92.9063,direct,0.0000,31.6000,-78.6671
382.7,node[9],6,6781.6589,4671.6849,1.8950,0.0000,0.0000,-0.4945,833751137#26,-70.1700,5.2288,100.0000,default,15,rsu(277m),3111,98685,0.7530,277,22.0721,7,12,-70.1700,-87.1597,direct,0.0000,31.2000,-78.3233
382.8,node[9],6,6781.6589,4671.6849,1.8950,0.0000,0.0000,-0.4945,833751137#26,-72.8004,4.8121,100.0000,default,15,rsu(277m),3112,98721,0.7122,277,22.0715,6,10,-72.8004,-89.7901,direct,0.0000,31.2000,-77.9564
382.9,node[9],6,6781.6589,4671.6849,1.8950,0.0000,0.0000,-0.4945,833751137#26,-70.6382,8.1147,100.0000,default,15,rsu(277m),3113,98760,0.9281,277,22.0672,8,14,-70.6382,-87.6279,direct,0.0000,30.0000,-77.5630
383,node[9],6,6781.6589,4671.6849,1.8950,0.0000,0.0000,-0.4945,833751137#26,-81.1857,-3.3747,100.0000,default,15,rsu(277m),3114,98799,0.0396,277,22.0699,2,2,-81.1857,-98.1754,direct,0.0000,30.0000,-77.1421
383.1,node[9],6,6781.6589,4671.6849,1.8950,0.0000,0.0000,-0.4945,833751137#26,-69.0099,9.1429,100.0000,default,15,rsu(277m),3115,98837,0.9557,277,22.0601,9,16,-69.0099,-85.9996,direct,0.0000,30.8000,-76.6884
383.2,node[9],6,6781.6589,4671.6849,1.8950,0.0000,0.0000,-0.4945,833751137#26,-65.3505,13.1696,100.0000,default,15,rsu(277m),3116,98875,0.9938,277,22.0629,11,20,-65.3505,-82.3402,direct,0.0000,30.8000,-76.1989
383.3,node[9],6,6781.6589,4671.6849,1.8950,0.0000,0.0000,-0.4945,833751137#26,-69.5891,7.5433,100.0000,default,15,rsu(277m),3117,98914,0.9065,277,22.0656,8,14,-69.5891,-86.5788,direct,0.0000,30.8000,-75.6707
383.4,node[9],6,6781.6589,4671.6849,1.8950,0.0000,0.0000,-0.4945,833751137#26,-75.2681,2.6519,100.0000,default,15,rsu(277m),3118,98952,0.4566,277,22.0684,5,8,-75.2681,-92.2578,direct,0.0000,30.8000,-75.0970
383.5,node[9],6,6781.6589,4671.6849,1.8950,0.0000,0.0000,-0.4945,833751137#26,-72.6763,4.0639,100.0000,default,15,rsu(277m),3119,98991,0.6299,277,22.0642,6,10,-72.6763,-89.6660,direct,0.0000,30.8000,-74.4744
383.6,node[9],6,6781.6589,4671.6849,1.8950,0.0000,0.0000,-0.4945,833751137#26,-81.5645,-5.0000,100.0000,default,15,rsu(277m),3120,99030,0.0180,277,22.0619,2,2,-81.5645,-98.5542,direct,0.0000,30.8000,-73.7919
383.7,node[9],6,6781.6589,4671.6849,1.8950,0.0000,0.0000,-0.4945,833751137#26,-87.0186,-5.0000,100.0000,default,15,rsu(277m),3121,99068,0.0180,277,22.0668,2,2,-87.0186,-104.0083,direct,0.0000,30.8000,-73.0439
383.8,node[9],6,6781.6589,4671.6849,1.8950,0.0000,0.0000,-0.4945,833751137#26,-73.3262,2.5487,100.0000,default,15,rsu(277m),3122,99107,0.4438,277,22.0695,5,8,-73.3262,-90.3159,direct,0.0000,30.8000,-72.2146
383.9,node[9],6,6781.6589,4671.6849,1.8950,0.0000,0.0000,-0.4945,833751137#26,-76.8940,1.8651,100.0000,default,15,rsu(277m),3123,99147,0.3618,277,22.0652,5,8,-76.8940,-93.8837,direct,0.0000,31.6000,-71.2950
384,node[9],6,6781.6589,4671.6849,1.8950,0.0000,0.0000,-0.4945,833751137#26,-74.3643,1.9677,100.0000,default,15,rsu(277m),3124,99187,0.3738,277,22.0711,5,8,-74.3643,-91.3540,direct,0.0000,31.6000,-70.2685
384.1,node[9],6,6781.6589,4671.6849,1.8950,0.0000,0.0000,-0.4945,833751137#26,-75.7181,1.5178,100.0000,default,15,rsu(277m),3125,99227,0.3228,277,22.0663,5,8,-75.7181,-92.7078,direct,0.0000,32.0000,-69.1118
384.2,node[9],6,6781.6589,4671.6849,1.8950,0.0000,0.0000,-0.4945,833751137#26,-69.8185,9.2438,100.0000,default,15,rsu(277m),3126,99266,0.9578,277,22.0685,9,16,-69.8185,-86.8082,direct,0.0000,32.0000,-67.8061
384.3,node[9],6,6781.6589,4671.6849,1.8950,0.0000,0.0000,-0.4945,833751137#26,-78.3871,-1.1304,100.0000,default,15,rsu(277m),3127,99306,0.1125,277,22.0657,3,4,-78.3871,-95.3768,direct,0.0000,31.6000,-66.3339
384.4,node[9],6,6781.6589,4671.6849,1.8950,0.0000,0.0000,-0.4945,833751137#26,-76.3136,-0.4544,100.0000,default,15,rsu(277m),3128,99346,0.1509,277,22.0670,4,6,-76.3136,-93.3033,direct,0.0000,31.6000,-64.6984
384.5,node[9],6,6781.6589,4671.6849,1.8950,0.0000,0.0000,-0.4945,833751137#26,-72.1216,5.8537,100.0000,default,15,rsu(277m),3129,99386,0.8064,277,22.0623,7,12,-72.1216,-89.1113,direct,0.0000,32.0000,-63.0141
384.6,node[9],6,6781.6589,4671.6849,1.8950,0.0000,0.0000,-0.4945,833751137#26,-74.2843,4.6634,100.0000,default,15,rsu(277m),3130,99425,0.6967,277,22.0646,6,10,-74.2843,-91.2740,direct,0.0000,32.0000,-61.6510
384.7,node[9],6,6781.6589,4671.6849,1.8950,0.0000,0.0000,-0.4945,833751137#26,-70.0974,7.2419,100.0000,default,15,rsu(277m),3131,99463,0.8929,277,22.0697,8,14,-70.0974,-87.0871,direct,0.0000,30.8000,-61.2452
384.8,node[9],6,6781.6589,4671.6849,1.8950,0.0000,0.0000,-0.4945,833751137#26,-77.8297,0.2929,100.0000,default,15,rsu(277m),3132,99501,0.2053,277,22.0618,4,6,-77.8297,-94.8194,direct,0.0000,30.8000,-62.0714
384.9,node[9],6,6781.6589,4671.6849,1.8950,0.0000,0.0000,-0.4945,833751137#26,-83.2902,-5.0000,100.0000,default,15,rsu(277m),3133,99538,0.0180,277,22.0610,2,2,-83.2902,-100.2799,direct,0.0000,30.0000,-63.6132
385,node[9],6,6781.6589,4671.6849,1.8950,0.0000,0.0000,-0.4945,833751137#26,-79.3748,-0.2226,100.0000,default,15,rsu(277m),3134,99578,0.1664,277,22.0664,4,6,-79.3748,-96.3645,direct,0.0000,30.0000,-65.3015
385.1,node[9],6,6781.6589,4671.6849,1.8950,0.0000,0.0000,-0.4945,833751137#26,-73.8683,2.5867,100.0000,default,15,rsu(277m),3135,99618,0.4485,277,22.0618,5,8,-73.8683,-90.8580,direct,0.0000,32.0000,-66.8861
385.2,node[9],6,6781.6589,4671.6849,1.8950,0.0000,0.0000,-0.4945,833751137#26,-77.5698,-1.0837,100.0000,default,15,rsu(277m),3136,99656,0.1149,277,22.0670,3,4,-77.5698,-94.5595,direct,0.0000,32.0000,-68.3030
385.3,node[9],6,6781.6589,4671.6849,1.8950,0.0000,0.0000,-0.4945,833751137#26,-71.5137,2.9751,100.0000,default,15,rsu(277m),3137,99695,0.4969,277,22.0694,5,8,-71.5137,-88.5034,direct,0.0000,30.8000,-69.5521
385.4,node[9],6,6781.6589,4671.6849,1.8950,0.0000,0.0000,-0.4945,833751137#26,-73.5490,3.5804,100.0000,default,15,rsu(277m),3138,99735,0.5720,277,22.0648,6,10,-73.5490,-90.5387,direct,0.0000,30.8000,-70.6586
385.5,node[9],6,6781.6589,4671.6849,1.8950,0.0000,0.0000,-0.4945,833751137#26,-78.7824,0.5030,100.0000,default,15,rsu(277m),3139,99774,0.2230,277,22.0663,4,6,-78.7824,-95.7721,direct,0.0000,31.6000,-71.6432
385.6,node[9],6,6781.6589,4671.6849,1.8950,0.0000,0.0000,-0.4945,833751137#26,-73.7457,1.5813,100.0000,default,15,rsu(277m),3140,99814,0.3297,277,22.0617,5,8,-73.7457,-90.7354,direct,0.0000,31.6000,-72.5278
385.7,node[9],6,6781.6589,4671.6849,1.8950,0.0000,0.0000,-0.4945,833751137#26,-75.4084,2.4084,100.0000,default,15,rsu(277m),3141,99854,0.4266,277,22.0641,5,8,-75.4084,-92.3981,direct,0.0000,32.0000,-73.3263
385.8,node[9],6,6781.6589,4671.6849,1.8950,0.0000,0.0000,-0.4945,833751137#26,-69.4153,8.4297,100.0000,default,15,rsu(277m),3142,99894,0.9379,277,22.0596,8,14,-69.4153,-86.4050,direct,0.0000,32.0000,-74.0488
385.9,node[9],6,6781.6589,4671.6849,1.8950,0.0000,0.0000,-0.4945,833751137#26,-78.7792,-2.0866,100.0000,default,15,rsu(277m),3143,99934,0.0729,277,22.0620,3,4,-78.7792,-95.7689,direct,0.0000,32.0000,-74.7087
386,node[9],6,6781.6589,4671.6849,1.8950,0.0000,0.0000,-0.4945,833751137#26,-70.2940,6.2892,100.0000,default,15,rsu(277m),3144,99974,0.8382,277,22.0697,7,12,-70.2940,-87.2837,direct,0.0000,32.0000,-75.3135
386.1,node[9],6,6781.6589,4671.6849,1.8950,0.0000,0.0000,-0.4945,833751137#26,-75.7832,2.3624,100.0000,default,15,rsu(277m),3145,100013,0.4210,277,22.0722,5,8,-75.7832,-92.7729,direct,0.0000,31.6000,-75.8684
386.2,node[9],6,6781.6589,4671.6849,1.8950,0.0000,0.0000,-0.4945,833751137#26,-69.8158,5.1488,100.0000,default,15,rsu(277m),3146,100052,0.7454,277,22.0617,7,12,-69.8158,-86.8055,direct,0.0000,31.6000,-76.3806
386.3,node[9],6,6781.6589,4671.6849,1.8950,0.0000,0.0000,-0.4945,833751137#26,-75.7321,1.4181,100.0000,default,15,rsu(277m),3147,100092,0.3120,277,22.0694,5,8,-75.7321,-92.7218,direct,0.0000,31.6000,-76.8544
386.4,node[9],6,6781.6589,4671.6849,1.8950,0.0000,0.0000,-0.4945,833751137#26,-75.6560,3.0175,100.0000,default,15,rsu(277m),3148,100130,0.5022,277,22.0619,6,10,-75.6560,-92.6457,direct,0.0000,31.6000,-77.2943
386.5,node[9],6,6781.6589,4671.6849,1.8950,0.0000,0.0000,-0.4945,833751137#26,-82.9568,-5.0000,100.0000,default,15,rsu(277m),3149,100168,0.0180,277,22.0647,2,2,-82.9568,-99.9465,direct,0.0000,30.4000,-77.7049
386.6,node[9],6,6781.6589,4671.6849,1.8950,0.0000,0.0000,-0.4945,833751137#26,-72.0976,6.4116,100.0000,default,15,rsu(277m),3150,100207,0.8463,277,22.0665,7,12,-72.0976,-89.0873,direct,0.0000,30.4000,-78.0885
386.7,node[9],6,6781.6589,4671.6849,1.8950,0.0000,0.0000,-0.4945,833751137#26,-71.4355,2.5174,100.0000,default,15,rsu(277m),3151,100245,0.4400,277,22.0693,5,8,-71.4355,-88.4252,direct,0.0000,30.8000,-78.4458
386.8,node[9],6,6781.6589,4671.6849,1.8950,0.0000,0.0000,-0.4945,833751137#26,-87.3153,-5.0000,100.0000,default,15,rsu(277m),3152,100285,0.0180,277,22.0628,2,2,-87.3153,-104.3050,direct,0.0000,30.8000,-78.7801
386.9,node[9],6,6781.6589,4671.6849,1.8950,0.0000,0.0000,-0.4945,833751137#26,-78.9929,-0.5511,100.0000,default,15,rsu(277m),3153,100324,0.1449,277,22.0647,4,6,-78.9929,-95.9826,direct,0.0000,31.6000,-79.0936
387,node[9],6,6781.6589,4671.6849,1.8950,0.0000,0.0000,-0.4945,833751137#26,-79.4525,-4.5212,100.0000,default,15,rsu(277m),3154,100362,0.0227,277,22.0645,2,2,-79.4525,-96.4422,direct,0.0000,31.6000,-79.3878
387.1,node[9],6,6781.6589,4671.6849,1.8950,0.0000,0.0000,-0.4945,833751137#26,-72.6668,2.6948,100.0000,default,15,rsu(277m),3155,100402,0.4619,277,22.0680,5,8,-72.6668,-89.6565,direct,0.0000,31.2000,-79.6651
387.2,node[9],6,6781.6589,4671.6849,1.8950,0.0000,0.0000,-0.4945,833751137#26,-85.5247,-5.0000,100.0000,default,15,rsu(277m),3156,100442,0.0180,277,22.0715,2,2,-85.5247,-102.5144,direct,0.0000,31.2000,-79.9261
387.3,node[9],6,6781.6589,4671.6849,1.8950,0.0000,0.0000,-0.4945,833751137#26,-73.3435,4.6946,100.0000,default,15,rsu(277m),3157,100482,0.7000,277,22.0621,6,10,-73.3435,-90.3332,direct,0.0000,32.0000,-80.1712
387.4,node[9],6,6781.6589,4671.6849,1.8950,0.0000,0.0000,-0.4945,833751137#26,-73.6089,1.2081,100.0000,default,15,rsu(277m),3158,100522,0.2899,277,22.0701,5,8,-73.6089,-90.5986,direct,0.0000,32.0000,-80.4024
387.5,node[9],6,6781.6589,4671.6849,1.8950,0.0000,0.0000,-0.4945,833751137#26,-75.8691,-0.5513,100.0000,default,15,rsu(277m),3159,100562,0.1448,277,22.0639,4,6,-75.8691,-92.8588,direct,0.0000,32.0000,-80.6215
387.6,node[9],6,6781.6589,4671.6849,1.8950,0.0000,0.0000,-0.4945,833751137#26,-78.6003,0.1838,100.0000,default,15,rsu(277m),3160,100599,0.1965,277,22.0639,4,6,-78.6003,-95.5900,direct,0.0000,32.0000,-80.8285
387.7,node[9],6,6781.6589,4671.6849,1.8950,0.0000,0.0000,-0.4945,833751137#26,-73.3209,4.1064,100.0000,default,15,rsu(277m),3161,100639,0.6349,277,22.0606,6,10,-73.3209,-90.3106,direct,0.0000,30.8000,-81.0243
387.8,node[9],6,6781.6589,4671.6849,1.8950,0.0000,0.0000,-0.4945,833751137#26,-72.7590,6.1601,100.0000,default,15,rsu(277m),3162,100679,0.8292,277,22.0704,7,12,-72.7590,-89.7487,direct,0.0000,30.8000,-81.2096
387.9,node[9],6,6781.6589,4671.6849,1.8950,0.0000,0.0000,-0.4945,833751137#26,-71.9618,6.2991,100.0000,default,15,rsu(277m),3163,100719,0.8388,277,22.0635,7,12,-71.9618,-88.9515,direct,0.0000,32.0000,-81.3847
388,node[9],6,6781.6589,4671.6849,1.8950,0.0000,0.0000,-0.4945,833751137#26,-74.6256,1.9942,100.0000,default,15,rsu(277m),3164,100758,0.3769,277,22.0664,5,8,-74.6256,-91.6153,direct,0.0000,32.0000,-81.5511
388.1,node[9],6,6781.6589,4671.6849,1.8950,0.0000,0.0000,-0.4945,833751137#26,-78.5267,-1.2229,100.0000,default,15,rsu(277m),3165,100798,0.1080,277,22.0596,3,4,-78.5267,-95.5164,direct,0.0000,31.6000,-81.7082
388.2,node[9],6,6781.6589,4671.6849,1.8950,0.0000,0.0000,-0.4945,833751137#26,-78.4601,-3.1231,100.0000,default,15,rsu(277m),3166,100835,0.0447,277,22.0598,2,2,-78.4601,-95.4498,direct,0.0000,31.6000,-81.8577
388.3,node[9],6,6781.6589,4671.6849,1.8950,0.0000,0.0000,-0.4945,833751137#26,-83.9936,-4.7332,100.0000,default,15,rsu(277m),3167,100874,0.0205,277,22.0629,2,2,-83.9936,-100.9833,direct,0.0000,30.4000,-82.0000
388.4,node[9],6,6781.6589,4671.6849,1.8950,0.0000,0.0000,-0.4945,833751137#26,-74.8988,1.9948,100.0000,default,15,rsu(277m),3168,100914,0.3769,277,22.0720,5,8,-74.8988,-91.8885,direct,0.0000,30.4000,-82.1343
388.5,node[9],6,6781.6589,4671.6849,1.8950,0.0000,0.0000,-0.4945,833751137#26,-75.8232,1.1564,100.0000,default,15,rsu(277m),3169,100954,0.2846,277,22.0681,5,8,-75.8232,-92.8129,direct,0.0000,32.0000,-82.2624
388.6,node[9],6,6781.6589,4671.6849,1.8950,0.0000,0.0000,-0.4945,833751137#26,-73.9114,2.3880,100.0000,default,15,rsu(277m),3170,100994,0.4241,277,22.0614,5,8,-73.9114,-90.9011,direct,0.0000,32.0000,-82.3844
388.7,node[9],6,6781.6589,4671.6849,1.8950,0.0000,0.0000,-0.4945,833751137#26,-73.3009,5.2235,100.0000,default,15,rsu(277m),3171,101033,0.7525,277,22.0655,7,12,-73.3009,-90.2906,direct,0.0000,31.6000,-82.5007
388.8,node[9],6,6781.6589,4671.6849,1.8950,0.0000,0.0000,-0.4945,833751137#26,-73.6363,3.0411,100.0000,default,15,rsu(277m),3172,101072,0.5051,277,22.0681,6,10,-73.6363,-90.6260,direct,0.0000,31.6000,-82.6114
388.9,node[9],6,6781.6589,4671.6849,1.8950,0.0000,0.0000,-0.4945,833751137#26,-76.5123,-0.0360,100.0000,default,15,rsu(277m),3173,101112,0.1798,277,22.0643,4,6,-76.5123,-93.5020,direct,0.0000,31.6000,-82.7169
389,node[9],6,6781.6589,4671.6849,1.8950,0.0000,0.0000,-0.4945,833751137#26,-85.4000,-5.0000,100.0000,default,15,rsu(277m),3174,101151,0.0180,277,22.0676,2,2,-85.4000,-102.3897,direct,0.0000,31.6000,-82.8177
389.1,node[9],6,6781.6589,4671.6849,1.8950,0.0000,0.0000,-0.4945,833751137#26,-71.1392,5.3125,100.0000,default,15,rsu(277m),3175,101191,0.7607,277,22.0694,7,12,-71.1392,-88.1289,direct,0.0000,31.6000,-82.9133
389.2,node[9],6,6781.6589,4671.6849,1.8950,0.0000,0.0000,-0.4945,833751137#26,-78.7370,0.2052,100.0000,default,15,rsu(277m),3176,101231,0.1982,277,22.0675,4,6,-78.7370,-95.7267,direct,0.0000,31.6000,-83.0047
389.3,node[9],6,6781.6589,4671.6849,1.8950,0.0000,0.0000,-0.4945,833751137#26,-76.0858,-0.2737,100.0000,default,15,rsu(277m),3177,101271,0.1629,277,22.0597,4,6,-76.0858,-93.0755,direct,0.0000,32.0000,-83.0922
389.4,node[9],6,6781.6589,4671.6849,1.8950,0.0000,0.0000,-0.4945,833751137#26,-75.3195,3.4581,100.0000,default,15,rsu(277m),3178,101309,0.5570,277,22.0654,6,10,-75.3195,-92.3092,direct,0.0000,32.0000,-83.1751
389.5,node[9],6,6781.6589,4671.6849,1.8950,0.0000,0.0000,-0.4945,833751137#26,-84.6638,-5.0000,100.0000,default,15,rsu(277m),3179,101349,0.0180,277,22.0602,2,2,-84.6638,-101.6535,direct,0.0000,31.2000,-83.2553
389.6,node[9],6,6781.6589,4671.6849,1.8950,0.0000,0.0000,-0.4945,833751137#26,-69.6731,8.2983,100.0000,default,15,rsu(277m),3180,101386,0.9340,277,22.0628,8,14,-69.6731,-86.6628,direct,0.0000,31.2000,-83.3312
389.7,node[9],6,6781.6589,4671.6849,1.8950,0.0000,0.0000,-0.4945,833751137#26,-72.6485,1.6626,100.0000,default,15,rsu(277m),3181,101426,0.3388,277,22.0722,5,8,-72.6485,-89.6382,direct,0.0000,30.8000,-83.4041
389.8,node[9],6,6781.6589,4671.6849,1.8950,0.0000,0.0000,-0.4945,833751137#26,-84.8478,-5.0000,100.0000,default,15,rsu(277m),3182,101463,0.0180,277,22.0619,2,2,-84.8478,-101.8375,direct,0.0000,30.8000,-83.4735
389.9,node[9],6,6781.6589,4671.6849,1.8950,0.0000,0.0000,-0.4945,833751137#26,-73.4311,1.2985,100.0000,default,15,rsu(277m),3183,101503,0.2993,277,22.0602,5,8,-73.4311,-90.4208,direct,0.0000,30.8000,-83.5401
390,node[9],6,6781.6589,4671.6849,1.8950,0.0000,0.0000,-0.4945,833751137#26,-71.5950,6.4864,100.0000,default,15,rsu(277m),3184,101543,0.8511,277,22.0715,7,12,-71.5950,-88.5847,direct,0.0000,30.8000,-83.6038
390.1,node[9],6,6781.6589,4671.6849,1.8950,0.0000,0.0000,-0.4945,833751137#26,-75.6494,-0.6905,100.0000,default,15,rsu(277m),3185,101583,0.1364,277,22.0649,4,6,-75.6494,-92.6391,direct,0.0000,32.0000,-83.6648
390.2,node[9],6,6781.6589,4671.6849,1.8950,0.0000,0.0000,-0.4945,833751137#26,-78.4175,-2.4336,100.0000,default,16,rsu(277m),3186,101624,0.0620,277,22.0689,3,4,-78.4175,-95.4072,direct,0.0000,32.0000,-83.5485
390.3,node[9],6,6781.6589,4671.6849,1.8950,0.0000,0.0000,-0.4945,833751137#26,-72.4686,6.8980,100.0000,default,16,rsu(277m),3187,101665,0.8753,277,22.0600,7,12,-72.4686,-89.4583,direct,0.0000,32.8000,-83.6015
390.4,node[9],6,6781.6589,4671.6849,1.8950,0.0000,0.0000,-0.4945,833751137#26,-78.3351,-4.1358,100.0000,default,16,rsu(277m),3188,101706,0.0274,277,22.0710,2,2,-78.3351,-95.3248,direct,0.0000,32.8000,-83.6522
390.5,node[9],6,6781.6589,4671.6849,1.8950,0.0000,0.0000,-0.4945,833751137#26,-82.4607,-5.0000,100.0000,default,16,rsu(277m),3189,101747,0.0180,277,22.0621,2,2,-82.4607,-99.4504,direct,0.0000,32.8000,-83.7008
390.6,node[9],6,6781.6589,4671.6849,1.8950,0.0000,0.0000,-0.4945,833751137#26,-71.1589,5.4211,100.0000,default,16,rsu(277m),3190,101787,0.7704,277,22.0602,7,12,-71.1589,-88.1486,direct,0.0000,32.8000,-83.7476
390.7,node[9],6,6781.6589,4671.6849,1.8950,0.0000,0.0000,-0.4945,833751137#26,-74.8563,2.4852,100.0000,default,16,rsu(277m),3191,101828,0.4360,277,22.0611,5,8,-74.8563,-91.8460,direct,0.0000,32.4000,-83.7919
390.8,node[9],6,6781.6589,4671.6849,1.8950,0.0000,0.0000,-0.4945,833751137#26,-75.1803,0.6761,100.0000,default,16,rsu(277m),3192,101869,0.2383,277,22.0652,4,6,-75.1803,-92.1700,direct,0.0000,32.4000,-83.8347
390.9,node[9],6,6781.6589,4671.6849,1.8950,0.0000,0.0000,-0.4945,833751137#26,-70.4907,4.0985,100.0000,default,16,rsu(277m),3193,101909,0.6340,277,22.0634,6,10,-70.4907,-87.4804,direct,0.0000,32.4000,-83.8758
391,node[9],6,6781.6589,4671.6849,1.8950,0.0000,0.0000,-0.4945,833751137#26,-72.0848,7.2495,100.0000,default,16,rsu(277m),3194,101950,0.8933,277,22.0643,8,14,-72.0848,-89.0745,direct,0.0000,32.4000,-83.9148
391.1,node[9],6,6781.6589,4671.6849,1.8950,0.0000,0.0000,-0.4945,833751137#26,-76.4896,-0.3531,100.0000,default,16,rsu(277m),3195,101991,0.1576,277,22.0695,4,6,-76.4896,-93.4793,direct,0.0000,32.8000,-83.9525
391.2,node[9],6,6781.6589,4671.6849,1.8950,0.0000,0.0000,-0.4945,833751137#26,-70.2887,6.9652,100.0000,default,16,rsu(277m),3196,102032,0.8790,277,22.0603,7,12,-70.2887,-87.2784,direct,0.0000,32.8000,-83.9885
391.3,node[9],6,6781.6589,4671.6849,1.8950,0.0000,0.0000,-0.4945,833751137#26,-78.5413,-0.0571,100.0000,default,16,rsu(277m),3197,102073,0.1782,277,22.0656,4,6,-78.5413,-95.5310,direct,0.0000,32.8000,-84.0231
391.4,node[9],6,6781.6589,4671.6849,1.8950,0.0000,0.0000,-0.4945,833751137#26,-81.0361,-4.8294,100.0000,default,16,rsu(277m),3198,102114,0.0196,277,22.0698,2,2,-81.0361,-98.0258,direct,0.0000,32.8000,-84.0562
391.5,node[9],6,6781.6589,4671.6849,1.8950,0.0000,0.0000,-0.4945,833751137#26,-72.9768,1.4427,100.0000,default,16,rsu(277m),3199,102155,0.3146,277,22.0610,5,8,-72.9768,-89.9665,direct,0.0000,32.8000,-84.0881
391.6,node[9],6,6781.6589,4671.6849,1.8950,0.0000,0.0000,-0.4945,833751137#26,-74.3772,2.3976,100.0000,default,15,rsu(277m),3200,102195,0.4253,277,22.0722,5,8,-74.3772,-91.3669,direct,0.0000,32.8000,-84.1764
391.7,node[9],6,6781.6589,4671.6849,1.8950,0.0000,0.0000,-0.4945,833751137#26,-77.4836,-3.1326,100.0000,default,15,rsu(277m),3201,102235,0.0445,277,22.0690,2,2,-77.4836,-94.4733,direct,0.0000,32.0000,-84.2061
391.8,node[9],6,6781.6589,4671.6849,1.8950,0.0000,0.0000,-0.4945,833751137#26,-78.4673,-2.9764,100.0000,default,15,rsu(277m),3202,102273,0.0480,277,22.0667,3,4,-78.4673,-95.4570,direct,0.0000,32.0000,-84.2340
391.9,node[9],6,6781.6589,4671.6849,1.8950,0.0000,0.0000,-0.4945,833751137#26,-71.3641,4.6550,100.0000,default,15,rsu(277m),3203,102310,0.6958,277,22.0613,6,10,-71.3641,-88.3538,direct,0.0000,30.0000,-84.2612
392,node[9],6,6781.6589,4671.6849,1.8950,0.0000,0.0000,-0.4945,833751137#26,-71.4372,6.6874,100.0000,default,15,rsu(277m),3204,102350,0.8634,277,22.0641,7,12,-71.4372,-88.4269,direct,0.0000,30.0000,-84.2879
392.1,node[9],6,6781.6589,4671.6849,1.8950,0.0000,0.0000,-0.4945,833751137#26,-72.4912,1.4766,100.0000,default,15,rsu(277m),3205,102390,0.3183,277,22.0670,5,8,-72.4912,-89.4809,direct,0.0000,32.0000,-84.3124
392.2,node[9],6,6781.6589,4671.6849,1.8950,0.0000,0.0000,-0.4945,833751137#26,-76.8520,0.5047,100.0000,default,15,rsu(277m),3206,102430,0.2231,277,22.0667,4,6,-76.8520,-93.8417,direct,0.0000,32.0000,-84.3355
392.3,node[9],6,6781.6589,4671.6849,1.8950,0.0000,0.0000,-0.4945,833751137#26,-73.4444,4.6766,100.0000,default,15,rsu(277m),3207,102470,0.6981,277,22.0695,6,10,-73.4444,-90.4341,direct,0.0000,32.0000,-84.3573
392.4,node[9],6,6781.6589,4671.6849,1.8950,0.0000,0.0000,-0.4945,833751137#26,-77.6216,-2.6054,100.0000,default,15,rsu(277m),3208,102510,0.0572,277,22.0696,3,4,-77.6216,-94.6113,direct,0.0000,32.0000,-84.3778
392.5,node[9],6,6781.6589,4671.6849,1.8950,0.0000,0.0000,-0.4945,833751137#26,-72.2735,4.2092,100.0000,default,15,rsu(277m),3209,102550,0.6467,277,22.0595,6,10,-72.2735,-89.2632,direct,0.0000,32.0000,-84.3970
392.6,node[9],6,6781.6589,4671.6849,1.8950,0.0000,0.0000,-0.4945,833751137#26,-75.2684,1.8786,100.0000,default,15,rsu(277m),3210,102588,0.3634,277,22.0637,5,8,-75.2684,-92.2581,direct,0.0000,32.0000,-84.4146
392.7,node[9],6,6781.6589,4671.6849,1.8950,0.0000,0.0000,-0.4945,833751137#26,-77.5579,1.0327,100.0000,default,15,rsu(277m),3211,102626,0.2722,277,22.0708,5,8,-77.5579,-94.5476,direct,0.0000,30.4000,-84.4311
392.8,node[9],6,6781.6589,4671.6849,1.8950,0.0000,0.0000,-0.4945,833751137#26,-74.0867,4.9746,100.0000,default,15,rsu(277m),3212,102664,0.7286,277,22.0620,6,10,-74.0867,-91.0764,direct,0.0000,30.4000,-84.4466
392.9,node[9],6,6781.6589,4671.6849,1.8950,0.0000,0.0000,-0.4945,833751137#26,-72.4801,4.5351,100.0000,default,15,rsu(277m),3213,102703,0.6830,277,22.0703,6,10,-72.4801,-89.4698,direct,0.0000,30.8000,-84.4631
393,node[9],6,6781.6589,4671.6849,1.8950,0.0000,0.0000,-0.4945,833751137#26,-86.1624,-5.0000,100.0000,default,15,rsu(277m),3214,102742,0.0180,277,22.0605,2,2,-86.1624,-103.1521,direct,0.0000,30.8000,-84.4772
393.1,node[9],6,6781.6589,4671.6849,1.8950,0.0000,0.0000,-0.4945,833751137#26,-76.3268,-0.6714,100.0000,default,15,rsu(277m),3215,102780,0.1376,277,22.0629,4,6,-76.3268,-93.3165,direct,0.0000,30.8000,-84.4908
393.2,node[9],6,6781.6589,4671.6849,1.8950,0.0000,0.0000,-0.4945,833751137#26,-70.5017,5.4141,100.0000,default,15,rsu(277m),3216,102818,0.7698,277,22.0661,7,12,-70.5017,-87.4914,direct,0.0000,30.8000,-84.5036
393.3,node[9],6,6781.6589,4671.6849,1.8950,0.0000,0.0000,-0.4945,833751137#26,-76.3607,0.7707,100.0000,default,15,rsu(277m),3217,102857,0.2470,277,22.0691,4,6,-76.3607,-93.3504,direct,0.0000,30.8000,-84.5140
393.4,node[9],6,6781.6589,4671.6849,1.8950,0.0000,0.0000,-0.4945,833751137#26,-79.3468,-0.1934,100.0000,default,15,rsu(277m),3218,102896,0.1684,277,22.0653,4,6,-79.3468,-96.3365,direct,0.0000,30.8000,-84.5247
393.5,node[9],6,6781.6589,4671.6849,1.8950,0.0000,0.0000,-0.4945,833751137#26,-70.8075,5.2360,100.0000,default,15,rsu(277m),3219,102935,0.7536,277,22.0614,7,12,-70.8075,-87.7972,direct,0.0000,31.2000,-84.5346
393.6,node[9],6,6781.6589,4671.6849,1.8950,0.0000,0.0000,-0.4945,833751137#26,-73.6954,0.6434,100.0000,default,15,rsu(277m),3220,102974,0.2354,277,22.0691,4,6,-73.6954,-90.6851,direct,0.0000,31.2000,-84.5437
393.7,node[9],6,6781.6589,4671.6849,1.8950,0.0000,0.0000,-0.4945,833751137#26,-70.8240,7.6478,100.0000,default,15,rsu(277m),3221,103013,0.9108,277,22.0722,8,14,-70.8240,-87.8137,direct,0.0000,31.2000,-84.5522
393.8,node[9],6,6781.6589,4671.6849,1.8950,0.0000,0.0000,-0.4945,833751137#26,-70.7923,5.5151,100.0000,default,15,rsu(277m),3222,103049,0.7786,277,22.0607,7,12,-70.7923,-87.7820,direct,0.0000,31.2000,-84.5601
393.9,node[9],6,6781.6589,4671.6849,1.8950,0.0000,0.0000,-0.4945,833751137#26,-74.0574,3.9061,100.0000,default,15,rsu(277m),3223,103087,0.6114,277,22.0653,6,10,-74.0574,-91.0471,direct,0.0000,29.6000,-84.5684
394,node[9],6,6781.6589,4671.6849,1.8950,0.0000,0.0000,-0.4945,833751137#26,-74.8462,3.4099,100.0000,default,15,rsu(277m),3224,103126,0.5511,277,22.0687,6,10,-74.8462,-91.8359,direct,0.0000,29.6000,-84.5737
394.1,node[9],6,6781.6589,4671.6849,1.8950,0.0000,0.0000,-0.4945,833751137#26,-81.5564,-4.5256,100.0000,default,15,rsu(277m),3225,103165,0.0227,277,22.0721,2,2,-81.5564,-98.5461,direct,0.0000,31.2000,-84.5797
394.2,node[9],6,6781.6589,4671.6849,1.8950,0.0000,0.0000,-0.4945,833751137#26,-69.8213,4.7040,100.0000,default,15,rsu(277m),3226,103203,0.7010,277,22.0624,6,10,-69.8213,-86.8110,direct,0.0000,31.2000,-84.5857
394.3,node[9],6,6781.6589,4671.6849,1.8950,0.0000,0.0000,-0.4945,833751137#26,-75.1902,0.7910,100.0000,default,15,rsu(277m),3227,103240,0.2489,277,22.0673,4,6,-75.1902,-92.1799,direct,0.0000,30.0000,-84.5893
394.4,node[9],6,6781.6589,4671.6849,1.8950,0.0000,0.0000,-0.4945,833751137#26,-74.7835,0.8893,100.0000,default,15,rsu(277m),3228,103279,0.2582,277,22.0638,4,6,-74.7835,-91.7732,direct,0.0000,30.0000,-84.5941
394.5,node[9],6,6781.6589,4671.6849,1.8950,0.0000,0.0000,-0.4945,833751137#26,-72.5461,6.3247,100.0000,default,15,rsu(277m),3229,103318,0.8406,277,22.0603,7,12,-72.5461,-89.5358,direct,0.0000,31.2000,-84.5979
394.6,node[9],6,6781.6589,4671.6849,1.8950,0.0000,0.0000,-0.4945,833751137#26,-75.1732,-1.0980,100.0000,default,15,rsu(277m),3230,103356,0.1142,277,22.0639,3,4,-75.1732,-92.1629,direct,0.0000,31.2000,-84.6018
394.7,node[9],6,6781.6589,4671.6849,1.8950,0.0000,0.0000,-0.4945,833751137#26,-73.4878,4.6217,100.0000,default,15,rsu(277m),3231,103395,0.6923,277,22.0619,6,10,-73.4878,-90.4775,direct,0.0000,30.8000,-84.6038
394.8,node[9],6,6781.6589,4671.6849,1.8950,0.0000,0.0000,-0.4945,833751137#26,-75.3438,2.2559,100.0000,default,15,rsu(277m),3232,103434,0.4080,277,22.0655,5,8,-75.3438,-92.3335,direct,0.0000,30.8000,-84.6060
394.9,node[9],6,6781.6589,4671.6849,1.8950,0.0000,0.0000,-0.4945,833751137#26,-75.7949,0.5451,100.0000,default,15,rsu(277m),3233,103473,0.2266,277,22.0617,4,6,-75.7949,-92.7846,direct,0.0000,31.2000,-84.6078
395,node[9],6,6781.6589,4671.6849,1.8950,0.0000,0.0000,-0.4945,833751137#26,-68.6898,9.4194,100.0000,default,15,rsu(277m),3234,103512,0.9612,277,22.0654,9,16,-68.6898,-85.6795,direct,0.0000,31.2000,-84.6091
395.1,node[9],6,6781.6589,4671.6849,1.8950,0.0000,0.0000,-0.4945,833751137#26,-70.0972,5.4447,100.0000,default,15,rsu(277m),3235,103551,0.7725,277,22.0622,7,12,-70.0972,-87.0869,direct,0.0000,31.2000,-84.6099
395.2,node[9],6,6781.6589,4671.6849,1.8950,0.0000,0.0000,-0.4945,833751137#26,-77.4634,-3.1882,100.0000,default,15,rsu(277m),3236,103587,0.0434,277,22.0643,2,2,-77.4634,-94.4531,direct,0.0000,31.2000,-84.6106
395.3,node[9],6,6781.6589,4671.6849,1.8950,0.0000,0.0000,-0.4945,833751137#26,-73.1928,4.1485,100.0000,default,15,rsu(277m),3237,103626,0.6397,277,22.0612,6,10,-73.1928,-90.1825,direct,0.0000,30.0000,-84.6103
395.4,node[9],6,6781.6589,4671.6849,1.8950,0.0000,0.0000,-0.4945,833751137#26,-69.9345,9.2890,100.0000,default,15,rsu(277m),3238,103665,0.9587,277,22.0650,9,16,-69.9345,-86.9242,direct,0.0000,30.0000,-84.6098
395.5,node[9],6,6781.6589,4671.6849,1.8950,0.0000,0.0000,-0.4945,833751137#26,-71.2504,5.6029,100.0000,default,15,rsu(277m),3239,103704,0.7861,277,22.0721,7,12,-71.2504,-88.2401,direct,0.0000,31.2000,-84.6089
395.6,node[9],6,6781.6589,4671.6849,1.8950,0.0000,0.0000,-0.4945,833751137#26,-75.5775,1.9643,100.0000,default,15,rsu(277m),3240,103743,0.3734,277,22.0644,5,8,-75.5775,-92.5672,direct,0.0000,31.2000,-84.6076
395.7,node[9],6,6781.6589,4671.6849,1.8950,0.0000,0.0000,-0.4945,833751137#26,-75.2547,2.3961,100.0000,default,15,rsu(277m),3241,103782,0.4251,277,22.0628,5,8,-75.2547,-92.2444,direct,0.0000,31.2000,-84.6058
395.8,node[9],6,6781.6589,4671.6849,1.8950,0.0000,0.0000,-0.4945,833751137#26,-73.5936,4.3651,100.0000,default,15,rsu(277m),3242,103820,0.6643,277,22.0653,6,10,-73.5936,-90.5833,direct,0.0000,31.2000,-84.6032
395.9,node[9],6,6781.6589,4671.6849,1.8950,0.0000,0.0000,-0.4945,833751137#26,-73.3879,4.0477,100.0000,default,15,rsu(277m),3243,103858,0.6281,277,22.0708,6,10,-73.3879,-90.3776,direct,0.0000,30.4000,-84.6020
396,node[9],6,6781.6589,4671.6849,1.8950,0.0000,0.0000,-0.4945,833751137#26,-68.0519,9.8872,100.0000,default,15,rsu(277m),3244,103897,0.9690,277,22.0648,9,16,-68.0519,-85.0416,direct,0.0000,30.4000,-84.5982
396.1,node[9],6,6781.6589,4671.6849,1.8950,0.0000,0.0000,-0.4945,833751137#26,-76.4784,-1.0059,100.0000,default,15,rsu(277m),3245,103935,0.1189,277,22.0689,3,4,-76.4784,-93.4681,direct,0.0000,30.8000,-84.5958
396.2,node[9],6,6781.6589,4671.6849,1.8950,0.0000,0.0000,-0.4945,833751137#26,-74.5960,0.7395,100.0000,default,15,rsu(277m),3246,103973,0.2441,277,22.0616,4,6,-74.5960,-91.5857,direct,0.0000,30.8000,-84.5930
396.3,node[9],6,6781.6589,4671.6849,1.8950,0.0000,0.0000,-0.4945,833751137#26,-77.9947,1.3780,100.0000,default,15,rsu(277m),3247,104012,0.3077,277,22.0718,5,8,-77.9947,-94.9844,direct,0.0000,30.8000,-84.5870
396.4,node[9],6,6781.6589,4671.6849,1.8950,0.0000,0.0000,-0.4945,833751137#26,-76.5402,0.9517,100.0000,default,15,rsu(277m),3248,104051,0.2642,277,22.0630,4,6,-76.5402,-93.5299,direct,0.0000,30.8000,-84.5825
396.5,node[9],6,6781.6589,4671.6849,1.8950,0.0000,0.0000,-0.4945,833751137#26,-73.3067,5.8445,100.0000,default,15,rsu(277m),3249,104088,0.8057,277,22.0659,7,12,-73.3067,-90.2964,direct,0.0000,30.4000,-84.5782
396.6,node[9],6,6781.6589,4671.6849,1.8950,0.0000,0.0000,-0.4945,833751137#26,-76.7526,0.4870,100.0000,default,15,rsu(277m),3250,104126,0.2216,277,22.0689,4,6,-76.7526,-93.7423,direct,0.0000,30.4000,-84.5718
396.7,node[9],6,6781.6589,4671.6849,1.8950,0.0000,0.0000,-0.4945,833751137#26,-70.9702,7.9930,100.0000,default,15,rsu(277m),3251,104165,0.9239,277,22.0663,8,14,-70.9702,-87.9599,direct,0.0000,30.8000,-84.5674
396.8,node[9],6,6781.6589,4671.6849,1.8950,0.0000,0.0000,-0.4945,833751137#26,-81.4429,-2.8407,100.0000,default,15,rsu(277m),3252,104203,0.0512,277,22.0624,3,4,-81.4429,-98.4326,direct,0.0000,30.8000,-84.5615
396.9,node[9],6,6781.6589,4671.6849,1.8950,0.0000,0.0000,-0.4945,833751137#26,-76.6620,-2.0341,100.0000,default,15,rsu(277m),3253,104241,0.0747,277,22.0668,3,4,-76.6620,-93.6517,direct,0.0000,30.4000,-84.5571
397,node[9],6,6781.6589,4671.6849,1.8950,0.0000,0.0000,-0.4945,833751137#26,-70.6631,3.4608,100.0000,default,15,rsu(277m),3254,104278,0.5573,277,22.0700,6,10,-70.6631,-87.6528,direct,0.0000,30.4000,-84.5516
397.1,node[9],6,6781.6589,4671.6849,1.8950,0.0000,0.0000,-0.4945,833751137#26,-77.7564,-1.2187,100.0000,default,15,rsu(277m),3255,104316,0.1082,277,22.0616,3,4,-77.7564,-94.7461,direct,0.0000,30.0000,-84.5468
397.2,node[9],6,6781.6589,4671.6849,1.8950,0.0000,0.0000,-0.4945,833751137#26,-67.9048,10.8726,100.0000,default,15,rsu(277m),3256,104354,0.9809,277,22.0676,9,16,-67.9048,-84.8945,direct,0.0000,30.0000,-84.5408
397.3,node[9],6,6781.6589,4671.6849,1.8950,0.0000,0.0000,-0.4945,833751137#26,-87.3859,-5.0000,100.0000,default,15,rsu(277m),3257,104393,0.0180,277,22.0640,2,2,-87.3859,-104.3756,direct,0.0000,30.8000,-84.5287
397.4,node[9],6,6781.6589,4671.6849,1.8950,0.0000,0.0000,-0.4945,833751137#26,-81.8282,-5.0000,100.0000,default,15,rsu(277m),3258,104431,0.0180,277,22.0604,2,2,-81.8282,-98.8179,direct,0.0000,30.8000,-84.5204
397.5,node[9],6,6781.6589,4671.6849,1.8950,0.0000,0.0000,-0.4945,833751137#26,-74.6103,-0.3785,100.0000,default,15,rsu(277m),3259,104468,0.1559,277,22.0639,4,6,-74.6103,-91.6000,direct,0.0000,30.0000,-84.5130
397.6,node[9],6,6781.6589,4671.6849,1.8950,0.0000,0.0000,-0.4945,833751137#26,-76.1500,0.1337,100.0000,default,16,rsu(277m),3260,104506,0.1926,277,22.0687,4,6,-76.1500,-93.1397,direct,0.0000,30.0000,-84.4433
397.7,node[9],6,6781.6589,4671.6849,1.8950,0.0000,0.0000,-0.4945,833751137#26,-72.3800,4.3154,100.0000,default,16,rsu(277m),3261,104545,0.6587,277,22.0665,6,10,-72.3800,-89.3697,direct,0.0000,30.8000,-84.4313
397.8,node[9],6,6781.6589,4671.6849,1.8950,0.0000,0.0000,-0.4945,833751137#26,-77.8849,-1.9193,100.0000,default,16,rsu(277m),3262,104583,0.0787,277,22.0713,3,4,-77.8849,-94.8746,direct,0.0000,30.8000,-84.4228
397.9,node[9],6,6781.6589,4671.6849,1.8950,0.0000,0.0000,-0.4945,833751137#26,-70.8013,3.9630,100.0000,default,16,rsu(277m),3263,104622,0.6181,277,22.0708,6,10,-70.8013,-87.7910,direct,0.0000,30.8000,-84.4115
398,node[9],6,6781.6589,4671.6849,1.8950,0.0000,0.0000,-0.4945,833751137#26,-77.0847,1.6678,100.0000,default,16,rsu(277m),3264,104661,0.3394,277,22.0688,5,8,-77.0847,-94.0744,direct,0.0000,30.8000,-84.4009
398.1,node[9],6,6781.6589,4671.6849,1.8950,0.0000,0.0000,-0.4945,833751137#26,-71.3411,7.2548,100.0000,default,16,rsu(277m),3265,104700,0.8935,277,22.0639,8,14,-71.3411,-88.3308,direct,0.0000,31.2000,-84.3901
398.2,node[9],6,6781.6589,4671.6849,1.8950,0.0000,0.0000,-0.4945,833751137#26,-70.6068,8.6114,100.0000,default,16,rsu(277m),3266,104738,0.9430,277,22.0705,8,14,-70.6068,-87.5965,direct,0.0000,31.2000,-84.3804
398.3,node[9],6,6781.6589,4671.6849,1.8950,0.0000,0.0000,-0.4945,833751137#26,-77.1092,-3.1630,100.0000,default,16,rsu(277m),3267,104776,0.0439,277,22.0675,2,2,-77.1092,-94.0989,direct,0.0000,30.4000,-84.3674
398.4,node[9],6,6781.6589,4671.6849,1.8950,0.0000,0.0000,-0.4945,833751137#26,-79.2652,-2.1190,100.0000,default,16,rsu(277m),3268,104815,0.0718,277,22.0596,3,4,-79.2652,-96.2549,direct,0.0000,30.4000,-84.3561
398.5,node[9],6,6781.6589,4671.6849,1.8950,0.0000,0.0000,-0.4945,833751137#26,-73.3755,3.1961,100.0000,default,16,rsu(277m),3269,104854,0.5245,277,22.0681,6,10,-73.3755,-90.3652,direct,0.0000,31.2000,-84.3443
398.6,node[9],6,6781.6589,4671.6849,1.8950,0.0000,0.0000,-0.4945,833751137#26,-76.3587,-0.7090,100.0000,default,16,rsu(277m),3270,104892,0.1353,277,22.0603,4,6,-76.3587,-93.3484,direct,0.0000,31.2000,-84.3337
398.7,node[9],6,6781.6589,4671.6849,1.8950,0.0000,0.0000,-0.4945,833751137#26,-75.2169,-0.0982,100.0000,default,16,rsu(277m),3271,104931,0.1752,277,22.0655,4,6,-75.2169,-92.2066,direct,0.0000,30.8000,-84.3199
398.8,node[9],6,6781.6589,4671.6849,1.8950,0.0000,0.0000,-0.4945,833751137#26,-75.9743,0.6200,100.0000,default,16,rsu(277m),3272,104970,0.2333,277,22.0610,4,6,-75.9743,-92.9640,direct,0.0000,30.8000,-84.3072
398.9,node[9],6,6781.6589,4671.6849,1.8950,0.0000,0.0000,-0.4945,833751137#26,-75.0263,-0.3249,100.0000,default,16,rsu(277m),3273,105007,0.1594,277,22.0653,4,6,-75.0263,-92.0160,direct,0.0000,30.4000,-84.2956
399,node[9],6,6781.6589,4671.6849,1.8950,0.0000,0.0000,-0.4945,833751137#26,-73.4203,5.1671,100.0000,default,16,rsu(277m),3274,105045,0.7472,277,22.0698,7,12,-73.4203,-90.4100,direct,0.0000,30.4000,-84.2807
399.1,node[9],6,6781.6589,4671.6849,1.8950,0.0000,0.0000,-0.4945,833751137#26,-75.5093,3.6467,100.0000,default,16,rsu(277m),3275,105084,0.5801,277,22.0624,6,10,-75.5093,-92.4990,direct,0.0000,30.8000,-84.2675
399.2,node[9],6,6781.6589,4671.6849,1.8950,0.0000,0.0000,-0.4945,833751137#26,-80.2135,-3.0625,100.0000,default,16,rsu(277m),3276,105123,0.0460,277,22.0625,2,2,-80.2135,-97.2032,direct,0.0000,30.8000,-84.2537
399.3,node[9],6,6781.6589,4671.6849,1.8950,0.0000,0.0000,-0.4945,833751137#26,-75.1107,1.8589,100.0000,default,16,rsu(277m),3277,105162,0.3611,277,22.0680,5,8,-75.1107,-92.1004,direct,0.0000,31.2000,-84.2396
399.4,node[9],6,6781.6589,4671.6849,1.8950,0.0000,0.0000,-0.4945,833751137#26,-70.7943,5.7539,100.0000,default,16,rsu(277m),3278,105201,0.7985,277,22.0605,7,12,-70.7943,-87.7840,direct,0.0000,31.2000,-84.2252
399.5,node[9],6,6781.6589,4671.6849,1.8950,0.0000,0.0000,-0.4945,833751137#26,-80.3011,-2.1311,100.0000,default,16,rsu(277m),3279,105240,0.0714,277,22.0660,3,4,-80.3011,-97.2908,direct,0.0000,31.2000,-84.2104
399.6,node[9],6,6781.6589,4671.6849,1.8950,0.0000,0.0000,-0.4945,833751137#26,-72.7525,2.8798,100.0000,default,16,rsu(277m),3280,105278,0.4850,277,22.0720,5,8,-72.7525,-89.7422,direct,0.0000,31.2000,-84.1969
399.7,node[9],6,6781.6589,4671.6849,1.8950,0.0000,0.0000,-0.4945,833751137#26,-83.5089,-5.0000,100.0000,default,16,rsu(277m),3281,105317,0.0180,277,22.0681,2,2,-83.5089,-100.4986,direct,0.0000,30.8000,-84.1799
399.8,node[9],6,6781.6589,4671.6849,1.8950,0.0000,0.0000,-0.4945,833751137#26,-78.2498,-2.5209,100.0000,default,16,rsu(277m),3282,105356,0.0595,277,22.0608,3,4,-78.2498,-95.2395,direct,0.0000,30.8000,-84.1641
399.9,node[9],6,6781.6589,4671.6849,1.8950,0.0000,0.0000,-0.4945,833751137#26,-86.3142,-5.0000,100.0000,default,16,rsu(277m),3283,105395,0.0180,277,22.0612,2,2,-86.3142,-103.3039,direct,0.0000,31.2000,-84.1479
400,node[9],6,6781.6589,4671.6849,1.8950,0.0000,0.0000,-0.4945,833751137#26,-76.5499,0.5325,100.0000,default,16,rsu(277m),3284,105433,0.2255,277,22.0670,4,6,-76.5499,-93.5396,direct,0.0000,31.2000,-84.1329
400.1,node[9],6,6781.6589,4671.6849,1.8950,0.0000,0.0000,-0.4945,833751137#26,-73.4200,5.0415,100.0000,default,16,rsu(277m),3285,105470,0.7351,277,22.0720,7,12,-73.4200,-90.4097,direct,0.0000,30.0000,-84.1173
400.2,node[9],6,6781.6589,4671.6849,1.8950,0.0000,0.0000,-0.4945,833751137#26,-75.1427,2.7722,100.0000,default,16,rsu(277m),3286,105509,0.4716,277,22.0709,5,8,-75.1427,-92.1324,direct,0.0000,30.0000,-84.0970
400.3,node[9],6,6781.6589,4671.6849,1.8950,0.0000,0.0000,-0.4945,833751137#26,-83.9250,-5.0000,100.0000,default,16,rsu(277m),3287,105548,0.0180,277,22.0701,2,2,-83.9250,-100.9147,direct,0.0000,31.2000,-84.0793
400.4,node[9],6,6781.6589,4671.6849,1.8950,0.0000,0.0000,-0.4945,833751137#26,-72.7343,3.6790,100.0000,default,16,rsu(277m),3288,105586,0.5841,277,22.0623,6,10,-72.7343,-89.7240,direct,0.0000,31.2000,-84.0609
400.5,node[9],6,6781.6589,4671.6849,1.8950,0.0000,0.0000,-0.4945,833751137#26,-82.6589,-5.0000,100.0000,default,16,rsu(277m),3289,105625,0.0180,277,22.0682,2,2,-82.6589,-99.6486,direct,0.0000,30.8000,-84.0423
400.6,node[9],6,6781.6589,4671.6849,1.8950,0.0000,0.0000,-0.4945,833751137#26,-83.0315,-4.1111,100.0000,default,16,rsu(277m),3290,105663,0.0278,277,22.0630,2,2,-83.0315,-100.0212,direct,0.0000,30.8000,-84.0244
400.7,node[9],6,6781.6589,4671.6849,1.8950,0.0000,0.0000,-0.4945,833751137#26,-76.5646,0.2940,100.0000,default,16,rsu(277m),3291,105701,0.2054,277,22.0614,4,6,-76.5646,-93.5543,direct,0.0000,30.4000,-84.0032
400.8,node[9],6,6781.6589,4671.6849,1.8950,0.0000,0.0000,-0.4945,833751137#26,-79.8750,-0.5306,100.0000,default,16,rsu(277m),3292,105739,0.1461,277,22.0678,4,6,-79.8750,-96.8647,direct,0.0000,30.4000,-83.9843
400.9,node[9],6,6781.6589,4671.6849,1.8950,0.0000,0.0000,-0.4945,833751137#26,-74.2996,3.0463,100.0000,default,16,rsu(277m),3293,105777,0.5058,277,22.0610,6,10,-74.2996,-91.2893,direct,0.0000,30.4000,-83.9649
401,node[9],6,6781.6589,4671.6849,1.8950,0.0000,0.0000,-0.4945,833751137#26,-83.5274,-5.0000,100.0000,default,16,rsu(277m),3294,105815,0.0180,277,22.0672,2,2,-83.5274,-100.5171,direct,0.0000,30.4000,-83.9407
401.1,node[9],6,6781.6589,4671.6849,1.8950,0.0000,0.0000,-0.4945,833751137#26,-83.2034,-5.0000,100.0000,default,16,rsu(277m),3295,105854,0.0180,277,22.0664,2,2,-83.2034,-100.1931,direct,0.0000,30.8000,-83.9187
401.2,node[9],6,6781.6589,4671.6849,1.8950,0.0000,0.0000,-0.4945,833751137#26,-78.2785,-3.0401,100.0000,default,16,rsu(277m),3296,105893,0.0465,277,22.0657,2,2,-78.2785,-95.2682,direct,0.0000,30.8000,-83.8961
401.3,node[9],6,6781.6589,4671.6849,1.8950,0.0000,0.0000,-0.4945,833751137#26,-75.4949,2.7074,100.0000,default,16,rsu(277m),3297,105932,0.4635,277,22.0621,5,8,-75.4949,-92.4846,direct,0.0000,31.2000,-83.8729
401.4,node[9],6,6781.6589,4671.6849,1.8950,0.0000,0.0000,-0.4945,833751137#26,-76.1653,-0.0638,100.0000,default,16,rsu(277m),3298,105970,0.1777,277,22.0609,4,6,-76.1653,-93.1550,direct,0.0000,31.2000,-83.8490
401.5,node[9],6,6781.6589,4671.6849,1.8950,0.0000,0.0000,-0.4945,833751137#26,-70.4104,7.1585,100.0000,default,16,rsu(277m),3299,106008,0.8889,277,22.0603,8,14,-70.4104,-87.4001,direct,0.0000,30.4000,-83.8244
401.6,node[9],6,6781.6589,4671.6849,1.8950,0.0000,0.0000,-0.4945,833751137#26,-68.9497,9.6380,100.0000,default,16,rsu(277m),3300,106047,0.9651,277,22.0699,9,16,-68.9497,-85.9394,direct,0.0000,30.4000,-83.7991
401.7,node[9],6,6781.6589,4671.6849,1.8950,0.0000,0.0000,-0.4945,833751137#26,-72.2661,1.9156,100.0000,default,16,rsu(277m),3301,106085,0.3677,277,22.0659,5,8,-72.2661,-89.2558,direct,0.0000,30.8000,-83.7729
401.8,node[9],6,6781.6589,4671.6849,1.8950,0.0000,0.0000,-0.4945,833751137#26,-73.4139,4.1419,100.0000,default,16,rsu(277m),3302,106124,0.6390,277,22.0660,6,10,-73.4139,-90.4036,direct,0.0000,30.8000,-83.7460
401.9,node[9],6,6781.6589,4671.6849,1.8950,0.0000,0.0000,-0.4945,833751137#26,-72.2276,2.9966,100.0000,default,16,rsu(277m),3303,106162,0.4996,277,22.0656,5,8,-72.2276,-89.2173,direct,0.0000,30.8000,-83.7182
402,node[9],6,6781.6589,4671.6849,1.8950,0.0000,0.0000,-0.4945,833751137#26,-74.7129,1.1263,100.0000,default,16,rsu(277m),3304,106200,0.2815,277,22.0647,5,8,-74.7129,-91.7026,direct,0.0000,30.8000,-83.6895
402.1,node[9],6,6781.6589,4671.6849,1.8950,0.0000,0.0000,-0.4945,833751137#26,-74.3725,0.9808,100.0000,default,16,rsu(277m),3305,106239,0.2671,277,22.0623,4,6,-74.3725,-91.3622,direct,0.0000,30.8000,-83.6600
402.2,node[9],6,6781.6589,4671.6849,1.8950,0.0000,0.0000,-0.4945,833751137#26,-77.5605,0.6163,100.0000,default,16,rsu(277m),3306,106278,0.2329,277,22.0721,4,6,-77.5605,-94.5502,direct,0.0000,30.8000,-83.6295
402.3,node[9],6,6781.6589,4671.6849,1.8950,0.0000,0.0000,-0.4945,833751137#26,-72.6885,5.1716,100.0000,default,16,rsu(277m),3307,106317,0.7476,277,22.0699,7,12,-72.6885,-89.6782,direct,0.0000,31.2000,-83.5980
402.4,node[9],6,6781.6589,4671.6849,1.8950,0.0000,0.0000,-0.4945,833751137#26,-81.5806,-4.3844,100.0000,default,16,rsu(277m),3308,106354,0.0243,277,22.0612,2,2,-81.5806,-98.5703,direct,0.0000,31.2000,-83.5664
402.5,node[9],6,6781.6589,4671.6849,1.8950,0.0000,0.0000,-0.4945,833751137#26,-77.4953,-1.5601,100.0000,default,16,rsu(277m),3309,106392,0.0928,277,22.0721,3,4,-77.4953,-94.4850,direct,0.0000,30.0000,-83.5315
402.6,node[9],6,6781.6589,4671.6849,1.8950,0.0000,0.0000,-0.4945,833751137#26,-75.3196,-1.5181,100.0000,default,16,rsu(277m),3310,106431,0.0946,277,22.0700,3,4,-75.3196,-92.3093,direct,0.0000,30.0000,-83.4964
402.7,node[9],6,6781.6589,4671.6849,1.8950,0.0000,0.0000,-0.4945,833751137#26,-82.8901,-5.0000,100.0000,default,16,rsu(277m),3311,106470,0.0180,277,22.0680,2,2,-82.8901,-99.8798,direct,0.0000,31.2000,-83.4602
402.8,node[9],6,6781.6589,4671.6849,1.8950,0.0000,0.0000,-0.4945,833751137#26,-75.4764,3.2307,100.0000,default,16,rsu(277m),3312,106509,0.5288,277,22.0632,6,10,-75.4764,-92.4661,direct,0.0000,31.2000,-83.4226
402.9,node[9],6,6781.6589,4671.6849,1.8950,0.0000,0.0000,-0.4945,833751137#26,-73.8799,4.2595,100.0000,default,16,rsu(277m),3313,106546,0.6524,277,22.0608,6,10,-73.8799,-90.8696,direct,0.0000,30.4000,-83.3836
403,node[9],6,6781.6589,4671.6849,1.8950,0.0000,0.0000,-0.4945,833751137#26,-74.2250,2.6165,100.0000,default,16,rsu(277m),3314,106583,0.4522,277,22.0720,5,8,-74.2250,-91.2147,direct,0.0000,30.4000,-83.3433
403.1,node[9],6,6781.6589,4671.6849,1.8950,0.0000,0.0000,-0.4945,833751137#26,-74.2363,1.6259,100.0000,default,16,rsu(277m),3315,106621,0.3347,277,22.0707,5,8,-74.2363,-91.2260,direct,0.0000,30.0000,-83.3014
403.2,node[9],6,6781.6589,4671.6849,1.8950,0.0000,0.0000,-0.4945,833751137#26,-74.1557,1.7828,100.0000,default,16,rsu(277m),3316,106659,0.3524,277,22.0675,5,8,-74.1557,-91.1454,direct,0.0000,30.0000,-83.2578
403.3,node[9],6,6781.6589,4671.6849,1.8950,0.0000,0.0000,-0.4945,833751137#26,-73.5308,2.9932,100.0000,default,16,rsu(277m),3317,106696,0.4992,277,22.0684,5,8,-73.5308,-90.5205,direct,0.0000,30.0000,-83.2124
403.4,node[9],6,6781.6589,4671.6849,1.8950,0.0000,0.0000,-0.4945,833751137#26,-73.7505,5.2171,100.0000,default,16,rsu(277m),3318,106734,0.7519,277,22.0669,7,12,-73.7505,-90.7402,direct,0.0000,30.0000,-83.1654
403.5,node[9],6,6781.6589,4671.6849,1.8950,0.0000,0.0000,-0.4945,833751137#26,-71.0157,4.9312,100.0000,default,16,rsu(277m),3319,106772,0.7242,277,22.0677,6,10,-71.0157,-88.0054,direct,0.0000,30.4000,-83.1163
403.6,node[9],6,6781.6589,4671.6849,1.8950,0.0000,0.0000,-0.4945,833751137#26,-86.0237,-5.0000,100.0000,default,16,rsu(277m),3320,106809,0.0180,277,22.0606,2,2,-86.0237,-103.0134,direct,0.0000,30.4000,-83.0660
403.7,node[9],6,6781.6589,4671.6849,1.8950,0.0000,0.0000,-0.4945,833751137#26,-76.9654,0.6851,100.0000,default,16,rsu(277m),3321,106847,0.2391,277,22.0665,4,6,-76.9654,-93.9551,direct,0.0000,30.0000,-83.0123
403.8,node[9],6,6781.6589,4671.6849,1.8950,0.0000,0.0000,-0.4945,833751137#26,-79.4903,-3.6768,100.0000,default,16,rsu(277m),3322,106883,0.0343,277,22.0619,2,2,-79.4903,-96.4800,direct,0.0000,30.0000,-82.9575
403.9,node[9],6,6781.6589,4671.6849,1.8950,0.0000,0.0000,-0.4945,833751137#26,-71.5691,5.4397,100.0000,default,16,rsu(277m),3323,106920,0.7720,277,22.0604,7,12,-71.5691,-88.5588,direct,0.0000,29.2000,-82.8992
404,node[9],6,6781.6589,4671.6849,1.8950,0.0000,0.0000,-0.4945,833751137#26,-71.3002,2.9194,100.0000,default,16,rsu(277m),3324,106958,0.4899,277,22.0664,5,8,-71.3002,-88.2899,direct,0.0000,29.2000,-82.8389
404.1,node[9],6,6781.6589,4671.6849,1.8950,0.0000,0.0000,-0.4945,833751137#26,-80.3897,-4.5980,100.0000,default,16,rsu(277m),3325,106995,0.0219,277,22.0720,2,2,-80.3897,-97.3794,direct,0.0000,30.0000,-82.7759
404.2,node[9],6,6781.6589,4671.6849,1.8950,0.0000,0.0000,-0.4945,833751137#26,-78.8998,-3.3155,100.0000,default,16,rsu(277m),3326,107033,0.0408,277,22.0606,2,2,-78.8998,-95.8895,direct,0.0000,30.0000,-82.7101
404.3,node[9],6,6781.6589,4671.6849,1.8950,0.0000,0.0000,-0.4945,833751137#26,-73.4517,2.4054,100.0000,default,16,rsu(277m),3327,107070,0.4262,277,22.0688,5,8,-73.4517,-90.4414,direct,0.0000,30.0000,-82.6415
404.4,node[9],6,6781.6589,4671.6849,1.8950,0.0000,0.0000,-0.4945,833751137#26,-86.7831,-5.0000,100.0000,default,16,rsu(277m),3328,107108,0.0180,277,22.0680,2,2,-86.7831,-103.7728,direct,0.0000,30.0000,-82.5696
404.5,node[9],6,6781.6589,4671.6849,1.8950,0.0000,0.0000,-0.4945,833751137#26,-79.2127,-4.9068,100.0000,default,16,rsu(277m),3329,107146,0.0188,277,22.0674,2,2,-79.2127,-96.2024,direct,0.0000,30.4000,-82.4943
404.6,node[9],6,6781.6589,4671.6849,1.8950,0.0000,0.0000,-0.4945,833751137#26,-76.2732,-1.4895,100.0000,default,16,rsu(277m),3330,107183,0.0958,277,22.0639,3,4,-76.2732,-93.2629,direct,0.0000,30.4000,-82.4158
404.7,node[9],6,6781.6589,4671.6849,1.8950,0.0000,0.0000,-0.4945,833751137#26,-75.1703,-0.8373,100.0000,default,16,rsu(277m),3331,107219,0.1280,277,22.0704,4,6,-75.1703,-92.1600,direct,0.0000,29.2000,-82.3335
404.8,node[9],6,6781.6589,4671.6849,1.8950,0.0000,0.0000,-0.4945,833751137#26,-74.4369,3.2618,100.0000,default,16,rsu(277m),3332,107257,0.5327,277,22.0661,6,10,-74.4369,-91.4266,direct,0.0000,29.2000,-82.2463
404.9,node[9],6,6781.6589,4671.6849,1.8950,0.0000,0.0000,-0.4945,833751137#26,-83.6662,-5.0000,100.0000,default,16,rsu(277m),3333,107294,0.0180,277,22.0620,2,2,-83.6662,-100.6559,direct,0.0000,30.0000,-82.1555
405,node[9],6,6781.6589,4671.6849,1.8950,0.0000,0.0000,-0.4945,833751137#26,-71.9354,4.6246,100.0000,default,16,rsu(277m),3334,107332,0.6926,277,22.0617,6,10,-71.9354,-88.9251,direct,0.0000,30.0000,-82.0601
405.1,node[9],6,6781.6589,4671.6849,1.8950,0.0000,0.0000,-0.4945,833751137#26,-75.2826,-0.2942,100.0000,default,16,rsu(277m),3335,107369,0.1615,277,22.0600,4,6,-75.2826,-92.2723,direct,0.0000,30.0000,-81.9601
405.2,node[9],6,6781.6818,4671.6972,1.8950,0.2600,2.6000,-0.4945,833751137#26,-82.2847,-3.3907,100.0000,default,16,rsu(277m),3336,107407,0.0393,277,22.0620,2,2,-82.2847,-99.2744,direct,0.0000,30.0000,-81.8562
405.3,node[9],6,6781.7276,4671.7219,1.8950,0.5200,2.6000,-0.4945,833751137#26,-85.5036,-5.0000,100.0000,default,16,rsu(277m),3337,107444,0.0180,277,22.0615,2,2,-85.5036,-102.4933,direct,0.0000,30.0000,-81.7506
405.4,node[9],6,6781.7962,4671.7589,1.8950,0.7800,2.6000,-0.4945,833751137#26,-72.6675,2.9027,100.0000,default,16,rsu(277m),3338,107480,0.4878,277,22.0703,5,8,-72.6675,-89.6572,direct,0.0000,30.0000,-81.6424
405.5,node[9],6,6781.8878,4671.8083,1.8950,1.0400,2.6000,-0.4945,833751137#26,-71.0369,6.5816,100.0000,default,16,rsu(277m),3339,107517,0.8570,277,22.0665,7,12,-71.0369,-88.0266,direct,0.0000,29.2000,-81.5320
405.6,node[9],6,6782.0022,4671.8700,1.8950,1.3000,2.6000,-0.4945,833751137#26,-72.4879,6.8161,100.0000,default,16,rsu(277m),3340,107555,0.8708,277,22.0652,7,12,-72.4879,-89.4776,direct,0.0000,29.2000,-81.4194
405.7,node[9],6,6782.1395,4671.9440,1.8950,1.5600,2.6000,-0.4945,833751137#26,-71.5850,6.2773,100.0000,default,16,rsu(277m),3341,107592,0.8373,277,22.0643,7,12,-71.5850,-88.5747,direct,0.0000,30.0000,-81.3047
405.8,node[9],6,6782.2997,4672.0304,1.8950,1.8200,2.6000,-0.4945,833751137#26,-76.4312,-1.1269,100.0000,default,16,rsu(277m),3342,107629,0.1127,277,22.0614,3,4,-76.4312,-93.4209,direct,0.0000,30.0000,-81.1879
405.9,node[9],6,6782.4828,4672.1291,1.8950,2.0800,2.6000,-0.4945,833751137#26,-70.3585,5.4000,100.0000,default,16,rsu(277m),3343,107667,0.7685,277,22.0625,7,12,-70.3585,-87.3482,direct,0.0000,30.0000,-81.0687
406,node[9],6,6782.7078,4672.1447,1.8950,2.3400,2.6000,-0.4758,:227579258_8,-70.7611,4.8946,100.0000,default,16,rsu(277m),3344,107704,0.7206,277,22.0650,6,10,-70.7611,-87.7508,direct,0.0000,30.0000,-80.9461
406.1,node[9],6,6782.9660,4672.1213,1.8950,2.6000,2.6000,-0.4466,:227579258_8,-77.0876,-0.8983,100.0000,default,16,rsu(277m),3345,107742,0.1246,277,22.0656,4,6,-77.0876,-94.0773,direct,0.0000,30.0000,-80.8207
406.2,node[9],6,6783.2500,4672.0955,1.8950,2.8600,2.6000,-0.4140,:227579258_8,-74.0960,2.2726,100.0000,default,16,rsu(276m),3346,107779,0.4101,276,22.0598,5,8,-74.0960,-91.0857,direct,0.0000,30.0000,-80.6933
406.3,node[9],6,6783.5563,4672.0676,1.8950,3.0839,2.2388,-0.3783,:227579258_8,-70.7685,8.5214,100.0000,default,16,rsu(276m),3347,107817,0.9405,276,22.0650,8,14,-70.7685,-87.7582,direct,0.0000,30.0000,-80.5627
406.4,node[9],6,6783.8625,4672.0398,1.8950,3.0839,0.0000,-0.3421,:227579258_8,-76.0901,2.6509,100.0000,default,16,rsu(276m),3348,107854,0.4565,276,22.0625,5,8,-76.0901,-93.0798,direct,0.0000,30.0000,-80.4291
406.5,node[9],6,6784.1254,4671.9193,1.8950,2.9896,-0.9424,-0.2901,:227579258_12,-72.6493,1.7084,100.0000,default,16,rsu(275m),3349,107891,0.3439,275,22.0602,5,8,-72.6493,-89.6390,direct,0.0000,29.6000,-80.2863
406.6,node[9],6,6784.3663,4671.7477,1.8950,2.9564,-0.3321,-0.2270,:227579258_12,-76.3408,-2.4998,100.0000,default,16,rsu(275m),3350,107929,0.0601,275,22.0619,3,4,-76.3408,-93.3305,direct,0.0000,29.6000,-80.1359
406.7,node[9],6,6784.6082,4671.5754,1.8950,2.9680,0.1159,-0.1611,:227579258_12,-76.5166,0.4258,100.0000,default,16,rsu(275m),3351,107967,0.2163,275,22.0614,4,6,-76.5166,-93.5063,direct,0.0000,30.4000,-79.9808
406.8,node[9],6,6784.7065,4671.3163,1.8950,3.0640,0.9602,-0.0756,:227579258_12,-72.9889,3.6249,100.0000,default,16,rsu(275m),3352,108004,0.5775,275,22.0641,6,10,-72.9889,-89.9786,direct,0.0000,30.4000,-79.8072
406.9,node[9],6,6784.7166,4671.0167,1.8950,2.9964,-0.6766,0.0276,:227579258_12,-77.9171,0.1693,100.0000,default,16,rsu(274m),3353,108042,0.1954,274,22.0722,4,6,-77.9171,-94.9068,direct,0.0000,30.0000,-79.6193
407,node[9],6,6784.7268,4670.7153,1.8950,3.0140,0.1766,0.1444,:227579258_12,-72.7096,6.0707,100.0000,default,16,rsu(274m),3354,108080,0.8228,274,22.0717,7,12,-72.7096,-89.6993,direct,0.0000,30.0000,-79.4251
407.1,node[9],6,6784.6356,4670.4397,1.8950,2.9874,-0.2664,0.2733,:227579258_12,-74.7408,-0.0520,100.0000,default,16,rsu(274m),3355,108117,0.1786,274,22.0670,4,6,-74.7408,-91.7305,direct,0.0000,30.0000,-79.2156
407.2,node[9],6,6784.4941,4670.1694,1.8950,3.0493,0.6193,0.4253,:227579258_12,-77.0984,-2.5294,100.0000,default,16,rsu(274m),3356,108155,0.0593,274,22.0680,3,4,-77.0984,-94.0881,direct,0.0000,30.0000,-78.9928
407.3,node[9],6,6784.3539,4669.9016,1.8950,3.0216,-0.2771,0.5948,:227579258_12,-73.2142,1.6330,100.0000,default,16,rsu(274m),3357,108193,0.3355,274,22.0654,5,8,-73.2142,-90.2039,direct,0.0000,30.4000,-78.7611
407.4,node[9],6,6784.2118,4669.6299,1.8950,3.0644,0.4275,0.7782,:227579258_12,-78.5639,-4.6170,100.0000,default,16,rsu(274m),3358,108231,0.0217,274,22.0675,2,2,-78.5639,-95.5536,direct,0.0000,30.4000,-78.5207
407.5,node[9],6,6784.0728,4669.3644,1.8950,2.9961,-0.6824,0.9577,:227579258_12,-72.9165,2.1381,100.0000,default,16,rsu(274m),3359,108267,0.3939,274,22.0631,5,8,-72.9165,-89.9062,direct,0.0000,29.6000,-78.2718
407.6,node[9],6,6783.8235,4669.2125,1.8950,2.9619,-0.3427,1.1411,-833751137#26,-75.7374,-0.5433,100.0000,default,16,rsu(274m),3360,108304,0.1453,274,22.0631,4,6,-75.7374,-92.7271,direct,0.0000,29.6000,-78.0050
407.7,node[9],6,6783.5424,4669.0609,1.8950,3.1935,2.3167,1.3328,-833751137#26,-67.1454,11.3328,100.0000,default,16,rsu(274m),3361,108342,0.9847,274,22.0677,10,18,-67.1454,-84.1351,direct,0.0000,30.0000,-77.7246
407.8,node[9],6,6783.2479,4668.9021,1.8950,3.3463,1.5279,1.5336,-833751137#26,-71.8170,6.5903,100.0000,default,16,rsu(274m),3362,108380,0.8576,274,22.0660,7,12,-71.8170,-88.8067,direct,0.0000,30.0000,-77.4231
407.9,node[9],6,6782.9381,4668.7350,1.8950,3.5193,1.7297,1.7311,-833751137#26,-77.2945,1.7647,100.0000,default,16,rsu(274m),3363,108418,0.3503,274,22.0689,5,8,-77.2945,-94.2842,direct,0.0000,30.4000,-77.0982
408,node[9],6,6782.6126,4668.5595,1.8950,3.6976,1.7829,1.9110,-833751137#26,-78.0110,-1.0733,100.0000,default,16,rsu(275m),3364,108455,0.1154,275,22.0657,3,4,-78.0110,-95.0007,direct,0.0000,30.4000,-76.7466
408.1,node[9],6,6782.2734,4668.3766,1.8950,3.8533,1.5573,2.0696,-833751137#26,-71.9224,4.3318,100.0000,default,16,rsu(275m),3365,108492,0.6606,275,22.0615,6,10,-71.9224,-88.9121,direct,0.0000,29.6000,-76.3658
408.2,node[9],6,6781.9226,4668.1874,1.8950,3.9862,1.3289,2.2122,-833751137#26,-68.9679,9.8851,100.0000,default,16,rsu(275m),3366,108529,0.9690,275,22.0707,9,16,-68.9679,-85.9576,direct,0.0000,29.6000,-75.9516
408.3,node[9],6,6781.5534,4667.9883,1.8950,4.1943,2.0807,2.3274,-833751137#26,-73.6662,2.8153,100.0000,default,16,rsu(275m),3367,108567,0.4769,275,22.0619,5,8,-73.6662,-90.6559,direct,0.0000,30.0000,-75.4974
408.4,node[9],6,6781.1650,4667.7789,1.8950,4.4127,2.1846,2.4233,-833751137#26,-75.2960,2.0513,100.0000,default,16,rsu(275m),3368,108605,0.3836,275,22.0661,5,8,-75.2960,-92.2857,direct,0.0000,30.0000,-74.9975
408.5,node[9],6,6780.7599,4667.5605,1.8950,4.6020,1.8923,2.5017,-833751137#26,-73.5880,4.6903,100.0000,default,16,rsu(275m),3369,108643,0.6995,275,22.0626,6,10,-73.5880,-90.5777,direct,0.0000,30.4000,-74.4461
408.6,node[9],6,6780.3396,4667.3338,1.8950,4.7747,1.7277,2.5583,-833751137#26,-77.9727,-1.0201,100.0000,default,16,rsu(276m),3370,108680,0.1181,276,22.0657,3,4,-77.9727,-94.9624,direct,0.0000,30.4000,-73.8343
408.7,node[9],6,6779.9029,4667.0983,1.8950,4.9622,1.8744,2.6157,-833751137#26,-72.7197,4.5103,100.0000,default,16,rsu(276m),3371,108717,0.6803,276,22.0701,6,10,-72.7197,-89.7094,direct,0.0000,29.6000,-73.1506
408.8,node[9],6,6779.4515,4666.8550,1.8950,5.1275,1.6538,2.6471,-833751137#26,-72.7823,1.2066,100.0000,default,16,rsu(276m),3372,108755,0.2897,276,22.0624,5,8,-72.7823,-89.7720,direct,0.0000,29.6000,-72.3930
408.9,node[9],6,6778.9856,4666.6037,1.8950,5.2940,1.6649,2.6471,-833751137#26,-74.6670,3.5232,100.0000,default,16,rsu(276m),3373,108792,0.5650,276,22.0635,6,10,-74.6670,-91.6567,direct,0.0000,30.0000,-71.5601
409,node[9],6,6778.5005,4666.3421,1.8950,5.5102,2.1621,2.6471,-833751137#26,-76.0460,2.7886,100.0000,default,16,rsu(277m),3374,108829,0.4736,277,22.0660,5,8,-76.0460,-93.0357,direct,0.0000,30.0000,-70.6360
409.1,node[9],6,6778.0004,4666.0724,1.8950,5.6821,1.7187,2.6471,-833751137#26,-74.7331,0.4644,100.0000,default,16,rsu(277m),3375,108866,0.2196,277,22.0690,4,6,-74.7331,-91.7228,direct,0.0000,29.6000,-69.6035
409.2,node[9],6,6777.4883,4665.7963,1.8950,5.8175,1.3543,2.6471,-833751137#26,-71.8756,4.1883,100.0000,default,16,rsu(277m),3376,108903,0.6443,277,22.0606,6,10,-71.8756,-88.8653,direct,0.0000,29.6000,-68.4387
409.3,node[9],6,6776.9624,4665.5127,1.8950,5.9749,1.5732,2.6471,-833751137#26,-81.3938,-5.0000,100.0000,default,16,rsu(277m),3377,108939,0.0180,277,22.0655,2,2,-81.3938,-98.3835,direct,0.0000,29.2000,-67.1071
409.4,node[9],6,6776.4224,4665.2215,1.8950,6.1347,1.5987,2.6471,-833751137#26,-83.7092,-5.0000,100.0000,default,16,rsu(278m),3378,108977,0.0180,278,22.0690,2,2,-83.7092,-100.6989,direct,0.0000,29.2000,-65.5598
409.5,node[9],6,6775.8671,4664.9221,1.8950,6.3088,1.7410,2.6471,-833751137#26,-75.4245,-1.5558,100.0000,default,16,rsu(278m),3379,109014,0.0930,278,22.0639,3,4,-75.4245,-92.4142,direct,0.0000,30.0000,-63.7266
409.6,node[9],6,6775.2956,4664.6139,1.8950,6.4932,1.8441,2.6471,-833751137#26,-76.8211,-3.0051,100.0000,default,16,rsu(278m),3380,109051,0.0473,278,22.0624,2,2,-76.8211,-93.8108,direct,0.0000,30.0000,-61.5142
409.7,node[9],6,6774.7122,4664.2993,1.8950,6.6281,1.3483,2.6471,-833751137#26,-83.0126,-5.0000,100.0000,default,16,rsu(278m),3381,109088,0.0180,278,22.0658,2,2,-83.0126,-100.0023,direct,0.0000,29.6000,-58.8596
409.8,node[9],6,6774.1063,4663.9726,1.8950,6.8834,2.5529,2.6471,-833751137#26,-76.3610,1.8387,100.0000,default,16,rsu(279m),3382,109127,0.3588,279,22.0691,5,8,-76.3610,-93.3507,direct,0.0000,29.6000,-56.0645
409.9,node[9],6,6773.4867,4663.6385,1.8950,7.0398,1.5642,2.6471,-833751137#26,-71.9833,6.7835,100.0000,default,16,rsu(279m),3383,109166,0.8690,279,22.0660,7,12,-71.9833,-88.9730,direct,0.0000,31.2000,-55.0191
410,node[9],6,6772.8467,4663.2934,1.8950,7.2703,2.3049,2.6471,-833751137#26,-76.8505,-3.0179,100.0000,default,16,rsu(279m),3384,109204,0.0470,279,22.0700,2,2,-76.8505,-93.8402,direct,0.0000,31.2000,-56.9896
410.1,node[9],6,6772.1913,4662.9399,1.8950,7.4466,1.7634,2.6471,-833751137#26,-70.1669,7.7149,100.0000,default,16,rsu(280m),3385,109242,0.9135,280,22.0686,8,14,-70.1669,-87.1566,direct,0.0000,30.4000,-59.7329
410.2,node[9],6,6771.5231,4662.5796,1.8950,7.5914,1.4476,2.6471,-833751137#26,-74.7460,4.3514,100.0000,default,16,rsu(280m),3386,109281,0.6628,280,22.0717,6,10,-74.7460,-91.7357,direct,0.0000,30.4000,-62.1091
410.3,node[9],6,6770.8332,4662.2076,1.8950,7.8373,2.4591,2.6471,-833751137#26,-72.4956,6.1084,100.0000,default,16,rsu(280m),3387,109319,0.8255,280,22.0623,7,12,-72.4956,-89.4853,direct,0.0000,30.8000,-64.0574
410.4,node[9],6,6770.1312,4661.8291,1.8950,7.9754,1.3810,2.6471,-833751137#26,-75.2125,2.2799,100.0000,default,16,rsu(281m),3388,109356,0.4109,281,22.0664,5,8,-75.2125,-92.2022,direct,0.0000,30.8000,-65.6610
410.5,node[9],6,6769.4104,4661.4404,1.8950,8.1893,2.1387,2.6471,-833751137#26,-82.1450,-5.0000,100.0000,default,16,rsu(281m),3389,109394,0.0180,281,22.0724,2,2,-82.1450,-99.1347,direct,0.0000,30.0000,-67.0119
410.6,node[9],6,6768.6722,4661.0423,1.8950,8.3872,1.9798,2.6471,-833751137#26,-76.9692,-3.2085,100.0000,default,16,rsu(281m),3390,109432,0.0429,281,22.0655,2,2,-76.9692,-93.9589,direct,0.0000,30.0000,-68.1695
410.7,node[9],6,6767.9222,4660.6379,1.8950,8.5197,1.3249,2.6471,-833751137#26,-68.7028,5.3572,100.0000,default,16,rsu(282m),3391,109470,0.7647,282,22.0642,7,12,-68.7028,-85.6925,direct,0.0000,30.4000,-69.1733
410.8,node[9],6,6767.1566,4660.2251,1.8950,8.6987,1.7897,2.6471,-833751137#26,-71.7625,4.5849,100.0000,default,16,rsu(282m),3392,109509,0.6884,282,22.0610,6,10,-71.7625,-88.7522,direct,0.0000,30.4000,-70.0570
410.9,node[9],6,6766.3693,4659.8005,1.8950,8.9440,2.4531,2.6471,-833751137#26,-83.6248,-5.0000,100.0000,default,16,rsu(283m),3393,109547,0.0180,283,22.0660,2,2,-83.6248,-100.6145,direct,0.0000,30.8000,-70.8458
411,node[9],6,6765.5672,4659.3680,1.8950,9.1129,1.6889,2.6471,-833751137#26,-76.4547,1.2009,100.0000,default,16,rsu(283m),3394,109585,0.2891,283,22.0692,5,8,-76.4547,-93.4444,direct,0.0000,30.8000,-71.5444
411.1,node[9],6,6764.7473,4658.9259,1.8950,9.3145,2.0157,2.6471,-833751137#26,-71.8639,6.0665,100.0000,default,16,rsu(283m),3395,109623,0.8225,283,22.0701,7,12,-71.8639,-88.8536,direct,0.0000,30.4000,-72.1933
411.2,node[9],6,6763.9067,4658.4726,1.8950,9.5506,2.3614,2.6471,-833751137#26,-73.0461,3.9097,100.0000,default,16,rsu(284m),3396,109660,0.6118,284,22.0633,6,10,-73.0461,-90.0358,direct,0.0000,30.4000,-72.8001
411.3,node[9],6,6763.0509,4658.0111,1.8950,9.7225,1.7188,2.6471,-833751137#26,-69.3095,6.5584,100.0000,default,16,rsu(284m),3397,109698,0.8556,284,22.0701,7,12,-69.3095,-86.2992,direct,0.0000,30.0000,-73.3630
411.4,node[9],6,6762.1760,4657.5394,1.8950,9.9397,2.1718,2.6471,-833751137#26,-71.8754,7.1754,100.0000,default,16,rsu(285m),3398,109736,0.8897,285,22.0646,8,14,-71.8754,-88.8651,direct,0.0000,30.0000,-73.8618
411.5,node[9],6,6761.2866,4657.0597,1.8950,10.1049,1.6527,2.6471,-833751137#26,-73.6633,2.6048,100.0000,default,16,rsu(285m),3399,109774,0.4508,285,22.0722,5,8,-73.6633,-90.6530,direct,0.0000,30.4000,-74.3253
411.6,node[9],6,6760.3817,4656.5718,1.8950,10.2798,1.7488,2.6471,-833751137#26,-75.5371,-1.6626,100.0000,default,16,rsu(286m),3400,109812,0.0886,286,22.0676,3,4,-75.5371,-92.5268,direct,0.0000,30.4000,-74.7666
411.7,node[9],6,6759.4648,4656.0774,1.8950,10.4168,1.3698,2.6471,-833751137#26,-77.6109,0.4618,100.0000,default,16,rsu(286m),3401,109849,0.2194,286,22.0644,4,6,-77.6109,-94.6006,direct,0.0000,30.0000,-75.1665
411.8,node[9],6,6758.5362,4655.5767,1.8950,10.5500,1.3321,2.6471,-833751137#26,-85.7836,-5.0000,100.0000,default,16,rsu(287m),3402,109885,0.0180,287,22.0645,2,2,-85.7836,-102.7733,direct,0.0000,30.0000,-75.4995
411.9,node[9],6,6757.5957,4655.0695,1.8950,10.6853,1.3531,2.6471,-833751137#26,-71.1394,5.2024,100.0000,default,16,rsu(287m),3403,109923,0.7505,287,22.0651,7,12,-71.1394,-88.1291,direct,0.0000,29.6000,-75.8209
412,node[9],6,6756.6338,4654.5508,1.8950,10.9278,2.4252,2.6471,-833751137#26,-86.1170,-5.0000,100.0000,default,16,rsu(288m),3404,109962,0.0180,288,22.0704,2,2,-86.1170,-103.1067,direct,0.0000,29.6000,-76.1354
412.1,node[9],6,6755.6560,4654.0235,1.8950,11.1092,1.8137,2.6471,-833751137#26,-76.2093,0.1377,100.0000,default,16,rsu(288m),3405,110001,0.1929,288,22.0625,4,6,-76.2093,-93.1990,direct,0.0000,31.2000,-76.3928
412.2,node[9],6,6754.6609,4653.4870,1.8950,11.3047,1.9552,2.6471,-833751137#26,-70.8100,4.0375,100.0000,default,16,rsu(289m),3406,110040,0.6269,289,22.0701,6,10,-70.8100,-87.7997,direct,0.0000,31.2000,-76.6314
412.3,node[9],6,6753.6462,4652.9398,1.8950,11.5282,2.2347,2.6471,-833751137#26,-69.0873,8.2179,100.0000,default,16,rsu(289m),3407,110078,0.9314,289,22.0690,8,14,-69.0873,-86.0770,direct,0.0000,30.8000,-76.8673
412.4,node[9],6,6752.6128,4652.3825,1.8950,11.7403,2.1214,2.6471,-833751137#26,-73.3122,2.5092,100.0000,default,16,rsu(290m),3408,110117,0.4390,290,22.0630,5,8,-73.3122,-90.3019,direct,0.0000,30.8000,-77.0992
412.5,node[9],6,6751.5633,4651.8166,1.8950,11.9240,1.8366,2.6471,-833751137#26,-76.2684,2.4371,100.0000,default,16,rsu(291m),3409,110156,0.4301,291,22.0642,5,8,-76.2684,-93.2581,direct,0.0000,31.2000,-77.3159
412.6,node[9],6,6750.4970,4651.2416,1.8950,12.1141,1.9013,2.6471,-833751137#26,-68.7602,6.5669,100.0000,default,16,rsu(291m),3410,110193,0.8561,291,22.0625,7,12,-68.7602,-85.7499,direct,0.0000,31.2000,-77.5200
412.7,node[9],6,6749.4187,4650.6602,1.8950,12.2501,1.3597,2.6471,-833751137#26,-84.9009,-5.0000,100.0000,default,16,rsu(292m),3411,110232,0.0180,292,22.0608,2,2,-84.9009,-101.8906,direct,0.0000,30.4000,-77.7214
412.8,node[9],6,6748.3246,4650.0702,1.8950,12.4301,1.7999,2.6471,-833751137#26,-79.3939,-5.0000,100.0000,default,16,rsu(293m),3412,110271,0.0180,293,22.0722,2,2,-79.3939,-96.3836,direct,0.0000,30.4000,-77.9193
412.9,node[9],6,6747.2168,4649.4728,1.8950,12.5864,1.5627,2.6471,-833751137#26,-77.3541,0.6733,100.0000,default,16,rsu(293m),3413,110310,0.2381,293,22.0713,4,6,-77.3541,-94.3438,direct,0.0000,31.2000,-78.1140
413,node[9],6,6746.0955,4648.8682,1.8950,12.7383,1.5190,2.6471,-833751137#26,-71.8522,6.9149,100.0000,default,16,rsu(294m),3414,110346,0.8763,294,22.0641,7,12,-71.8522,-88.8419,direct,0.0000,31.2000,-78.3048
413.1,node[9],6,6744.9613,4648.2566,1.8950,12.8855,1.4729,2.6471,-833751137#26,-79.6716,-1.4079,100.0000,default,16,rsu(295m),3415,110383,0.0994,295,22.0699,3,4,-79.6716,-96.6613,direct,0.0000,29.2000,-78.4921
413.2,node[9],6,6743.8067,4647.6340,1.8950,13.1177,2.3219,2.6471,-833751137#26,-72.3245,6.2979,100.0000,default,16,rsu(295m),3416,110422,0.8387,295,22.0655,7,12,-72.3245,-89.3142,direct,0.0000,29.2000,-78.6778
413.3,node[9],6,6742.6351,4647.0022,1.8950,13.3109,1.9321,2.6471,-833751137#26,-68.6832,5.3895,100.0000,default,16,rsu(296m),3417,110462,0.7676,296,22.0659,7,12,-68.6832,-85.6729,direct,0.0000,31.6000,-78.8593
413.4,node[9],6,6741.4446,4646.3602,1.8950,13.5248,2.1386,2.6471,-833751137#26,-73.3244,5.4837,100.0000,default,16,rsu(297m),3418,110501,0.7759,297,22.0650,7,12,-73.3244,-90.3141,direct,0.0000,31.6000,-79.0373
413.5,node[9],6,6740.2340,4645.7060,1.8950,13.7602,2.3539,2.6468,:9549232151_4,-77.0210,-2.0857,100.0000,default,16,rsu(297m),3419,110541,0.0729,297,22.0711,3,4,-77.0210,-94.0107,direct,0.0000,31.6000,-79.2123
413.6,node[9],6,6739.0080,4645.0433,1.8950,13.9343,1.7410,2.6465,:9549232151_4,-70.3189,6.9486,100.0000,default,16,rsu(298m),3420,110579,0.8781,298,22.0644,7,12,-70.3189,-87.3086,direct,0.0000,31.6000,-79.3828
413.7,node[9],6,6737.7634,4644.3706,1.8950,14.1473,2.1303,2.6462,:9549232151_4,-68.1637,9.3017,100.0000,default,16,rsu(299m),3421,110616,0.9589,299,22.0649,9,16,-68.1637,-85.1534,direct,0.0000,30.0000,-79.5499
413.8,node[9],6,6736.5034,4643.6896,1.8950,14.3210,1.7364,2.6461,:9549232151_4,-72.6621,5.5314,100.0000,default,16,rsu(300m),3422,110656,0.7800,300,22.0704,7,12,-72.6621,-89.6518,direct,0.0000,30.0000,-79.7146
413.9,node[9],6,6735.2206,4642.9962,1.8950,14.5807,2.5974,2.6461,:9549232151_4,-79.7460,-5.0000,100.0000,default,16,rsu(300m),3423,110696,0.0180,300,22.0718,2,2,-79.7460,-96.7357,direct,0.0000,32.0000,-79.8748
414,node[9],6,6733.9251,4642.2960,1.8950,14.7251,1.4443,2.6461,:9549232151_4,-76.7164,2.1868,100.0000,default,16,rsu(301m),3424,110734,0.3997,301,22.0655,5,8,-76.7164,-93.7061,direct,0.0000,32.0000,-80.0304
414.1,node[9],6,6732.6077,4641.5834,1.8950,14.9778,2.5263,2.6460,-833751137#25,-83.1352,-5.0000,100.0000,default,16,rsu(302m),3425,110773,0.0180,302,22.0652,2,2,-83.1352,-100.1249,direct,0.0000,30.8000,-80.1838
414.2,node[9],6,6731.2705,4640.8593,1.8950,15.2062,2.2841,2.6457,-833751137#25,-72.1033,2.7616,100.0000,default,16,rsu(303m),3426,110812,0.4702,303,22.0710,5,8,-72.1033,-89.0930,direct,0.0000,30.8000,-80.3333
414.3,node[9],6,6729.9163,4640.1260,1.8950,15.3995,1.9334,2.6455,-833751137#25,-76.2730,2.6831,100.0000,default,16,rsu(304m),3427,110852,0.4605,304,22.0614,5,8,-76.2730,-93.2627,direct,0.0000,31.6000,-80.4784
414.4,node[9],6,6728.5423,4639.3819,1.8950,15.6250,2.2547,2.6453,-833751137#25,-74.1303,4.9707,100.0000,default,16,rsu(305m),3428,110892,0.7282,305,22.0600,6,10,-74.1303,-91.1200,direct,0.0000,31.6000,-80.6201
414.5,node[9],6,6727.1467,4638.6262,1.8950,15.8705,2.4546,2.6453,-833751137#25,-86.8222,-5.0000,100.0000,default,16,rsu(306m),3429,110930,0.0180,306,22.0601,2,2,-86.8222,-103.8119,direct,0.0000,31.2000,-80.7574
414.6,node[9],6,6725.7334,4637.8609,1.8950,16.0713,2.0086,2.6453,-833751137#25,-80.6910,-3.4680,100.0000,default,16,rsu(306m),3430,110968,0.0379,306,22.0715,2,2,-80.6910,-97.6807,direct,0.0000,31.2000,-80.8909
414.7,node[9],6,6724.3015,4637.0855,1.8950,16.2839,2.1258,2.6453,-833751137#25,-77.8289,-2.1360,100.0000,default,16,rsu(307m),3431,111008,0.0712,307,22.0709,3,4,-77.8289,-94.8186,direct,0.0000,31.2000,-81.0232
414.8,node[9],6,6722.8567,4636.3031,1.8950,16.4296,1.4570,2.6453,-833751137#25,-82.6459,-5.0000,100.0000,default,16,rsu(308m),3432,111048,0.0180,308,22.0644,2,2,-82.6459,-99.6356,direct,0.0000,31.2000,-81.1498
414.9,node[9],6,6721.3915,4635.5096,1.8950,16.6626,2.3302,2.6453,-833751137#25,-81.1779,-3.3582,100.0000,default,16,rsu(309m),3433,111085,0.0400,309,22.0675,2,2,-81.1779,-98.1676,direct,0.0000,30.8000,-81.2720
415,node[9],6,6719.9104,4634.7076,1.8950,16.8423,1.7970,2.6453,-833751137#25,-73.1595,4.3931,100.0000,default,16,rsu(310m),3434,111125,0.6674,310,22.0672,6,10,-73.1595,-90.1492,direct,0.0000,30.8000,-81.3925
415.1,node[9],6,6718.4125,4633.8965,1.8950,17.0338,1.9150,2.6453,-833751137#25,-77.1697,-3.3631,100.0000,default,16,rsu(311m),3435,111165,0.0399,311,22.0683,2,2,-77.1697,-94.1594,direct,0.0000,32.0000,-81.5085
415.2,node[9],6,6716.8984,4633.0766,1.8950,17.2184,1.8458,2.6453,-833751137#25,-79.0394,-0.2141,100.0000,default,16,rsu(312m),3436,111203,0.1670,312,22.0707,4,6,-79.0394,-96.0291,direct,0.0000,32.0000,-81.6201
415.3,node[9],6,6715.3650,4632.2462,1.8950,17.4380,2.1963,2.6453,-833751137#25,-76.5407,1.9279,100.0000,default,16,rsu(313m),3437,111241,0.3691,313,22.0600,5,8,-76.5407,-93.5304,direct,0.0000,30.4000,-81.7285
415.4,node[9],6,6713.8136,4631.4061,1.8950,17.6417,2.0362,2.6453,-833751137#25,-70.3164,8.6242,100.0000,default,16,rsu(314m),3438,111278,0.9433,314,22.0696,8,14,-70.3164,-87.3061,direct,0.0000,30.4000,-81.8336
415.5,node[9],6,6712.2399,4630.5539,1.8950,17.8959,2.5427,2.6453,-833751137#25,-78.8765,-4.7844,100.0000,default,16,rsu(315m),3439,111318,0.0200,315,22.0644,2,2,-78.8765,-95.8662,direct,0.0000,30.8000,-81.9404
415.6,node[9],6,6710.6521,4629.6941,1.8950,18.0562,1.6024,2.6453,-833751137#25,-77.3198,-0.2616,100.0000,default,16,rsu(317m),3440,111355,0.1637,317,22.0665,4,6,-77.3198,-94.3095,direct,0.0000,30.8000,-82.0392
415.7,node[9],6,6709.0471,4628.8250,1.8950,18.2520,1.9588,2.6453,-833751137#25,-75.5573,2.9249,100.0000,default,16,rsu(318m),3441,111395,0.4906,318,22.0712,5,8,-75.5573,-92.5470,direct,0.0000,30.8000,-82.1373
415.8,node[9],6,6707.4260,4627.9471,1.8950,18.4353,1.8327,2.6453,-833751137#25,-81.8220,-5.0000,100.0000,default,16,rsu(319m),3442,111434,0.0180,319,22.0701,2,2,-81.8220,-98.8117,direct,0.0000,30.8000,-82.2312
415.9,node[9],6,6705.7916,4627.0621,1.8950,18.5855,1.5019,2.6453,-833751137#25,-77.4684,-3.5354,100.0000,default,16,rsu(320m),3443,111474,0.0367,320,22.0621,2,2,-77.4684,-94.4581,direct,0.0000,31.6000,-82.3222
416,node[9],6,6704.1456,4626.1707,1.8950,18.7177,1.3224,2.6453,-833751137#25,-77.6144,1.7739,100.0000,default,16,rsu(321m),3444,111512,0.3514,321,22.0660,5,8,-77.6144,-94.6041,direct,0.0000,31.6000,-82.4089
416.1,node[9],6,6702.5038,4625.2818,1.8950,18.6706,-0.4712,2.6453,:9549232162_4,-72.5151,3.6522,100.0000,default,16,rsu(322m),3445,111550,0.5808,322,22.0692,6,10,-72.5151,-89.5048,direct,0.0000,30.4000,-82.4924
416.2,node[9],6,6700.8557,4624.3910,1.8950,18.7326,0.6201,2.6456,:9549232162_4,-68.2199,9.8202,100.0000,default,16,rsu(323m),3446,111591,0.9680,323,22.0600,9,16,-68.2199,-85.2096,direct,0.0000,30.4000,-82.5773
416.3,node[9],6,6699.2082,4623.5005,1.8950,18.7255,-0.0716,2.6459,:9549232162_4,-70.8148,4.9208,100.0000,default,16,rsu(325m),3447,111631,0.7232,325,22.0666,6,10,-70.8148,-87.8045,direct,0.0000,32.4000,-82.6564
416.4,node[9],6,6697.5670,4622.6134,1.8950,18.6553,-0.7019,2.6461,:9549232162_4,-75.2191,-0.4785,100.0000,default,16,rsu(326m),3448,111672,0.1494,326,22.0718,4,6,-75.2191,-92.2088,direct,0.0000,32.4000,-82.7327
416.5,node[9],6,6695.9256,4621.7262,1.8950,18.6562,0.0092,2.6461,:9549232162_4,-76.7536,-0.2270,100.0000,default,16,rsu(327m),3449,111712,0.1661,327,22.0671,4,6,-76.7536,-93.7433,direct,0.0000,32.4000,-82.8060
416.6,node[9],6,6694.2814,4620.8376,1.8950,18.6884,0.3215,2.6461,-833751137#24,-76.3740,2.8092,100.0000,default,16,rsu(328m),3450,111753,0.4762,328,22.0679,5,8,-76.3740,-93.3637,direct,0.0000,32.4000,-82.8769
416.7,node[9],6,6692.6357,4619.9483,1.8950,18.7069,0.1855,2.6461,-833751137#24,-70.6395,4.0016,100.0000,default,16,rsu(329m),3451,111794,0.6226,329,22.0663,6,10,-70.6395,-87.6292,direct,0.0000,32.8000,-82.9453
416.8,node[9],6,6690.9898,4619.0589,1.8950,18.7088,0.0189,2.6462,-833751137#24,-81.9141,-3.1718,100.0000,default,16,rsu(331m),3452,111833,0.0437,331,22.0657,2,2,-81.9141,-98.9038,direct,0.0000,32.8000,-83.0099
416.9,node[9],6,6689.3425,4618.1687,1.8950,18.7251,0.1635,2.6462,-833751137#24,-75.5380,1.2790,100.0000,default,16,rsu(332m),3453,111873,0.2972,332,22.0713,5,8,-75.5380,-92.5277,direct,0.0000,31.6000,-83.0748
417,node[9],6,6687.6971,4617.2796,1.8950,18.7034,-0.2176,2.6462,-833751137#24,-82.5181,-4.1408,100.0000,default,16,rsu(333m),3454,111914,0.0274,333,22.0714,2,2,-82.5181,-99.5078,direct,0.0000,31.6000,-83.1366
417.1,node[9],6,6686.0487,4616.3888,1.8950,18.7379,0.3457,2.6462,-833751137#24,-82.5929,-5.0000,100.0000,default,16,rsu(334m),3455,111954,0.0180,334,22.0656,2,2,-82.5929,-99.5826,direct,0.0000,32.4000,-83.1958
417.2,node[9],6,6684.4070,4615.5017,1.8950,18.6610,-0.7690,2.6462,-833751137#24,-72.9991,3.3511,100.0000,default,16,rsu(336m),3456,111995,0.5438,336,22.0599,6,10,-72.9991,-89.9888,direct,0.0000,32.4000,-83.2533
417.3,node[9],6,6682.7568,4614.6100,1.8950,18.7577,0.9662,2.6462,-833751137#24,-91.4763,-5.0000,100.0000,default,16,rsu(337m),3457,112034,0.0180,337,22.0596,2,2,-91.4763,-108.4660,direct,0.0000,32.0000,-83.3074
417.4,node[9],6,6681.1061,4613.7181,1.8950,18.7632,0.0553,2.6462,-833751137#24,-74.5630,2.1398,100.0000,default,16,rsu(338m),3458,112074,0.3941,338,22.0656,5,8,-74.5630,-91.5527,direct,0.0000,32.0000,-83.3622
417.5,node[9],6,6679.4613,4612.8293,1.8950,18.6963,-0.6692,2.6462,-833751137#24,-80.8351,-4.7475,100.0000,default,16,rsu(339m),3459,112114,0.0204,339,22.0601,2,2,-80.8351,-97.8248,direct,0.0000,32.0000,-83.4136
417.6,node[9],6,6677.8194,4611.9420,1.8950,18.6642,-0.3209,2.6462,-833751137#24,-77.7973,-3.1822,100.0000,default,16,rsu(341m),3460,112155,0.0435,341,22.0694,2,2,-77.7973,-94.7870,direct,0.0000,32.0000,-83.4634
417.7,node[9],6,6676.1728,4611.0523,1.8950,18.7163,0.5210,2.6462,-833751137#24,-71.1164,5.9920,100.0000,default,16,rsu(342m),3461,112195,0.8170,342,22.0617,7,12,-71.1164,-88.1061,direct,0.0000,32.4000,-83.5112
417.8,node[9],6,6674.5321,4610.1657,1.8950,18.6500,-0.6631,2.6462,-833751137#24,-72.3223,6.5811,100.0000,default,16,rsu(343m),3462,112237,0.8570,343,22.0626,7,12,-72.3223,-89.3120,direct,0.0000,32.4000,-83.5594
417.9,node[9],6,6672.8870,4609.2774,1.8950,18.6814,0.3137,2.6463,:8601695129_0,-75.8664,2.4317,100.0000,default,16,rsu(344m),3463,112280,0.4294,344,22.0667,5,8,-75.8664,-92.8561,direct,0.0000,34.0000,-83.6047
418,node[9],6,6671.2361,4608.3861,1.8950,18.7423,0.6091,2.6464,:8601695129_0,-83.2081,-5.0000,100.0000,default,16,rsu(346m),3464,112323,0.0180,346,22.0676,2,2,-83.2081,-100.1978,direct,0.0000,34.0000,-83.6487
418.1,node[9],6,6669.5919,4607.4985,1.8950,18.6660,-0.7629,2.6466,:8601695129_0,-79.3981,-1.9933,100.0000,default,16,rsu(347m),3465,112366,0.0761,347,22.0670,3,4,-79.3981,-96.3878,direct,0.0000,34.4000,-83.6910
418.2,node[9],6,6667.9450,4606.6094,1.8950,18.6973,0.3134,2.6466,:8601695129_0,-78.9401,-3.7144,100.0000,default,16,rsu(348m),3466,112410,0.0337,348,22.0604,2,2,-78.9401,-95.9298,direct,0.0000,34.4000,-83.7321
418.3,node[9],6,6666.2991,4605.7209,1.8950,18.6850,-0.1230,2.6466,:8601695129_0,-71.5392,6.2437,100.0000,default,16,rsu(350m),3467,112454,0.8350,350,22.0633,7,12,-71.5392,-88.5289,direct,0.0000,35.2000,-83.7719
418.4,node[9],6,6664.6472,4604.8284,1.8950,18.7722,0.8718,2.6465,-833751137#23,-73.2108,2.8994,100.0000,default,16,rsu(351m),3468,112496,0.4874,351,22.0676,5,8,-73.2108,-90.2005,direct,0.0000,35.2000,-83.8092
418.5,node[9],6,6663.0009,4603.9388,1.8950,18.7154,-0.5681,2.6463,-833751137#23,-80.5810,-3.3778,100.0000,default,16,rsu(352m),3469,112541,0.0396,352,22.0718,2,2,-80.5810,-97.5707,direct,0.0000,34.8000,-83.8485
418.6,node[9],6,6661.3581,4603.0510,1.8950,18.6748,-0.4062,2.6462,-833751137#23,-71.9800,6.1951,100.0000,default,16,rsu(353m),3470,112586,0.8317,353,22.0663,7,12,-71.9800,-88.9697,direct,0.0000,34.8000,-83.8854
418.7,node[9],6,6659.7121,4602.1615,1.8950,18.7117,0.3693,2.6462,-833751137#23,-76.3460,2.8055,100.0000,default,16,rsu(355m),3471,112630,0.4757,355,22.0699,5,8,-76.3460,-93.3357,direct,0.0000,35.6000,-83.9209
418.8,node[9],6,6658.0618,4601.2697,1.8950,18.7609,0.4925,2.6462,-833751137#23,-80.9280,-3.4653,100.0000,default,16,rsu(356m),3472,112675,0.0380,356,22.0602,2,2,-80.9280,-97.9177,direct,0.0000,35.6000,-83.9559
418.9,node[9],6,6656.4163,4600.3805,1.8950,18.7055,-0.5543,2.6462,-833751137#23,-77.3791,1.1781,100.0000,default,16,rsu(357m),3473,112720,0.2868,357,22.0680,5,8,-77.3791,-94.3688,direct,0.0000,36.0000,-83.9896
419,node[9],6,6654.7688,4599.4902,1.8950,18.7283,0.2281,2.6462,-833751137#23,-73.8622,4.2075,100.0000,default,16,rsu(359m),3474,112765,0.6465,359,22.0628,6,10,-73.8622,-90.8519,direct,0.0000,36.0000,-84.0223
419.1,node[9],6,6653.1270,4598.6030,1.8950,18.6647,-0.6363,2.6462,-833751137#23,-85.1184,-5.0000,100.0000,default,16,rsu(360m),3475,112809,0.0180,360,22.0700,2,2,-85.1184,-102.1081,direct,0.0000,35.6000,-84.0537
419.2,node[9],6,6651.4777,4597.7117,1.8950,18.7488,0.8414,2.6462,-833751137#23,-79.3507,-2.9118,100.0000,default,16,rsu(361m),3476,112854,0.0495,361,22.0617,3,4,-79.3507,-96.3404,direct,0.0000,35.6000,-84.0849
419.3,node[9],6,6649.8269,4596.8197,1.8950,18.7661,0.1732,2.6462,-833751137#23,-71.9211,4.0194,100.0000,default,16,rsu(363m),3477,112900,0.6247,363,22.0604,6,10,-71.9211,-88.9108,direct,0.0000,36.4000,-84.1149
419.4,node[9],6,6648.1775,4595.9284,1.8950,18.7497,-0.1643,2.6462,-833751137#23,-76.5449,-0.6897,100.0000,default,16,rsu(364m),3478,112946,0.1365,364,22.0694,4,6,-76.5449,-93.5346,direct,0.0000,36.4000,-84.1441
419.5,node[9],6,6646.5370,4595.0418,1.8950,18.6499,-0.9986,2.6462,-833751137#23,-85.1464,-5.0000,100.0000,default,16,rsu(366m),3479,112990,0.0180,366,22.0714,2,2,-85.1464,-102.1361,direct,0.0000,36.0000,-84.1710
419.6,node[9],6,6644.8952,4594.1546,1.8950,18.6641,0.1420,2.6462,-833751137#23,-87.9743,-5.0000,100.0000,default,16,rsu(367m),3480,113036,0.0180,367,22.0640,2,2,-87.9743,-104.9640,direct,0.0000,36.0000,-84.1998
419.7,node[9],6,6643.2507,4593.2660,1.8950,18.6937,0.2962,2.6462,-833751137#23,-79.4245,-2.8809,100.0000,default,16,rsu(368m),3481,113081,0.0502,368,22.0602,3,4,-79.4245,-96.4142,direct,0.0000,36.4000,-84.2262
419.8,node[9],6,6641.6068,4592.3776,1.8950,18.6884,-0.0525,2.6462,-833751137#23,-85.0827,-5.0000,100.0000,default,16,rsu(370m),3482,113127,0.0180,370,22.0667,2,2,-85.0827,-102.0724,direct,0.0000,36.4000,-84.2526
419.9,node[9],6,6639.9632,4591.4894,1.8950,18.6841,-0.0434,2.6462,-833751137#23,-81.2320,-2.1236,100.0000,default,16,rsu(371m),3483,113173,0.0716,371,22.0611,3,4,-81.2320,-98.2217,direct,0.0000,36.8000,-84.2780
420,node[9],6,6638.3217,4590.6024,1.8950,18.6607,-0.2338,2.6462,-833751137#23,-84.2973,-5.0000,100.0000,default,16,rsu(372m),3484,113217,0.0180,372,22.0628,2,2,-84.2973,-101.2870,direct,0.0000,36.8000,-84.3013
420.1,node[9],6,6636.6796,4589.7150,1.8950,18.6674,0.0665,2.6462,-833751137#23,-84.4135,-5.0000,100.0000,default,16,rsu(374m),3485,113263,0.0180,374,22.0723,2,2,-84.4135,-101.4032,direct,0.0000,36.0000,-84.3266
420.2,node[9],6,6635.0371,4588.8274,1.8950,18.6714,0.0404,2.6462,-833751137#23,-79.5261,-1.1886,100.0000,default,16,rsu(375m),3486,113308,0.1097,375,22.0705,3,4,-79.5261,-96.5158,direct,0.0000,36.0000,-84.3497
420.3,node[9],6,6633.3917,4587.9383,1.8950,18.7042,0.3285,2.6462,-833751137#23,-75.2270,4.0002,100.0000,default,17,rsu(377m),3487,113351,0.6225,377,22.0664,6,10,-75.2270,-92.2167,direct,0.0000,35.2000,-84.3105
420.4,node[9],6,6631.7496,4587.0509,1.8950,18.6676,-0.3669,2.6462,:8601695130_0,-77.1075,-3.2413,100.0000,default,17,rsu(378m),3488,113396,0.0423,378,22.0666,2,2,-77.1075,-94.0972,direct,0.0000,35.2000,-84.3330
420.5,node[9],6,6630.1018,4586.1602,1.8950,18.7298,0.6227,2.6461,:8601695130_0,-88.1695,-5.0000,100.0000,default,17,rsu(379m),3489,113441,0.0180,379,22.0703,2,2,-88.1695,-105.1592,direct,0.0000,36.0000,-84.3537
420.6,node[9],6,6628.4550,4585.2701,1.8950,18.7183,-0.1150,2.6461,:8601695130_0,-81.7552,-4.3529,100.0000,default,17,rsu(381m),3490,113486,0.0247,381,22.0688,2,2,-81.7552,-98.7449,direct,0.0000,36.0000,-84.3739
420.7,node[9],6,6626.8087,4584.3803,1.8950,18.7119,-0.0641,2.6461,:8601695130_0,-82.0324,-5.0000,100.0000,default,17,rsu(382m),3491,113532,0.0180,382,22.0638,2,2,-82.0324,-99.0221,direct,0.0000,36.4000,-84.3957
420.8,node[9],6,6625.1671,4583.4930,1.8950,18.6596,-0.5231,2.6461,:8601695130_0,-76.7478,-0.3962,100.0000,default,17,rsu(384m),3492,113578,0.1547,384,22.0668,4,6,-76.7478,-93.7375,direct,0.0000,36.4000,-84.4151
420.9,node[9],6,6623.5249,4582.6054,1.8950,18.6658,0.0622,2.6461,-833751137#22,-79.9120,-0.7987,100.0000,default,17,rsu(385m),3493,113623,0.1302,385,22.0705,4,6,-79.9120,-96.9017,direct,0.0000,36.4000,-84.4340
421,node[9],6,6621.8839,4581.7187,1.8950,18.6520,-0.1383,2.6461,-833751137#22,-79.7146,-3.8508,100.0000,default,17,rsu(386m),3494,113667,0.0315,386,22.0669,2,2,-79.7146,-96.7043,direct,0.0000,36.4000,-84.4521
421.1,node[9],6,6620.2368,4580.8287,1.8950,18.7220,0.6998,2.6462,-833751137#22,-71.6898,7.4234,100.0000,default,17,rsu(388m),3495,113713,0.9013,388,22.0615,8,14,-71.6898,-88.6795,direct,0.0000,36.0000,-84.4718
421.2,node[9],6,6618.5959,4579.9420,1.8950,18.6521,-0.6988,2.6462,-833751137#22,-75.1254,2.6781,100.0000,default,18,rsu(389m),3496,113759,0.4598,389,22.0661,5,8,-75.1254,-92.1151,direct,0.0000,36.0000,-84.4276
421.3,node[9],6,6616.9505,4579.0530,1.8950,18.7026,0.5054,2.6462,-833751137#22,-82.5964,-5.0000,100.0000,default,18,rsu(391m),3497,113805,0.0180,391,22.0630,2,2,-82.5964,-99.5861,direct,0.0000,36.8000,-84.4447
421.4,node[9],6,6615.3093,4578.1661,1.8950,18.6550,-0.4763,2.6462,-833751137#22,-87.0425,-5.0000,100.0000,default,18,rsu(392m),3498,113849,0.0180,392,22.0651,2,2,-87.0425,-104.0322,direct,0.0000,36.8000,-84.4603
421.5,node[9],6,6613.6581,4577.2740,1.8950,18.7682,1.1319,2.6462,-833751137#22,-89.7820,-5.0000,100.0000,default,18,rsu(393m),3499,113895,0.0180,393,22.0616,2,2,-89.7820,-106.7717,direct,0.0000,36.0000,-84.4781
421.6,node[9],6,6612.0098,4576.3833,1.8950,18.7355,-0.3264,2.6462,-833751137#22,-72.9823,3.8005,100.0000,default,18,rsu(395m),3500,113940,0.5988,395,22.0721,6,10,-72.9823,-89.9720,direct,0.0000,36.0000,-84.4941
421.7,node[9],6,6610.3612,4575.4925,1.8950,18.7390,0.0345,2.6462,-833751137#22,-74.7212,2.0379,100.0000,default,18,rsu(396m),3501,113984,0.3820,396,22.0635,5,8,-74.7212,-91.7109,direct,0.0000,35.6000,-84.5094
421.8,node[9],6,6608.7104,4574.6005,1.8950,18.7641,0.2509,2.6462,-833751137#22,-86.1818,-5.0000,100.0000,default,18,rsu(398m),3502,114030,0.0180,398,22.0626,2,2,-86.1818,-103.1715,direct,0.0000,35.6000,-84.5265
421.9,node[9],6,6607.0680,4573.7131,1.8950,18.6682,-0.9592,2.6462,-833751137#22,-81.8039,-2.5000,100.0000,default,18,rsu(399m),3503,114076,0.0601,399,22.0704,3,4,-81.8039,-98.7936,direct,0.0000,36.8000,-84.5420
422,node[9],6,6605.4255,4572.8256,1.8950,18.6698,0.0168,2.6462,-833751137#22,-77.3967,-2.3925,100.0000,default,18,rsu(401m),3504,114122,0.0632,401,22.0629,3,4,-77.3967,-94.3864,direct,0.0000,36.8000,-84.5572
422.1,node[9],6,6603.7800,4571.9364,1.8950,18.7043,0.3450,2.6462,-833751137#22,-79.6075,-4.7674,100.0000,default,18,rsu(402m),3505,114168,0.0202,402,22.0666,2,2,-79.6075,-96.5972,direct,0.0000,36.8000,-84.5722
422.2,node[9],6,6602.1351,4571.0476,1.8950,18.6964,-0.0796,2.6462,-833751137#22,-76.1316,0.1048,100.0000,default,18,rsu(404m),3506,114213,0.1904,404,22.0684,4,6,-76.1316,-93.1213,direct,0.0000,36.8000,-84.5855
422.3,node[9],6,6600.4910,4570.1592,1.8950,18.6886,-0.0780,2.6462,-833751137#22,-73.0965,4.3806,100.0000,default,18,rsu(405m),3507,114260,0.6660,405,22.0618,6,10,-73.0965,-90.0862,direct,0.0000,36.8000,-84.6013
422.4,node[9],6,6598.8411,4569.2677,1.8950,18.7532,0.6465,2.6462,-833751137#22,-71.0951,3.0605,100.0000,default,19,rsu(407m),3508,114308,0.5076,407,2.0150,6,10,-71.0951,-88.0848,direct,0.0500,36.8000,-84.6095
422.5,node[9],6,6597.1979,4568.3798,1.8950,18.6782,-0.7506,2.6462,-833751137#22,-90.4527,-5.0000,100.0000,default,19,rsu(408m),3509,114356,0.0180,408,2.0189,2,2,-90.4527,-107.4424,direct,0.0500,38.4000,-84.6235
422.6,node[9],6,6595.5473,4567.4879,1.8950,18.7619,0.8374,2.6462,-833751137#22,-80.5577,-2.3879,100.0000,default,19,rsu(410m),3510,114402,0.0633,410,2.0229,3,4,-80.5577,-97.5474,direct,0.0500,38.4000,-84.6359
422.7,node[9],6,6593.8969,4566.5962,1.8950,18.7597,-0.0223,2.6462,-833751137#22,-79.3779,-4.5548,100.0000,default,19,rsu(411m),3511,114451,0.0224,411,2.0138,2,2,-79.3779,-96.3676,direct,0.0500,38.0000,-84.6510
422.8,node[9],6,6592.2515,4565.7071,1.8950,18.7017,-0.5796,2.6462,-833751137#22,-81.0662,-3.6330,100.0000,default,19,rsu(413m),3512,114500,0.0350,413,2.0156,2,2,-81.0662,-98.0559,direct,0.0500,38.0000,-84.6647
422.9,node[9],6,6590.6001,4564.8148,1.8950,18.7708,0.6914,2.6462,-833751137#22,-77.1942,-0.2448,100.0000,default,19,rsu(414m),3513,114549,0.1649,414,2.0153,4,6,-77.1942,-94.1839,direct,0.0500,39.2000,-84.6783
423,node[9],6,6588.9576,4563.9273,1.8950,18.6705,-1.0039,2.6462,-833751137#22,-79.1604,-2.4205,100.0000,default,19,rsu(415m),3514,114598,0.0624,415,2.0221,3,4,-79.1604,-96.1501,direct,0.0500,39.2000,-84.6917
423.1,node[9],6,6587.3092,4563.0366,1.8950,18.7368,0.6630,2.6462,-833751137#22,-79.7460,-5.0000,100.0000,default,19,rsu(417m),3515,114647,0.0180,417,2.0156,2,2,-79.7460,-96.7357,direct,0.0500,39.2000,-84.7050
423.2,node[9],6,6585.6619,4562.1465,1.8950,18.7240,-0.1272,2.6462,-833751137#22,-76.0529,3.3379,100.0000,default,19,rsu(418m),3516,114696,0.5421,418,2.0214,6,10,-76.0529,-93.0426,direct,0.0500,39.2000,-84.7181
423.3,node[9],6,6584.0147,4561.2564,1.8950,18.7234,-0.0060,2.6462,-833751137#22,-76.7159,1.6963,100.0000,default,19,rsu(420m),3517,114745,0.3426,420,2.0168,5,8,-76.7159,-93.7056,direct,0.0500,39.2000,-84.7311
423.4,node[9],6,6582.3744,4560.3701,1.8950,18.6446,-0.7888,2.6462,-833751137#22,-75.2389,2.0960,100.0000,default,19,rsu(421m),3518,114793,0.3889,421,2.0147,5,8,-75.2389,-92.2286,direct,0.0500,39.2000,-84.7435
423.5,node[9],6,6580.7267,4559.4798,1.8950,18.7280,0.8348,2.6462,-833751137#22,-85.9697,-5.0000,100.0000,default,19,rsu(423m),3519,114840,0.0180,423,2.0161,2,2,-85.9697,-102.9594,direct,0.0500,38.0000,-84.7551
423.6,node[9],6,6579.0786,4558.5893,1.8950,18.7338,0.0579,2.6462,-833751137#22,-76.8751,1.2656,100.0000,default,19,rsu(424m),3520,114887,0.2958,424,2.0170,5,8,-76.8751,-93.8648,direct,0.0500,38.0000,-84.7662
423.7,node[9],6,6577.4361,4557.7017,1.8950,18.6699,-0.6398,2.6462,-833751137#22,-77.5110,-1.4629,100.0000,default,19,rsu(426m),3521,114936,0.0970,426,2.0210,3,4,-77.5110,-94.5007,direct,0.0500,38.4000,-84.7821
423.8,node[9],6,6575.7873,4556.8109,1.8950,18.7406,0.7075,2.6462,-833751137#22,-79.5726,-2.6126,100.0000,default,19,rsu(428m),3522,114985,0.0570,428,2.0147,3,4,-79.5726,-96.5623,direct,0.0500,38.4000,-84.7947
423.9,node[9],6,6574.1468,4555.9244,1.8950,18.6474,-0.9319,2.6462,-833751137#22,-88.3722,-5.0000,100.0000,default,19,rsu(429m),3523,115034,0.0180,429,2.0164,2,2,-88.3722,-105.3619,direct,0.0500,39.2000,-84.8071
424,node[9],6,6572.5007,4555.0349,1.8950,18.7109,0.6350,2.6462,-833751137#22,-78.4284,-1.8899,100.0000,default,19,rsu(431m),3524,115082,0.0798,431,2.0190,3,4,-78.4284,-95.4181,direct,0.0500,39.2000,-84.8190
424.1,node[9],6,6570.8505,4554.1433,1.8950,18.7567,0.4573,2.6462,-833751137#22,-77.4818,-2.7214,100.0000,default,19,rsu(432m),3525,115131,0.0541,432,2.0124,3,4,-77.4818,-94.4715,direct,0.0500,38.8000,-84.8317
424.2,node[9],6,6569.1997,4553.2513,1.8950,18.7642,0.0754,2.6462,-833751137#22,-80.5335,-5.0000,100.0000,default,19,rsu(434m),3526,115179,0.0180,434,2.0195,2,2,-80.5335,-97.5232,direct,0.0500,38.8000,-84.8433
424.3,node[9],6,6567.5566,4552.3634,1.8950,18.6771,-0.8706,2.6462,-833751137#22,-87.4333,-5.0000,100.0000,default,19,rsu(435m),3527,115228,0.0180,435,2.0179,2,2,-87.4333,-104.4230,direct,0.0500,38.8000,-84.8555
424.4,node[9],6,6565.9071,4551.4722,1.8950,18.7490,0.7184,2.6462,-833751137#22,-87.1577,-5.0000,100.0000,default,19,rsu(437m),3528,115277,0.0180,437,2.0224,2,2,-87.1577,-104.1474,direct,0.0500,38.8000,-84.8672
424.5,node[9],6,6564.2610,4550.5827,1.8950,18.7107,-0.3824,2.6462,-833751137#22,-77.7845,-3.0788,100.0000,default,19,rsu(438m),3529,115326,0.0457,438,2.0223,2,2,-77.7845,-94.7742,direct,0.0500,39.2000,-84.8788
424.6,node[9],6,6562.6111,4549.6912,1.8950,18.7538,0.4308,2.6462,-833751137#22,-82.6910,-3.4134,100.0000,default,19,rsu(440m),3530,115375,0.0389,440,2.0228,2,2,-82.6910,-99.6807,direct,0.0500,39.2000,-84.8903
424.7,node[9],6,6560.9644,4548.8014,1.8950,18.7168,-0.3703,2.6462,-833751137#22,-79.9799,-2.2618,100.0000,default,19,rsu(441m),3531,115424,0.0672,441,2.0233,3,4,-79.9799,-96.9696,direct,0.0500,39.2000,-84.9017
424.8,node[9],6,6559.3226,4547.9143,1.8950,18.6622,-0.5453,2.6462,-833751137#22,-74.0112,1.1236,100.0000,default,19,rsu(443m),3532,115473,0.2813,443,2.0187,5,8,-74.0112,-91.0009,direct,0.0500,39.2000,-84.9128
424.9,node[9],6,6557.6725,4547.0227,1.8950,18.7559,0.9363,2.6462,-833751137#22,-79.1015,-0.9318,100.0000,default,19,rsu(444m),3533,115520,0.1228,444,2.0224,4,6,-79.1015,-96.0912,direct,0.0500,38.4000,-84.9219
425,node[9],6,6556.0219,4546.1308,1.8950,18.7615,0.0563,2.6462,-833751137#22,-73.8113,2.7615,100.0000,default,19,rsu(446m),3534,115569,0.4702,446,2.0176,5,8,-73.8113,-90.8010,direct,0.0500,38.4000,-84.9348
425.1,node[9],6,6554.3703,4545.2384,1.8950,18.7730,0.1154,2.6462,-833751137#22,-75.0239,4.0526,100.0000,default,19,rsu(447m),3535,115618,0.6286,447,2.0135,6,10,-75.0239,-92.0136,direct,0.0500,39.2000,-84.9456
425.2,node[9],6,6552.7224,4544.3480,1.8950,18.7311,-0.4194,2.6462,-833751137#22,-74.0537,4.5684,100.0000,default,19,rsu(449m),3536,115667,0.6866,449,2.0202,6,10,-74.0537,-91.0434,direct,0.0500,39.2000,-84.9563
425.3,node[9],6,6551.0713,4543.4558,1.8950,18.7677,0.3657,2.6462,-833751137#22,-79.6333,-2.7783,100.0000,default,19,rsu(451m),3537,115716,0.0527,451,2.0224,3,4,-79.6333,-96.6230,direct,0.0500,39.2000,-84.9669
425.4,node[9],6,6549.4234,4542.5652,1.8950,18.7303,-0.3742,2.6462,:9969100568_4,-81.7033,-2.7683,100.0000,default,19,rsu(452m),3538,115765,0.0529,452,2.0208,3,4,-81.7033,-98.6930,direct,0.0500,39.2000,-84.9774
425.5,node[9],6,6547.7809,4541.6773,1.8950,18.6703,-0.5998,2.6461,:9969100568_4,-79.2830,-4.5106,100.0000,default,19,rsu(454m),3539,115812,0.0229,454,2.0135,2,2,-79.2830,-96.2727,direct,0.0500,38.4000,-84.9857
425.6,node[9],6,6546.1362,4540.7884,1.8950,18.6942,0.2388,2.6461,:9969100568_4,-74.5835,0.3767,100.0000,default,19,rsu(455m),3540,115860,0.2122,455,2.0140,4,6,-74.5835,-91.5732,direct,0.0500,38.4000,-84.9979
425.7,node[9],6,6544.4959,4539.9018,1.8950,18.6439,-0.5022,2.6461,:9969100568_4,-78.6287,-0.3298,100.0000,default,19,rsu(457m),3541,115909,0.1591,457,2.0123,4,6,-78.6287,-95.6184,direct,0.0500,38.8000,-85.0082
425.8,node[9],6,6542.8493,4539.0118,1.8950,18.7163,0.7234,2.6461,:9969100568_4,-88.4317,-5.0000,100.0000,default,19,rsu(458m),3542,115957,0.0180,458,2.0224,2,2,-88.4317,-105.4214,direct,0.0500,38.8000,-85.0184
425.9,node[9],6,6541.2018,4538.1216,1.8950,18.7259,0.0966,2.6461,-833751137#21,-75.7812,3.3125,100.0000,default,19,rsu(460m),3543,116006,0.5390,460,2.0168,6,10,-75.7812,-92.7709,direct,0.0500,38.8000,-85.0290
426,node[9],6,6539.5549,4537.2318,1.8950,18.7193,-0.0662,2.6462,-833751137#21,-77.4750,0.3112,100.0000,default,19,rsu(461m),3544,116053,0.2068,461,2.0151,4,6,-77.4750,-94.4647,direct,0.0500,38.8000,-85.0371
426.1,node[9],6,6537.9041,4536.3399,1.8950,18.7642,0.4484,2.6462,-833751137#21,-79.1734,-3.2103,100.0000,default,19,rsu(463m),3545,116101,0.0429,463,2.0182,2,2,-79.1734,-96.1631,direct,0.0500,38.0000,-85.0493
426.2,node[9],6,6536.2579,4535.4505,1.8950,18.7116,-0.5253,2.6462,-833751137#21,-75.2429,-0.7899,100.0000,default,19,rsu(465m),3546,116147,0.1307,465,2.0165,4,6,-75.2429,-92.2326,direct,0.0500,38.0000,-85.0572
426.3,node[9],6,6534.6122,4534.5614,1.8950,18.7060,-0.0562,2.6462,-833751137#21,-75.5600,1.3703,100.0000,default,19,rsu(466m),3547,116196,0.3069,466,2.0126,5,8,-75.5600,-92.5497,direct,0.0500,38.0000,-85.0696
426.4,node[9],6,6532.9690,4533.6736,1.8950,18.6778,-0.2821,2.6462,-833751137#21,-75.7967,2.2667,100.0000,default,19,rsu(468m),3548,116245,0.4093,468,2.0227,5,8,-75.7967,-92.7864,direct,0.0500,38.0000,-85.0794
426.5,node[9],6,6531.3274,4532.7867,1.8950,18.6600,-0.1780,2.6462,-833751137#21,-79.9345,-3.1739,100.0000,default,19,rsu(469m),3549,116293,0.0436,469,2.0217,2,2,-79.9345,-96.9242,direct,0.0500,38.8000,-85.0891
426.6,node[9],6,6529.6856,4531.8996,1.8950,18.6620,0.0200,2.6462,-833751137#21,-78.6083,-1.3026,100.0000,default,19,rsu(471m),3550,116342,0.1042,471,2.0227,3,4,-78.6083,-95.5980,direct,0.0500,38.8000,-85.0989
426.7,node[9],6,6528.0437,4531.0126,1.8950,18.6623,0.0034,2.6462,-833751137#21,-77.9235,-2.4761,100.0000,default,19,rsu(472m),3551,116391,0.0608,472,2.0200,3,4,-77.9235,-94.9132,direct,0.0500,39.2000,-85.1077
426.8,node[9],6,6526.4022,4530.1257,1.8950,18.6584,-0.0397,2.6462,-833751137#21,-87.7873,-5.0000,100.0000,default,19,rsu(474m),3552,116440,0.0180,474,2.0239,2,2,-87.7873,-104.7770,direct,0.0500,39.2000,-85.1164
426.9,node[9],6,6524.7545,4529.2355,1.8950,18.7286,0.7021,2.6462,-833751137#21,-85.4561,-5.0000,100.0000,default,19,rsu(476m),3553,116486,0.0180,476,2.0222,2,2,-85.4561,-102.4458,direct,0.0500,38.0000,-85.1230
427,node[9],6,6523.1108,4528.3474,1.8950,18.6838,-0.4482,2.6462,-833751137#21,-84.5162,-5.0000,100.0000,default,19,rsu(477m),3554,116535,0.0180,477,2.0148,2,2,-84.5162,-101.5059,direct,0.0500,38.0000,-85.1338
427.1,node[9],6,6521.4647,4527.4581,1.8950,18.7110,0.2719,2.6462,-833751137#21,-84.2009,-5.0000,100.0000,default,19,rsu(479m),3555,116584,0.0180,479,2.0142,2,2,-84.2009,-101.1906,direct,0.0500,39.2000,-85.1424
427.2,node[9],6,6519.8212,4526.5701,1.8950,18.6802,-0.3074,2.6462,-833751137#21,-80.0622,-4.8122,100.0000,default,19,rsu(480m),3556,116633,0.0197,480,2.0242,2,2,-80.0622,-97.0519,direct,0.0500,39.2000,-85.1510
427.3,node[9],6,6518.1701,4525.6781,1.8950,18.7675,0.8732,2.6462,-833751137#21,-79.1954,-0.8464,100.0000,default,19,rsu(482m),3557,116682,0.1275,482,2.0164,4,6,-79.1954,-96.1851,direct,0.0500,39.2000,-85.1595
427.4,node[9],6,6516.5288,4524.7913,1.8950,18.6561,-1.1146,2.6462,-833751137#21,-79.2464,-3.2319,100.0000,default,19,rsu(484m),3558,116731,0.0425,484,2.0194,2,2,-79.2464,-96.2361,direct,0.0500,39.2000,-85.1679
427.5,node[9],6,6514.8786,4523.8998,1.8950,18.7571,1.0102,2.6462,-833751137#21,-80.1069,-3.5586,100.0000,default,19,rsu(485m),3559,116778,0.0363,485,2.0225,2,2,-80.1069,-97.0966,direct,0.0500,38.4000,-85.1743
427.6,node[9],6,6513.2381,4523.0134,1.8950,18.6476,-1.0951,2.6462,-833751137#21,-82.3079,-3.1156,100.0000,default,19,rsu(487m),3560,116826,0.0449,487,2.0198,2,2,-82.3079,-99.2976,direct,0.0500,38.4000,-85.1845
427.7,node[9],6,6511.5908,4522.1235,1.8950,18.7234,0.7583,2.6462,-833751137#21,-80.7908,-3.7586,100.0000,default,19,rsu(488m),3561,116873,0.0329,488,2.0241,2,2,-80.7908,-97.7805,direct,0.0500,38.0000,-85.1908
427.8,node[9],6,6509.9451,4521.2343,1.8950,18.7065,-0.1694,2.6462,-833751137#21,-81.0574,-2.1320,100.0000,default,19,rsu(490m),3562,116921,0.0714,490,2.0230,3,4,-81.0574,-98.0471,direct,0.0500,38.0000,-85.2009
427.9,node[9],6,6508.3044,4520.3478,1.8950,18.6498,-0.5669,2.6462,-833751137#21,-81.7096,-4.1991,100.0000,default,19,rsu(492m),3563,116968,0.0266,492,2.0214,2,2,-81.7096,-98.6993,direct,0.0500,38.0000,-85.2070
428,node[9],6,6506.6629,4519.4610,1.8950,18.6574,0.0758,2.6462,-833751137#21,-90.1658,-5.0000,100.0000,default,19,rsu(493m),3564,117017,0.0180,493,2.0124,2,2,-90.1658,-107.1555,direct,0.0500,38.0000,-85.2169
428.1,node[9],6,6505.0136,4518.5699,1.8950,18.7468,0.8947,2.6462,-833751137#21,-83.4212,-4.5316,100.0000,default,19,rsu(495m),3565,117066,0.0226,495,2.0162,2,2,-83.4212,-100.4109,direct,0.0500,39.2000,-85.2248
428.2,node[9],6,6503.3650,4517.6792,1.8950,18.7391,-0.0779,2.6462,-833751137#21,-82.2719,-4.2240,100.0000,default,19,rsu(496m),3566,117115,0.0263,496,2.0129,2,2,-82.2719,-99.2616,direct,0.0500,39.2000,-85.2326
428.3,node[9],6,6501.7220,4516.7915,1.8950,18.6756,-0.6342,2.6462,-833751137#21,-85.0803,-5.0000,100.0000,default,19,rsu(498m),3567,117164,0.0180,498,2.0166,2,2,-85.0803,-102.0700,direct,0.0500,39.2000,-85.2403
428.4,node[9],6,6500.0778,4515.9032,1.8950,18.6890,0.1335,2.6462,-833751137#21,-77.8581,-0.3873,100.0000,default,19,rsu(500m),3568,117213,0.1553,500,2.0195,4,6,-77.8581,-94.8478,direct,0.0500,39.2000,-85.2478
428.5,node[9],6,6498.4370,4515.0167,1.8950,18.6508,-0.3822,2.6462,-833751137#21,-76.4519,0.6789,100.0000,default,19,rsu(498m),3569,117262,0.2386,498,2.0135,4,6,-76.4519,-93.4416,direct,0.0500,39.2000,-85.2552
428.6,node[9],6,6496.7878,4514.1257,1.8950,18.7453,0.9459,2.6462,-833751137#21,-81.5165,-5.0000,100.0000,default,19,rsu(496m),3570,117309,0.0180,496,2.0159,2,2,-81.5165,-98.5062,direct,0.0500,39.2000,-85.2607
428.7,node[9],6,6495.1414,4513.2362,1.8950,18.7142,-0.3112,2.6462,-833751137#21,-89.6676,-5.0000,100.0000,default,19,rsu(495m),3571,117358,0.0180,495,2.0153,2,2,-89.6676,-106.6573,direct,0.0500,38.4000,-85.2692
428.8,node[9],6,6493.4920,4512.3450,1.8950,18.7483,0.3408,2.6462,-833751137#21,-77.8326,-1.7456,100.0000,default,19,rsu(493m),3572,117407,0.0853,493,2.0232,3,4,-77.8326,-94.8223,direct,0.0500,38.4000,-85.2757
428.9,node[9],6,6491.8513,4511.4586,1.8950,18.6495,-0.9881,2.6462,-833751137#21,-87.2751,-5.0000,100.0000,default,19,rsu(491m),3573,117456,0.0180,491,2.0150,2,2,-87.2751,-104.2648,direct,0.0500,39.2000,-85.2820
429,node[9],6,6490.2073,4510.5704,1.8950,18.6865,0.3704,2.6462,-833751137#21,-79.1471,-2.6486,100.0000,default,20,rsu(490m),3574,117503,0.0560,490,2.0178,3,4,-79.1471,-96.1368,direct,0.0500,39.2000,-85.2134
429.1,node[9],6,6488.5641,4509.6826,1.8950,18.6770,-0.0950,2.6462,-833751137#21,-82.8441,-3.8153,100.0000,default,20,rsu(488m),3575,117552,0.0321,488,2.0248,2,2,-82.8441,-99.8338,direct,0.0500,38.4000,-85.2186
429.2,node[9],6,6486.9193,4508.7939,1.8950,18.6968,0.1978,2.6462,-833751137#21,-88.0670,-5.0000,100.0000,default,20,rsu(487m),3576,117602,0.0180,487,2.0157,2,2,-88.0670,-105.0567,direct,0.0500,38.4000,-85.2235
429.3,node[9],6,6485.2731,4507.9046,1.8950,18.7108,0.1394,2.6462,-833751137#21,-86.0195,-5.0000,100.0000,default,20,rsu(485m),3577,117651,0.0180,485,2.0215,2,2,-86.0195,-103.0092,direct,0.0500,39.6000,-85.2271
429.4,node[9],6,6483.6329,4507.0184,1.8950,18.6443,-0.6646,2.6462,-833751137#21,-74.4580,1.0381,100.0000,default,20,rsu(483m),3578,117701,0.2727,483,2.0123,5,8,-74.4580,-91.4477,direct,0.0500,39.6000,-85.2314
429.5,node[9],6,6481.9834,4506.1272,1.8950,18.7495,1.0518,2.6462,-833751137#21,-81.2672,-5.0000,100.0000,default,20,rsu(482m),3579,117750,0.0180,482,2.0231,2,2,-81.2672,-98.2569,direct,0.0500,39.6000,-85.2344
429.6,node[9],6,6480.3381,4505.2383,1.8950,18.7010,-0.4852,2.6462,-833751137#21,-77.5901,-3.1057,100.0000,default,20,rsu(480m),3580,117800,0.0451,480,2.0148,2,2,-77.5901,-94.5798,direct,0.0500,39.6000,-85.2377
429.7,node[9],6,6478.6903,4504.3480,1.8950,18.7302,0.2925,2.6462,-833751137#21,-81.9132,-5.0000,100.0000,default,20,rsu(478m),3581,117849,0.0180,478,2.0245,2,2,-81.9132,-98.9029,direct,0.0500,39.6000,-85.2392
429.8,node[9],6,6477.0431,4503.4581,1.8950,18.7225,-0.0770,2.6462,-833751137#21,-79.1602,-1.6553,100.0000,default,20,rsu(477m),3582,117897,0.0889,477,2.0196,3,4,-79.1602,-96.1499,direct,0.0500,39.6000,-85.2395
429.9,node[9],6,6475.3996,4502.5701,1.8950,18.6810,-0.4148,2.6462,-833751137#21,-81.5260,-5.0000,100.0000,default,20,rsu(475m),3583,117947,0.0180,475,2.0243,2,2,-81.5260,-98.5157,direct,0.0500,39.2000,-85.2438
430,node[9],6,6473.7496,4501.6786,1.8950,18.7558,0.7476,2.6462,-833751137#21,-84.9582,-5.0000,100.0000,default,20,rsu(473m),3584,117997,0.0180,473,2.0176,2,2,-84.9582,-101.9479,direct,0.0500,39.2000,-85.2455
430.1,node[9],6,6472.1088,4500.7922,1.8950,18.6497,-1.0610,2.6462,-833751137#21,-76.0456,1.9433,100.0000,default,20,rsu(472m),3585,118047,0.3709,472,2.0123,5,8,-76.0456,-93.0353,direct,0.0500,40.0000,-85.2470
430.2,node[9],6,6470.4657,4499.9044,1.8950,18.6770,0.2730,2.6462,-833751137#21,-86.7796,-5.0000,100.0000,default,20,rsu(470m),3586,118096,0.0180,470,2.0154,2,2,-86.7796,-103.7693,direct,0.0500,40.0000,-85.2512
430.3,node[9],6,6468.8202,4499.0154,1.8950,18.7040,0.2704,2.6462,-833751137#21,-74.4606,4.0383,100.0000,default,20,rsu(468m),3587,118146,0.6269,468,2.0198,6,10,-74.4606,-91.4503,direct,0.0500,39.6000,-85.2491
430.4,node[9],6,6467.1709,4498.1243,1.8950,18.7470,0.4301,2.6462,-833751137#21,-72.9585,3.4445,100.0000,default,20,rsu(467m),3588,118195,0.5553,467,2.0195,6,10,-72.9585,-89.9482,direct,0.0500,39.6000,-85.2530
430.5,node[9],6,6465.5286,4497.2370,1.8950,18.6673,-0.7978,2.6462,-833751137#21,-84.4809,-5.0000,100.0000,default,20,rsu(465m),3589,118243,0.0180,465,2.0127,2,2,-84.4809,-101.4706,direct,0.0500,38.8000,-85.2488
430.6,node[9],6,6463.8844,4496.3487,1.8950,18.6888,0.2158,2.6462,-833751137#21,-83.9530,-5.0000,100.0000,default,20,rsu(463m),3590,118292,0.0180,463,2.0203,2,2,-83.9530,-100.9427,direct,0.0500,38.8000,-85.2496
430.7,node[9],6,6462.2442,4495.4625,1.8950,18.6438,-0.4501,2.6462,-833751137#21,-83.6974,-4.3957,100.0000,default,20,rsu(462m),3591,118341,0.0242,462,2.0149,2,2,-83.6974,-100.6871,direct,0.0500,39.2000,-85.2543
430.8,node[9],6,6460.5946,4494.5713,1.8950,18.7500,1.0618,2.6462,-833751137#21,-72.4443,2.5322,100.0000,default,20,rsu(460m),3592,118389,0.4418,460,2.0151,5,8,-72.4443,-89.4340,direct,0.0500,39.2000,-85.2497
430.9,node[9],6,6458.9543,4493.6851,1.8950,18.6440,-1.0599,2.6462,-833751137#21,-92.9116,-5.0000,100.0000,default,20,rsu(459m),3593,118438,0.0180,459,2.0218,2,2,-92.9116,-109.9013,direct,0.0500,38.8000,-85.2500
431,node[9],6,6457.3047,4492.7938,1.8950,18.7513,1.0723,2.6462,-833751137#21,-75.2348,2.4924,100.0000,default,20,rsu(457m),3594,118488,0.4369,457,2.0204,5,8,-75.2348,-92.2245,direct,0.0500,38.8000,-85.2512
431.1,node[9],6,6455.6570,4491.9036,1.8950,18.7284,-0.2289,2.6462,-833751137#21,-91.0891,-5.0000,100.0000,default,20,rsu(455m),3595,118538,0.0180,455,2.0232,2,2,-91.0891,-108.0788,direct,0.0500,40.0000,-85.2509
431.2,node[9],6,6454.0157,4491.0169,1.8950,18.6566,-0.7174,2.6462,-833751137#21,-81.7742,-3.3814,100.0000,default,20,rsu(454m),3596,118585,0.0395,454,2.0161,2,2,-81.7742,-98.7639,direct,0.0500,40.0000,-85.2522
431.3,node[9],6,6452.3687,4490.1270,1.8950,18.7204,0.6379,2.6462,-833751137#21,-76.2698,0.8320,100.0000,default,20,rsu(452m),3597,118634,0.2527,452,2.0246,4,6,-76.2698,-93.2595,direct,0.0500,38.4000,-85.2565
431.4,node[9],6,6450.7204,4489.2365,1.8950,18.7352,0.1478,2.6462,-833751137#21,-88.2037,-5.0000,100.0000,default,20,rsu(450m),3598,118682,0.0180,450,2.0167,2,2,-88.2037,-105.1934,direct,0.0500,38.4000,-85.2479
431.5,node[9],6,6449.0777,4488.3490,1.8950,18.6726,-0.6259,2.6462,-833751137#21,-75.3484,-0.9498,100.0000,default,20,rsu(449m),3599,118731,0.1219,449,2.0237,4,6,-75.3484,-92.3381,direct,0.0500,38.8000,-85.2519
431.6,node[9],6,6447.4339,4487.4609,1.8950,18.6838,0.1120,2.6462,-833751137#21,-78.1319,-4.0520,100.0000,default,19,rsu(447m),3600,118781,0.0286,447,2.0237,2,2,-78.1319,-95.1216,direct,0.0500,38.8000,-85.3234
431.7,node[9],6,6445.7871,4486.5709,1.8950,18.7183,0.3449,2.6462,:9969100561_4,-76.1567,2.2106,100.0000,default,19,rsu(445m),3601,118830,0.4026,445,2.0213,5,8,-76.1567,-93.1464,direct,0.0500,39.6000,-85.3257
431.8,node[9],6,6444.1448,4485.6832,1.8950,18.6679,-0.5041,2.6461,:9969100561_4,-81.4090,-3.7595,100.0000,default,19,rsu(444m),3602,118879,0.0329,444,2.0127,2,2,-81.4090,-98.3987,direct,0.0500,39.6000,-85.3279
431.9,node[9],6,6442.4990,4484.7936,1.8950,18.7065,0.3859,2.6461,:9969100561_4,-82.2365,-5.0000,100.0000,default,19,rsu(442m),3603,118929,0.0180,442,2.0231,2,2,-82.2365,-99.2262,direct,0.0500,39.6000,-85.3196
432,node[9],6,6440.8585,4483.9070,1.8950,18.6462,-0.6029,2.6461,:9969100561_4,-82.3584,-4.4948,100.0000,default,19,rsu(441m),3604,118978,0.0230,441,2.0223,2,2,-82.3584,-99.3481,direct,0.0500,39.6000,-85.3165
432.1,node[9],6,6439.2155,4483.0189,1.8950,18.6748,0.2863,2.6461,:9969100561_4,-75.8315,-1.5888,100.0000,default,19,rsu(439m),3605,119029,0.0916,439,2.0245,3,4,-75.8315,-92.8212,direct,0.0500,40.0000,-85.3165
432.2,node[9],6,6437.5709,4482.1301,1.8950,18.6931,0.1829,2.6461,-833751137#20,-76.5775,1.5873,100.0000,default,19,rsu(437m),3606,119079,0.3304,437,2.0169,5,8,-76.5775,-93.5672,direct,0.0500,40.0000,-85.3142
432.3,node[9],6,6435.9285,4481.2424,1.8950,18.6692,-0.2392,2.6461,-833751137#20,-78.2852,-0.5482,100.0000,default,19,rsu(436m),3607,119129,0.1450,436,2.0134,4,6,-78.2852,-95.2749,direct,0.0500,40.0000,-85.3164
432.4,node[9],6,6434.2879,4480.3558,1.8950,18.6471,-0.2212,2.6461,-833751137#20,-78.2076,-2.4206,100.0000,default,19,rsu(434m),3608,119180,0.0624,434,2.0124,3,4,-78.2076,-95.1973,direct,0.0500,40.0000,-85.3124
432.5,node[9],6,6432.6445,4479.4676,1.8950,18.6792,0.3210,2.6461,-833751137#20,-76.1684,2.1438,100.0000,default,19,rsu(433m),3609,119231,0.3946,433,2.0172,5,8,-76.1684,-93.1581,direct,0.0500,40.8000,-85.3111
432.6,node[9],6,6430.9946,4478.5759,1.8950,18.7537,0.7453,2.6461,-833751137#20,-87.1535,-5.0000,100.0000,default,19,rsu(431m),3610,119282,0.0180,431,2.0197,2,2,-87.1535,-104.1432,direct,0.0500,40.8000,-85.3098
432.7,node[9],6,6429.3518,4477.6880,1.8950,18.6731,-0.8062,2.6461,-833751137#20,-78.6279,-0.6570,100.0000,default,19,rsu(429m),3611,119333,0.1384,429,2.0161,4,6,-78.6279,-95.6176,direct,0.0500,40.8000,-85.3084
432.8,node[9],6,6427.7103,4476.8009,1.8950,18.6577,-0.1534,2.6461,-833751137#20,-82.2880,-3.5003,100.0000,default,19,rsu(428m),3612,119381,0.0373,428,2.0204,2,2,-82.2880,-99.2777,direct,0.0500,40.8000,-85.3079
432.9,node[9],6,6426.0645,4475.9114,1.8950,18.7074,0.4969,2.6461,-833751137#20,-76.4116,1.6906,100.0000,default,19,rsu(426m),3613,119430,0.3419,426,2.0251,5,8,-76.4116,-93.4013,direct,0.0500,38.8000,-85.3091
433,node[9],6,6424.4139,4475.0194,1.8950,18.7609,0.5353,2.6461,-833751137#20,-79.6241,-0.8337,100.0000,default,19,rsu(425m),3614,119481,0.1282,425,2.0140,4,6,-79.6241,-96.6138,direct,0.0500,38.8000,-85.3037
433.1,node[9],6,6422.7644,4474.1289,1.8950,18.7293,-0.3162,2.6463,:9405596533_1,-76.8397,-0.7017,100.0000,default,19,rsu(423m),3615,119531,0.1358,423,2.0126,4,6,-76.8397,-93.8294,direct,0.0500,40.4000,-85.3015
433.2,node[9],6,6421.1132,4473.2379,1.8950,18.7398,0.1046,2.6465,:9405596533_1,-76.4867,1.6931,100.0000,default,19,rsu(421m),3616,119582,0.3422,421,2.0233,5,8,-76.4867,-93.4764,direct,0.0500,40.4000,-85.3003
433.3,node[9],6,6419.4612,4472.3465,1.8950,18.7489,0.0912,2.6468,:9405596533_1,-74.8787,3.9993,100.0000,default,19,rsu(420m),3617,119632,0.6224,420,2.0211,6,10,-74.8787,-91.8684,direct,0.0500,40.4000,-85.2979
433.4,node[9],6,6417.8140,4471.4574,1.8950,18.7021,-0.4683,2.6467,-833751137#19,-77.3425,1.1574,100.0000,default,19,rsu(418m),3618,119683,0.2847,418,2.0154,5,8,-77.3425,-94.3322,direct,0.0500,40.4000,-85.2967
433.5,node[9],6,6416.1724,4470.5704,1.8950,18.6588,-0.4330,2.6465,-833751137#19,-80.7154,-5.0000,100.0000,default,19,rsu(417m),3619,119733,0.0180,417,2.0167,2,2,-80.7154,-97.7051,direct,0.0500,40.4000,-85.2933
433.6,node[9],6,6414.5245,4469.6799,1.8950,18.7307,0.7194,2.6463,-833751137#19,-77.6849,-3.6698,100.0000,default,19,rsu(415m),3620,119784,0.0344,415,2.0205,2,2,-77.6849,-94.6746,direct,0.0500,40.4000,-85.2916
433.7,node[9],6,6412.8782,4468.7903,1.8950,18.7126,-0.1806,2.6462,-833751137#19,-83.0751,-5.0000,100.0000,default,19,rsu(414m),3621,119836,0.0180,414,2.0250,2,2,-83.0751,-100.0648,direct,0.0500,41.2000,-85.2907
433.8,node[9],6,6411.2347,4467.9023,1.8950,18.6798,-0.3287,2.6462,-833751137#19,-78.0469,-0.2095,100.0000,default,19,rsu(412m),3622,119888,0.1673,412,2.0234,4,6,-78.0469,-95.0366,direct,0.0500,41.2000,-85.2885
433.9,node[9],6,6409.5909,4467.0141,1.8950,18.6837,0.0389,2.6462,-833751137#19,-75.2503,3.1681,100.0000,default,19,rsu(410m),3623,119938,0.5210,410,2.0200,6,10,-75.2503,-92.2400,direct,0.0500,40.8000,-85.2849
434,node[9],6,6407.9483,4466.1265,1.8950,18.6704,-0.1329,2.6462,-833751137#19,-76.4487,1.0451,100.0000,default,19,rsu(409m),3624,119990,0.2734,409,2.0184,5,8,-76.4487,-93.4384,direct,0.0500,40.8000,-85.2838
434.1,node[9],6,6406.2974,4465.2344,1.8950,18.7652,0.9485,2.6462,-833751137#19,-72.4203,5.3573,100.0000,default,19,rsu(407m),3625,120041,0.7647,407,2.0132,7,12,-72.4203,-89.4100,direct,0.0500,41.2000,-85.2808
434.2,node[9],6,6404.6491,4464.3438,1.8950,18.7346,-0.3067,2.6462,-833751137#19,-72.2488,2.6613,100.0000,default,19,rsu(406m),3626,120091,0.4578,406,2.0148,5,8,-72.2488,-89.2385,direct,0.0500,41.2000,-85.2768
434.3,node[9],6,6403.0008,4463.4531,1.8950,18.7353,0.0071,2.6462,-833751137#19,-88.0623,-5.0000,100.0000,default,19,rsu(404m),3627,120142,0.0180,404,2.0249,2,2,-88.0623,-105.0520,direct,0.0500,40.4000,-85.2744
434.4,node[9],6,6401.3553,4462.5640,1.8950,18.7029,-0.3238,2.6462,-833751137#19,-76.1497,-0.8778,100.0000,default,19,rsu(403m),3628,120194,0.1258,403,2.0206,4,6,-76.1497,-93.1394,direct,0.0500,40.4000,-85.2732
434.5,node[9],6,6399.7147,4461.6775,1.8950,18.6483,-0.5457,2.6462,-833751137#19,-73.2567,6.0731,100.0000,default,19,rsu(401m),3629,120246,0.8230,401,2.0250,7,12,-73.2567,-90.2464,direct,0.0500,41.6000,-85.2703
434.6,node[9],6,6398.0664,4460.7868,1.8950,18.7347,0.8634,2.6462,-833751137#19,-78.4585,-0.2091,100.0000,default,19,rsu(399m),3630,120298,0.1673,399,2.0229,4,6,-78.4585,-95.4482,direct,0.0500,41.6000,-85.2673
434.7,node[9],6,6396.4226,4459.8986,1.8950,18.6842,-0.5051,2.6462,-833751137#19,-79.9237,-5.0000,100.0000,default,19,rsu(398m),3631,120348,0.0180,398,2.0185,2,2,-79.9237,-96.9134,direct,0.0500,40.8000,-85.2629
434.8,node[9],6,6394.7756,4459.0087,1.8950,18.7195,0.3537,2.6462,-833751137#19,-76.7512,-2.7172,100.0000,default,19,rsu(396m),3632,120398,0.0542,396,2.0140,3,4,-76.7512,-93.7409,direct,0.0500,40.8000,-85.2585
434.9,node[9],6,6393.1303,4458.1196,1.8950,18.7019,-0.1759,2.6462,-833751137#19,-81.2876,-3.5215,100.0000,default,19,rsu(395m),3633,120450,0.0369,395,2.0243,2,2,-81.2876,-98.2773,direct,0.0500,40.8000,-85.2577
435,node[9],6,6391.4830,4457.2295,1.8950,18.7230,0.2112,2.6462,-833751137#19,-78.7523,-3.9439,100.0000,default,19,rsu(393m),3634,120502,0.0301,393,2.0130,2,2,-78.7523,-95.7420,direct,0.0500,40.8000,-85.2543
435.1,node[9],6,6389.8352,4456.3391,1.8950,18.7299,0.0684,2.6462,-833751137#19,-76.7153,-1.3701,100.0000,default,19,rsu(392m),3635,120554,0.1011,392,2.0241,3,4,-76.7153,-93.7050,direct,0.0500,41.6000,-85.2508
435.2,node[9],6,6388.1946,4455.4526,1.8950,18.6473,-0.8259,2.6462,-833751137#19,-71.0018,4.6134,100.0000,default,19,rsu(390m),3636,120605,0.6914,390,2.0135,6,10,-71.0018,-87.9915,direct,0.0500,41.6000,-85.2467
435.3,node[9],6,6386.5502,4454.5641,1.8950,18.6903,0.4301,2.6462,-833751137#19,-79.6824,-4.4166,100.0000,default,19,rsu(389m),3637,120657,0.0239,389,2.0247,2,2,-79.6824,-96.6721,direct,0.0500,41.2000,-85.2435
435.4,node[9],6,6384.9078,4453.6766,1.8950,18.6684,-0.2194,2.6462,-833751137#19,-69.7863,9.5436,100.0000,default,19,rsu(387m),3638,120707,0.9634,387,2.0220,9,16,-69.7863,-86.7760,direct,0.0500,41.2000,-85.2385
435.5,node[9],6,6383.2644,4452.7886,1.8950,18.6799,0.1154,2.6462,-833751137#19,-74.8563,-0.3722,100.0000,default,19,rsu(386m),3639,120758,0.1563,386,2.0243,4,6,-74.8563,-91.8460,direct,0.0500,40.4000,-85.2376
435.6,node[9],6,6381.6213,4451.9007,1.8950,18.6758,-0.0409,2.6462,-833751137#19,-84.7578,-5.0000,100.0000,default,19,rsu(384m),3640,120810,0.0180,384,2.0131,2,2,-84.7578,-101.7475,direct,0.0500,40.4000,-85.2319
435.7,node[9],6,6379.9705,4451.0087,1.8950,18.7634,0.8755,2.6462,-833751137#19,-78.9717,-2.9250,100.0000,default,19,rsu(383m),3641,120861,0.0491,383,2.0215,3,4,-78.9717,-95.9614,direct,0.0500,41.2000,-85.2280
435.8,node[9],6,6378.3209,4450.1174,1.8950,18.7501,-0.1332,2.6462,-833751137#19,-78.3974,-1.7424,100.0000,default,19,rsu(381m),3642,120911,0.0854,381,2.0154,3,4,-78.3974,-95.3871,direct,0.0500,41.2000,-85.2235
435.9,node[9],6,6376.6717,4449.2262,1.8950,18.7448,-0.0528,2.6462,-833751137#19,-82.5332,-5.0000,100.0000,default,19,rsu(380m),3643,120961,0.0180,380,2.0193,2,2,-82.5332,-99.5229,direct,0.0500,40.0000,-85.2216
436,node[9],6,6375.0211,4448.3343,1.8950,18.7617,0.1697,2.6462,-833751137#19,-79.2450,-1.4855,100.0000,default,19,rsu(378m),3644,121012,0.0960,378,2.0211,3,4,-79.2450,-96.2347,direct,0.0500,40.0000,-85.2159
436.1,node[9],6,6373.3793,4447.4472,1.8950,18.6604,-1.0133,2.6462,-833751137#19,-73.6978,0.5542,100.0000,default,19,rsu(377m),3645,121062,0.2274,377,2.0152,4,6,-73.6978,-90.6875,direct,0.0500,40.4000,-85.2112
436.2,node[9],6,6371.7352,4446.5588,1.8950,18.6877,0.2731,2.6462,-833751137#19,-79.5106,-3.7670,100.0000,default,19,rsu(375m),3646,121113,0.0328,375,2.0193,2,2,-79.5106,-96.5003,direct,0.0500,40.4000,-85.2074
436.3,node[9],6,6370.0894,4445.6695,1.8950,18.7064,0.1865,2.6462,-833751137#19,-76.2970,2.8600,100.0000,default,19,rsu(374m),3647,121164,0.4825,374,2.0170,5,8,-76.2970,-93.2867,direct,0.0500,40.8000,-85.2032
436.4,node[9],6,6368.4382,4444.7773,1.8950,18.7687,0.6236,2.6462,-833751137#19,-80.3752,-3.4248,100.0000,default,19,rsu(372m),3648,121214,0.0387,372,2.0182,2,2,-80.3752,-97.3649,direct,0.0500,40.8000,-85.2004
436.5,node[9],6,6366.7978,4443.8909,1.8950,18.6447,-1.2408,2.6462,-833751137#19,-77.1691,1.4532,100.0000,default,19,rsu(371m),3649,121263,0.3157,371,2.0123,5,8,-77.1691,-94.1588,direct,0.0500,39.6000,-85.1937
436.6,node[9],6,6365.1559,4443.0037,1.8950,18.6628,0.1814,2.6462,-833751137#19,-76.6797,-0.8376,100.0000,default,19,rsu(369m),3650,121313,0.1280,369,2.0159,4,6,-76.6797,-93.6694,direct,0.0500,39.6000,-85.1918
436.7,node[9],6,6363.5104,4442.1146,1.8950,18.7029,0.4009,2.6462,-833751137#19,-74.8342,4.1287,100.0000,default,19,rsu(368m),3651,121363,0.6375,368,2.0174,6,10,-74.8342,-91.8239,direct,0.0500,40.0000,-85.1887
436.8,node[9],6,6361.8632,4441.2245,1.8950,18.7225,0.1965,2.6462,-833751137#19,-81.2543,-4.6811,100.0000,default,19,rsu(366m),3652,121414,0.0210,366,2.0232,2,2,-81.2543,-98.2440,direct,0.0500,40.0000,-85.1821
436.9,node[9],6,6360.2115,4440.3320,1.8950,18.7733,0.5080,2.6462,-833751137#19,-76.3254,0.3716,100.0000,default,19,rsu(365m),3653,121464,0.2118,365,2.0161,4,6,-76.3254,-93.3151,direct,0.0500,40.4000,-85.1774
437,node[9],6,6358.5669,4439.4433,1.8950,18.6937,-0.7959,2.6462,-833751137#19,-72.4061,5.2562,100.0000,default,19,rsu(363m),3654,121515,0.7555,363,2.0208,7,12,-72.4061,-89.3958,direct,0.0500,40.4000,-85.1737
437.1,node[9],6,6356.9187,4438.5528,1.8950,18.7332,0.3944,2.6462,-833751137#19,-78.6432,-2.6592,100.0000,default,19,rsu(362m),3655,121566,0.0557,362,2.0138,3,4,-78.6432,-95.6329,direct,0.0500,40.8000,-85.1695
437.2,node[9],6,6355.2743,4437.6642,1.8950,18.6911,-0.4205,2.6462,-833751137#19,-77.0737,1.6318,100.0000,default,19,rsu(360m),3656,121616,0.3353,360,2.0130,5,8,-77.0737,-94.0634,direct,0.0500,40.8000,-85.1647
437.3,node[9],6,6353.6256,4436.7733,1.8950,18.7396,0.4849,2.6462,-833751137#19,-75.1590,0.7129,100.0000,default,19,rsu(359m),3657,121667,0.2417,359,2.0231,4,6,-75.1590,-92.1487,direct,0.0500,40.4000,-85.1608
437.4,node[9],6,6351.9783,4435.8832,1.8950,18.7238,-0.1584,2.6462,-833751137#19,-69.8717,7.2879,100.0000,default,19,rsu(357m),3658,121715,0.8951,357,2.0248,8,14,-69.8717,-86.8614,direct,0.0500,40.4000,-85.1560
437.5,node[9],6,6350.3354,4434.9955,1.8950,18.6731,-0.5070,2.6462,-833751137#19,-72.7032,1.3151,100.0000,default,19,rsu(356m),3659,121766,0.3010,356,2.0245,5,8,-72.7032,-89.6929,direct,0.0500,39.6000,-85.1524
437.6,node[9],6,6348.6841,4434.1032,1.8950,18.7699,0.9682,2.6462,-833751137#19,-76.3148,0.7247,100.0000,default,19,rsu(354m),3660,121817,0.2427,354,2.0242,4,6,-76.3148,-93.3045,direct,0.0500,39.6000,-85.1484
437.7,node[9],6,6347.0420,4433.2159,1.8950,18.6647,-1.0517,2.6462,-833751137#19,-77.4998,-0.7692,100.0000,default,19,rsu(353m),3661,121868,0.1319,353,2.0215,4,6,-77.4998,-94.4895,direct,0.0500,40.8000,-85.1444
437.8,node[9],6,6345.3951,4432.3260,1.8950,18.7187,0.5394,2.6462,-833751137#19,-73.5945,4.6005,100.0000,default,19,rsu(351m),3662,121919,0.6900,351,2.0181,6,10,-73.5945,-90.5842,direct,0.0500,40.8000,-85.1404
437.9,node[9],6,6343.7473,4431.4356,1.8950,18.7299,0.1122,2.6462,-833751137#19,-72.1985,1.9070,100.0000,default,19,rsu(350m),3663,121970,0.3667,350,2.0203,5,8,-72.1985,-89.1882,direct,0.0500,40.8000,-85.1363
438,node[9],6,6342.1040,4430.5477,1.8950,18.6773,-0.5261,2.6462,-833751137#19,-83.4670,-5.0000,100.0000,default,19,rsu(349m),3664,122020,0.0180,349,2.0133,2,2,-83.4670,-100.4567,direct,0.0500,40.8000,-85.1319
438.1,node[9],6,6340.4553,4429.6568,1.8950,18.7397,0.6237,2.6462,-833751137#19,-73.0468,4.2708,100.0000,default,19,rsu(347m),3665,122070,0.6537,347,2.0124,6,10,-73.0468,-90.0365,direct,0.0500,40.0000,-85.1275
438.2,node[9],6,6338.8125,4428.7691,1.8950,18.6730,-0.6670,2.6462,-833751137#19,-75.0214,3.4016,100.0000,default,19,rsu(346m),3666,122121,0.5500,346,2.0221,6,10,-75.0214,-92.0111,direct,0.0500,40.0000,-85.1244
438.3,node[9],6,6337.1661,4427.8795,1.8950,18.7131,0.4018,2.6462,-833751137#19,-81.0227,-3.0792,100.0000,default,19,rsu(344m),3667,122172,0.0457,344,2.0133,2,2,-81.0227,-98.0124,direct,0.0500,40.8000,-85.1205
438.4,node[9],6,6335.5178,4426.9888,1.8950,18.7358,0.2268,2.6462,-833751137#19,-88.0354,-5.0000,100.0000,default,19,rsu(343m),3668,122221,0.0180,343,2.0196,2,2,-88.0354,-105.0251,direct,0.0500,40.8000,-85.1161
438.5,node[9],6,6333.8723,4426.0997,1.8950,18.7027,-0.3309,2.6462,-833751137#19,-84.4367,-5.0000,100.0000,default,19,rsu(341m),3669,122269,0.0180,341,2.0198,2,2,-84.4367,-101.4264,direct,0.0500,38.8000,-85.1111
438.6,node[9],6,6332.2206,4425.2072,1.8950,18.7736,0.7087,2.6462,-833751137#19,-77.6499,-3.2288,100.0000,default,19,rsu(340m),3670,122320,0.0425,340,2.0131,2,2,-77.6499,-94.6396,direct,0.0500,38.8000,-85.1087
438.7,node[9],6,6330.5705,4424.3155,1.8950,18.7560,-0.1763,2.6462,-833751137#19,-74.3208,4.1489,100.0000,default,19,rsu(339m),3671,122370,0.6398,339,2.0196,6,10,-74.3208,-91.3105,direct,0.0500,40.4000,-85.1043
438.8,node[9],6,6328.9300,4423.4291,1.8950,18.6466,-1.0941,2.6462,-833751137#19,-75.4136,1.3551,100.0000,default,19,rsu(337m),3672,122420,0.3052,337,2.0159,5,8,-75.4136,-92.4033,direct,0.0500,40.4000,-85.0998
438.9,node[9],6,6327.2891,4422.5424,1.8950,18.6511,0.0455,2.6462,-833751137#19,-78.7869,-3.5300,100.0000,default,19,rsu(336m),3673,122471,0.0368,336,2.0221,2,2,-78.7869,-95.7766,direct,0.0500,40.4000,-85.0970
439,node[9],6,6325.6399,4421.6513,1.8950,18.7448,0.9369,2.6462,-833751137#19,-80.6300,-3.2275,100.0000,default,19,rsu(334m),3674,122520,0.0425,334,2.0251,2,2,-80.6300,-97.6197,direct,0.0500,40.4000,-85.0923
439.1,node[9],6,6323.9894,4420.7595,1.8950,18.7605,0.1566,2.6462,-833751137#19,-76.9211,-0.2350,100.0000,default,19,rsu(333m),3675,122571,0.1656,333,2.0126,4,6,-76.9211,-93.9108,direct,0.0500,40.0000,-85.0896
439.2,node[9],6,6322.3414,4419.8690,1.8950,18.7316,-0.2888,2.6462,-833751137#19,-77.8388,-1.2862,100.0000,default,19,rsu(332m),3676,122620,0.1050,332,2.0190,3,4,-77.8388,-94.8285,direct,0.0500,40.0000,-85.0854
439.3,node[9],6,6320.6995,4418.9818,1.8950,18.6623,-0.6930,2.6462,-833751137#19,-75.9257,0.1045,100.0000,default,19,rsu(330m),3677,122669,0.1904,330,2.0227,4,6,-75.9257,-92.9154,direct,0.0500,39.2000,-85.0816
439.4,node[9],6,6319.0545,4418.0929,1.8950,18.6972,0.3496,2.6462,-833751137#19,-79.1389,-2.6408,100.0000,default,19,rsu(329m),3678,122719,0.0562,329,2.0190,3,4,-79.1389,-96.1286,direct,0.0500,39.2000,-85.0793
439.5,node[9],6,6317.4047,4417.2014,1.8950,18.7524,0.5514,2.6462,-833751137#19,-75.5261,2.0347,100.0000,default,19,rsu(328m),3679,122769,0.3816,328,2.0229,5,8,-75.5261,-92.5158,direct,0.0500,40.0000,-85.0764
439.6,node[9],6,6315.7578,4416.3115,1.8950,18.7190,-0.3340,2.6462,-833751137#19,-78.2990,-3.0076,100.0000,default,19,rsu(326m),3680,122817,0.0473,326,2.0131,2,2,-78.2990,-95.2887,direct,0.0500,40.0000,-85.0720
439.7,node[9],6,6314.1120,4415.4222,1.8950,18.7065,-0.1244,2.6462,-833751137#19,-74.3401,0.0886,100.0000,default,19,rsu(325m),3681,122864,0.1891,325,2.0139,4,6,-74.3401,-91.3298,direct,0.0500,38.0000,-85.0673
439.8,node[9],6,6312.4614,4414.5303,1.8950,18.7616,0.5503,2.6462,-833751137#19,-77.9694,-2.0796,100.0000,default,19,rsu(323m),3682,122912,0.0731,323,2.0207,3,4,-77.9694,-94.9591,direct,0.0500,38.0000,-85.0657
439.9,node[9],6,6310.8099,4413.6379,1.8950,18.7716,0.1001,2.6462,-833751137#19,-74.3952,0.8975,100.0000,default,19,rsu(322m),3683,122960,0.2590,322,2.0242,4,6,-74.3952,-91.3849,direct,0.0500,38.4000,-85.0629
440,node[9],6,6309.1584,4412.7456,1.8950,18.7710,-0.0063,2.6462,-833751137#19,-73.4273,5.4233,100.0000,default,19,rsu(321m),3684,123008,0.7706,321,2.0253,7,12,-73.4273,-90.4170,direct,0.0500,38.4000,-85.0587
440.1,node[9],6,6307.5149,4411.8575,1.8950,18.6801,-0.9084,2.6462,-833751137#19,-81.7898,-5.0000,100.0000,default,19,rsu(319m),3685,123058,0.0180,319,2.0181,2,2,-81.7898,-98.7795,direct,0.0500,39.2000,-85.0603
440.2,node[9],6,6305.8658,4410.9664,1.8950,18.7445,0.6441,2.6462,-833751137#19,-80.8126,-5.0000,100.0000,default,19,rsu(318m),3686,123106,0.0180,318,2.0194,2,2,-80.8126,-97.8023,direct,0.0500,39.2000,-85.0561
440.3,node[9],6,6304.2166,4410.0753,1.8950,18.7456,0.0110,2.6462,-833751137#19,-75.2065,1.7150,100.0000,default,19,rsu(317m),3687,123157,0.3447,317,2.0155,5,8,-75.2065,-92.1962,direct,0.0500,39.6000,-85.0557
440.4,node[9],6,6302.5735,4409.1875,1.8950,18.6752,-0.7044,2.6462,-833751137#19,-71.2045,4.4302,100.0000,default,19,rsu(315m),3688,123206,0.6715,315,2.0229,6,10,-71.2045,-88.1942,direct,0.0500,39.6000,-85.0516
440.5,node[9],6,6300.9311,4408.3000,1.8950,18.6681,-0.0706,2.6462,-833751137#19,-79.7426,-4.8468,100.0000,default,19,rsu(314m),3689,123257,0.0194,314,2.0209,2,2,-79.7426,-96.7323,direct,0.0500,40.0000,-85.0516
440.6,node[9],6,6299.2875,4407.4119,1.8950,18.6818,0.1367,2.6462,-833751137#19,-71.0583,7.9630,100.0000,default,19,rsu(313m),3690,123306,0.9228,313,2.0157,8,14,-71.0583,-88.0480,direct,0.0500,40.0000,-85.0488
440.7,node[9],6,6297.6407,4406.5220,1.8950,18.7185,0.3669,2.6462,-833751137#19,-78.3811,-1.8605,100.0000,default,19,rsu(311m),3691,123356,0.0809,311,2.0163,3,4,-78.3811,-95.3708,direct,0.0500,39.6000,-85.0469
440.8,node[9],6,6295.9942,4405.6323,1.8950,18.7143,-0.0421,2.6462,-833751137#19,-78.4107,-0.1491,100.0000,default,19,rsu(310m),3692,123406,0.1716,310,2.0239,4,6,-78.4107,-95.4004,direct,0.0500,39.6000,-85.0442
440.9,node[9],6,6294.3476,4404.7426,1.8950,18.7153,0.0098,2.6462,-833751137#19,-74.9705,-0.7465,100.0000,default,19,rsu(309m),3693,123456,0.1332,309,2.0181,4,6,-74.9705,-91.9602,direct,0.0500,40.0000,-85.0406
441,node[9],6,6292.7078,4403.8568,1.8950,18.6527,-0.6255,2.6462,:9405596536_2,-73.7372,4.8952,100.0000,default,19,rsu(308m),3694,123507,0.7206,308,2.0177,6,10,-73.7372,-90.7269,direct,0.0500,40.0000,-85.0430
441.1,node[9],6,6291.0623,4402.9683,1.8950,18.7309,0.7816,2.6463,:9405596536_2,-76.3360,1.6466,100.0000,default,19,rsu(306m),3695,123557,0.3370,306,2.0128,5,8,-76.3360,-93.3257,direct,0.0500,40.4000,-85.0413
441.2,node[9],6,6289.4215,4402.0822,1.8950,18.6778,-0.5307,2.6464,:9405596536_2,-69.6042,5.8302,100.0000,default,19,rsu(305m),3696,123608,0.8046,305,2.0126,7,12,-69.6042,-86.5939,direct,0.0500,40.4000,-85.0408
441.3,node[9],6,6287.7791,4401.1953,1.8950,18.6962,0.1842,2.6465,:9405596536_2,-79.9525,-1.2580,100.0000,default,19,rsu(304m),3697,123657,0.1063,304,2.0232,3,4,-79.9525,-96.9422,direct,0.0500,40.0000,-85.0394
441.4,node[9],6,6286.1326,4400.3060,1.8950,18.7178,0.2159,2.6464,-833751137#18,-81.5839,-4.2697,100.0000,default,19,rsu(303m),3698,123708,0.0257,303,2.0162,2,2,-81.5839,-98.5736,direct,0.0500,40.0000,-85.0397
441.5,node[9],6,6284.4881,4399.4177,1.8950,18.6918,-0.2605,2.6464,-833751137#18,-70.7318,6.1844,100.0000,default,19,rsu(301m),3699,123759,0.8309,301,2.0163,7,12,-70.7318,-87.7215,direct,0.0500,40.8000,-85.0395
441.6,node[9],6,6282.8410,4398.5281,1.8950,18.7193,0.2756,2.6464,-833751137#18,-82.5991,-4.8448,100.0000,default,19,rsu(300m),3700,123810,0.0194,300,2.0165,2,2,-82.5991,-99.5888,direct,0.0500,40.8000,-85.0394
441.7,node[9],6,6281.1917,4397.6373,1.8950,18.7455,0.2615,2.6464,-833751137#18,-75.6895,2.2361,100.0000,default,19,rsu(299m),3701,123859,0.4057,299,2.0217,5,8,-75.6895,-92.6792,direct,0.0500,40.0000,-85.0367
441.8,node[9],6,6279.5501,4396.7505,1.8950,18.6580,-0.8745,2.6464,-833751137#18,-78.8686,-3.1252,100.0000,default,19,rsu(298m),3702,123910,0.0447,298,2.0147,2,2,-78.8686,-95.8583,direct,0.0500,40.0000,-85.0400
441.9,node[9],6,6277.9011,4395.8598,1.8950,18.7424,0.8443,2.6464,-833751137#18,-72.7815,6.2629,100.0000,default,19,rsu(296m),3703,123959,0.8364,296,2.0200,7,12,-72.7815,-89.7712,direct,0.0500,40.0000,-85.0375
442,node[9],6,6276.2535,4394.9699,1.8950,18.7261,-0.1633,2.6464,-833751137#18,-77.5524,-0.3698,100.0000,default,19,rsu(295m),3704,124010,0.1565,295,2.0217,4,6,-77.5524,-94.5421,direct,0.0500,40.0000,-85.0413
442.1,node[9],6,6274.6099,4394.0821,1.8950,18.6800,-0.4609,2.6464,-833751137#18,-80.8994,-5.0000,100.0000,default,19,rsu(294m),3705,124061,0.0180,294,2.0249,2,2,-80.8994,-97.8891,direct,0.0500,40.8000,-85.0423
442.2,node[9],6,6272.9598,4393.1909,1.8950,18.7545,0.7447,2.6464,-833751137#18,-72.0674,6.6516,100.0000,default,20,rsu(293m),3706,124112,0.8613,293,2.0179,7,12,-72.0674,-89.0571,direct,0.0500,40.8000,-84.4071
442.3,node[9],6,6271.3084,4392.2989,1.8950,18.7686,0.1407,2.6464,-833751137#18,-73.3486,4.3316,100.0000,default,20,rsu(291m),3707,124163,0.6606,291,2.0240,6,10,-73.3486,-90.3383,direct,0.0500,40.8000,-84.4162
442.4,node[9],6,6269.6635,4391.4104,1.8950,18.6953,-0.7327,2.6464,-833751137#18,-79.2087,-3.5292,100.0000,default,20,rsu(290m),3708,124213,0.0368,290,2.0137,2,2,-79.2087,-96.1984,direct,0.0500,40.8000,-84.4206
442.5,node[9],6,6268.0146,4390.5197,1.8950,18.7417,0.4639,2.6464,-833751137#18,-80.5779,-2.1817,100.0000,default,20,rsu(289m),3709,124265,0.0697,289,2.0247,3,4,-80.5779,-97.5676,direct,0.0500,40.8000,-84.4311
442.6,node[9],6,6266.3645,4389.6285,1.8950,18.7538,0.1215,2.6464,-833751137#18,-78.3665,0.4941,100.0000,default,20,rsu(288m),3710,124317,0.2222,288,2.0129,4,6,-78.3665,-95.3562,direct,0.0500,40.8000,-84.4386
442.7,node[9],6,6264.7191,4388.7397,1.8950,18.7008,-0.5304,2.6464,-833751137#18,-75.0541,0.6431,100.0000,default,20,rsu(287m),3711,124368,0.2353,287,2.0194,4,6,-75.0541,-92.0438,direct,0.0500,41.2000,-84.4459
442.8,node[9],6,6263.0764,4387.8511,1.8950,18.6686,-0.3221,2.6461,:227579252_5,-75.1411,1.5817,100.0000,default,20,rsu(285m),3712,124419,0.3298,285,2.0246,5,8,-75.1411,-92.1308,direct,0.0500,41.2000,-84.4514
442.9,node[9],6,6261.4311,4386.9610,1.8950,18.6981,0.2951,2.6459,:227579252_5,-73.5498,2.4333,100.0000,default,20,rsu(284m),3713,124470,0.4296,284,2.0252,5,8,-73.5498,-90.5395,direct,0.0500,40.8000,-84.4616
443,node[9],6,6259.7796,4386.0676,1.8950,18.7675,0.6942,2.6457,:227579252_5,-79.5489,-0.9562,100.0000,default,20,rsu(283m),3714,124519,0.1215,283,2.0129,4,6,-79.5489,-96.5386,direct,0.0500,40.8000,-84.4665
443.1,node[9],6,6258.1348,4385.1776,1.8950,18.6932,-0.7434,2.6457,:227579252_5,-75.9342,1.2467,100.0000,default,20,rsu(282m),3715,124570,0.2939,282,2.0184,5,8,-75.9342,-92.9239,direct,0.0500,40.0000,-84.4730
443.2,node[9],6,6256.4937,4384.2899,1.8950,18.6489,-0.4423,2.6457,:227579252_5,-72.3263,4.7087,100.0000,default,20,rsu(281m),3716,124622,0.7015,281,2.0176,6,10,-72.3263,-89.3160,direct,0.0500,40.0000,-84.4867
443.3,node[9],6,6254.8466,4383.3987,1.8950,18.7188,0.6982,2.6457,:227579252_5,-73.7762,1.3209,100.0000,default,20,rsu(280m),3717,124674,0.3016,280,2.0152,5,8,-73.7762,-90.7659,direct,0.0500,41.6000,-84.4952
443.4,node[9],6,6253.1978,4382.5067,1.8950,18.7376,0.1888,2.6457,:227579252_5,-70.2936,7.7993,100.0000,default,20,rsu(279m),3718,124724,0.9168,279,2.0247,8,14,-70.2936,-87.2833,direct,0.0500,41.6000,-84.5033
443.5,node[9],6,6251.5542,4381.6175,1.8950,18.6806,-0.5702,2.6457,-833751137#17,-84.3358,-5.0000,100.0000,default,20,rsu(278m),3719,124775,0.0180,278,2.0154,2,2,-84.3358,-101.3255,direct,0.0500,40.4000,-84.5121
443.6,node[9],6,6249.9075,4380.7264,1.8950,18.7237,0.4310,2.6456,-833751137#17,-70.0272,8.4298,100.0000,default,20,rsu(276m),3720,124825,0.9379,276,2.0166,8,14,-70.0272,-87.0169,direct,0.0500,40.4000,-84.5183
443.7,node[9],6,6248.2579,4379.8337,1.8950,18.7581,0.3442,2.6456,-833751137#17,-74.9067,2.3421,100.0000,default,20,rsu(275m),3721,124876,0.4185,275,2.0236,5,8,-74.9067,-91.8964,direct,0.0500,40.4000,-84.5309
443.8,node[9],6,6246.6162,4378.9453,1.8950,18.6666,-0.9158,2.6456,-833751137#17,-73.2255,3.3475,100.0000,default,20,rsu(274m),3722,124926,0.5433,274,2.0146,6,10,-73.2255,-90.2152,direct,0.0500,40.4000,-84.5396
443.9,node[9],6,6244.9748,4378.0571,1.8950,18.6643,-0.0224,2.6456,-833751137#17,-77.4757,1.0478,100.0000,default,20,rsu(273m),3723,124976,0.2737,273,2.0245,5,8,-77.4757,-94.4654,direct,0.0500,40.0000,-84.5484
444,node[9],6,6243.3277,4377.1658,1.8950,18.7284,0.6408,2.6456,-833751137#17,-78.2717,-2.3059,100.0000,default,20,rsu(272m),3724,125026,0.0658,272,2.0157,3,4,-78.2717,-95.2614,direct,0.0500,40.0000,-84.5543
444.1,node[9],6,6241.6866,4376.2777,1.8950,18.6616,-0.6681,2.6456,-833751137#17,-72.4553,4.4170,100.0000,default,20,rsu(271m),3725,125077,0.6701,271,2.0232,6,10,-72.4553,-89.4450,direct,0.0500,40.4000,-84.5661
444.2,node[9],6,6240.0460,4375.3899,1.8950,18.6545,-0.0704,2.6456,-833751137#17,-68.7008,10.6452,100.0000,default,20,rsu(270m),3726,125129,0.9786,270,2.0180,9,16,-68.7008,-85.6905,direct,0.0500,40.4000,-84.5755
444.3,node[9],6,6238.4000,4374.4992,1.8950,18.7161,0.6156,2.6456,-833751137#17,-77.0580,-1.0758,100.0000,default,20,rsu(269m),3727,125181,0.1153,269,2.0253,3,4,-77.0580,-94.0477,direct,0.0500,41.6000,-84.5876
444.4,node[9],6,6236.7592,4373.6112,1.8950,18.6576,-0.5854,2.6456,-833751137#17,-77.3884,0.9359,100.0000,default,20,rsu(268m),3728,125233,0.2627,268,2.0227,4,6,-77.3884,-94.3781,direct,0.0500,41.6000,-84.5970
444.5,node[9],6,6235.1187,4372.7235,1.8950,18.6529,-0.0470,2.6456,-833751137#17,-74.0350,0.5384,100.0000,default,20,rsu(267m),3729,125286,0.2260,267,2.0226,4,6,-74.0350,-91.0247,direct,0.0500,42.0000,-84.6068
444.6,node[9],6,6233.4730,4371.8329,1.8950,18.7138,0.6095,2.6456,-833751137#17,-69.9517,9.0447,100.0000,default,20,rsu(266m),3730,125336,0.9536,266,2.0173,9,16,-69.9517,-86.9414,direct,0.0500,42.0000,-84.6128
444.7,node[9],6,6231.8321,4370.9450,1.8950,18.6583,-0.5553,2.6456,-833751137#17,-75.2578,3.7881,100.0000,default,20,rsu(265m),3731,125389,0.5973,265,2.0154,6,10,-75.2578,-92.2475,direct,0.0500,41.2000,-84.6257
444.8,node[9],6,6230.1917,4370.0573,1.8950,18.6525,-0.0575,2.6456,-833751137#17,-84.2088,-5.0000,100.0000,default,20,rsu(264m),3732,125442,0.0180,264,2.0222,2,2,-84.2088,-101.1985,direct,0.0500,41.2000,-84.6351
444.9,node[9],6,6228.5510,4369.1695,1.8950,18.6556,0.0311,2.6456,-833751137#17,-77.8859,-3.7746,100.0000,default,20,rsu(263m),3733,125495,0.0327,263,2.0255,2,2,-77.8859,-94.8756,direct,0.0500,42.4000,-84.6445
445,node[9],6,6226.9014,4368.2768,1.8950,18.7568,1.0119,2.6456,-833751137#17,-82.3801,-5.0000,100.0000,default,20,rsu(262m),3734,125547,0.0180,262,2.0206,2,2,-82.3801,-99.3698,direct,0.0500,42.4000,-84.6536
445.1,node[9],6,6225.2602,4367.3886,1.8950,18.6624,-0.9441,2.6456,-833751137#17,-67.2419,11.6043,100.0000,default,20,rsu(261m),3735,125599,0.9866,261,2.0180,10,18,-67.2419,-84.2316,direct,0.0500,41.6000,-84.6626
445.2,node[9],6,6223.6195,4366.5008,1.8950,18.6560,-0.0639,2.6456,-833751137#17,-70.6993,6.6803,100.0000,default,20,rsu(260m),3736,125651,0.8630,260,2.0158,7,12,-70.6993,-87.6890,direct,0.0500,41.6000,-84.6716
445.3,node[9],6,6221.9687,4365.6075,1.8950,18.7701,1.1411,2.6456,-833751137#17,-73.7859,5.1762,100.0000,default,20,rsu(259m),3737,125702,0.7480,259,2.0182,7,12,-73.7859,-90.7756,direct,0.0500,41.2000,-84.6803
445.4,node[9],6,6220.3279,4364.7196,1.8950,18.6572,-1.1296,2.6456,-833751137#17,-71.0846,7.4452,100.0000,default,20,rsu(258m),3738,125754,0.9023,258,2.0206,8,14,-71.0846,-88.0743,direct,0.0500,41.2000,-84.6903
445.5,node[9],6,6218.6853,4363.8307,1.8950,18.6783,0.2110,2.6456,-833751137#17,-85.2241,-5.0000,100.0000,default,20,rsu(257m),3739,125805,0.0180,257,2.0218,2,2,-85.2241,-102.2138,direct,0.0500,41.2000,-84.6988
445.6,node[9],6,6217.0383,4362.9394,1.8950,18.7276,0.4934,2.6456,-833751137#17,-69.5593,5.7667,100.0000,default,20,rsu(256m),3740,125856,0.7995,256,2.0202,7,12,-69.5593,-86.5490,direct,0.0500,41.2000,-84.7074
445.7,node[9],6,6215.3922,4362.0487,1.8950,18.7175,-0.1010,2.6456,-833751137#17,-71.4895,3.2237,100.0000,default,20,rsu(255m),3741,125907,0.5279,255,2.0154,6,10,-71.4895,-88.4792,direct,0.0500,40.8000,-84.7146
445.8,node[9],5,6213.7518,4361.1610,1.8950,18.6517,-0.6582,2.6456,-833751137#17,-81.5960,-3.0791,100.0000,default,21,rsu(254m),3742,125960,0.0457,254,2.0145,2,2,-81.5960,-98.5857,direct,0.0500,40.8000,-84.7208
445.9,node[9],5,6212.1091,4360.2720,1.8950,18.6795,0.2782,2.6456,-833751137#17,-74.8725,1.3023,100.0000,default,21,rsu(254m),3743,126012,0.2997,254,2.0129,5,8,-74.8725,-91.8622,direct,0.0500,42.0000,-84.7295
446,node[9],5,6210.4645,4359.3821,1.8950,18.6998,0.2030,2.6456,-833751137#17,-77.1041,-0.4393,100.0000,default,21,rsu(253m),3744,126064,0.1519,253,2.0243,4,6,-77.1041,-94.0938,direct,0.0500,42.0000,-84.7382
446.1,node[9],5,6208.8237,4358.4942,1.8950,18.6572,-0.4262,2.6456,-833751137#17,-77.3101,-1.2935,100.0000,default,21,rsu(252m),3745,126117,0.1046,252,2.0233,3,4,-77.3101,-94.2998,direct,0.0500,42.0000,-84.7475
446.2,node[9],5,6207.1836,4357.6067,1.8950,18.6492,-0.0803,2.6456,-833751137#17,-72.8044,1.5280,100.0000,default,22,rsu(251m),3746,126169,0.3239,251,2.0218,5,8,-72.8044,-89.7941,direct,0.0500,42.0000,-84.6900
446.3,node[9],5,6205.5414,4356.7180,1.8950,18.6735,0.2435,2.6456,-833751137#17,-74.8916,1.3852,100.0000,default,22,rsu(250m),3747,126222,0.3084,250,2.0210,5,8,-74.8916,-91.8813,direct,0.0500,42.0000,-84.6983
446.4,node[9],5,6203.9008,4355.8302,1.8950,18.6553,-0.1821,2.6456,-833751137#17,-69.2980,5.3450,100.0000,default,22,rsu(249m),3748,126275,0.7636,249,2.0244,7,12,-69.2980,-86.2877,direct,0.0500,42.0000,-84.7061
446.5,node[9],5,6202.2535,4354.9387,1.8950,18.7310,0.7575,2.6456,-833751137#17,-76.9576,-2.5315,100.0000,default,22,rsu(248m),3749,126328,0.0592,248,2.0229,3,4,-76.9576,-93.9473,direct,0.0500,42.4000,-84.7138
446.6,node[9],5,6200.6081,4354.0483,1.8950,18.7094,-0.2161,2.6456,-833751137#17,-73.1518,0.8558,100.0000,default,22,rsu(248m),3750,126380,0.2550,248,2.0186,4,6,-73.1518,-90.1415,direct,0.0500,42.4000,-84.7211
446.7,node[9],5,6198.9598,4353.1564,1.8950,18.7414,0.3197,2.6456,-833751137#17,-73.1594,0.7106,100.0000,default,22,rsu(247m),3751,126432,0.2415,247,2.0231,4,6,-73.1594,-90.1491,direct,0.0500,41.6000,-84.7280
446.8,node[9],5,6197.3128,4352.2651,1.8950,18.7286,-0.1282,2.6456,-833751137#17,-75.6850,0.4954,100.0000,default,22,rsu(246m),3752,126485,0.2223,246,2.0243,4,6,-75.6850,-92.6747,direct,0.0500,41.6000,-84.7353
446.9,node[9],5,6195.6702,4351.3763,1.8950,18.6770,-0.5158,2.6456,-833751137#17,-68.4698,6.8072,100.0000,default,22,rsu(245m),3753,126537,0.8703,245,2.0193,7,12,-68.4698,-85.4595,direct,0.0500,42.0000,-84.7421
447,node[9],5,6194.0251,4350.4860,1.8950,18.7059,0.2891,2.6456,-833751137#17,-78.5677,-1.3145,100.0000,default,22,rsu(244m),3754,126589,0.1037,244,2.0151,3,4,-78.5677,-95.5574,direct,0.0500,42.0000,-84.7485
447.1,node[9],5,6192.3772,4349.5943,1.8950,18.7379,0.3197,2.6456,-833751137#17,-74.2444,0.7639,100.0000,default,22,rsu(244m),3755,126642,0.2464,244,2.0145,4,6,-74.2444,-91.2341,direct,0.0500,42.0000,-84.7548
447.2,node[9],5,6190.7350,4348.7056,1.8950,18.6729,-0.6505,2.6456,-833751137#17,-70.3134,4.9768,100.0000,default,22,rsu(243m),3756,126695,0.7288,243,2.0216,6,10,-70.3134,-87.3031,direct,0.0500,42.0000,-84.7609
447.3,node[9],5,6189.0934,4347.8173,1.8950,18.6667,-0.0618,2.6456,-833751137#17,-75.1559,3.2205,100.0000,default,22,rsu(242m),3757,126748,0.5275,242,2.0217,6,10,-75.1559,-92.1456,direct,0.0500,42.4000,-84.7670
447.4,node[9],5,6187.4497,4346.9278,1.8950,18.6906,0.2392,2.6456,-833751137#17,-76.4810,-2.0689,100.0000,default,22,rsu(242m),3758,126800,0.0735,242,2.0166,3,4,-76.4810,-93.4707,direct,0.0500,42.4000,-84.7727
447.5,node[9],5,6185.8000,4346.0351,1.8950,18.7577,0.6710,2.6456,-833751137#17,-71.1685,8.0510,100.0000,default,22,rsu(241m),3759,126852,0.9259,241,2.0166,8,14,-71.1685,-88.1582,direct,0.0500,41.6000,-84.7767
447.6,node[9],5,6184.1557,4345.1453,1.8950,18.6968,-0.6092,2.6456,-833751137#17,-86.2737,-5.0000,100.0000,default,22,rsu(240m),3760,126904,0.0180,240,2.0195,2,2,-86.2737,-103.2634,direct,0.0500,41.6000,-84.7848
447.7,node[9],5,6182.5077,4344.2535,1.8950,18.7395,0.4270,2.6456,-833751137#17,-74.8235,-0.6206,100.0000,default,22,rsu(239m),3761,126956,0.1406,239,2.0153,4,6,-74.8235,-91.8132,direct,0.0500,41.6000,-84.7906
447.8,node[9],5,6180.8663,4343.3653,1.8950,18.6635,-0.7593,2.6456,-833751137#17,-74.6416,2.0806,100.0000,default,22,rsu(239m),3762,127007,0.3871,239,2.0208,5,8,-74.6416,-91.6313,direct,0.0500,41.6000,-84.7963
447.9,node[9],5,6179.2240,4342.4765,1.8950,18.6745,0.1101,2.6456,-833751137#17,-78.1557,-0.1283,100.0000,default,22,rsu(238m),3763,127058,0.1731,238,2.0162,4,6,-78.1557,-95.1454,direct,0.0500,40.8000,-84.7999
448,node[9],5,6177.5763,4341.5849,1.8950,18.7356,0.6107,2.6456,-833751137#17,-75.7978,1.9605,100.0000,default,22,rsu(237m),3764,127111,0.3729,237,2.0201,5,8,-75.7978,-92.7875,direct,0.0500,40.8000,-84.8088
448.1,node[9],5,6175.9303,4340.6942,1.8950,18.7158,-0.1979,2.6456,-833751137#17,-69.0441,9.8323,100.0000,default,22,rsu(237m),3765,127163,0.9682,237,2.0233,9,16,-69.0441,-86.0338,direct,0.0500,42.0000,-84.8145
448.2,node[9],5,6174.2882,4339.8055,1.8950,18.6727,-0.4313,2.6456,-833751137#17,-70.4975,8.1270,100.0000,default,22,rsu(236m),3766,127214,0.9285,236,2.0250,8,14,-70.4975,-87.4872,direct,0.0500,42.0000,-84.8197
448.3,node[9],5,6172.6389,4338.9131,1.8950,18.7532,0.8047,2.6456,-833751137#17,-75.0323,-0.4708,100.0000,default,22,rsu(236m),3767,127267,0.1499,236,2.0242,4,6,-75.0323,-92.0220,direct,0.0500,41.6000,-84.8254
448.4,node[9],5,6170.9881,4338.0198,1.8950,18.7708,0.1767,2.6456,-833751137#17,-71.2832,7.4363,100.0000,default,22,rsu(235m),3768,127319,0.9019,235,2.0167,8,14,-71.2832,-88.2729,direct,0.0500,41.6000,-84.8306
448.5,node[9],5,6169.3455,4337.1308,1.8950,18.6784,-0.9240,2.6456,-833751137#17,-74.5865,4.2853,100.0000,default,22,rsu(234m),3769,127371,0.6553,234,2.0153,6,10,-74.5865,-91.5762,direct,0.0500,41.6000,-84.8358
448.6,node[9],5,6167.6966,4336.2386,1.8950,18.7483,0.6987,2.6456,-833751137#17,-74.7526,1.0335,100.0000,default,22,rsu(234m),3770,127423,0.2723,234,2.0185,5,8,-74.7526,-91.7423,direct,0.0500,41.6000,-84.8389
448.7,node[9],5,6166.0461,4335.3454,1.8950,18.7683,0.1997,2.6456,-833751137#17,-68.8233,8.9679,100.0000,default,22,rsu(233m),3771,127476,0.9518,233,2.0251,8,14,-68.8233,-85.8130,direct,0.0500,42.0000,-84.8458
448.8,node[9],5,6164.3978,4334.4535,1.8950,18.7418,-0.2645,2.6456,-833751137#17,-74.9710,1.7705,100.0000,default,22,rsu(233m),3772,127527,0.3510,233,2.0209,5,8,-74.9710,-91.9607,direct,0.0500,42.0000,-84.8488
448.9,node[9],5,6162.7539,4333.5639,1.8950,18.6924,-0.4942,2.6456,-833751137#17,-71.3657,3.1989,100.0000,default,22,rsu(232m),3773,127579,0.5248,232,2.0214,6,10,-71.3657,-88.3554,direct,0.0500,41.2000,-84.8554
449,node[9],5,6161.1085,4332.6735,1.8950,18.7097,0.1731,2.6456,-833751137#17,-74.7225,1.9541,100.0000,default,22,rsu(232m),3774,127631,0.3722,232,2.0173,5,8,-74.7225,-91.7122,direct,0.0500,41.2000,-84.8598
449.1,node[9],5,6159.4661,4331.7847,1.8950,18.6753,-0.3443,2.6456,-833751137#17,-73.3894,3.7568,100.0000,default,22,rsu(231m),3775,127684,0.5935,231,2.0149,6,10,-73.3894,-90.3791,direct,0.0500,42.0000,-84.8646
449.2,node[9],5,6157.8253,4330.8968,1.8950,18.6571,-0.1822,2.6456,-833751137#17,-85.6561,-5.0000,100.0000,default,22,rsu(231m),3776,127736,0.0180,231,2.0155,2,2,-85.6561,-102.6458,direct,0.0500,42.0000,-84.8690
449.3,node[9],5,6156.1790,4330.0059,1.8950,18.7204,0.6333,2.6456,-833751137#17,-86.8751,-5.0000,100.0000,default,22,rsu(230m),3777,127786,0.0180,230,2.0214,2,2,-86.8751,-103.8648,direct,0.0500,40.8000,-84.8712
449.4,node[9],5,6154.5296,4329.1134,1.8950,18.7542,0.3380,2.6456,-833751137#17,-76.0604,3.1401,100.0000,default,22,rsu(230m),3778,127837,0.5175,230,2.0203,6,10,-76.0604,-93.0501,direct,0.0500,40.8000,-84.8767
449.5,node[9],5,6152.8864,4328.2241,1.8950,18.6847,-0.6948,2.6456,-833751137#17,-73.1013,5.8080,100.0000,default,22,rsu(229m),3779,127890,0.8028,229,2.0246,7,12,-73.1013,-90.0910,direct,0.0500,41.6000,-84.8811
449.6,node[9],5,6151.2451,4327.3360,1.8950,18.6628,-0.2186,2.6456,-833751137#17,-73.9557,0.3103,100.0000,default,22,rsu(229m),3780,127942,0.2067,229,2.0137,4,6,-73.9557,-90.9454,direct,0.0500,41.6000,-84.8850
449.7,node[9],5,6149.5952,4326.4431,1.8950,18.7607,0.9790,2.6456,-833751137#17,-67.8291,10.6028,100.0000,default,22,rsu(229m),3781,127995,0.9781,229,2.0154,9,16,-67.8291,-84.8188,direct,0.0500,42.0000,-84.8890
449.8,node[9],5,6147.9492,4325.5524,1.8950,18.7162,-0.4450,2.6456,-833751137#17,-68.7231,9.8730,100.0000,default,22,rsu(228m),3782,128047,0.9688,228,2.0258,9,16,-68.7231,-85.7128,direct,0.0500,42.0000,-84.8929
449.9,node[9],5,6146.2985,4324.6592,1.8950,18.7692,0.5296,2.6456,-833751137#17,-77.4204,0.1946,100.0000,default,22,rsu(228m),3783,128098,0.1974,228,2.0235,4,6,-77.4204,-94.4101,direct,0.0500,41.2000,-84.8965
450,node[9],5,6144.6520,4323.7681,1.8950,18.7227,-0.4645,2.6456,-833751137#17,-71.3751,5.4406,100.0000,default,22,rsu(228m),3784,128150,0.7721,228,2.0197,7,12,-71.3751,-88.3648,direct,0.0500,41.2000,-84.9004
450.1,node[9],5,6143.0079,4322.8785,1.8950,18.6944,-0.2836,2.6456,-833751137#17,-71.2668,7.1170,100.0000,default,22,rsu(227m),3785,128202,0.8868,227,2.0186,8,14,-71.2668,-88.2565,direct,0.0500,41.6000,-84.9039
450.2,node[9],5,6141.3624,4321.9880,1.8950,18.7107,0.1629,2.6456,-833751137#17,-73.7517,3.8399,100.0000,default,22,rsu(227m),3786,128253,0.6035,227,2.0150,6,10,-73.7517,-90.7414,direct,0.0500,41.6000,-84.9062
450.3,node[9],5,6139.7210,4321.0998,1.8950,18.6632,-0.4745,2.6456,-833751137#17,-67.5974,9.7799,100.0000,default,22,rsu(227m),3787,128304,0.9674,227,2.0257,9,16,-67.5974,-84.5871,direct,0.0500,40.8000,-84.9106
450.4,node[9],5,6138.0813,4320.2125,1.8950,18.6447,-0.1851,2.6456,-833751137#17,-68.6654,5.2643,100.0000,default,22,rsu(226m),3788,128356,0.7562,226,2.0236,7,12,-68.6654,-85.6551,direct,0.0500,40.8000,-84.9126
450.5,node[9],5,6136.4323,4319.3201,1.8950,18.7509,1.0620,2.6456,-833751137#17,-73.4183,4.4936,100.0000,default,22,rsu(226m),3789,128408,0.6785,226,2.0228,6,10,-73.4183,-90.4080,direct,0.0500,41.6000,-84.9169
450.6,node[9],5,6134.7834,4318.4279,1.8950,18.7490,-0.0192,2.6456,-833751137#17,-77.6510,-2.5407,100.0000,default,22,rsu(226m),3790,128458,0.0589,226,2.0183,3,4,-77.6510,-94.6407,direct,0.0500,41.6000,-84.9181
450.7,node[9],5,6133.1372,4317.5370,1.8950,18.7192,-0.2984,2.6456,-833751137#17,-70.7827,4.4292,100.0000,default,22,rsu(225m),3791,128511,0.6714,225,2.0223,6,10,-70.7827,-87.7724,direct,0.0500,41.2000,-84.9228
450.8,node[9],5,6131.4915,4316.6465,1.8950,18.7122,-0.0694,2.6456,-833751137#17,-70.2010,4.2855,100.0000,default,22,rsu(225m),3792,128563,0.6554,225,2.0250,6,10,-70.2010,-87.1907,direct,0.0500,41.2000,-84.9254
450.9,node[9],5,6129.8439,4315.7549,1.8950,18.7347,0.2248,2.6456,-833751137#17,-72.2229,4.2360,100.0000,default,22,rsu(225m),3793,128615,0.6498,225,2.0243,6,10,-72.2229,-89.2126,direct,0.0500,41.6000,-84.9283
451,node[9],5,6128.1956,4314.8629,1.8950,18.7420,0.0726,2.6456,-833751137#17,-71.6101,7.1275,100.0000,default,22,rsu(225m),3794,128666,0.8873,225,2.0210,8,14,-71.6101,-88.5998,direct,0.0500,41.6000,-84.9297
451.1,node[9],5,6126.5554,4313.9753,1.8950,18.6502,-0.9180,2.6456,-833751137#17,-70.7097,6.1764,100.0000,default,22,rsu(225m),3795,128719,0.8304,225,2.0143,7,12,-70.7097,-87.6994,direct,0.0500,41.6000,-84.9337
451.2,node[9],5,6124.9121,4313.0861,1.8950,18.6863,0.3613,2.6456,-833751137#17,-67.2932,11.5385,100.0000,default,22,rsu(224m),3796,128772,0.9862,224,2.0131,10,18,-67.2932,-84.2829,direct,0.0500,41.6000,-84.9364
451.3,node[9],5,6123.2709,4312.1979,1.8950,18.6618,-0.2452,2.6456,-833751137#17,-77.3192,1.9444,100.0000,default,22,rsu(224m),3797,128825,0.3710,224,2.0250,5,8,-77.3192,-94.3089,direct,0.0500,42.4000,-84.9391
451.4,node[9],5,6121.6307,4311.3104,1.8950,18.6499,-0.1183,2.6456,-833751137#17,-72.2205,1.8412,100.0000,default,22,rsu(224m),3798,128878,0.3591,224,2.0180,5,8,-72.2205,-89.2102,direct,0.0500,42.4000,-84.9417
451.5,node[9],5,6119.9890,4310.4220,1.8950,18.6670,0.1701,2.6456,-833751137#17,-73.2341,2.2508,100.0000,default,22,rsu(224m),3799,128929,0.4074,224,2.0245,5,8,-73.2341,-90.2238,direct,0.0500,41.6000,-84.9430
451.6,node[9],5,6118.3428,4309.5311,1.8950,18.7193,0.5231,2.6456,-833751137#17,-77.1407,-2.7038,100.0000,default,21,rsu(224m),3800,128982,0.0546,224,2.0200,3,4,-77.1407,-94.1304,direct,0.0500,41.6000,-85.0176
451.7,node[9],5,6116.6960,4308.6400,1.8950,18.7252,0.0588,2.6456,-833751137#17,-72.3322,6.3313,100.0000,default,21,rsu(224m),3801,129033,0.8410,224,2.0136,7,12,-72.3322,-89.3219,direct,0.0500,41.6000,-85.0190
451.8,node[9],5,6115.0522,4307.7505,1.8950,18.6913,-0.3384,2.6456,-833751137#17,-73.3456,3.0850,100.0000,default,21,rsu(224m),3802,129083,0.5106,224,2.0212,6,10,-73.3456,-90.3353,direct,0.0500,41.6000,-85.0204
451.9,node[9],5,6113.4025,4306.8577,1.8950,18.7587,0.6741,2.6456,-833751137#17,-71.3002,6.6418,100.0000,default,21,rsu(223m),3803,129135,0.8607,223,2.0146,7,12,-71.3002,-88.2899,direct,0.0500,40.8000,-85.0253
452,node[9],5,6111.7595,4305.9687,1.8950,18.6815,-0.7726,2.6456,-833751137#17,-73.8528,0.1223,100.0000,default,21,rsu(223m),3804,129186,0.1917,223,2.0187,4,6,-73.8528,-90.8425,direct,0.0500,40.8000,-85.0276
452.1,node[9],5,6110.1153,4305.0789,1.8950,18.6963,0.1480,2.6456,-833751137#17,-75.8373,0.2459,100.0000,default,21,rsu(223m),3805,129236,0.2015,223,2.0135,4,6,-75.8373,-92.8270,direct,0.0500,40.4000,-85.0291
452.2,node[9],5,6108.4704,4304.1887,1.8950,18.7040,0.0776,2.6456,-833751137#17,-67.8155,9.7987,100.0000,default,21,rsu(223m),3806,129287,0.9677,223,2.0211,9,16,-67.8155,-84.8052,direct,0.0500,40.4000,-85.0306
452.3,node[9],5,6106.8281,4303.3000,1.8950,18.6744,-0.2965,2.6456,-833751137#17,-73.6331,5.6813,100.0000,default,21,rsu(223m),3807,129338,0.7926,223,2.0149,7,12,-73.6331,-90.6228,direct,0.0500,40.8000,-85.0365
452.4,node[9],5,6105.1772,4302.4067,1.8950,18.7715,0.9710,2.6456,-833751137#17,-73.7613,1.6731,100.0000,default,21,rsu(223m),3808,129391,0.3400,223,2.0169,5,8,-73.7613,-90.7510,direct,0.0500,40.8000,-85.0400
452.5,node[9],5,6103.5294,4301.5150,1.8950,18.7369,-0.3455,2.6456,-833751137#17,-75.2988,2.8972,100.0000,default,21,rsu(223m),3809,129443,0.4872,223,2.0216,5,8,-75.2988,-92.2885,direct,0.0500,42.0000,-85.0428
452.6,node[9],5,6101.8853,4300.6253,1.8950,18.6944,-0.4248,2.6456,-833751137#17,-74.7462,0.7732,100.0000,default,20,rsu(223m),3810,129496,0.2472,223,2.0218,4,6,-74.7462,-91.7359,direct,0.0500,42.0000,-85.1175
452.7,node[9],5,6100.2393,4299.7346,1.8950,18.7166,0.2219,2.6456,-833751137#17,-75.8200,1.3940,100.0000,default,20,rsu(223m),3811,129547,0.3094,223,2.0218,5,8,-75.8200,-92.8097,direct,0.0500,41.6000,-85.1202
452.8,node[9],5,6098.5993,4298.8471,1.8950,18.6479,-0.6875,2.6456,-833751137#17,-74.3566,0.9741,100.0000,default,20,rsu(224m),3812,129600,0.2664,224,2.0191,4,6,-74.3566,-91.3463,direct,0.0500,41.6000,-85.1233
452.9,node[9],5,6096.9576,4297.9587,1.8950,18.6677,0.1978,2.6456,:8595538810_4,-79.8065,-0.9201,100.0000,default,20,rsu(224m),3813,129652,0.1235,224,2.0249,4,6,-79.8065,-96.7962,direct,0.0500,42.0000,-85.1252
453,node[9],5,6095.3105,4297.0675,1.8950,18.7185,0.5088,2.6456,:8595538810_4,-75.5691,3.2836,100.0000,default,20,rsu(224m),3814,129704,0.5354,224,2.0198,6,10,-75.5691,-92.5588,direct,0.0500,42.0000,-85.1272
453.1,node[9],5,6093.6630,4296.1761,1.8950,18.7234,0.0484,2.6456,:8595538810_4,-73.9228,3.4173,100.0000,default,20,rsu(224m),3815,129754,0.5520,224,2.0209,6,10,-73.9228,-90.9125,direct,0.0500,40.8000,-85.1290
453.2,node[9],5,6092.0169,4295.2855,1.8950,18.7072,-0.1618,2.6456,:8595538810_4,-69.1193,9.8518,100.0000,default,20,rsu(224m),3816,129806,0.9685,224,2.0220,9,16,-69.1193,-86.1090,direct,0.0500,40.8000,-85.1346
453.3,node[9],5,6090.3731,4294.3961,1.8950,18.6820,-0.2523,2.6456,:8595538810_4,-75.6062,-1.7724,100.0000,default,20,rsu(224m),3817,129857,0.0842,224,2.0244,3,4,-75.6062,-92.5959,direct,0.0500,41.2000,-85.1364
453.4,node[9],5,6088.7231,4293.5033,1.8950,18.7511,0.6907,2.6456,:8595538810_4,-72.2530,6.7984,100.0000,default,20,rsu(224m),3818,129909,0.8698,224,2.0207,7,12,-72.2530,-89.2427,direct,0.0500,41.2000,-85.1401
453.5,node[9],5,6087.0730,4292.6104,1.8950,18.7621,0.1107,2.6456,-833751137#16,-87.6092,-5.0000,100.0000,default,20,rsu(224m),3819,129961,0.0180,224,2.0159,2,2,-87.6092,-104.5989,direct,0.0500,41.6000,-85.1435
453.6,node[9],5,6085.4239,4291.7180,1.8950,18.7515,-0.1066,2.6456,-833751137#16,-70.0628,5.2541,100.0000,default,20,rsu(225m),3820,130014,0.7553,225,2.0168,7,12,-70.0628,-87.0525,direct,0.0500,41.6000,-85.1460
453.7,node[9],5,6083.7755,4290.8260,1.8950,18.7433,-0.0819,2.6456,-833751137#16,-70.9484,2.8358,100.0000,default,20,rsu(225m),3821,130067,0.4795,225,2.0251,5,8,-70.9484,-87.9381,direct,0.0500,42.4000,-85.1485
453.8,node[9],5,6082.1292,4289.9351,1.8950,18.7193,-0.2399,2.6456,-833751137#16,-79.6838,-1.6543,100.0000,default,20,rsu(225m),3822,130119,0.0889,225,2.0154,3,4,-79.6838,-96.6735,direct,0.0500,42.4000,-85.1502
453.9,node[9],5,6080.4870,4289.0464,1.8950,18.6729,-0.4639,2.6456,-833751137#16,-70.2122,5.5976,100.0000,default,20,rsu(225m),3823,130171,0.7856,225,2.0225,7,12,-70.2122,-87.2019,direct,0.0500,41.6000,-85.1533
454,node[9],5,6078.8364,4288.1532,1.8950,18.7673,0.9444,2.6456,-833751137#16,-82.7368,-5.0000,100.0000,default,20,rsu(226m),3824,130224,0.0180,226,2.0226,2,2,-82.7368,-99.7265,direct,0.0500,41.6000,-85.1560
454.1,node[9],5,6077.1859,4287.2600,1.8950,18.7675,0.0016,2.6456,-833751137#16,-74.0308,3.8053,100.0000,default,20,rsu(226m),3825,130276,0.5993,226,2.0158,6,10,-74.0308,-91.0205,direct,0.0500,42.0000,-85.1577
454.2,node[9],5,6075.5373,4286.3679,1.8950,18.7449,-0.2265,2.6456,-833751137#16,-84.0133,-5.0000,100.0000,default,20,rsu(226m),3826,130329,0.0180,226,2.0138,2,2,-84.0133,-101.0030,direct,0.0500,42.0000,-85.1594
454.3,node[9],5,6073.8961,4285.4798,1.8950,18.6611,-0.8374,2.6456,-833751137#16,-70.5519,3.5117,100.0000,default,20,rsu(226m),3827,130381,0.5636,226,2.0187,6,10,-70.5519,-87.5416,direct,0.0500,42.0000,-85.1609
454.4,node[9],5,6072.2489,4284.5884,1.8950,18.7299,0.6880,2.6456,-833751137#16,-71.6566,5.8876,100.0000,default,20,rsu(227m),3828,130433,0.8090,227,2.0157,7,12,-71.6566,-88.6463,direct,0.0500,42.0000,-85.1622
454.5,node[9],5,6070.6023,4283.6974,1.8950,18.7225,-0.0746,2.6456,-833751137#16,-75.1515,3.6909,100.0000,default,20,rsu(227m),3829,130485,0.5855,227,2.0210,6,10,-75.1515,-92.1412,direct,0.0500,41.6000,-85.1635
454.6,node[9],5,6068.9532,4282.8049,1.8950,18.7516,0.2919,2.6456,-833751137#16,-78.9719,-5.0000,100.0000,default,19,rsu(227m),3830,130537,0.0180,227,2.0205,2,2,-78.9719,-95.9616,direct,0.0500,41.6000,-85.2384
454.7,node[9],5,6067.3093,4281.9154,1.8950,18.6909,-0.6070,2.6456,-833751137#16,-70.1854,7.0511,100.0000,default,19,rsu(228m),3831,130589,0.8835,228,2.0200,8,14,-70.1854,-87.1751,direct,0.0500,41.6000,-85.2396
454.8,node[9],5,6065.6603,4281.0230,1.8950,18.7506,0.5962,2.6456,-833751137#16,-69.6989,4.2459,100.0000,default,19,rsu(228m),3832,130641,0.6509,228,2.0195,6,10,-69.6989,-86.6886,direct,0.0500,41.6000,-85.2408
454.9,node[9],5,6064.0129,4280.1316,1.8950,18.7316,-0.1892,2.6456,-833751137#16,-81.2459,-3.8825,100.0000,default,19,rsu(229m),3833,130693,0.0310,229,2.0141,2,2,-81.2459,-98.2356,direct,0.0500,41.6000,-85.2420
455,node[9],5,6062.3714,4279.2433,1.8950,18.6647,-0.6699,2.6456,-833751137#16,-69.3990,4.9044,100.0000,default,19,rsu(229m),3834,130745,0.7216,229,2.0139,6,10,-69.3990,-86.3887,direct,0.0500,41.6000,-85.2431
455.1,node[9],5,6060.7281,4278.3540,1.8950,18.6848,0.2018,2.6456,-833751137#16,-72.0340,2.3309,100.0000,default,19,rsu(229m),3835,130797,0.4171,229,2.0226,5,8,-72.0340,-89.0237,direct,0.0500,41.6000,-85.2442
455.2,node[9],5,6059.0783,4277.4612,1.8950,18.7591,0.7426,2.6456,-833751137#16,-71.3418,6.9950,100.0000,default,19,rsu(230m),3836,130850,0.8805,230,2.0195,7,12,-71.3418,-88.3315,direct,0.0500,41.6000,-85.2452
455.3,node[9],5,6057.4311,4276.5699,1.8950,18.7294,-0.2973,2.6456,-833751137#16,-77.8559,-2.4063,100.0000,default,19,rsu(230m),3837,130904,0.0628,230,2.0238,3,4,-77.8559,-94.8456,direct,0.0500,42.8000,-85.2462
455.4,node[9],5,6055.7895,4275.6815,1.8950,18.6665,-0.6290,2.6456,-833751137#16,-75.0291,1.9992,100.0000,default,19,rsu(231m),3838,130957,0.3774,231,2.0163,5,8,-75.0291,-92.0188,direct,0.0500,42.8000,-85.2471
455.5,node[9],5,6054.1439,4274.7910,1.8950,18.7108,0.4438,2.6456,-833751137#16,-76.8773,0.9629,100.0000,default,19,rsu(231m),3839,131009,0.2653,231,2.0183,4,6,-76.8773,-93.8670,direct,0.0500,42.0000,-85.2479
455.6,node[9],5,6052.5042,4273.9037,1.8950,18.6440,-0.6681,2.6456,-833751137#16,-70.3461,8.6086,100.0000,default,19,rsu(232m),3840,131062,0.9429,232,2.0141,8,14,-70.3461,-87.3358,direct,0.0500,42.0000,-85.2487
455.7,node[9],5,6050.8618,4273.0149,1.8950,18.6753,0.3131,2.6456,-833751137#16,-77.4963,-3.1608,100.0000,default,19,rsu(232m),3841,131116,0.0439,232,2.0175,2,2,-77.4963,-94.4860,direct,0.0500,42.8000,-85.2494
455.8,node[9],5,6049.2131,4272.1227,1.8950,18.7464,0.7109,2.6456,-833751137#16,-71.8294,6.1887,100.0000,default,19,rsu(233m),3842,131169,0.8312,233,2.0163,7,12,-71.8294,-88.8191,direct,0.0500,42.8000,-85.2498
455.9,node[9],5,6047.5723,4271.2348,1.8950,18.6565,-0.8994,2.6456,-833751137#16,-73.2198,0.6103,100.0000,default,19,rsu(233m),3843,131222,0.2324,233,2.0220,4,6,-73.2198,-90.2095,direct,0.0500,42.4000,-85.2502
456,node[9],5,6045.9292,4270.3457,1.8950,18.6834,0.2687,2.6456,-833751137#16,-75.6594,0.1595,100.0000,default,19,rsu(234m),3844,131275,0.1946,234,2.0239,4,6,-75.6594,-92.6491,direct,0.0500,42.4000,-85.2510
456.1,node[9],5,6044.2824,4269.4545,1.8950,18.7240,0.4063,2.6456,-833751137#16,-76.5826,-0.0425,100.0000,default,19,rsu(234m),3845,131328,0.1793,234,2.0234,4,6,-76.5826,-93.5723,direct,0.0500,42.4000,-85.2509
456.2,node[9],5,6042.6331,4268.5620,1.8950,18.7537,0.2969,2.6456,-833751137#16,-75.0407,1.7495,100.0000,default,19,rsu(235m),3846,131381,0.3486,235,2.0194,5,8,-75.0407,-92.0304,direct,0.0500,42.4000,-85.2506
456.3,node[9],5,6040.9844,4267.6698,1.8950,18.7465,-0.0718,2.6456,-833751137#16,-73.4658,0.8772,100.0000,default,19,rsu(235m),3847,131434,0.2570,235,2.0141,4,6,-73.4658,-90.4555,direct,0.0500,42.4000,-85.2503
456.4,node[9],5,6039.3364,4266.7780,1.8950,18.7386,-0.0794,2.6456,-833751137#16,-80.4917,-5.0000,100.0000,default,19,rsu(236m),3848,131488,0.0180,236,2.0234,2,2,-80.4917,-97.4814,direct,0.0500,42.4000,-85.2499
456.5,node[9],5,6037.6943,4265.8894,1.8950,18.6712,-0.6734,2.6456,-833751137#16,-69.3452,9.2575,100.0000,default,19,rsu(237m),3849,131542,0.9581,237,2.0157,9,16,-69.3452,-86.3349,direct,0.0500,43.2000,-85.2493
456.6,node[9],5,6036.0478,4264.9984,1.8950,18.7222,0.5103,2.6456,-833751137#16,-74.6715,1.5870,100.0000,default,19,rsu(237m),3850,131594,0.3304,237,2.0153,5,8,-74.6715,-91.6612,direct,0.0500,43.2000,-85.2485
456.7,node[9],5,6034.4011,4264.1073,1.8950,18.7239,0.0165,2.6456,-833751137#16,-72.6064,5.1809,100.0000,default,19,rsu(238m),3851,131647,0.7485,238,2.0180,7,12,-72.6064,-89.5961,direct,0.0500,42.0000,-85.2475
456.8,node[9],5,6032.7547,4263.2164,1.8950,18.7198,-0.0408,2.6456,-833751137#16,-72.6456,3.9273,100.0000,default,19,rsu(239m),3852,131700,0.6139,239,2.0242,6,10,-72.6456,-89.6353,direct,0.0500,42.0000,-85.2458
456.9,node[9],5,6031.1068,4262.3246,1.8950,18.7376,0.1783,2.6456,-833751137#16,-69.4770,8.3334,100.0000,default,19,rsu(239m),3853,131753,0.9350,239,2.0184,8,14,-69.4770,-86.4667,direct,0.0500,42.4000,-85.2440
457,node[9],5,6029.4594,4261.4331,1.8950,18.7319,-0.0574,2.6456,-833751137#16,-69.9638,4.0043,100.0000,default,19,rsu(240m),3854,131805,0.6230,240,2.0194,6,10,-69.9638,-86.9535,direct,0.0500,42.4000,-85.2420
457.1,node[9],5,6027.8186,4260.5452,1.8950,18.6564,-0.7552,2.6456,-833751137#16,-79.2204,-2.7136,100.0000,default,19,rsu(241m),3855,131860,0.0543,241,2.0246,3,4,-79.2204,-96.2101,direct,0.0500,42.8000,-85.2406
457.2,node[9],5,6026.1787,4259.6578,1.8950,18.6464,-0.0998,2.6456,-833751137#16,-73.1039,5.6784,100.0000,default,19,rsu(241m),3856,131913,0.7924,241,2.0184,7,12,-73.1039,-90.0936,direct,0.0500,42.8000,-85.2383
457.3,node[9],5,6024.5281,4258.7646,1.8950,18.7678,1.2143,2.6456,-833751137#16,-76.9477,2.2310,100.0000,default,19,rsu(242m),3857,131966,0.4050,242,2.0155,5,8,-76.9477,-93.9374,direct,0.0500,42.4000,-85.2363
457.4,node[9],5,6022.8808,4257.8732,1.8950,18.7307,-0.3716,2.6456,-833751137#16,-77.4533,-2.7556,100.0000,default,19,rsu(243m),3858,132020,0.0533,243,2.0148,3,4,-77.4533,-94.4430,direct,0.0500,42.4000,-85.2337
457.5,node[9],5,6021.2405,4256.9856,1.8950,18.6511,-0.7959,2.6456,-833751137#16,-75.6827,-0.3649,100.0000,default,19,rsu(243m),3859,132075,0.1568,243,2.0253,4,6,-75.6827,-92.6724,direct,0.0500,43.6000,-85.2314
457.6,node[9],5,6019.5906,4256.0927,1.8950,18.7607,1.0960,2.6456,-833751137#16,-78.7430,-0.0826,100.0000,default,19,rsu(244m),3860,132130,0.1763,244,2.0180,4,6,-78.7430,-95.7327,direct,0.0500,43.6000,-85.2287
457.7,node[9],5,6017.9429,4255.2011,1.8950,18.7343,-0.2638,2.6456,-833751137#16,-76.8363,0.2081,100.0000,default,19,rsu(245m),3861,132184,0.1985,245,2.0253,4,6,-76.8363,-93.8260,direct,0.0500,43.6000,-85.2256
457.8,node[9],5,6016.2961,4254.3099,1.8950,18.7250,-0.0933,2.6456,-833751137#16,-71.3266,3.7114,100.0000,default,19,rsu(246m),3862,132240,0.5880,246,2.0245,6,10,-71.3266,-88.3163,direct,0.0500,43.6000,-85.2226
457.9,node[9],5,6014.6480,4253.4180,1.8950,18.7407,0.1576,2.6456,-833751137#16,-85.7506,-5.0000,100.0000,default,19,rsu(247m),3863,132296,0.0180,247,2.0195,2,2,-85.7506,-102.7403,direct,0.0500,44.8000,-85.2193
458,node[9],5,6013.0081,4252.5306,1.8950,18.6461,-0.9464,2.6456,-833751137#16,-82.2111,-5.0000,100.0000,default,19,rsu(247m),3864,132350,0.0180,247,2.0210,2,2,-82.2111,-99.2008,direct,0.0500,44.8000,-85.2154
458.1,node[9],5,6011.3678,4251.6430,1.8950,18.6505,0.0443,2.6456,-833751137#16,-74.5389,2.5150,100.0000,default,19,rsu(248m),3865,132405,0.4397,248,2.0215,5,8,-74.5389,-91.5286,direct,0.0500,43.6000,-85.2114
458.2,node[9],5,6009.7177,4250.7501,1.8950,18.7628,1.1228,2.6456,-833751137#16,-73.7396,0.9270,100.0000,default,19,rsu(249m),3866,132458,0.2618,249,2.0166,4,6,-73.7396,-90.7293,direct,0.0500,43.6000,-85.2071
458.3,node[9],5,6008.0752,4249.8613,1.8950,18.6755,-0.8726,2.6456,-833751137#16,-72.2670,5.7939,100.0000,default,19,rsu(250m),3867,132513,0.8017,250,2.0243,7,12,-72.2670,-89.2567,direct,0.0500,43.2000,-85.2024
458.4,node[9],5,6006.4324,4248.9722,1.8950,18.6798,0.0429,2.6456,-833751137#16,-76.2517,2.4464,100.0000,default,19,rsu(251m),3868,132568,0.4312,251,2.0181,5,8,-76.2517,-93.2414,direct,0.0500,43.2000,-85.1982
458.5,node[9],5,6004.7921,4248.0846,1.8950,18.6514,-0.2843,2.6456,-833751137#16,-72.0100,7.2847,100.0000,default,19,rsu(251m),3869,132624,0.8950,251,2.0158,8,14,-72.0100,-88.9997,direct,0.0500,44.4000,-85.1930
458.6,node[9],5,6003.1421,4247.1917,1.8950,18.7613,1.0989,2.6456,-833751137#16,-74.8381,-0.2065,100.0000,default,18,rsu(252m),3870,132678,0.1675,252,2.0139,4,6,-74.8381,-91.8278,direct,0.0500,44.4000,-85.2614
458.7,node[9],5,6001.5006,4246.3034,1.8950,18.6641,-0.9722,2.6456,-833751137#16,-70.5376,8.2496,100.0000,default,18,rsu(253m),3871,132732,0.9324,253,2.0225,8,14,-70.5376,-87.5273,direct,0.0500,43.2000,-85.2551
458.8,node[9],5,5999.8570,4245.4140,1.8950,18.6887,0.2469,2.6456,-833751137#16,-71.4661,5.7566,100.0000,default,18,rsu(254m),3872,132788,0.7987,254,2.0210,7,12,-71.4661,-88.4558,direct,0.0500,43.2000,-85.2487
458.9,node[9],5,5998.2135,4244.5246,1.8950,18.6881,-0.0067,2.6456,-833751137#16,-79.0700,-0.1011,100.0000,default,18,rsu(255m),3873,132843,0.1750,255,2.0142,4,6,-79.0700,-96.0597,direct,0.0500,44.4000,-85.2416
459,node[9],5,5996.5704,4243.6355,1.8950,18.6821,-0.0599,2.6456,-833751137#16,-76.3556,1.6669,100.0000,default,18,rsu(256m),3874,132898,0.3393,256,2.0178,5,8,-76.3556,-93.3453,direct,0.0500,44.4000,-85.2338
459.1,node[9],5,5994.9295,4242.7475,1.8950,18.6583,-0.2380,2.6456,-833751137#16,-69.3031,9.5975,100.0000,default,18,rsu(257m),3875,132954,0.9644,257,2.0231,9,16,-69.3031,-86.2928,direct,0.0500,44.4000,-85.2254
459.2,node[9],5,5993.2889,4241.8597,1.8950,18.6540,-0.0424,2.6456,-833751137#16,-74.4760,4.4237,100.0000,default,18,rsu(258m),3876,133008,0.6708,258,2.0217,6,10,-74.4760,-91.4657,direct,0.0500,44.4000,-85.2165
459.3,node[9],5,5991.6429,4240.9690,1.8950,18.7164,0.6236,2.6456,-833751137#16,-81.4829,-3.2630,100.0000,default,18,rsu(259m),3877,133064,0.0418,259,2.0200,2,2,-81.4829,-98.4726,direct,0.0500,44.0000,-85.2070
459.4,node[9],5,5989.9975,4240.0786,1.8950,18.7085,-0.0790,2.6456,-833751137#16,-73.9327,4.3087,100.0000,default,18,rsu(260m),3878,133119,0.6580,260,2.0191,6,10,-73.9327,-90.9224,direct,0.0500,44.0000,-85.1969
459.5,node[9],5,5988.3516,4239.1879,1.8950,18.7147,0.0620,2.6456,-833751137#16,-76.4711,-1.9920,100.0000,default,18,rsu(261m),3879,133174,0.0761,261,2.0249,3,4,-76.4711,-93.4608,direct,0.0500,44.0000,-85.1861
459.6,node[9],5,5986.7045,4238.2966,1.8950,18.7284,0.1371,2.6456,-833751137#16,-69.5796,4.2884,100.0000,default,17,rsu(262m),3880,133230,0.6557,262,2.0258,6,10,-69.5796,-86.5693,direct,0.0500,44.0000,-85.2494
459.7,node[9],5,5985.0633,4237.4090,1.8950,18.6583,-0.7010,2.6457,:227528208_0,-82.6160,-5.0000,100.0000,default,17,rsu(263m),3881,133284,0.0180,263,2.0156,2,2,-82.6160,-99.6057,direct,0.0500,44.0000,-85.2370
459.8,node[9],5,5983.4130,4236.5276,1.8950,18.7039,0.4561,2.6477,:227528208_0,-76.1614,0.7430,100.0000,default,17,rsu(264m),3882,133339,0.2444,264,2.0166,4,6,-76.1614,-93.1511,direct,0.0500,44.0000,-85.2237
459.9,node[9],5,5981.7636,4235.6466,1.8950,18.6924,-0.1152,2.6497,:227528208_0,-72.4856,6.0660,100.0000,default,17,rsu(264m),3883,133393,0.8224,264,2.0214,7,12,-72.4856,-89.4753,direct,0.0500,43.6000,-85.2094
460,node[9],5,5980.1113,4234.7641,1.8950,18.7267,0.3428,2.6510,:227528208_0,-73.8228,2.4297,100.0000,default,18,rsu(265m),3884,133447,0.4292,265,2.0209,5,8,-73.8228,-90.8125,direct,0.0500,43.6000,-85.1213
460.1,node[9],5,5978.4620,4233.8832,1.8950,18.6913,-0.3539,2.6510,:227528208_0,-77.6514,1.6988,100.0000,default,18,rsu(266m),3885,133503,0.3429,266,2.0209,5,8,-77.6514,-94.6411,direct,0.0500,44.0000,-85.1056
460.2,node[9],5,5976.8162,4233.0041,1.8950,18.6532,-0.3807,2.6510,:227528208_0,-80.0398,-2.2709,100.0000,default,18,rsu(268m),3886,133558,0.0669,268,2.0193,3,4,-80.0398,-97.0295,direct,0.0500,44.0000,-85.0885
460.3,node[9],5,5975.1700,4232.1248,1.8950,18.6571,0.0384,2.6510,:227528208_0,-75.6402,1.3987,100.0000,default,18,rsu(269m),3887,133612,0.3099,269,2.0259,5,8,-75.6402,-92.6299,direct,0.0500,43.6000,-85.0697
460.4,node[9],5,5973.5238,4231.2456,1.8950,18.6570,-0.0003,2.6510,:227528208_0,-81.4722,-2.2153,100.0000,default,18,rsu(270m),3888,133666,0.0686,270,2.0220,3,4,-81.4722,-98.4619,direct,0.0500,43.6000,-85.0496
460.5,node[9],5,5971.8714,4230.3668,1.8950,18.7101,0.5307,2.6517,-833751137#15,-72.6839,5.7984,100.0000,default,18,rsu(271m),3889,133720,0.8021,271,2.0190,7,12,-72.6839,-89.6736,direct,0.0500,43.2000,-85.0282
460.6,node[9],5,5970.2122,4229.4928,1.8950,18.7520,0.4187,2.6538,-833751137#15,-70.8943,7.4811,100.0000,default,18,rsu(272m),3890,133775,0.9038,272,2.0204,8,14,-70.8943,-87.8840,direct,0.0500,43.2000,-85.0054
460.7,node[9],5,5968.5528,4228.6186,1.8950,18.7552,0.0322,2.6560,-833751137#15,-74.4273,3.4405,100.0000,default,18,rsu(273m),3891,133830,0.5548,273,2.0265,6,10,-74.4273,-91.4170,direct,0.0500,44.0000,-84.9818
460.8,node[9],5,5966.8952,4227.7454,1.8950,18.7332,-0.2197,2.6567,-833751137#15,-81.0162,-2.3673,100.0000,default,18,rsu(274m),3892,133885,0.0639,274,2.0219,3,4,-81.0162,-98.0059,direct,0.0500,44.0000,-84.9560
460.9,node[9],5,5965.2400,4226.8735,1.8950,18.7072,-0.2601,2.6567,-833751137#15,-73.9364,0.0380,100.0000,default,18,rsu(275m),3893,133941,0.1853,275,2.0223,4,6,-73.9364,-90.9261,direct,0.0500,44.4000,-84.9286
461,node[9],5,5963.5824,4226.0002,1.8950,18.7341,0.2693,2.6567,-833751137#15,-76.1913,0.0503,100.0000,default,18,rsu(276m),3894,133996,0.1862,276,2.0207,4,6,-76.1913,-93.1810,direct,0.0500,44.4000,-84.8994
461.1,node[9],5,5961.9325,4225.1311,1.8950,18.6469,-0.8727,2.6567,-833751137#15,-74.2721,-0.3080,100.0000,default,18,rsu(277m),3895,134050,0.1606,277,2.0165,4,6,-74.2721,-91.2618,direct,0.0500,43.6000,-84.8684
461.2,node[9],5,5960.2828,4224.2620,1.8950,18.6448,-0.0208,2.6567,-833751137#15,-76.7257,1.6857,100.0000,default,18,rsu(278m),3896,134103,0.3414,278,2.0161,5,8,-76.7257,-93.7154,direct,0.0500,43.6000,-84.8351
461.3,node[9],5,5958.6331,4223.3930,1.8950,18.6449,0.0007,2.6567,-833751137#15,-75.9229,-0.6828,100.0000,default,18,rsu(279m),3897,134159,0.1369,279,2.0232,4,6,-75.9229,-92.9126,direct,0.0500,43.6000,-84.8000
461.4,node[9],5,5956.9722,4222.5181,1.8950,18.7703,1.2549,2.6567,-833751137#15,-67.4922,10.5999,100.0000,default,18,rsu(280m),3898,134214,0.9781,280,2.0199,9,16,-67.4922,-84.4819,direct,0.0500,43.6000,-84.7623
461.5,node[9],5,5955.3121,4221.6435,1.8950,18.7631,-0.0723,2.6567,-833751137#15,-80.1311,-4.5491,100.0000,default,18,rsu(281m),3899,134267,0.0224,281,2.0167,2,2,-80.1311,-97.1209,direct,0.0500,43.2000,-84.7222
461.6,node[9],5,5953.6531,4220.7696,1.8950,18.7495,-0.1356,2.6567,-833751137#15,-72.8537,4.4273,100.0000,default,17,rsu(283m),3900,134322,0.6712,283,2.0222,6,10,-72.8537,-89.8434,direct,0.0500,43.2000,-84.7457
461.7,node[9],5,5951.9943,4219.8958,1.8950,18.7474,-0.0218,2.6567,-833751137#15,-80.1269,-1.7155,100.0000,default,17,rsu(284m),3901,134376,0.0865,284,2.0156,3,4,-80.1269,-97.1166,direct,0.0500,43.6000,-84.6994
461.8,node[9],5,5950.3349,4219.0216,1.8950,18.7544,0.0702,2.6567,-833751137#15,-74.1503,3.8339,100.0000,default,17,rsu(285m),3902,134430,0.6027,285,2.0259,6,10,-74.1503,-91.1400,direct,0.0500,43.6000,-84.6501
461.9,node[9],5,5948.6750,4218.1472,1.8950,18.7597,0.0532,2.6567,-833751137#15,-69.8802,8.1148,100.0000,default,17,rsu(286m),3903,134484,0.9281,286,2.0205,8,14,-69.8802,-86.8699,direct,0.0500,43.2000,-84.5975
462,node[9],5,5947.0202,4217.2755,1.8950,18.7023,-0.5739,2.6567,-833751137#15,-74.9166,3.0676,100.0000,default,17,rsu(287m),3904,134539,0.5085,287,2.0161,6,10,-74.9166,-91.9063,direct,0.0500,43.2000,-84.5420
462.1,node[9],5,5945.3700,4216.4062,1.8950,18.6501,-0.5218,2.6567,-833751137#15,-77.1624,-3.0199,100.0000,default,17,rsu(288m),3905,134593,0.0470,288,2.0136,2,2,-77.1624,-94.1521,direct,0.0500,43.6000,-84.4822
462.2,node[9],5,5943.7149,4215.5343,1.8950,18.7055,0.5538,2.6567,-833751137#15,-80.8744,-5.0000,100.0000,default,17,rsu(289m),3906,134649,0.0180,289,2.0226,2,2,-80.8744,-97.8641,direct,0.0500,43.6000,-84.4187
462.3,node[9],5,5942.0539,4214.6593,1.8950,18.7729,0.6734,2.6567,-833751137#15,-68.9550,9.8906,100.0000,default,17,rsu(291m),3907,134703,0.9691,291,2.0226,9,16,-68.9550,-85.9447,direct,0.0500,44.0000,-84.3505
462.4,node[9],5,5940.4009,4213.7885,1.8950,18.6823,-0.9055,2.6567,-833751137#15,-79.4027,-2.0575,100.0000,default,17,rsu(292m),3908,134759,0.0739,292,2.0216,3,4,-79.4027,-96.3924,direct,0.0500,44.0000,-84.2776
462.5,node[9],5,5938.7435,4212.9154,1.8950,18.7315,0.4922,2.6567,-833751137#15,-68.5239,9.1240,100.0000,default,17,rsu(293m),3909,134814,0.9553,293,2.0178,9,16,-68.5239,-85.5136,direct,0.0500,44.4000,-84.1993
462.6,node[9],5,5937.0874,4212.0430,1.8950,18.7167,-0.1485,2.6567,-833751137#15,-74.7315,1.9828,100.0000,default,17,rsu(294m),3910,134870,0.3755,294,2.0224,5,8,-74.7315,-91.7212,direct,0.0500,44.4000,-84.1158
462.7,node[9],5,5935.4303,4211.1701,1.8950,18.7281,0.1140,2.6567,-833751137#15,-78.8498,-0.4194,100.0000,default,17,rsu(295m),3911,134925,0.1532,295,2.0156,4,6,-78.8498,-95.8395,direct,0.0500,44.4000,-84.0264
462.8,node[9],5,5933.7723,4210.2966,1.8950,18.7390,0.1096,2.6567,-833751137#15,-88.3809,-5.0000,100.0000,default,17,rsu(297m),3912,134981,0.0180,297,2.0163,2,2,-88.3809,-105.3706,direct,0.0500,44.4000,-83.9304
462.9,node[9],5,5932.1201,4209.4263,1.8950,18.6722,-0.6682,2.6567,-833751137#15,-81.2256,-3.8350,100.0000,default,17,rsu(298m),3913,135037,0.0318,298,2.0254,2,2,-81.2256,-98.2153,direct,0.0500,44.8000,-83.8280
463,node[9],5,5930.4668,4208.5553,1.8950,18.6863,0.1409,2.6567,-833751137#15,-74.4789,3.0479,100.0000,default,17,rsu(299m),3914,135092,0.5060,299,2.0226,6,10,-74.4789,-91.4686,direct,0.0500,44.8000,-83.7181
463.1,node[9],5,5928.8095,4207.6823,1.8950,18.7301,0.4377,2.6567,-833751137#15,-67.7974,7.2666,100.0000,default,17,rsu(300m),3915,135148,0.8941,300,2.0145,8,14,-67.7974,-84.7871,direct,0.0500,44.4000,-83.6000
463.2,node[9],5,5927.1521,4206.8092,1.8950,18.7324,0.0227,2.6567,-833751137#15,-73.9868,1.7925,100.0000,default,17,rsu(302m),3916,135203,0.3535,302,2.0204,5,8,-73.9868,-90.9765,direct,0.0500,44.4000,-83.4734
463.3,node[9],5,5925.4984,4205.9380,1.8950,18.6896,-0.4277,2.6567,-833751137#15,-81.8684,-5.0000,100.0000,default,17,rsu(303m),3917,135256,0.0180,303,2.0151,2,2,-81.8684,-98.8581,direct,0.0500,43.2000,-83.3373
463.4,node[9],5,5923.8443,4205.0667,1.8950,18.6947,0.0510,2.6567,-833751137#15,-77.6647,0.2795,100.0000,default,17,rsu(304m),3918,135310,0.2042,304,2.0267,4,6,-77.6647,-94.6544,direct,0.0500,43.2000,-83.1908
463.5,node[9],5,5922.1897,4204.1950,1.8950,18.6999,0.0516,2.6567,-833751137#15,-74.0808,2.8756,100.0000,default,17,rsu(305m),3919,135365,0.4845,305,2.0198,5,8,-74.0808,-91.0705,direct,0.0500,43.6000,-83.0332
463.6,node[9],5,5920.5342,4203.3230,1.8950,18.7093,0.0948,2.6567,-833751137#15,-77.6690,-0.7700,100.0000,default,17,rsu(307m),3920,135420,0.1318,307,2.0143,4,6,-77.6690,-94.6587,direct,0.0500,43.6000,-82.8636
463.7,node[9],5,5918.8786,4202.4508,1.8950,18.7116,0.0224,2.6567,-833751137#15,-77.4143,1.0765,100.0000,default,17,rsu(308m),3921,135476,0.2765,308,2.0141,5,8,-77.4143,-94.4040,direct,0.0500,44.4000,-82.6802
463.8,node[9],5,5917.2263,4201.5804,1.8950,18.6738,-0.3777,2.6567,-833751137#15,-83.3022,-5.0000,100.0000,default,17,rsu(309m),3922,135531,0.0180,309,2.0203,2,2,-83.3022,-100.2919,direct,0.0500,44.4000,-82.4826
463.9,node[9],5,5915.5743,4200.7102,1.8950,18.6708,-0.0304,2.6567,-833751137#15,-70.3251,7.6088,100.0000,default,17,rsu(310m),3923,135585,0.9092,310,2.0213,8,14,-70.3251,-87.3148,direct,0.0500,43.6000,-82.2691
464,node[9],5,5913.9214,4199.8394,1.8950,18.6811,0.1037,2.6567,-833751137#15,-79.3823,-1.7513,100.0000,default,17,rsu(312m),3924,135639,0.0850,312,2.0225,3,4,-79.3823,-96.3720,direct,0.0500,43.6000,-82.0374
464.1,node[9],5,5912.2642,4198.9664,1.8950,18.7294,0.4824,2.6567,-833751137#15,-79.7889,-2.9731,100.0000,default,17,rsu(313m),3925,135693,0.0480,313,2.0165,3,4,-79.7889,-96.7786,direct,0.0500,43.2000,-81.7864
464.2,node[9],5,5910.6113,4198.0952,1.8950,18.6787,-0.5065,2.6567,:10023484120_4,-70.8635,4.9854,100.0000,default,17,rsu(314m),3926,135749,0.7296,314,2.0258,6,10,-70.8635,-87.8532,direct,0.0500,43.2000,-81.5139
464.3,node[9],5,5908.9549,4197.2212,1.8950,18.7140,0.3521,2.6564,:10023484120_4,-74.0585,2.7596,100.0000,default,17,rsu(316m),3927,135804,0.4700,316,2.0143,5,8,-74.0585,-91.0482,direct,0.0500,44.4000,-81.2169
464.4,node[9],5,5907.3044,4196.3503,1.8950,18.6483,-0.6566,2.6562,:10023484120_4,-73.8682,2.4820,100.0000,default,17,rsu(317m),3928,135857,0.4356,317,2.0205,5,8,-73.8682,-90.8579,direct,0.0500,44.4000,-80.8937
464.5,node[9],5,5905.6472,4195.4759,1.8950,18.7228,0.7454,2.6561,:10023484120_4,-79.5933,-1.1029,100.0000,default,18,rsu(318m),3929,135911,0.1139,318,2.0220,3,4,-79.5933,-96.5830,direct,0.0500,42.8000,-80.5150
464.6,node[9],5,5903.9929,4194.6030,1.8950,18.6904,-0.3246,2.6561,:10023484120_4,-74.0257,1.6742,100.0000,default,18,rsu(320m),3930,135965,0.3401,320,2.0205,5,8,-74.0257,-91.0154,direct,0.0500,42.8000,-80.1303
464.7,node[9],5,5902.3384,4193.7301,1.8950,18.6981,0.0771,2.6561,-833751137#14,-74.3777,1.0803,100.0000,default,18,rsu(321m),3931,136019,0.2769,321,2.0222,5,8,-74.3777,-91.3674,direct,0.0500,43.2000,-79.7079
464.8,node[9],5,5900.6864,4192.8587,1.8950,18.6828,-0.1528,2.6561,-833751137#14,-75.4852,-1.3572,100.0000,default,18,rsu(322m),3932,136075,0.1017,322,2.0260,3,4,-75.4852,-92.4749,direct,0.0500,43.2000,-79.2440
464.9,node[9],5,5899.0322,4191.9860,1.8950,18.7086,0.2576,2.6562,-833751137#14,-73.9827,4.9194,100.0000,default,18,rsu(324m),3933,136129,0.7231,324,2.0248,6,10,-73.9827,-90.9724,direct,0.0500,44.0000,-78.7315
465,node[9],5,5897.3739,4191.1115,1.8950,18.7520,0.4348,2.6562,:10023473899_4,-79.6931,-2.7801,100.0000,default,18,rsu(325m),3934,136185,0.0526,325,2.0258,3,4,-79.6931,-96.6828,direct,0.0500,44.0000,-78.1613
465.1,node[9],5,5895.7173,4190.2394,1.8950,18.7164,-0.3564,2.6565,:10023473899_4,-74.2210,3.6151,100.0000,default,18,rsu(326m),3935,136240,0.5763,326,2.0242,6,10,-74.2210,-91.2107,direct,0.0500,44.4000,-77.5272
465.2,node[9],5,5894.0628,4189.3684,1.8950,18.6921,-0.2429,2.6568,:10023473899_4,-75.2259,2.9820,100.0000,default,18,rsu(328m),3936,136295,0.4977,328,2.0187,5,8,-75.2259,-92.2156,direct,0.0500,44.4000,-76.8184
465.3,node[9],5,5892.4032,4188.4947,1.8950,18.7501,0.5802,2.6570,:10023473899_4,-75.8946,1.2970,100.0000,default,18,rsu(329m),3937,136350,0.2991,329,2.0237,5,8,-75.8946,-92.8843,direct,0.0500,44.0000,-76.0163
465.4,node[9],5,5890.7473,4187.6230,1.8950,18.7085,-0.4161,2.6570,:10023473899_4,-77.9398,1.1505,100.0000,default,18,rsu(330m),3938,136405,0.2840,330,2.0239,5,8,-77.9398,-94.9295,direct,0.0500,44.0000,-75.1039
465.5,node[9],5,5889.0896,4186.7502,1.8950,18.7303,0.2174,2.6570,-833751137#13,-75.9293,-0.1186,100.0000,default,18,rsu(332m),3939,136459,0.1737,332,2.0238,4,6,-75.9293,-92.9190,direct,0.0500,43.6000,-74.0556
465.6,node[9],5,5887.4384,4185.8804,1.8950,18.6643,-0.6592,2.6569,-833751137#13,-77.2349,-2.8825,100.0000,default,17,rsu(333m),3940,136515,0.0502,333,2.0173,3,4,-77.2349,-94.2246,direct,0.0500,43.6000,-72.8379
465.7,node[9],5,5885.7858,4185.0098,1.8950,18.6811,0.1679,2.6568,-833751137#13,-76.9060,2.0965,100.0000,default,17,rsu(335m),3941,136570,0.3889,335,2.0141,5,8,-76.9060,-93.8957,direct,0.0500,44.4000,-71.3841
465.8,node[9],5,5884.1340,4184.1396,1.8950,18.6717,-0.0938,2.6567,-833751137#13,-75.4817,-0.1713,100.0000,default,17,rsu(336m),3942,136625,0.1700,336,2.0239,4,6,-75.4817,-92.4714,direct,0.0500,44.4000,-69.6084
465.9,node[9],5,5882.4805,4183.2685,1.8950,18.6907,0.1894,2.6567,-833751137#13,-73.1274,1.0704,100.0000,default,17,rsu(337m),3943,136679,0.2759,337,2.0252,5,8,-73.1274,-90.1171,direct,0.0500,43.6000,-67.3584
466,node[9],5,5880.8222,4182.3949,1.8950,18.7447,0.5397,2.6567,-833751137#13,-76.4409,1.5701,100.0000,default,17,rsu(339m),3944,136733,0.3285,339,2.0168,5,8,-76.4409,-93.4306,direct,0.0500,43.6000,-64.3472
466.1,node[9],5,5879.1706,4181.5248,1.8950,18.6694,-0.7525,2.6567,-833751137#13,-73.2377,5.2920,100.0000,default,17,rsu(340m),3945,136788,0.7588,340,2.0139,7,12,-73.2377,-90.2274,direct,0.0500,43.6000,-60.0297
466.2,node[9],5,5877.5206,4180.6556,1.8950,18.6520,-0.1738,2.6567,-833751137#13,-77.7857,0.1413,100.0000,default,17,rsu(342m),3946,136843,0.1932,342,2.0174,4,6,-77.7857,-94.7754,direct,0.0500,43.6000,-55.1129
466.3,node[9],5,5875.8625,4179.7821,1.8950,18.7422,0.9021,2.6567,-833751137#13,-70.3533,8.7117,100.0000,default,17,rsu(343m),3947,136898,0.9456,343,2.0173,8,14,-70.3533,-87.3430,direct,0.0500,44.0000,-58.3566
466.4,node[9],5,5874.2021,4178.9074,1.8950,18.7687,0.2641,2.6567,-833751137#13,-82.0960,-5.0000,100.0000,default,17,rsu(344m),3948,136954,0.0180,344,2.0204,2,2,-82.0960,-99.0857,direct,0.0500,44.0000,-63.1946
466.5,node[9],5,5872.5516,4178.0379,1.8950,18.6576,-1.1104,2.6567,-833751137#13,-76.5363,-2.6803,100.0000,default,17,rsu(346m),3949,137008,0.0552,346,2.0158,3,4,-76.5363,-93.5260,direct,0.0500,44.0000,-66.5317
466.6,node[9],5,5870.8948,4177.1651,1.8950,18.7283,0.7067,2.6567,-833751137#13,-81.3533,-5.0000,100.0000,default,17,rsu(347m),3950,137063,0.0180,347,2.0161,2,2,-81.3533,-98.3430,direct,0.0500,44.0000,-68.9775
466.7,node[9],5,5869.2414,4176.2940,1.8950,18.6897,-0.3854,2.6567,-833751137#13,-74.6604,1.9791,100.0000,default,17,rsu(349m),3951,137119,0.3751,349,2.0213,5,8,-74.6604,-91.6501,direct,0.0500,44.4000,-70.8762
466.8,node[9],5,5867.5893,4175.4237,1.8950,18.6748,-0.1495,2.6567,-833751137#13,-79.5238,-3.1453,100.0000,default,17,rsu(350m),3952,137174,0.0442,350,2.0222,2,2,-79.5238,-96.5135,direct,0.0500,44.4000,-72.4199
466.9,node[9],5,5865.9317,4174.5505,1.8950,18.7375,0.6272,2.6567,-833751137#13,-73.8896,5.2969,100.0000,default,17,rsu(351m),3953,137227,0.7592,351,2.0261,7,12,-73.8896,-90.8793,direct,0.0500,43.2000,-73.7094
467,node[9],5,5864.2816,4173.6812,1.8950,18.6520,-0.8553,2.6567,-833751137#13,-83.7331,-5.0000,100.0000,default,17,rsu(353m),3954,137282,0.0180,353,2.0221,2,2,-83.7331,-100.7228,direct,0.0500,43.2000,-74.8093
467.1,node[9],5,5862.6284,4172.8103,1.8950,18.6879,0.3592,2.6567,-833751137#13,-82.2870,-4.3622,100.0000,default,17,rsu(354m),3955,137337,0.0246,354,2.0242,2,2,-82.2870,-99.2767,direct,0.0500,44.0000,-75.7622
467.2,node[9],5,5860.9753,4171.9394,1.8950,18.6865,-0.0143,2.6567,-833751137#13,-98.5307,-5.0000,100.0000,default,17,rsu(356m),3956,137392,0.0180,356,2.0237,2,2,-98.5307,-115.5204,direct,0.0500,44.0000,-76.5978
467.3,node[9],5,5859.3184,4171.0665,1.8950,18.7287,0.4228,2.6567,-833751137#13,-74.8919,3.1168,100.0000,default,17,rsu(357m),3957,137447,0.5146,357,2.0184,6,10,-74.8919,-91.8816,direct,0.0500,44.0000,-77.3395
467.4,node[9],5,5857.6672,4170.1967,1.8950,18.6646,-0.6419,2.6567,-833751137#13,-74.3887,1.6349,100.0000,default,17,rsu(359m),3958,137502,0.3357,359,2.0235,5,8,-74.3887,-91.3784,direct,0.0500,44.0000,-78.0007
467.5,node[9],5,5856.0163,4169.3270,1.8950,18.6619,-0.0264,2.6567,-833751137#13,-76.8250,0.4395,100.0000,default,17,rsu(360m),3959,137556,0.2175,360,2.0267,4,6,-76.8250,-93.8147,direct,0.0500,43.6000,-78.5940
467.6,node[9],5,5854.3624,4168.4557,1.8950,18.6957,0.3382,2.6567,-833751137#13,-77.4810,-2.6452,100.0000,default,17,rsu(362m),3960,137611,0.0561,362,2.0221,3,4,-77.4810,-94.4707,direct,0.0500,43.6000,-79.1310
467.7,node[9],5,5852.7122,4167.5864,1.8950,18.6527,-0.4299,2.6567,-833751137#13,-70.1638,5.1758,100.0000,default,17,rsu(363m),3961,137668,0.7480,363,2.0183,7,12,-70.1638,-87.1535,direct,0.0500,44.8000,-79.6168
467.8,node[9],5,5851.0582,4166.7150,1.8950,18.6968,0.4409,2.6567,-833751137#13,-82.7093,-5.0000,100.0000,default,17,rsu(365m),3962,137725,0.0180,365,2.0215,2,2,-82.7093,-99.6990,direct,0.0500,44.8000,-80.0592
467.9,node[9],5,5849.4028,4165.8429,1.8950,18.7127,0.1584,2.6567,-833751137#13,-79.6688,-2.6614,100.0000,default,17,rsu(366m),3963,137782,0.0557,366,2.0190,3,4,-79.6688,-96.6585,direct,0.0500,45.6000,-80.4631
468,node[9],5,5847.7488,4164.9716,1.8950,18.6967,-0.1595,2.6567,-833751137#13,-76.0754,3.1374,100.0000,default,17,rsu(368m),3964,137840,0.5172,368,2.0190,6,10,-76.0754,-93.0651,direct,0.0500,45.6000,-80.8329
468.1,node[9],5,5846.0898,4164.0976,1.8950,18.7527,0.5599,2.6567,-833751137#13,-72.9531,5.9557,100.0000,default,17,rsu(369m),3965,137898,0.8142,369,2.0155,7,12,-72.9531,-89.9428,direct,0.0500,46.4000,-81.1726
468.2,node[9],5,5844.4387,4163.2278,1.8950,18.6638,-0.8891,2.6567,-833751137#13,-76.3155,0.9656,100.0000,default,18,rsu(370m),3966,137956,0.2656,370,2.0263,4,6,-76.3155,-93.3052,direct,0.0500,46.4000,-81.3717
468.3,node[9],5,5842.7874,4162.3579,1.8950,18.6656,0.0182,2.6567,-833751137#13,-84.0451,-5.0000,100.0000,default,18,rsu(372m),3967,138014,0.0180,372,2.0153,2,2,-84.0451,-101.0348,direct,0.0500,46.4000,-81.6529
468.4,node[9],5,5841.1349,4161.4874,1.8950,18.6794,0.1379,2.6567,-833751137#13,-76.7435,-2.9161,100.0000,default,18,rsu(373m),3968,138074,0.0494,373,2.0254,3,4,-76.7435,-93.7332,direct,0.0500,46.4000,-81.9131
468.5,node[9],5,5839.4797,4160.6154,1.8950,18.7107,0.3130,2.6567,-833751137#13,-77.3318,-0.1022,100.0000,default,18,rsu(375m),3969,138131,0.1749,375,2.0192,4,6,-77.3318,-94.3215,direct,0.0500,46.8000,-82.1534
468.6,node[9],5,5837.8208,4159.7414,1.8950,18.7521,0.4138,2.6567,-833751137#13,-76.0683,-0.9767,100.0000,default,18,rsu(376m),3970,138188,0.1204,376,2.0224,4,6,-76.0683,-93.0580,direct,0.0500,46.8000,-82.3762
468.7,node[9],5,5836.1669,4158.8701,1.8950,18.6953,-0.5683,2.6567,-833751137#13,-74.6273,0.2525,100.0000,default,18,rsu(378m),3971,138247,0.2020,378,2.0159,4,6,-74.6273,-91.6170,direct,0.0500,46.4000,-82.5830
468.8,node[9],5,5834.5123,4157.9985,1.8950,18.7030,0.0776,2.6567,-833751137#13,-83.9920,-5.0000,100.0000,default,18,rsu(379m),3972,138306,0.0180,379,2.0199,2,2,-83.9920,-100.9817,direct,0.0500,46.4000,-82.7749
468.9,node[9],5,5832.8628,4157.1295,1.8950,18.6456,-0.5744,2.6567,-833751137#13,-84.2340,-5.0000,100.0000,default,18,rsu(381m),3973,138366,0.0180,381,2.0165,2,2,-84.2340,-101.2237,direct,0.0500,47.6000,-82.9532
469,node[9],5,5831.2084,4156.2580,1.8950,18.7007,0.5510,2.6567,-833751137#13,-78.9114,-1.0374,100.0000,default,18,rsu(382m),3974,138423,0.1173,382,2.0193,3,4,-78.9114,-95.9011,direct,0.0500,47.6000,-83.1197
469.1,node[9],5,5829.5503,4155.3845,1.8950,18.7428,0.4207,2.6567,-833751137#13,-75.7810,0.2119,100.0000,default,18,rsu(384m),3975,138481,0.1988,384,2.0243,4,6,-75.7810,-92.7707,direct,0.0500,46.0000,-83.2754
469.2,node[9],5,5827.8970,4154.5135,1.8950,18.6894,-0.5337,2.6567,-833751137#13,-76.7656,-1.6719,100.0000,default,18,rsu(385m),3976,138540,0.0882,385,2.0232,3,4,-76.7656,-93.7553,direct,0.0500,46.0000,-83.4211
469.3,node[9],5,5826.2430,4153.6422,1.8950,18.6962,0.0678,2.6567,-833751137#13,-80.7518,-1.5396,100.0000,default,18,rsu(387m),3977,138598,0.0937,387,2.0242,3,4,-80.7518,-97.7415,direct,0.0500,46.8000,-83.5576
469.4,node[9],5,5824.5901,4152.7714,1.8950,18.6845,-0.1167,2.6567,-833751137#13,-75.6012,3.7197,100.0000,default,18,rsu(389m),3978,138656,0.5890,389,2.0267,6,10,-75.6012,-92.5909,direct,0.0500,46.8000,-83.6851
469.5,node[9],5,5822.9389,4151.9016,1.8950,18.6639,-0.2062,2.6567,-833751137#13,-76.2147,1.7478,100.0000,default,18,rsu(390m),3979,138714,0.3484,390,2.0145,5,8,-76.2147,-93.2044,direct,0.0500,46.4000,-83.8051
469.6,node[9],5,5821.2873,4151.0315,1.8950,18.6694,0.0551,2.6567,-833751137#13,-81.3311,-3.8609,100.0000,default,18,rsu(392m),3980,138772,0.0314,392,2.0199,2,2,-81.3311,-98.3208,direct,0.0500,46.4000,-83.9177
469.7,node[9],5,5819.6358,4150.1614,1.8950,18.6689,-0.0054,2.6567,-833751137#13,-75.7790,0.4060,100.0000,default,18,rsu(393m),3981,138831,0.2147,393,2.0148,4,6,-75.7790,-92.7687,direct,0.0500,46.8000,-84.0237
469.8,node[9],5,5817.9808,4149.2896,1.8950,18.7077,0.3888,2.6567,-833751137#13,-73.6391,5.4737,100.0000,default,18,rsu(395m),3982,138888,0.7750,395,2.0200,7,12,-73.6391,-90.6288,direct,0.0500,46.8000,-84.1234
469.9,node[9],5,5816.3263,4148.4180,1.8950,18.7016,-0.0616,2.6567,-833751137#13,-77.5247,1.5581,100.0000,default,18,rsu(396m),3983,138945,0.3272,396,2.0215,5,8,-77.5247,-94.5144,direct,0.0500,45.6000,-84.2179
470,node[9],5,5814.6708,4147.5452,1.8950,18.7097,0.0816,2.6566,:10023473900_4,-80.0642,-3.0100,100.0000,default,18,rsu(398m),3984,139002,0.0472,398,2.0264,2,2,-80.0642,-97.0539,direct,0.0500,45.6000,-84.3069
470.1,node[9],5,5813.0143,4146.6712,1.8950,18.7152,0.0551,2.6564,:10023473900_4,-74.8606,4.2169,100.0000,default,18,rsu(399m),3985,139061,0.6476,399,2.0220,6,10,-74.8606,-91.8503,direct,0.0500,46.4000,-84.3910
470.2,node[9],5,5811.3601,4145.7984,1.8950,18.6895,-0.2573,2.6561,:10023473900_4,-72.0488,1.9734,100.0000,default,18,rsu(401m),3986,139121,0.3744,401,2.0237,5,8,-72.0488,-89.0385,direct,0.0500,46.4000,-84.4705
470.3,node[9],5,5809.7069,4144.9261,1.8950,18.6778,-0.1171,2.6561,:10023473900_4,-77.1041,0.2153,100.0000,default,18,rsu(402m),3987,139180,0.1990,402,2.0160,4,6,-77.1041,-94.0938,direct,0.0500,47.6000,-84.5457
470.4,node[9],5,5808.0540,4144.0539,1.8950,18.6750,-0.0277,2.6561,:10023473900_4,-75.2107,1.4654,100.0000,default,18,rsu(404m),3988,139237,0.3171,404,2.0146,5,8,-75.2107,-92.2004,direct,0.0500,47.6000,-84.6170
470.5,node[9],5,5806.3991,4143.1812,1.8950,18.7014,0.2639,2.6562,-833751137#12,-77.0716,-1.9553,100.0000,default,18,rsu(405m),3989,139294,0.0774,405,2.0202,3,4,-77.0716,-94.0613,direct,0.0500,45.6000,-84.6847
470.6,node[9],5,5804.7390,4142.3064,1.8950,18.7655,0.6407,2.6564,-833751137#12,-80.6587,-2.2572,100.0000,default,18,rsu(407m),3990,139352,0.0673,407,2.0267,3,4,-80.6587,-97.6484,direct,0.0500,45.6000,-84.7490
470.7,node[9],5,5803.0880,4141.4365,1.8950,18.6627,-1.0282,2.6566,-833751137#12,-82.7644,-4.9217,100.0000,default,18,rsu(409m),3991,139410,0.0187,409,2.0174,2,2,-82.7644,-99.7541,direct,0.0500,46.4000,-84.8101
470.8,node[9],5,5801.4344,4140.5651,1.8950,18.6928,0.3012,2.6566,-833751137#12,-72.2890,5.4622,100.0000,default,18,rsu(410m),3992,139468,0.7740,410,2.0171,7,12,-72.2890,-89.2787,direct,0.0500,46.4000,-84.8681
470.9,node[9],5,5799.7742,4139.6903,1.8950,18.7677,0.7492,2.6566,-833751137#12,-84.2730,-5.0000,100.0000,default,18,rsu(412m),3993,139524,0.0180,412,2.0170,2,2,-84.2730,-101.2627,direct,0.0500,45.6000,-84.9235
471,node[9],5,5798.1143,4138.8156,1.8950,18.7633,-0.0442,2.6566,-833751137#12,-74.8089,2.3283,100.0000,default,18,rsu(413m),3994,139581,0.4168,413,2.0226,5,8,-74.8089,-91.7986,direct,0.0500,45.6000,-84.9765
471.1,node[9],5,5796.4592,4137.9435,1.8950,18.7094,-0.5386,2.6566,-833751137#12,-75.0027,3.6047,100.0000,default,18,rsu(415m),3995,139637,0.5750,415,2.0217,6,10,-75.0027,-91.9924,direct,0.0500,45.2000,-85.0267
471.2,node[9],5,5794.8072,4137.0730,1.8950,18.6743,-0.3515,2.6566,-833751137#12,-81.5212,-3.8903,100.0000,default,18,rsu(416m),3996,139692,0.0309,416,2.0160,2,2,-81.5212,-98.5109,direct,0.0500,45.2000,-85.0745
471.3,node[9],5,5793.1530,4136.2013,1.8950,18.6995,0.2524,2.6566,-833751137#12,-76.8337,1.1000,100.0000,default,18,rsu(418m),3997,139748,0.2789,418,2.0267,5,8,-76.8337,-93.8234,direct,0.0500,44.4000,-85.1204
471.4,node[9],5,5791.4990,4135.3298,1.8950,18.6973,-0.0220,2.6566,-833751137#12,-83.2301,-5.0000,100.0000,default,18,rsu(420m),3998,139804,0.0180,420,2.0187,2,2,-83.2301,-100.2198,direct,0.0500,44.4000,-85.1640
471.5,node[9],5,5789.8383,4134.4547,1.8950,18.7727,0.7532,2.6566,-833751137#12,-80.1453,-0.8824,100.0000,default,18,rsu(421m),3999,139861,0.1255,421,2.0249,4,6,-80.1453,-97.1350,direct,0.0500,45.2000,-85.2058
471.6,node[9],5,5788.1856,4133.5838,1.8950,18.6817,-0.9091,2.6566,-833751137#12,-82.8555,-4.3910,100.0000,default,18,rsu(423m),4000,139917,0.0242,423,2.0269,2,2,-82.8555,-99.8452,direct,0.0500,45.2000,-85.2456
471.7,node[9],5,5786.5318,4132.7124,1.8950,18.6949,0.1316,2.6566,-833751137#12,-78.7006,-1.8182,100.0000,default,18,rsu(424m),4001,139972,0.0825,424,2.0187,3,4,-78.7006,-95.6903,direct,0.0500,44.4000,-85.2836
471.8,node[9],5,5784.8742,4131.8389,1.8950,18.7378,0.4293,2.6566,-833751137#12,-81.9764,-3.0162,100.0000,default,18,rsu(426m),4002,140028,0.0471,426,2.0171,2,2,-81.9764,-98.9661,direct,0.0500,44.4000,-85.3199
471.9,node[9],5,5783.2189,4130.9667,1.8950,18.7118,-0.2599,2.6566,-833751137#12,-81.8759,-2.8900,100.0000,default,18,rsu(427m),4003,140083,0.0500,427,2.0270,3,4,-81.8759,-98.8656,direct,0.0500,44.4000,-85.3549
472,node[9],5,5781.5667,4130.0961,1.8950,18.6765,-0.3531,2.6566,-833751137#12,-76.5243,-2.0399,100.0000,default,18,rsu(429m),4004,140140,0.0745,429,2.0245,3,4,-76.5243,-93.5140,direct,0.0500,44.4000,-85.3883
472.1,node[9],5,5779.9081,4129.2221,1.8950,18.7491,0.7252,2.6566,-833751137#12,-78.5254,-0.1463,100.0000,default,18,rsu(431m),4005,140196,0.1718,431,2.0151,4,6,-78.5254,-95.5151,direct,0.0500,45.2000,-85.4203
472.2,node[9],5,5778.2495,4128.3481,1.8950,18.7494,0.0031,2.6566,-833751137#12,-73.2854,3.6236,100.0000,default,18,rsu(432m),4006,140252,0.5773,432,2.0206,6,10,-73.2854,-90.2751,direct,0.0500,45.2000,-85.4509
472.3,node[9],5,5776.5916,4127.4745,1.8950,18.7412,-0.0815,2.6566,-833751137#12,-77.2213,-0.3465,100.0000,default,18,rsu(434m),4007,140307,0.1580,434,2.0182,4,6,-77.2213,-94.2110,direct,0.0500,44.4000,-85.4805
472.4,node[9],5,5774.9390,4126.6037,1.8950,18.6807,-0.6049,2.6566,-833751137#12,-75.8393,1.6891,100.0000,default,18,rsu(435m),4008,140362,0.3418,435,2.0206,5,8,-75.8393,-92.8290,direct,0.0500,44.4000,-85.5086
472.5,node[9],5,5773.2825,4125.7308,1.8950,18.7252,0.4447,2.6566,-833751137#12,-80.4876,-3.0736,100.0000,default,18,rsu(437m),4009,140418,0.0458,437,2.0176,2,2,-80.4876,-97.4773,direct,0.0500,44.4000,-85.5359
472.6,node[9],5,5771.6270,4124.8584,1.8950,18.7142,-0.1104,2.6566,-833751137#12,-77.9182,-1.5402,100.0000,default,18,rsu(439m),4010,140474,0.0936,439,2.0239,3,4,-77.9182,-94.9079,direct,0.0500,44.4000,-85.5620
472.7,node[9],5,5769.9691,4123.9848,1.8950,18.7416,0.2745,2.6566,-833751137#12,-80.8972,-3.3999,100.0000,default,18,rsu(440m),4011,140529,0.0392,440,2.0216,2,2,-80.8972,-97.8869,direct,0.0500,44.4000,-85.5870
472.8,node[9],5,5768.3169,4123.1142,1.8950,18.6768,-0.6484,2.6566,-833751137#12,-77.8364,-1.6941,100.0000,default,18,rsu(442m),4012,140587,0.0873,442,2.0188,3,4,-77.8364,-94.8261,direct,0.0500,44.4000,-85.6111
472.9,node[9],5,5766.6598,4122.2395,1.8950,18.7374,0.6060,2.6564,:2136577300_4,-74.4797,2.2188,100.0000,default,18,rsu(444m),4013,140643,0.4036,444,2.0188,5,8,-74.4797,-91.4694,direct,0.0500,45.6000,-85.6343
473,node[9],5,5765.0100,4121.3664,1.8950,18.6637,-0.7368,2.6557,:2136577300_4,-80.6486,-5.0000,100.0000,default,18,rsu(445m),4014,140700,0.0180,445,2.0200,2,2,-80.6486,-97.6383,direct,0.0500,45.6000,-85.6567
473.1,node[9],5,5763.3512,4120.4887,1.8950,18.7651,1.0146,2.6550,:2136577300_4,-74.2829,0.4558,100.0000,default,18,rsu(447m),4015,140754,0.2189,447,2.0224,4,6,-74.2829,-91.2726,direct,0.0500,44.4000,-85.6783
473.2,node[9],5,5761.7064,4119.5947,1.8950,18.6651,-1.0006,2.6507,:227555420_0,-81.8893,-5.0000,100.0000,default,18,rsu(448m),4016,140808,0.0180,448,2.0248,2,2,-81.8893,-98.8790,direct,0.0500,44.4000,-85.6991
473.3,node[9],5,5760.0675,4118.6816,1.8950,18.7723,1.0718,2.6426,:227555420_0,-78.6831,-2.4941,100.0000,default,18,rsu(450m),4017,140866,0.0603,450,2.0144,3,4,-78.6831,-95.6728,direct,0.0500,44.8000,-85.7195
473.4,node[9],5,5758.4372,4117.7732,1.8950,18.6736,-0.9864,2.6345,:227555420_0,-78.1194,-0.0933,100.0000,default,18,rsu(452m),4018,140922,0.1756,452,2.0146,4,6,-78.1194,-95.1091,direct,0.0500,44.8000,-85.7389
473.5,node[9],5,5756.8090,4116.8660,1.8950,18.6496,-0.2398,2.6333,:227555420_0,-75.9076,0.8888,100.0000,default,18,rsu(453m),4019,140980,0.2581,453,2.0202,4,6,-75.9076,-92.8973,direct,0.0500,45.6000,-85.7577
473.6,node[9],5,5755.1703,4115.9531,1.8950,18.7688,1.1921,2.6333,:227555420_0,-76.0448,0.5812,100.0000,default,18,rsu(455m),4020,141037,0.2298,455,2.0237,4,6,-76.0448,-93.0345,direct,0.0500,45.6000,-85.7759
473.7,node[9],5,5753.5378,4115.0435,1.8950,18.6986,-0.7022,2.6333,:227555420_0,-83.0588,-3.6875,100.0000,default,18,rsu(457m),4021,141093,0.0341,457,2.0268,2,2,-83.0588,-100.0485,direct,0.0500,45.2000,-85.7935
473.8,node[9],5,5751.9133,4114.1250,1.8950,18.6622,-0.3642,2.6309,-833751137#10,-76.4722,0.9802,100.0000,default,18,rsu(458m),4022,141149,0.2670,458,2.0171,4,6,-76.4722,-93.4619,direct,0.0500,45.2000,-85.8105
473.9,node[9],5,5750.2884,4113.2048,1.8950,18.6730,0.1080,2.6283,-833751137#10,-85.3486,-5.0000,100.0000,default,18,rsu(460m),4023,141205,0.0180,460,2.0156,2,2,-85.3486,-102.3383,direct,0.0500,44.8000,-85.8269
474,node[9],5,5748.6648,4112.2852,1.8950,18.6585,-0.1450,2.6263,-833751137#10,-78.0041,-2.1599,100.0000,default,18,rsu(462m),4024,141261,0.0704,462,2.0201,3,4,-78.0041,-94.9938,direct,0.0500,44.8000,-85.8428
474.1,node[9],5,5747.0377,4111.3637,1.8950,18.6987,0.4016,2.6263,-833751137#10,-76.1456,1.0340,100.0000,default,18,rsu(463m),4025,141318,0.2723,463,2.0166,5,8,-76.1456,-93.1353,direct,0.0500,45.2000,-85.8582
474.2,node[9],5,5745.4153,4110.4449,1.8950,18.6441,-0.5453,2.6263,-833751137#10,-82.6792,-5.0000,100.0000,default,18,rsu(465m),4026,141374,0.0180,465,2.0200,2,2,-82.6792,-99.6689,direct,0.0500,45.2000,-85.8730
474.3,node[9],5,5743.7856,4109.5219,1.8950,18.7281,0.8396,2.6263,-833751137#10,-73.0173,5.2508,100.0000,default,18,rsu(467m),4027,141431,0.7550,467,2.0204,7,12,-73.0173,-90.0070,direct,0.0500,45.2000,-85.8877
474.4,node[9],5,5742.1573,4108.5997,1.8950,18.7121,-0.1604,2.6263,-833751137#10,-75.4964,3.8266,100.0000,default,18,rsu(468m),4028,141488,0.6019,468,2.0244,6,10,-75.4964,-92.4861,direct,0.0500,45.2000,-85.9018
474.5,node[9],5,5740.5297,4107.6779,1.8950,18.7044,-0.0766,2.6263,-833751137#10,-73.9035,2.0664,100.0000,default,18,rsu(470m),4029,141546,0.3854,470,2.0235,5,8,-73.9035,-90.8932,direct,0.0500,46.0000,-85.9155
474.6,node[9],5,5738.9061,4106.7585,1.8950,18.6572,-0.4716,2.6263,-833751137#10,-76.9165,1.7853,100.0000,default,18,rsu(472m),4030,141602,0.3527,472,2.0268,5,8,-76.9165,-93.9062,direct,0.0500,46.0000,-85.9287
474.7,node[9],5,5737.2809,4105.8380,1.8950,18.6771,0.1989,2.6263,-833751137#10,-78.5206,0.4474,100.0000,default,18,rsu(473m),4031,141660,0.2182,473,2.0230,4,6,-78.5206,-95.5103,direct,0.0500,45.6000,-85.9417
474.8,node[9],5,5735.6552,4104.9173,1.8950,18.6824,0.0525,2.6263,-833751137#10,-77.0535,-2.5457,100.0000,default,18,rsu(475m),4032,141717,0.0588,475,2.0149,3,4,-77.0535,-94.0432,direct,0.0500,45.6000,-85.9543
474.9,node[9],5,5734.0301,4103.9970,1.8950,18.6748,-0.0761,2.6263,-833751137#10,-96.7961,-5.0000,100.0000,default,18,rsu(477m),4033,141774,0.0180,477,2.0173,2,2,-96.7961,-113.7858,direct,0.0500,45.6000,-85.9666
475,node[9],5,5732.3971,4103.0721,1.8950,18.7659,0.9114,2.6263,-833751137#10,-80.7575,-3.5923,100.0000,default,18,rsu(478m),4034,141830,0.0357,478,2.0221,2,2,-80.7575,-97.7472,direct,0.0500,45.6000,-85.9785
475.1,node[9],5,5730.7695,4102.1503,1.8950,18.7050,-0.6089,2.6263,-833751137#10,-75.7995,2.8939,100.0000,default,18,rsu(480m),4035,141888,0.4867,480,2.0178,5,8,-75.7995,-92.7892,direct,0.0500,45.6000,-85.9901
475.2,node[9],5,5729.1385,4101.2266,1.8950,18.7424,0.3740,2.6263,-833751137#10,-76.7731,0.4491,100.0000,default,18,rsu(482m),4036,141946,0.2183,482,2.0149,4,6,-76.7731,-93.7628,direct,0.0500,45.6000,-86.0014
475.3,node[9],5,5727.5092,4100.3039,1.8950,18.7238,-0.1866,2.6263,-833751137#10,-85.5178,-5.0000,100.0000,default,18,rsu(483m),4037,142005,0.0180,483,2.0204,2,2,-85.5178,-102.5075,direct,0.0500,46.8000,-86.0128
475.4,node[9],5,5725.8835,4099.3832,1.8950,18.6820,-0.4181,2.6263,-833751137#10,-79.1720,-2.6588,100.0000,default,18,rsu(485m),4038,142062,0.0558,485,2.0151,3,4,-79.1720,-96.1617,direct,0.0500,46.8000,-86.0236
475.5,node[9],5,5724.2525,4098.4594,1.8950,18.7439,0.6198,2.6263,-833751137#10,-79.6594,-5.0000,100.0000,default,18,rsu(487m),4039,142121,0.0180,487,2.0146,2,2,-79.6594,-96.6491,direct,0.0500,46.4000,-86.0343
475.6,node[9],5,5722.6297,4097.5404,1.8950,18.6479,-0.9601,2.6263,-833751137#10,-77.7181,-3.2675,100.0000,default,18,rsu(488m),4040,142179,0.0417,488,2.0211,2,2,-77.7181,-94.7078,direct,0.0500,46.4000,-86.0447
475.7,node[9],5,5721.0072,4096.6215,1.8950,18.6460,-0.0187,2.6263,-833751137#10,-87.9475,-5.0000,100.0000,default,18,rsu(490m),4041,142238,0.0180,490,2.0251,2,2,-87.9475,-104.9372,direct,0.0500,46.8000,-86.0543
475.8,node[9],5,5719.3773,4095.6984,1.8950,18.7301,0.8408,2.6263,-833751137#10,-82.9242,-5.0000,100.0000,default,18,rsu(492m),4042,142294,0.0180,492,2.0271,2,2,-82.9242,-99.9139,direct,0.0500,46.8000,-86.0637
475.9,node[9],5,5717.7460,4094.7745,1.8950,18.7472,0.1704,2.6263,-833751137#10,-82.2965,-5.0000,100.0000,default,18,rsu(493m),4043,142352,0.0180,493,2.0246,2,2,-82.2965,-99.2862,direct,0.0500,45.6000,-86.0731
476,node[9],5,5716.1170,4093.8520,1.8950,18.7194,-0.2774,2.6263,-833751137#10,-82.0983,-3.1773,100.0000,default,18,rsu(495m),4044,142410,0.0436,495,2.0148,2,2,-82.0983,-99.0880,direct,0.0500,45.6000,-86.0821
476.1,node[9],5,5714.4860,4092.9283,1.8950,18.7439,0.2443,2.6263,-833751137#10,-76.0652,0.2690,100.0000,default,18,rsu(497m),4045,142467,0.2033,497,2.0192,4,6,-76.0652,-93.0549,direct,0.0500,46.0000,-86.0912
476.2,node[9],5,5712.8574,4092.0059,1.8950,18.7159,-0.2792,2.6263,-833751137#10,-80.0813,-3.6913,100.0000,default,18,rsu(498m),4046,142524,0.0340,498,2.0262,2,2,-80.0813,-97.0710,direct,0.0500,46.0000,-86.1000
476.3,node[9],5,5711.2291,4091.0837,1.8950,18.7116,-0.0434,2.6263,-833751137#10,-79.5840,-0.7795,100.0000,default,18,rsu(500m),4047,142582,0.1313,500,2.0197,4,6,-79.5840,-96.5737,direct,0.0500,46.0000,-86.1085
476.4,node[9],5,5709.6006,4090.1615,1.8950,18.7140,0.0242,2.6263,-833751137#10,-77.8279,-3.6617,100.0000,default,18,rsu(502m),4048,142639,0.0345,502,2.0153,2,2,-77.8279,-94.8176,direct,0.0500,46.0000,-86.1171
476.5,node[9],5,5707.9715,4089.2388,1.8950,18.7215,0.0753,2.6263,-833751137#10,-78.6381,-4.5488,100.0000,default,18,rsu(503m),4049,142697,0.0224,503,2.0240,2,2,-78.6381,-95.6278,direct,0.0500,46.0000,-86.1256
476.6,node[9],5,5706.3463,4088.3184,1.8950,18.6772,-0.4437,2.6263,-833751137#10,-83.8097,-4.6577,100.0000,default,18,rsu(505m),4050,142754,0.0213,505,2.0159,2,2,-83.8097,-100.7994,direct,0.0500,46.0000,-86.1338
476.7,node[9],5,5704.7196,4087.3971,1.8950,18.6929,0.1568,2.6263,-833751137#10,-79.3294,-3.1203,100.0000,default,18,rsu(507m),4051,142812,0.0448,507,2.0244,2,2,-79.3294,-96.3191,direct,0.0500,46.0000,-86.1421
476.8,node[9],5,5703.0931,4086.4760,1.8950,18.6921,-0.0074,2.6263,-833751137#10,-77.0619,-0.2912,100.0000,default,18,rsu(509m),4052,142870,0.1617,509,2.0154,4,6,-77.0619,-94.0516,direct,0.0500,46.0000,-86.1503
476.9,node[9],5,5701.4687,4085.5560,1.8950,18.6675,-0.2463,2.6263,-833751137#10,-80.3343,-4.4206,100.0000,default,18,rsu(510m),4053,142928,0.0239,510,2.0202,2,2,-80.3343,-97.3240,direct,0.0500,46.4000,-86.1585
477,node[9],5,5699.8413,4084.6343,1.8950,18.7014,0.3391,2.6263,-833751137#10,-81.4023,-3.9458,100.0000,default,18,rsu(512m),4054,142985,0.0301,512,2.0148,2,2,-81.4023,-98.3920,direct,0.0500,46.4000,-86.1666
477.1,node[9],5,5698.2110,4083.7110,1.8950,18.7352,0.3381,2.6263,-833751137#10,-83.0697,-5.0000,100.0000,default,18,rsu(514m),4055,143042,0.0180,514,2.0239,2,2,-83.0697,-100.0594,direct,0.0500,45.6000,-86.1746
477.2,node[9],5,5696.5826,4082.7888,1.8950,18.7128,-0.2238,2.6263,-833751137#10,-79.6623,-2.6889,100.0000,default,18,rsu(515m),4056,143100,0.0550,515,2.0210,3,4,-79.6623,-96.6520,direct,0.0500,45.6000,-86.1827
477.3,node[9],2,5694.9573,4081.8683,1.8950,18.6776,-0.3526,2.6263,-833751137#10,-78.0062,1.1497,100.0000,default,19,rsu(517m),4057,143158,0.2839,517,2.0269,5,8,-78.0062,-94.9959,direct,0.0500,46.4000,-86.1822
477.4,node[9],2,5693.3296,4080.9465,1.8950,18.7052,0.2759,2.6263,-833751137#10,-78.4282,0.7555,100.0000,default,19,rsu(519m),4058,143217,0.2456,519,2.0270,4,6,-78.4282,-95.4179,direct,0.0500,46.4000,-86.1902
477.5,node[9],2,5691.6992,4080.0231,1.8950,18.7372,0.3202,2.6263,-833751137#10,-75.8496,-0.3014,100.0000,default,19,rsu(520m),4059,143277,0.1610,520,2.0246,4,6,-75.8496,-92.8393,direct,0.0500,47.6000,-86.1984
477.6,node[9],2,5690.0714,4079.1012,1.8950,18.7056,-0.3156,2.6263,-833751137#10,-76.1991,2.9823,100.0000,default,19,rsu(522m),4060,143336,0.4978,522,2.0159,5,8,-76.1991,-93.1888,direct,0.0500,47.6000,-86.2065
477.7,node[9],2,5688.4471,4078.1813,1.8950,18.6669,-0.3869,2.6263,-833751137#10,-87.7549,-5.0000,100.0000,default,19,rsu(524m),4061,143396,0.0180,524,2.0160,2,2,-87.7549,-104.7446,direct,0.0500,47.6000,-86.2148
477.8,node[9],2,5686.8186,4077.2590,1.8950,18.7133,0.4642,2.6263,-833751137#10,-81.5593,-4.0563,100.0000,default,19,rsu(526m),4062,143454,0.0285,526,2.0260,2,2,-81.5593,-98.5490,direct,0.0500,47.6000,-86.2230
477.9,node[9],2,5685.1911,4076.3373,1.8950,18.7038,-0.0955,2.6263,-833751137#10,-77.4405,0.8527,100.0000,default,19,rsu(527m),4063,143512,0.2547,527,2.0240,4,6,-77.4405,-94.4302,direct,0.0500,46.4000,-86.2312
478,node[9],2,5683.5580,4075.4124,1.8950,18.7670,0.6324,2.6263,-833751137#10,-75.4678,3.8476,100.0000,default,19,rsu(529m),4064,143571,0.6044,529,2.0146,6,10,-75.4678,-92.4575,direct,0.0500,46.4000,-86.2395
478.1,node[9],2,5681.9257,4074.4880,1.8950,18.7575,-0.0956,2.6263,-833751137#10,-77.1390,1.9825,100.0000,default,19,rsu(531m),4065,143631,0.3755,531,2.0168,5,8,-77.1390,-94.1287,direct,0.0500,47.6000,-86.2479
478.2,node[9],2,5680.3028,4073.5688,1.8950,18.6505,-1.0697,2.6263,-833751137#10,-86.2183,-5.0000,100.0000,default,19,rsu(532m),4066,143690,0.0180,532,2.0264,2,2,-86.2183,-103.2080,direct,0.0500,47.6000,-86.2562
478.3,node[9],2,5678.6744,4072.6466,1.8950,18.7135,0.6300,2.6263,-833751137#10,-83.1488,-4.1662,100.0000,default,19,rsu(534m),4067,143748,0.0270,534,2.0160,2,2,-83.1488,-100.1385,direct,0.0500,46.8000,-86.2645
478.4,node[9],2,5677.0435,4071.7229,1.8950,18.7419,0.2844,2.6263,-833751137#10,-78.4093,-3.4889,100.0000,default,19,rsu(536m),4068,143806,0.0375,536,2.0227,2,2,-78.4093,-95.3990,direct,0.0500,46.8000,-86.2730
478.5,node[9],2,5675.4131,4070.7995,1.8950,18.7365,-0.0543,2.6263,-833751137#10,-78.4133,0.6376,100.0000,default,19,rsu(538m),4069,143865,0.2348,538,2.0162,4,6,-78.4133,-95.4030,direct,0.0500,46.8000,-86.2814
478.6,node[9],2,5673.7852,4069.8776,1.8950,18.7073,-0.2926,2.6263,-833751137#10,-77.6979,-0.9475,100.0000,default,19,rsu(539m),4070,143923,0.1220,539,2.0159,4,6,-77.6979,-94.6876,direct,0.0500,46.8000,-86.2904
478.7,node[9],2,5672.1559,4068.9547,1.8950,18.7225,0.1528,2.6263,:227555796_5,-78.9942,-2.8427,100.0000,default,19,rsu(541m),4071,143981,0.0511,541,2.0264,3,4,-78.9942,-95.9839,direct,0.0500,46.4000,-86.2991
478.8,node[9],2,5670.5304,4068.0338,1.8950,18.6751,-0.4739,2.6262,:227555796_5,-79.1725,-3.4840,100.0000,default,19,rsu(543m),4072,144040,0.0376,543,2.0182,2,2,-79.1725,-96.1622,direct,0.0500,46.4000,-86.3078
478.9,node[9],2,5668.9038,4067.1121,1.8950,18.6891,0.1398,2.6261,:227555796_5,-80.7430,-3.2733,100.0000,default,19,rsu(544m),4073,144100,0.0416,544,2.0238,2,2,-80.7430,-97.7327,direct,0.0500,47.6000,-86.3168
479,node[9],2,5667.2725,4066.1878,1.8950,18.7425,0.5342,2.6261,:227555796_5,-77.6373,-2.9221,100.0000,default,19,rsu(546m),4074,144158,0.0492,546,2.0158,3,4,-77.6373,-94.6270,direct,0.0500,47.6000,-86.3256
479.1,node[9],2,5665.6417,4065.2639,1.8950,18.7368,-0.0574,2.6261,:227555796_5,-85.0343,-5.0000,100.0000,default,19,rsu(548m),4075,144216,0.0180,548,2.0209,2,2,-85.0343,-102.0240,direct,0.0500,46.4000,-86.3348
479.2,node[9],2,5664.0114,4064.3401,1.8950,18.7316,-0.0518,2.6261,:227555796_5,-77.0818,-1.2930,100.0000,default,19,rsu(550m),4076,144275,0.1047,550,2.0191,3,4,-77.0818,-94.0715,direct,0.0500,46.4000,-86.3438
479.3,node[9],2,5662.3850,4063.4186,1.8950,18.6858,-0.4584,2.6261,:227555796_5,-80.4338,-3.2708,100.0000,default,19,rsu(551m),4077,144334,0.0417,551,2.0219,2,2,-80.4338,-97.4235,direct,0.0500,47.2000,-86.3530
479.4,node[9],2,5660.7558,4062.4956,1.8950,18.7187,0.3288,2.6261,:227555796_5,-82.9568,-5.0000,100.0000,default,19,rsu(553m),4078,144394,0.0180,553,2.0157,2,2,-82.9568,-99.9465,direct,0.0500,47.2000,-86.3624
479.5,node[9],2,5659.1229,4061.5699,1.8950,18.7681,0.4939,2.6260,-833751137#9,-80.1912,-1.0759,100.0000,default,19,rsu(555m),4079,144452,0.1153,555,2.0240,3,4,-80.1912,-97.1809,direct,0.0500,47.2000,-86.3718
479.6,node[9],2,5657.4979,4060.6483,1.8950,18.6819,-0.8610,2.6259,-833751137#9,-81.9316,-3.0114,100.0000,default,19,rsu(557m),4080,144510,0.0472,557,2.0272,2,2,-81.9316,-98.9213,direct,0.0500,47.2000,-86.3812
479.7,node[9],2,5655.8737,4059.7271,1.8950,18.6738,-0.0816,2.6257,-833751137#9,-80.4455,-1.0632,100.0000,default,19,rsu(558m),4081,144570,0.1159,558,2.0175,3,4,-80.4455,-97.4352,direct,0.0500,47.2000,-86.3910
479.8,node[9],2,5654.2492,4058.8058,1.8950,18.6769,0.0311,2.6257,-833751137#9,-80.0429,-3.6773,100.0000,default,19,rsu(560m),4082,144629,0.0343,560,2.0223,2,2,-80.0429,-97.0326,direct,0.0500,47.2000,-86.4007
479.9,node[9],2,5652.6228,4057.8833,1.8950,18.6994,0.2247,2.6257,-833751137#9,-75.8593,1.2155,100.0000,default,19,rsu(562m),4083,144687,0.2906,562,2.0147,5,8,-75.8593,-92.8490,direct,0.0500,46.8000,-86.4105
480,node[9],2,5651.0012,4056.9636,1.8950,18.6437,-0.5562,2.6257,-833751137#9,-78.0208,-2.4485,100.0000,default,19,rsu(563m),4084,144746,0.0616,563,2.0235,3,4,-78.0208,-95.0105,direct,0.0500,46.8000,-86.4206
480.1,node[9],2,5649.3744,4056.0410,1.8950,18.7031,0.5938,2.6257,-833751137#9,-77.5670,0.2298,100.0000,default,19,rsu(565m),4085,144804,0.2002,565,2.0216,4,6,-77.5670,-94.5567,direct,0.0500,46.8000,-86.4307
480.2,node[9],2,5647.7449,4055.1168,1.8950,18.7339,0.3076,2.6257,-833751137#9,-79.3207,-1.7839,100.0000,default,19,rsu(567m),4086,144862,0.0838,567,2.0175,3,4,-79.3207,-96.3104,direct,0.0500,46.8000,-86.4409
480.3,node[9],2,5646.1147,4054.1922,1.8950,18.7431,0.0927,2.6257,-833751137#9,-76.9022,-1.3794,100.0000,default,19,rsu(569m),4087,144919,0.1007,569,2.0146,3,4,-76.9022,-93.8919,direct,0.0500,46.0000,-86.4513
480.4,node[9],2,5644.4915,4053.2716,1.8950,18.6617,-0.8148,2.6257,-833751137#9,-74.7774,4.1113,100.0000,default,19,rsu(570m),4088,144979,0.6355,570,2.0270,6,10,-74.7774,-91.7671,direct,0.0500,46.0000,-86.4616
480.5,node[9],2,5642.8662,4052.3499,1.8950,18.6861,0.2443,2.6257,-833751137#9,-84.0889,-5.0000,100.0000,default,19,rsu(572m),4089,145038,0.0180,572,2.0219,2,2,-84.0889,-101.0786,direct,0.0500,47.6000,-86.4715
480.6,node[9],2,5641.2410,4051.4281,1.8950,18.6849,-0.0120,2.6257,-833751137#9,-76.9426,-2.5920,100.0000,default,18,rsu(574m),4090,145097,0.0575,574,2.0195,3,4,-76.9426,-93.9323,direct,0.0500,47.6000,-86.5823
480.7,node[9],2,5639.6167,4050.5069,1.8950,18.6752,-0.0968,2.6257,-833751137#9,-80.0772,-4.4518,100.0000,default,18,rsu(576m),4091,145156,0.0235,576,2.0171,2,2,-80.0772,-97.0669,direct,0.0500,47.2000,-86.5926
480.8,node[9],2,5637.9900,4049.5843,1.8950,18.7012,0.2602,2.6257,-833751137#9,-90.8334,-5.0000,100.0000,default,18,rsu(577m),4092,145214,0.0180,577,2.0200,2,2,-90.8334,-107.8231,direct,0.0500,47.2000,-86.6029
480.9,node[9],2,5636.3654,4048.6629,1.8950,18.6790,-0.2227,2.6257,-833751137#9,-80.7150,-5.0000,100.0000,default,18,rsu(579m),4093,145273,0.0180,579,2.0243,2,2,-80.7150,-97.7047,direct,0.0500,46.8000,-86.6136
481,node[9],2,5634.7431,4047.7428,1.8950,18.6511,-0.2784,2.6257,-833751137#9,-77.2542,1.0723,100.0000,default,18,rsu(581m),4094,145332,0.2761,581,2.0212,5,8,-77.2542,-94.2439,direct,0.0500,46.8000,-86.6241
481.1,node[9],2,5633.1105,4046.8169,1.8950,18.7696,1.1848,2.6257,-833751137#9,-76.3470,-1.8981,100.0000,default,18,rsu(583m),4095,145391,0.0795,583,2.0165,3,4,-76.3470,-93.3367,direct,0.0500,47.2000,-86.6348
481.2,node[9],2,5631.4786,4045.8914,1.8950,18.7629,-0.0675,2.6257,-833751137#9,-83.6744,-5.0000,100.0000,default,18,rsu(584m),4096,145450,0.0180,584,2.0203,2,2,-83.6744,-100.6641,direct,0.0500,47.2000,-86.6454
481.3,node[9],2,5629.8485,4044.9669,1.8950,18.7409,-0.2192,2.6257,-833751137#9,-83.2432,-5.0000,100.0000,default,18,rsu(586m),4097,145509,0.0180,586,2.0199,2,2,-83.2432,-100.2329,direct,0.0500,47.2000,-86.6561
481.4,node[9],2,5628.2192,4044.0428,1.8950,18.7317,-0.0924,2.6257,-833751137#9,-86.7532,-5.0000,100.0000,default,18,rsu(588m),4098,145569,0.0180,588,2.0190,2,2,-86.7532,-103.7429,direct,0.0500,47.2000,-86.6668
481.5,node[9],2,5626.5926,4043.1203,1.8950,18.7013,-0.3039,2.6257,-833751137#9,-78.4403,-4.3311,100.0000,default,18,rsu(590m),4099,145626,0.0250,590,2.0199,2,2,-78.4403,-95.4300,direct,0.0500,46.8000,-86.6775
481.6,node[9],2,5624.9701,4042.2001,1.8950,18.6540,-0.4734,2.6257,-833751137#9,-78.8440,-4.6646,100.0000,default,18,rsu(591m),4100,145686,0.0212,591,2.0156,2,2,-78.8440,-95.8337,direct,0.0500,46.8000,-86.6883
481.7,node[9],2,5623.3450,4041.2784,1.8950,18.6843,0.3033,2.6257,-833751137#9,-82.6440,-5.0000,100.0000,default,18,rsu(593m),4101,145743,0.0180,593,2.0259,2,2,-82.6440,-99.6337,direct,0.0500,46.8000,-86.6989
481.8,node[9],2,5621.7192,4040.3563,1.8950,18.6915,0.0725,2.6257,-833751137#9,-81.2780,-3.9888,100.0000,default,18,rsu(595m),4102,145801,0.0295,595,2.0179,2,2,-81.2780,-98.2677,direct,0.0500,46.8000,-86.7097
481.9,node[9],2,5620.0944,4039.4348,1.8950,18.6804,-0.1117,2.6257,-833751137#9,-80.1059,-1.4847,100.0000,default,18,rsu(597m),4103,145859,0.0960,597,2.0244,3,4,-80.1059,-97.0956,direct,0.0500,46.4000,-86.7203
482,node[9],2,5618.4619,4038.5089,1.8950,18.7693,0.8896,2.6257,-833751137#9,-76.7355,0.0093,100.0000,default,18,rsu(598m),4104,145916,0.1831,598,2.0218,4,6,-76.7355,-93.7252,direct,0.0500,46.4000,-86.7310
482.1,node[9],2,5616.8346,4037.5860,1.8950,18.7090,-0.6037,2.6257,-833751137#9,-85.9076,-5.0000,100.0000,default,18,rsu(600m),4105,145974,0.0180,600,2.0269,2,2,-85.9076,-102.8973,direct,0.0500,46.0000,-86.7416
482.2,node[9],2,5615.2112,4036.6653,1.8950,18.6637,-0.4527,2.6257,-833751137#9,-84.2725,-5.0000,100.0000,default,19,rsu(602m),4106,146031,0.0180,602,2.0209,2,2,-84.2725,-101.2622,direct,0.0500,46.0000,-86.6479
482.3,node[9],2,5613.5816,4035.7411,1.8950,18.7355,0.7183,2.6257,-833751137#9,-78.9718,-1.7412,100.0000,default,19,rsu(604m),4107,146089,0.0854,604,2.0234,3,4,-78.9718,-95.9615,direct,0.0500,46.0000,-86.6573
482.4,node[9],2,5611.9597,4034.8212,1.8950,18.6473,-0.8823,2.6257,-833751137#9,-86.2571,-5.0000,100.0000,default,19,rsu(605m),4108,146145,0.0180,605,2.0211,2,2,-86.2571,-103.2468,direct,0.0500,46.0000,-86.6666
482.5,node[9],2,5610.3300,4033.8969,1.8950,18.7374,0.9015,2.6257,-833751137#9,-85.4794,-5.0000,100.0000,default,19,rsu(607m),4109,146201,0.0180,607,2.0214,2,2,-85.4794,-102.4691,direct,0.0500,44.8000,-86.6758
482.6,node[9],2,5608.6991,4032.9719,1.8950,18.7503,0.1284,2.6257,-833751137#9,-87.9272,-5.0000,100.0000,default,19,rsu(609m),4110,146257,0.0180,609,2.0253,2,2,-87.9272,-104.9169,direct,0.0500,44.8000,-86.6849
482.7,node[9],2,5607.0673,4032.0465,1.8950,18.7601,0.0976,2.6257,-833751137#9,-79.6132,-3.2300,100.0000,default,19,rsu(611m),4111,146314,0.0425,611,2.0199,2,2,-79.6132,-96.6029,direct,0.0500,45.2000,-86.6940
482.8,node[9],2,5605.4426,4031.1250,1.8950,18.6798,-0.8025,2.6257,-833751137#9,-73.7852,5.2187,100.0000,default,19,rsu(612m),4112,146372,0.7520,612,2.0253,7,12,-73.7852,-90.7749,direct,0.0500,45.2000,-86.7034
482.9,node[9],2,5603.8176,4030.2034,1.8950,18.6830,0.0319,2.6257,-833751137#9,-84.1081,-4.7260,100.0000,default,19,rsu(614m),4113,146431,0.0206,614,2.0268,2,2,-84.1081,-101.0978,direct,0.0500,46.8000,-86.7124
483,node[9],1,5602.1891,4029.2798,1.8950,18.7221,0.3913,2.6257,-833751137#9,-82.4678,-5.0000,100.0000,default,20,rsu(616m),4114,146490,0.0180,616,2.0205,2,2,-82.4678,-99.4575,direct,0.0500,46.8000,-86.7115
483.1,node[9],1,5600.5665,4028.3595,1.8950,18.6556,-0.6652,2.6257,-833751137#9,-85.2830,-5.0000,100.0000,default,20,rsu(618m),4115,146547,0.0180,618,2.0193,2,2,-85.2830,-102.2727,direct,0.0500,46.4000,-86.7203
483.2,node[9],1,5598.9441,4027.4394,1.8950,18.6531,-0.0253,2.6257,-833751137#9,-86.6898,-5.0000,100.0000,default,20,rsu(619m),4116,146607,0.0180,619,2.0271,2,2,-86.6898,-103.6795,direct,0.0500,46.4000,-86.7289
483.3,node[9],1,5597.3127,4026.5141,1.8950,18.7557,1.0263,2.6257,-833751137#9,-79.9459,-2.1909,100.0000,default,20,rsu(621m),4117,146668,0.0694,621,2.0272,3,4,-79.9459,-96.9356,direct,0.0500,48.4000,-86.7376
483.4,node[9],1,5595.6843,4025.5906,1.8950,18.7217,-0.3398,2.6257,-833751137#9,-78.0601,0.5557,100.0000,default,20,rsu(623m),4118,146725,0.2276,623,2.0251,4,6,-78.0601,-95.0498,direct,0.0500,48.4000,-86.7460
483.5,node[9],1,5594.0547,4024.6664,1.8950,18.7356,0.1388,2.6257,-833751137#9,-82.0405,-5.0000,100.0000,default,20,rsu(625m),4119,146782,0.0180,625,2.0195,2,2,-82.0405,-99.0302,direct,0.0500,45.6000,-86.7544
483.6,node[9],1,5592.4271,4023.7433,1.8950,18.7129,-0.2266,2.6257,-833751137#9,-78.9859,-1.6934,100.0000,default,20,rsu(626m),4120,146838,0.0873,626,2.0245,3,4,-78.9859,-95.9756,direct,0.0500,45.6000,-86.7626
483.7,node[9],1,5590.7950,4022.8176,1.8950,18.7643,0.5135,2.6257,-833751137#9,-78.0621,-1.6968,100.0000,default,20,rsu(628m),4121,146897,0.0872,628,2.0192,3,4,-78.0621,-95.0518,direct,0.0500,46.0000,-86.7710
483.8,node[9],1,5589.1644,4021.8928,1.8950,18.7465,-0.1774,2.6257,-833751137#9,-80.1639,-5.0000,100.0000,default,20,rsu(630m),4122,146955,0.0180,630,2.0219,2,2,-80.1639,-97.1536,direct,0.0500,46.0000,-86.7791
483.9,node[9],1,5587.5345,4020.9684,1.8950,18.7396,-0.0696,2.6257,-833751137#9,-78.5910,-0.0968,100.0000,default,20,rsu(632m),4123,147013,0.1753,632,2.0263,4,6,-78.5910,-95.5807,direct,0.0500,46.4000,-86.7870
484,node[9],1,5585.9021,4020.0426,1.8950,18.7676,0.2801,2.6257,-833751137#9,-81.4320,-3.1357,100.0000,default,21,rsu(633m),4124,147072,0.0445,633,2.0189,2,2,-81.4320,-98.4217,direct,0.0500,46.4000,-86.6898
484.1,node[9],1,5584.2768,4019.1208,1.8950,18.6859,-0.8168,2.6257,-833751137#9,-83.5170,-5.0000,100.0000,default,21,rsu(635m),4125,147129,0.0180,635,2.0229,2,2,-83.5170,-100.5067,direct,0.0500,46.4000,-86.6965
484.2,node[9],1,5582.6493,4018.1977,1.8950,18.7122,0.2632,2.6257,-833751137#9,-81.8323,-3.3585,100.0000,default,21,rsu(637m),4126,147189,0.0400,637,2.0247,2,2,-81.8323,-98.8220,direct,0.0500,46.4000,-86.7033
484.3,node[9],1,5581.0199,4017.2737,1.8950,18.7326,0.2038,2.6257,-833751137#9,-80.5891,-4.3697,100.0000,default,22,rsu(639m),4127,147247,0.0245,639,2.0164,2,2,-80.5891,-97.5788,direct,0.0500,47.2000,-86.6068
484.4,node[9],1,5579.3915,4016.3501,1.8950,18.7223,-0.1027,2.6257,-833751137#9,-80.4997,-5.0000,100.0000,default,22,rsu(640m),4128,147306,0.0180,640,2.0268,2,2,-80.4997,-97.4894,direct,0.0500,47.2000,-86.6128
484.5,node[9],1,5577.7664,4015.4284,1.8950,18.6832,-0.3915,2.6257,-833751137#9,-78.4510,-1.1200,100.0000,default,22,rsu(642m),4129,147363,0.1130,642,2.0186,3,4,-78.4510,-95.4407,direct,0.0500,46.4000,-86.6186
484.6,node[9],1,5576.1386,4014.5052,1.8950,18.7152,0.3199,2.6257,-833751137#9,-85.6187,-5.0000,100.0000,default,22,rsu(644m),4130,147423,0.0180,644,2.0247,2,2,-85.6187,-102.6084,direct,0.0500,46.4000,-86.6244
484.7,node[9],1,5574.5160,4013.5850,1.8950,18.6550,-0.6020,2.6257,-833751137#9,-86.8642,-5.0000,100.0000,default,22,rsu(646m),4131,147481,0.0180,646,2.0169,2,2,-86.8642,-103.8539,direct,0.0500,47.2000,-86.6300
484.8,node[9],1,5572.8883,4012.6618,1.8950,18.7138,0.5878,2.6257,-833751137#9,-88.4644,-5.0000,100.0000,default,22,rsu(648m),4132,147538,0.0180,648,2.0183,2,2,-88.4644,-105.4541,direct,0.0500,47.2000,-86.6353
484.9,node[9],1,5571.2560,4011.7360,1.8950,18.7668,0.5304,2.6257,-833751137#9,-88.0427,-5.0000,100.0000,default,22,rsu(649m),4133,147596,0.0180,649,2.0264,2,2,-88.0427,-105.0324,direct,0.0500,46.0000,-86.6405
485,node[9],1,5569.6284,4010.8129,1.8950,18.7128,-0.5401,2.6257,-833751137#9,-82.2422,-5.0000,100.0000,default,22,rsu(651m),4134,147656,0.0180,651,2.0231,2,2,-82.2422,-99.2319,direct,0.0500,46.0000,-86.6457
485.1,node[9],1,5568.0000,4009.8894,1.8950,18.7216,0.0877,2.6257,-833751137#9,-82.5992,-4.7463,100.0000,default,22,rsu(653m),4135,147712,0.0204,653,2.0184,2,2,-82.5992,-99.5889,direct,0.0500,46.4000,-86.6506
485.2,node[9],1,5566.3685,4008.9641,1.8950,18.7575,0.3594,2.6257,-833751137#9,-82.5308,-4.2282,100.0000,default,22,rsu(655m),4136,147769,0.0262,655,2.0173,2,2,-82.5308,-99.5205,direct,0.0500,46.4000,-86.6553
485.3,node[9],1,5564.7387,4008.0398,1.8950,18.7372,-0.2034,2.6257,-833751137#9,-79.1178,-0.1352,100.0000,default,22,rsu(656m),4137,147828,0.1726,656,2.0268,4,6,-79.1178,-96.1075,direct,0.0500,46.4000,-86.6600
485.4,node[9],1,5563.1091,4007.1155,1.8950,18.7361,-0.0106,2.6257,-833751137#9,-79.7088,-2.5536,100.0000,default,22,rsu(658m),4138,147886,0.0586,658,2.0226,3,4,-79.7088,-96.6985,direct,0.0500,46.4000,-86.6645
485.5,node[9],1,5561.4762,4006.1894,1.8950,18.7730,0.3687,2.6257,-833751137#9,-80.3759,-1.3080,100.0000,default,22,rsu(660m),4139,147945,0.1040,660,2.0153,3,4,-80.3759,-97.3656,direct,0.0500,46.8000,-86.6689
485.6,node[9],1,5559.8520,4005.2682,1.8950,18.6738,-0.9912,2.6257,-833751137#9,-88.2808,-5.0000,100.0000,default,21,rsu(662m),4140,148005,0.0180,662,2.0234,2,2,-88.2808,-105.2705,direct,0.0500,46.8000,-86.7776
485.7,node[9],1,5558.2257,4004.3459,1.8950,18.6974,0.2356,2.6257,-833751137#9,-93.6105,-5.0000,100.0000,default,21,rsu(663m),4141,148063,0.0180,663,2.0175,2,2,-93.6105,-110.6002,direct,0.0500,47.2000,-86.7817
485.8,node[9],1,5556.6017,4003.4248,1.8950,18.6718,-0.2566,2.6257,-833751137#9,-89.0536,-5.0000,100.0000,default,21,rsu(665m),4142,148121,0.0180,665,2.0260,2,2,-89.0536,-106.0433,direct,0.0500,47.2000,-86.7855
485.9,node[9],1,5554.9712,4002.5096,1.8950,18.6978,0.2603,2.6273,:227579240_4,-76.5023,0.0505,100.0000,default,21,rsu(667m),4143,148178,0.1862,667,2.0232,4,6,-76.5023,-93.4920,direct,0.0500,46.0000,-86.7893
486,node[9],1,5553.3328,4001.6096,1.8950,18.6895,-0.0833,2.6324,:227579240_4,-77.2486,0.3552,100.0000,default,22,rsu(669m),4144,148235,0.2104,669,2.0230,4,6,-77.2486,-94.2383,direct,0.0500,46.0000,-86.6875
486.1,node[9],1,5551.6932,4000.7090,1.8950,18.7024,0.1295,2.6375,:227579240_4,-81.7504,-3.6121,100.0000,default,22,rsu(671m),4145,148293,0.0354,671,2.0148,2,2,-81.7504,-98.7401,direct,0.0500,46.0000,-86.6904
486.2,node[9],1,5550.0545,3999.8089,1.8950,18.6929,-0.0949,2.6393,:227579240_4,-81.5257,-2.8171,100.0000,default,22,rsu(672m),4146,148353,0.0517,672,2.0267,3,4,-81.5257,-98.5154,direct,0.0500,46.0000,-86.6935
486.3,node[9],1,5548.4196,3998.9109,1.8950,18.6495,-0.4341,2.6393,:227579240_4,-85.5927,-5.0000,100.0000,default,22,rsu(674m),4147,148413,0.0180,674,2.0148,2,2,-85.5927,-102.5824,direct,0.0500,48.0000,-86.6954
486.4,node[9],1,5546.7797,3998.0101,1.8950,18.7068,0.5735,2.6393,:227579240_4,-82.9699,-3.8861,100.0000,default,22,rsu(676m),4148,148471,0.0310,676,2.0191,2,2,-82.9699,-99.9596,direct,0.0500,48.0000,-86.6966
486.5,node[9],1,5545.1419,3997.1105,1.8950,18.6817,-0.2511,2.6393,:227579240_4,-79.0261,-0.7782,100.0000,default,22,rsu(678m),4149,148531,0.1313,678,2.0157,4,6,-79.0261,-96.0158,direct,0.0500,47.2000,-86.6976
486.6,node[9],1,5543.4975,3996.2072,1.8950,18.7581,0.7633,2.6393,:227579240_4,-84.1234,-5.0000,100.0000,default,22,rsu(679m),4150,148590,0.0180,679,2.0157,2,2,-84.1234,-101.1131,direct,0.0500,47.2000,-86.6985
486.7,node[9],1,5541.8490,3995.3205,1.8950,18.7167,-0.4133,2.6426,-833751137#8,-81.6077,-2.7654,100.0000,default,22,rsu(681m),4151,148647,0.0530,681,2.0240,3,4,-81.6077,-98.5974,direct,0.0500,46.4000,-86.6986
486.8,node[9],1,5540.2015,3994.4446,1.8950,18.6576,-0.5912,2.6477,-833751137#8,-78.7125,-1.8333,100.0000,default,22,rsu(683m),4152,148707,0.0819,683,2.0209,3,4,-78.7125,-95.7022,direct,0.0500,46.4000,-86.6986
486.9,node[9],1,5538.5461,3993.5645,1.8950,18.7463,0.8872,2.6528,-833751137#8,-84.1020,-5.0000,100.0000,default,22,rsu(685m),4153,148767,0.0180,685,2.0262,2,2,-84.1020,-101.0917,direct,0.0500,48.0000,-86.6985
487,node[9],1,5536.8938,3992.6859,1.8950,18.7123,-0.3402,2.6529,-833751137#8,-91.2052,-5.0000,100.0000,default,22,rsu(686m),4154,148826,0.0180,686,2.0236,2,2,-91.2052,-108.1949,direct,0.0500,48.0000,-86.6982
487.1,node[9],1,5535.2459,3991.8098,1.8950,18.6624,-0.4993,2.6529,-833751137#8,-81.9197,-3.9466,100.0000,default,22,rsu(688m),4155,148886,0.0301,688,2.0151,2,2,-81.9197,-98.9094,direct,0.0500,47.6000,-86.6978
487.2,node[9],1,5533.5894,3990.9291,1.8950,18.7590,0.9660,2.6529,-833751137#8,-77.7258,-3.3552,100.0000,default,22,rsu(690m),4156,148945,0.0400,690,2.0182,2,2,-77.7258,-94.7155,direct,0.0500,47.6000,-86.6971
487.3,node[9],1,5531.9385,3990.0513,1.8950,18.6963,-0.6267,2.6529,-833751137#8,-81.6328,-3.2585,100.0000,default,22,rsu(692m),4157,149004,0.0419,692,2.0265,2,2,-81.6328,-98.6225,direct,0.0500,47.2000,-86.6962
487.4,node[9],1,5530.2831,3989.1711,1.8950,18.7470,0.5068,2.6529,-833751137#8,-82.1069,-5.0000,100.0000,default,22,rsu(693m),4158,149062,0.0180,693,2.0189,2,2,-82.1069,-99.0966,direct,0.0500,47.2000,-86.6953
487.5,node[9],1,5528.6330,3988.2938,1.8950,18.6875,-0.5955,2.6529,-833751137#8,-80.7686,-2.7657,100.0000,default,22,rsu(695m),4159,149121,0.0530,695,2.0273,3,4,-80.7686,-97.7583,direct,0.0500,46.8000,-86.6941
487.6,node[9],1,5526.9779,3987.4138,1.8950,18.7434,0.5596,2.6529,-833751137#8,-85.1593,-5.0000,100.0000,default,21,rsu(697m),4160,149180,0.0180,697,2.0246,2,2,-85.1593,-102.1490,direct,0.0500,46.8000,-86.7027
487.7,node[9],1,5525.3228,3986.5338,1.8950,18.7442,0.0077,2.6529,-833751137#8,-86.9569,-5.0000,100.0000,default,21,rsu(699m),4161,149240,0.0180,699,2.0158,2,2,-86.9569,-103.9466,direct,0.0500,47.6000,-86.7013
487.8,node[9],1,5523.6654,3985.6526,1.8950,18.7693,0.2507,2.6529,-833751137#8,-79.8512,-4.7020,100.0000,default,21,rsu(701m),4162,149299,0.0208,701,2.0277,2,2,-79.8512,-96.8409,direct,0.0500,47.6000,-86.6998
487.9,node[9],1,5522.0106,3984.7728,1.8950,18.7403,-0.2897,2.6529,-833751137#8,-83.4404,-5.0000,100.0000,default,21,rsu(702m),4163,149356,0.0180,702,2.0202,2,2,-83.4404,-100.4301,direct,0.0500,46.4000,-86.6981
488,node[9],1,5520.3643,3983.8974,1.8950,18.6446,-0.9568,2.6529,-833751137#8,-82.0231,-3.8958,100.0000,default,21,rsu(704m),4164,149414,0.0308,704,2.0179,2,2,-82.0231,-99.0128,direct,0.0500,46.4000,-86.6962
488.1,node[9],1,5518.7177,3983.0219,1.8950,18.6475,0.0285,2.6529,-833751137#8,-77.5195,-1.9483,100.0000,default,21,rsu(706m),4165,149471,0.0777,706,2.0158,3,4,-77.5195,-94.5092,direct,0.0500,46.0000,-86.6943
488.2,node[9],1,5517.0641,3982.1428,1.8950,18.7263,0.7882,2.6529,-833751137#8,-78.2797,-1.5735,100.0000,default,21,rsu(708m),4166,149530,0.0922,708,2.0248,3,4,-78.2797,-95.2694,direct,0.0500,46.0000,-86.6924
488.3,node[9],1,5515.4118,3981.2642,1.8950,18.7123,-0.1394,2.6529,-833751137#8,-79.7221,-3.3653,100.0000,default,21,rsu(709m),4167,149589,0.0398,709,2.0266,2,2,-79.7221,-96.7118,direct,0.0500,47.2000,-86.6901
488.4,node[9],1,5513.7576,3980.3847,1.8950,18.7343,0.2192,2.6529,-833751137#8,-78.0575,-1.4045,100.0000,default,21,rsu(711m),4168,149649,0.0996,711,2.0202,3,4,-78.0575,-95.0472,direct,0.0500,47.2000,-86.6878
488.5,node[9],1,5512.1101,3979.5087,1.8950,18.6572,-0.7705,2.6529,-833751137#8,-83.0448,-5.0000,100.0000,default,21,rsu(713m),4169,149707,0.0180,713,2.0225,2,2,-83.0448,-100.0345,direct,0.0500,47.2000,-86.6853
488.6,node[9],1,5510.4612,3978.6320,1.8950,18.6737,0.1649,2.6529,-833751137#8,-80.7158,-5.0000,100.0000,default,21,rsu(715m),4170,149765,0.0180,715,2.0238,2,2,-80.7158,-97.7055,direct,0.0500,47.2000,-86.6826
488.7,node[9],1,5508.8432,3977.7718,1.8950,18.3230,-3.5070,2.6529,-833751137#8,-83.3399,-5.0000,100.0000,default,21,rsu(716m),4171,149826,0.0180,716,2.0276,2,2,-83.3399,-100.3296,direct,0.0500,47.6000,-86.6799
488.8,node[9],1,5507.2650,3976.9327,1.8950,17.8730,-4.5000,2.6529,-833751137#8,-84.0434,-4.9987,100.0000,default,21,rsu(718m),4172,149886,0.0180,718,2.0258,2,2,-84.0434,-101.0331,direct,0.0500,47.6000,-86.6771
488.9,node[9],1,5505.7265,3976.1147,1.8950,17.4230,-4.5000,2.6529,-833751137#8,-82.5604,-4.5186,100.0000,default,21,rsu(720m),4173,149946,0.0228,720,2.0263,2,2,-82.5604,-99.5501,direct,0.0500,48.0000,-86.6741
489,node[9],1,5504.2278,3975.3178,1.8950,16.9730,-4.5000,2.6529,-833751137#8,-79.5090,-2.5614,100.0000,default,21,rsu(721m),4174,150007,0.0584,721,2.0240,3,4,-79.5090,-96.4987,direct,0.0500,48.0000,-86.6711
489.1,node[9],1,5502.7688,3974.5421,1.8950,16.5230,-4.5000,2.6529,-833751137#8,-92.6739,-5.0000,100.0000,default,21,rsu(723m),4175,150066,0.0180,723,2.0261,2,2,-92.6739,-109.6636,direct,0.0500,48.0000,-86.6678
489.2,node[9],1,5501.3495,3973.7875,1.8950,16.0730,-4.5000,2.6529,-833751137#8,-87.6144,-5.0000,100.0000,default,21,rsu(724m),4176,150124,0.0180,724,2.0208,2,2,-87.6144,-104.6041,direct,0.0500,48.0000,-86.6645
489.3,node[9],1,5499.9700,3973.0540,1.8950,15.6230,-4.5000,2.6529,-833751137#8,-80.1604,-2.4032,100.0000,default,22,rsu(726m),4177,150184,0.0629,726,2.0263,3,4,-80.1604,-97.1501,direct,0.0500,47.2000,-86.5590
489.4,node[9],1,5498.6302,3972.3416,1.8950,15.1730,-4.5000,2.6529,-833751137#8,-81.4331,-5.0000,100.0000,default,22,rsu(725m),4178,150243,0.0180,725,2.0241,2,2,-81.4331,-98.4228,direct,0.0500,47.2000,-86.5549
489.5,node[9],1,5497.3293,3971.6500,1.8950,14.7318,-4.4116,2.6529,-833751137#8,-81.8568,-2.8851,100.0000,default,22,rsu(725m),4179,150301,0.0501,725,2.0199,3,4,-81.8568,-98.8465,direct,0.0500,46.8000,-86.5507
489.6,node[9],1,5496.0679,3970.9793,1.8950,14.2853,-4.4656,2.6529,-833751137#8,-85.3163,-5.0000,100.0000,default,22,rsu(725m),4180,150362,0.0180,725,2.0235,2,2,-85.3163,-102.3060,direct,0.0500,46.8000,-86.5468
489.7,node[9],1,5494.8463,3970.3298,1.8950,13.8353,-4.5000,2.6529,-833751137#8,-89.4308,-5.0000,100.0000,default,22,rsu(724m),4181,150421,0.0180,724,2.0233,2,2,-89.4308,-106.4205,direct,0.0500,48.0000,-86.5425
489.8,node[9],1,5493.6641,3969.7012,1.8950,13.3875,-4.4778,2.6529,-833751137#8,-80.5997,-5.0000,100.0000,default,22,rsu(724m),4182,150480,0.0180,724,2.0255,2,2,-80.5997,-97.5894,direct,0.0500,48.0000,-86.5381
489.9,node[9],1,5492.5217,3969.0938,1.8950,12.9375,-4.5000,2.6529,-833751137#8,-85.9543,-5.0000,100.0000,default,22,rsu(724m),4183,150540,0.0180,724,2.0267,2,2,-85.9543,-102.9440,direct,0.0500,47.6000,-86.5338
490,node[9],1,5491.4191,3968.5076,1.8950,12.4875,-4.5000,2.6529,-833751137#8,-87.8109,-5.0000,100.0000,default,22,rsu(723m),4184,150598,0.0180,723,2.0161,2,2,-87.8109,-104.8006,direct,0.0500,47.6000,-86.5293
490.1,node[9],1,5490.3561,3967.9424,1.8950,12.0375,-4.5000,2.6529,-833751137#8,-87.7519,-5.0000,100.0000,default,22,rsu(723m),4185,150656,0.0180,723,2.0163,2,2,-87.7519,-104.7416,direct,0.0500,46.4000,-86.5248
490.2,node[9],1,5489.3329,3967.3984,1.8950,11.5875,-4.5000,2.6529,-833751137#8,-79.7356,-2.1084,100.0000,default,22,rsu(723m),4186,150716,0.0721,723,2.0236,3,4,-79.7356,-96.7253,direct,0.0500,46.4000,-86.5204
490.3,node[9],1,5488.3495,3966.8755,1.8950,11.1375,-4.5000,2.6529,-833751137#8,-82.0043,-5.0000,100.0000,default,22,rsu(722m),4187,150777,0.0180,722,2.0162,2,2,-82.0043,-98.9940,direct,0.0500,48.4000,-86.5158
490.4,node[9],1,5487.4057,3966.3737,1.8950,10.6875,-4.5000,2.6529,-833751137#8,-86.2740,-5.0000,100.0000,default,22,rsu(722m),4188,150838,0.0180,722,2.0269,2,2,-86.2740,-103.2637,direct,0.0500,48.4000,-86.5112
490.5,node[9],1,5486.5018,3965.8931,1.8950,10.2375,-4.5000,2.6529,-833751137#8,-85.2411,-5.0000,100.0000,default,22,rsu(722m),4189,150899,0.0180,722,2.0258,2,2,-85.2411,-102.2308,direct,0.0500,48.8000,-86.5066
490.6,node[9],1,5485.6375,3965.4336,1.8950,9.7875,-4.5000,2.6529,-833751137#8,-86.5508,-5.0000,100.0000,default,22,rsu(722m),4190,150959,0.0180,722,2.0158,2,2,-86.5508,-103.5405,direct,0.0500,48.8000,-86.5020
490.7,node[9],1,5484.8129,3964.9952,1.8950,9.3386,-4.4888,2.6529,-833751137#8,-87.1167,-5.0000,100.0000,default,22,rsu(721m),4191,151019,0.0180,721,2.0264,2,2,-87.1167,-104.1064,direct,0.0500,48.0000,-86.4973
490.8,node[9],1,5484.0280,3964.5778,1.8950,8.8886,-4.5000,2.6529,-833751137#8,-80.9263,-3.6794,100.0000,default,22,rsu(721m),4192,151076,0.0342,721,2.0240,2,2,-80.9263,-97.9160,direct,0.0500,48.0000,-86.4925
490.9,node[9],1,5483.2829,3964.1817,1.8950,8.4386,-4.5000,2.6529,-833751137#8,-86.3084,-5.0000,100.0000,default,22,rsu(721m),4193,151137,0.0180,721,2.0251,2,2,-86.3084,-103.2981,direct,0.0500,47.2000,-86.4879
491,node[9],1,5482.5775,3963.8066,1.8950,7.9886,-4.5000,2.6529,-833751137#8,-79.7635,-5.0000,100.0000,default,22,rsu(721m),4194,151195,0.0180,721,2.0248,2,2,-79.7635,-96.7532,direct,0.0500,47.2000,-86.4831
491.1,node[9],1,5481.9118,3963.4527,1.8950,7.5386,-4.5000,2.6529,-833751137#8,-83.8366,-5.0000,100.0000,default,22,rsu(721m),4195,151254,0.0180,721,2.0227,2,2,-83.8366,-100.8263,direct,0.0500,46.8000,-86.4784
491.2,node[9],1,5481.2859,3963.1199,1.8950,7.0886,-4.5000,2.6529,-833751137#8,-79.8065,-0.8803,100.0000,default,22,rsu(721m),4196,151313,0.1256,721,2.0246,4,6,-79.8065,-96.7962,direct,0.0500,46.8000,-86.4736
491.3,node[9],1,5480.6997,3962.8082,1.8950,6.6386,-4.5000,2.6529,-833751137#8,-82.2549,-2.9259,100.0000,default,22,rsu(720m),4197,151371,0.0491,720,2.0212,3,4,-82.2549,-99.2446,direct,0.0500,46.8000,-86.4688
491.4,node[9],1,5480.1532,3962.5176,1.8950,6.1886,-4.5000,2.6529,-833751137#8,-85.2190,-5.0000,100.0000,default,22,rsu(720m),4198,151431,0.0180,720,2.0161,2,2,-85.2190,-102.2087,direct,0.0500,46.8000,-86.4637
491.5,node[9],1,5479.5504,3962.2954,1.8950,6.4486,2.6000,2.6703,:227572583_1,-91.5944,-5.0000,100.0000,default,22,rsu(720m),4199,151490,0.0180,720,2.0238,2,2,-91.5944,-108.5841,direct,0.0500,47.6000,-86.4585
491.6,node[9],1,5478.9211,3962.0694,1.8950,6.7086,2.6000,2.6896,:227572583_1,-83.2774,-4.0622,100.0000,default,19,rsu(720m),4200,151550,0.0284,720,2.0205,2,2,-83.2774,-100.2671,direct,0.0500,47.6000,-86.7592
491.7,node[9],1,5478.2807,3961.8395,1.8950,6.8268,1.1816,2.7092,:227572583_1,-77.9081,-1.3308,100.0000,default,19,rsu(719m),4201,151610,0.1029,719,2.0261,3,4,-77.9081,-94.8978,direct,0.0500,48.0000,-86.7533
491.8,node[9],1,5477.6403,3961.6095,1.8950,6.8268,0.0000,2.7289,:227572583_1,-83.7968,-5.0000,100.0000,default,19,rsu(719m),4202,151670,0.0180,719,2.0230,2,2,-83.7968,-100.7865,direct,0.0500,48.0000,-86.7472
491.9,node[9],1,5476.9999,3961.3795,1.8950,6.8268,0.0000,2.7486,:227572583_1,-89.7436,-5.0000,100.0000,default,19,rsu(719m),4203,151731,0.0180,719,2.0239,2,2,-89.7436,-106.7333,direct,0.0500,48.4000,-86.7409
492,node[9],1,5476.3510,3961.2088,1.8950,6.8268,0.0000,2.7800,:227572583_1,-88.0054,-5.0000,100.0000,default,19,rsu(719m),4204,151791,0.0180,719,2.0214,2,2,-88.0054,-104.9951,direct,0.0500,48.4000,-86.7345
492.1,node[9],1,5475.6798,3961.2442,1.8950,6.7194,-1.0740,2.8523,:227572583_9,-90.7537,-5.0000,100.0000,default,19,rsu(718m),4205,151850,0.0180,718,2.0189,2,2,-90.7537,-107.7434,direct,0.0500,47.6000,-86.7282
492.2,node[9],1,5475.0013,3961.2799,1.8950,6.7912,0.7184,2.9157,:227572583_9,-82.8007,-5.0000,100.0000,default,19,rsu(718m),4206,151910,0.0180,718,2.0253,2,2,-82.8007,-99.7904,direct,0.0500,47.6000,-86.7216
492.3,node[9],1,5474.3293,3961.3153,1.8950,6.7260,-0.6519,2.9698,:227572583_9,-83.3476,-4.7674,100.0000,default,19,rsu(717m),4207,151967,0.0202,717,2.0172,2,2,-83.3476,-100.3373,direct,0.0500,46.8000,-86.7150
492.4,node[9],1,5473.6584,3961.3506,1.8950,6.7153,-0.1076,3.0238,:227572583_9,-90.2515,-5.0000,100.0000,default,19,rsu(717m),4208,152023,0.0180,717,2.0222,2,2,-90.2515,-107.2412,direct,0.0500,46.8000,-86.7082
492.5,node[9],1,5473.0260,3961.5252,1.8950,6.7486,0.3328,3.1059,:227572583_9,-82.8782,-5.0000,100.0000,default,19,rsu(716m),4209,152082,0.0180,716,2.0206,2,2,-82.8782,-99.8679,direct,0.0500,46.0000,-86.7014
492.6,node[9],1,5472.4404,3961.8694,1.8950,6.7901,0.4150,-3.0587,:227572583_9,-77.6288,-2.5461,100.0000,default,19,rsu(716m),4210,152139,0.0588,716,2.0261,3,4,-77.6288,-94.6185,direct,0.0500,46.0000,-86.6949
492.7,node[9],1,5471.8582,3962.2116,1.8950,6.7502,-0.3983,-2.9407,:227572583_9,-82.3865,-5.0000,100.0000,default,19,rsu(715m),4211,152196,0.0180,715,2.0227,2,2,-82.3865,-99.3762,direct,0.0500,45.6000,-86.6882
492.8,node[9],1,5471.2716,3962.5564,1.8950,6.8006,0.5041,-2.8652,:227572583_9,-82.0324,-2.9672,100.0000,default,19,rsu(714m),4212,152253,0.0482,714,2.0197,3,4,-82.0324,-99.0221,direct,0.0500,45.6000,-86.6813
492.9,node[9],1,5470.6889,3962.8990,1.8950,6.7566,-0.4405,-2.7993,:227572583_9,-83.7924,-5.0000,100.0000,default,19,rsu(714m),4213,152312,0.0180,714,2.0232,2,2,-83.7924,-100.7821,direct,0.0500,46.4000,-86.6744
493,node[9],1,5470.2252,3963.3702,1.8950,6.7183,-0.3830,-2.6999,:227572583_9,-82.7486,-4.6924,100.0000,default,19,rsu(713m),4214,152369,0.0209,713,2.0187,2,2,-82.7486,-99.7383,direct,0.0500,46.4000,-86.6673
493.1,node[9],1,5469.8128,3963.9108,1.8950,6.7965,0.7819,-2.5820,:227572583_9,-77.7951,0.2248,100.0000,default,19,rsu(712m),4215,152426,0.1998,712,2.0263,4,6,-77.7951,-94.7848,direct,0.0500,45.6000,-86.6603
493.2,node[9],1,5469.4017,3964.4498,1.8950,6.7755,-0.2096,-2.4704,:227572583_9,-83.0522,-4.6600,100.0000,default,19,rsu(712m),4216,152484,0.0212,712,2.0229,2,2,-83.0522,-100.0419,direct,0.0500,45.6000,-86.6532
493.3,node[9],1,5468.9952,3964.9827,1.8950,6.7000,-0.7549,-2.4179,:227572583_9,-85.9326,-5.0000,100.0000,default,19,rsu(711m),4217,152542,0.0180,711,2.0192,2,2,-85.9326,-102.9223,direct,0.0500,46.4000,-86.6459
493.4,node[9],1,5468.5866,3965.5183,1.8950,6.7327,0.3263,-2.3651,:227572583_9,-79.3394,-0.4136,100.0000,default,19,rsu(710m),4218,152600,0.1536,710,2.0233,4,6,-79.3394,-96.3291,direct,0.0500,46.4000,-86.6386
493.5,node[9],1,5468.1785,3966.0533,1.8950,6.7266,-0.0603,-2.3126,:227572583_9,-82.1687,-5.0000,100.0000,default,19,rsu(710m),4219,152658,0.0180,710,2.0252,2,2,-82.1687,-99.1584,direct,0.0500,46.4000,-86.6311
493.6,node[9],1,5467.8363,3966.6340,1.8950,6.7466,0.1997,-2.2444,21157867,-81.5837,-5.0000,100.0000,default,19,rsu(709m),4220,152717,0.0180,709,2.0196,2,2,-81.5837,-98.5734,direct,0.0500,46.4000,-86.6237
493.7,node[9],1,5467.4946,3967.2410,1.8950,6.9660,2.1936,-2.1871,21157867,-84.5650,-5.0000,100.0000,default,19,rsu(708m),4221,152774,0.0180,708,2.0199,2,2,-84.5650,-101.5547,direct,0.0500,46.4000,-86.6162
493.8,node[9],1,5467.1449,3967.8623,1.8950,7.1287,1.6277,-2.1672,21157867,-85.1882,-5.0000,100.0000,default,19,rsu(708m),4222,152833,0.0180,708,2.0228,2,2,-85.1882,-102.1779,direct,0.0500,46.4000,-86.6086
493.9,node[9],1,5466.7876,3968.4971,1.8950,7.2839,1.5519,-2.1470,21157867,-81.7936,-5.0000,100.0000,default,19,rsu(707m),4223,152891,0.0180,707,2.0193,2,2,-81.7936,-98.7833,direct,0.0500,46.8000,-86.6009
494,node[9],1,5466.4187,3969.1524,1.8950,7.5197,2.3582,-2.1260,21157867,-82.7788,-5.0000,100.0000,default,19,rsu(706m),4224,152949,0.0180,706,2.0237,2,2,-82.7788,-99.7685,direct,0.0500,46.8000,-86.5931
494.1,node[9],1,5466.0421,3969.8215,1.8950,7.6771,1.5734,-2.1047,21157867,-81.4933,-5.0000,100.0000,default,19,rsu(705m),4225,153008,0.0180,705,2.0196,2,2,-81.4933,-98.4830,direct,0.0500,46.8000,-86.5851
494.2,node[9],1,5465.6577,3970.5045,1.8950,7.8369,1.5981,-2.0835,21157867,-91.4539,-5.0000,100.0000,default,20,rsu(705m),4226,153067,0.0180,705,1.8546,2,2,-91.4539,-108.4436,direct,0.0500,46.8000,-86.3872
494.3,node[9],1,5465.2636,3971.2045,1.8950,8.0328,1.9586,-2.0835,21157867,-94.3262,-5.0000,100.0000,default,20,rsu(704m),4227,153126,0.0180,704,1.8349,2,2,-94.3262,-111.3159,direct,0.0500,47.2000,-86.3776
494.4,node[9],1,5464.8629,3971.9164,1.8950,8.1686,1.3588,-2.0835,21157867,-76.2842,2.9953,100.0000,default,20,rsu(703m),4228,153183,0.4994,703,1.8452,5,8,-76.2842,-93.2739,direct,0.0500,47.2000,-86.3679
494.5,node[9],1,5464.4515,3972.6473,1.8950,8.3871,2.1851,-2.0835,21157867,-81.0729,-2.0323,100.0000,default,20,rsu(702m),4229,153243,0.0747,702,1.8554,3,4,-81.0729,-98.0626,direct,0.0500,46.8000,-86.3580
494.6,node[9],1,5464.0316,3973.3932,1.8950,8.5581,1.7095,-2.0835,21157867,-84.7653,-5.0000,100.0000,default,20,rsu(701m),4230,153303,0.0180,701,1.8708,2,2,-84.7653,-101.7550,direct,0.0500,46.8000,-86.3479
494.7,node[9],1,5463.6002,3974.1596,1.8950,8.7943,2.3621,-2.0835,21157867,-81.0556,-2.9427,100.0000,default,20,rsu(701m),4231,153364,0.0487,701,1.8546,3,4,-81.0556,-98.0453,direct,0.0500,48.4000,-86.3376
494.8,node[9],1,5463.1600,3974.9417,1.8950,8.9743,1.7996,-2.0835,21157867,-79.4776,-0.5297,100.0000,default,20,rsu(700m),4232,153425,0.1462,700,1.8551,4,6,-79.4776,-96.4673,direct,0.0500,48.4000,-86.3272
494.9,node[9],1,5462.7095,3975.7421,1.8950,9.1843,2.1006,-2.0835,21157867,-84.9092,-5.0000,100.0000,default,20,rsu(699m),4233,153483,0.0180,699,1.8567,2,2,-84.9092,-101.8989,direct,0.0500,47.6000,-86.3166
495,node[9],1,5462.2475,3976.5628,1.8950,9.4175,2.3322,-2.0835,21157867,-78.3954,0.8378,100.0000,default,20,rsu(698m),4234,153543,0.2533,698,1.8444,4,6,-78.3954,-95.3851,direct,0.0500,47.6000,-86.3058
495.1,node[9],1,5461.7745,3977.4030,1.8950,9.6413,2.2371,-2.0835,21157867,-83.4006,-5.0000,100.0000,default,20,rsu(697m),4235,153601,0.0180,697,1.8326,2,2,-83.4006,-100.3903,direct,0.0500,47.2000,-86.2949
495.2,node[9],1,5461.2904,3978.2631,1.8950,9.8695,2.2825,-2.0835,21157867,-80.4336,-1.8289,100.0000,default,20,rsu(696m),4236,153661,0.0821,696,1.8472,3,4,-80.4336,-97.4233,direct,0.0500,47.2000,-86.2837
495.3,node[9],1,5460.7945,3979.1440,1.8950,10.1074,2.3788,-2.0835,21157867,-74.8165,2.1313,100.0000,default,20,rsu(695m),4237,153720,0.3931,695,1.8657,5,8,-74.8165,-91.8062,direct,0.0500,47.6000,-86.2724
495.4,node[9],1,5460.2864,3980.0468,1.8950,10.3590,2.5160,-2.0835,21157867,-89.3186,-5.0000,100.0000,default,20,rsu(694m),4238,153783,0.0180,694,1.8307,2,2,-89.3186,-106.3083,direct,0.0500,47.6000,-86.2609
495.5,node[9],1,5459.7659,3980.9715,1.8950,10.6108,2.5181,-2.0835,21157867,-78.4151,-3.9919,100.0000,default,20,rsu(693m),4239,153843,0.0294,693,1.8424,2,2,-78.4151,-95.4048,direct,0.0500,49.2000,-86.2492
495.6,node[9],1,5459.2387,3981.9081,1.8950,10.7469,1.3607,-2.0835,21157867,-83.9102,-5.0000,100.0000,default,20,rsu(692m),4240,153901,0.0180,692,1.8651,2,2,-83.9102,-100.8999,direct,0.0500,49.2000,-86.2373
495.7,node[9],1,5458.7006,3982.8639,1.8950,10.9683,2.2143,-2.0835,21157867,-82.9411,-4.5700,100.0000,default,20,rsu(691m),4241,153960,0.0222,691,1.8727,2,2,-82.9411,-99.9308,direct,0.0500,46.8000,-86.2252
495.8,node[9],1,5458.1502,3983.8417,1.8950,11.2200,2.5168,-2.0835,21157867,-79.2955,-4.9910,100.0000,default,20,rsu(690m),4242,154019,0.0181,690,1.8726,2,2,-79.2955,-96.2852,direct,0.0500,46.8000,-86.2130
495.9,node[9],1,5457.5913,3984.8347,1.8950,11.3938,1.7384,-2.0835,21157867,-81.2300,-3.2341,100.0000,default,20,rsu(689m),4243,154079,0.0424,689,1.8440,2,2,-81.2300,-98.2197,direct,0.0500,47.6000,-86.2005
496,node[9],1,5457.0255,3985.8398,1.8950,11.5328,1.3900,-2.0835,21157867,-78.6494,-3.5019,100.0000,default,20,rsu(687m),4244,154139,0.0373,687,1.8466,2,2,-78.6494,-95.6391,direct,0.0500,47.6000,-86.1878
496.1,node[9],1,5456.4560,3986.8517,1.8950,11.6112,0.7836,-2.0835,21157867,-74.6940,4.5667,100.0000,default,20,rsu(686m),4245,154200,0.6864,686,1.8688,6,10,-74.6940,-91.6837,direct,0.0500,48.4000,-86.1750
496.2,node[9],1,5455.8842,3987.8675,1.8950,11.6558,0.4458,-2.0835,21157867,-78.0932,-3.4814,100.0000,default,20,rsu(685m),4246,154260,0.0377,685,1.8557,2,2,-78.0932,-95.0829,direct,0.0500,48.4000,-86.1620
496.3,node[9],1,5455.3143,3988.8799,1.8950,11.6175,-0.3820,-2.0835,21157867,-81.4119,-3.4539,100.0000,default,20,rsu(684m),4247,154319,0.0382,684,1.8413,2,2,-81.4119,-98.4016,direct,0.0500,47.6000,-86.1487
496.4,node[9],1,5454.7407,3989.8989,1.8950,11.6920,0.7442,-2.0835,21157867,-95.3911,-5.0000,100.0000,default,20,rsu(683m),4248,154379,0.0180,683,1.8291,2,2,-95.3911,-112.3808,direct,0.0500,47.6000,-86.1353
496.5,node[9],1,5454.1660,3990.9199,1.8950,11.7166,0.2467,-2.0835,21157867,-92.1337,-5.0000,100.0000,default,20,rsu(682m),4249,154439,0.0180,682,1.8679,2,2,-92.1337,-109.1234,direct,0.0500,48.0000,-86.1216
496.6,node[9],1,5453.5946,3991.9349,1.8950,11.6463,-0.7037,-2.0835,21157867,-83.7853,-5.0000,100.0000,default,20,rsu(681m),4250,154498,0.0180,681,1.8570,2,2,-83.7853,-100.7750,direct,0.0500,48.0000,-86.1078
496.7,node[9],1,5453.0247,3992.9474,1.8950,11.6178,-0.2844,-2.0835,21157867,-80.0547,-1.0952,100.0000,default,20,rsu(679m),4251,154557,0.1143,679,1.8408,3,4,-80.0547,-97.0444,direct,0.0500,47.2000,-86.0937
496.8,node[9],1,5452.4495,3993.9693,1.8950,11.7260,1.0815,-2.0835,21157867,-93.7196,-5.0000,100.0000,default,20,rsu(678m),4252,154617,0.0180,678,1.8590,2,2,-93.7196,-110.7093,direct,0.0500,47.2000,-86.0795
496.9,node[9],1,5451.8743,3994.9912,1.8950,11.7260,0.0002,-2.0835,21157867,-83.3432,-5.0000,100.0000,default,20,rsu(677m),4253,154675,0.0180,677,1.8416,2,2,-83.3432,-100.3329,direct,0.0500,47.2000,-86.0650
497,node[9],1,5451.3029,3996.0063,1.8950,11.6480,-0.7802,-2.0835,21157867,-82.8614,-3.6394,100.0000,default,20,rsu(676m),4254,154734,0.0349,676,1.8687,2,2,-82.8614,-99.8511,direct,0.0500,47.2000,-86.0502
497.1,node[9],1,5450.7308,3997.0226,1.8950,11.6613,0.1332,-2.0835,21157867,-84.3449,-5.0000,100.0000,default,20,rsu(675m),4255,154793,0.0180,675,1.8463,2,2,-84.3449,-101.3346,direct,0.0500,47.2000,-86.0354
497.2,node[9],1,5450.1582,3998.0399,1.8950,11.6729,0.1161,-2.0835,21157867,-81.7730,-5.0000,100.0000,default,20,rsu(674m),4256,154853,0.0180,674,1.8709,2,2,-81.7730,-98.7627,direct,0.0500,47.2000,-86.0202
497.3,node[9],1,5449.5847,3999.0587,1.8950,11.6903,0.1744,-2.0835,21157867,-81.6839,-2.9522,100.0000,default,20,rsu(673m),4257,154912,0.0485,673,1.8414,3,4,-81.6839,-98.6736,direct,0.0500,47.6000,-86.0048
497.4,node[9],1,5449.0151,4000.0707,1.8950,11.6128,-0.7751,-2.0835,21157867,-85.2742,-5.0000,100.0000,default,20,rsu(671m),4258,154972,0.0180,671,1.8680,2,2,-85.2742,-102.2639,direct,0.0500,47.6000,-85.9892
497.5,node[9],1,5448.4420,4001.0889,1.8950,11.6829,0.7006,-2.0835,21157867,-92.3494,-5.0000,100.0000,default,20,rsu(670m),4259,155031,0.0180,670,1.8591,2,2,-92.3494,-109.3391,direct,0.0500,47.6000,-85.9734
497.6,node[9],1,5448.0149,4002.1731,1.8950,11.6758,-0.0705,-2.0515,21157867,-85.3810,-5.0000,100.0000,default,20,rsu(669m),4260,155091,0.0180,669,1.8418,2,2,-85.3810,-102.3707,direct,0.0500,47.6000,-85.9582
497.7,node[9],1,5447.6182,4003.2753,1.8950,11.7137,0.3784,-2.0123,21157867,-82.2827,-5.0000,100.0000,default,20,rsu(668m),4261,155149,0.0180,668,1.8286,2,2,-82.2827,-99.2724,direct,0.0500,47.2000,-85.9430
497.8,node[9],1,5447.2237,4004.3711,1.8950,11.6460,-0.6768,-1.9732,21157867,-84.7586,-5.0000,100.0000,default,20,rsu(667m),4262,155208,0.0180,667,1.8482,2,2,-84.7586,-101.7483,direct,0.0500,47.2000,-85.9276
497.9,node[9],1,5446.8300,4005.4648,1.8950,11.6232,-0.2277,-1.9344,21157867,-84.2477,-5.0000,100.0000,default,20,rsu(666m),4263,155266,0.0180,666,1.8552,2,2,-84.2477,-101.2374,direct,0.0500,46.8000,-85.9120
498,node[9],1,5446.4368,4006.5573,1.8950,11.6097,-0.1351,-1.9163,21157867,-78.4040,-0.5990,100.0000,default,20,rsu(665m),4264,155324,0.1419,665,1.8580,4,6,-78.4040,-95.3937,direct,0.0500,46.8000,-85.8961
498.1,node[9],1,5446.0419,4007.6541,1.8950,11.6569,0.4716,-1.9163,21157867,-84.1533,-5.0000,100.0000,default,20,rsu(664m),4265,155383,0.0180,664,1.8446,2,2,-84.1533,-101.1430,direct,0.0500,46.8000,-85.8801
498.2,node[9],1,5445.6461,4008.7539,1.8950,11.6873,0.3041,-1.9163,21157867,-81.9671,-5.0000,100.0000,default,20,rsu(663m),4266,155440,0.0180,663,1.8421,2,2,-81.9671,-98.9568,direct,0.0500,46.8000,-85.8640
498.3,node[9],1,5445.2505,4009.8528,1.8950,11.6788,-0.0855,-1.9163,21157867,-94.0122,-5.0000,100.0000,default,20,rsu(662m),4267,155498,0.0180,662,1.8556,2,2,-94.0122,-111.0019,direct,0.0500,46.0000,-85.8476
498.4,node[9],1,5444.8655,4010.9223,1.8950,11.3663,-3.1241,-1.9163,21157867,-83.8935,-5.0000,100.0000,default,20,rsu(661m),4268,155557,0.0180,661,1.8760,2,2,-83.8935,-100.8832,direct,0.0500,46.0000,-85.8310
498.5,node[9],1,5444.4957,4011.9495,1.8950,10.9163,-4.5000,-1.9163,21157867,-83.1923,-4.9063,100.0000,default,20,rsu(660m),4269,155614,0.0188,660,1.8543,2,2,-83.1923,-100.1820,direct,0.0500,46.4000,-85.8141
498.6,node[9],1,5444.1397,4012.9385,1.8950,10.5110,-4.0538,-1.9163,21157867,-80.7120,-5.0000,100.0000,default,19,rsu(659m),4270,155672,0.0180,659,1.8564,2,2,-80.7120,-97.7017,direct,0.0500,46.4000,-85.8822
498.7,node[9],1,5443.9153,4013.9121,1.8950,10.0610,-4.5000,-1.8925,21157867,-85.4018,-5.0000,100.0000,default,19,rsu(658m),4271,155730,0.0180,658,1.8310,2,2,-85.4018,-102.3915,direct,0.0500,46.4000,-85.8652
498.8,node[9],1,5443.8113,4014.8676,1.8950,9.6110,-4.5000,-1.8470,21157867,-84.0613,-5.0000,100.0000,default,19,rsu(657m),4272,155787,0.0180,657,1.8436,2,2,-84.0613,-101.0510,direct,0.0500,46.4000,-85.8486
498.9,node[9],1,5443.7119,4015.7804,1.8950,9.1810,-4.2994,-1.8033,21157867,-83.6100,-5.0000,100.0000,default,20,rsu(656m),4273,155845,0.0180,656,1.8769,2,2,-83.6100,-100.5997,direct,0.0500,46.0000,-85.7472
499,node[9],1,5443.6171,4016.6514,1.8950,8.7604,-4.2065,-1.7616,21157867,-83.2878,-5.0000,100.0000,default,20,rsu(656m),4274,155902,0.0180,656,1.8565,2,2,-83.2878,-100.2775,direct,0.0500,46.0000,-85.7300
499.1,node[9],1,5443.5272,4017.4776,1.8950,8.3104,-4.5000,-1.7221,21157867,-92.7459,-5.0000,100.0000,default,20,rsu(655m),4275,155960,0.0180,655,1.8447,2,2,-92.7459,-109.7356,direct,0.0500,46.0000,-85.7125
499.2,node[9],1,5443.4421,4018.2591,1.8950,7.8604,-4.5000,-1.6850,21157867,-79.3413,-4.4710,100.0000,default,20,rsu(654m),4276,156018,0.0233,654,1.8552,2,2,-79.3413,-96.3310,direct,0.0500,46.0000,-85.6945
499.3,node[9],1,5443.3619,4018.9958,1.8950,7.4104,-4.5000,-1.6792,21157867,-87.3068,-5.0000,100.0000,default,20,rsu(654m),4277,156075,0.0180,654,1.8717,2,2,-87.3068,-104.2965,direct,0.0500,46.0000,-85.6762
499.4,node[9],1,5443.2866,4019.6878,1.8950,6.9604,-4.5000,-1.6792,21157867,-83.8333,-4.7036,100.0000,default,20,rsu(653m),4278,156131,0.0208,653,1.8592,2,2,-83.8333,-100.8230,direct,0.0500,46.0000,-85.6574
499.5,node[9],1,5443.2161,4020.3350,1.8950,6.5104,-4.5000,-1.6792,21157867,-91.6042,-5.0000,100.0000,default,20,rsu(653m),4279,156189,0.0180,653,1.8292,2,2,-91.6042,-108.5939,direct,0.0500,45.6000,-85.6382
499.6,node[9],1,5443.1428,4021.0082,1.8950,6.7704,2.6000,-1.6792,21157867,-80.8103,-1.6416,100.0000,default,19,rsu(652m),4280,156248,0.0894,652,1.8695,3,4,-80.8103,-97.8000,direct,0.0500,45.6000,-85.7006
499.7,node[9],1,5443.0667,4021.7071,1.8950,7.0304,2.6000,-1.6792,21157867,-83.6000,-5.0000,100.0000,default,19,rsu(651m),4281,156304,0.0180,651,1.8328,2,2,-83.6000,-100.5897,direct,0.0500,46.0000,-85.6806
499.8,node[9],1,5442.9878,4022.4319,1.8950,7.2904,2.6000,-1.6792,21157867,-88.4744,-5.0000,100.0000,default,19,rsu(651m),4282,156360,0.0180,651,1.8412,2,2,-88.4744,-105.4641,direct,0.0500,46.0000,-85.6605
499.9,node[9],1,5442.9104,4023.1432,1.8950,7.1545,-1.3591,-1.6792,21157867,-83.2600,-5.0000,100.0000,default,19,rsu(650m),4283,156418,0.0180,650,1.8547,2,2,-83.2600,-100.2497,direct,0.0500,45.6000,-85.6400
500,node[9],1,5442.8378,4023.8098,1.8950,6.7045,-4.5000,-1.6792,21157867,-78.4545,-2.1231,100.0000,default,19,rsu(650m),4284,156476,0.0717,650,1.8568,3,4,-78.4545,-95.4442,direct,0.0500,45.6000,-85.6190
500.1,node[9],1,5442.7701,4024.4316,1.8950,6.2545,-4.5000,-1.6792,21157867,-80.8754,-5.0000,100.0000,default,19,rsu(649m),4285,156534,0.0180,649,1.8290,2,2,-80.8754,-97.8651,direct,0.0500,46.4000,-85.5976
500.2,node[9],1,5442.6799,4025.0038,1.8950,5.8045,-4.5000,-1.6848,:227495447_0,-82.1982,-3.9508,100.0000,default,19,rsu(649m),4286,156588,0.0300,649,1.8410,2,2,-82.1982,-99.1879,direct,0.0500,46.4000,-85.5754
500.3,node[9],1,5442.5424,4025.5629,1.8950,5.7566,-0.4787,-1.7001,:227495447_0,-80.6870,-1.7766,100.0000,default,19,rsu(648m),4287,156647,0.0841,648,1.8656,3,4,-80.6870,-97.6767,direct,0.0500,45.2000,-85.5523
500.4,node[9],1,5442.4053,4026.1200,1.8950,5.7368,-0.1977,-1.7153,:227495447_0,-75.2124,-0.8419,100.0000,default,19,rsu(648m),4288,156704,0.1278,648,1.8421,4,6,-75.2124,-92.2021,direct,0.0500,45.2000,-85.5288
500.5,node[9],1,5442.2672,4026.6815,1.8950,5.7820,0.4520,-1.7307,:227495447_0,-81.2416,-5.0000,100.0000,default,19,rsu(647m),4289,156761,0.0180,647,1.8657,2,2,-81.2416,-98.2313,direct,0.0500,45.6000,-85.5050
500.6,node[9],1,5442.1304,4027.2377,1.8950,5.7266,-0.5538,-1.7459,:227495447_0,-83.2089,-5.0000,100.0000,default,19,rsu(647m),4290,156819,0.0180,647,1.8574,2,2,-83.2089,-100.1986,direct,0.0500,45.6000,-85.4807
500.7,node[9],1,5441.8236,4027.7221,1.8950,5.7581,0.3146,-1.7976,:227495447_0,-80.1427,-4.3843,100.0000,default,19,rsu(646m),4291,156876,0.0243,646,1.8572,2,2,-80.1427,-97.1324,direct,0.0500,46.0000,-85.4543
500.8,node[9],1,5441.5027,4028.2008,1.8950,5.7625,0.0441,-1.8531,:227495447_0,-78.7073,-0.4450,100.0000,default,19,rsu(646m),4292,156933,0.1515,646,1.8708,4,6,-78.7073,-95.6970,direct,0.0500,46.0000,-85.4273
500.9,node[9],1,5441.1795,4028.6829,1.8950,5.8030,0.4053,-1.9094,:227495447_0,-78.1387,0.3268,100.0000,default,19,rsu(645m),4293,156991,0.2081,645,1.8744,4,6,-78.1387,-95.1284,direct,0.0500,46.0000,-85.3998
501,node[9],1,5440.8284,4029.1253,1.8950,5.7301,-0.7291,-1.9737,:227495447_0,-82.9394,-4.9306,100.0000,default,19,rsu(645m),4294,157048,0.0186,645,1.8544,2,2,-82.9394,-99.9291,direct,0.0500,46.0000,-85.3714
501.1,node[9],1,5440.3399,4029.4200,1.8950,5.7046,-0.2550,-2.0669,:227495447_0,-77.2830,0.5809,100.0000,default,19,rsu(644m),4295,157106,0.2298,644,1.8572,4,6,-77.2830,-94.2727,direct,0.0500,46.0000,-85.3403
501.2,node[9],1,5439.8444,4029.7190,1.8950,5.7859,0.8127,-2.1589,:227495447_0,-83.4707,-5.0000,100.0000,default,19,rsu(643m),4296,157162,0.0180,643,1.8561,2,2,-83.4707,-100.4604,direct,0.0500,46.0000,-85.3085
501.3,node[9],1,5439.3566,4030.0133,1.8950,5.6962,-0.8973,-2.2501,:227495447_0,-91.2634,-5.0000,100.0000,default,19,rsu(643m),4297,157219,0.0180,643,1.8312,2,2,-91.2634,-108.2531,direct,0.0500,45.2000,-85.2762
501.4,node[9],1,5438.8281,4030.1991,1.8950,5.7049,0.0875,-2.3627,:227495447_0,-89.2353,-5.0000,100.0000,default,19,rsu(642m),4298,157276,0.0180,642,1.8293,2,2,-89.2353,-106.2250,direct,0.0500,45.2000,-85.2419
501.5,node[9],1,5438.2673,4030.2902,1.8950,5.6812,-0.2370,-2.4861,:227495447_0,-80.6302,-1.8172,100.0000,default,19,rsu(642m),4299,157333,0.0825,642,1.8674,3,4,-80.6302,-97.6199,direct,0.0500,45.6000,-85.2058
501.6,node[9],1,5437.7027,4030.3819,1.8950,5.7192,0.3801,-2.5816,:227495447_0,-86.3727,-5.0000,100.0000,default,19,rsu(641m),4300,157390,0.0180,641,1.8410,2,2,-86.3727,-103.3624,direct,0.0500,45.6000,-85.1688
501.7,node[9],1,5437.1319,4030.4747,1.8950,5.7821,0.6288,-2.6780,:227495447_0,-81.4922,-5.0000,100.0000,default,19,rsu(641m),4301,157449,0.0180,641,1.8541,2,2,-81.4922,-98.4819,direct,0.0500,46.4000,-85.1310
501.8,node[9],1,5436.5672,4030.5419,1.8950,5.6996,-0.8255,-2.7759,-21150044#2,-81.2651,-2.0777,100.0000,default,19,rsu(641m),4302,157506,0.0732,641,1.8671,3,4,-81.2651,-98.2548,direct,0.0500,46.4000,-85.0919
501.9,node[9],1,5435.9785,4030.5489,1.8950,5.8874,1.8785,-2.8647,-21150044#2,-94.4422,-5.0000,100.0000,default,19,rsu(640m),4303,157564,0.0180,640,1.8662,2,2,-94.4422,-111.4319,direct,0.0500,46.0000,-85.0512
502,node[9],1,5435.3730,4030.5561,1.8950,6.0559,1.6845,-2.9296,-21150044#2,-75.6832,1.3138,100.0000,default,19,rsu(640m),4304,157622,0.3009,640,1.8767,5,8,-75.6832,-92.6729,direct,0.0500,46.0000,-85.0093
502.1,node[9],1,5434.7490,4030.5635,1.8950,6.2402,1.8438,-2.9958,-21150044#2,-82.4793,-5.0000,100.0000,default,19,rsu(639m),4305,157679,0.0180,639,1.8557,2,2,-82.4793,-99.4690,direct,0.0500,46.0000,-84.9662
502.2,node[9],1,5434.1105,4030.5711,1.8950,6.3849,1.4466,-3.0587,-21150044#2,-86.2840,-5.0000,100.0000,default,19,rsu(639m),4306,157737,0.0180,639,1.8440,2,2,-86.2840,-103.2737,direct,0.0500,46.0000,-84.9218
502.3,node[9],1,5433.4576,4030.5789,1.8950,6.5303,1.4537,-3.0782,-21150044#2,-89.6519,-5.0000,100.0000,default,19,rsu(638m),4307,157794,0.0180,638,1.8672,2,2,-89.6519,-106.6416,direct,0.0500,46.0000,-84.8761
502.4,node[9],1,5432.7828,4030.5869,1.8950,6.7480,2.1771,-3.0984,-21150044#2,-92.3571,-5.0000,100.0000,default,19,rsu(638m),4308,157853,0.0180,638,1.8697,2,2,-92.3571,-109.3468,direct,0.0500,46.0000,-84.8290
502.5,node[9],1,5432.0893,4030.5951,1.8950,6.9353,1.8738,-3.1190,-21150044#2,-82.8944,-5.0000,100.0000,default,19,rsu(638m),4309,157908,0.0180,638,1.8561,2,2,-82.8944,-99.8841,direct,0.0500,45.6000,-84.7804
502.6,node[9],1,5431.3776,4030.6036,1.8950,7.1183,1.8291,-3.1297,-21150044#2,-85.3218,-5.0000,100.0000,default,18,rsu(637m),4310,157967,0.0180,637,1.8697,2,2,-85.3218,-102.3115,direct,0.0500,45.6000,-84.7366
502.7,node[9],1,5430.6471,4030.6122,1.8950,7.3055,1.8728,-3.1297,-21150044#2,-74.4650,4.3028,100.0000,default,18,rsu(637m),4311,158025,0.6573,637,1.8436,6,10,-74.4650,-91.4547,direct,0.0500,46.8000,-84.6852
502.8,node[9],1,5429.8911,4030.6212,1.8950,7.5608,2.5523,-3.1297,-21150044#2,-84.2591,-5.0000,100.0000,default,18,rsu(636m),4312,158082,0.0180,636,1.8429,2,2,-84.2591,-101.2488,direct,0.0500,46.8000,-84.6320
502.9,node[9],1,5429.1172,4030.6304,1.8950,7.7389,1.7815,-3.1297,-21150044#2,-82.7223,-3.3745,100.0000,default,18,rsu(635m),4313,158138,0.0396,635,1.8711,2,2,-82.7223,-99.7120,direct,0.0500,45.2000,-84.5772
503,node[9],1,5428.3289,4030.6397,1.8950,7.8838,1.4494,-3.1297,-21150044#2,-81.0467,-5.0000,100.0000,default,18,rsu(635m),4314,158196,0.0180,635,1.8563,2,2,-81.0467,-98.0364,direct,0.0500,45.2000,-84.5212
503.1,node[9],1,5427.5172,4030.6494,1.8950,8.1174,2.3353,-3.1297,-21150044#2,-88.0306,-5.0000,100.0000,default,18,rsu(634m),4315,158254,0.0180,634,1.8697,2,2,-88.0306,-105.0203,direct,0.0500,46.4000,-84.4634
503.2,node[9],1,5426.6909,4030.6592,1.8950,8.2637,1.4631,-3.1297,-21150044#2,-77.4118,-0.7751,100.0000,default,18,rsu(634m),4316,158311,0.1315,634,1.8411,4,6,-77.4118,-94.4015,direct,0.0500,46.4000,-84.4042
503.3,node[9],1,5425.8409,4030.6693,1.8950,8.5011,2.3745,-3.1297,-21150044#2,-73.9865,4.4061,100.0000,default,18,rsu(633m),4317,158369,0.6689,633,1.8683,6,10,-73.9865,-90.9762,direct,0.0500,46.0000,-84.3435
503.4,node[9],1,5424.9768,4030.6796,1.8950,8.6417,1.4058,-3.1297,-21150044#2,-85.8144,-5.0000,100.0000,default,18,rsu(633m),4318,158426,0.0180,633,1.8485,2,2,-85.8144,-102.8041,direct,0.0500,46.0000,-84.2811
503.5,node[9],1,5424.0917,4030.6901,1.8950,8.8510,2.0933,-3.1297,-21150044#2,-79.8095,-3.9489,100.0000,default,18,rsu(632m),4319,158483,0.0300,632,1.8459,2,2,-79.8095,-96.7992,direct,0.0500,45.6000,-84.2173
503.6,node[9],1,5423.1821,4030.7009,1.8950,9.0970,2.4598,-3.1297,-21150044#2,-77.7441,0.1755,100.0000,default,18,rsu(631m),4320,158538,0.1959,631,1.8682,4,6,-77.7441,-94.7338,direct,0.0500,45.6000,-84.1519
503.7,node[9],1,5422.2476,4030.7120,1.8950,9.3460,2.4894,-3.1297,-21150044#2,-81.5709,-4.6002,100.0000,default,18,rsu(631m),4321,158595,0.0219,631,1.8437,2,2,-81.5709,-98.5606,direct,0.0500,44.8000,-84.0852
503.8,node[9],1,5421.2954,4030.7233,1.8950,9.5229,1.7698,-3.1297,-21150044#2,-83.0912,-4.1513,100.0000,default,18,rsu(630m),4322,158653,0.0272,630,1.8618,2,2,-83.0912,-100.0809,direct,0.0500,44.8000,-84.0171
503.9,node[9],1,5420.3233,4030.7348,1.8950,9.7217,1.9876,-3.1297,-21150044#2,-79.4246,-0.9353,100.0000,default,18,rsu(629m),4323,158710,0.1226,629,1.8640,4,6,-79.4246,-96.4143,direct,0.0500,46.0000,-83.9479
504,node[9],1,5419.3360,4030.7465,1.8950,9.8739,1.5221,-3.1297,-21150044#2,-79.6518,-0.5370,100.0000,default,18,rsu(629m),4324,158766,0.1457,629,1.8297,4,6,-79.6518,-96.6415,direct,0.0500,46.0000,-83.8774
504.1,node[9],1,5418.3230,4030.7586,1.8950,10.1307,2.5678,-3.1297,-21150044#2,-78.4944,-4.0757,100.0000,default,18,rsu(628m),4325,158824,0.0283,628,1.8381,2,2,-78.4944,-95.4841,direct,0.0500,45.6000,-83.8061
504.2,node[9],1,5417.2864,4030.7709,1.8950,10.3665,2.3576,-3.1297,-21150044#2,-79.2297,-1.9270,100.0000,default,18,rsu(627m),4326,158881,0.0785,627,1.8647,3,4,-79.2297,-96.2194,direct,0.0500,45.6000,-83.7338
504.3,node[9],1,5416.2346,4030.7833,1.8950,10.5186,1.5219,-3.1297,-21150044#2,-78.8787,-5.0000,100.0000,default,18,rsu(627m),4327,158938,0.0180,627,1.8760,2,2,-78.8787,-95.8684,direct,0.0500,45.6000,-83.6611
504.4,node[9],1,5415.1589,4030.7961,1.8950,10.7578,2.3911,-3.1297,-21150044#2,-80.1249,-5.0000,100.0000,default,18,rsu(626m),4328,158992,0.0180,626,1.8285,2,2,-80.1249,-97.1146,direct,0.0500,45.6000,-83.5878
504.5,node[9],1,5414.0608,4030.8092,1.8950,10.9826,2.2483,-3.1297,-21150044#2,-88.0374,-5.0000,100.0000,default,19,rsu(625m),4329,159048,0.0180,625,1.8664,2,2,-88.0374,-105.0271,direct,0.0500,44.0000,-83.4648
504.6,node[9],2,5412.9480,4030.9286,1.8950,11.1952,2.1264,-3.1085,-21150044#2,-75.8374,0.5781,100.0000,default,18,rsu(624m),4330,159103,0.2295,624,1.8671,4,6,-75.8374,-92.8271,direct,0.0500,44.0000,-83.4007
504.7,node[9],2,5411.8336,4031.0554,1.8950,11.2155,0.2032,-3.0857,-21150044#2,-73.2288,5.2376,100.0000,default,18,rsu(624m),4331,159159,0.7538,624,1.8463,7,12,-73.2288,-90.2185,direct,0.0500,44.4000,-83.3332
504.8,node[9],2,5410.7178,4031.1825,1.8950,11.2306,0.1508,-3.0629,-21150044#2,-82.0319,-5.0000,100.0000,default,18,rsu(623m),4332,159214,0.0180,623,1.8387,2,2,-82.0319,-99.0216,direct,0.0500,44.4000,-83.2667
504.9,node[9],2,5409.5926,4031.3105,1.8950,11.3241,0.9349,-3.0399,-21150044#2,-82.3517,-3.6926,100.0000,default,18,rsu(622m),4333,159270,0.0340,622,1.8434,2,2,-82.3517,-99.3414,direct,0.0500,44.4000,-83.2017
505,node[9],2,5408.4713,4031.4382,1.8950,11.2864,-0.3776,-3.0283,-21150044#2,-84.2959,-5.0000,100.0000,default,18,rsu(621m),4334,159324,0.0180,621,1.8290,2,2,-84.2959,-101.2856,direct,0.0500,44.4000,-83.1388
505.1,node[9],2,5407.3457,4031.5663,1.8950,11.3287,0.4238,-3.0283,-21150044#2,-79.0885,-2.1460,100.0000,default,18,rsu(620m),4335,159377,0.0709,620,1.8326,3,4,-79.0885,-96.0782,direct,0.0500,42.8000,-83.0782
505.2,node[9],2,5406.2213,4031.6943,1.8950,11.3158,-0.1289,-3.0283,-21150044#2,-74.7686,0.1420,100.0000,default,18,rsu(619m),4336,159429,0.1933,619,1.8408,4,6,-74.7686,-91.7583,direct,0.0500,42.8000,-83.0200
505.3,node[9],2,5405.1074,4031.8211,1.8950,11.2109,-1.0489,-3.0283,-21150044#2,-79.1409,-0.8266,100.0000,default,18,rsu(619m),4337,159483,0.1286,619,1.8378,4,6,-79.1409,-96.1306,direct,0.0500,42.4000,-82.9648
505.4,node[9],2,5403.9842,4031.9489,1.8950,11.3056,0.9462,-3.0283,-21150044#2,-73.5764,0.7144,100.0000,default,18,rsu(618m),4338,159535,0.2418,618,1.8410,4,6,-73.5764,-90.5661,direct,0.0500,42.4000,-82.9128
505.5,node[9],2,5402.8622,4032.0766,1.8950,11.2917,-0.1383,-3.0283,-21150044#2,-78.4791,0.3444,100.0000,default,18,rsu(617m),4339,159588,0.2095,617,1.8430,4,6,-78.4791,-95.4688,direct,0.0500,42.0000,-82.8647
505.6,node[9],2,5401.7393,4032.2044,1.8950,11.3017,0.0999,-3.0283,-21150044#2,-84.3066,-5.0000,100.0000,default,18,rsu(616m),4340,159641,0.0180,616,1.8303,2,2,-84.3066,-101.2963,direct,0.0500,42.0000,-82.8207
505.7,node[9],2,5400.6221,4032.3316,1.8950,11.2443,-0.5739,-3.0283,-21150044#2,-76.7359,-0.4969,100.0000,default,18,rsu(615m),4341,159693,0.1482,615,1.8580,4,6,-76.7359,-93.7256,direct,0.0500,42.0000,-82.7809
505.8,node[9],2,5399.5061,4032.4586,1.8950,11.2326,-0.1173,-3.0283,-21150044#2,-85.4086,-5.0000,100.0000,default,18,rsu(614m),4342,159748,0.0180,614,1.8521,2,2,-85.4086,-102.3983,direct,0.0500,42.0000,-82.7456
505.9,node[9],2,5398.3816,4032.5866,1.8950,11.3171,0.8450,-3.0283,-21150044#2,-84.4369,-5.0000,100.0000,default,18,rsu(614m),4343,159800,0.0180,614,1.8578,2,2,-84.4369,-101.4266,direct,0.0500,42.8000,-82.7154
506,node[9],2,5397.2604,4032.7142,1.8950,11.2848,-0.3231,-3.0283,-21150044#2,-77.8728,-2.4695,100.0000,default,18,rsu(613m),4344,159853,0.0610,613,1.8320,3,4,-77.8728,-94.8625,direct,0.0500,42.8000,-82.6902
506.1,node[9],2,5396.1375,4032.8421,1.8950,11.3016,0.1676,-3.0283,-21150044#2,-77.0289,0.9034,100.0000,default,18,rsu(612m),4345,159908,0.2596,612,1.8708,4,6,-77.0289,-94.0186,direct,0.0500,43.2000,-82.6704
506.2,node[9],2,5395.0189,4032.9694,1.8950,11.2581,-0.4344,-3.0283,-21150044#2,-81.6114,-4.9486,100.0000,default,18,rsu(611m),4346,159962,0.0184,611,1.8502,2,2,-81.6114,-98.6011,direct,0.0500,43.2000,-82.6562
506.3,node[9],2,5393.8976,4033.0970,1.8950,11.2854,0.2728,-3.0283,-21150044#2,-90.9364,-5.0000,100.0000,default,18,rsu(610m),4347,160014,0.0180,610,1.8691,2,2,-90.9364,-107.9261,direct,0.0500,42.4000,-82.6476
506.4,node[9],2,5392.7843,4033.2237,1.8950,11.2055,-0.7994,-3.0283,-21150044#2,-75.1173,3.8106,100.0000,default,18,rsu(610m),4348,160069,0.6000,610,1.8414,6,10,-75.1173,-92.1070,direct,0.0500,42.4000,-82.6445
506.5,node[9],2,5391.6592,4033.3518,1.8950,11.3235,1.1808,-3.0283,-21150044#2,-86.4243,-5.0000,100.0000,default,18,rsu(609m),4349,160122,0.0180,609,1.8305,2,2,-86.4243,-103.4140,direct,0.0500,43.2000,-82.6473
506.6,node[9],2,5390.5431,4033.4850,1.8950,11.2422,-0.8136,-3.0270,:227495442_0,-91.1821,-5.0000,100.0000,default,18,rsu(608m),4350,160174,0.0180,608,1.8665,2,2,-91.1821,-108.1718,direct,0.0500,43.2000,-82.6557
506.7,node[9],2,5389.4227,4033.6259,1.8950,11.2984,0.5622,-3.0244,:227495442_0,-78.4906,-0.1037,100.0000,default,18,rsu(607m),4351,160229,0.1748,607,1.8523,4,6,-78.4906,-95.4803,direct,0.0500,42.8000,-82.6701
506.8,node[9],2,5388.3018,4033.7669,1.8950,11.3016,0.0322,-3.0217,:227495442_0,-88.5684,-5.0000,100.0000,default,18,rsu(606m),4352,160282,0.0180,606,1.8667,2,2,-88.5684,-105.5581,direct,0.0500,42.8000,-82.6897
506.9,node[9],2,5387.1898,4033.9068,1.8950,11.2131,-0.8851,-3.0191,:227495442_0,-81.6114,-2.9368,100.0000,default,18,rsu(605m),4353,160335,0.0489,605,1.8380,3,4,-81.6114,-98.6011,direct,0.0500,42.4000,-82.7142
507,node[9],2,5386.0676,4034.0480,1.8950,11.3155,1.0236,-3.0165,:227495442_0,-88.3334,-5.0000,100.0000,default,18,rsu(605m),4354,160389,0.0180,605,1.8767,2,2,-88.3334,-105.3231,direct,0.0500,42.4000,-82.7437
507.1,node[9],2,5384.9441,4034.1893,1.8950,11.3286,0.1314,-3.0165,:227495442_0,-80.1322,-1.5656,100.0000,default,18,rsu(604m),4355,160442,0.0926,604,1.8543,3,4,-80.1322,-97.1219,direct,0.0500,42.8000,-82.7779
507.2,node[9],2,5383.8226,4034.3303,1.8950,11.3085,-0.2016,-3.0165,:227495442_0,-79.0374,-0.3772,100.0000,default,18,rsu(603m),4356,160496,0.1560,603,1.8739,4,6,-79.0374,-96.0271,direct,0.0500,42.8000,-82.8161
507.3,node[9],2,5382.7055,4034.4708,1.8950,11.2648,-0.4362,-3.0165,:227495442_0,-84.1109,-5.0000,100.0000,default,18,rsu(602m),4357,160550,0.0180,602,1.8428,2,2,-84.1109,-101.1006,direct,0.0500,43.2000,-82.8582
507.4,node[9],2,5381.5934,4034.6107,1.8950,11.2133,-0.5154,-3.0165,:227495442_0,-77.4117,-3.2441,100.0000,default,18,rsu(601m),4358,160605,0.0422,601,1.8683,2,2,-77.4117,-94.4014,direct,0.0500,43.2000,-82.9036
507.5,node[9],2,5380.4775,4034.7511,1.8950,11.2523,0.3903,-3.0165,:227495442_0,-78.1866,-2.9630,100.0000,default,18,rsu(601m),4359,160661,0.0483,601,1.8352,3,4,-78.1866,-95.1763,direct,0.0500,44.4000,-82.9523
507.6,node[9],2,5379.3552,4034.8923,1.8950,11.3166,0.6433,-3.0165,:227495442_0,-78.6280,-0.9255,100.0000,default,18,rsu(600m),4360,160716,0.1232,600,1.8464,4,6,-78.6280,-95.6177,direct,0.0500,44.4000,-83.0040
507.7,node[9],2,5378.2381,4035.0328,1.8950,11.2635,-0.5311,-3.0165,:227495442_0,-84.7884,-5.0000,100.0000,default,19,rsu(599m),4361,160771,0.0180,599,1.8390,2,2,-84.7884,-101.7781,direct,0.1000,44.0000,-83.0129
507.8,node[9],2,5377.1166,4035.1738,1.8950,11.3089,0.4539,-3.0165,:227495442_0,-76.0750,-0.5076,100.0000,default,19,rsu(598m),4362,160824,0.1476,598,1.8552,4,6,-76.0750,-93.0647,direct,0.0500,44.0000,-83.0684
507.9,node[9],2,5375.9969,4035.3220,1.8950,11.2968,-0.1211,-3.0150,-21150044#1,-80.3757,-4.5171,100.0000,default,19,rsu(597m),4363,160878,0.0228,597,1.8278,2,2,-80.3757,-97.3654,direct,0.0500,42.8000,-83.1257
508,node[9],2,5374.8855,4035.4739,1.8950,11.2168,-0.7999,-3.0126,-21150044#1,-81.3981,-2.6580,100.0000,default,19,rsu(596m),4364,160933,0.0558,596,1.8516,3,4,-81.3981,-98.3878,direct,0.1000,42.8000,-83.1832
508.1,node[9],2,5373.7635,4035.6272,1.8950,11.3236,1.0682,-3.0102,-21150044#1,-86.7727,-5.0000,100.0000,default,19,rsu(596m),4365,160989,0.0180,596,1.8309,2,2,-86.7727,-103.7624,direct,0.1000,44.4000,-83.2426
508.2,node[9],2,5372.6463,4035.7799,1.8950,11.2757,-0.4791,-3.0078,-21150044#1,-86.3275,-5.0000,100.0000,default,19,rsu(595m),4366,161045,0.0180,595,1.8313,2,2,-86.3275,-103.3172,direct,0.0500,44.4000,-83.3029
508.3,node[9],2,5371.5283,4035.9327,1.8950,11.2830,0.0724,-3.0058,-21150044#1,-78.3464,0.9068,100.0000,default,19,rsu(594m),4367,161102,0.2599,594,1.8477,4,6,-78.3464,-95.3361,direct,0.1000,45.2000,-83.3629
508.4,node[9],2,5370.4136,4036.0851,1.8950,11.2500,-0.3297,-3.0058,-21150044#1,-81.8520,-5.0000,100.0000,default,19,rsu(593m),4368,161157,0.0180,593,1.8391,2,2,-81.8520,-98.8417,direct,0.1000,45.2000,-83.4233
508.5,node[9],2,5369.2972,4036.2376,1.8950,11.2674,0.1739,-3.0058,-21150044#1,-83.7832,-5.0000,100.0000,default,19,rsu(592m),4369,161211,0.0180,592,1.8686,2,2,-83.7832,-100.7729,direct,0.0500,43.6000,-83.4839
508.6,node[9],2,5368.1818,4036.3901,1.8950,11.2572,-0.1019,-3.0058,-21150044#1,-81.1748,-5.0000,100.0000,default,19,rsu(592m),4370,161266,0.0180,592,1.8662,2,2,-81.1748,-98.1645,direct,0.0500,43.6000,-83.5442
508.7,node[9],2,5367.0653,4036.5427,1.8950,11.2686,0.1141,-3.0058,-21150044#1,-81.9523,-4.1594,100.0000,default,19,rsu(591m),4371,161321,0.0271,591,1.8534,2,2,-81.9523,-98.9420,direct,0.0500,44.0000,-83.6041
508.8,node[9],2,5365.9543,4036.6945,1.8950,11.2122,-0.5640,-3.0058,-21150044#1,-92.0231,-5.0000,100.0000,default,19,rsu(590m),4372,161373,0.0180,590,1.8539,2,2,-92.0231,-109.0128,direct,0.0500,44.0000,-83.6631
508.9,node[9],2,5364.8441,4036.8463,1.8950,11.2051,-0.0708,-3.0058,-21150044#1,-79.7827,-1.7858,100.0000,default,19,rsu(589m),4373,161428,0.0837,589,1.8429,3,4,-79.7827,-96.7724,direct,0.1000,42.8000,-83.7196
509,node[9],2,5363.7270,4036.9989,1.8950,11.2750,0.6984,-3.0058,-21150044#1,-76.5536,0.2170,100.0000,default,19,rsu(588m),4374,161482,0.1992,588,1.8424,4,6,-76.5536,-93.5433,direct,0.0500,42.8000,-83.7770
509.1,node[9],2,5362.6116,4037.1514,1.8950,11.2564,-0.1859,-3.0058,-21150044#1,-84.4980,-5.0000,100.0000,default,19,rsu(587m),4375,161538,0.0180,587,1.8707,2,2,-84.4980,-101.4877,direct,0.1000,44.0000,-83.8327
509.2,node[9],2,5361.4870,4037.2298,1.8950,11.3185,0.6213,-3.0207,-21150044#1,-80.8314,-1.8324,100.0000,default,19,rsu(587m),4376,161593,0.0819,587,1.8555,3,4,-80.8314,-97.8211,direct,0.1000,44.0000,-83.8870
509.3,node[9],2,5360.3680,4037.1736,1.8950,11.2030,-1.1549,-3.0624,-21150044#1,-77.7800,-1.9834,100.0000,default,19,rsu(586m),4377,161647,0.0764,586,1.8563,3,4,-77.7800,-94.7697,direct,0.0500,43.6000,-83.9391
509.4,node[9],2,5359.2468,4037.1172,1.8950,11.2255,0.2244,-3.1042,-21150044#1,-78.8059,-1.2961,100.0000,default,19,rsu(585m),4378,161704,0.1045,585,1.8778,3,4,-78.8059,-95.7956,direct,0.1000,43.6000,-83.9897
509.5,node[9],2,5358.1212,4037.0607,1.8950,11.2698,0.4429,3.1369,-21150044#1,-81.3813,-2.8688,100.0000,default,19,rsu(585m),4379,161759,0.0505,585,1.8308,3,4,-81.3813,-98.3710,direct,0.0500,44.8000,-84.0401
509.6,node[9],2,5356.9996,4037.0044,1.8950,11.2299,-0.3983,3.0952,-21150044#1,-78.8896,-0.7679,100.0000,default,19,rsu(584m),4380,161816,0.1319,584,1.8766,4,6,-78.8896,-95.8793,direct,0.1000,44.8000,-84.0886
509.7,node[9],2,5355.8715,4036.9477,1.8950,11.2944,0.6448,3.0914,-21150044#1,-83.7594,-5.0000,100.0000,default,19,rsu(584m),4381,161870,0.0180,584,1.8300,2,2,-83.7594,-100.7491,direct,0.0500,44.4000,-84.1366
509.8,node[9],2,5354.7495,4036.8913,1.8950,11.2337,-0.6071,3.0914,-21150044#1,-80.1091,-5.0000,100.0000,default,19,rsu(583m),4382,161925,0.0180,583,1.8414,2,2,-80.1091,-97.0988,direct,0.1000,44.4000,-84.1828
509.9,node[9],2,5353.6246,4036.8348,1.8950,11.2633,0.2959,3.0914,-21150044#1,-82.8343,-5.0000,100.0000,default,19,rsu(582m),4383,161979,0.0180,582,1.8659,2,2,-82.8343,-99.8240,direct,0.1000,43.6000,-84.2282
510,node[9],2,5352.4948,4036.7781,1.8950,11.3111,0.4780,3.0914,-21150044#1,-82.6144,-5.0000,100.0000,default,19,rsu(582m),4384,162032,0.0180,582,1.8679,2,2,-82.6144,-99.6041,direct,0.1000,43.6000,-84.2723
510.1,node[9],2,5351.3752,4036.7219,1.8950,11.2104,-1.0069,3.0914,-21150044#1,-86.0516,-5.0000,100.0000,default,19,rsu(581m),4385,162087,0.0180,581,1.8445,2,2,-86.0516,-103.0413,direct,0.0500,43.2000,-84.3153
510.2,node[9],2,5350.2437,4036.6650,1.8950,11.3285,1.1805,3.0914,-21150044#1,-79.9255,-3.7717,100.0000,default,19,rsu(580m),4386,162140,0.0327,580,1.8683,2,2,-79.9255,-96.9152,direct,0.1000,43.2000,-84.3567
510.3,node[9],2,5349.1235,4036.6088,1.8950,11.2152,-1.1322,3.0914,-21150044#1,-80.5435,-2.3641,100.0000,default,19,rsu(580m),4387,162193,0.0640,580,1.8662,3,4,-80.5435,-97.5332,direct,0.0500,42.4000,-84.3974
510.4,node[9],2,5347.9948,4036.5521,1.8950,11.3011,0.8586,3.0914,-21150044#1,-84.0604,-5.0000,100.0000,default,19,rsu(579m),4388,162247,0.0180,579,1.8444,2,2,-84.0604,-101.0501,direct,0.0500,42.4000,-84.4371
510.5,node[9],2,5346.8675,4036.4954,1.8950,11.2869,-0.1416,3.0914,-21150044#1,-82.1245,-5.0000,100.0000,default,19,rsu(578m),4389,162299,0.0180,578,1.8566,2,2,-82.1245,-99.1142,direct,0.0500,42.4000,-84.4755
510.6,node[9],5,5345.7361,4036.4386,1.8950,11.3278,0.4086,3.0914,-21150044#1,-77.6873,0.8086,100.0000,default,18,rsu(578m),4390,162354,0.2505,578,1.8671,4,6,-77.6873,-94.6770,direct,0.1000,42.4000,-84.5175
510.7,node[9],5,5344.6077,4036.3819,1.8950,11.2980,-0.2983,3.0914,-21150044#1,-81.6920,-5.0000,100.0000,default,18,rsu(577m),4391,162409,0.0180,577,1.8677,2,2,-81.6920,-98.6817,direct,0.1000,44.0000,-84.5534
510.8,node[9],5,5343.4866,4036.3256,1.8950,11.2249,-0.7307,3.0914,-21150044#1,-81.2241,-2.7538,100.0000,default,18,rsu(577m),4392,162465,0.0533,577,1.8768,3,4,-81.2241,-98.2138,direct,0.1000,44.0000,-84.5882
510.9,node[9],5,5342.3637,4036.2692,1.8950,11.2427,0.1784,3.0914,-21150044#1,-82.6891,-5.0000,100.0000,default,18,rsu(576m),4393,162520,0.0180,576,1.8660,2,2,-82.6891,-99.6788,direct,0.1000,44.4000,-84.6217
511,node[9],5,5341.2673,4036.0252,1.8950,11.2623,0.1954,3.0535,-21150044#1,-79.2160,-1.4985,100.0000,default,18,rsu(575m),4394,162576,0.0954,575,1.8279,3,4,-79.2160,-96.2057,direct,0.1000,44.4000,-84.6540
511.1,node[9],5,5340.1712,4035.7432,1.8950,11.3179,0.5561,3.0078,-21150044#1,-76.7904,-0.4830,100.0000,default,18,rsu(575m),4395,162631,0.1491,575,1.8428,4,6,-76.7904,-93.7801,direct,0.0500,44.4000,-84.6857
511.2,node[9],5,5339.0808,4035.4626,1.8950,11.2582,-0.5967,2.9623,-21150044#1,-84.7511,-5.0000,100.0000,default,18,rsu(575m),4396,162683,0.0180,575,1.8408,2,2,-84.7511,-101.7408,direct,0.0500,44.4000,-84.7164
511.3,node[9],5,5337.9889,4035.1817,1.8950,11.2750,0.1676,2.9168,-21150044#1,-82.3926,-3.8762,100.0000,default,18,rsu(574m),4397,162738,0.0311,574,1.8519,2,2,-82.3926,-99.3823,direct,0.1000,42.8000,-84.7453
511.4,node[9],5,5336.8927,4034.8997,1.8950,11.3180,0.4305,2.8898,-21150044#1,-86.2155,-5.0000,100.0000,default,18,rsu(574m),4398,162792,0.0180,574,1.8316,2,2,-86.2155,-103.2052,direct,0.0500,42.8000,-84.7742
511.5,node[9],5,5335.8076,4034.6205,1.8950,11.2043,-1.1375,2.8898,-21150044#1,-72.0448,7.3275,100.0000,default,18,rsu(573m),4399,162847,0.8969,573,1.8292,8,14,-72.0448,-89.0345,direct,0.0500,43.6000,-84.8020
511.6,node[9],5,5334.7204,4034.3408,1.8950,11.2255,0.2125,2.8898,-21150044#1,-78.4507,-3.7033,100.0000,default,18,rsu(573m),4400,162903,0.0338,573,1.8652,2,2,-78.4507,-95.4404,direct,0.1000,43.6000,-84.8283
511.7,node[9],5,5333.6270,4034.0594,1.8950,11.2898,0.6431,2.8898,-21150044#1,-79.8845,-5.0000,100.0000,default,18,rsu(573m),4401,162958,0.0180,573,1.8706,2,2,-79.8845,-96.8742,direct,0.0500,44.4000,-84.8547
511.8,node[9],5,5332.5353,4033.7786,1.8950,11.2717,-0.1816,2.8898,-21150044#1,-82.1133,-5.0000,100.0000,default,18,rsu(572m),4402,163012,0.0180,572,1.8556,2,2,-82.1133,-99.1030,direct,0.1000,44.4000,-84.8796
511.9,node[9],5,5331.4475,4033.4987,1.8950,11.2322,-0.3945,2.8898,-21150044#1,-82.7025,-3.5127,100.0000,default,18,rsu(572m),4403,163066,0.0371,572,1.8454,2,2,-82.7025,-99.6922,direct,0.0500,43.2000,-84.9042
512,node[9],5,5330.3582,4033.2184,1.8950,11.2467,0.1445,2.8898,-21150044#1,-83.4320,-5.0000,100.0000,default,18,rsu(571m),4404,163121,0.0180,571,1.8772,2,2,-83.4320,-100.4217,direct,0.1000,43.2000,-84.9279
512.1,node[9],5,5329.2641,4032.9370,1.8950,11.2967,0.5005,2.8898,-21150044#1,-82.3437,-3.7639,100.0000,default,18,rsu(571m),4405,163176,0.0329,571,1.8443,2,2,-82.3437,-99.3334,direct,0.0500,44.0000,-84.9514
512.2,node[9],5,5328.1714,4032.6558,1.8950,11.2828,-0.1394,2.8898,-21150044#1,-83.6557,-4.9349,100.0000,default,18,rsu(571m),4406,163230,0.0186,571,1.8715,2,2,-83.6557,-100.6454,direct,0.0500,44.0000,-84.9742
512.3,node[9],5,5327.0771,4032.3743,1.8950,11.2986,0.1580,2.8898,-21150044#1,-86.3982,-5.0000,100.0000,default,18,rsu(570m),4407,163285,0.0180,570,1.8576,2,2,-86.3982,-103.3879,direct,0.0500,43.6000,-84.9964
512.4,node[9],5,5325.9896,4032.0945,1.8950,11.2293,-0.6925,2.8898,-21150044#1,-78.5850,0.3778,100.0000,default,18,rsu(570m),4408,163338,0.2123,570,1.8660,4,6,-78.5850,-95.5747,direct,0.0500,43.6000,-85.0183
512.5,node[9],5,5324.8984,4031.8137,1.8950,11.2664,0.3704,2.8898,-21150044#1,-77.9158,0.3061,100.0000,default,18,rsu(569m),4409,163391,0.2064,569,1.8444,4,6,-77.9158,-94.9055,direct,0.0500,42.4000,-85.0395
512.6,node[9],5,5323.8089,4031.5334,1.8950,11.2495,-0.1690,2.8898,-21150044#1,-73.1052,0.8174,100.0000,default,18,rsu(569m),4410,163448,0.2514,569,1.8386,4,6,-73.1052,-90.0949,direct,0.1000,42.4000,-85.0587
512.7,node[9],5,5322.7149,4031.2519,1.8950,11.2960,0.4656,2.8898,-21150044#1,-78.6889,-0.1472,100.0000,default,18,rsu(569m),4411,163502,0.1717,569,1.8748,4,6,-78.6889,-95.6786,direct,0.1000,44.4000,-85.0783
512.8,node[9],5,5321.6322,4030.9315,1.8950,11.3089,0.1287,2.8817,-21150044#1,-80.6514,-4.9710,100.0000,default,18,rsu(568m),4412,163557,0.0182,568,1.8292,2,2,-80.6514,-97.6411,direct,0.1000,44.4000,-85.0975
512.9,node[9],5,5320.5886,4030.5164,1.8950,11.2311,-0.7779,2.8532,-21150044#1,-81.2311,-3.3732,100.0000,default,18,rsu(568m),4413,163613,0.0397,568,1.8386,2,2,-81.2311,-98.2208,direct,0.1000,44.4000,-85.1162
513,node[9],5,5319.5388,4030.0988,1.8950,11.2976,0.6647,2.8245,-21150044#1,-77.6056,-0.6235,100.0000,default,18,rsu(568m),4414,163668,0.1404,568,1.8588,4,6,-77.6056,-94.5953,direct,0.1000,44.4000,-85.1345
513.1,node[9],5,5318.4959,4029.6839,1.8950,11.2238,-0.7376,2.7960,-21150044#1,-82.6415,-5.0000,100.0000,default,18,rsu(568m),4415,163724,0.0180,568,1.8393,2,2,-82.6415,-99.6312,direct,0.1000,44.4000,-85.1522
513.2,node[9],5,5317.4479,4029.2670,1.8950,11.2779,0.5407,2.7674,-21150044#1,-79.1455,-4.0286,100.0000,default,18,rsu(567m),4416,163780,0.0289,567,1.8565,2,2,-79.1455,-96.1352,direct,0.1000,44.4000,-85.1695
513.3,node[9],5,5316.3963,4028.8487,1.8950,11.3173,0.3941,2.7630,-21150044#1,-77.1735,-1.3138,100.0000,default,18,rsu(567m),4417,163836,0.1037,567,1.8521,3,4,-77.1735,-94.1632,direct,0.1000,44.8000,-85.1863
513.4,node[9],5,5315.3446,4028.4303,1.8950,11.3184,0.0108,2.7630,-21150044#1,-78.0588,0.8304,100.0000,default,18,rsu(567m),4418,163890,0.2526,567,1.8679,4,6,-78.0588,-95.0485,direct,0.1000,44.8000,-85.2026
513.5,node[9],5,5314.3016,4028.0154,1.8950,11.2241,-0.9432,2.7630,-21150044#1,-76.7515,2.5723,100.0000,default,18,rsu(567m),4419,163943,0.4467,567,1.8662,5,8,-76.7515,-93.7412,direct,0.1000,42.8000,-85.2184
513.6,node[9],5,5313.2602,4027.6012,1.8950,11.2070,-0.1705,2.7630,-21150044#1,-81.1462,-3.4622,100.0000,default,18,rsu(566m),4420,164000,0.0380,566,1.8450,2,2,-81.1462,-98.1359,direct,0.1000,42.8000,-85.2338
513.7,node[9],5,5312.2087,4027.1829,1.8950,11.3159,1.0883,2.7630,-21150044#1,-75.2447,-0.5763,100.0000,default,18,rsu(566m),4421,164054,0.1433,566,1.8308,4,6,-75.2447,-92.2344,direct,0.1000,44.4000,-85.2487
513.8,node[9],5,5311.1635,4026.7671,1.8950,11.2484,-0.6746,2.7630,-21150044#1,-79.2092,-1.0380,100.0000,default,18,rsu(566m),4422,164109,0.1172,566,1.8278,3,4,-79.2092,-96.1989,direct,0.1000,44.4000,-85.2632
513.9,node[9],5,5310.1125,4026.3490,1.8950,11.3110,0.6260,2.7630,-21150044#1,-80.4859,-1.9980,100.0000,default,18,rsu(566m),4423,164164,0.0759,566,1.8304,3,4,-80.4859,-97.4756,direct,0.1000,44.0000,-85.2773
514,node[9],5,5309.0610,4025.9307,1.8950,11.3152,0.0422,2.7630,-21150044#1,-81.3106,-5.0000,100.0000,default,18,rsu(565m),4424,164221,0.0180,565,1.8691,2,2,-81.3106,-98.3003,direct,0.1000,44.0000,-85.2910
514.1,node[9],5,5308.0128,4025.5137,1.8950,11.2810,-0.3421,2.7630,-21150044#1,-79.8101,-0.8742,100.0000,default,18,rsu(565m),4425,164278,0.1260,565,1.8319,4,6,-79.8101,-96.7998,direct,0.1000,45.6000,-85.3043
514.2,node[9],5,5306.9617,4025.0956,1.8950,11.3114,0.3039,2.7630,-21150044#1,-81.2118,-5.0000,100.0000,default,18,rsu(565m),4426,164334,0.0180,565,1.8504,2,2,-81.2118,-98.2015,direct,0.1000,45.6000,-85.3172
514.3,node[9],5,5305.9421,4024.6291,1.8950,11.2250,-0.8640,2.7517,-21150044#1,-82.3257,-5.0000,100.0000,default,18,rsu(565m),4427,164389,0.0180,565,1.8659,2,2,-82.3257,-99.3154,direct,0.1000,44.4000,-85.3298
514.4,node[9],5,5304.9413,4024.1155,1.8950,11.2482,0.2320,2.7302,-21150044#1,-87.0504,-5.0000,100.0000,default,18,rsu(565m),4428,164443,0.0180,565,1.8659,2,2,-87.0504,-104.0401,direct,0.1000,44.4000,-85.3421
514.5,node[9],5,5303.9345,4023.5988,1.8950,11.3165,0.6826,2.7085,-21150044#1,-80.8251,-4.0994,100.0000,default,18,rsu(565m),4429,164500,0.0279,565,1.8425,2,2,-80.8251,-97.8148,direct,0.1000,44.4000,-85.3542
514.6,node[9],5,5302.9308,4023.0837,1.8950,11.2810,-0.3548,2.6870,-21150044#1,-81.9042,-3.6277,100.0000,default,18,rsu(564m),4430,164558,0.0351,564,1.8657,2,2,-81.9042,-98.8939,direct,0.1000,44.4000,-85.3659
514.7,node[9],5,5301.9277,4022.5690,1.8950,11.2737,-0.0729,2.6675,-21150044#1,-77.9427,-0.4225,100.0000,default,18,rsu(564m),4431,164615,0.1530,564,1.8298,4,6,-77.9427,-94.9324,direct,0.1000,46.0000,-85.3772
514.8,node[9],5,5300.9212,4022.0524,1.8950,11.3127,0.3897,2.6675,-21150044#1,-84.5226,-5.0000,100.0000,default,18,rsu(564m),4432,164670,0.0180,564,1.8432,2,2,-84.5226,-101.5123,direct,0.1000,46.0000,-85.3883
514.9,node[9],5,5299.9230,4021.5402,1.8950,11.2190,-0.9368,2.6675,-21150044#1,-84.3685,-5.0000,100.0000,default,18,rsu(564m),4433,164728,0.0180,564,1.8319,2,2,-84.3685,-101.3582,direct,0.1000,45.2000,-85.3990
515,node[9],5,5298.9233,4021.0271,1.8950,11.2365,0.1755,2.6675,-21150044#1,-78.6362,0.3020,100.0000,default,18,rsu(564m),4434,164786,0.2060,564,1.8700,4,6,-78.6362,-95.6259,direct,0.1000,45.2000,-85.4094
515.1,node[9],5,5297.9221,4020.5133,1.8950,11.2530,0.1649,2.6675,-21150044#1,-87.1277,-5.0000,100.0000,default,18,rsu(564m),4435,164845,0.0180,564,1.8289,2,2,-87.1277,-104.1174,direct,0.1000,46.8000,-85.4195
515.2,node[9],5,5296.9149,4019.9965,1.8950,11.3201,0.6711,2.6675,-21150044#1,-83.7479,-5.0000,100.0000,default,18,rsu(564m),4436,164903,0.0180,564,1.8659,2,2,-83.7479,-100.7376,direct,0.1000,46.8000,-85.4291
515.3,node[9],5,5295.9109,4019.4812,1.8950,11.2843,-0.3583,2.6675,-21150044#1,-79.1714,-2.7617,100.0000,default,18,rsu(564m),4437,164959,0.0531,564,1.8660,3,4,-79.1714,-96.1611,direct,0.1000,45.6000,-85.4384
515.4,node[9],5,5294.9121,4018.9686,1.8950,11.2267,-0.5760,2.6675,-21150044#1,-81.5014,-5.0000,100.0000,default,18,rsu(564m),4438,165015,0.0180,564,1.8652,2,2,-81.5014,-98.4911,direct,0.1000,45.6000,-85.4472
515.5,node[9],5,5293.9054,4018.4520,1.8950,11.3150,0.8827,2.6675,-21150044#1,-86.7036,-5.0000,100.0000,default,18,rsu(564m),4439,165071,0.0180,564,1.8309,2,2,-86.7036,-103.6933,direct,0.1000,44.8000,-85.4558
515.6,node[9],5,5292.9056,4017.9389,1.8950,11.2367,-0.7826,2.6675,-21150044#1,-85.3507,-5.0000,100.0000,default,17,rsu(564m),4440,165129,0.0180,564,1.8541,2,2,-85.3507,-102.3404,direct,0.1000,44.8000,-85.5429
515.7,node[9],5,5291.9063,4017.4261,1.8950,11.2320,-0.0470,2.6675,-21150044#1,-77.4529,0.9011,100.0000,default,17,rsu(563m),4441,165185,0.2593,563,1.8546,4,6,-77.4529,-94.4426,direct,0.1000,45.6000,-85.5509
515.8,node[9],5,5290.9043,4016.9119,1.8950,11.2615,0.2953,2.6675,-21150044#1,-79.7550,-0.8732,100.0000,default,17,rsu(563m),4442,165241,0.1260,563,1.8281,4,6,-79.7550,-96.7447,direct,0.1000,45.6000,-85.5586
515.9,node[9],5,5289.9039,4016.3985,1.8950,11.2442,-0.1731,2.6675,-21150044#1,-80.6534,-5.0000,100.0000,default,17,rsu(563m),4443,165297,0.0180,563,1.8506,2,2,-80.6534,-97.6431,direct,0.1000,44.8000,-85.5660
516,node[9],5,5288.8993,4015.8829,1.8950,11.2914,0.4714,2.6675,-21150044#1,-79.2544,-0.0533,100.0000,default,17,rsu(563m),4444,165353,0.1785,563,1.8540,4,6,-79.2544,-96.2441,direct,0.1000,44.8000,-85.5732
516.1,node[9],5,5287.8996,4015.3699,1.8950,11.2354,-0.5594,2.6675,-21150044#1,-83.5722,-4.1989,100.0000,default,17,rsu(563m),4445,165409,0.0266,563,1.8660,2,2,-83.5722,-100.5619,direct,0.1000,44.8000,-85.5806
516.2,node[9],5,5286.8923,4014.8530,1.8950,11.3219,0.8648,2.6675,-21150044#1,-80.3225,-1.1122,100.0000,default,17,rsu(563m),4446,165465,0.1134,563,1.8386,3,4,-80.3225,-97.3122,direct,0.1000,44.8000,-85.5877
516.3,node[9],5,5285.8916,4014.3394,1.8950,11.2475,-0.7436,2.6675,-21150044#1,-80.1860,-5.0000,100.0000,default,17,rsu(563m),4447,165521,0.0180,563,1.8393,2,2,-80.1860,-97.1757,direct,0.1000,44.8000,-85.5947
516.4,node[9],5,5284.8897,4013.8252,1.8950,11.2607,0.1317,2.6675,-21150044#1,-84.5319,-5.0000,100.0000,default,17,rsu(563m),4448,165577,0.0180,563,1.8458,2,2,-84.5319,-101.5216,direct,0.1000,44.8000,-85.6012
516.5,node[9],5,5283.9035,4013.2930,1.8950,11.2066,-0.5407,2.6628,-21150044#1,-80.1571,-1.7165,100.0000,default,17,rsu(563m),4449,165632,0.0864,563,1.8659,3,4,-80.1571,-97.1468,direct,0.1000,44.4000,-85.6076
516.6,node[9],5,5282.9178,4012.7603,1.8950,11.2038,-0.0282,2.6580,-21150044#1,-79.6291,-0.8981,100.0000,default,17,rsu(563m),4450,165690,0.1247,563,1.8661,4,6,-79.6291,-96.6188,direct,0.1000,44.4000,-85.6137
516.7,node[9],5,5281.9219,4012.2220,1.8950,11.3197,1.1588,2.6532,-21150044#1,-81.0619,-3.9654,100.0000,default,17,rsu(563m),4451,165746,0.0298,563,1.8412,2,2,-81.0619,-98.0516,direct,0.1000,45.6000,-85.6196
516.8,node[9],5,5280.9343,4011.6882,1.8950,11.2260,-0.9376,2.6484,-21150044#1,-83.4538,-5.0000,100.0000,default,17,rsu(563m),4452,165806,0.0180,563,1.8666,2,2,-83.4538,-100.4435,direct,0.1000,45.6000,-85.6252
516.9,node[9],5,5279.9402,4011.1510,1.8950,11.2992,0.7325,2.6461,-21150044#1,-77.6715,1.5675,100.0000,default,17,rsu(563m),4453,165861,0.3282,563,1.8359,5,8,-77.6715,-94.6612,direct,0.1000,46.0000,-85.6306
517,node[9],5,5278.9521,4010.6169,1.8950,11.2316,-0.6758,2.6461,-21150044#1,-82.9888,-4.4613,100.0000,default,17,rsu(563m),4454,165918,0.0234,563,1.8665,2,2,-82.9888,-99.9785,direct,0.1000,46.0000,-85.6358
517.1,node[9],5,5277.9562,4010.0786,1.8950,11.3201,0.8850,2.6461,-21150044#1,-89.4731,-5.0000,100.0000,default,17,rsu(563m),4455,165976,0.0180,563,1.8329,2,2,-89.4731,-106.4628,direct,0.1000,46.0000,-85.6407
517.2,node[9],5,5276.9653,4009.5431,1.8950,11.2630,-0.5717,2.6461,-21150044#1,-85.3513,-5.0000,100.0000,default,17,rsu(563m),4456,166032,0.0180,563,1.8682,2,2,-85.3513,-102.3410,direct,0.1000,46.0000,-85.6454
517.3,node[9],5,5275.9706,4009.0054,1.8950,11.3074,0.4441,2.6461,-21150044#1,-76.3098,2.9409,100.0000,default,17,rsu(563m),4457,166091,0.4926,563,1.8662,5,8,-76.3098,-93.2995,direct,0.1000,46.0000,-85.6500
517.4,node[9],5,5274.9826,4008.4714,1.8950,11.2302,-0.7717,2.6461,-21150044#1,-74.2393,2.4295,100.0000,default,17,rsu(563m),4458,166148,0.4292,563,1.8582,5,8,-74.2393,-91.2290,direct,0.1000,46.0000,-85.6543
517.5,node[9],5,5273.9969,4007.9387,1.8950,11.2043,-0.2592,2.6461,-21150044#1,-79.3764,-0.9704,100.0000,default,17,rsu(563m),4459,166206,0.1208,563,1.8315,4,6,-79.3764,-96.3661,direct,0.1000,46.0000,-85.6585
517.6,node[9],5,5273.0104,4007.4055,1.8950,11.2124,0.0813,2.6461,-21150044#1,-75.9114,2.8532,100.0000,default,17,rsu(563m),4460,166263,0.4817,563,1.8699,5,8,-75.9114,-92.9011,direct,0.1000,46.0000,-85.6623
517.7,node[9],5,5272.0161,4006.8681,1.8950,11.3025,0.9012,2.6461,-21150044#1,-80.9815,-1.8489,100.0000,default,17,rsu(563m),4461,166321,0.0813,563,1.8686,3,4,-80.9815,-97.9712,direct,0.1000,46.0000,-85.6661
517.8,node[9],5,5271.0205,4006.3300,1.8950,11.3163,0.1374,2.6461,-21150044#1,-86.0154,-5.0000,100.0000,default,17,rsu(563m),4462,166379,0.0180,563,1.8578,2,2,-86.0154,-103.0051,direct,0.1000,46.0000,-85.6697
517.9,node[9],5,5270.0266,4005.7928,1.8950,11.2979,-0.1840,2.6461,-21150044#1,-96.0279,-5.0000,100.0000,default,17,rsu(563m),4463,166435,0.0180,563,1.8318,2,2,-96.0279,-113.0176,direct,0.1000,45.6000,-85.6731
518,node[9],5,5269.0356,4005.2572,1.8950,11.2638,-0.3412,2.6461,-21150044#1,-77.1276,-2.4649,100.0000,default,17,rsu(563m),4464,166490,0.0611,563,1.8374,3,4,-77.1276,-94.1173,direct,0.1000,45.6000,-85.6764
518.1,node[9],5,5268.0411,4004.7197,1.8950,11.3042,0.4046,2.6461,-21150044#1,-91.1258,-5.0000,100.0000,default,17,rsu(563m),4465,166546,0.0180,563,1.8668,2,2,-91.1258,-108.1155,direct,0.1000,44.4000,-85.6794
518.2,node[9],5,5267.0544,4004.1864,1.8950,11.2162,-0.8805,2.6461,-21150044#1,-83.3112,-5.0000,100.0000,default,17,rsu(563m),4466,166603,0.0180,563,1.8644,2,2,-83.3112,-100.3009,direct,0.1000,44.4000,-85.6823
518.3,node[9],5,5266.0635,4003.6508,1.8950,11.2629,0.4669,2.6461,-21150044#1,-84.8097,-5.0000,100.0000,default,17,rsu(563m),4467,166660,0.0180,563,1.8358,2,2,-84.8097,-101.7994,direct,0.1000,45.6000,-85.6850
518.4,node[9],5,5265.0685,4003.1131,1.8950,11.3096,0.4671,2.6461,-21150044#1,-92.3635,-5.0000,100.0000,default,17,rsu(563m),4468,166718,0.0180,563,1.8428,2,2,-92.3635,-109.3532,direct,0.1000,45.6000,-85.6876
518.5,node[9],5,5264.0767,4002.5770,1.8950,11.2733,-0.3627,2.6461,-21150044#1,-85.3852,-5.0000,100.0000,default,17,rsu(563m),4469,166776,0.0180,563,1.8708,2,2,-85.3852,-102.3749,direct,0.1000,46.4000,-85.6900
518.6,node[9],5,5263.0890,4002.0432,1.8950,11.2268,-0.4650,2.6461,-21150044#1,-76.3637,1.9344,100.0000,default,17,rsu(563m),4470,166831,0.3699,563,1.8279,5,8,-76.3637,-93.3534,direct,0.1000,46.4000,-85.6922
518.7,node[9],5,5262.0980,4001.5075,1.8950,11.2648,0.3801,2.6461,-21150044#1,-89.8871,-5.0000,100.0000,default,17,rsu(563m),4471,166889,0.0180,563,1.8304,2,2,-89.8871,-106.8768,direct,0.1000,45.2000,-85.6943
518.8,node[9],5,5261.1033,4000.9699,1.8950,11.3068,0.4198,2.6461,-21150044#1,-82.7783,-5.0000,100.0000,default,17,rsu(563m),4472,166945,0.0180,563,1.8655,2,2,-82.7783,-99.7680,direct,0.1000,45.2000,-85.6962
518.9,node[9],5,5260.1069,4000.4314,1.8950,11.3250,0.1818,2.6461,-21150044#1,-91.9705,-5.0000,100.0000,default,17,rsu(563m),4473,167002,0.0180,563,1.8652,2,2,-91.9705,-108.9602,direct,0.1000,45.2000,-85.6981
519,node[9],5,5259.1155,3999.8956,1.8950,11.2690,-0.5602,2.6461,-21150044#1,-83.5217,-5.0000,100.0000,default,17,rsu(563m),4474,167058,0.0180,563,1.8660,2,2,-83.5217,-100.5114,direct,0.1000,45.2000,-85.6999
519.1,node[9],5,5258.1240,3999.3597,1.8950,11.2709,0.0196,2.6461,-21150044#1,-77.8715,-3.1105,100.0000,default,17,rsu(563m),4475,167116,0.0450,563,1.8277,2,2,-77.8715,-94.8612,direct,0.1000,45.6000,-85.7015
519.2,node[9],5,5257.1326,3998.8238,1.8950,11.2688,-0.0212,2.6461,-21150044#1,-75.5210,1.3402,100.0000,default,17,rsu(563m),4476,167172,0.3037,563,1.8444,5,8,-75.5210,-92.5107,direct,0.1000,45.6000,-85.7028
519.3,node[9],5,5256.1385,3998.2865,1.8950,11.2996,0.3082,2.6461,-21150044#1,-78.5474,-0.5481,100.0000,default,17,rsu(563m),4477,167227,0.1450,563,1.8664,4,6,-78.5474,-95.5371,direct,0.1000,44.4000,-85.7042
519.4,node[9],5,5255.1495,3997.7520,1.8950,11.2417,-0.5789,2.6461,-21150044#1,-81.3339,-3.1934,100.0000,default,17,rsu(563m),4478,167284,0.0432,563,1.8443,2,2,-81.3339,-98.3236,direct,0.1000,44.4000,-85.7052
519.5,node[9],5,5254.1543,3997.2141,1.8950,11.3116,0.6990,2.6461,-21150044#1,-84.3063,-5.0000,100.0000,default,17,rsu(563m),4479,167341,0.0180,563,1.8331,2,2,-84.3063,-101.2960,direct,0.1000,45.6000,-85.7060
519.6,node[9],5,5253.1586,3996.6759,1.8950,11.3183,0.0672,2.6461,-21150044#1,-82.8046,-3.4468,100.0000,default,17,rsu(563m),4480,167396,0.0383,563,1.8662,2,2,-82.8046,-99.7943,direct,0.1000,45.6000,-85.7067
519.7,node[9],5,5252.1649,3996.1389,1.8950,11.2943,-0.2404,2.6461,-21150044#1,-78.9049,-3.4021,100.0000,default,17,rsu(563m),4481,167452,0.0391,563,1.8473,2,2,-78.9049,-95.8946,direct,0.1000,44.4000,-85.7073
519.8,node[9],5,5251.1699,3995.6011,1.8950,11.3103,0.1599,2.6461,-21150044#1,-85.4882,-5.0000,100.0000,default,17,rsu(563m),4482,167509,0.0180,563,1.8515,2,2,-85.4882,-102.4779,direct,0.1000,44.4000,-85.7075
519.9,node[9],5,5250.1805,3995.0664,1.8950,11.2460,-0.6426,2.6461,-21150044#1,-92.4388,-5.0000,100.0000,default,17,rsu(563m),4483,167564,0.0180,563,1.8407,2,2,-92.4388,-109.4285,direct,0.1000,44.8000,-85.7077
520,node[9],5,5249.1942,3994.5333,1.8950,11.2108,-0.3524,2.6461,-21150044#1,-83.3826,-4.9579,100.0000,default,17,rsu(563m),4484,167621,0.0184,563,1.8584,2,2,-83.3826,-100.3723,direct,0.1000,44.8000,-85.7079
520.1,node[9],5,5248.2056,3993.9990,1.8950,11.2370,0.2620,2.6461,-21150044#1,-80.2688,-0.9186,100.0000,default,17,rsu(563m),4485,167677,0.1235,563,1.8467,4,6,-80.2688,-97.2585,direct,0.1000,45.2000,-85.7079
520.2,node[9],5,5247.2144,3993.4632,1.8950,11.2666,0.2963,2.6461,-21150044#1,-81.8966,-3.9948,100.0000,default,17,rsu(563m),4486,167733,0.0294,563,1.8326,2,2,-81.8966,-98.8863,direct,0.1000,45.2000,-85.7079
520.3,node[9],5,5246.2196,3992.9256,1.8950,11.3081,0.4144,2.6461,-21150044#1,-76.0875,0.2055,100.0000,default,18,rsu(563m),4487,167791,0.1982,563,1.8704,4,6,-76.0875,-93.0772,direct,0.1000,45.6000,-85.6243
520.4,node[9],5,5245.2259,3992.3885,1.8950,11.2948,-0.1331,2.6461,-21150044#1,-84.2629,-5.0000,100.0000,default,18,rsu(563m),4488,167847,0.0180,563,1.8429,2,2,-84.2629,-101.2526,direct,0.1000,45.6000,-85.6242
520.5,node[9],5,5244.2399,3991.8556,1.8950,11.2075,-0.8725,2.6461,-21150044#1,-79.7859,-2.1334,100.0000,default,18,rsu(563m),4489,167903,0.0713,563,1.8657,3,4,-79.7859,-96.7756,direct,0.1000,44.8000,-85.6241
520.6,node[9],5,5243.2477,3991.3193,1.8950,11.2781,0.7060,2.6461,-21150044#1,-86.3496,-5.0000,100.0000,default,18,rsu(563m),4490,167961,0.0180,563,1.8668,2,2,-86.3496,-103.3393,direct,0.1000,44.8000,-85.6242
520.7,node[9],5,5242.2528,3990.7816,1.8950,11.3085,0.3040,2.6461,-21150044#1,-84.2441,-5.0000,100.0000,default,18,rsu(563m),4491,168018,0.0180,563,1.8443,2,2,-84.2441,-101.2338,direct,0.1000,46.0000,-85.6242
520.8,node[9],5,5241.2642,3990.2472,1.8950,11.2376,-0.7089,2.6461,-21150044#1,-78.5450,-3.8549,100.0000,default,18,rsu(563m),4492,168074,0.0314,563,1.8310,2,2,-78.5450,-95.5347,direct,0.1000,46.0000,-85.6241
520.9,node[9],5,5240.2693,3989.7096,1.8950,11.3080,0.7035,2.6461,-21150044#1,-78.8810,-0.6309,100.0000,default,18,rsu(564m),4493,168131,0.1400,564,1.8426,4,6,-78.8810,-95.8707,direct,0.1000,45.2000,-85.6241
521,node[9],5,5239.2825,3989.1762,1.8950,11.2172,-0.9081,2.6461,-21150044#1,-79.7364,-3.7063,100.0000,default,18,rsu(564m),4494,168188,0.0338,564,1.8671,2,2,-79.7364,-96.7261,direct,0.1000,45.2000,-85.6241
521.1,node[9],5,5238.2934,3988.6416,1.8950,11.2423,0.2513,2.6461,-21150044#1,-79.6391,-1.6160,100.0000,default,18,rsu(564m),4495,168245,0.0905,564,1.8777,3,4,-79.6391,-96.6288,direct,0.1000,45.6000,-85.6241
521.2,node[9],5,5237.3015,3988.1055,1.8950,11.2752,0.3288,2.6461,-21150044#1,-87.2782,-5.0000,100.0000,default,18,rsu(564m),4496,168303,0.0180,564,1.8689,2,2,-87.2782,-104.2679,direct,0.1000,45.6000,-85.6241
521.3,node[9],5,5236.3107,3987.5700,1.8950,11.2617,-0.1352,2.6461,-21150044#1,-84.6056,-5.0000,100.0000,default,18,rsu(564m),4497,168361,0.0180,564,1.8655,2,2,-84.6056,-101.5953,direct,0.1000,46.4000,-85.6242
521.4,node[9],5,5235.3188,3987.0339,1.8950,11.2755,0.1381,2.6461,-21150044#1,-83.7624,-5.0000,100.0000,default,18,rsu(564m),4498,168418,0.0180,564,1.8689,2,2,-83.7624,-100.7521,direct,0.1000,46.4000,-85.6242
521.5,node[9],5,5234.3233,3986.4958,1.8950,11.3147,0.3919,2.6461,-21150044#1,-74.5729,0.5778,100.0000,default,18,rsu(564m),4499,168476,0.2295,564,1.8666,4,6,-74.5729,-91.5626,direct,0.1000,46.0000,-85.6242
521.6,node[9],5,5233.3360,3985.9622,1.8950,11.2231,-0.9159,2.6461,-21150044#1,-77.6581,-1.7743,100.0000,default,18,rsu(564m),4500,168533,0.0842,564,1.8570,3,4,-77.6581,-94.6478,direct,0.1000,46.0000,-85.6242
521.7,node[9],5,5232.3498,3985.4292,1.8950,11.2100,-0.1303,2.6461,-21150044#1,-79.2954,-3.8488,100.0000,default,18,rsu(564m),4501,168590,0.0315,564,1.8313,2,2,-79.2954,-96.2851,direct,0.1000,45.6000,-85.6240
521.8,node[9],5,5231.3549,3984.8915,1.8950,11.3077,0.9768,2.6461,-21150044#1,-79.1360,-0.8313,100.0000,default,18,rsu(564m),4502,168647,0.1283,564,1.8280,4,6,-79.1360,-96.1257,direct,0.1000,45.6000,-85.6239
521.9,node[9],5,5230.3618,3984.3547,1.8950,11.2891,-0.1864,2.6461,-21150044#1,-80.0645,-5.0000,100.0000,default,18,rsu(564m),4503,168705,0.0180,564,1.8325,2,2,-80.0645,-97.0542,direct,0.1000,46.0000,-85.6236
522,node[9],5,5229.3682,3983.8177,1.8950,11.2936,0.0453,2.6461,-21150044#1,-79.6777,-5.0000,100.0000,default,18,rsu(564m),4504,168763,0.0180,564,1.8278,2,2,-79.6777,-96.6674,direct,0.1000,46.0000,-85.6235
522.1,node[9],5,5228.3814,3983.2843,1.8950,11.2167,-0.7693,2.6461,-21150044#1,-73.4463,5.5753,100.0000,default,18,rsu(564m),4505,168821,0.7837,564,1.8450,7,12,-73.4463,-90.4360,direct,0.1000,46.4000,-85.6233
522.2,node[9],5,5227.3934,3982.7503,1.8950,11.2301,0.1342,2.6461,-21150044#1,-77.1471,-1.2294,100.0000,default,18,rsu(565m),4506,168878,0.1077,565,1.8476,3,4,-77.1471,-94.1368,direct,0.1000,46.4000,-85.6230
522.3,node[9],2,5226.4036,3982.2154,1.8950,11.2511,0.2097,2.6461,-21150044#1,-85.5701,-5.0000,100.0000,default,19,rsu(565m),4507,168934,0.0180,565,1.8562,2,2,-85.5701,-102.5598,direct,0.1000,45.2000,-85.6150
522.4,node[9],2,5225.4171,3981.6822,1.8950,11.2137,-0.3739,2.6461,-21150044#1,-79.5422,-0.1790,100.0000,default,19,rsu(565m),4508,168992,0.1695,565,1.8453,4,6,-79.5422,-96.5319,direct,0.1000,45.2000,-85.6147
522.5,node[9],2,5224.4218,3981.1442,1.8950,11.3132,0.9951,2.6461,-21150044#1,-80.8156,-1.7555,100.0000,default,19,rsu(565m),4509,169051,0.0849,565,1.8410,3,4,-80.8156,-97.8053,direct,0.1000,46.8000,-85.6145
522.6,node[9],2,5223.4299,3980.6082,1.8950,11.2738,-0.3934,2.6461,-21150044#1,-87.5064,-5.0000,100.0000,default,19,rsu(565m),4510,169108,0.0180,565,1.8290,2,2,-87.5064,-104.4961,direct,0.1000,46.8000,-85.6142
522.7,node[9],2,5222.4430,3980.0747,1.8950,11.2182,-0.5569,2.6461,-21150044#1,-79.9942,-4.5460,100.0000,default,19,rsu(565m),4511,169167,0.0225,565,1.8706,2,2,-79.9942,-96.9839,direct,0.1000,46.4000,-85.6138
522.8,node[9],2,5221.4560,3979.5413,1.8950,11.2193,0.0119,2.6461,-21150044#1,-79.5817,-0.3815,100.0000,default,19,rsu(565m),4512,169226,0.1557,565,1.8661,4,6,-79.5817,-96.5714,direct,0.1000,46.4000,-85.6135
522.9,node[9],2,5220.4658,3979.0061,1.8950,11.2552,0.3589,2.6461,-21150044#1,-85.6143,-5.0000,100.0000,default,19,rsu(565m),4513,169284,0.0180,565,1.8656,2,2,-85.6143,-102.6040,direct,0.1000,46.8000,-85.6132
523,node[9],2,5219.5029,3978.4857,1.8950,10.9447,-3.1051,2.6461,-21150044#1,-77.1948,1.7725,100.0000,default,19,rsu(565m),4514,169343,0.3512,565,1.8553,5,8,-77.1948,-94.1845,direct,0.1000,46.8000,-85.6128
523.1,node[9],2,5218.5796,3977.9866,1.8950,10.4947,-4.5000,2.6461,-21150044#1,-77.6739,-0.3220,100.0000,default,19,rsu(565m),4515,169402,0.1596,565,1.8659,4,6,-77.6739,-94.6636,direct,0.1000,47.2000,-85.6123
523.2,node[9],2,5217.6959,3977.5090,1.8950,10.0447,-4.5000,2.6461,-21150044#1,-80.4312,-1.7717,100.0000,default,19,rsu(566m),4516,169460,0.0843,566,1.8656,3,4,-80.4312,-97.4209,direct,0.1000,47.2000,-85.6117
523.3,node[9],2,5216.8518,3977.0528,1.8950,9.5947,-4.5000,2.6461,-21150044#1,-84.1580,-5.0000,100.0000,default,19,rsu(566m),4517,169519,0.0180,566,1.8323,2,2,-84.1580,-101.1477,direct,0.1000,46.8000,-85.6110
523.4,node[9],2,5216.0444,3976.6164,1.8950,9.1770,-4.1771,2.6461,-21150044#1,-78.8106,-4.8788,100.0000,default,19,rsu(566m),4518,169578,0.0191,566,1.8551,2,2,-78.8106,-95.8003,direct,0.1000,46.8000,-85.6102
523.5,node[9],2,5215.2761,3976.2012,1.8950,8.7329,-4.4407,2.6461,-21150044#1,-85.4087,-5.0000,100.0000,default,19,rsu(566m),4519,169638,0.0180,566,1.8663,2,2,-85.4087,-102.3984,direct,0.1000,47.6000,-85.6093
523.6,node[9],2,5214.5474,3975.8073,1.8950,8.2829,-4.5000,2.6461,-21150044#1,-75.9933,2.9225,100.0000,default,19,rsu(566m),4520,169696,0.4903,566,1.8360,5,8,-75.9933,-92.9830,direct,0.1000,47.6000,-85.6083
523.7,node[9],2,5213.8581,3975.4348,1.8950,7.8350,-4.4798,2.6461,-21150044#1,-76.6839,0.4969,100.0000,default,19,rsu(566m),4521,169752,0.2224,566,1.8562,4,6,-76.6839,-93.6736,direct,0.1000,45.6000,-85.6073
523.8,node[9],2,5213.2084,3975.0836,1.8950,7.3850,-4.5000,2.6461,-21150044#1,-96.2350,-5.0000,100.0000,default,19,rsu(566m),4522,169810,0.0180,566,1.8386,2,2,-96.2350,-113.2247,direct,0.1000,45.6000,-85.6062
523.9,node[9],2,5212.5983,3974.7539,1.8950,6.9350,-4.5000,2.6461,-21150044#1,-82.7127,-3.3709,100.0000,default,19,rsu(566m),4523,169867,0.0397,566,1.8310,2,2,-82.7127,-99.7024,direct,0.1000,46.0000,-85.6049
524,node[9],2,5212.0278,3974.4455,1.8950,6.4850,-4.5000,2.6461,-21150044#1,-78.6986,-2.2887,100.0000,default,19,rsu(566m),4524,169924,0.0663,566,1.8313,3,4,-78.6986,-95.6883,direct,0.1000,46.0000,-85.6037
524.1,node[9],2,5211.4969,3974.1586,1.8950,6.0350,-4.5000,2.6461,-21150044#1,-85.5717,-5.0000,100.0000,default,19,rsu(566m),4525,169982,0.0180,566,1.8316,2,2,-85.5717,-102.5614,direct,0.1000,46.0000,-85.6024
524.2,node[9],2,5211.0008,3973.8904,1.8950,5.6391,-3.9586,2.6461,-21150044#1,-74.2047,4.8477,100.0000,default,19,rsu(566m),4526,170039,0.7158,566,1.8298,6,10,-74.2047,-91.1944,direct,0.1000,46.0000,-85.6010
524.3,node[9],2,5210.5659,3973.5672,1.8950,5.4230,-2.1607,2.6305,:227495435_4,-78.0914,-2.0448,100.0000,default,19,rsu(566m),4527,170098,0.0743,566,1.8450,3,4,-78.0914,-95.0811,direct,0.1000,46.4000,-85.5995
524.4,node[9],2,5210.1320,3973.2445,1.8950,5.4119,-0.1111,2.6150,:227495435_4,-78.0191,0.4815,100.0000,default,19,rsu(567m),4528,170157,0.2211,567,1.8666,4,6,-78.0191,-95.0088,direct,0.1000,46.4000,-85.5981
524.5,node[9],2,5209.6970,3972.9210,1.8950,5.4256,0.1372,2.5994,:227495435_4,-80.8133,-1.5799,100.0000,default,19,rsu(567m),4529,170216,0.0920,567,1.8574,3,4,-80.8133,-97.8030,direct,0.1000,47.2000,-85.5966
524.6,node[9],2,5209.2607,3972.5964,1.8950,5.4430,0.1736,2.5837,:227495435_4,-78.3652,-1.0712,100.0000,default,19,rsu(567m),4530,170274,0.1155,567,1.8329,3,4,-78.3652,-95.3549,direct,0.1000,47.2000,-85.5951
524.7,node[9],2,5208.8907,3972.2100,1.8950,5.4577,0.1474,2.5502,:227495435_4,-81.6708,-5.0000,100.0000,default,19,rsu(567m),4531,170332,0.0180,567,1.8658,2,2,-81.6708,-98.6605,direct,0.1000,46.4000,-85.5936
524.8,node[9],2,5208.6138,3971.7459,1.8950,5.4088,-0.4893,2.4927,:227495435_4,-80.2825,-3.0630,100.0000,default,19,rsu(567m),4532,170391,0.0460,567,1.8660,2,2,-80.2825,-97.2722,direct,0.1000,46.4000,-85.5920
524.9,node[9],2,5208.3334,3971.2759,1.8950,5.4776,0.6876,2.4337,:227495435_4,-78.4280,-4.2658,100.0000,default,19,rsu(568m),4533,170449,0.0258,568,1.8291,2,2,-78.4280,-95.4177,direct,0.1000,46.8000,-85.5905
525,node[9],2,5208.0575,3970.8134,1.8950,5.3904,-0.8714,2.3752,:227495435_4,-80.1121,-4.6957,100.0000,default,19,rsu(568m),4534,170508,0.0209,568,1.8661,2,2,-80.1121,-97.1018,direct,0.1000,46.8000,-85.5889
525.1,node[9],2,5207.9443,3970.2939,1.8950,5.4710,0.8060,2.2834,:227495435_4,-82.4067,-3.4007,100.0000,default,20,rsu(569m),4535,170568,0.0392,569,1.8582,2,2,-82.4067,-99.3964,direct,0.1000,47.6000,-85.5071
525.2,node[9],2,5207.9201,3969.7467,1.8950,5.4825,0.1147,2.1834,:227495435_4,-75.4717,-1.7159,100.0000,default,20,rsu(569m),4536,170626,0.0864,569,1.8523,3,4,-75.4717,-92.4614,direct,0.1000,47.6000,-85.5048
525.3,node[9],2,5207.8961,3969.2015,1.8950,5.4614,-0.2106,2.0846,:227495435_4,-88.9406,-5.0000,100.0000,default,20,rsu(570m),4537,170686,0.0180,570,1.8664,2,2,-88.9406,-105.9303,direct,0.1000,47.2000,-85.5024
525.4,node[9],2,5207.8720,3968.6561,1.8950,5.4643,0.0290,1.9852,:227495435_4,-81.2315,-3.9900,100.0000,default,20,rsu(570m),4538,170744,0.0295,570,1.8573,2,2,-81.2315,-98.2212,direct,0.1000,47.2000,-85.5004
525.5,node[9],2,5208.0398,3968.1465,1.8950,5.4029,-0.6143,1.8515,:227495435_4,-78.6724,-0.0183,100.0000,default,20,rsu(571m),4539,170803,0.1811,571,1.8564,4,6,-78.6724,-95.6621,direct,0.1000,46.8000,-85.4972
525.6,node[9],2,5208.2258,3967.6388,1.8950,5.4114,0.0850,1.7236,:227495435_4,-76.9467,0.9716,100.0000,default,20,rsu(571m),4540,170860,0.2662,571,1.8701,4,6,-76.9467,-93.9364,direct,0.1000,46.8000,-85.4947
525.7,node[9],2,5208.4120,3967.1306,1.8950,5.4165,0.0505,1.6248,:227495435_4,-75.3992,1.6385,100.0000,default,21,rsu(572m),4541,170917,0.3361,572,1.8660,5,8,-75.3992,-92.3889,direct,0.1000,45.6000,-85.4133
525.8,node[9],2,5208.6003,3966.6166,1.8950,5.4788,0.6235,1.5256,:227495435_4,-79.4909,-1.7606,100.0000,default,21,rsu(572m),4542,170973,0.0847,572,1.8574,3,4,-79.4909,-96.4806,direct,0.1000,45.6000,-85.4102
525.9,node[9],2,5208.8108,3966.1225,1.8950,5.3869,-0.9192,1.4252,-21157976#0,-85.4661,-5.0000,100.0000,default,21,rsu(573m),4543,171032,0.0180,573,1.8514,2,2,-85.4661,-102.4558,direct,0.1000,46.0000,-85.4069
526,node[9],2,5209.0777,3965.6302,1.8950,5.6001,2.1319,1.3375,-21157976#0,-77.7667,1.4608,100.0000,default,21,rsu(573m),4544,171091,0.3166,573,1.8723,5,8,-77.7667,-94.7564,direct,0.1000,46.0000,-85.4034
526.1,node[9],2,5209.3532,3965.1221,1.8950,5.7796,1.7951,1.2744,-21157976#0,-78.1531,-0.2605,100.0000,default,21,rsu(574m),4545,171150,0.1638,574,1.8717,4,6,-78.1531,-95.1428,direct,0.1000,47.2000,-85.3999
526.2,node[9],2,5209.6406,3964.5919,1.8950,6.0314,2.5178,1.2092,-21157976#0,-76.2314,-1.3914,100.0000,default,21,rsu(574m),4546,171207,0.1001,574,1.8702,3,4,-76.2314,-93.2211,direct,0.1000,47.2000,-85.3962
526.3,node[9],2,5209.9382,3964.0430,1.8950,6.2446,2.1319,1.1451,-21157976#0,-82.3165,-3.4732,100.0000,default,22,rsu(575m),4547,171265,0.0378,575,1.8708,2,2,-82.3165,-99.3062,direct,0.1000,46.0000,-85.3160
526.4,node[9],2,5210.2441,3963.4788,1.8950,6.4177,1.7312,1.1264,-21157976#0,-81.2032,-3.6017,100.0000,default,22,rsu(576m),4548,171322,0.0355,576,1.8551,2,2,-81.2032,-98.1929,direct,0.1000,46.0000,-85.3119
526.5,node[9],2,5210.5621,3962.8923,1.8950,6.6726,2.5496,1.1070,-21157976#0,-80.9546,-5.0000,100.0000,default,22,rsu(576m),4549,171381,0.0180,576,1.8592,2,2,-80.9546,-97.9443,direct,0.1000,46.4000,-85.3077
526.6,node[9],2,5210.8887,3962.2899,1.8950,6.8520,1.7938,1.0870,-21157976#0,-76.8757,1.2583,100.0000,default,22,rsu(577m),4550,171439,0.2951,577,1.8576,5,8,-76.8757,-93.8654,direct,0.1000,46.4000,-85.3034
526.7,node[9],2,5211.2258,3961.6680,1.8950,7.0748,2.2274,1.0740,-21157976#0,-84.5424,-5.0000,100.0000,default,22,rsu(578m),4551,171498,0.0180,578,1.8569,2,2,-84.5424,-101.5321,direct,0.1000,46.8000,-85.2989
526.8,node[9],2,5211.5727,3961.0282,1.8950,7.2783,2.0359,1.0740,-21157976#0,-79.2773,-4.7831,100.0000,default,22,rsu(579m),4552,171557,0.0200,579,1.8469,2,2,-79.2773,-96.2670,direct,0.1000,46.8000,-85.2948
526.9,node[9],2,5211.9315,3960.3664,1.8950,7.5281,2.4977,1.0740,-21157976#0,-87.7058,-5.0000,100.0000,default,22,rsu(579m),4553,171617,0.0180,579,1.8427,2,2,-87.7058,-104.6955,direct,0.1000,47.6000,-85.2908
527,node[9],2,5212.2986,3959.6893,1.8950,7.7018,1.7367,1.0740,-21157976#0,-88.8356,-5.0000,100.0000,default,22,rsu(580m),4554,171676,0.0180,580,1.8660,2,2,-88.8356,-105.8253,direct,0.1000,47.6000,-85.2854
527.1,node[9],2,5212.6762,3958.9928,1.8950,7.9234,2.2157,1.0740,-21157976#0,-89.9918,-5.0000,100.0000,default,23,rsu(581m),4555,171735,0.0180,581,1.8446,2,2,-89.9918,-106.9815,direct,0.1000,47.2000,-85.2064
527.2,node[9],2,5213.0630,3958.2794,1.8950,8.1155,1.9218,1.0740,-21157976#0,-82.1071,-4.7179,100.0000,default,23,rsu(582m),4556,171792,0.0207,582,1.8443,2,2,-82.1071,-99.0968,direct,0.1000,47.2000,-85.2023
527.3,node[9],2,5213.4565,3957.5535,1.8950,8.2569,1.4137,1.0740,-21157976#0,-86.2076,-5.0000,100.0000,default,23,rsu(582m),4557,171851,0.0180,582,1.8328,2,2,-86.2076,-103.1973,direct,0.1000,46.4000,-85.1982
527.4,node[9],2,5213.8612,3956.8070,1.8950,8.4922,2.3525,1.0740,-21157976#0,-78.0267,1.0814,100.0000,default,23,rsu(583m),4558,171909,0.2770,583,1.8284,5,8,-78.0267,-95.0164,direct,0.1000,46.4000,-85.1942
527.5,node[9],2,5214.2732,3956.0471,1.8950,8.6445,1.5232,1.0740,-21157976#0,-76.2987,-1.5129,100.0000,default,23,rsu(584m),4559,171968,0.0948,584,1.8694,3,4,-76.2987,-93.2884,direct,0.1000,46.8000,-85.1901
527.6,node[9],2,5214.6915,3955.2756,1.8950,8.7762,1.3174,1.0740,-21157976#0,-84.5715,-5.0000,100.0000,default,23,rsu(585m),4560,172026,0.0180,585,1.8754,2,2,-84.5715,-101.5612,direct,0.1000,46.8000,-85.1837
527.7,node[9],2,5215.1213,3954.4828,1.8950,9.0181,2.4188,1.0740,-21157976#0,-85.7669,-5.0000,100.0000,default,23,rsu(586m),4561,172086,0.0180,586,1.8569,2,2,-85.7669,-102.7566,direct,0.1000,47.2000,-85.1792
527.8,node[9],2,5215.5627,3953.6687,1.8950,9.2608,2.4270,1.0740,-21157976#0,-86.6836,-5.0000,100.0000,default,23,rsu(587m),4562,172144,0.0180,587,1.8659,2,2,-86.6836,-103.6733,direct,0.1000,47.2000,-85.1748
527.9,node[9],2,5216.0127,3952.8386,1.8950,9.4430,1.8218,1.0740,-21157976#0,-81.9799,-2.9910,100.0000,default,23,rsu(588m),4563,172205,0.0476,588,1.8671,3,4,-81.9799,-98.9696,direct,0.1000,47.6000,-85.1704
528,node[9],2,5216.4723,3951.9909,1.8950,9.6427,1.9975,1.0740,-21157976#0,-80.8052,-5.0000,100.0000,default,23,rsu(589m),4564,172264,0.0180,589,1.8703,2,2,-80.8052,-97.7949,direct,0.1000,47.6000,-85.1662
528.1,node[9],2,5216.9387,3951.1306,1.8950,9.7867,1.4397,1.0740,-21157976#0,-77.3368,1.6924,100.0000,default,23,rsu(590m),4565,172323,0.3421,590,1.8562,5,8,-77.3368,-94.3265,direct,0.1000,47.2000,-85.1619
528.2,node[9],2,5217.4163,3950.2498,1.8950,10.0195,2.3276,1.0740,-21157976#0,-85.9127,-5.0000,100.0000,default,23,rsu(591m),4566,172380,0.0180,591,1.8438,2,2,-85.9127,-102.9024,direct,0.1000,47.2000,-85.1581
528.3,node[9],2,5217.9061,3949.3463,1.8950,10.2779,2.5840,1.0740,-21157976#0,-83.2865,-5.0000,100.0000,default,23,rsu(592m),4567,172438,0.0180,592,1.8658,2,2,-83.2865,-100.2762,direct,0.1000,46.0000,-85.1545
528.4,node[9],2,5218.4052,3948.4257,1.8950,10.4720,1.9412,1.0740,-21157976#0,-80.9649,-3.2491,100.0000,default,24,rsu(593m),4568,172498,0.0421,593,1.8672,2,2,-80.9649,-97.9546,direct,0.1000,46.0000,-85.0771
528.5,node[9],2,5218.9147,3947.4859,1.8950,10.6907,2.1869,1.0740,-21157976#0,-83.2677,-3.9488,100.0000,default,24,rsu(594m),4569,172556,0.0300,594,1.8299,2,2,-83.2677,-100.2574,direct,0.1000,47.2000,-85.0735
528.6,node[9],2,5219.4349,3946.5265,1.8950,10.9141,2.2343,1.0740,-21157976#0,-88.6556,-5.0000,100.0000,default,24,rsu(595m),4570,172612,0.0180,595,1.8571,2,2,-88.6556,-105.6453,direct,0.1000,47.2000,-85.0700
528.7,node[9],2,5219.9651,3945.5485,1.8950,11.1250,2.1087,1.0740,-21157976#0,-81.5802,-3.5383,100.0000,default,24,rsu(596m),4571,172671,0.0366,596,1.8656,2,2,-81.5802,-98.5699,direct,0.1000,46.0000,-85.0649
528.8,node[9],2,5220.5005,3944.5609,1.8950,11.2347,1.0969,1.0740,-21157976#0,-81.8629,-5.0000,100.0000,default,24,rsu(597m),4572,172728,0.0180,597,1.8461,2,2,-81.8629,-98.8526,direct,0.1000,46.0000,-85.0610
528.9,node[9],2,5221.0380,3943.5696,1.8950,11.2773,0.4262,1.0740,-21157976#0,-75.6331,0.0652,100.0000,default,24,rsu(598m),4573,172787,0.1873,598,1.8537,4,6,-75.6331,-92.6228,direct,0.1000,46.4000,-85.0577
529,node[9],2,5221.5774,3942.5746,1.8950,11.3177,0.4037,1.0740,-21157976#0,-81.7459,-4.9512,100.0000,default,24,rsu(599m),4574,172846,0.0184,599,1.8660,2,2,-81.7459,-98.7356,direct,0.1000,46.4000,-85.0534
529.1,node[9],2,5222.1161,3941.5810,1.8950,11.3029,-0.1480,1.0740,-21157976#0,-80.6134,-1.3133,100.0000,default,24,rsu(600m),4575,172904,0.1037,600,1.8327,3,4,-80.6134,-97.6031,direct,0.1000,46.8000,-85.0496
529.2,node[9],2,5222.6540,3940.5889,1.8950,11.2858,-0.1700,1.0740,-21157976#0,-77.3517,0.2224,100.0000,default,24,rsu(602m),4576,172963,0.1996,602,1.8503,4,6,-77.3517,-94.3414,direct,0.1000,46.8000,-85.0460
529.3,node[9],2,5223.1916,3939.5972,1.8950,11.2810,-0.0488,1.0740,-21157976#0,-89.8538,-5.0000,100.0000,default,24,rsu(603m),4577,173023,0.0180,603,1.8718,2,2,-89.8538,-106.8435,direct,0.1000,47.6000,-85.0425
529.4,node[9],2,5223.7276,3938.6086,1.8950,11.2467,-0.3427,1.0740,-21157976#0,-86.0309,-5.0000,100.0000,default,24,rsu(604m),4578,173083,0.0180,604,1.8628,2,2,-86.0309,-103.0206,direct,0.1000,47.6000,-85.0390
529.5,node[9],2,5224.2636,3937.6199,1.8950,11.2461,-0.0059,1.0740,-21157976#0,-81.2409,-2.3140,100.0000,default,24,rsu(605m),4579,173139,0.0656,605,1.8659,3,4,-81.2409,-98.2306,direct,0.1000,46.4000,-85.0364
529.6,node[9],2,5224.7998,3936.6309,1.8950,11.2504,0.0428,1.0740,-21157976#0,-76.8239,0.3387,100.0000,default,24,rsu(606m),4580,173198,0.2091,606,1.8661,4,6,-76.8239,-93.8136,direct,0.1000,46.4000,-85.0338
529.7,node[9],2,5225.3397,3935.6351,1.8950,11.3281,0.7772,1.0740,-21157976#0,-78.5801,-3.9330,100.0000,default,24,rsu(607m),4581,173256,0.0303,607,1.8746,2,2,-78.5801,-95.5698,direct,0.1000,46.8000,-85.0295
529.8,node[9],2,5225.8746,3934.6485,1.8950,11.2229,-1.0525,1.0740,-21157976#0,-81.6373,-5.0000,100.0000,default,24,rsu(608m),4582,173315,0.0180,608,1.8664,2,2,-81.6373,-98.6270,direct,0.1000,46.8000,-85.0264
529.9,node[9],2,5226.4142,3933.6533,1.8950,11.3216,0.9872,1.0740,-21157976#0,-87.0870,-5.0000,100.0000,default,24,rsu(609m),4583,173374,0.0180,609,1.8565,2,2,-87.0870,-104.0767,direct,0.1000,47.2000,-85.0239
530,node[9],2,5226.9514,3932.6623,1.8950,11.2731,-0.4851,1.0740,-21157976#0,-81.8576,-5.0000,100.0000,default,24,rsu(611m),4584,173434,0.0180,611,1.8295,2,2,-81.8576,-98.8473,direct,0.1000,47.2000,-85.0200
530.1,node[9],2,5227.4883,3931.6720,1.8950,11.2647,-0.0837,1.0740,-21157976#0,-80.5530,-3.9055,100.0000,default,24,rsu(612m),4585,173491,0.0307,612,1.8390,2,2,-80.5530,-97.5427,direct,0.1000,46.8000,-85.0174
530.2,node[9],2,5228.0268,3930.6787,1.8950,11.2998,0.3512,1.0740,-21157976#0,-80.3503,-2.0689,100.0000,default,24,rsu(613m),4586,173548,0.0735,613,1.8677,3,4,-80.3503,-97.3400,direct,0.1000,46.8000,-85.0150
530.3,node[9],2,5228.5614,3929.6927,1.8950,11.2160,-0.8380,1.0740,-21157976#0,-90.2567,-5.0000,100.0000,default,24,rsu(614m),4587,173604,0.0180,614,1.8645,2,2,-90.2567,-107.2464,direct,0.1000,45.2000,-85.0126
530.4,node[9],2,5229.1004,3928.6985,1.8950,11.3094,0.9340,1.0740,-21157976#0,-81.9638,-2.6050,100.0000,default,24,rsu(615m),4588,173663,0.0572,615,1.8660,3,4,-81.9638,-98.9535,direct,0.1000,45.2000,-85.0075
530.5,node[9],2,5229.6381,3927.7067,1.8950,11.2826,-0.2680,1.0740,-21157976#0,-79.0058,-0.9880,100.0000,default,24,rsu(616m),4589,173721,0.1198,616,1.8656,4,6,-79.0058,-95.9955,direct,0.1000,46.8000,-85.0047
530.6,node[9],2,5230.1730,3926.7202,1.8950,11.2221,-0.6050,1.0740,-21157976#0,-84.6868,-5.0000,100.0000,default,24,rsu(617m),4590,173779,0.0180,617,1.8279,2,2,-84.6868,-101.6765,direct,0.1000,46.8000,-85.0020
530.7,node[9],2,5230.7091,3925.7313,1.8950,11.2484,0.2631,1.0740,-21157976#0,-86.9040,-5.0000,100.0000,default,24,rsu(618m),4591,173838,0.0180,618,1.8651,2,2,-86.9040,-103.8937,direct,0.1000,46.8000,-84.9993
530.8,node[9],2,5231.2434,3924.7458,1.8950,11.2108,-0.3760,1.0740,-21157976#0,-84.5088,-5.0000,100.0000,default,24,rsu(619m),4592,173897,0.0180,619,1.8680,2,2,-84.5088,-101.4985,direct,0.1000,46.8000,-84.9965
530.9,node[9],2,5231.7815,3923.7533,1.8950,11.2903,0.7944,1.0740,-21157976#0,-82.5172,-4.4147,100.0000,default,24,rsu(621m),4593,173956,0.0240,621,1.8288,2,2,-82.5172,-99.5069,direct,0.1000,47.2000,-84.9939
531,node[9],2,5232.3195,3922.7610,1.8950,11.2882,-0.0208,1.0740,-21157976#0,-85.4364,-5.0000,100.0000,default,24,rsu(622m),4594,174014,0.0180,622,1.8428,2,2,-85.4364,-102.4261,direct,0.1000,47.2000,-84.9914
531.1,node[9],2,5232.8559,3921.7715,1.8950,11.2554,-0.3275,1.0740,-21157976#0,-86.8378,-5.0000,100.0000,default,24,rsu(623m),4595,174073,0.0180,623,1.8434,2,2,-86.8378,-103.8275,direct,0.1000,46.8000,-84.9896
531.2,node[9],2,5233.3953,3920.7766,1.8950,11.3177,0.6222,1.0740,-21157976#0,-80.8380,-3.5340,100.0000,default,24,rsu(624m),4596,174132,0.0367,624,1.8660,2,2,-80.8380,-97.8277,direct,0.1000,46.8000,-84.9879
531.3,node[9],2,5233.9299,3919.7905,1.8950,11.2177,-0.9998,1.0740,-21157976#0,-82.1995,-5.0000,100.0000,default,24,rsu(625m),4597,174191,0.0180,625,1.8664,2,2,-82.1995,-99.1892,direct,0.1000,47.2000,-84.9840
531.4,node[9],2,5234.4671,3918.7997,1.8950,11.2708,0.5313,1.0740,-21157976#0,-79.2864,0.0892,100.0000,default,24,rsu(626m),4598,174248,0.1892,626,1.8774,4,6,-79.2864,-96.2761,direct,0.1000,47.2000,-84.9826
531.5,node[9],2,5235.0020,3917.8130,1.8950,11.2240,-0.4678,1.0740,-21157976#0,-81.1131,-5.0000,100.0000,default,24,rsu(627m),4599,174307,0.0180,627,1.8462,2,2,-81.1131,-98.1028,direct,0.1000,46.4000,-84.9797
531.6,node[9],2,5235.5364,3916.8274,1.8950,11.2124,-0.1161,1.0740,-21157976#0,-82.2427,-5.0000,100.0000,default,24,rsu(628m),4600,174365,0.0180,628,1.8673,2,2,-82.2427,-99.2324,direct,0.1000,46.4000,-84.9784
531.7,node[9],2,5236.0712,3915.8410,1.8950,11.2209,0.0849,1.0740,-21157976#0,-82.9845,-4.8532,100.0000,default,24,rsu(630m),4601,174423,0.0193,630,1.8652,2,2,-82.9845,-99.9742,direct,0.1000,46.4000,-84.9754
531.8,node[9],2,5236.5697,3914.8351,1.8950,11.2564,0.3551,1.0822,-21157976#0,-78.8338,-1.2846,100.0000,default,24,rsu(631m),4602,174481,0.1051,631,1.8678,3,4,-78.8338,-95.8235,direct,0.1000,46.4000,-84.9733
531.9,node[9],2,5236.9178,3913.7618,1.8950,11.2838,0.2733,1.1235,-21157976#0,-79.0630,-3.1701,100.0000,default,24,rsu(632m),4603,174542,0.0437,632,1.8546,2,2,-79.0630,-96.0527,direct,0.1000,47.6000,-84.9719
532,node[9],2,5237.2637,3912.6952,1.8950,11.2141,-0.6965,1.1647,-21157976#0,-79.1076,-0.1509,100.0000,default,24,rsu(633m),4604,174601,0.1714,633,1.8692,4,6,-79.1076,-96.0973,direct,0.1000,47.6000,-84.9705
532.1,node[9],2,5237.6110,3911.6243,1.8950,11.2583,0.4417,1.2060,-21157976#0,-75.9345,-2.1171,100.0000,default,24,rsu(634m),4605,174658,0.0719,634,1.8651,3,4,-75.9345,-92.9242,direct,0.1000,46.4000,-84.9690
532.2,node[9],2,5237.9574,3910.5563,1.8950,11.2275,-0.3080,1.2471,-21157976#0,-85.1162,-5.0000,100.0000,default,24,rsu(635m),4606,174716,0.0180,635,1.8295,2,2,-85.1162,-102.1059,direct,0.1000,46.4000,-84.9675
532.3,node[9],2,5238.3048,3909.4853,1.8950,11.2605,0.3300,1.2572,-21157976#0,-79.2671,-4.5278,100.0000,default,24,rsu(636m),4607,174774,0.0227,636,1.8661,2,2,-79.2671,-96.2568,direct,0.1000,46.4000,-84.9665
