timestamp,vehicle_id,rsu_id,x,y,z,speed,acceleration,heading_rad,road_id,rxPower_dbm,sinr_db,txPower_mw,txPowerSource,neighborCount,nearestRSU,packetsSent,packetsReceived,pdr,distance_to_rsu_m,signal_age_ms,cqi,mcs,rsrp_dbm,rsrq_db,connection_type,cbr,throughput_kbps,interference_dbm
162.7,node[20],2,6966.8817,3855.4989,1.8950,18.4120,184.1195,-0.4545,831179687#37,-80.4349,-2.9603,100.0000,default,16,rsu(645m),1,27,0.0483,645,3.5118,3,4,-80.4349,-97.4246,direct,0.0500,0.0133,-86.0543
162.8,node[20],2,6968.5499,3856.3141,1.8950,18.5687,1.5680,-0.4545,831179687#37,-84.1868,-5.0000,100.0000,default,16,rsu(644m),2,54,0.0180,644,3.5131,2,2,-84.1868,-101.1765,direct,0.0500,0.0133,-86.0482
162.9,node[20],2,6970.1828,3857.1120,1.8950,18.1767,-3.9202,-0.4545,831179687#37,-84.7544,-5.0000,100.0000,default,16,rsu(643m),3,81,0.0180,643,3.5145,2,2,-84.7544,-101.7441,direct,0.0500,21.6000,-86.0425
163,node[20],2,6971.7815,3857.8933,1.8950,17.7956,-3.8110,-0.4545,831179687#37,-86.3577,-5.0000,100.0000,default,16,rsu(642m),4,108,0.0180,642,3.5160,2,2,-86.3577,-103.3474,direct,0.0500,21.6000,-86.0372
163.1,node[20],2,6973.3398,3858.6548,1.8950,17.3456,-4.5000,-0.4545,831179687#37,-78.5524,-1.7300,100.0000,default,16,rsu(641m),5,135,0.0859,641,3.5190,3,4,-78.5524,-95.5421,direct,0.0500,21.6000,-86.0322
163.2,node[20],2,6974.8614,3859.3983,1.8950,16.9374,-4.0826,-0.4545,831179687#37,-81.2331,-2.3559,100.0000,default,16,rsu(641m),6,162,0.0643,641,3.5092,3,4,-81.2331,-98.2228,direct,0.0500,21.6000,-86.0277
163.3,node[20],2,6976.3426,3860.1221,1.8950,16.4874,-4.5000,-0.4545,831179687#37,-85.1118,-5.0000,100.0000,default,16,rsu(640m),7,189,0.0180,640,3.5124,2,2,-85.1118,-102.1015,direct,0.0500,21.6000,-86.0237
163.4,node[20],2,6977.7834,3860.8262,1.8950,16.0374,-4.5000,-0.4545,831179687#37,-80.9005,-1.6738,100.0000,default,16,rsu(639m),8,216,0.0881,639,3.5156,3,4,-80.9005,-97.8902,direct,0.0500,21.6000,-86.0201
163.5,node[20],2,6979.1837,3861.5104,1.8950,15.5874,-4.5000,-0.4545,831179687#37,-79.5606,-3.7347,100.0000,default,16,rsu(638m),9,243,0.0333,638,3.5189,2,2,-79.5606,-96.5503,direct,0.0500,21.6000,-86.0171
163.6,node[20],2,6980.5436,3862.1750,1.8950,15.1374,-4.5000,-0.4545,831179687#37,-76.7066,1.0467,100.0000,default,16,rsu(638m),10,270,0.2736,638,3.5092,5,8,-76.7066,-93.6963,direct,0.0500,21.6000,-86.0146
163.7,node[20],2,6981.8631,3862.8198,1.8950,14.6874,-4.5000,-0.4545,831179687#37,-81.8181,-3.2157,100.0000,default,16,rsu(637m),11,297,0.0428,637,3.5126,2,2,-81.8181,-98.8078,direct,0.0500,21.6000,-86.0126
163.8,node[20],2,6983.1421,3863.4448,1.8950,14.2374,-4.5000,-0.4545,831179687#37,-80.0508,-5.0000,100.0000,default,16,rsu(636m),12,324,0.0180,636,3.5160,2,2,-80.0508,-97.0405,direct,0.0500,21.6000,-86.0112
163.9,node[20],2,6984.3808,3864.0500,1.8950,13.7874,-4.5000,-0.4545,831179687#37,-88.8700,-5.0000,100.0000,default,16,rsu(636m),13,351,0.0180,636,3.5195,2,2,-88.8700,-105.8597,direct,0.0500,21.6000,-86.0103
164,node[20],2,6985.5790,3864.6356,1.8950,13.3374,-4.5000,-0.4545,831179687#37,-85.1124,-5.0000,100.0000,default,16,rsu(635m),14,378,0.0180,635,3.5100,2,2,-85.1124,-102.1021,direct,0.0500,21.6000,-86.0100
164.1,node[20],2,6986.7371,3865.2015,1.8950,12.8910,-4.4637,-0.4545,831179687#37,-80.7369,-5.0000,100.0000,default,16,rsu(634m),15,405,0.0180,634,3.5135,2,2,-80.7369,-97.7266,direct,0.0500,21.6000,-86.0102
164.2,node[20],2,6987.8547,3865.7476,1.8950,12.4410,-4.5000,-0.4545,831179687#37,-91.2458,-5.0000,100.0000,default,16,rsu(634m),16,432,0.0180,634,3.5171,2,2,-91.2458,-108.2355,direct,0.0500,21.6000,-86.0111
164.3,node[20],2,6988.9320,3866.2740,1.8950,11.9910,-4.5000,-0.4545,831179687#37,-88.7781,-5.0000,100.0000,default,16,rsu(633m),17,459,0.0180,633,3.5078,2,2,-88.7781,-105.7678,direct,0.0500,21.6000,-86.0125
164.4,node[20],2,6989.9688,3866.7807,1.8950,11.5410,-4.5000,-0.4545,831179687#37,-79.6884,-2.3383,100.0000,default,16,rsu(633m),18,486,0.0648,633,3.5115,3,4,-79.6884,-96.6781,direct,0.0500,21.6000,-86.0145
164.5,node[20],2,6990.9652,3867.2676,1.8950,11.0910,-4.5000,-0.4545,831179687#37,-82.8836,-5.0000,100.0000,default,16,rsu(632m),19,513,0.0180,632,3.5152,2,2,-82.8836,-99.8733,direct,0.0500,21.6000,-86.0171
164.6,node[20],2,6991.9211,3867.7347,1.8950,10.6410,-4.5000,-0.4545,831179687#37,-79.1508,-3.3445,100.0000,default,16,rsu(632m),20,540,0.0402,632,3.5189,2,2,-79.1508,-96.1405,direct,0.0500,21.6000,-86.0203
164.7,node[20],2,6992.8367,3868.1821,1.8950,10.1910,-4.5000,-0.4545,831179687#37,-82.5514,-4.6539,100.0000,default,16,rsu(631m),21,567,0.0213,631,3.5097,2,2,-82.5514,-99.5411,direct,0.0500,21.6000,-86.0240
164.8,node[20],2,6993.7118,3868.6098,1.8950,9.7410,-4.5000,-0.4545,831179687#37,-81.5490,-4.7768,100.0000,default,16,rsu(631m),22,594,0.0201,631,3.5136,2,2,-81.5490,-98.5387,direct,0.0500,21.6000,-86.0283
164.9,node[20],2,6994.5465,3869.0176,1.8950,9.2910,-4.5000,-0.4545,831179687#37,-80.7559,-1.4431,100.0000,default,16,rsu(631m),23,621,0.0978,631,3.5175,3,4,-80.7559,-97.7456,direct,0.0500,21.6000,-86.0332
165,node[20],2,6995.3407,3869.4058,1.8950,8.8410,-4.5000,-0.4545,831179687#37,-79.0012,0.0500,100.0000,default,16,rsu(630m),24,648,0.1862,630,3.5084,4,6,-79.0012,-95.9909,direct,0.0500,21.6000,-86.0385
165.1,node[20],2,6996.0945,3869.7741,1.8950,8.3910,-4.5000,-0.4545,831179687#37,-81.4666,-5.0000,100.0000,default,16,rsu(630m),25,675,0.0180,630,3.5123,2,2,-81.4666,-98.4563,direct,0.0500,21.6000,-86.0444
165.2,node[20],2,6996.8079,3870.1227,1.8950,7.9410,-4.5000,-0.4545,831179687#37,-81.0284,-3.9689,100.0000,default,16,rsu(629m),26,702,0.0298,629,3.5163,2,2,-81.0284,-98.0181,direct,0.0500,21.6000,-86.0509
165.3,node[20],2,6997.4809,3870.4516,1.8950,7.4910,-4.5000,-0.4545,831179687#37,-80.7440,-2.0149,100.0000,default,16,rsu(629m),27,729,0.0753,629,3.5074,3,4,-80.7440,-97.7337,direct,0.0500,21.6000,-86.0578
165.4,node[20],2,6998.1135,3870.7607,1.8950,7.0410,-4.5000,-0.4545,831179687#37,-81.3435,-2.0570,100.0000,default,16,rsu(629m),28,756,0.0739,629,3.5114,3,4,-81.3435,-98.3332,direct,0.0500,21.6000,-86.0652
165.5,node[20],2,6998.7056,3871.0500,1.8950,6.5910,-4.5000,-0.4545,831179687#37,-79.5845,-4.5928,100.0000,default,16,rsu(628m),29,783,0.0220,628,3.5155,2,2,-79.5845,-96.5742,direct,0.0500,21.6000,-86.0731
165.6,node[20],2,6999.2573,3871.3196,1.8950,6.1410,-4.5000,-0.4545,831179687#37,-84.3573,-5.0000,100.0000,default,16,rsu(628m),30,810,0.0180,628,3.5197,2,2,-84.3573,-101.3470,direct,0.0500,21.6000,-86.0813
165.7,node[20],2,6999.7967,3871.5832,1.8950,6.0042,-1.3682,-0.4545,831179687#37,-80.6059,-5.0000,100.0000,default,16,rsu(628m),31,837,0.0180,628,3.5109,2,2,-80.6059,-97.5956,direct,0.0500,21.6000,-86.0898
165.8,node[20],2,7000.2956,3871.8270,1.8950,5.5542,-4.5000,-0.4545,831179687#37,-84.1849,-5.0000,100.0000,default,16,rsu(628m),32,864,0.0180,628,3.5151,2,2,-84.1849,-101.1746,direct,0.0500,21.6000,-86.0987
165.9,node[20],2,7000.7542,3872.0511,1.8950,5.1042,-4.5000,-0.4545,831179687#37,-78.0989,-0.6671,100.0000,default,16,rsu(627m),33,891,0.1378,627,3.5193,4,6,-78.0989,-95.0886,direct,0.0500,21.6000,-86.1080
166,node[20],2,7001.1723,3872.2554,1.8950,4.6542,-4.5000,-0.4545,831179687#37,-81.8503,-5.0000,100.0000,default,16,rsu(627m),34,918,0.0180,627,3.5106,2,2,-81.8503,-98.8400,direct,0.0500,21.6000,-86.1176
166.1,node[20],2,7001.5500,3872.4400,1.8950,4.2042,-4.5000,-0.4545,831179687#37,-78.3101,0.9893,100.0000,default,16,rsu(627m),35,945,0.2679,627,3.5163,4,6,-78.3101,-95.2998,direct,0.0500,21.6000,-86.1275
166.2,node[20],2,7001.9470,3872.3845,1.8950,3.9982,-2.0597,-0.4091,:227565740_8,-87.4404,-5.0000,100.0000,default,16,rsu(627m),36,972,0.0180,627,3.5091,2,2,-87.4404,-104.4301,direct,0.0500,21.6000,-86.1390
166.3,node[20],2,7002.3441,3872.3289,1.8950,3.9982,0.0000,-0.3626,:227565740_8,-83.8249,-5.0000,100.0000,default,16,rsu(627m),37,999,0.0180,627,3.5149,2,2,-83.8249,-100.8146,direct,0.0500,21.6000,-86.1505
166.4,node[20],2,7002.7411,3872.2734,1.8950,3.9982,0.0000,-0.3152,:227565740_8,-90.2356,-5.0000,100.0000,default,16,rsu(627m),38,1026,0.0180,627,3.5077,2,2,-90.2356,-107.2253,direct,0.0500,21.6000,-86.1621
166.5,node[20],2,7003.0977,3872.1505,1.8950,3.8842,-1.1403,-0.2562,:227565740_11,-84.0942,-5.0000,100.0000,default,16,rsu(627m),39,1053,0.0180,627,3.5136,2,2,-84.0942,-101.0839,direct,0.0500,21.6000,-86.1742
166.6,node[20],2,7003.4095,3871.9133,1.8950,3.9182,0.3404,-0.1730,:227565740_11,-76.6876,1.3442,100.0000,default,16,rsu(628m),40,1080,0.3041,628,3.5195,5,8,-76.6876,-93.6773,direct,0.0500,21.6000,-86.1870
166.7,node[20],2,7003.6896,3871.6636,1.8950,3.8881,-0.3012,-0.0839,:227565740_11,-85.6282,-5.0000,100.0000,default,16,rsu(628m),41,1107,0.0180,628,3.5123,2,2,-85.6282,-102.6179,direct,0.0500,21.6000,-86.2000
166.8,node[20],2,7003.6852,3871.2764,1.8950,3.8733,-0.1479,0.0430,:227565740_11,-84.0433,-5.0000,100.0000,default,16,rsu(628m),42,1134,0.0180,628,3.5183,2,2,-84.0433,-101.0330,direct,0.0500,21.6000,-86.2137
166.9,node[20],2,7003.6808,3870.8785,1.8950,3.9795,1.0616,0.1957,:227565740_11,-79.4418,-1.5895,100.0000,default,16,rsu(629m),43,1161,0.0916,629,3.5112,3,4,-79.4418,-96.4315,direct,0.0500,21.6000,-86.2273
167,node[20],2,7003.5145,3870.5265,1.8950,3.9678,-0.1164,0.3727,:227565740_11,-83.1176,-5.0000,100.0000,default,16,rsu(629m),44,1188,0.0180,629,3.5172,2,2,-83.1176,-100.1073,direct,0.0500,21.6000,-86.2406
167.1,node[20],2,7003.3181,3870.1903,1.8950,3.8939,-0.7393,0.5805,:227565740_11,-75.7934,-1.8213,100.0000,default,16,rsu(629m),45,1215,0.0824,629,3.5102,3,4,-75.7934,-92.7831,direct,0.0500,21.6000,-86.2536
167.2,node[20],2,7003.1222,3869.8548,1.8950,3.8864,-0.0752,0.8112,:227565740_11,-84.9988,-5.0000,100.0000,default,16,rsu(630m),46,1242,0.0180,630,3.5162,2,2,-84.9988,-101.9885,direct,0.0500,21.6000,-86.2664
167.3,node[20],2,7002.9071,3869.5391,1.8950,3.8912,0.0484,1.0452,-831179687#37,-83.5879,-5.0000,100.0000,default,17,rsu(630m),47,1269,0.0180,630,3.5092,2,2,-83.5879,-100.5776,direct,0.0500,21.6000,-86.1855
167.4,node[20],2,7002.5356,3869.3575,1.8950,4.1354,2.4419,1.2986,-831179687#37,-88.5734,-5.0000,100.0000,default,17,rsu(630m),48,1296,0.0180,630,3.5152,2,2,-88.5734,-105.5631,direct,0.0500,21.6000,-86.1966
167.5,node[20],2,7002.1513,3869.1697,1.8950,4.2777,1.4233,1.5563,-831179687#37,-81.1152,-5.0000,100.0000,default,17,rsu(630m),49,1323,0.0180,630,3.5083,2,2,-81.1152,-98.1049,direct,0.0500,21.6000,-86.2075
167.6,node[20],2,7001.7444,3868.9709,1.8950,4.5294,2.5172,1.8097,-831179687#37,-83.8264,-5.0000,100.0000,default,17,rsu(631m),50,1350,0.0180,631,3.5144,2,2,-83.8264,-100.8161,direct,0.0500,21.6000,-86.2183
167.7,node[20],2,7001.3154,3868.7612,1.8950,4.7751,2.4567,2.0297,-831179687#37,-81.3547,-3.0911,100.0000,default,17,rsu(631m),51,1377,0.0454,631,3.5075,2,2,-81.3547,-98.3444,direct,0.0500,21.6000,-86.2290
167.8,node[20],2,7000.8642,3868.5407,1.8950,5.0229,2.4777,2.2202,-831179687#37,-80.5219,-1.2965,100.0000,default,17,rsu(631m),52,1404,0.1045,631,3.5136,3,4,-80.5219,-97.5116,direct,0.0500,21.6000,-86.2394
167.9,node[20],2,7000.3964,3868.3121,1.8950,5.2072,1.8433,2.3691,-831179687#37,-84.1941,-5.0000,100.0000,default,17,rsu(631m),53,1431,0.0180,631,3.5197,2,2,-84.1941,-101.1838,direct,0.0500,21.6000,-86.2497
168,node[20],2,6999.9135,3868.0762,1.8950,5.3749,1.6768,2.4847,-831179687#37,-83.3351,-5.0000,100.0000,default,17,rsu(631m),54,1458,0.0180,631,3.5129,2,2,-83.3351,-100.3248,direct,0.0500,21.6000,-86.2598
168.1,node[20],2,6999.4165,3867.8333,1.8950,5.5319,1.5703,2.5650,-831179687#37,-79.0290,0.2791,100.0000,default,17,rsu(632m),55,1485,0.2042,632,3.5191,4,6,-79.0290,-96.0187,direct,0.0500,21.6000,-86.2696
168.2,node[20],2,6998.9039,3867.5828,1.8950,5.7067,1.7473,2.6312,-831179687#37,-80.6012,-1.3668,100.0000,default,18,rsu(632m),56,1512,0.1013,632,3.5123,3,4,-80.6012,-97.5909,direct,0.0500,21.6000,-86.1856
168.3,node[20],2,6998.3719,3867.3228,1.8950,5.9218,2.1511,2.6871,-831179687#37,-84.5214,-5.0000,100.0000,default,18,rsu(632m),57,1539,0.0180,632,3.5185,2,2,-84.5214,-101.5111,direct,0.0500,21.6000,-86.1944
168.4,node[20],2,6997.8176,3867.0520,1.8950,6.1694,2.4761,2.6871,-831179687#37,-77.4323,-1.8596,100.0000,default,18,rsu(632m),58,1566,0.0809,632,3.5146,3,4,-77.4323,-94.4220,direct,0.0500,21.6000,-86.2029
168.5,node[20],2,6997.2432,3866.7713,1.8950,6.3935,2.2413,2.6871,-831179687#37,-81.5462,-2.5180,100.0000,default,18,rsu(633m),59,1593,0.0596,633,3.5106,3,4,-81.5462,-98.5359,direct,0.0500,21.6000,-86.2112
168.6,node[20],2,6996.6534,3866.4831,1.8950,6.5653,1.7174,2.6871,-831179687#37,-81.9538,-4.2658,100.0000,default,18,rsu(633m),60,1620,0.0258,633,3.5197,2,2,-81.9538,-98.9435,direct,0.0500,21.6000,-86.2192
168.7,node[20],2,6996.0516,3866.1890,1.8950,6.6991,1.3380,2.6871,-831179687#37,-79.4349,-0.5464,100.0000,default,18,rsu(633m),61,1647,0.1451,633,3.5158,4,6,-79.4349,-96.4246,direct,0.0500,21.6000,-86.2269
168.8,node[20],2,6995.4376,3865.8890,1.8950,6.8342,1.3515,2.6871,-831179687#37,-80.5880,-3.7186,100.0000,default,18,rsu(634m),62,1674,0.0336,634,3.5120,2,2,-80.5880,-97.5777,direct,0.0500,21.6000,-86.2342
168.9,node[20],2,6994.8069,3865.5808,1.8950,7.0206,1.8637,2.6871,-831179687#37,-77.1282,2.1129,100.0000,default,18,rsu(634m),63,1701,0.3909,634,3.5081,5,8,-77.1282,-94.1179,direct,0.0500,21.6000,-86.2414
169,node[20],2,6994.1601,3865.2647,1.8950,7.2002,1.7957,2.6871,-831179687#37,-83.1576,-5.0000,100.0000,default,18,rsu(634m),64,1728,0.0180,634,3.5173,2,2,-83.1576,-100.1473,direct,0.0500,21.6000,-86.2483
169.1,node[20],2,6993.4998,3864.9420,1.8950,7.3498,1.4967,2.6871,-831179687#37,-78.0702,-1.1807,100.0000,default,18,rsu(635m),65,1755,0.1100,635,3.5135,3,4,-78.0702,-95.0599,direct,0.0500,21.6000,-86.2550
169.2,node[20],2,6992.8219,3864.6108,1.8950,7.5462,1.9641,2.6871,-831179687#37,-82.0036,-5.0000,100.0000,default,19,rsu(635m),66,1783,0.0180,635,3.5073,2,2,-82.0036,-98.9933,direct,0.0500,21.6000,-83.9500
169.3,node[20],2,6992.1211,3864.2683,1.8950,7.8005,2.5429,2.6871,-831179687#37,-83.5437,-5.0000,100.0000,default,19,rsu(635m),67,1811,0.0180,635,3.5142,2,2,-83.5437,-100.5334,direct,0.0500,22.4000,-83.9226
169.4,node[20],2,6991.4064,3863.9191,1.8950,7.9550,1.5450,2.6871,-831179687#37,-77.5333,-0.8391,100.0000,default,19,rsu(636m),68,1839,0.1279,636,3.5081,4,6,-77.5333,-94.5230,direct,0.0500,22.4000,-83.8934
169.5,node[20],2,6990.6706,3863.5595,1.8950,8.1905,2.3547,2.6871,-831179687#37,-81.7305,-5.0000,100.0000,default,19,rsu(636m),69,1867,0.0180,636,3.5151,2,2,-81.7305,-98.7202,direct,0.0500,22.4000,-83.8637
169.6,node[20],2,6989.9155,3863.1905,1.8950,8.4055,2.1500,2.6871,-831179687#37,-82.3946,-5.0000,100.0000,default,19,rsu(636m),70,1895,0.0180,636,3.5091,2,2,-82.3946,-99.3843,direct,0.0500,22.4000,-83.8337
169.7,node[20],2,6989.1424,3862.8128,1.8950,8.6051,1.9959,2.6871,-831179687#37,-86.5471,-5.0000,100.0000,default,19,rsu(637m),71,1923,0.0180,637,3.5161,2,2,-86.5471,-103.5368,direct,0.0500,22.4000,-83.8038
169.8,node[20],2,6988.3537,3862.4273,1.8950,8.7800,1.7486,2.6871,-831179687#37,-87.8115,-5.0000,100.0000,default,19,rsu(637m),72,1951,0.0180,637,3.5102,2,2,-87.8115,-104.8012,direct,0.0500,22.4000,-83.7738
169.9,node[20],2,6987.5421,3862.0307,1.8950,9.0337,2.5374,2.6871,-831179687#37,-83.0553,-5.0000,100.0000,default,19,rsu(638m),73,1979,0.0180,638,3.5172,2,2,-83.0553,-100.0450,direct,0.0500,22.4000,-83.7421
170,node[20],2,6986.7176,3861.6278,1.8950,9.1777,1.4401,2.6871,-831179687#37,-84.7107,-5.0000,100.0000,default,19,rsu(638m),74,2007,0.0180,638,3.5114,2,2,-84.7107,-101.7004,direct,0.0500,22.4000,-83.7092
170.1,node[20],2,6985.8765,3861.2168,1.8950,9.3622,1.8451,2.6871,-831179687#37,-81.7336,-4.0965,100.0000,default,19,rsu(638m),75,2035,0.0280,638,3.5185,2,2,-81.7336,-98.7233,direct,0.0500,22.4000,-83.6749
170.2,node[20],2,6985.0154,3860.7961,1.8950,9.5847,2.2245,2.6871,-831179687#37,-84.2458,-5.0000,100.0000,default,19,rsu(639m),76,2063,0.0180,639,3.5127,2,2,-84.2458,-101.2355,direct,0.0500,22.4000,-83.6413
170.3,node[20],2,6984.1330,3860.3648,1.8950,9.8230,2.3837,2.6871,-831179687#37,-84.5094,-5.0000,100.0000,default,19,rsu(639m),77,2091,0.0180,639,3.5199,2,2,-84.5094,-101.4991,direct,0.0500,22.4000,-83.6076
170.4,node[20],2,6983.2377,3859.9273,1.8950,9.9656,1.4258,2.6871,-831179687#37,-79.8092,-1.9098,100.0000,default,19,rsu(640m),78,2119,0.0791,640,3.5142,3,4,-79.8092,-96.7989,direct,0.0500,22.4000,-83.5726
170.5,node[20],2,6982.3231,3859.4804,1.8950,10.1808,2.1521,2.6871,-831179687#37,-81.9303,-5.0000,100.0000,default,19,rsu(640m),79,2147,0.0180,640,3.5085,2,2,-81.9303,-98.9200,direct,0.0500,22.4000,-83.5425
170.6,node[20],2,6981.3924,3859.0256,1.8950,10.3599,1.7909,2.6871,-831179687#37,-85.7746,-5.0000,100.0000,default,19,rsu(641m),80,2175,0.0180,641,3.5158,2,2,-85.7746,-102.7643,direct,0.0500,22.4000,-83.5138
170.7,node[20],2,6980.4401,3858.5603,1.8950,10.5999,2.3999,2.6871,-831179687#37,-84.3646,-5.0000,100.0000,default,19,rsu(641m),81,2203,0.0180,641,3.5102,2,2,-84.3646,-101.3543,direct,0.0500,22.4000,-83.4836
170.8,node[20],2,6979.4651,3858.0838,1.8950,10.8529,2.5295,2.6871,-831179687#37,-86.8325,-5.0000,100.0000,default,19,rsu(642m),82,2231,0.0180,642,3.5176,2,2,-86.8325,-103.8222,direct,0.0500,22.4000,-83.4555
170.9,node[20],2,6978.4759,3857.6004,1.8950,11.0112,1.5833,2.6871,-831179687#37,-81.1482,-5.0000,100.0000,default,19,rsu(642m),83,2259,0.0180,642,3.5120,2,2,-81.1482,-98.1379,direct,0.0500,22.4000,-83.4270
171,node[20],2,6977.4638,3857.1059,1.8950,11.2654,2.5424,2.6871,-831179687#37,-90.0652,-5.0000,100.0000,default,19,rsu(643m),84,2287,0.0180,643,3.5195,2,2,-90.0652,-107.0549,direct,0.0500,22.4000,-83.3968
171.1,node[20],2,6976.4293,3856.6003,1.8950,11.5158,2.5043,2.6871,-831179687#37,-79.1210,-2.0623,100.0000,default,19,rsu(643m),85,2315,0.0737,643,3.5140,3,4,-79.1210,-96.1107,direct,0.0500,22.4000,-83.3652
171.2,node[20],2,6975.3803,3856.0877,1.8950,11.6759,1.6004,2.6871,-831179687#37,-81.3892,-2.0378,100.0000,default,19,rsu(644m),86,2343,0.0745,644,3.5086,3,4,-81.3892,-98.3789,direct,0.0500,22.4000,-83.3328
171.3,node[20],2,6974.3100,3855.5647,1.8950,11.9136,2.3773,2.6871,-831179687#37,-86.1763,-5.0000,100.0000,default,19,rsu(644m),87,2371,0.0180,644,3.5161,2,2,-86.1763,-103.1660,direct,0.0500,22.4000,-83.3013
171.4,node[20],2,6973.2224,3855.0332,1.8950,12.1069,1.9325,2.6871,-831179687#37,-89.1114,-5.0000,100.0000,default,19,rsu(645m),88,2399,0.0180,645,3.5108,2,2,-89.1114,-106.1011,direct,0.0500,22.4000,-83.2691
171.5,node[20],2,6972.1213,3854.4952,1.8950,12.2561,1.4920,2.6871,-831179687#37,-89.0225,-5.0000,100.0000,default,19,rsu(646m),89,2427,0.0180,646,3.5184,2,2,-89.0225,-106.0122,direct,0.0500,22.4000,-83.2366
171.6,node[20],2,6971.0043,3853.9493,1.8950,12.4339,1.7786,2.6871,-831179687#37,-81.6559,-4.7792,100.0000,default,19,rsu(646m),90,2455,0.0200,646,3.5131,2,2,-81.6559,-98.6456,direct,0.0500,22.4000,-83.2038
171.7,node[20],2,6969.8731,3853.3966,1.8950,12.5914,1.5744,2.6871,-831179687#37,-74.3444,1.9060,100.0000,default,19,rsu(647m),91,2483,0.3666,647,3.5078,5,8,-74.3444,-91.3341,direct,0.0500,22.4000,-83.1704
171.8,node[20],2,6968.7289,3852.8374,1.8950,12.7371,1.4571,2.6871,-831179687#37,-81.9783,-4.4210,100.0000,default,19,rsu(647m),92,2511,0.0239,647,3.5155,2,2,-81.9783,-98.9680,direct,0.0500,22.4000,-83.1366
171.9,node[20],2,6967.5619,3852.2671,1.8950,12.9903,2.5321,2.6871,-831179687#37,-87.9493,-5.0000,100.0000,default,19,rsu(648m),93,2539,0.0180,648,3.5103,2,2,-87.9493,-104.9390,direct,0.0500,22.4000,-83.1019
172,node[20],2,6966.3723,3851.6859,1.8950,13.2410,2.5073,2.6871,-831179687#37,-84.3734,-5.0000,100.0000,default,19,rsu(649m),94,2567,0.0180,649,3.5181,2,2,-84.3734,-101.3631,direct,0.0500,22.4000,-83.0661
172.1,node[20],2,6965.1653,3851.0961,1.8950,13.4352,1.9416,2.6871,-831179687#37,-87.0199,-5.0000,100.0000,default,19,rsu(649m),95,2595,0.0180,649,3.5130,2,2,-87.0199,-104.0096,direct,0.0500,22.4000,-83.0296
172.2,node[20],2,6963.9411,3850.4978,1.8950,13.6268,1.9167,2.6871,-831179687#37,-78.6578,-0.7420,100.0000,default,19,rsu(650m),96,2623,0.1334,650,3.5079,4,6,-78.6578,-95.6475,direct,0.0500,22.4000,-82.9925
172.3,node[20],2,6962.7106,3849.8757,1.8950,13.7837,1.5683,2.6833,:227576552_4,-81.2198,-1.9158,100.0000,default,19,rsu(651m),97,2651,0.0789,651,3.5158,3,4,-81.2198,-98.2095,direct,0.0500,22.4000,-82.9546
172.4,node[20],2,6961.4612,3849.2389,1.8950,14.0150,2.3134,2.6786,:227576552_4,-85.0549,-5.0000,100.0000,default,19,rsu(651m),98,2679,0.0180,651,3.5107,2,2,-85.0549,-102.0446,direct,0.0500,22.4000,-82.9161
172.5,node[20],2,6960.1948,3848.5934,1.8950,14.2072,1.9218,2.6738,:227576552_4,-80.9302,-5.0000,100.0000,default,19,rsu(652m),99,2707,0.0180,652,3.5187,2,2,-80.9302,-97.9199,direct,0.0500,22.4000,-82.8770
172.6,node[20],2,6958.9064,3847.9367,1.8950,14.4529,2.4571,2.6702,:227576552_4,-86.8800,-5.0000,100.0000,default,19,rsu(653m),100,2735,0.0180,653,3.5137,2,2,-86.8800,-103.8697,direct,0.0500,22.4000,-82.8374
172.7,node[20],2,6957.6050,3847.2734,1.8950,14.5985,1.4559,2.6702,:227576552_4,-84.9830,-5.0000,100.0000,default,19,rsu(654m),101,2763,0.0180,654,3.5088,2,2,-84.9830,-101.9727,direct,0.0500,22.4000,-82.7972
172.8,node[20],2,6956.2888,3846.6025,1.8950,14.7659,1.6743,2.6702,:227576552_4,-84.7130,-5.0000,100.0000,default,19,rsu(654m),102,2791,0.0180,654,3.5168,2,2,-84.7130,-101.7027,direct,0.0500,22.4000,-82.7564
172.9,node[20],2,6954.9595,3845.9250,1.8950,14.9117,1.4582,2.6702,:227576552_4,-88.0392,-5.0000,100.0000,default,19,rsu(655m),103,2819,0.0180,655,3.5119,2,2,-88.0392,-105.0289,direct,0.0500,22.4000,-82.7149
173,node[20],2,6953.6176,3845.2410,1.8950,15.0531,1.4131,2.6702,:227576552_4,-79.7402,-1.2231,100.0000,default,19,rsu(656m),104,2847,0.1080,656,3.5201,3,4,-79.7402,-96.7299,direct,0.0500,22.4000,-82.6729
173.1,node[20],2,6952.2560,3844.5470,1.8950,15.2745,2.2141,2.6702,:227576552_4,-80.6132,-1.7951,100.0000,default,19,rsu(657m),105,2875,0.0834,657,3.5153,3,4,-80.6132,-97.6029,direct,0.0500,22.4000,-82.6300
173.2,node[20],2,6950.8741,3843.8426,1.8950,15.5031,2.2866,2.6702,:227576552_4,-85.0202,-5.0000,100.0000,default,19,rsu(657m),106,2903,0.0180,657,3.5105,2,2,-85.0202,-102.0099,direct,0.0500,22.4000,-82.5860
173.3,node[20],2,6949.4878,3843.1047,1.8950,15.7093,2.0618,2.6646,-831179687#36,-78.3969,-1.0171,100.0000,default,19,rsu(658m),107,2931,0.1183,658,3.5187,3,4,-78.3969,-95.3866,direct,0.0500,22.4000,-82.5411
173.4,node[20],2,6948.0897,3842.3589,1.8950,15.8508,1.4145,2.6587,-831179687#36,-82.0551,-5.0000,100.0000,default,19,rsu(659m),108,2959,0.0180,659,3.5110,2,2,-82.0551,-99.0448,direct,0.0500,22.4000,-82.4956
173.5,node[20],2,6946.6719,3841.6025,1.8950,16.0753,2.2450,2.6527,-831179687#36,-85.4483,-5.0000,100.0000,default,19,rsu(660m),109,2987,0.0180,660,3.5164,2,2,-85.4483,-102.4380,direct,0.0500,22.4000,-82.4493
173.6,node[20],2,6945.2409,3840.8392,1.8950,16.2233,1.4805,2.6516,-831179687#36,-94.7090,-5.0000,100.0000,default,19,rsu(661m),110,3015,0.0180,661,3.5088,2,2,-94.7090,-111.6987,direct,0.0500,22.4000,-82.4027
173.7,node[20],2,6943.7924,3840.0666,1.8950,16.4223,1.9899,2.6516,-831179687#36,-82.0627,-2.7428,100.0000,default,19,rsu(662m),111,3043,0.0536,662,3.5143,3,4,-82.0627,-99.0524,direct,0.0500,22.4000,-82.3553
173.8,node[20],2,6942.3280,3839.2854,1.8950,16.6031,1.8077,2.6516,-831179687#36,-85.4130,-5.0000,100.0000,default,19,rsu(663m),112,3071,0.0180,663,3.5198,2,2,-85.4130,-102.4027,direct,0.0500,22.4000,-82.3070
173.9,node[20],2,6940.8456,3838.4946,1.8950,16.8069,2.0380,2.6516,-831179687#36,-80.9626,-1.7851,100.0000,default,19,rsu(664m),113,3099,0.0837,664,3.5124,3,4,-80.9626,-97.9523,direct,0.0500,22.4000,-82.2580
174,node[20],2,6939.3419,3837.6924,1.8950,17.0490,2.4212,2.6516,-831179687#36,-84.5427,-5.0000,100.0000,default,19,rsu(665m),114,3127,0.0180,665,3.5181,2,2,-84.5427,-101.5324,direct,0.0500,22.4000,-82.2079
174.1,node[20],2,6937.8231,3836.8686,1.8950,17.2795,2.3051,2.6491,:227495010_0,-79.2460,-0.6517,100.0000,default,19,rsu(666m),115,3155,0.1387,666,3.5108,4,6,-79.2460,-96.2357,direct,0.0500,22.4000,-82.1564
174.2,node[20],2,6936.2983,3836.0190,1.8950,17.4448,1.6532,2.6428,:227495010_0,-84.4236,-5.0000,100.0000,default,19,rsu(667m),116,3183,0.0180,667,3.5165,2,2,-84.4236,-101.4133,direct,0.0500,22.4000,-82.1042
174.3,node[20],2,6934.7512,3835.1570,1.8950,17.7013,2.5645,2.6363,:227495010_0,-80.7456,-1.6713,100.0000,default,19,rsu(668m),117,3211,0.0882,668,3.5093,3,4,-80.7456,-97.7353,direct,0.0500,22.4000,-82.0510
174.4,node[20],2,6933.1922,3834.2884,1.8950,17.8371,1.3580,2.6333,:227495010_0,-79.6956,-3.5635,100.0000,default,19,rsu(669m),118,3239,0.0362,669,3.5152,2,2,-79.6956,-96.6853,direct,0.0500,22.4000,-81.9971
174.5,node[20],2,6931.6142,3833.4092,1.8950,18.0536,2.1654,2.6333,:227495010_0,-92.3634,-5.0000,100.0000,default,19,rsu(670m),119,3267,0.0180,670,3.5081,2,2,-92.3634,-109.3531,direct,0.0500,22.4000,-81.9421
174.6,node[20],2,6930.0167,3832.5191,1.8950,18.2781,2.2449,2.6333,:227495010_0,-81.5295,-5.0000,100.0000,default,19,rsu(671m),120,3295,0.0180,671,3.5140,2,2,-81.5295,-98.5192,direct,0.0500,22.4000,-81.8862
174.7,node[20],2,6928.4000,3831.6183,1.8950,18.4970,2.1893,2.6333,:227495010_0,-81.0228,-2.0576,100.0000,default,19,rsu(672m),121,3323,0.0739,672,3.5200,3,4,-81.0228,-98.0125,direct,0.0500,22.4000,-81.8289
174.8,node[20],2,6926.7625,3830.7060,1.8950,18.7349,2.3782,2.6333,:227495010_0,-81.4036,-5.0000,100.0000,default,19,rsu(673m),122,3351,0.0180,673,3.5131,2,2,-81.4036,-98.3933,direct,0.0500,22.4000,-81.7701
174.9,node[20],2,6925.1199,3829.7674,1.8950,18.9143,1.7942,2.6292,-831179687#35,-81.9890,-2.6574,100.0000,default,19,rsu(674m),123,3379,0.0558,674,3.5192,3,4,-81.9890,-98.9787,direct,0.0500,22.4000,-81.7104
175,node[20],2,6923.4750,3828.8063,1.8950,19.0509,1.3659,2.6214,-831179687#35,-79.2003,-0.9545,100.0000,default,19,rsu(675m),124,3407,0.1216,675,3.5124,4,6,-79.2003,-96.1900,direct,0.0500,22.4000,-81.6502
175.1,node[20],2,6921.8130,3827.8351,1.8950,19.2493,1.9841,2.6135,-831179687#35,-86.6013,-5.0000,100.0000,default,19,rsu(676m),125,3435,0.0180,676,3.5186,2,2,-86.6013,-103.5910,direct,0.0500,22.4000,-81.5887
175.2,node[20],2,6920.1308,3826.8522,1.8950,19.4830,2.3367,2.6128,-831179687#35,-91.2880,-5.0000,100.0000,default,19,rsu(677m),126,3463,0.0180,677,3.5119,2,2,-91.2880,-108.2777,direct,0.0500,22.4000,-81.5261
175.3,node[20],2,6918.4362,3825.8620,1.8950,19.6270,1.4402,2.6128,-831179687#35,-77.2373,-0.3039,100.0000,default,19,rsu(679m),127,3491,0.1608,679,3.5182,4,6,-77.2373,-94.2270,direct,0.0500,22.4000,-81.4624
175.4,node[20],2,6916.7266,3824.8630,1.8950,19.8002,1.7321,2.6128,-831179687#35,-84.0163,-5.0000,100.0000,default,19,rsu(680m),128,3519,0.0180,680,3.5116,2,2,-84.0163,-101.0060,direct,0.0500,22.4000,-81.3981
175.5,node[20],2,6915.0028,3823.8558,1.8950,19.9653,1.6515,2.6128,-831179687#35,-84.7576,-5.0000,100.0000,default,19,rsu(681m),129,3547,0.0180,681,3.5180,2,2,-84.7576,-101.7473,direct,0.0500,22.4000,-81.3333
175.6,node[20],2,6913.2576,3822.8360,1.8950,20.2127,2.4732,2.6128,-831179687#35,-78.8552,-0.5206,100.0000,default,19,rsu(682m),130,3575,0.1468,682,3.5115,4,6,-78.8552,-95.8449,direct,0.0500,22.4000,-81.2670
175.7,node[20],2,6911.4980,3821.8078,1.8950,20.3800,1.6730,2.6128,-831179687#35,-82.0895,-5.0000,100.0000,default,19,rsu(683m),131,3603,0.0180,683,3.5180,2,2,-82.0895,-99.0792,direct,0.0500,22.4000,-81.2000
175.8,node[20],2,6909.7225,3820.7704,1.8950,20.5633,1.8336,2.6128,-831179687#35,-82.7474,-4.5835,100.0000,default,19,rsu(685m),132,3631,0.0221,685,3.5116,2,2,-82.7474,-99.7371,direct,0.0500,22.4000,-81.1319
175.9,node[20],2,6907.9253,3819.7202,1.8950,20.8150,2.5172,2.6128,-831179687#35,-85.8674,-5.0000,100.0000,default,19,rsu(686m),133,3659,0.0180,686,3.5182,2,2,-85.8674,-102.8571,direct,0.0500,22.4000,-81.0619
176,node[20],2,6906.1100,3818.6595,1.8950,21.0247,2.0965,2.6128,-831179687#35,-79.7021,-0.4501,100.0000,default,19,rsu(687m),134,3687,0.1512,687,3.5119,4,6,-79.7021,-96.6918,direct,0.0500,22.4000,-80.9906
176.1,node[20],2,6904.2827,3817.5917,1.8950,21.1642,1.3948,2.6128,-831179687#35,-82.7088,-5.0000,100.0000,default,19,rsu(689m),135,3715,0.0180,689,3.5187,2,2,-82.7088,-99.6985,direct,0.0500,22.4000,-80.9186
176.2,node[20],2,6902.4374,3816.5135,1.8950,21.3722,2.0805,2.6128,-831179687#35,-78.7286,-2.1940,100.0000,default,19,rsu(690m),136,3743,0.0693,690,3.5125,3,4,-78.7286,-95.7183,direct,0.0500,22.4000,-80.8453
176.3,node[20],2,6900.5773,3815.4266,1.8950,21.5431,1.7082,2.6128,-831179687#35,-87.4323,-5.0000,100.0000,default,19,rsu(691m),137,3771,0.0180,691,3.5193,2,2,-87.4323,-104.4220,direct,0.0500,22.4000,-80.7707
176.4,node[20],2,6898.6976,3814.3283,1.8950,21.7701,2.2706,2.6128,-831179687#35,-76.9768,1.3860,100.0000,default,19,rsu(693m),138,3799,0.3085,693,3.5132,5,8,-76.9768,-93.9665,direct,0.0500,22.4000,-80.6945
176.5,node[20],2,6896.8063,3813.2231,1.8950,21.9055,1.3539,2.6128,-831179687#35,-79.7579,-1.4282,100.0000,default,19,rsu(694m),139,3828,0.0985,694,3.5202,3,4,-79.7579,-96.7476,direct,0.0500,22.8000,-80.6174
176.6,node[20],2,6894.8930,3812.1051,1.8950,22.1600,2.5450,2.6128,-831179687#35,-85.0270,-5.0000,100.0000,default,19,rsu(695m),140,3857,0.0180,695,3.5142,2,2,-85.0270,-102.0167,direct,0.0500,22.8000,-80.5390
176.7,node[20],2,6892.9647,3810.9784,1.8950,22.3326,1.7262,2.6128,-831179687#35,-84.6841,-5.0000,100.0000,default,19,rsu(697m),141,3886,0.0180,697,3.5082,2,2,-84.6841,-101.6738,direct,0.0500,23.2000,-80.4596
176.8,node[20],2,6891.0177,3809.8407,1.8950,22.5504,2.1774,2.6128,-831179687#35,-82.6557,-4.4023,100.0000,default,19,rsu(698m),142,3915,0.0241,698,3.5153,2,2,-82.6557,-99.6454,direct,0.0500,23.2000,-80.3789
176.9,node[20],2,6889.0498,3808.6908,1.8950,22.7927,2.4239,2.6128,-831179687#35,-76.5041,-2.0310,100.0000,default,19,rsu(700m),143,3944,0.0748,700,3.5095,3,4,-76.5041,-93.4938,direct,0.0500,23.2000,-80.2959
177,node[20],2,6887.0650,3807.5310,1.8950,22.9878,1.9509,2.6128,-831179687#35,-78.6537,-0.7556,100.0000,default,19,rsu(701m),144,3973,0.1326,701,3.5167,4,6,-78.6537,-95.6434,direct,0.0500,23.2000,-80.2109
177.1,node[20],2,6885.0677,3806.3640,1.8950,23.1321,1.4423,2.6128,-831179687#35,-76.5719,-1.4000,100.0000,default,19,rsu(703m),145,4002,0.0997,703,3.5110,3,4,-76.5719,-93.5616,direct,0.0500,23.2000,-80.1255
177.2,node[20],2,6883.0506,3805.1849,1.8950,23.3659,2.3380,2.6127,:701810769_4,-76.8136,-0.2285,100.0000,default,19,rsu(704m),146,4031,0.1660,704,3.5183,4,6,-76.8136,-93.8033,direct,0.0500,23.2000,-80.0387
177.3,node[20],2,6881.0378,3804.0075,1.8950,23.3208,-0.4507,2.6125,:701810769_4,-85.4716,-5.0000,100.0000,default,19,rsu(706m),147,4060,0.0180,706,3.5127,2,2,-85.4716,-102.4613,direct,0.0500,23.2000,-79.9530
177.4,node[20],2,6879.0223,3802.8286,1.8950,23.3531,0.3226,2.6123,:701810769_4,-78.8944,-1.7773,100.0000,default,19,rsu(707m),148,4089,0.0840,707,3.5201,3,4,-78.8944,-95.8841,direct,0.0500,23.2000,-79.8681
177.5,node[20],2,6877.0078,3801.6502,1.8950,23.3407,-0.1234,2.6123,:701810769_4,-80.8556,-1.6794,100.0000,default,19,rsu(709m),149,4118,0.0879,709,3.5146,3,4,-80.8556,-97.8453,direct,0.0500,23.2000,-79.7843
177.6,node[20],2,6874.9945,3800.4726,1.8950,23.3275,-0.1326,2.6123,:701810769_4,-82.5149,-3.3146,100.0000,default,19,rsu(710m),150,4147,0.0408,710,3.5092,2,2,-82.5149,-99.5046,direct,0.0500,23.2000,-79.7011
177.7,node[20],2,6872.9775,3799.2927,1.8950,23.3702,0.4274,2.6123,:701810769_4,-78.4149,-1.3234,100.0000,default,19,rsu(712m),151,4176,0.1032,712,3.5168,3,4,-78.4149,-95.4046,direct,0.0500,23.2000,-79.6176
177.8,node[20],2,6870.9635,3798.1150,1.8950,23.3339,-0.3630,2.6124,-831179687#34,-86.3330,-5.0000,100.0000,default,19,rsu(713m),152,4205,0.0180,713,3.5114,2,2,-86.3330,-103.3227,direct,0.0500,23.2000,-79.5353
177.9,node[20],2,6868.9506,3796.9392,1.8950,23.3181,-0.1580,2.6127,-831179687#34,-85.6692,-5.0000,100.0000,default,19,rsu(715m),153,4234,0.0180,715,3.5191,2,2,-85.6692,-102.6589,direct,0.0500,23.2000,-79.4538
178,node[20],2,6866.9413,3795.7654,1.8950,23.2759,-0.4220,2.6129,-831179687#34,-81.4215,-4.6294,100.0000,default,19,rsu(716m),154,4263,0.0216,716,3.5139,2,2,-81.4215,-98.4112,direct,0.0500,23.2000,-79.3741
178.1,node[20],2,6864.9258,3794.6099,1.8950,23.2378,-0.3810,2.6167,:227530598_0,-82.2066,-4.3490,100.0000,default,19,rsu(718m),155,4292,0.0247,718,3.5087,2,2,-82.2066,-99.1963,direct,0.0500,23.2000,-79.2956
178.2,node[20],2,6862.8685,3793.5167,1.8950,23.2817,0.4385,2.6354,:227530598_0,-90.9362,-5.0000,100.0000,default,19,rsu(719m),156,4321,0.0180,719,3.5165,2,2,-90.9362,-107.9259,direct,0.0500,23.2000,-79.2176
178.3,node[20],2,6860.8016,3792.4183,1.8950,23.3918,1.1019,2.6531,:227530598_0,-86.8387,-5.0000,100.0000,default,19,rsu(721m),157,4351,0.0180,721,3.5115,2,2,-86.8387,-103.8284,direct,0.0500,23.6000,-79.1387
178.4,node[20],2,6858.7413,3791.3235,1.8950,23.3166,-0.7524,2.6531,:227530598_0,-78.0552,-3.1071,100.0000,default,19,rsu(722m),158,4381,0.0451,722,3.5194,2,2,-78.0552,-95.0449,direct,0.0500,23.6000,-79.0621
178.5,node[20],2,6856.6806,3790.2284,1.8950,23.3210,0.0436,2.6531,:227530598_0,-83.5873,-5.0000,100.0000,default,19,rsu(724m),159,4411,0.0180,724,3.5145,2,2,-83.5873,-100.5770,direct,0.0500,24.0000,-78.9868
178.6,node[20],2,6854.6158,3789.1312,1.8950,23.3666,0.4567,2.6531,:227530598_0,-80.9910,-4.8702,100.0000,default,19,rsu(725m),160,4441,0.0192,725,3.5096,2,2,-80.9910,-97.9807,direct,0.0500,24.0000,-78.9131
178.7,node[20],2,6852.5393,3788.0278,1.8950,23.5005,1.3388,2.6531,:227530598_0,-81.7768,-4.4406,100.0000,default,19,rsu(727m),161,4471,0.0237,727,3.5177,2,2,-81.7768,-98.7665,direct,0.0500,24.0000,-78.8389
178.8,node[20],2,6850.4326,3787.0019,1.8950,23.4324,-0.6806,2.6697,-831179687#33,-90.7874,-5.0000,100.0000,default,19,rsu(728m),162,4501,0.0180,728,3.5129,2,2,-90.7874,-107.7771,direct,0.0500,24.0000,-78.7666
178.9,node[20],2,6848.3152,3785.9840,1.8950,23.4940,0.6151,2.6886,-831179687#33,-87.1241,-5.0000,100.0000,default,19,rsu(729m),163,4531,0.0180,729,3.5082,2,2,-87.1241,-104.1138,direct,0.0500,24.0000,-78.6944
179,node[20],2,6846.1920,3784.9633,1.8950,23.5595,0.6552,2.6935,-831179687#33,-90.9749,-5.0000,100.0000,default,19,rsu(731m),164,4561,0.0180,731,3.5166,2,2,-90.9749,-107.9646,direct,0.0500,24.0000,-78.6223
179.1,node[20],2,6844.0723,3783.9443,1.8950,23.5196,-0.3987,2.6935,-831179687#33,-85.4332,-5.0000,100.0000,default,19,rsu(732m),165,4591,0.0180,732,3.5119,2,2,-85.4332,-102.4229,direct,0.0500,24.0000,-78.5526
179.2,node[20],2,6841.9474,3782.9228,1.8950,23.5777,0.5810,2.6935,-831179687#33,-84.2274,-5.0000,100.0000,default,19,rsu(734m),166,4621,0.0180,734,3.5074,2,2,-84.2274,-101.2171,direct,0.0500,24.0000,-78.4840
179.3,node[20],2,6839.8216,3781.9008,1.8950,23.5878,0.1004,2.6935,-831179687#33,-83.2326,-5.0000,100.0000,default,19,rsu(735m),167,4651,0.0180,735,3.5159,2,2,-83.2326,-100.2223,direct,0.0500,24.0000,-78.4163
179.4,node[20],2,6837.6906,3780.8764,1.8950,23.6446,0.5684,2.6935,-831179687#33,-88.9196,-5.0000,100.0000,default,19,rsu(737m),168,4681,0.0180,737,3.5115,2,2,-88.9196,-105.9093,direct,0.0500,24.0000,-78.3490
179.5,node[20],2,6835.5525,3779.8485,1.8950,23.7248,0.8020,2.6935,-831179687#33,-83.3793,-5.0000,100.0000,default,19,rsu(738m),169,4711,0.0180,738,3.5202,2,2,-83.3793,-100.3690,direct,0.0500,24.0000,-78.2827
179.6,node[20],2,6833.4098,3778.8184,1.8950,23.7752,0.5046,2.6935,-831179687#33,-86.1380,-5.0000,100.0000,default,19,rsu(740m),170,4741,0.0180,740,3.5159,2,2,-86.1380,-103.1277,direct,0.0500,24.0000,-78.2177
179.7,node[20],2,6831.2597,3777.7848,1.8950,23.8565,0.8130,2.6935,-831179687#33,-82.5419,-5.0000,100.0000,default,19,rsu(741m),171,4771,0.0180,741,3.5117,2,2,-82.5419,-99.5316,direct,0.0500,24.0000,-78.1532
179.8,node[20],2,6829.1024,3776.7478,1.8950,23.9373,0.8078,2.6935,-831179687#33,-86.4373,-5.0000,100.0000,default,19,rsu(743m),172,4801,0.0180,743,3.5075,2,2,-86.4373,-103.4270,direct,0.0500,24.0000,-78.0890
179.9,node[20],2,6826.9497,3775.7129,1.8950,23.8857,-0.5164,2.6935,-831179687#33,-83.0258,-5.0000,100.0000,default,19,rsu(744m),173,4831,0.0180,744,3.5164,2,2,-83.0258,-100.0155,direct,0.0500,24.0000,-78.0283
180,node[20],2,6824.7849,3774.6722,1.8950,24.0212,1.3553,2.6935,-831179687#33,-80.1866,-5.0000,100.0000,default,19,rsu(746m),174,4861,0.0180,746,3.5124,2,2,-80.1866,-97.1763,direct,0.0500,24.0000,-77.9680
180.1,node[20],2,6822.6150,3773.6290,1.8950,24.0771,0.5591,2.6935,-831179687#33,-80.1368,-4.1773,100.0000,default,19,rsu(747m),175,4891,0.0269,747,3.5085,2,2,-80.1368,-97.1265,direct,0.0500,24.0000,-77.9091
180.2,node[20],2,6820.4255,3772.5765,1.8950,24.2941,2.1700,2.6935,-831179687#33,-79.6131,-5.0000,100.0000,default,19,rsu(749m),176,4921,0.0180,749,3.5176,2,2,-79.6131,-96.6028,direct,0.0500,24.0000,-77.8497
180.3,node[20],2,6818.2303,3771.5212,1.8950,24.3570,0.6292,2.6935,-831179687#33,-84.1205,-5.0000,100.0000,default,19,rsu(750m),177,4951,0.0180,750,3.5138,2,2,-84.1205,-101.1102,direct,0.0500,24.0000,-77.7904
180.4,node[20],2,6816.0323,3770.4645,1.8950,24.3894,0.3240,2.6935,-831179687#33,-80.3609,-3.7102,100.0000,default,19,rsu(752m),178,4981,0.0337,752,3.5101,2,2,-80.3609,-97.3506,direct,0.0500,24.0000,-77.7324
180.5,node[20],2,6813.8213,3769.4016,1.8950,24.5322,1.4273,2.6935,-831179687#33,-78.0938,-0.4404,100.0000,default,19,rsu(753m),179,5011,0.1518,753,3.5195,4,6,-78.0938,-95.0835,direct,0.0500,24.0000,-77.6753
180.6,node[20],2,6811.6023,3768.3349,1.8950,24.6223,0.9008,2.6935,-831179687#33,-82.3991,-3.1303,100.0000,default,19,rsu(755m),180,5041,0.0446,755,3.5159,2,2,-82.3991,-99.3888,direct,0.0500,24.0000,-77.6185
180.7,node[20],2,6809.3806,3767.2668,1.8950,24.6511,0.2884,2.6935,-831179687#33,-78.3698,0.8549,100.0000,default,19,rsu(757m),181,5071,0.2549,757,3.5124,4,6,-78.3698,-95.3595,direct,0.0500,24.0000,-77.5628
180.8,node[20],2,6807.1578,3766.1982,1.8950,24.6644,0.1331,2.6935,-831179687#33,-79.9701,-3.1127,100.0000,default,19,rsu(758m),182,5101,0.0449,758,3.5090,2,2,-79.9701,-96.9598,direct,0.0500,24.0000,-77.5086
180.9,node[20],2,6804.9280,3765.1263,1.8950,24.7413,0.7689,2.6935,-831179687#33,-97.4759,-5.0000,100.0000,default,19,rsu(760m),183,5131,0.0180,760,3.5187,2,2,-97.4759,-114.4656,direct,0.0500,24.0000,-77.4562
181,node[20],2,6802.6873,3764.0491,1.8950,24.8629,1.2157,2.6935,-831179687#33,-94.2969,-5.0000,100.0000,default,19,rsu(761m),184,5161,0.0180,761,3.5154,2,2,-94.2969,-111.2866,direct,0.0500,24.0000,-77.4037
181.1,node[20],2,6800.4348,3762.9663,1.8950,24.9933,1.3043,2.6935,-831179687#33,-81.4194,-4.2964,100.0000,default,19,rsu(763m),185,5191,0.0254,763,3.5122,2,2,-81.4194,-98.4091,direct,0.0500,24.0000,-77.3516
181.2,node[20],2,6798.1800,3761.8823,1.8950,25.0195,0.2620,2.6935,-831179687#33,-90.4572,-5.0000,100.0000,default,19,rsu(765m),186,5220,0.0180,765,3.5092,2,2,-90.4572,-107.4469,direct,0.0500,24.0000,-77.3010
181.3,node[20],2,6795.9091,3760.7906,1.8950,25.1974,1.7787,2.6935,-831179687#33,-84.6845,-5.0000,100.0000,default,19,rsu(766m),187,5249,0.0180,766,3.5192,2,2,-84.6845,-101.6742,direct,0.0500,23.2000,-77.2494
181.4,node[20],2,6793.6369,3759.6983,1.8950,25.2123,0.1490,2.6935,-831179687#33,-83.7515,-5.0000,100.0000,default,19,rsu(768m),188,5278,0.0180,768,3.5162,2,2,-83.7515,-100.7412,direct,0.0500,23.2000,-77.2005
181.5,node[20],2,6791.3511,3758.5994,1.8950,25.3623,1.5007,2.6935,-831179687#33,-83.3461,-5.0000,100.0000,default,19,rsu(770m),189,5307,0.0180,770,3.5134,2,2,-83.3461,-100.3358,direct,0.0500,23.2000,-77.1509
181.6,node[20],2,6789.0559,3757.4961,1.8950,25.4672,1.0491,2.6935,-831179687#33,-85.5434,-5.0000,100.0000,default,19,rsu(771m),190,5336,0.0180,771,3.5106,2,2,-85.5434,-102.5331,direct,0.0500,23.2000,-77.1011
181.7,node[20],2,6786.7626,3756.3654,1.8950,25.5715,1.0425,2.6884,:227579867_0,-88.7694,-5.0000,100.0000,default,19,rsu(773m),191,5365,0.0180,773,3.5080,2,2,-88.7694,-105.7591,direct,0.0500,23.2000,-77.0523
181.8,node[20],2,6784.4952,3755.1752,1.8950,25.6026,0.3114,2.6703,:227579867_0,-80.7573,-3.9973,100.0000,default,19,rsu(775m),192,5394,0.0294,775,3.5184,2,2,-80.7573,-97.7470,direct,0.0500,23.2000,-77.0039
181.9,node[20],2,6782.2193,3753.9804,1.8950,25.7000,0.9741,2.6582,:227579867_0,-97.6913,-5.0000,100.0000,default,19,rsu(777m),193,5423,0.0180,777,3.5159,2,2,-97.6913,-114.6810,direct,0.0500,23.2000,-76.9559
182,node[20],2,6779.9348,3752.7812,1.8950,25.7958,0.9572,2.6582,:227579867_0,-80.9917,-4.8373,100.0000,default,19,rsu(778m),194,5452,0.0195,778,3.5135,2,2,-80.9917,-97.9814,direct,0.0500,23.2000,-76.9076
182.1,node[20],2,6777.6409,3751.5771,1.8950,25.9027,1.0689,2.6582,:227579867_0,-81.6272,-3.6044,100.0000,default,19,rsu(780m),195,5481,0.0355,780,3.5112,2,2,-81.6272,-98.6169,direct,0.0500,23.2000,-76.8607
182.2,node[20],2,6775.3319,3750.3650,1.8950,26.0731,1.7043,2.6582,:227579867_0,-83.1368,-4.4079,100.0000,default,20,rsu(782m),196,5511,0.0240,782,3.5094,2,2,-83.1368,-100.1265,direct,0.0500,23.2000,-76.7946
182.3,node[20],2,6773.0574,3749.0740,1.8950,26.1684,0.9533,2.6410,-831179687#32,-83.0007,-4.0360,100.0000,default,20,rsu(782m),197,5541,0.0288,782,3.5078,2,2,-83.0007,-99.9904,direct,0.0500,24.0000,-76.7450
182.4,node[20],2,6770.7924,3747.7809,1.8950,26.0975,-0.7086,2.6229,-831179687#32,-77.2378,1.4982,100.0000,default,20,rsu(782m),198,5571,0.3206,782,3.5193,5,8,-77.2378,-94.2275,direct,0.0500,24.0000,-76.6964
182.5,node[20],2,6768.5225,3746.4850,1.8950,26.1530,0.5541,2.6229,-831179687#32,-81.0634,-4.2421,100.0000,default,20,rsu(781m),199,5601,0.0261,781,3.5179,2,2,-81.0634,-98.0531,direct,0.0500,24.0000,-76.6457
182.6,node[20],2,6766.2552,3745.1906,1.8950,26.1233,-0.2968,2.6229,-831179687#32,-80.7035,-5.0000,100.0000,default,20,rsu(780m),200,5631,0.0180,780,3.5166,2,2,-80.7035,-97.6932,direct,0.0500,24.0000,-76.5944
182.7,node[20],2,6763.9956,3743.9008,1.8950,26.0275,-0.9581,2.6229,:5299213887_4,-82.7633,-5.0000,100.0000,default,20,rsu(780m),201,5661,0.0180,780,3.5154,2,2,-82.7633,-99.7530,direct,0.0500,24.0000,-76.5435
182.8,node[20],2,6761.7328,3742.6093,1.8950,26.0468,0.1929,2.6229,:5299213887_4,-89.3830,-5.0000,100.0000,default,20,rsu(779m),202,5692,0.0180,779,3.5143,2,2,-89.3830,-106.3727,direct,0.0500,24.0000,-76.4920
182.9,node[20],2,6759.4656,3741.3153,1.8950,26.0979,0.5116,2.6230,:5299213887_4,-90.0374,-5.0000,100.0000,default,20,rsu(779m),203,5723,0.0180,779,3.5133,2,2,-90.0374,-107.0271,direct,0.0500,24.8000,-76.4383
183,node[20],2,6757.2099,3740.0279,1.8950,25.9644,-1.3357,2.6230,:5299213887_4,-85.2345,-5.0000,100.0000,default,20,rsu(778m),204,5754,0.0180,778,3.5124,2,2,-85.2345,-102.2242,direct,0.0500,24.8000,-76.3849
183.1,node[20],2,6754.9577,3738.7425,1.8950,25.9243,-0.4009,2.6230,:5299213887_4,-89.2521,-5.0000,100.0000,default,20,rsu(778m),205,5785,0.0180,778,3.5116,2,2,-89.2521,-106.2418,direct,0.0500,24.8000,-76.3320
183.2,node[20],2,6752.7038,3737.4560,1.8950,25.9448,0.2054,2.6230,:5299213887_4,-79.1623,-0.5217,100.0000,default,20,rsu(777m),206,5816,0.1467,777,3.5109,4,6,-79.1623,-96.1520,direct,0.0500,24.8000,-76.2770
183.3,node[20],2,6750.4551,3736.1720,1.8950,25.8907,-0.5408,2.6229,-831179687#31,-85.7411,-5.0000,100.0000,default,20,rsu(777m),207,5847,0.0180,777,3.5104,2,2,-85.7411,-102.7308,direct,0.0500,24.8000,-76.2225
183.4,node[20],2,6748.2075,3734.8884,1.8950,25.8821,-0.0865,2.6227,-831179687#31,-79.0120,-3.8475,100.0000,default,20,rsu(776m),208,5878,0.0316,776,3.5099,2,2,-79.0120,-96.0017,direct,0.0500,24.8000,-76.1662
183.5,node[20],2,6745.9602,3733.6049,1.8950,25.8771,-0.0498,2.6227,-831179687#31,-79.8155,-2.5801,100.0000,default,20,rsu(776m),209,5909,0.0579,776,3.5096,3,4,-79.8155,-96.8052,direct,0.0500,24.8000,-76.1091
183.6,node[20],2,6743.7117,3732.3208,1.8950,25.8919,0.1483,2.6227,-831179687#31,-87.6544,-5.0000,100.0000,default,20,rsu(775m),210,5940,0.0180,775,3.5093,2,2,-87.6544,-104.6441,direct,0.0500,24.8000,-76.0487
183.7,node[20],2,6741.4752,3731.0435,1.8950,25.7530,-1.3891,2.6227,-831179687#31,-80.0209,-1.0740,100.0000,default,20,rsu(775m),211,5971,0.1154,775,3.5092,3,4,-80.0209,-97.0106,direct,0.0500,24.8000,-75.9896
183.8,node[20],2,6739.2291,3729.7608,1.8950,25.8638,1.1076,2.6227,-831179687#31,-82.9109,-5.0000,100.0000,default,20,rsu(774m),212,6002,0.0180,774,3.5092,2,2,-82.9109,-99.9006,direct,0.0500,24.8000,-75.9258
183.9,node[20],2,6736.9973,3728.4861,1.8950,25.7000,-1.6375,2.6227,-831179687#31,-86.6007,-5.0000,100.0000,default,20,rsu(774m),213,6033,0.0180,774,3.5093,2,2,-86.6007,-103.5904,direct,0.0500,24.8000,-75.8632
184,node[20],2,6734.7683,3727.2131,1.8950,25.6673,-0.3271,2.6227,-831179687#31,-80.6303,-4.6565,100.0000,default,20,rsu(774m),214,6064,0.0213,774,3.5095,2,2,-80.6303,-97.6200,direct,0.0500,24.8000,-75.7991
184.1,node[20],2,6732.5417,3725.9415,1.8950,25.6389,-0.2842,2.6227,-831179687#31,-84.3545,-5.0000,100.0000,default,20,rsu(773m),215,6095,0.0180,773,3.5097,2,2,-84.3545,-101.3442,direct,0.0500,24.8000,-75.7340
184.2,node[20],2,6730.3071,3724.6653,1.8950,25.7320,0.9312,2.6227,-831179687#31,-83.2422,-5.0000,100.0000,default,20,rsu(773m),216,6126,0.0180,773,3.5101,2,2,-83.2422,-100.2319,direct,0.0500,24.8000,-75.6642
184.3,node[20],2,6728.0838,3723.3956,1.8950,25.6006,-1.3146,2.6227,-831179687#31,-78.7182,-4.4716,100.0000,default,20,rsu(772m),217,6157,0.0233,772,3.5106,2,2,-78.7182,-95.7079,direct,0.0500,24.8000,-75.5955
184.4,node[20],2,6725.8560,3722.1232,1.8950,25.6542,0.5362,2.6227,-831179687#31,-90.4007,-5.0000,100.0000,default,20,rsu(772m),218,6188,0.0180,772,3.5113,2,2,-90.4007,-107.3904,direct,0.0500,24.8000,-75.5226
184.5,node[20],2,6723.6296,3720.8517,1.8950,25.6365,-0.1766,2.6227,-831179687#31,-85.8070,-5.0000,100.0000,default,20,rsu(772m),219,6219,0.0180,772,3.5120,2,2,-85.8070,-102.7967,direct,0.0500,24.8000,-75.4479
184.6,node[20],2,6721.4052,3719.5813,1.8950,25.6146,-0.2187,2.6227,-831179687#31,-90.2915,-5.0000,100.0000,default,20,rsu(771m),220,6250,0.0180,771,3.5128,2,2,-90.2915,-107.2812,direct,0.0500,24.8000,-75.3697
184.7,node[20],2,6719.1803,3718.3227,1.8950,25.5562,-0.5846,2.6248,:227512667_0,-81.9332,-2.7186,100.0000,default,20,rsu(771m),221,6281,0.0542,771,3.5137,3,4,-81.9332,-98.9229,direct,0.0500,24.8000,-75.2904
184.8,node[20],2,6716.9512,3717.0657,1.8950,25.5842,0.2799,2.6276,:227512667_0,-80.1167,-3.4436,100.0000,default,20,rsu(770m),222,6311,0.0384,770,3.5147,2,2,-80.1167,-97.1064,direct,0.0500,24.8000,-75.2061
184.9,node[20],2,6714.7332,3715.8148,1.8950,25.4571,-1.2704,2.6281,:227512667_0,-81.1536,-4.9486,100.0000,default,20,rsu(770m),223,6341,0.0184,770,3.5158,2,2,-81.1536,-98.1433,direct,0.0500,24.0000,-75.1215
185,node[20],2,6712.5018,3714.5565,1.8950,25.6100,1.5289,2.6281,:227512667_0,-84.5083,-5.0000,100.0000,default,20,rsu(770m),224,6371,0.0180,770,3.5170,2,2,-84.5083,-101.4980,direct,0.0500,24.0000,-75.0308
185.1,node[20],2,6710.2806,3713.3039,1.8950,25.4931,-1.1689,2.6281,:227512667_0,-84.2898,-5.0000,100.0000,default,20,rsu(769m),225,6401,0.0180,769,3.5183,2,2,-84.2898,-101.2795,direct,0.0500,24.0000,-74.9375
185.2,node[20],2,6708.0584,3712.0521,1.8950,25.5011,0.0797,2.6284,-831179687#30,-83.7823,-5.0000,100.0000,default,20,rsu(769m),226,6431,0.0180,769,3.5197,2,2,-83.7823,-100.7720,direct,0.0500,24.0000,-74.8391
185.3,node[20],2,6705.8369,3710.8139,1.8950,25.4518,-0.4929,2.6309,-831179687#30,-83.2554,-5.0000,100.0000,default,21,rsu(769m),227,6461,0.0180,769,3.5082,2,2,-83.2554,-100.2451,direct,0.0500,24.0000,-74.7318
185.4,node[20],2,6703.6079,3709.5714,1.8950,25.5390,0.8714,2.6331,-831179687#30,-86.8112,-5.0000,100.0000,default,21,rsu(768m),228,6491,0.0180,768,3.5098,2,2,-86.8112,-103.8009,direct,0.0500,24.0000,-74.6250
185.5,node[20],2,6701.3812,3708.3318,1.8950,25.4932,-0.4572,2.6334,:5299213884_4,-81.2055,-5.0000,100.0000,default,21,rsu(768m),229,6521,0.0180,768,3.5115,2,2,-81.2055,-98.1952,direct,0.0500,24.0000,-74.5127
185.6,node[20],2,6699.1628,3707.0976,1.8950,25.3886,-1.0467,2.6338,:5299213884_4,-86.1223,-5.0000,100.0000,default,21,rsu(768m),230,6551,0.0180,768,3.5132,2,2,-86.1223,-103.1120,direct,0.0500,24.0000,-74.3976
185.7,node[20],2,6696.9450,3705.8637,1.8950,25.3821,-0.0644,2.6339,:5299213884_4,-81.8919,-4.2423,100.0000,default,21,rsu(768m),231,6581,0.0261,768,3.5151,2,2,-81.8919,-98.8816,direct,0.0500,24.0000,-74.2759
185.8,node[20],2,6694.7263,3704.6293,1.8950,25.3912,0.0904,2.6339,:5299213884_4,-87.7287,-5.0000,100.0000,default,21,rsu(767m),232,6611,0.0180,767,3.5171,2,2,-87.7287,-104.7184,direct,0.0500,24.0000,-74.1478
185.9,node[20],2,6692.5050,3703.3935,1.8950,25.4222,0.3098,2.6339,:5299213884_4,-79.1998,-0.5503,100.0000,default,21,rsu(767m),233,6641,0.1449,767,3.5191,4,6,-79.1998,-96.1895,direct,0.0500,24.0000,-74.0119
186,node[20],2,6690.2962,3702.1647,1.8950,25.2778,-1.4437,2.6339,:5299213884_4,-89.1933,-5.0000,100.0000,default,21,rsu(767m),234,6671,0.0180,767,3.5083,2,2,-89.1933,-106.1830,direct,0.0500,24.0000,-73.8715
186.1,node[20],2,6688.0817,3700.9308,1.8950,25.3495,0.7174,2.6336,-831179687#29,-83.5318,-4.6695,100.0000,default,21,rsu(767m),235,6701,0.0211,767,3.5201,2,2,-83.5318,-100.5215,direct,0.0500,24.0000,-73.7211
186.2,node[20],2,6685.8707,3699.6989,1.8950,25.3088,-0.4069,2.6332,-831179687#29,-88.5949,-5.0000,100.0000,default,21,rsu(766m),236,6731,0.0180,766,3.5190,2,2,-88.5949,-105.5846,direct,0.0500,24.0000,-73.5610
186.3,node[20],2,6683.6645,3698.4696,1.8950,25.2543,-0.5457,2.6332,-831179687#29,-90.0623,-5.0000,100.0000,default,21,rsu(766m),237,6761,0.0180,766,3.5180,2,2,-90.0623,-107.0520,direct,0.0500,24.0000,-73.3920
186.4,node[20],2,6681.4578,3697.2400,1.8950,25.2593,0.0507,2.6332,-831179687#29,-78.4284,-0.9452,100.0000,default,21,rsu(766m),238,6791,0.1221,766,3.5171,4,6,-78.4284,-95.4181,direct,0.0500,24.0000,-73.2101
186.5,node[20],2,6679.2446,3696.0068,1.8950,25.3346,0.7529,2.6332,-831179687#29,-84.2006,-5.0000,100.0000,default,21,rsu(766m),239,6821,0.0180,766,3.5163,2,2,-84.2006,-101.1903,direct,0.0500,24.0000,-73.0130
186.6,node[20],2,6677.0325,3694.7743,1.8950,25.3215,-0.1310,2.6332,-831179687#29,-87.6484,-5.0000,100.0000,default,21,rsu(766m),240,6851,0.0180,766,3.5155,2,2,-87.6484,-104.6381,direct,0.0500,24.0000,-72.7994
186.7,node[20],2,6674.8228,3693.5430,1.8950,25.2950,-0.2648,2.6332,-831179687#29,-86.6956,-5.0000,100.0000,default,21,rsu(765m),241,6881,0.0180,765,3.5149,2,2,-86.6956,-103.6853,direct,0.0500,24.0000,-72.5662
186.8,node[20],2,6672.6147,3692.3127,1.8950,25.2750,-0.2000,2.6332,-831179687#29,-90.5544,-5.0000,100.0000,default,21,rsu(765m),242,6911,0.0180,765,3.5143,2,2,-90.5544,-107.5441,direct,0.0500,24.0000,-72.3091
186.9,node[20],2,6670.4101,3691.0843,1.8950,25.2360,-0.3903,2.6332,-831179687#29,-81.8789,-3.2918,100.0000,default,21,rsu(765m),243,6941,0.0413,765,3.5138,2,2,-81.8789,-98.8686,direct,0.0500,24.0000,-72.0234
187,node[20],2,6668.2104,3689.8586,1.8950,25.1797,-0.5627,2.6332,-831179687#29,-91.6250,-5.0000,100.0000,default,21,rsu(765m),244,6971,0.0180,765,3.5134,2,2,-91.6250,-108.6147,direct,0.0500,24.0000,-71.7029
187.1,node[20],2,6666.0186,3688.6373,1.8950,25.0899,-0.8988,2.6332,-831179687#29,-78.5012,-4.2463,100.0000,default,21,rsu(765m),245,7001,0.0260,765,3.5131,2,2,-78.5012,-95.4909,direct,0.0500,24.0000,-71.3410
187.2,node[20],2,6663.8145,3687.4092,1.8950,25.2299,1.4005,2.6332,-831179687#29,-92.1375,-5.0000,100.0000,default,21,rsu(765m),246,7031,0.0180,765,3.5140,2,2,-92.1375,-109.1272,direct,0.0500,24.0000,-70.9208
187.3,node[20],2,6661.6121,3686.1820,1.8950,25.2108,-0.1914,2.6332,-831179687#29,-86.6433,-5.0000,100.0000,default,21,rsu(765m),247,7061,0.0180,765,3.5150,2,2,-86.6433,-103.6330,direct,0.0500,24.0000,-70.4325
187.4,node[20],2,6659.4151,3684.9579,1.8950,25.1486,-0.6223,2.6332,-831179687#29,-83.9083,-5.0000,100.0000,default,21,rsu(764m),248,7091,0.0180,764,3.5160,2,2,-83.9083,-100.8980,direct,0.0500,24.0000,-69.8619
187.5,node[20],2,6657.2178,3683.7335,1.8950,25.1522,0.0365,2.6332,-831179687#29,-87.9766,-5.0000,100.0000,default,21,rsu(764m),249,7121,0.0180,764,3.5172,2,2,-87.9766,-104.9663,direct,0.0500,24.0000,-69.1863
187.6,node[20],2,6655.0260,3682.5122,1.8950,25.0903,-0.6193,2.6332,-831179687#29,-77.4551,-1.4353,100.0000,default,21,rsu(764m),250,7151,0.0982,764,3.5184,3,4,-77.4551,-94.4448,direct,0.0500,24.0000,-68.3841
187.7,node[20],2,6652.8426,3681.2957,1.8950,24.9929,-0.9740,2.6332,-831179687#29,-85.0556,-5.0000,100.0000,default,21,rsu(764m),251,7181,0.0180,764,3.5196,2,2,-85.0556,-102.0453,direct,0.0500,24.0000,-67.4314
187.8,node[20],2,6650.6435,3680.0703,1.8950,25.1734,1.8054,2.6332,-831179687#29,-84.2089,-5.0000,100.0000,default,21,rsu(764m),252,7211,0.0180,764,3.5080,2,2,-84.2089,-101.1986,direct,0.0500,24.0000,-66.2882
187.9,node[20],2,6648.4461,3678.8557,1.8950,25.1109,-0.6251,2.6349,:227600910_5,-85.3949,-5.0000,100.0000,default,21,rsu(764m),253,7241,0.0180,764,3.5094,2,2,-85.3949,-102.3846,direct,0.0500,24.0000,-64.9555
188,node[20],2,6646.2410,3677.6723,1.8950,25.0432,-0.6767,2.6429,:227600910_5,-81.5690,-5.0000,100.0000,default,21,rsu(764m),254,7271,0.0180,764,3.5109,2,2,-81.5690,-98.5587,direct,0.0500,24.0000,-63.4948
188.1,node[20],2,6644.0348,3676.4883,1.8950,25.0567,0.1345,2.6490,:227600910_5,-85.7347,-5.0000,100.0000,default,21,rsu(764m),255,7301,0.0180,764,3.5124,2,2,-85.7347,-102.7244,direct,0.0500,24.0000,-62.0913
188.2,node[20],2,6641.8269,3675.3034,1.8950,25.0753,0.1857,2.6490,:227600910_5,-88.4112,-5.0000,100.0000,default,21,rsu(764m),256,7331,0.0180,764,3.5141,2,2,-88.4112,-105.4009,direct,0.0500,24.0000,-61.2153
188.3,node[20],2,6639.6227,3674.1205,1.8950,25.0335,-0.4179,2.6490,:227600910_5,-82.1458,-5.0000,100.0000,default,21,rsu(764m),257,7361,0.0180,764,3.5158,2,2,-82.1458,-99.1355,direct,0.0500,24.0000,-61.3740
188.4,node[20],2,6637.4214,3672.9392,1.8950,25.0010,-0.3244,2.6490,:227600910_5,-79.8683,-0.5790,100.0000,default,21,rsu(764m),258,7391,0.1431,764,3.5175,4,6,-79.8683,-96.8580,direct,0.0500,24.0000,-62.4599
188.5,node[20],2,6635.2111,3671.7729,1.8950,25.0001,-0.0093,2.6526,-831179687#28,-82.5200,-4.5637,100.0000,default,21,rsu(764m),259,7421,0.0223,764,3.5194,2,2,-82.5200,-99.5097,direct,0.0500,24.0000,-63.9288
188.6,node[20],2,6632.9902,3670.6307,1.8950,24.9667,-0.3336,2.6613,-831179687#28,-84.3795,-5.0000,100.0000,default,21,rsu(764m),260,7451,0.0180,764,3.5083,2,2,-84.3795,-101.3692,direct,0.0500,24.0000,-65.3835
188.7,node[20],2,6630.7720,3669.4899,1.8950,24.9365,-0.3023,2.6666,-831179687#28,-79.6740,-0.5410,100.0000,default,21,rsu(764m),261,7482,0.1455,764,3.5103,4,6,-79.6740,-96.6637,direct,0.0500,24.4000,-66.6681
188.8,node[20],2,6628.5602,3668.3524,1.8950,24.8652,-0.7127,2.6666,-831179687#28,-80.1247,-2.4373,100.0000,default,21,rsu(764m),262,7513,0.0619,764,3.5123,3,4,-80.1247,-97.1144,direct,0.0500,24.4000,-67.7635
188.9,node[20],2,6626.3503,3667.2147,1.8950,24.8430,-0.2224,2.6664,:8619319287_4,-80.9517,-3.8779,100.0000,default,21,rsu(764m),263,7544,0.0311,764,3.5144,2,2,-80.9517,-97.9414,direct,0.0500,24.8000,-68.6899
189,node[20],2,6624.1339,3666.0707,1.8950,24.9182,0.7524,2.6656,:8619319287_4,-83.3568,-5.0000,100.0000,default,21,rsu(764m),264,7575,0.0180,764,3.5166,2,2,-83.3568,-100.3465,direct,0.0500,24.8000,-69.4751
189.1,node[20],2,6621.9191,3664.9276,1.8950,24.9004,-0.1787,2.6651,:8619319287_4,-80.4172,-4.1660,100.0000,default,21,rsu(764m),265,7606,0.0270,764,3.5189,2,2,-80.4172,-97.4069,direct,0.0500,24.8000,-70.1404
189.2,node[20],2,6619.7038,3663.7842,1.8950,24.9057,0.0533,2.6651,:8619319287_4,-81.8730,-5.0000,100.0000,default,21,rsu(765m),266,7637,0.0180,765,3.5082,2,2,-81.8730,-98.8627,direct,0.0500,24.8000,-70.7063
189.3,node[20],2,6617.4913,3662.6434,1.8950,24.8810,-0.2466,2.6653,-831179687#27,-78.3154,-4.1072,100.0000,default,21,rsu(765m),267,7668,0.0278,765,3.5106,2,2,-78.3154,-95.3051,direct,0.0500,24.8000,-71.1894
189.4,node[20],2,6615.2787,3661.5036,1.8950,24.8905,0.0942,2.6657,-831179687#27,-83.8370,-5.0000,100.0000,default,21,rsu(765m),268,7698,0.0180,765,3.5130,2,2,-83.8370,-100.8267,direct,0.0500,24.8000,-71.6045
189.5,node[20],2,6613.0716,3660.3667,1.8950,24.8276,-0.6290,2.6659,-831179687#27,-85.9622,-5.0000,100.0000,default,21,rsu(765m),269,7729,0.0180,765,3.5156,2,2,-85.9622,-102.9519,direct,0.0500,24.4000,-71.9634
189.6,node[20],2,6610.8528,3659.2237,1.8950,24.9595,1.3191,2.6659,-831179687#27,-91.1639,-5.0000,100.0000,default,21,rsu(765m),270,7760,0.0180,765,3.5182,2,2,-91.1639,-108.1536,direct,0.0500,24.4000,-72.2751
189.7,node[20],2,6608.6423,3658.0850,1.8950,24.8673,-0.9221,2.6659,-831179687#27,-84.6005,-5.0000,100.0000,default,21,rsu(765m),271,7790,0.0180,765,3.5078,2,2,-84.6005,-101.5902,direct,0.0500,24.4000,-72.5472
189.8,node[20],2,6606.4320,3656.9464,1.8950,24.8633,-0.0392,2.6659,-831179687#27,-93.4352,-5.0000,100.0000,default,21,rsu(765m),272,7821,0.0180,765,3.5105,2,2,-93.4352,-110.4249,direct,0.0500,24.4000,-72.7842
189.9,node[20],2,6604.2286,3655.8114,1.8950,24.7869,-0.7644,2.6659,-831179687#27,-96.3386,-5.0000,100.0000,default,21,rsu(765m),273,7851,0.0180,765,3.5133,2,2,-96.3386,-113.3283,direct,0.0500,24.4000,-72.9925
190,node[20],2,6602.0214,3654.6733,1.8950,24.8343,0.4740,2.6657,:8619319280_4,-83.6281,-5.0000,100.0000,default,21,rsu(766m),274,7882,0.0180,766,3.5162,2,2,-83.6281,-100.6178,direct,0.0500,24.4000,-73.1765
190.1,node[20],2,6599.8220,3653.5381,1.8950,24.7537,-0.8060,2.6653,:8619319280_4,-84.3987,-5.0000,100.0000,default,21,rsu(766m),275,7913,0.0180,766,3.5191,2,2,-84.3987,-101.3884,direct,0.0500,24.8000,-73.3404
190.2,node[20],2,6597.6170,3652.4000,1.8950,24.8165,0.6281,2.6651,:8619319280_4,-79.6101,-3.6003,100.0000,default,21,rsu(766m),276,7944,0.0356,766,3.5091,2,2,-79.6101,-96.5998,direct,0.0500,24.8000,-73.4845
190.3,node[20],2,6595.4182,3651.2652,1.8950,24.7454,-0.7107,2.6651,:8619319280_4,-79.1306,-0.5620,100.0000,default,21,rsu(766m),277,7975,0.1442,766,3.5121,4,6,-79.1306,-96.1203,direct,0.0500,24.8000,-73.6133
190.4,node[20],2,6593.2214,3650.1341,1.8950,24.7042,-0.4127,2.6656,-831179687#26,-78.4146,-2.0540,100.0000,default,21,rsu(766m),278,8006,0.0740,766,3.5152,3,4,-78.4146,-95.4043,direct,0.0500,24.8000,-73.7299
190.5,node[20],2,6591.0141,3648.9988,1.8950,24.8123,1.0810,2.6663,-831179687#26,-82.4020,-5.0000,100.0000,default,21,rsu(767m),279,8036,0.0180,767,3.5184,2,2,-82.4020,-99.3917,direct,0.0500,24.4000,-73.8341
190.6,node[20],2,6588.8073,3647.8638,1.8950,24.8068,-0.0543,2.6666,-831179687#26,-82.0677,-4.9161,100.0000,default,21,rsu(767m),280,8067,0.0187,767,3.5087,2,2,-82.0677,-99.0574,direct,0.0500,24.4000,-73.9264
190.7,node[20],2,6586.6024,3646.7298,1.8950,24.7854,-0.2141,2.6666,-831179687#26,-87.0562,-5.0000,100.0000,default,21,rsu(767m),281,8097,0.0180,767,3.5120,2,2,-87.0562,-104.0459,direct,0.0500,24.4000,-74.0095
190.8,node[20],2,6584.4016,3645.5967,1.8950,24.7650,-0.2042,2.6663,:8619319249_4,-83.9453,-5.0000,100.0000,default,21,rsu(767m),282,8128,0.0180,767,3.5154,2,2,-83.9453,-100.9350,direct,0.0500,24.4000,-74.0851
190.9,node[20],2,6582.1991,3644.4625,1.8950,24.7887,0.2365,2.6661,:8619319249_4,-92.5278,-5.0000,100.0000,default,21,rsu(768m),283,8159,0.0180,768,3.5188,2,2,-92.5278,-109.5175,direct,0.0500,24.8000,-74.1520
191,node[20],2,6580.0024,3643.3314,1.8950,24.7219,-0.6674,2.6661,:8619319249_4,-82.3645,-5.0000,100.0000,default,21,rsu(768m),284,8190,0.0180,768,3.5093,2,2,-82.3645,-99.3542,direct,0.0500,24.8000,-74.2150
191.1,node[20],2,6577.8029,3642.1980,1.8950,24.7500,0.2808,2.6659,-831179687#25,-81.7286,-5.0000,100.0000,default,21,rsu(768m),285,8221,0.0180,768,3.5129,2,2,-81.7286,-98.7183,direct,0.0500,24.8000,-74.2712
191.2,node[20],2,6575.6042,3641.0525,1.8950,24.7129,-0.3708,2.6636,:227581161_0,-82.5771,-5.0000,100.0000,default,21,rsu(768m),286,8251,0.0180,768,3.5165,2,2,-82.5771,-99.5668,direct,0.0500,24.8000,-74.3208
191.3,node[20],2,6573.4180,3639.8968,1.8950,24.7467,0.3377,2.6584,:227581161_0,-91.3200,-5.0000,100.0000,default,21,rsu(769m),287,8282,0.0180,769,3.5072,2,2,-91.3200,-108.3097,direct,0.0500,24.4000,-74.3668
191.4,node[20],2,6571.2312,3638.7408,1.8950,24.7534,0.0671,2.6553,:227581161_0,-92.2762,-5.0000,100.0000,default,21,rsu(769m),288,8312,0.0180,769,3.5109,2,2,-92.2762,-109.2659,direct,0.0500,24.4000,-74.4093
191.5,node[20],2,6569.0467,3637.5861,1.8950,24.7273,-0.2613,2.6553,:227581161_0,-92.8524,-5.0000,100.0000,default,21,rsu(769m),289,8342,0.0180,769,3.5147,2,2,-92.8524,-109.8421,direct,0.0500,24.0000,-74.4473
191.6,node[20],2,6566.8644,3636.4325,1.8950,24.7033,-0.2396,2.6553,:227581161_0,-80.4807,-2.5547,100.0000,default,21,rsu(769m),290,8373,0.0586,769,3.5186,3,4,-80.4807,-97.4704,direct,0.0500,24.0000,-74.4834
191.7,node[20],2,6564.6850,3635.2804,1.8950,24.6690,-0.3432,2.6553,:227581161_0,-83.3220,-4.5840,100.0000,default,21,rsu(770m),291,8404,0.0221,770,3.5096,2,2,-83.3220,-100.3117,direct,0.0500,24.8000,-74.5170
191.8,node[20],2,6562.5101,3634.1177,1.8950,24.6658,-0.0317,2.6530,-831179687#24,-89.4770,-5.0000,100.0000,default,21,rsu(770m),292,8434,0.0180,770,3.5136,2,2,-89.4770,-106.4667,direct,0.0500,24.8000,-74.5464
191.9,node[20],2,6560.3389,3632.9379,1.8950,24.6999,0.3407,2.6473,:8619319256_4,-85.5049,-5.0000,100.0000,default,21,rsu(770m),293,8464,0.0180,770,3.5176,2,2,-85.5049,-102.4946,direct,0.0500,24.0000,-74.5731
192,node[20],2,6558.1633,3631.7567,1.8950,24.7550,0.5509,2.6440,:8619319256_4,-85.1714,-5.0000,100.0000,default,21,rsu(770m),294,8495,0.0180,770,3.5087,2,2,-85.1714,-102.1611,direct,0.0500,24.0000,-74.5969
192.1,node[20],2,6555.9883,3630.5759,1.8950,24.7476,-0.0738,2.6442,:8619319256_4,-79.3685,-0.5118,100.0000,default,21,rsu(771m),295,8526,0.1473,771,3.5129,4,6,-79.3685,-96.3582,direct,0.0500,24.8000,-74.6172
192.2,node[20],2,6553.8245,3629.4010,1.8950,24.6217,-1.2590,2.6442,:8619319256_4,-84.8514,-5.0000,100.0000,default,21,rsu(771m),296,8557,0.0180,771,3.5171,2,2,-84.8514,-101.8411,direct,0.0500,24.8000,-74.6385
192.3,node[20],2,6551.6550,3628.2234,1.8950,24.6860,0.6434,2.6442,-831179687#23,-78.5380,-1.1246,100.0000,default,21,rsu(771m),297,8588,0.1128,771,3.5084,3,4,-78.5380,-95.5277,direct,0.0500,24.8000,-74.6557
192.4,node[20],2,6549.4868,3627.0465,1.8950,24.6708,-0.1521,2.6443,-831179687#23,-87.8418,-5.0000,100.0000,default,21,rsu(772m),298,8619,0.0180,772,3.5128,2,2,-87.8418,-104.8315,direct,0.0500,24.8000,-74.6728
192.5,node[20],2,6547.3201,3625.8704,1.8950,24.6544,-0.1641,2.6443,-831179687#23,-84.0039,-5.0000,100.0000,default,21,rsu(772m),299,8649,0.0180,772,3.5172,2,2,-84.0039,-100.9936,direct,0.0500,24.4000,-74.6886
192.6,node[20],2,6545.1601,3624.6980,1.8950,24.5787,-0.7572,2.6443,-831179687#23,-80.0879,-5.0000,100.0000,default,21,rsu(772m),300,8680,0.0180,772,3.5087,2,2,-80.0879,-97.0776,direct,0.0500,24.4000,-74.7047
192.7,node[20],2,6542.9883,3623.5191,1.8950,24.7124,1.3373,2.6443,-831179687#23,-78.1081,0.4566,100.0000,default,21,rsu(773m),301,8711,0.2190,773,3.5132,4,6,-78.1081,-95.0978,direct,0.0500,24.8000,-74.7168
192.8,node[20],2,6540.8228,3622.3437,1.8950,24.6405,-0.7192,2.6443,-831179687#23,-84.7004,-5.0000,100.0000,default,21,rsu(773m),302,8742,0.0180,773,3.5177,2,2,-84.7004,-101.6901,direct,0.0500,24.8000,-74.7276
192.9,node[20],2,6538.6683,3621.1743,1.8950,24.5158,-1.2473,2.6443,-831179687#23,-85.0351,-5.0000,100.0000,default,21,rsu(773m),303,8773,0.0180,773,3.5094,2,2,-85.0351,-102.0248,direct,0.0500,24.8000,-74.7391
193,node[20],2,6536.5104,3620.0030,1.8950,24.5543,0.3852,2.6443,-831179687#23,-80.4369,-5.0000,100.0000,default,21,rsu(774m),304,8803,0.0180,774,3.5140,2,2,-80.4369,-97.4266,direct,0.0500,24.8000,-74.7477
193.1,node[20],2,6534.3537,3618.8323,1.8950,24.5399,-0.1444,2.6443,-831179687#23,-91.0280,-5.0000,100.0000,default,21,rsu(774m),305,8834,0.0180,774,3.5188,2,2,-91.0280,-108.0177,direct,0.0500,24.4000,-74.7584
193.2,node[20],2,6532.1945,3617.6603,1.8950,24.5691,0.2928,2.6443,-831179687#23,-83.5231,-5.0000,100.0000,default,21,rsu(774m),306,8865,0.0180,774,3.5106,2,2,-83.5231,-100.5128,direct,0.0500,24.4000,-74.7666
193.3,node[20],2,6530.0328,3616.4870,1.8950,24.5977,0.2854,2.6443,-831179687#23,-82.6395,-5.0000,100.0000,default,21,rsu(775m),307,8896,0.0180,775,3.5154,2,2,-82.6395,-99.6292,direct,0.0500,24.8000,-74.7736
193.4,node[20],2,6527.8719,3615.3140,1.8950,24.5884,-0.0929,2.6443,-831179687#23,-82.0270,-5.0000,100.0000,default,21,rsu(775m),308,8927,0.0180,775,3.5073,2,2,-82.0270,-99.0167,direct,0.0500,24.8000,-74.7786
193.5,node[20],2,6525.7137,3614.1426,1.8950,24.5577,-0.3063,2.6443,-831179687#23,-91.9225,-5.0000,100.0000,default,22,rsu(775m),309,8959,0.0180,775,3.5122,2,2,-91.9225,-108.9122,direct,0.0500,25.2000,-74.7855
193.6,node[20],2,6523.5526,3612.9696,1.8950,24.5905,0.3275,2.6443,-831179687#23,-86.3411,-5.0000,100.0000,default,21,rsu(776m),310,8991,0.0180,776,3.5172,2,2,-86.3411,-103.3308,direct,0.0500,25.2000,-74.7970
193.7,node[20],2,6521.3950,3611.7984,1.8950,24.5516,-0.3890,2.6443,-831179687#23,-88.7126,-5.0000,100.0000,default,21,rsu(776m),311,9023,0.0180,776,3.5092,2,2,-88.7126,-105.7023,direct,0.0500,25.6000,-74.8027
193.8,node[20],2,6519.2537,3610.5894,1.8950,24.5831,0.3148,2.6361,:227530577_4,-87.8671,-5.0000,100.0000,default,21,rsu(777m),312,9055,0.0180,777,3.5143,2,2,-87.8671,-104.8568,direct,0.0500,25.6000,-74.8060
193.9,node[20],1,6517.1186,3609.3776,1.8950,24.5413,-0.4179,2.6268,:227530577_4,-95.2801,-5.0000,100.0000,default,22,rsu(777m),313,9088,0.0180,777,3.5194,2,2,-95.2801,-112.2698,direct,0.0500,26.0000,-74.8078
194,node[20],1,6514.9906,3608.1698,1.8950,24.4607,-0.8054,2.6254,:227530577_4,-89.9101,-5.0000,100.0000,default,22,rsu(777m),314,9120,0.0180,777,3.5116,2,2,-89.9101,-106.8998,direct,0.0500,26.0000,-74.8129
194.1,node[20],1,6512.8499,3606.9548,1.8950,24.6055,1.4477,2.6254,:227530577_4,-96.8940,-5.0000,100.0000,default,22,rsu(778m),315,9152,0.0180,778,3.5168,2,2,-96.8940,-113.8837,direct,0.0500,25.6000,-74.8142
194.2,node[20],1,6510.7145,3605.7428,1.8950,24.5457,-0.5978,2.6254,:227530577_4,-78.2741,0.6627,100.0000,default,22,rsu(778m),316,9184,0.2371,778,3.5091,4,6,-78.2741,-95.2638,direct,0.0500,25.6000,-74.8174
194.3,node[20],1,6508.5775,3604.5299,1.8950,24.5641,0.1833,2.6254,:227530577_4,-86.0648,-5.0000,100.0000,default,22,rsu(779m),317,9217,0.0180,779,3.5144,2,2,-86.0648,-103.0545,direct,0.0500,26.0000,-74.8198
194.4,node[20],1,6506.4520,3603.2994,1.8950,24.6055,0.4140,2.6212,:227530609_0,-81.3796,-3.7273,100.0000,default,22,rsu(779m),318,9250,0.0335,779,3.5197,2,2,-81.3796,-98.3693,direct,0.0500,26.0000,-74.8200
194.5,node[20],1,6504.3205,3602.1043,1.8950,24.4362,-1.6925,2.6237,:227530609_0,-78.3870,-2.4779,100.0000,default,22,rsu(779m),319,9283,0.0607,779,3.5121,3,4,-78.3870,-95.3767,direct,0.0500,26.4000,-74.8246
194.6,node[20],1,6502.1738,3600.9007,1.8950,24.6103,1.7405,2.6306,:227530609_0,-97.1566,-5.0000,100.0000,default,22,rsu(780m),320,9316,0.0180,780,3.5175,2,2,-97.1566,-114.1463,direct,0.0500,26.4000,-74.8232
194.7,node[20],1,6500.0362,3599.7021,1.8950,24.5064,-1.0390,2.6306,:227530609_0,-81.0540,-3.4209,100.0000,default,22,rsu(780m),321,9350,0.0388,780,3.5100,2,2,-81.0540,-98.0437,direct,0.0500,26.8000,-74.8231
194.8,node[20],1,6497.9049,3598.5071,1.8950,24.4341,-0.7225,2.6306,:227530609_0,-83.8338,-5.0000,100.0000,default,22,rsu(778m),322,9384,0.0180,778,3.5155,2,2,-83.8338,-100.8235,direct,0.0500,26.8000,-74.8243
194.9,node[20],1,6495.7673,3597.3086,1.8950,24.5068,0.7267,2.6306,:227530609_0,-79.6789,-4.4464,100.0000,default,22,rsu(776m),323,9418,0.0236,776,3.5080,2,2,-79.6789,-96.6686,direct,0.0500,27.2000,-74.8247
195,node[20],1,6493.6166,3596.1308,1.8950,24.5216,0.1480,2.6355,-831179687#21,-89.6580,-5.0000,100.0000,default,22,rsu(773m),324,9452,0.0180,773,3.5136,2,2,-89.6580,-106.6477,direct,0.0500,27.2000,-74.8239
195.1,node[20],1,6491.4567,3594.9924,1.8950,24.4140,-1.0760,2.6482,-831179687#21,-87.6442,-5.0000,100.0000,default,22,rsu(771m),325,9485,0.0180,771,3.5192,2,2,-87.6442,-104.6339,direct,0.0500,26.8000,-74.8239
195.2,node[20],1,6489.2960,3593.8536,1.8950,24.4238,0.0980,2.6565,-831179687#21,-82.8777,-5.0000,100.0000,default,22,rsu(769m),326,9519,0.0180,769,3.5119,2,2,-82.8777,-99.8674,direct,0.0500,26.8000,-74.8243
195.3,node[20],1,6487.1331,3592.7137,1.8950,24.4484,0.2460,2.6565,-831179687#21,-81.2054,-4.2106,100.0000,default,22,rsu(767m),327,9552,0.0265,767,3.5176,2,2,-81.2054,-98.1951,direct,0.0500,26.8000,-74.8254
195.4,node[20],1,6484.9638,3591.5704,1.8950,24.5205,0.7212,2.6565,-831179687#21,-88.8845,-5.0000,100.0000,default,22,rsu(764m),328,9585,0.0180,764,3.5103,2,2,-88.8845,-105.8742,direct,0.0500,26.8000,-74.8234
195.5,node[20],1,6482.7934,3590.4265,1.8950,24.5322,0.1166,2.6565,-831179687#21,-84.7502,-5.0000,100.0000,default,22,rsu(762m),329,9619,0.0180,762,3.5161,2,2,-84.7502,-101.7399,direct,0.0500,26.8000,-74.8219
195.6,node[20],1,6480.6197,3589.2809,1.8950,24.5705,0.3839,2.6565,-831179687#21,-82.4813,-5.0000,100.0000,default,21,rsu(760m),330,9653,0.0180,760,3.5089,2,2,-82.4813,-99.4710,direct,0.0500,26.8000,-74.8257
195.7,node[20],1,6478.4498,3588.1372,1.8950,24.5270,-0.4353,2.6565,-831179687#21,-88.8093,-5.0000,100.0000,default,21,rsu(758m),331,9686,0.0180,758,3.5148,2,2,-88.8093,-105.7990,direct,0.0500,26.8000,-74.8227
195.8,node[20],1,6476.2873,3586.9975,1.8950,24.4444,-0.8262,2.6565,-831179687#21,-94.4299,-5.0000,100.0000,default,21,rsu(755m),332,9720,0.0180,755,3.5076,2,2,-94.4299,-111.4196,direct,0.0500,26.8000,-74.8203
195.9,node[20],1,6474.1296,3585.8603,1.8950,24.3890,-0.5537,2.6565,-831179687#21,-80.7493,-2.9967,100.0000,default,21,rsu(753m),333,9754,0.0475,753,3.5136,3,4,-80.7493,-97.7390,direct,0.0500,27.2000,-74.8192
196,node[20],1,6471.9674,3584.7207,1.8950,24.4401,0.5112,2.6565,-831179687#21,-91.2388,-5.0000,100.0000,default,21,rsu(751m),334,9788,0.0180,751,3.5195,2,2,-91.2388,-108.2285,direct,0.0500,27.2000,-74.8166
196.1,node[20],1,6469.8054,3583.5813,1.8950,24.4376,-0.0259,2.6565,-831179687#21,-82.9341,-5.0000,100.0000,default,21,rsu(749m),335,9821,0.0180,749,3.5125,2,2,-82.9341,-99.9238,direct,0.0500,26.8000,-74.8135
196.2,node[20],1,6467.6397,3582.4399,1.8950,24.4801,0.4252,2.6565,-831179687#21,-98.1179,-5.0000,100.0000,default,21,rsu(746m),336,9855,0.0180,746,3.5185,2,2,-98.1179,-115.1076,direct,0.0500,26.8000,-74.8086
196.3,node[20],1,6465.4817,3581.3025,1.8950,24.3927,-0.8737,2.6565,-831179687#21,-87.5384,-5.0000,100.0000,default,21,rsu(744m),337,9888,0.0180,744,3.5116,2,2,-87.5384,-104.5281,direct,0.0500,26.8000,-74.8061
196.4,node[20],1,6463.3150,3580.1606,1.8950,24.4909,0.9823,2.6565,-831179687#21,-77.8293,-1.3920,100.0000,default,21,rsu(742m),338,9921,0.1001,742,3.5177,3,4,-77.8293,-94.8190,direct,0.0500,26.8000,-74.8021
196.5,node[20],1,6461.1459,3579.0174,1.8950,24.5181,0.2716,2.6565,-831179687#21,-91.2054,-5.0000,100.0000,default,21,rsu(740m),339,9955,0.0180,740,3.5108,2,2,-91.2054,-108.1951,direct,0.0500,26.8000,-74.7972
196.6,node[20],1,6458.9781,3577.8748,1.8950,24.5041,-0.1395,2.6565,-831179687#21,-88.1454,-5.0000,100.0000,default,21,rsu(737m),340,9988,0.0180,737,3.5169,2,2,-88.1454,-105.1351,direct,0.0500,26.8000,-74.7923
196.7,node[20],1,6456.8101,3576.7322,1.8950,24.5058,0.0162,2.6565,-831179687#21,-83.4597,-5.0000,100.0000,default,21,rsu(735m),341,10022,0.0180,735,3.5101,2,2,-83.4597,-100.4494,direct,0.0500,26.8000,-74.7868
196.8,node[20],1,6454.6453,3575.5912,1.8950,24.4699,-0.3584,2.6565,-831179687#21,-83.6481,-5.0000,100.0000,default,21,rsu(733m),342,10056,0.0180,733,3.5163,2,2,-83.6481,-100.6378,direct,0.0500,26.8000,-74.7815
196.9,node[20],1,6452.4876,3574.4541,1.8950,24.3888,-0.8114,2.6565,-831179687#21,-84.3347,-5.0000,100.0000,default,21,rsu(731m),343,10090,0.0180,731,3.5096,2,2,-84.3347,-101.3244,direct,0.0500,27.2000,-74.7757
197,node[20],1,6450.3327,3573.3183,1.8950,24.3581,-0.3066,2.6565,-831179687#21,-85.7721,-5.0000,100.0000,default,21,rsu(729m),344,10124,0.0180,729,3.5159,2,2,-85.7721,-102.7618,direct,0.0500,27.2000,-74.7724
197.1,node[20],1,6448.1707,3572.1789,1.8950,24.4374,0.7930,2.6565,-831179687#21,-82.8293,-5.0000,100.0000,default,21,rsu(726m),345,10158,0.0180,726,3.5092,2,2,-82.8293,-99.8190,direct,0.0500,27.2000,-74.7665
197.2,node[20],1,6446.0072,3571.0386,1.8950,24.4551,0.1771,2.6565,-831179687#21,-76.0308,2.3507,100.0000,default,21,rsu(724m),346,10191,0.4195,724,3.5155,5,8,-76.0308,-93.0205,direct,0.0500,27.2000,-74.7576
197.3,node[20],1,6443.8498,3569.9016,1.8950,24.3860,-0.6916,2.6565,-831179687#21,-87.1093,-5.0000,100.0000,default,21,rsu(722m),347,10224,0.0180,722,3.5089,2,2,-87.1093,-104.0990,direct,0.0500,26.4000,-74.7498
197.4,node[20],1,6441.6915,3568.7640,1.8950,24.3967,0.1071,2.6565,-831179687#21,-84.2423,-5.0000,100.0000,default,21,rsu(720m),348,10257,0.0180,720,3.5153,2,2,-84.2423,-101.2320,direct,0.0500,26.4000,-74.7426
197.5,node[20],1,6439.5365,3567.6283,1.8950,24.3586,-0.3810,2.6565,-831179687#21,-86.1446,-5.0000,100.0000,default,21,rsu(717m),349,10290,0.0180,717,3.5087,2,2,-86.1446,-103.1343,direct,0.0500,26.4000,-74.7352
197.6,node[20],1,6437.3813,3566.4924,1.8950,24.3611,0.0250,2.6565,-831179687#21,-82.0216,-4.2166,100.0000,default,20,rsu(715m),350,10322,0.0264,715,3.5152,2,2,-82.0216,-99.0113,direct,0.0500,26.4000,-74.7343
197.7,node[20],1,6435.2152,3565.3508,1.8950,24.4842,1.2306,2.6565,-831179687#21,-78.1151,-3.5662,100.0000,default,20,rsu(713m),351,10355,0.0362,713,3.5087,2,2,-78.1151,-95.1048,direct,0.0500,26.0000,-74.7219
197.8,node[20],1,6433.0541,3564.2118,1.8950,24.4274,-0.5672,2.6565,-831179687#21,-86.2730,-5.0000,100.0000,default,20,rsu(711m),352,10388,0.0180,711,3.5152,2,2,-86.2730,-103.2627,direct,0.0500,26.0000,-74.7093
197.9,node[20],1,6430.8955,3563.0742,1.8950,24.3993,-0.2813,2.6565,-831179687#21,-83.3689,-5.0000,100.0000,default,20,rsu(709m),353,10420,0.0180,709,3.5087,2,2,-83.3689,-100.3586,direct,0.0500,26.0000,-74.6980
198,node[20],1,6428.7384,3561.9372,1.8950,24.3831,-0.1621,2.6565,-831179687#21,-81.5456,-5.0000,100.0000,default,20,rsu(706m),354,10453,0.0180,706,3.5153,2,2,-81.5456,-98.5353,direct,0.0500,26.0000,-74.6867
198.1,node[20],1,6426.5827,3560.8011,1.8950,24.3669,-0.1622,2.6565,-831179687#21,-86.2230,-5.0000,100.0000,default,20,rsu(704m),355,10486,0.0180,704,3.5089,2,2,-86.2230,-103.2127,direct,0.0500,26.4000,-74.6722
198.2,node[20],1,6424.4337,3559.6685,1.8950,24.2907,-0.7619,2.6565,-831179687#21,-83.8432,-5.0000,100.0000,default,20,rsu(702m),356,10519,0.0180,702,3.5155,2,2,-83.8432,-100.8329,direct,0.0500,26.4000,-74.6595
198.3,node[20],1,6422.2751,3558.5308,1.8950,24.4000,1.0933,2.6565,-831179687#21,-78.0963,1.2073,100.0000,default,21,rsu(700m),357,10553,0.2898,700,2.0133,5,8,-78.0963,-95.0860,direct,0.1000,26.8000,-74.6407
198.4,node[20],1,6420.1230,3557.3965,1.8950,24.3263,-0.7369,2.6565,-831179687#21,-86.6530,-5.0000,100.0000,default,21,rsu(697m),358,10587,0.0180,697,2.0200,2,2,-86.6530,-103.6427,direct,0.1000,26.8000,-74.6241
198.5,node[20],1,6417.9591,3556.2561,1.8950,24.4591,1.3280,2.6565,-831179687#21,-81.0024,-2.2484,100.0000,default,21,rsu(695m),359,10621,0.0676,695,2.0136,3,4,-81.0024,-97.9921,direct,0.1000,27.2000,-74.6006
198.6,node[20],1,6415.8098,3555.1233,1.8950,24.2940,-1.6508,2.6565,-831179687#21,-81.4026,-5.0000,100.0000,default,21,rsu(693m),360,10654,0.0180,693,2.0203,2,2,-81.4026,-98.3923,direct,0.1000,27.2000,-74.5797
198.7,node[20],1,6413.6480,3553.9840,1.8950,24.4360,1.4191,2.6565,-831179687#21,-77.3025,-1.5954,100.0000,default,21,rsu(691m),361,10688,0.0913,691,2.0140,3,4,-77.3025,-94.2922,direct,0.1000,26.8000,-74.5532
198.8,node[20],1,6411.4836,3552.8432,1.8950,24.4651,0.2911,2.6565,-831179687#21,-85.4799,-5.0000,100.0000,default,21,rsu(689m),362,10721,0.0180,689,2.0207,2,2,-85.4799,-102.4696,direct,0.1000,26.8000,-74.5201
198.9,node[20],1,6409.3323,3551.7094,1.8950,24.3175,-1.4755,2.6565,-831179687#21,-75.4184,1.4198,100.0000,default,21,rsu(686m),363,10754,0.3121,686,2.0145,5,8,-75.4184,-92.4081,direct,0.1000,26.4000,-74.4873
199,node[20],1,6407.1788,3550.5744,1.8950,24.3417,0.2414,2.6565,-831179687#21,-81.7641,-5.0000,100.0000,default,21,rsu(684m),364,10788,0.0180,684,2.0212,2,2,-81.7641,-98.7538,direct,0.1000,26.4000,-74.4498
199.1,node[20],1,6405.0201,3549.4367,1.8950,24.3999,0.5820,2.6565,-831179687#21,-81.7151,-5.0000,100.0000,default,21,rsu(682m),365,10822,0.0180,682,2.0150,2,2,-81.7151,-98.7048,direct,0.1000,27.2000,-74.4040
199.2,node[20],1,6402.8724,3548.3048,1.8950,24.2764,-1.2345,2.6565,-831179687#21,-80.8772,-2.8367,100.0000,default,21,rsu(680m),366,10855,0.0513,680,2.0218,3,4,-80.8772,-97.8669,direct,0.1000,27.2000,-74.3535
199.3,node[20],1,6400.7170,3547.1688,1.8950,24.3638,0.8741,2.6565,-831179687#21,-82.5013,-3.1190,100.0000,default,21,rsu(678m),367,10889,0.0448,678,2.0156,2,2,-82.5013,-99.4910,direct,0.1000,26.8000,-74.2928
199.4,node[20],1,6398.5671,3546.0357,1.8950,24.3007,-0.6316,2.6565,-831179687#21,-82.8528,-5.0000,100.0000,default,21,rsu(676m),368,10923,0.0180,676,2.0224,2,2,-82.8528,-99.8425,direct,0.1000,26.8000,-74.2229
199.5,node[20],1,6396.4219,3544.9051,1.8950,24.2481,-0.5252,2.6565,-831179687#21,-88.3562,-5.0000,100.0000,default,21,rsu(673m),369,10957,0.0180,673,2.0162,2,2,-88.3562,-105.3459,direct,0.1000,27.2000,-74.1416
199.6,node[20],1,6394.2682,3543.7700,1.8950,24.3450,0.9691,2.6565,-831179687#21,-75.9616,0.6204,100.0000,default,21,rsu(671m),370,10990,0.2333,671,2.0231,4,6,-75.9616,-92.9513,direct,0.1000,27.2000,-74.0433
199.7,node[20],1,6392.1124,3542.6338,1.8950,24.3671,0.2207,2.6565,-831179687#21,-83.5514,-4.7127,100.0000,default,21,rsu(669m),371,11023,0.0207,669,2.0170,2,2,-83.5514,-100.5411,direct,0.1000,26.4000,-73.9230
199.8,node[20],1,6389.9576,3541.4982,1.8950,24.3567,-0.1040,2.6565,-831179687#21,-88.0849,-5.0000,100.0000,default,21,rsu(667m),372,11055,0.0180,667,2.0238,2,2,-88.0849,-105.0746,direct,0.0500,26.4000,-73.7761
199.9,node[20],1,6387.8080,3540.3652,1.8950,24.2982,-0.5853,2.6565,-831179687#21,-79.7835,-3.6424,100.0000,default,21,rsu(665m),373,11088,0.0349,665,2.0177,2,2,-79.7835,-96.7732,direct,0.0500,26.0000,-73.5957
200,node[20],1,6385.6488,3539.2272,1.8950,24.4058,1.0767,2.6565,-831179687#21,-80.4348,-1.9077,100.0000,default,21,rsu(662m),374,11121,0.0792,662,2.0116,3,4,-80.4348,-97.4245,direct,0.0500,26.0000,-73.3653
200.1,node[20],1,6383.4996,3538.0945,1.8950,24.2938,-1.1209,2.6565,-831179687#21,-89.9742,-5.0000,100.0000,default,21,rsu(660m),375,11154,0.0180,660,2.0185,2,2,-89.9742,-106.9639,direct,0.0500,26.4000,-73.0734
200.2,node[20],1,6381.3427,3536.9578,1.8950,24.3795,0.8577,2.6565,-831179687#21,-77.3286,0.7425,100.0000,default,21,rsu(658m),376,11186,0.2444,658,2.0228,4,6,-77.3286,-94.3183,direct,0.0500,26.4000,-72.6913
200.3,node[20],1,6379.1871,3535.8216,1.8950,24.3665,-0.1305,2.6565,-831179687#21,-81.6396,-5.0000,100.0000,default,21,rsu(656m),377,11219,0.0180,656,2.0183,2,2,-81.6396,-98.6293,direct,0.0500,26.0000,-72.1861
200.4,node[20],1,6377.0377,3534.6888,1.8950,24.2949,-0.7154,2.6565,-831179687#21,-81.4631,-3.4862,100.0000,default,21,rsu(654m),378,11252,0.0376,654,2.0156,2,2,-81.4631,-98.4528,direct,0.0500,26.0000,-71.5031
200.5,node[20],1,6374.8840,3533.5537,1.8950,24.3448,0.4990,2.6565,-831179687#21,-79.0331,-3.2657,100.0000,default,21,rsu(652m),379,11285,0.0418,652,2.0241,2,2,-79.0331,-96.0228,direct,0.0500,26.4000,-70.5528
200.6,node[20],1,6372.7305,3532.4188,1.8950,24.3415,-0.0335,2.6565,-831179687#21,-79.7073,-5.0000,100.0000,default,21,rsu(649m),380,11318,0.0180,649,2.0214,2,2,-79.7073,-96.6970,direct,0.0500,26.4000,-69.1934
200.7,node[20],1,6370.5713,3531.2808,1.8950,24.4058,0.6433,2.6565,-831179687#21,-84.8954,-5.0000,100.0000,default,22,rsu(647m),381,11351,0.0180,647,2.0188,2,2,-84.8954,-101.8851,direct,0.0500,26.4000,-67.1707
200.8,node[20],1,6368.4286,3530.1515,1.8950,24.2205,-1.8531,2.6565,-831179687#21,-80.0674,-3.9973,100.0000,default,22,rsu(645m),382,11384,0.0294,645,2.0162,2,2,-80.0674,-97.0571,direct,0.0500,26.4000,-64.0226
200.9,node[20],1,6366.2747,3529.0163,1.8950,24.3467,1.2620,2.6565,-831179687#21,-74.6470,2.1484,100.0000,default,22,rsu(643m),383,11417,0.3951,643,2.0117,5,8,-74.6470,-91.6367,direct,0.0500,26.4000,-58.7601
201,node[20],1,6364.1220,3527.8817,1.8950,24.3323,-0.1437,2.6565,-831179687#21,-82.7815,-4.5021,100.0000,default,22,rsu(641m),384,11450,0.0230,641,2.0203,2,2,-82.7815,-99.7712,direct,0.0500,26.4000,-55.4525
201.1,node[20],1,6361.9682,3526.7466,1.8950,24.3457,0.1335,2.6565,-831179687#21,-84.5702,-5.0000,100.0000,default,22,rsu(639m),385,11482,0.0180,639,2.0118,2,2,-84.5702,-101.5599,direct,0.0500,26.0000,-61.5663
201.2,node[20],1,6359.8168,3525.6127,1.8950,24.3180,-0.2767,2.6565,-831179687#21,-83.1777,-4.0310,100.0000,default,22,rsu(636m),386,11514,0.0289,636,2.0162,2,2,-83.1777,-100.1674,direct,0.0500,26.0000,-65.6850
201.3,node[20],1,6357.6649,3524.4786,1.8950,24.3232,0.0520,2.6565,-831179687#21,-81.0771,-5.0000,100.0000,default,22,rsu(634m),387,11547,0.0180,634,2.0137,2,2,-81.0771,-98.0668,direct,0.0500,26.0000,-68.2221
201.4,node[20],1,6355.5118,3523.3438,1.8950,24.3379,0.1470,2.6565,-831179687#21,-80.5518,-5.0000,100.0000,default,22,rsu(632m),388,11580,0.0180,632,2.0242,2,2,-80.5518,-97.5415,direct,0.0500,26.0000,-69.8847
201.5,node[20],1,6353.3667,3522.2132,1.8950,24.2463,-0.9167,2.6565,-831179687#21,-82.7779,-5.0000,100.0000,default,22,rsu(630m),389,11613,0.0180,630,2.0217,2,2,-82.7779,-99.7676,direct,0.0500,26.4000,-71.0260
201.6,node[20],1,6351.2182,3521.0809,1.8950,24.2856,0.3938,2.6565,-831179687#21,-82.7630,-4.9314,100.0000,default,22,rsu(628m),390,11646,0.0186,628,2.0192,2,2,-82.7630,-99.7527,direct,0.0500,26.4000,-71.8353
201.7,node[20],1,6349.0731,3519.9503,1.8950,24.2469,-0.3868,2.6565,-831179687#21,-82.3795,-5.0000,100.0000,default,22,rsu(626m),391,11679,0.0180,626,2.0149,2,2,-82.3795,-99.3692,direct,0.0500,26.4000,-72.4262
201.8,node[20],1,6346.9209,3518.8160,1.8950,24.3270,0.8007,2.6565,-831179687#21,-80.4728,-1.6326,100.0000,default,22,rsu(624m),392,11711,0.0898,624,2.0194,3,4,-80.4728,-97.4625,direct,0.0500,26.4000,-72.8642
201.9,node[20],1,6344.7800,3517.6877,1.8950,24.1997,-1.2735,2.6565,-831179687#21,-83.0193,-5.0000,100.0000,default,22,rsu(621m),393,11744,0.0180,621,2.0151,2,2,-83.0193,-100.0090,direct,0.0500,26.0000,-73.1992
202,node[20],1,6342.6309,3516.5550,1.8950,24.2928,0.9312,2.6565,-831179687#21,-81.4914,-5.0000,100.0000,default,22,rsu(619m),394,11777,0.0180,619,2.0127,2,2,-81.4914,-98.4811,direct,0.0500,26.0000,-73.4577
202.1,node[20],1,6340.4724,3515.4174,1.8950,24.3974,1.0457,2.6565,-831179687#21,-79.7481,-2.9981,100.0000,default,22,rsu(617m),395,11810,0.0475,617,2.0215,3,4,-79.7481,-96.7378,direct,0.0500,26.4000,-73.6597
202.2,node[20],1,6338.3172,3514.2815,1.8950,24.3616,-0.3580,2.6565,-831179687#21,-80.0751,-3.3468,100.0000,default,22,rsu(615m),396,11843,0.0402,615,2.0191,2,2,-80.0751,-97.0648,direct,0.0500,26.4000,-73.8192
202.3,node[20],1,6336.1741,3513.1520,1.8950,24.2244,-1.3720,2.6565,-831179687#21,-86.8528,-5.0000,100.0000,default,22,rsu(613m),397,11876,0.0180,613,2.0167,2,2,-86.8528,-103.8425,direct,0.0500,26.4000,-73.9498
202.4,node[20],1,6334.0315,3512.0228,1.8950,24.2184,-0.0595,2.6565,-831179687#21,-75.7249,2.9638,100.0000,default,22,rsu(611m),398,11909,0.4955,611,2.0143,5,8,-75.7249,-92.7146,direct,0.0500,26.4000,-74.0570
202.5,node[20],1,6331.8881,3510.8931,1.8950,24.2282,0.0979,2.6565,-831179687#21,-79.8864,-4.9868,100.0000,default,22,rsu(609m),399,11941,0.0181,609,2.0190,2,2,-79.8864,-96.8761,direct,0.0500,26.0000,-74.1457
202.6,node[20],1,6329.7427,3509.7624,1.8950,24.2506,0.2244,2.6565,-831179687#21,-79.5005,-5.0000,100.0000,default,22,rsu(607m),400,11974,0.0180,607,2.0166,2,2,-79.5005,-96.4902,direct,0.0500,26.0000,-74.2204
202.7,node[20],1,6327.5892,3508.6274,1.8950,24.3412,0.9051,2.6565,-831179687#21,-82.8638,-5.0000,100.0000,default,22,rsu(604m),401,12007,0.0180,604,2.0125,2,2,-82.8638,-99.8535,direct,0.0500,26.4000,-74.2802
202.8,node[20],1,6325.4492,3507.4995,1.8950,24.1900,-1.5116,2.6565,-831179687#21,-80.4506,-5.0000,100.0000,default,22,rsu(602m),402,12040,0.0180,602,2.0231,2,2,-80.4506,-97.4403,direct,0.0500,26.4000,-74.3355
202.9,node[20],1,6323.2933,3506.3633,1.8950,24.3681,1.7806,2.6565,-831179687#21,-89.1543,-5.0000,100.0000,default,22,rsu(600m),403,12073,0.0180,600,2.0191,2,2,-89.1543,-106.1440,direct,0.0500,26.4000,-74.3800
203,node[20],1,6321.1456,3505.2314,1.8950,24.2766,-0.9148,2.6565,-831179687#21,-89.1870,-5.0000,100.0000,default,22,rsu(598m),404,12106,0.0180,598,2.0150,2,2,-89.1870,-106.1767,direct,0.0500,26.4000,-74.4186
203.1,node[20],1,6318.9967,3504.0988,1.8950,24.2899,0.1329,2.6565,-831179687#21,-87.4684,-5.0000,100.0000,default,22,rsu(596m),405,12139,0.0180,596,2.0240,2,2,-87.4684,-104.4581,direct,0.0500,26.4000,-74.4515
203.2,node[20],1,6316.8549,3502.9700,1.8950,24.2096,-0.8026,2.6565,-831179687#21,-77.8641,0.5237,100.0000,default,22,rsu(594m),406,12172,0.2248,594,2.0199,4,6,-77.8641,-94.8538,direct,0.0500,26.4000,-74.4816
203.3,node[20],1,6314.7136,3501.8414,1.8950,24.2041,-0.0554,2.6565,-831179687#21,-81.2198,-5.0000,100.0000,default,22,rsu(592m),407,12205,0.0180,592,2.0159,2,2,-81.2198,-98.2095,direct,0.0500,26.4000,-74.5084
203.4,node[20],1,6312.5709,3500.7121,1.8950,24.2202,0.1617,2.6565,-831179687#21,-83.6883,-5.0000,100.0000,default,22,rsu(590m),408,12237,0.0180,590,2.0189,2,2,-83.6883,-100.6780,direct,0.0500,26.4000,-74.5319
203.5,node[20],1,6310.4182,3499.5776,1.8950,24.3330,1.1276,2.6565,-831179687#21,-77.7879,-0.4634,100.0000,default,22,rsu(588m),409,12270,0.1504,588,2.0130,4,6,-77.7879,-94.7776,direct,0.0500,26.0000,-74.5511
203.6,node[20],1,6308.2609,3498.4539,1.8950,24.3261,-0.0693,2.6589,:227493531_4,-81.2049,-2.0339,100.0000,default,22,rsu(586m),410,12303,0.0747,586,2.0219,3,4,-81.2049,-98.1946,direct,0.0500,26.0000,-74.5683
203.7,node[20],1,6306.1069,3497.3408,1.8950,24.2492,-0.7685,2.6628,:227493531_4,-92.2660,-5.0000,100.0000,default,22,rsu(583m),411,12336,0.0180,583,2.0246,2,2,-92.2660,-109.2557,direct,0.0500,26.4000,-74.5836
203.8,node[20],1,6303.9589,3496.2308,1.8950,24.1821,-0.6705,2.6646,:227493531_4,-80.2297,-2.7896,100.0000,default,22,rsu(581m),412,12369,0.0524,581,2.0188,3,4,-80.2297,-97.2194,direct,0.0500,26.4000,-74.5994
203.9,node[20],1,6301.8053,3495.1180,1.8950,24.2448,0.6269,2.6646,:227493531_4,-77.7812,-2.2073,100.0000,default,22,rsu(579m),413,12402,0.0689,579,2.0148,3,4,-77.7812,-94.7709,direct,0.0500,26.4000,-74.6127
204,node[20],1,6299.6516,3494.0051,1.8950,24.2462,0.0132,2.6646,:227493531_4,-78.6676,-3.7703,100.0000,default,22,rsu(577m),414,12435,0.0328,577,2.0238,2,2,-78.6676,-95.6573,direct,0.0500,26.4000,-74.6249
204.1,node[20],1,6297.5015,3492.8880,1.8950,24.2231,-0.2302,2.6636,:8604359046_0,-79.7994,-3.6452,100.0000,default,22,rsu(575m),415,12467,0.0348,575,2.0139,2,2,-79.7994,-96.7891,direct,0.0500,26.0000,-74.6356
204.2,node[20],1,6295.3538,3491.7545,1.8950,24.2949,0.7179,2.6594,:8604359046_0,-77.0459,1.9576,100.0000,default,22,rsu(573m),416,12500,0.3726,573,2.0230,5,8,-77.0459,-94.0357,direct,0.0500,26.0000,-74.6431
204.3,node[20],1,6293.2093,3490.6227,1.8950,24.2577,-0.3722,2.6560,:8604359046_0,-81.8628,-5.0000,100.0000,default,22,rsu(571m),417,12533,0.0180,571,2.0153,2,2,-81.8628,-98.8525,direct,0.0500,26.4000,-74.6517
204.4,node[20],1,6291.0707,3489.4841,1.8950,24.2346,-0.2313,2.6542,-831179687#19,-86.8723,-5.0000,100.0000,default,22,rsu(569m),418,12565,0.0180,569,2.0184,2,2,-86.8723,-103.8620,direct,0.0500,26.4000,-74.6611
204.5,node[20],1,6288.9378,3488.3308,1.8950,24.2478,0.1321,2.6493,-831179687#19,-79.6416,-2.0490,100.0000,default,22,rsu(567m),419,12598,0.0742,567,2.0125,3,4,-79.6416,-96.6313,direct,0.0500,26.0000,-74.6702
204.6,node[20],1,6286.8002,3487.1750,1.8950,24.3002,0.5239,2.6459,-831179687#19,-78.2720,-1.9122,100.0000,default,21,rsu(565m),420,12630,0.0790,565,2.0156,3,4,-78.2720,-95.2617,direct,0.0500,26.0000,-74.6837
204.7,node[20],1,6284.6649,3486.0205,1.8950,24.2754,-0.2482,2.6459,-831179687#19,-83.7406,-5.0000,100.0000,default,21,rsu(563m),421,12663,0.0180,563,2.0247,2,2,-83.7406,-100.7303,direct,0.0500,26.0000,-74.6881
204.8,node[20],1,6282.5299,3484.8661,1.8950,24.2709,-0.0443,2.6459,-831179687#19,-82.4656,-5.0000,100.0000,default,21,rsu(561m),422,12695,0.0180,561,2.0148,2,2,-82.4656,-99.4553,direct,0.0500,26.0000,-74.6918
204.9,node[20],1,6280.3980,3483.7134,1.8950,24.2360,-0.3495,2.6459,-831179687#19,-81.6411,-4.7963,100.0000,default,21,rsu(559m),423,12727,0.0199,559,2.0180,2,2,-81.6411,-98.6308,direct,0.0500,25.6000,-74.6963
205,node[20],1,6278.2709,3482.5633,1.8950,24.1812,-0.5484,2.6459,-831179687#19,-84.7652,-5.0000,100.0000,default,21,rsu(557m),424,12760,0.0180,557,2.0122,2,2,-84.7652,-101.7549,direct,0.0500,25.6000,-74.7015
205.1,node[20],1,6276.1423,3481.4124,1.8950,24.1992,0.1809,2.6459,-831179687#19,-79.4062,-2.4817,100.0000,default,21,rsu(554m),425,12792,0.0606,554,2.0153,3,4,-79.4062,-96.3959,direct,0.0500,26.0000,-74.7067
205.2,node[20],1,6274.0131,3480.2611,1.8950,24.2056,0.0639,2.6459,-831179687#19,-84.5309,-5.0000,100.0000,default,21,rsu(552m),426,12824,0.0180,552,2.0185,2,2,-84.5309,-101.5206,direct,0.0500,26.0000,-74.7124
205.3,node[20],1,6271.8795,3479.1075,1.8950,24.2554,0.4977,2.6459,-831179687#19,-77.0741,2.3106,100.0000,default,21,rsu(550m),427,12857,0.4147,550,2.0146,5,8,-77.0741,-94.0638,direct,0.0500,26.0000,-74.7150
205.4,node[20],1,6269.7483,3477.9552,1.8950,24.2280,-0.2736,2.6459,-831179687#19,-84.6518,-5.0000,100.0000,default,21,rsu(548m),428,12890,0.0180,548,2.0238,2,2,-84.6518,-101.6415,direct,0.0500,26.0000,-74.7194
205.5,node[20],1,6267.6077,3476.7978,1.8950,24.3345,1.0647,2.6459,-831179687#19,-76.2377,-1.3759,100.0000,default,21,rsu(546m),429,12922,0.1008,546,2.0140,3,4,-76.2377,-93.2274,direct,0.0500,26.0000,-74.7201
205.6,node[20],1,6265.4687,3475.6413,1.8950,24.3163,-0.1822,2.6459,-831179687#19,-81.8246,-2.4855,100.0000,default,20,rsu(544m),430,12955,0.0605,544,2.0212,3,4,-81.8246,-98.8143,direct,0.0500,26.0000,-74.7232
205.7,node[20],1,6263.3261,3474.4827,1.8950,24.3586,0.4235,2.6459,-831179687#19,-80.2312,-3.6043,100.0000,default,20,rsu(542m),431,12987,0.0355,542,2.0172,2,2,-80.2312,-97.2209,direct,0.0500,26.0000,-74.7231
205.8,node[20],1,6261.1948,3473.3304,1.8950,24.2285,-1.3014,2.6459,-831179687#19,-83.8343,-5.0000,100.0000,default,20,rsu(540m),432,13019,0.0180,540,2.0132,2,2,-83.8343,-100.8240,direct,0.0500,26.0000,-74.7262
205.9,node[20],1,6259.0630,3472.1777,1.8950,24.2356,0.0712,2.6459,-831179687#19,-85.1379,-5.0000,100.0000,default,20,rsu(538m),433,13051,0.0180,538,2.0222,2,2,-85.1379,-102.1276,direct,0.0500,25.6000,-74.7282
206,node[20],1,6256.9330,3471.0260,1.8950,24.2144,-0.2127,2.6459,-831179687#19,-76.2547,-0.5867,100.0000,default,20,rsu(536m),434,13084,0.1427,536,2.0223,4,6,-76.2547,-93.2444,direct,0.0500,25.6000,-74.7307
206.1,node[20],1,6254.8022,3469.8740,1.8950,24.2230,0.0863,2.6459,-831179687#19,-78.1074,-1.9346,100.0000,default,20,rsu(534m),435,13117,0.0782,534,2.0243,3,4,-78.1074,-95.0971,direct,0.0500,26.4000,-74.7333
206.2,node[20],1,6252.6663,3468.7191,1.8950,24.2817,0.5876,2.6459,-831179687#19,-78.8651,-1.4583,100.0000,default,20,rsu(532m),436,13150,0.0972,532,2.0244,3,4,-78.8651,-95.8548,direct,0.0500,26.4000,-74.7342
206.3,node[20],1,6250.5352,3467.5668,1.8950,24.2272,-0.5458,2.6459,-831179687#19,-74.9436,1.2059,100.0000,default,20,rsu(530m),437,13182,0.2897,530,2.0205,5,8,-74.9436,-91.9333,direct,0.0500,26.0000,-74.7358
206.4,node[20],1,6248.4014,3466.4131,1.8950,24.2579,0.3070,2.6459,-831179687#19,-78.3031,0.5688,100.0000,default,20,rsu(528m),438,13215,0.2287,528,2.0206,4,6,-78.3031,-95.2928,direct,0.0500,26.0000,-74.7369
206.5,node[20],1,6246.2709,3465.2612,1.8950,24.2194,-0.3850,2.6459,-831179687#19,-82.6581,-5.0000,100.0000,default,20,rsu(526m),439,13248,0.0180,526,2.0227,2,2,-82.6581,-99.6478,direct,0.0500,26.4000,-74.7377
206.6,node[20],1,6244.1437,3464.1110,1.8950,24.1832,-0.3613,2.6459,-831179687#19,-85.2311,-5.0000,100.0000,default,20,rsu(524m),440,13280,0.0180,524,2.0188,2,2,-85.2311,-102.2208,direct,0.0500,26.4000,-74.7397
206.7,node[20],1,6242.0094,3462.9570,1.8950,24.2629,0.7969,2.6459,-831179687#19,-76.1081,-0.4528,100.0000,default,20,rsu(522m),441,13313,0.1510,522,2.0209,4,6,-76.1081,-93.0978,direct,0.0500,26.0000,-74.7396
206.8,node[20],1,6239.8819,3461.8067,1.8950,24.1863,-0.7659,2.6459,-831179687#19,-92.0575,-5.0000,100.0000,default,20,rsu(520m),442,13346,0.0180,520,2.0231,2,2,-92.0575,-109.0472,direct,0.0500,26.0000,-74.7436
206.9,node[20],1,6237.7464,3460.6520,1.8950,24.2766,0.9025,2.6459,-831179687#19,-76.6954,-2.2172,100.0000,default,20,rsu(518m),443,13378,0.0686,518,2.0192,3,4,-76.6954,-93.6851,direct,0.0500,26.0000,-74.7442
207,node[20],1,6235.6153,3459.4997,1.8950,24.2274,-0.4921,2.6459,-831179687#19,-89.6554,-5.0000,100.0000,default,20,rsu(516m),444,13411,0.0180,516,2.0194,2,2,-89.6554,-106.6451,direct,0.0500,26.0000,-74.7469
207.1,node[20],1,6233.4829,3458.3468,1.8950,24.2411,0.1376,2.6459,-831179687#19,-95.7285,-5.0000,100.0000,default,20,rsu(514m),445,13443,0.0180,514,2.0155,2,2,-95.7285,-112.7182,direct,0.0500,26.0000,-74.7485
207.2,node[20],1,6231.3427,3457.1896,1.8950,24.3307,0.8956,2.6459,-831179687#19,-78.3700,0.1698,100.0000,default,20,rsu(512m),446,13475,0.1954,512,2.0247,4,6,-78.3700,-95.3597,direct,0.0500,26.0000,-74.7464
207.3,node[20],1,6229.2150,3456.0392,1.8950,24.1886,-1.4210,2.6459,-831179687#19,-81.2215,-3.1879,100.0000,default,20,rsu(510m),447,13508,0.0434,510,2.0249,2,2,-81.2215,-98.2112,direct,0.0500,26.0000,-74.7498
207.4,node[20],1,6227.0831,3454.8865,1.8950,24.2357,0.4711,2.6459,-831179687#19,-83.0132,-5.0000,100.0000,default,20,rsu(508m),448,13541,0.0180,508,2.0141,2,2,-83.0132,-100.0029,direct,0.0500,26.0000,-74.7521
207.5,node[20],1,6224.9510,3453.7336,1.8950,24.2385,0.0280,2.6459,-831179687#19,-75.8695,0.9518,100.0000,default,20,rsu(506m),449,13574,0.2642,506,2.0163,4,6,-75.8695,-92.8592,direct,0.0500,26.4000,-74.7518
207.6,node[20],1,6222.8165,3452.5795,1.8950,24.2655,0.2699,2.6459,-831179687#19,-74.3168,2.2768,100.0000,default,20,rsu(504m),450,13607,0.4106,504,2.0210,5,8,-74.3168,-91.3065,direct,0.0500,26.4000,-74.7520
207.7,node[20],1,6220.6775,3451.4230,1.8950,24.3173,0.5179,2.6459,-831179687#19,-75.5193,1.9444,100.0000,default,20,rsu(502m),451,13640,0.3710,502,2.0126,5,8,-75.5193,-92.5090,direct,0.0500,26.4000,-74.7502
207.8,node[20],1,6218.5445,3450.2697,1.8950,24.2477,-0.6960,2.6459,-831179687#19,-79.1198,-0.0449,100.0000,default,20,rsu(500m),452,13673,0.1791,500,2.0152,4,6,-79.1198,-96.1095,direct,0.0500,26.4000,-74.7518
207.9,node[20],1,6216.4098,3449.1155,1.8950,24.2682,0.2051,2.6459,-831179687#19,-78.5521,-4.7754,100.0000,default,20,rsu(498m),453,13706,0.0201,498,2.0177,2,2,-78.5521,-95.5418,direct,0.0500,26.4000,-74.7525
208,node[20],1,6214.2792,3447.9635,1.8950,24.2210,-0.4716,2.6459,-831179687#19,-77.1054,1.7217,100.0000,default,20,rsu(496m),454,13739,0.3454,496,2.0237,5,8,-77.1054,-94.0951,direct,0.0500,26.4000,-74.7547
208.1,node[20],1,6212.1435,3446.8088,1.8950,24.2791,0.5807,2.6459,-831179687#19,-75.3938,0.4144,100.0000,default,20,rsu(494m),455,13772,0.2154,494,2.0167,4,6,-75.3938,-92.3835,direct,0.0500,26.4000,-74.7527
208.2,node[20],1,6210.0188,3445.6599,1.8950,24.1551,-1.2397,2.6459,-831179687#19,-81.0170,-1.8004,100.0000,default,21,rsu(492m),456,13807,0.0832,492,2.0192,3,4,-81.0170,-98.0067,direct,0.0500,26.4000,-74.7455
208.3,node[20],1,6207.8822,3444.5047,1.8950,24.2894,1.3429,2.6459,-831179687#19,-77.3119,0.7567,100.0000,default,21,rsu(490m),457,13842,0.2457,490,2.0218,4,6,-77.3119,-94.3016,direct,0.0500,28.0000,-74.7446
208.4,node[20],1,6205.7453,3443.3493,1.8950,24.2927,0.0327,2.6459,-831179687#19,-76.9317,2.3234,100.0000,default,21,rsu(488m),458,13877,0.4162,488,2.0244,5,8,-76.9317,-93.9214,direct,0.0500,28.0000,-74.7437
208.5,node[20],1,6203.6087,3442.1940,1.8950,24.2893,-0.0338,2.6459,-831179687#19,-76.9729,0.7143,100.0000,default,21,rsu(486m),459,13912,0.2418,486,2.0140,4,6,-76.9729,-93.9626,direct,0.0500,28.0000,-74.7430
208.6,node[20],1,6201.4792,3441.0426,1.8950,24.2090,-0.8033,2.6459,-831179687#19,-82.9642,-5.0000,100.0000,default,21,rsu(484m),460,13947,0.0180,484,2.0166,2,2,-82.9642,-99.9539,direct,0.0500,28.0000,-74.7450
208.7,node[20],1,6199.3474,3439.8900,1.8950,24.2342,0.2522,2.6459,-831179687#19,-76.5183,-0.4143,100.0000,default,21,rsu(482m),461,13981,0.1535,482,2.0192,4,6,-76.5183,-93.5080,direct,0.0500,27.6000,-74.7458
208.8,node[20],1,6197.2089,3438.7337,1.8950,24.3113,0.7712,2.6459,-831179687#19,-92.2035,-5.0000,100.0000,default,21,rsu(481m),462,14015,0.0180,481,2.0219,2,2,-92.2035,-109.1932,direct,0.0500,27.6000,-74.7428
208.9,node[20],1,6195.0780,3437.5816,1.8950,24.2250,-0.8634,2.6459,-831179687#19,-78.7455,-0.9021,100.0000,default,21,rsu(479m),463,14050,0.1244,479,2.0245,4,6,-78.7455,-95.7352,direct,0.0500,27.6000,-74.7441
209,node[20],1,6192.9453,3436.4284,1.8950,24.2452,0.2025,2.6459,-831179687#19,-79.4987,-1.8125,100.0000,default,21,rsu(477m),464,14085,0.0827,477,2.0141,3,4,-79.4987,-96.4884,direct,0.0500,27.6000,-74.7438
209.1,node[20],1,6190.8169,3435.2776,1.8950,24.1964,-0.4882,2.6459,-831179687#19,-84.1035,-5.0000,100.0000,default,21,rsu(475m),465,14120,0.0180,475,2.0167,2,2,-84.1035,-101.0932,direct,0.0500,28.0000,-74.7440
209.2,node[20],1,6188.6843,3434.1245,1.8950,24.2439,0.4746,2.6459,-831179687#19,-79.4920,-0.6961,100.0000,default,21,rsu(473m),466,14154,0.1361,473,2.0194,4,6,-79.4920,-96.4817,direct,0.0500,28.0000,-74.7435
209.3,node[20],1,6186.5578,3432.9747,1.8950,24.1748,-0.6905,2.6459,-831179687#19,-82.3208,-2.9361,100.0000,default,21,rsu(471m),467,14189,0.0489,471,2.0220,3,4,-82.3208,-99.3105,direct,0.0500,27.6000,-74.7451
209.4,node[20],1,6184.4259,3431.8220,1.8950,24.2358,0.6100,2.6459,-831179687#19,-85.4817,-5.0000,100.0000,default,21,rsu(469m),468,14224,0.0180,469,2.0246,2,2,-85.4817,-102.4714,direct,0.0500,27.6000,-74.7439
209.5,node[20],1,6182.2941,3430.6694,1.8950,24.2346,-0.0125,2.6459,-831179687#19,-81.6079,-4.6543,100.0000,default,21,rsu(467m),469,14259,0.0213,467,2.0143,2,2,-81.6079,-98.5976,direct,0.0500,28.0000,-74.7455
209.6,node[20],1,6180.1605,3429.5158,1.8950,24.2558,0.2120,2.6459,-831179687#19,-73.7831,5.3505,100.0000,default,21,rsu(465m),470,14293,0.7641,465,2.0169,7,12,-73.7831,-90.7728,direct,0.0500,28.0000,-74.7443
209.7,node[20],1,6178.0244,3428.3608,1.8950,24.2840,0.2822,2.6459,-831179687#19,-85.5313,-5.0000,100.0000,default,21,rsu(463m),471,14327,0.0180,463,2.0195,2,2,-85.5313,-102.5210,direct,0.0500,27.2000,-74.7433
209.8,node[20],1,6175.8898,3427.2067,1.8950,24.2657,-0.1827,2.6459,-831179687#19,-86.0237,-5.0000,100.0000,default,21,rsu(462m),472,14361,0.0180,462,2.0221,2,2,-86.0237,-103.0134,direct,0.0500,27.2000,-74.7437
209.9,node[20],1,6173.7590,3426.0546,1.8950,24.2238,-0.4190,2.6459,-831179687#19,-76.5712,0.6504,100.0000,default,21,rsu(460m),473,14395,0.2360,460,2.0247,4,6,-76.5712,-93.5609,direct,0.0500,27.2000,-74.7446
210,node[20],1,6171.6230,3424.8996,1.8950,24.2830,0.5921,2.6459,-831179687#19,-79.0598,-0.3587,100.0000,default,21,rsu(458m),474,14429,0.1572,458,2.0143,4,6,-79.0598,-96.0495,direct,0.0500,27.2000,-74.7424
210.1,node[20],1,6169.4928,3423.7479,1.8950,24.2161,-0.6696,2.6459,-831179687#19,-79.7447,-2.2658,100.0000,default,21,rsu(456m),475,14464,0.0671,456,2.0170,3,4,-79.7447,-96.7344,direct,0.0500,27.6000,-74.7428
210.2,node[20],1,6167.3544,3422.5916,1.8950,24.3104,0.9435,2.6459,-831179687#19,-75.6603,0.8459,100.0000,default,21,rsu(454m),476,14499,0.2541,454,2.0196,4,6,-75.6603,-92.6500,direct,0.0500,27.6000,-74.7411
210.3,node[20],1,6165.2234,3421.4394,1.8950,24.2259,-0.8453,2.6459,-831179687#19,-79.4158,-0.3621,100.0000,default,21,rsu(452m),477,14534,0.1570,452,2.0221,4,6,-79.4158,-96.4055,direct,0.0500,28.0000,-74.7423
210.4,node[20],1,6163.0823,3420.2817,1.8950,24.3410,1.1511,2.6459,-831179687#19,-79.3429,-0.7167,100.0000,default,21,rsu(450m),478,14569,0.1349,450,2.0247,4,6,-79.3429,-96.3326,direct,0.0500,28.0000,-74.7403
210.5,node[20],1,6160.9497,3419.1287,1.8950,24.2433,-0.9775,2.6459,-831179687#19,-90.1601,-5.0000,100.0000,default,21,rsu(448m),479,14604,0.0180,448,2.0143,2,2,-90.1601,-107.1498,direct,0.0500,28.0000,-74.7405
210.6,node[20],1,6158.8183,3417.9762,1.8950,24.2309,-0.1236,2.6459,-831179687#19,-76.5989,0.6720,100.0000,default,21,rsu(447m),480,14639,0.2379,447,2.0169,4,6,-76.5989,-93.5886,direct,0.0500,28.0000,-74.7414
210.7,node[20],1,6156.6843,3416.8224,1.8950,24.2594,0.2855,2.6459,-831179687#19,-75.1822,1.5811,100.0000,default,21,rsu(445m),481,14674,0.3297,445,2.0194,5,8,-75.1822,-92.1719,direct,0.0500,28.0000,-74.7391
210.8,node[20],1,6154.5573,3415.6723,1.8950,24.1810,-0.7847,2.6459,-831179687#19,-76.6324,0.2353,100.0000,default,21,rsu(443m),482,14709,0.2006,443,2.0220,4,6,-76.6324,-93.6221,direct,0.0500,28.0000,-74.7387
210.9,node[20],1,6152.4348,3414.5247,1.8950,24.1291,-0.5188,2.6459,-831179687#19,-78.5637,-1.8304,100.0000,default,21,rsu(441m),483,14744,0.0820,441,2.0245,3,4,-78.5637,-95.5534,direct,0.0500,28.0000,-74.7407
211,node[20],1,6150.3032,3413.3722,1.8950,24.2323,1.0317,2.6459,-831179687#19,-78.9103,-0.7729,100.0000,default,21,rsu(439m),484,14779,0.1316,439,2.0140,4,6,-78.9103,-95.9000,direct,0.0500,28.0000,-74.7421
211.1,node[20],1,6148.1643,3412.2157,1.8950,24.3163,0.8400,2.6459,-831179687#19,-74.6602,0.3624,100.0000,default,21,rsu(438m),485,14814,0.2110,438,2.0165,4,6,-74.6602,-91.6499,direct,0.0500,28.0000,-74.7410
211.2,node[20],1,6146.0274,3411.0603,1.8950,24.2919,-0.2435,2.6459,-831179687#19,-81.6806,-2.6901,100.0000,default,21,rsu(436m),486,14848,0.0549,436,2.0190,3,4,-81.6806,-98.6703,direct,0.0500,28.0000,-74.7380
211.3,node[20],1,6143.9009,3409.9105,1.8950,24.1756,-1.1633,2.6459,-831179687#19,-79.2482,-0.8942,100.0000,default,21,rsu(434m),487,14883,0.1249,434,2.0215,4,6,-79.2482,-96.2379,direct,0.0500,27.6000,-74.7394
211.4,node[20],1,6141.7734,3408.7602,1.8950,24.1854,0.0986,2.6459,-831179687#19,-78.1063,-1.5520,100.0000,default,21,rsu(432m),488,14918,0.0931,432,2.0240,3,4,-78.1063,-95.0960,direct,0.0500,27.6000,-74.7393
211.5,node[20],1,6139.6445,3407.6091,1.8950,24.2023,0.1688,2.6459,-831179687#19,-87.3057,-5.0000,100.0000,default,21,rsu(430m),489,14953,0.0180,430,2.0134,2,2,-87.3057,-104.2954,direct,0.0500,28.0000,-74.7412
211.6,node[20],1,6137.5099,3406.4549,1.8950,24.2666,0.6428,2.6459,-831179687#19,-72.5474,5.3506,100.0000,default,20,rsu(429m),490,14988,0.7641,429,2.0159,7,12,-72.5474,-89.5371,direct,0.0500,28.0000,-74.7471
211.7,node[20],1,6135.3753,3405.3008,1.8950,24.2669,0.0027,2.6459,-831179687#19,-84.0333,-5.0000,100.0000,default,20,rsu(427m),491,15022,0.0180,427,2.0183,2,2,-84.0333,-101.0230,direct,0.0500,27.6000,-74.7453
211.8,node[20],1,6133.2476,3404.1504,1.8950,24.1877,-0.7920,2.6459,-831179687#19,-79.8631,-3.5938,100.0000,default,20,rsu(425m),492,15056,0.0357,425,2.0207,2,2,-79.8631,-96.8528,direct,0.0500,27.6000,-74.7451
211.9,node[20],1,6131.1129,3402.9961,1.8950,24.2685,0.8086,2.6459,-831179687#19,-79.5277,-4.0779,100.0000,default,20,rsu(423m),493,15091,0.0282,423,2.0231,2,2,-79.5277,-96.5174,direct,0.0500,27.6000,-74.7434
212,node[20],1,6128.9875,3401.8469,1.8950,24.1625,-1.0607,2.6459,-831179687#19,-72.0289,3.9592,100.0000,default,20,rsu(422m),494,15126,0.6177,422,2.0125,6,10,-72.0289,-89.0186,direct,0.0500,27.6000,-74.7435
212.1,node[20],1,6126.8613,3400.6973,1.8950,24.1713,0.0879,2.6459,-831179687#19,-85.3880,-5.0000,100.0000,default,20,rsu(420m),495,15161,0.0180,420,2.0149,2,2,-85.3880,-102.3777,direct,0.0500,28.0000,-74.7448
212.2,node[20],1,6124.7250,3399.5423,1.8950,24.2853,1.1400,2.6459,-831179687#19,-79.5410,-3.5542,100.0000,default,20,rsu(418m),496,15195,0.0364,418,2.0172,2,2,-79.5410,-96.5307,direct,0.0500,28.0000,-74.7434
212.3,node[20],1,6122.5930,3398.3895,1.8950,24.2371,-0.4815,2.6459,-831179687#19,-72.2526,6.6031,100.0000,default,20,rsu(416m),497,15230,0.8583,416,2.0196,7,12,-72.2526,-89.2423,direct,0.0500,27.6000,-74.7431
212.4,node[20],1,6120.4632,3397.2379,1.8950,24.2126,-0.2450,2.6459,-831179687#19,-78.3608,0.9862,100.0000,default,20,rsu(415m),498,15265,0.2676,415,2.0219,4,6,-78.3608,-95.3505,direct,0.0500,27.6000,-74.7446
212.5,node[20],1,6118.3263,3396.0825,1.8950,24.2930,0.8038,2.6459,-831179687#19,-80.8453,-4.4058,100.0000,default,20,rsu(413m),499,15300,0.0241,413,2.0242,2,2,-80.8453,-97.8350,direct,0.0500,28.0000,-74.7443
212.6,node[20],1,6116.1896,3394.9272,1.8950,24.2905,-0.0254,2.6459,-831179687#19,-79.6108,-3.0751,100.0000,default,20,rsu(411m),500,15335,0.0458,411,2.0135,2,2,-79.6108,-96.6005,direct,0.0500,28.0000,-74.7422
212.7,node[20],1,6114.0606,3393.7761,1.8950,24.2029,-0.8753,2.6459,-831179687#19,-75.5906,-0.1462,100.0000,default,20,rsu(409m),501,15370,0.1718,409,2.0157,4,6,-75.5906,-92.5803,direct,0.0500,28.0000,-74.7429
212.8,node[20],1,6111.9313,3392.6248,1.8950,24.2067,0.0380,2.6459,-831179687#19,-76.4587,-1.1998,100.0000,default,20,rsu(408m),502,15404,0.1091,408,2.0180,3,4,-76.4587,-93.4484,direct,0.0500,28.0000,-74.7436
212.9,node[20],1,6109.7950,3391.4697,1.8950,24.2856,0.7891,2.6459,-831179687#19,-79.1383,-0.7503,100.0000,default,20,rsu(406m),503,15439,0.1329,406,2.0202,4,6,-79.1383,-96.1280,direct,0.0500,27.6000,-74.7422
213,node[20],1,6107.6575,3390.3140,1.8950,24.2999,0.1425,2.6459,-831179687#19,-83.8086,-5.0000,100.0000,default,20,rsu(404m),504,15474,0.0180,404,2.0224,2,2,-83.8086,-100.7983,direct,0.0500,27.6000,-74.7409
213.1,node[20],1,6105.5184,3389.1574,1.8950,24.3182,0.1836,2.6459,-831179687#19,-82.2981,-2.9230,100.0000,default,20,rsu(403m),505,15509,0.0492,403,2.0246,3,4,-82.2981,-99.2878,direct,0.0500,28.0000,-74.7393
213.2,node[20],1,6103.3826,3388.0026,1.8950,24.2802,-0.3808,2.6459,-831179687#19,-80.0190,-1.8152,100.0000,default,20,rsu(401m),506,15544,0.0826,401,2.0138,3,4,-80.0190,-97.0087,direct,0.0500,28.0000,-74.7370
213.3,node[20],1,6101.2575,3386.8536,1.8950,24.1588,-1.2138,2.6459,-831179687#19,-80.3861,-1.4926,100.0000,default,20,rsu(399m),507,15579,0.0957,399,2.0160,3,4,-80.3861,-97.3758,direct,0.0500,28.0000,-74.7379
213.4,node[20],1,6099.1289,3385.7026,1.8950,24.1989,0.4007,2.6459,-831179687#19,-81.8200,-5.0000,100.0000,default,20,rsu(398m),508,15613,0.0180,398,2.0181,2,2,-81.8200,-98.8097,direct,0.0500,28.0000,-74.7385
213.5,node[20],1,6097.0003,3384.5517,1.8950,24.1986,-0.0023,2.6459,-831179687#19,-76.0222,3.2941,100.0000,default,20,rsu(396m),509,15648,0.5367,396,2.0202,6,10,-76.0222,-93.0119,direct,0.0500,27.6000,-74.7399
213.6,node[20],1,6094.8645,3383.3969,1.8950,24.2796,0.8098,2.6459,-831179687#19,-76.6005,1.4594,100.0000,default,20,rsu(394m),510,15683,0.3164,394,2.0223,5,8,-76.6005,-93.5902,direct,0.0500,27.6000,-74.7371
213.7,node[20],1,6092.7399,3382.2482,1.8950,24.1535,-1.2615,2.6459,-831179687#19,-72.0935,3.7780,100.0000,default,20,rsu(393m),511,15717,0.5960,393,2.0244,6,10,-72.0935,-89.0832,direct,0.0500,27.6000,-74.7395
213.8,node[20],1,6090.6101,3381.0966,1.8950,24.2118,0.5832,2.6459,-831179687#19,-75.5152,1.0964,100.0000,default,20,rsu(391m),512,15752,0.2785,391,2.0134,5,8,-75.5152,-92.5049,direct,0.0500,27.6000,-74.7398
213.9,node[20],1,6088.4805,3379.9452,1.8950,24.2101,-0.0164,2.6459,-831179687#19,-76.9264,2.1213,100.0000,default,20,rsu(390m),513,15786,0.3919,390,2.0154,5,8,-76.9264,-93.9161,direct,0.0500,27.6000,-74.7407
214,node[20],1,6086.3410,3378.7883,1.8950,24.3231,1.1296,2.6459,-831179687#19,-77.9846,-2.7995,100.0000,default,20,rsu(388m),514,15821,0.0522,388,2.0174,3,4,-77.9846,-94.9743,direct,0.0500,27.6000,-74.7376
214.1,node[20],1,6084.2127,3377.6376,1.8950,24.1948,-1.2834,2.6459,-831179687#19,-79.3327,-3.6102,100.0000,default,20,rsu(386m),515,15856,0.0354,386,2.0194,2,2,-79.3327,-96.3224,direct,0.0500,28.0000,-74.7373
214.2,node[20],1,6082.0795,3376.4842,1.8950,24.2511,0.5639,2.6459,-831179687#19,-86.4480,-5.0000,100.0000,default,20,rsu(385m),516,15891,0.0180,385,2.0213,2,2,-86.4480,-103.4377,direct,0.0500,28.0000,-74.7346
214.3,node[20],1,6079.9489,3375.3322,1.8950,24.2206,-0.3056,2.6459,-831179687#19,-71.4928,4.5705,100.0000,default,20,rsu(383m),517,15926,0.6868,383,2.0233,6,10,-71.4928,-88.4825,direct,0.0500,28.0000,-74.7349
214.4,node[20],1,6077.8182,3374.1801,1.8950,24.2224,0.0182,2.6459,-831179687#19,-75.2490,-1.2090,100.0000,default,20,rsu(382m),518,15961,0.1087,382,2.0251,3,4,-75.2490,-92.2387,direct,0.0500,28.0000,-74.7328
214.5,node[20],1,6075.6925,3373.0308,1.8950,24.1660,-0.5636,2.6459,-831179687#19,-77.5828,-1.5704,100.0000,default,20,rsu(380m),519,15995,0.0924,380,2.0140,3,4,-77.5828,-94.5725,direct,0.0500,27.6000,-74.7344
214.6,node[20],1,6073.5568,3371.8760,1.8950,24.2793,1.1330,2.6459,-831179687#19,-75.7994,-0.6000,100.0000,default,20,rsu(379m),520,16030,0.1418,379,2.0158,4,6,-75.7994,-92.7891,direct,0.0500,27.6000,-74.7334
214.7,node[20],1,6071.4164,3370.7187,1.8950,24.3320,0.5261,2.6459,-831179687#19,-72.6111,5.4944,100.0000,default,20,rsu(377m),521,16065,0.7768,377,2.0177,7,12,-72.6111,-89.6008,direct,0.0500,28.0000,-74.7296
214.8,node[20],1,6069.2809,3369.5641,1.8950,24.2770,-0.5500,2.6459,-831179687#19,-78.8727,-5.0000,100.0000,default,20,rsu(376m),522,16100,0.0180,376,2.0194,2,2,-78.8727,-95.8624,direct,0.0500,28.0000,-74.7269
214.9,node[20],1,6067.1479,3368.4108,1.8950,24.2484,-0.2856,2.6459,-831179687#19,-71.7071,3.8220,100.0000,default,20,rsu(374m),523,16135,0.6013,374,2.0212,6,10,-71.7071,-88.6968,direct,0.0500,28.0000,-74.7249
215,node[20],1,6065.0185,3367.2594,1.8950,24.2081,-0.4034,2.6459,-831179687#19,-76.7479,-2.0081,100.0000,default,20,rsu(372m),524,16170,0.0756,372,2.0229,3,4,-76.7479,-93.7376,direct,0.0500,28.0000,-74.7241
215.1,node[20],1,6062.8905,3366.1089,1.8950,24.1913,-0.1674,2.6459,-831179687#19,-77.4870,-0.5789,100.0000,default,20,rsu(371m),525,16205,0.1431,371,2.0246,4,6,-77.4870,-94.4767,direct,0.0500,28.0000,-74.7232
215.2,node[20],1,6060.7580,3364.9558,1.8950,24.2436,0.5229,2.6459,-831179687#19,-76.6546,-0.7632,100.0000,default,20,rsu(369m),526,16239,0.1322,369,2.0133,4,6,-76.6546,-93.6443,direct,0.0500,28.0000,-74.7211
215.3,node[20],1,6058.6276,3363.8039,1.8950,24.2187,-0.2492,2.6459,-831179687#19,-73.1198,4.0602,100.0000,default,20,rsu(368m),527,16274,0.6295,368,2.0150,6,10,-73.1198,-90.1095,direct,0.0500,27.6000,-74.7205
215.4,node[20],1,6056.4918,3362.6491,1.8950,24.2805,0.6178,2.6459,-831179687#19,-74.9194,3.8369,100.0000,default,20,rsu(367m),528,16309,0.6031,367,2.0166,6,10,-74.9194,-91.9091,direct,0.0500,27.6000,-74.7183
215.5,node[20],1,6054.3703,3361.4894,1.8950,24.1897,-0.9081,2.6437,:227555793_0,-78.9231,-0.4627,100.0000,default,20,rsu(365m),529,16344,0.1504,365,2.0182,4,6,-78.9231,-95.9128,direct,0.0500,28.0000,-74.7197
215.6,node[20],1,6052.2479,3360.3279,1.8950,24.2082,0.1857,2.6413,:227555793_0,-71.3887,3.2531,100.0000,default,19,rsu(364m),530,16378,0.5316,364,2.0198,6,10,-71.3887,-88.3784,direct,0.0500,28.0000,-74.7251
215.7,node[20],1,6050.1336,3359.1708,1.8950,24.1159,-0.9233,2.6409,:227555793_0,-73.5587,3.5304,100.0000,default,19,rsu(362m),531,16412,0.5659,362,2.0214,6,10,-73.5587,-90.5484,direct,0.0500,27.2000,-74.7282
215.8,node[20],1,6048.0108,3358.0091,1.8950,24.2115,0.9558,2.6409,:227555793_0,-71.9314,4.3299,100.0000,default,19,rsu(361m),532,16447,0.6604,361,2.0129,6,10,-71.9314,-88.9211,direct,0.0500,27.2000,-74.7283
215.9,node[20],1,6045.8904,3356.8487,1.8950,24.1858,-0.2570,2.6409,:227555793_0,-75.4075,0.1025,100.0000,default,19,rsu(359m),533,16481,0.1902,359,2.0174,4,6,-75.4075,-92.3972,direct,0.0500,27.6000,-74.7276
216,node[20],1,6043.7757,3355.6914,1.8950,24.1201,-0.6571,2.6409,:227555793_0,-80.6836,-2.6263,100.0000,default,19,rsu(358m),534,16516,0.0566,358,2.0218,3,4,-80.6836,-97.6733,direct,0.0500,27.6000,-74.7313
216.1,node[20],1,6041.6505,3354.5171,1.8950,24.2805,1.6044,2.6389,-831179687#18,-77.5332,0.4085,100.0000,default,19,rsu(356m),535,16551,0.2149,356,2.0132,4,6,-77.5332,-94.5229,direct,0.0500,28.0000,-74.7301
216.2,node[20],1,6039.5308,3353.3454,1.8950,24.2192,-0.6134,2.6368,-831179687#18,-78.0044,1.1889,100.0000,default,19,rsu(355m),536,16586,0.2879,355,2.0176,5,8,-78.0044,-94.9941,direct,0.0500,28.0000,-74.7283
216.3,node[20],1,6037.4092,3352.1727,1.8950,24.2407,0.2152,2.6366,-831179687#18,-83.8256,-5.0000,100.0000,default,19,rsu(354m),537,16621,0.0180,354,2.0219,2,2,-83.8256,-100.8153,direct,0.0500,28.0000,-74.7279
216.4,node[20],1,6035.2831,3350.9975,1.8950,24.2932,0.5250,2.6366,-831179687#18,-81.8182,-5.0000,100.0000,default,19,rsu(352m),538,16656,0.0180,352,2.0132,2,2,-81.8182,-98.8079,direct,0.0500,28.0000,-74.7245
216.5,node[20],1,6033.1635,3349.8259,1.8950,24.2174,-0.7575,2.6366,-831179687#18,-77.8457,-3.1076,100.0000,default,19,rsu(351m),539,16691,0.0451,351,2.0174,2,2,-77.8457,-94.8354,direct,0.0500,28.0000,-74.7242
216.6,node[20],1,6031.0453,3348.6551,1.8950,24.2020,-0.1540,2.6366,-831179687#18,-84.5762,-5.0000,100.0000,default,19,rsu(350m),540,16726,0.0180,350,2.0216,2,2,-84.5762,-101.5659,direct,0.0500,28.0000,-74.7236
216.7,node[20],1,6028.9260,3347.4836,1.8950,24.2152,0.1316,2.6366,-831179687#18,-76.0265,3.2399,100.0000,default,19,rsu(348m),541,16761,0.5300,348,2.0127,6,10,-76.0265,-93.0162,direct,0.0500,28.0000,-74.7224
216.8,node[20],1,6026.8085,3346.3131,1.8950,24.1943,-0.2088,2.6366,-831179687#18,-84.0150,-5.0000,100.0000,default,19,rsu(347m),542,16796,0.0180,347,2.0168,2,2,-84.0150,-101.0047,direct,0.0500,28.0000,-74.7235
216.9,node[20],1,6024.6865,3345.1401,1.8950,24.2458,0.5147,2.6366,-831179687#18,-90.3408,-5.0000,100.0000,default,19,rsu(346m),543,16830,0.0180,346,2.0208,2,2,-90.3408,-107.3305,direct,0.0500,27.6000,-74.7231
217,node[20],1,6022.5681,3343.9692,1.8950,24.2035,-0.4231,2.6366,-831179687#18,-84.6893,-5.0000,100.0000,default,20,rsu(344m),544,16865,0.0180,344,2.0248,2,2,-84.6893,-101.6790,direct,0.0500,27.6000,-74.7173
217.1,node[20],1,6020.4462,3342.7963,1.8950,24.2452,0.4175,2.6366,-831179687#18,-73.3776,2.4741,100.0000,default,20,rsu(343m),545,16899,0.4346,343,2.0157,5,8,-73.3776,-90.3673,direct,0.0500,27.6000,-74.7161
217.2,node[20],1,6018.3273,3341.6251,1.8950,24.2099,-0.3533,2.6366,-831179687#18,-76.8991,2.1995,100.0000,default,20,rsu(342m),546,16934,0.4013,342,2.0196,5,8,-76.8991,-93.8888,direct,0.0500,27.6000,-74.7158
217.3,node[20],1,6016.2066,3340.4529,1.8950,24.2305,0.2062,2.6366,-831179687#18,-78.2553,-4.3239,100.0000,default,20,rsu(340m),547,16969,0.0250,340,2.0235,2,2,-78.2553,-95.2450,direct,0.0500,28.0000,-74.7147
217.4,node[20],1,6014.0859,3339.2806,1.8950,24.2312,0.0067,2.6366,-831179687#18,-82.0916,-4.9788,100.0000,default,20,rsu(339m),548,17004,0.0182,339,2.0142,2,2,-82.0916,-99.0813,direct,0.0500,28.0000,-74.7138
217.5,node[20],1,6011.9640,3338.1077,1.8950,24.2440,0.1280,2.6366,-831179687#18,-74.3835,1.6684,100.0000,default,20,rsu(338m),549,17039,0.3394,338,2.0180,5,8,-74.3835,-91.3732,direct,0.0500,28.0000,-74.7124
217.6,node[20],1,6009.8438,3336.9358,1.8950,24.2247,-0.1926,2.6366,-831179687#18,-77.0395,2.3099,100.0000,default,20,rsu(337m),550,17074,0.4146,337,2.0216,5,8,-77.0395,-94.0292,direct,0.0500,28.0000,-74.7111
217.7,node[20],1,6007.7197,3335.7617,1.8950,24.2697,0.4504,2.6366,-831179687#18,-75.7708,3.0215,100.0000,default,20,rsu(335m),551,17108,0.5027,335,2.0252,6,10,-75.7708,-92.7605,direct,0.0500,27.6000,-74.7089
217.8,node[20],1,6005.5957,3334.5876,1.8950,24.2691,-0.0062,2.6366,-831179687#18,-79.4668,-1.5318,100.0000,default,20,rsu(334m),552,17143,0.0940,334,2.0158,3,4,-79.4668,-96.4565,direct,0.0500,27.6000,-74.7074
217.9,node[20],1,6003.4714,3333.4134,1.8950,24.2716,0.0247,2.6366,-831179687#18,-88.4160,-5.0000,100.0000,default,20,rsu(333m),553,17177,0.0180,333,2.0193,2,2,-88.4160,-105.4057,direct,0.0500,27.6000,-74.7072
218,node[20],1,6001.3460,3332.2386,1.8950,24.2844,0.1279,2.6366,-831179687#18,-73.0178,2.1898,100.0000,default,20,rsu(332m),554,17212,0.4001,332,2.0228,5,8,-73.0178,-90.0075,direct,0.0500,27.6000,-74.7047
218.1,node[20],1,5999.2248,3331.0661,1.8950,24.2366,-0.4777,2.6366,-831179687#18,-78.2251,0.9881,100.0000,default,20,rsu(331m),555,17247,0.2678,331,2.0131,4,6,-78.2251,-95.2148,direct,0.0500,28.0000,-74.7043
218.2,node[20],1,5997.0988,3329.8909,1.8950,24.2906,0.5397,2.6366,-831179687#18,-74.8651,1.3105,100.0000,default,20,rsu(329m),556,17282,0.3005,329,2.0165,5,8,-74.8651,-91.8548,direct,0.0500,28.0000,-74.7011
218.3,node[20],1,5994.9781,3328.7187,1.8950,24.2314,-0.5914,2.6366,-831179687#18,-80.4515,-1.4828,100.0000,default,20,rsu(328m),557,17317,0.0961,328,2.0197,3,4,-80.4515,-97.4412,direct,0.0500,28.0000,-74.7011
218.4,node[20],1,5992.8512,3327.5430,1.8950,24.3014,0.6999,2.6366,-831179687#18,-74.9582,-0.4239,100.0000,default,20,rsu(327m),558,17352,0.1529,327,2.0229,4,6,-74.9582,-91.9479,direct,0.0500,28.0000,-74.6990
218.5,node[20],1,5990.7347,3326.3731,1.8950,24.1832,-1.1823,2.6366,-831179687#18,-70.9470,6.9197,100.0000,default,20,rsu(326m),559,17387,0.8765,326,2.0131,7,12,-70.9470,-87.9367,direct,0.0500,28.0000,-74.7009
218.6,node[20],1,5988.6090,3325.1981,1.8950,24.2879,1.0467,2.6366,-831179687#18,-75.6555,-1.7603,100.0000,default,20,rsu(325m),560,17422,0.0847,325,2.0161,3,4,-75.6555,-92.6452,direct,0.0500,28.0000,-74.6986
218.7,node[20],1,5986.4895,3324.0266,1.8950,24.2162,-0.7170,2.6366,-831179687#18,-83.1076,-4.0583,100.0000,default,20,rsu(324m),561,17457,0.0285,324,2.0192,2,2,-83.1076,-100.0973,direct,0.0500,28.0000,-74.6994
218.8,node[20],1,5984.3611,3322.8501,1.8950,24.3185,1.0234,2.6366,-831179687#18,-73.3584,4.5628,100.0000,default,20,rsu(323m),562,17492,0.6860,323,2.0221,6,10,-73.3584,-90.3481,direct,0.0500,28.0000,-74.6973
218.9,node[20],1,5982.2371,3321.6760,1.8950,24.2691,-0.4935,2.6366,-831179687#18,-72.6434,3.9463,100.0000,default,20,rsu(322m),563,17527,0.6161,322,2.0250,6,10,-72.6434,-89.6331,direct,0.0500,28.0000,-74.6956
219,node[20],1,5980.1196,3320.5055,1.8950,24.1943,-0.7484,2.6366,-831179687#18,-70.6005,3.2541,100.0000,default,20,rsu(321m),564,17562,0.5317,321,2.0148,6,10,-70.6005,-87.5902,direct,0.0500,28.0000,-74.6940
219.1,node[20],1,5978.0005,3319.3342,1.8950,24.2118,0.1753,2.6366,-831179687#18,-70.3942,7.0368,100.0000,default,20,rsu(320m),565,17596,0.8827,320,2.0176,8,14,-70.3942,-87.3839,direct,0.0500,27.6000,-74.6942
219.2,node[20],1,5975.8799,3318.1620,1.8950,24.2301,0.1824,2.6366,-831179687#18,-72.7781,0.9727,100.0000,default,20,rsu(319m),566,17630,0.2663,319,2.0202,4,6,-72.7781,-89.7678,direct,0.0500,27.6000,-74.6948
219.3,node[20],1,5973.7544,3316.9871,1.8950,24.2854,0.5532,2.6366,-831179687#18,-79.5482,-1.1119,100.0000,default,20,rsu(318m),567,17665,0.1135,318,2.0228,3,4,-79.5482,-96.5379,direct,0.0500,27.6000,-74.6928
219.4,node[20],1,5971.6388,3315.8177,1.8950,24.1723,-1.1314,2.6366,-831179687#18,-76.0538,2.6858,100.0000,default,20,rsu(317m),568,17700,0.4608,317,2.0254,5,8,-76.0538,-93.0435,direct,0.0500,27.6000,-74.6944
219.5,node[20],1,5969.5161,3314.6444,1.8950,24.2536,0.8133,2.6366,-831179687#18,-75.7549,3.2208,100.0000,default,20,rsu(316m),569,17735,0.5276,316,2.0149,6,10,-75.7549,-92.7446,direct,0.0500,28.0000,-74.6942
219.6,node[20],1,5967.3982,3313.4737,1.8950,24.1994,-0.5423,2.6366,-831179687#18,-81.5755,-5.0000,100.0000,default,20,rsu(315m),570,17770,0.0180,315,2.0173,2,2,-81.5755,-98.5652,direct,0.0500,28.0000,-74.6932
219.7,node[20],1,5965.2792,3312.3024,1.8950,24.2103,0.1095,2.6366,-831179687#18,-90.2211,-5.0000,100.0000,default,20,rsu(314m),571,17805,0.0180,314,2.0196,2,2,-90.2211,-107.2108,direct,0.0500,28.0000,-74.6920
219.8,node[20],1,5963.1618,3311.1320,1.8950,24.1934,-0.1688,2.6366,-831179687#18,-75.1569,0.3797,100.0000,default,20,rsu(313m),572,17839,0.2125,313,2.0218,4,6,-75.1569,-92.1466,direct,0.0500,28.0000,-74.6922
219.9,node[20],1,5961.0405,3309.9595,1.8950,24.2371,0.4366,2.6366,-831179687#18,-74.0898,3.0929,100.0000,default,20,rsu(312m),573,17874,0.5116,312,2.0240,6,10,-74.0898,-91.0795,direct,0.0500,27.6000,-74.6917
220,node[20],1,5958.9235,3308.7893,1.8950,24.1889,-0.4818,2.6366,-831179687#18,-74.1506,2.3006,100.0000,default,20,rsu(311m),574,17909,0.4135,311,2.0131,5,8,-74.1506,-91.1403,direct,0.0500,27.6000,-74.6920
220.1,node[20],1,5956.8092,3307.6206,1.8950,24.1574,-0.3151,2.6366,-831179687#18,-70.2476,8.6607,100.0000,default,20,rsu(310m),575,17944,0.9443,310,2.0151,8,14,-70.2476,-87.2373,direct,0.0500,28.0000,-74.6918
220.2,node[20],1,5954.6903,3306.4493,1.8950,24.2106,0.5322,2.6366,-831179687#18,-72.6201,6.0671,100.0000,default,20,rsu(309m),576,17978,0.8225,309,2.0171,7,12,-72.6201,-89.6098,direct,0.0500,28.0000,-74.6919
220.3,node[20],1,5952.5743,3305.2797,1.8950,24.1765,-0.3410,2.6366,-831179687#18,-72.4926,4.2146,100.0000,default,20,rsu(308m),577,18012,0.6473,308,2.0189,6,10,-72.4926,-89.4823,direct,0.0500,27.2000,-74.6928
220.4,node[20],1,5950.4523,3304.1067,1.8950,24.2463,0.6981,2.6366,-831179687#18,-74.9124,0.9980,100.0000,default,20,rsu(308m),578,18047,0.2687,308,2.0207,4,6,-74.9124,-91.9021,direct,0.0500,27.2000,-74.6919
220.5,node[20],1,5948.3343,3302.9360,1.8950,24.1994,-0.4692,2.6366,-831179687#18,-73.9862,2.1984,100.0000,default,20,rsu(307m),579,18082,0.4011,307,2.0225,5,8,-73.9862,-90.9759,direct,0.0500,28.0000,-74.6913
220.6,node[20],1,5946.2190,3301.7668,1.8950,24.1686,-0.3085,2.6366,-831179687#18,-73.5974,4.5608,100.0000,default,20,rsu(306m),580,18117,0.6858,306,2.0241,6,10,-73.5974,-90.5871,direct,0.0500,28.0000,-74.6926
220.7,node[20],1,5944.0945,3300.5924,1.8950,24.2749,1.0635,2.6366,-831179687#18,-70.4121,5.4434,100.0000,default,20,rsu(305m),581,18152,0.7724,305,2.0127,7,12,-70.4121,-87.4018,direct,0.0500,28.0000,-74.6922
220.8,node[20],1,5941.9669,3299.4164,1.8950,24.3087,0.3379,2.6366,-831179687#18,-72.2536,3.9666,100.0000,default,20,rsu(304m),582,18187,0.6185,304,2.0141,6,10,-72.2536,-89.2433,direct,0.0500,28.0000,-74.6878
220.9,node[20],1,5939.8548,3298.2509,1.8950,24.1229,-1.8579,2.6370,:227594487_5,-76.7380,0.0525,100.0000,default,20,rsu(304m),583,18222,0.1864,304,2.0155,4,6,-76.7380,-93.7277,direct,0.0500,28.0000,-74.6906
221,node[20],1,5937.7285,3297.0924,1.8950,24.2091,0.8622,2.6399,:227594487_5,-75.6024,1.2114,100.0000,default,20,rsu(303m),584,18257,0.2902,303,2.0169,5,8,-75.6024,-92.5921,direct,0.0500,28.0000,-74.6892
221.1,node[20],1,5935.6072,3295.9365,1.8950,24.1534,-0.5573,2.6427,:227594487_5,-87.1706,-5.0000,100.0000,default,20,rsu(302m),585,18292,0.0180,302,2.0181,2,2,-87.1706,-104.1603,direct,0.0500,28.0000,-74.6889
221.2,node[20],1,5933.4791,3294.7769,1.8950,24.2302,0.7680,2.6427,:227594487_5,-75.5280,1.3693,100.0000,default,20,rsu(302m),586,18327,0.3067,302,2.0255,5,8,-75.5280,-92.5177,direct,0.0500,28.0000,-74.6864
221.3,node[20],1,5931.3517,3293.6178,1.8950,24.2216,-0.0859,2.6427,:227594487_5,-75.0510,2.2530,100.0000,default,20,rsu(301m),587,18363,0.4077,301,2.0198,5,8,-75.0510,-92.0407,direct,0.0500,28.4000,-74.6859
221.4,node[20],1,5929.2275,3292.4603,1.8950,24.1855,-0.3612,2.6427,:227594487_5,-75.8000,1.5943,100.0000,default,20,rsu(300m),588,18399,0.3312,300,2.0228,5,8,-75.8000,-92.7897,direct,0.0500,28.4000,-74.6874
221.5,node[20],1,5927.0931,3291.3001,1.8950,24.2906,1.0506,2.6432,-831179687#17,-71.5313,3.6599,100.0000,default,20,rsu(300m),589,18435,0.5818,300,2.0127,6,10,-71.5313,-88.5210,direct,0.0500,28.8000,-74.6835
221.6,node[20],1,5924.9577,3290.1555,1.8950,24.2289,-0.6167,2.6465,-831179687#17,-82.8853,-5.0000,100.0000,default,20,rsu(299m),590,18471,0.0180,299,2.0155,2,2,-82.8853,-99.8750,direct,0.0500,28.8000,-74.6829
221.7,node[20],1,5922.8244,3289.0120,1.8950,24.2062,-0.2265,2.6495,-831179687#17,-77.3739,1.3837,100.0000,default,20,rsu(299m),591,18507,0.3083,299,2.0182,5,8,-77.3739,-94.3636,direct,0.0500,28.8000,-74.6814
221.8,node[20],1,5920.6976,3287.8720,1.8950,24.1322,-0.7405,2.6495,-831179687#17,-74.9144,-0.6577,100.0000,default,20,rsu(298m),592,18543,0.1384,298,2.0209,4,6,-74.9144,-91.9041,direct,0.0500,28.8000,-74.6831
221.9,node[20],1,5918.5618,3286.7272,1.8950,24.2338,1.0165,2.6495,-831179687#17,-77.0947,-1.4118,100.0000,default,20,rsu(298m),593,18578,0.0992,298,2.0235,3,4,-77.0947,-94.0844,direct,0.0500,28.4000,-74.6813
222,node[20],1,5916.4267,3285.5827,1.8950,24.2258,-0.0800,2.6495,-831179687#17,-86.0443,-5.0000,100.0000,default,20,rsu(297m),594,18614,0.0180,297,2.0130,2,2,-86.0443,-103.0340,direct,0.0500,28.4000,-74.6820
222.1,node[20],1,5914.2925,3284.4388,1.8950,24.2162,-0.0966,2.6495,-831179687#17,-73.4601,1.9641,100.0000,default,20,rsu(297m),595,18650,0.3733,297,2.0155,5,8,-73.4601,-90.4498,direct,0.0500,28.8000,-74.6812
222.2,node[20],1,5912.1620,3283.2968,1.8950,24.1741,-0.4209,2.6495,-831179687#17,-84.3425,-5.0000,100.0000,default,20,rsu(296m),596,18685,0.0180,296,2.0178,2,2,-84.3425,-101.3322,direct,0.0500,28.8000,-74.6833
222.3,node[20],1,5910.0248,3282.1511,1.8950,24.2510,0.7687,2.6495,-831179687#17,-73.9344,3.4328,100.0000,default,20,rsu(296m),597,18721,0.5539,296,2.0201,6,10,-73.9344,-90.9241,direct,0.0500,28.4000,-74.6818
222.4,node[20],1,5907.8942,3281.0091,1.8950,24.1744,-0.7653,2.6495,-831179687#17,-76.2937,1.9068,100.0000,default,20,rsu(295m),598,18757,0.3667,295,2.0223,5,8,-76.2937,-93.2834,direct,0.0500,28.4000,-74.6838
222.5,node[20],1,5905.7535,3279.8617,1.8950,24.2898,1.1534,2.6495,-831179687#17,-75.9126,0.7423,100.0000,default,20,rsu(295m),599,18793,0.2444,295,2.0245,4,6,-75.9126,-92.9023,direct,0.0500,28.8000,-74.6807
222.6,node[20],1,5903.6215,3278.7189,1.8950,24.1915,-0.9828,2.6495,-831179687#17,-76.4423,-2.2095,100.0000,default,19,rsu(294m),600,18828,0.0688,294,2.0135,3,4,-76.4423,-93.4320,direct,0.0500,28.8000,-74.6875
222.7,node[20],1,5901.4877,3277.5751,1.8950,24.2109,0.1942,2.6495,-831179687#17,-79.6666,-5.0000,100.0000,default,19,rsu(294m),601,18864,0.0180,294,2.0155,2,2,-79.6666,-96.6563,direct,0.0500,28.4000,-74.6886
222.8,node[20],1,5899.3526,3276.4306,1.8950,24.2266,0.1572,2.6495,-831179687#17,-74.8581,4.1000,100.0000,default,19,rsu(294m),602,18900,0.6341,294,2.0174,6,10,-74.8581,-91.8478,direct,0.0500,28.4000,-74.6895
222.9,node[20],0,5897.2079,3275.2810,1.8950,24.3355,1.0892,2.6495,-831179687#17,-75.2797,-0.4889,100.0000,default,20,rsu(293m),603,18937,0.1488,293,2.0192,4,6,-75.2797,-92.2694,direct,0.0500,29.2000,-74.6843
223,node[20],0,5895.0757,3274.1381,1.8950,24.1935,-1.4206,2.6495,-831179687#17,-78.6764,-1.2971,100.0000,default,20,rsu(293m),604,18974,0.1045,293,2.0209,3,4,-78.6764,-95.6661,direct,0.0500,29.2000,-74.6849
223.1,node[20],0,5892.9342,3272.9902,1.8950,24.2991,1.0560,2.6495,-831179687#17,-69.2587,8.0777,100.0000,default,20,rsu(293m),605,19011,0.9268,293,2.0226,8,14,-69.2587,-86.2484,direct,0.0500,29.6000,-74.6827
223.2,node[20],0,5890.7961,3271.8442,1.8950,24.2599,-0.3918,2.6495,-831179687#17,-71.3057,3.6015,100.0000,default,20,rsu(292m),606,19047,0.5746,292,2.0241,6,10,-71.3057,-88.2954,direct,0.0500,29.6000,-74.6811
223.3,node[20],0,5888.6572,3270.6977,1.8950,24.2695,0.0959,2.6495,-831179687#17,-76.7673,0.9580,100.0000,default,20,rsu(292m),607,19084,0.2648,292,2.0256,4,6,-76.7673,-93.7570,direct,0.0500,29.2000,-74.6796
223.4,node[20],0,5886.5203,3269.5522,1.8950,24.2466,-0.2286,2.6495,-831179687#17,-72.1745,4.3576,100.0000,default,20,rsu(292m),608,19121,0.6635,292,2.0140,6,10,-72.1745,-89.1642,direct,0.0500,29.2000,-74.6792
223.5,node[20],0,5884.3875,3268.4090,1.8950,24.1997,-0.4695,2.6495,-831179687#17,-75.2280,2.5572,100.0000,default,20,rsu(292m),609,19158,0.4449,292,2.0153,5,8,-75.2280,-92.2177,direct,0.0500,29.6000,-74.6806
223.6,node[20],0,5882.2441,3267.2601,1.8950,24.3203,1.2058,2.6495,-831179687#17,-74.8441,4.0445,100.0000,default,20,rsu(292m),610,19194,0.6277,292,2.0166,6,10,-74.8441,-91.8338,direct,0.0500,29.6000,-74.6787
223.7,node[20],0,5880.1123,3266.1174,1.8950,24.1891,-1.3115,2.6495,-831179687#17,-70.6301,6.2503,100.0000,default,20,rsu(291m),611,19231,0.8355,291,2.0177,7,12,-70.6301,-87.6198,direct,0.0500,29.2000,-74.6805
223.8,node[20],0,5877.9702,3264.9692,1.8950,24.3054,1.1625,2.6495,-831179687#17,-74.5485,-0.3853,100.0000,default,20,rsu(291m),612,19268,0.1554,291,2.0188,4,6,-74.5485,-91.5382,direct,0.0500,29.2000,-74.6785
223.9,node[20],0,5875.8342,3263.8243,1.8950,24.2368,-0.6858,2.6495,-831179687#17,-80.3567,-4.7428,100.0000,default,20,rsu(291m),613,19305,0.0204,291,2.0198,2,2,-80.3567,-97.3464,direct,0.0500,29.6000,-74.6775
224,node[20],0,5873.6994,3262.6800,1.8950,24.2229,-0.1385,2.6495,-831179687#17,-78.2985,-1.5927,100.0000,default,20,rsu(291m),614,19342,0.0914,291,2.0207,3,4,-78.2985,-95.2882,direct,0.0500,29.6000,-74.6783
224.1,node[20],0,5871.5570,3261.5316,1.8950,24.3092,0.8627,2.6495,-831179687#17,-70.6573,8.7325,100.0000,default,20,rsu(291m),615,19379,0.9462,291,2.0215,8,14,-70.6573,-87.6470,direct,0.0500,29.6000,-74.6751
224.2,node[20],0,5869.4195,3260.3859,1.8950,24.2535,-0.5569,2.6495,-831179687#17,-76.2744,3.0908,100.0000,default,20,rsu(291m),616,19416,0.5113,291,2.0222,6,10,-76.2744,-93.2641,direct,0.0500,29.6000,-74.6739
224.3,node[20],0,5867.2848,3259.2416,1.8950,24.2222,-0.3134,2.6495,-831179687#17,-73.4656,4.5454,100.0000,default,20,rsu(291m),617,19453,0.6841,291,2.0229,6,10,-73.4656,-90.4553,direct,0.0500,29.6000,-74.6731
224.4,node[20],0,5865.1547,3258.0863,1.8950,24.2288,0.0664,2.6472,:227576094_4,-70.9987,5.1555,100.0000,default,20,rsu(291m),618,19490,0.7461,291,2.0235,7,12,-70.9987,-87.9884,direct,0.0500,29.6000,-74.6736
224.5,node[20],0,5863.0236,3256.9274,1.8950,24.2547,0.2589,2.6442,:227576094_4,-67.8940,6.4218,100.0000,default,20,rsu(291m),619,19527,0.8470,291,2.0240,7,12,-67.8940,-84.8837,direct,0.0500,29.6000,-74.6719
224.6,node[20],0,5860.8927,3255.7687,1.8950,24.2518,-0.0290,2.6435,:227576094_4,-81.8958,-5.0000,100.0000,default,20,rsu(291m),620,19564,0.0180,291,2.0244,2,2,-81.8958,-98.8855,direct,0.0500,29.6000,-74.6702
224.7,node[20],0,5858.7622,3254.6101,1.8950,24.2478,-0.0403,2.6435,:227576094_4,-71.3793,5.6914,100.0000,default,20,rsu(291m),621,19601,0.7934,291,2.0247,7,12,-71.3793,-88.3690,direct,0.0500,29.6000,-74.6682
224.8,node[20],0,5856.6338,3253.4526,1.8950,24.2242,-0.2359,2.6435,:227576094_4,-82.2486,-3.0874,100.0000,default,20,rsu(291m),622,19638,0.0455,291,2.0249,2,2,-82.2486,-99.2383,direct,0.0500,29.6000,-74.6686
224.9,node[20],0,5854.4981,3252.2913,1.8950,24.3061,0.8190,2.6435,:227576094_4,-67.7472,9.4726,100.0000,default,20,rsu(291m),623,19675,0.9622,291,2.0251,9,16,-67.7472,-84.7369,direct,0.0500,29.6000,-74.6673
225,node[20],0,5852.3713,3251.1204,1.8950,24.2762,-0.2993,2.6410,-831179687#16,-73.7525,4.7180,100.0000,default,20,rsu(291m),624,19712,0.7024,291,2.0251,6,10,-73.7525,-90.7422,direct,0.0500,29.6000,-74.6666
225.1,node[20],0,5850.2488,3249.9497,1.8950,24.2375,-0.3865,2.6381,-831179687#16,-82.6678,-3.3981,100.0000,default,20,rsu(291m),625,19749,0.0392,291,2.0251,2,2,-82.6678,-99.6575,direct,0.0500,29.6000,-74.6651
225.2,node[20],0,5848.1286,3248.7803,1.8950,24.2112,-0.2627,2.6376,-831179687#16,-72.9554,4.9699,100.0000,default,20,rsu(291m),626,19786,0.7281,291,2.0250,6,10,-72.9554,-89.9451,direct,0.0500,29.6000,-74.6635
225.3,node[20],0,5846.0157,3247.6150,1.8950,24.1269,-0.8436,2.6376,-831179687#16,-74.6687,2.4643,100.0000,default,20,rsu(291m),627,19822,0.4334,291,2.0248,5,8,-74.6687,-91.6584,direct,0.0500,29.2000,-74.6656
225.4,node[20],0,5843.8888,3246.4419,1.8950,24.2877,1.6084,2.6376,-831179687#16,-74.7381,3.1095,100.0000,default,20,rsu(291m),628,19858,0.5137,291,2.0245,6,10,-74.7381,-91.7278,direct,0.0500,29.2000,-74.6635
225.5,node[20],0,5841.7683,3245.2724,1.8950,24.2141,-0.7368,2.6376,-831179687#16,-76.2361,1.0201,100.0000,default,20,rsu(291m),629,19895,0.2709,291,2.0242,5,8,-76.2361,-93.2258,direct,0.0500,29.2000,-74.6625
225.6,node[20],0,5839.6473,3244.1026,1.8950,24.2200,0.0595,2.6376,-831179687#16,-75.0915,4.1735,100.0000,default,20,rsu(292m),630,19931,0.6426,292,2.0237,6,10,-75.0915,-92.0812,direct,0.0500,29.2000,-74.6613
225.7,node[20],0,5837.5294,3242.9345,1.8950,24.1853,-0.3472,2.6376,-831179687#16,-72.7889,2.6841,100.0000,default,20,rsu(292m),631,19968,0.4606,292,2.0232,5,8,-72.7889,-89.7786,direct,0.0500,29.2000,-74.6600
225.8,node[20],0,5835.4111,3241.7662,1.8950,24.1885,0.0323,2.6376,-831179687#16,-83.0026,-5.0000,100.0000,default,20,rsu(292m),632,20005,0.0180,292,2.0226,2,2,-83.0026,-99.9923,direct,0.0500,29.2000,-74.6599
225.9,node[20],0,5833.2855,3240.5938,1.8950,24.2727,0.8416,2.6376,-831179687#16,-73.5039,5.4835,100.0000,default,20,rsu(292m),633,20041,0.7759,292,2.0219,7,12,-73.5039,-90.4936,direct,0.0500,29.2000,-74.6575
226,node[20],0,5831.1645,3239.4240,1.8950,24.2210,-0.5168,2.6376,-831179687#16,-70.4593,7.7992,100.0000,default,20,rsu(292m),634,20078,0.9168,292,2.0211,8,14,-70.4593,-87.4490,direct,0.0500,29.2000,-74.6577
226.1,node[20],0,5829.0361,3238.2501,1.8950,24.3038,0.8283,2.6376,-831179687#16,-76.2548,1.6084,100.0000,default,20,rsu(293m),635,20114,0.3327,293,2.0203,5,8,-76.2548,-93.2445,direct,0.0500,29.2000,-74.6560
226.2,node[20],0,5826.9089,3237.0769,1.8950,24.2908,-0.1301,2.6376,-831179687#16,-75.9245,2.5791,100.0000,default,20,rsu(293m),636,20151,0.4476,293,2.0194,5,8,-75.9245,-92.9142,direct,0.0500,29.2000,-74.6521
226.3,node[20],0,5824.7974,3235.9123,1.8950,24.1121,-1.7867,2.6376,-831179687#16,-72.3029,4.1937,100.0000,default,20,rsu(293m),637,20188,0.6449,293,2.0184,6,10,-72.3029,-89.2926,direct,0.0500,29.6000,-74.6536
226.4,node[20],0,5822.6792,3234.7440,1.8950,24.1875,0.7537,2.6376,-831179687#16,-76.2603,-0.5613,100.0000,default,20,rsu(294m),638,20225,0.1442,294,2.0173,4,6,-76.2603,-93.2500,direct,0.0500,29.6000,-74.6544
226.5,node[20],0,5820.5510,3233.5726,1.8950,24.2915,1.0402,2.6380,:227572563_0,-74.2519,5.0937,100.0000,default,20,rsu(294m),639,20261,0.7402,294,2.0162,7,12,-74.2519,-91.2416,direct,0.0500,29.2000,-74.6508
226.6,node[20],0,5818.4262,3232.4251,1.8950,24.1507,-1.4086,2.6423,:227572563_0,-73.0845,2.8602,100.0000,default,18,rsu(294m),640,20298,0.4825,294,2.0149,5,8,-73.0845,-90.0742,direct,0.0500,29.2000,-74.6645
226.7,node[20],0,5816.2991,3231.2764,1.8950,24.1760,0.2537,2.6464,:227572563_0,-76.4139,1.7910,100.0000,default,18,rsu(295m),641,20335,0.3533,295,2.0136,5,8,-76.4139,-93.4036,direct,0.0500,29.6000,-74.6639
226.8,node[20],0,5814.1670,3230.1250,1.8950,24.2330,0.5701,2.6464,:227572563_0,-77.8335,0.6210,100.0000,default,18,rsu(295m),642,20372,0.2333,295,2.0253,4,6,-77.8335,-94.8232,direct,0.0500,29.6000,-74.6622
226.9,node[20],0,5812.0408,3228.9768,1.8950,24.1657,-0.6739,2.6464,:227572563_0,-78.4919,0.5822,100.0000,default,18,rsu(296m),643,20409,0.2299,296,2.0238,4,6,-78.4919,-95.4816,direct,0.0500,29.6000,-74.6615
227,node[20],0,5809.9121,3227.8272,1.8950,24.1941,0.2845,2.6464,:227572563_0,-76.1288,0.2058,100.0000,default,18,rsu(296m),644,20445,0.1983,296,2.0223,4,6,-76.1288,-93.1185,direct,0.0500,29.6000,-74.6620
227.1,node[20],0,5807.7753,3226.6759,1.8950,24.2744,0.8031,2.6469,-831179687#15,-70.9657,4.4902,100.0000,default,18,rsu(297m),645,20482,0.6781,297,2.0207,6,10,-70.9657,-87.9554,direct,0.0500,29.2000,-74.6592
227.2,node[20],0,5805.6316,3225.5422,1.8950,24.2487,-0.2568,2.6511,-831179687#15,-77.5823,-1.7690,100.0000,default,18,rsu(297m),646,20519,0.0844,297,2.0190,3,4,-77.5823,-94.5720,direct,0.0500,29.2000,-74.6564
227.3,node[20],0,5803.4999,3224.4149,1.8950,24.1131,-1.3568,2.6551,-831179687#15,-79.0294,-2.1699,100.0000,default,18,rsu(298m),647,20556,0.0701,298,2.0173,3,4,-79.0294,-96.0191,direct,0.0500,29.6000,-74.6580
227.4,node[20],0,5801.3639,3223.2853,1.8950,24.1630,0.4996,2.6551,-831179687#15,-78.8860,-2.1471,100.0000,default,18,rsu(298m),648,20593,0.0709,298,2.0154,3,4,-78.8860,-95.8757,direct,0.0500,29.6000,-74.6591
227.5,node[20],0,5799.2178,3222.1503,1.8950,24.2764,1.1337,2.6551,-831179687#15,-76.5194,1.1751,100.0000,default,18,rsu(299m),649,20629,0.2865,299,2.0135,5,8,-76.5194,-93.5091,direct,0.0500,29.2000,-74.6562
227.6,node[20],0,5797.0758,3221.0176,1.8950,24.2290,-0.4744,2.6551,-831179687#15,-79.8083,-2.9773,100.0000,default,18,rsu(300m),650,20665,0.0479,300,2.0246,3,4,-79.8083,-96.7980,direct,0.0500,29.2000,-74.6557
227.7,node[20],0,5794.9403,3219.8882,1.8950,24.1572,-0.7179,2.6551,-831179687#15,-74.7318,4.1958,100.0000,default,18,rsu(300m),651,20702,0.6452,300,2.0225,6,10,-74.7318,-91.7215,direct,0.0500,29.2000,-74.6550
227.8,node[20],0,5792.8055,3218.7593,1.8950,24.1483,-0.0883,2.6551,-831179687#15,-73.8008,0.0698,100.0000,default,18,rsu(301m),652,20739,0.1877,301,2.0244,4,6,-73.8008,-90.7905,direct,0.0500,29.2000,-74.6572
227.9,node[20],0,5790.6602,3217.6247,1.8950,24.2675,1.1914,2.6551,-831179687#15,-75.5816,1.6140,100.0000,default,18,rsu(301m),653,20776,0.3334,301,2.0133,5,8,-75.5816,-92.5713,direct,0.0500,29.6000,-74.6544
228,node[20],0,5788.5211,3216.4935,1.8950,24.1965,-0.7095,2.6551,-831179687#15,-74.3200,2.6989,100.0000,default,18,rsu(302m),654,20813,0.4624,302,2.0150,5,8,-74.3200,-91.3097,direct,0.0500,29.6000,-74.6548
228.1,node[20],0,5786.3813,3215.3619,1.8950,24.2056,0.0911,2.6551,-831179687#15,-77.0392,0.1630,100.0000,default,18,rsu(303m),655,20850,0.1949,303,2.0167,4,6,-77.0392,-94.0289,direct,0.0500,29.6000,-74.6551
228.2,node[20],0,5784.2431,3214.2311,1.8950,24.1872,-0.1846,2.6551,-831179687#15,-81.1287,-5.0000,100.0000,default,18,rsu(304m),656,20887,0.0180,304,2.0184,2,2,-81.1287,-98.1184,direct,0.0500,29.6000,-74.6548
228.3,node[20],0,5782.1010,3213.0983,1.8950,24.2303,0.4317,2.6551,-831179687#15,-83.0195,-5.0000,100.0000,default,18,rsu(304m),657,20924,0.0180,304,2.0200,2,2,-83.0195,-100.0092,direct,0.0500,29.6000,-74.6536
228.4,node[20],0,5779.9591,3211.9656,1.8950,24.2294,-0.0097,2.6551,-831179687#15,-71.6863,5.8311,100.0000,default,18,rsu(305m),658,20961,0.8046,305,2.0215,7,12,-71.6863,-88.6760,direct,0.0500,29.6000,-74.6512
228.5,node[20],0,5777.8203,3210.8345,1.8950,24.1933,-0.3605,2.6551,-831179687#15,-76.3214,0.4168,100.0000,default,18,rsu(306m),659,20997,0.2156,306,2.0229,4,6,-76.3214,-93.3111,direct,0.0500,29.2000,-74.6523
228.6,node[20],0,5775.6784,3209.7018,1.8950,24.2290,0.3569,2.6551,-831179687#15,-72.4440,2.2514,100.0000,default,18,rsu(307m),660,21034,0.4075,307,2.0197,5,8,-72.4440,-89.4337,direct,0.0500,29.2000,-74.6507
228.7,node[20],0,5773.5448,3208.5734,1.8950,24.1355,-0.9354,2.6551,-831179687#15,-78.7759,-1.6741,100.0000,default,18,rsu(307m),661,21071,0.0881,307,2.0164,3,4,-78.7759,-95.7656,direct,0.0500,29.6000,-74.6532
228.8,node[20],0,5771.3950,3207.4365,1.8950,24.3180,1.8255,2.6551,-831179687#15,-76.9267,0.4620,100.0000,default,18,rsu(308m),662,21108,0.2194,308,2.0131,4,6,-76.9267,-93.9164,direct,0.0500,29.6000,-74.6501
228.9,node[20],0,5769.2505,3206.3025,1.8950,24.2578,-0.6026,2.6551,-831179687#15,-75.8761,1.9744,100.0000,default,18,rsu(309m),663,21144,0.3745,309,2.0227,5,8,-75.8761,-92.8658,direct,0.0500,29.2000,-74.6485
229,node[20],0,5767.1097,3205.1703,1.8950,24.2165,-0.4125,2.6551,-831179687#15,-77.4253,1.2569,100.0000,default,18,rsu(310m),664,21181,0.2949,310,2.0193,5,8,-77.4253,-94.4150,direct,0.0500,29.2000,-74.6477
229.1,node[20],0,5764.9637,3204.0354,1.8950,24.2749,0.5837,2.6551,-831179687#15,-74.6616,4.5631,100.0000,default,18,rsu(311m),665,21218,0.6860,311,2.0159,6,10,-74.6616,-91.6513,direct,0.0500,29.6000,-74.6453
229.2,node[20],0,5762.8290,3202.9065,1.8950,24.1481,-1.2674,2.6551,-831179687#15,-80.7471,-4.3904,100.0000,default,18,rsu(312m),666,21254,0.0242,312,2.0255,2,2,-80.7471,-97.7368,direct,0.0500,29.6000,-74.6461
229.3,node[20],0,5760.6864,3201.7734,1.8950,24.2363,0.8820,2.6551,-831179687#15,-74.0927,0.7899,100.0000,default,18,rsu(313m),667,21291,0.2488,313,2.0220,4,6,-74.0927,-91.0824,direct,0.0500,29.2000,-74.6452
229.4,node[20],0,5758.5491,3200.6431,1.8950,24.1769,-0.5944,2.6551,-831179687#15,-77.2624,-1.0402,100.0000,default,18,rsu(313m),668,21328,0.1171,313,2.0185,3,4,-77.2624,-94.2521,direct,0.0500,29.2000,-74.6455
229.5,node[20],0,5756.4082,3199.5109,1.8950,24.2173,0.4038,2.6551,-831179687#15,-76.8981,-0.9789,100.0000,default,18,rsu(314m),669,21365,0.1203,314,2.0149,4,6,-76.8981,-93.8878,direct,0.0500,29.6000,-74.6440
229.6,node[20],0,5754.2743,3198.3825,1.8950,24.1382,-0.7904,2.6551,-831179687#15,-75.6142,-0.0663,100.0000,default,18,rsu(315m),670,21401,0.1775,315,2.0244,4,6,-75.6142,-92.6039,direct,0.0500,29.6000,-74.6445
229.7,node[20],0,5752.1396,3197.2535,1.8950,24.1480,0.0974,2.6551,-831179687#15,-91.0398,-5.0000,100.0000,default,18,rsu(316m),671,21438,0.0180,316,2.0208,2,2,-91.0398,-108.0295,direct,0.0500,29.2000,-74.6460
229.8,node[20],0,5749.9939,3196.1188,1.8950,24.2720,1.2404,2.6551,-831179687#15,-72.8841,6.4587,100.0000,default,18,rsu(317m),672,21474,0.8493,317,2.0171,7,12,-72.8841,-89.8738,direct,0.0500,29.2000,-74.6435
229.9,node[20],0,5747.8592,3194.9899,1.8950,24.1465,-1.2552,2.6551,-831179687#15,-74.3256,4.6203,100.0000,default,18,rsu(318m),673,21510,0.6921,318,2.0135,6,10,-74.3256,-91.3153,direct,0.0500,28.8000,-74.6456
230,node[20],0,5745.7207,3193.8590,1.8950,24.1907,0.4419,2.6551,-831179687#15,-77.9738,0.4190,100.0000,default,18,rsu(319m),674,21546,0.2158,319,2.0228,4,6,-77.9738,-94.9635,direct,0.0500,28.8000,-74.6463
230.1,node[20],0,5743.5749,3192.7242,1.8950,24.2734,0.8272,2.6551,-831179687#15,-83.1608,-5.0000,100.0000,default,18,rsu(320m),675,21582,0.0180,320,2.0191,2,2,-83.1608,-100.1505,direct,0.0500,28.8000,-74.6438
230.2,node[20],0,5741.4324,3191.5911,1.8950,24.2352,-0.3818,2.6551,-831179687#15,-68.4655,7.6880,100.0000,default,18,rsu(321m),676,21618,0.9125,321,2.0154,8,14,-68.4655,-85.4552,direct,0.0500,28.8000,-74.6428
230.3,node[20],0,5739.2876,3190.4569,1.8950,24.2618,0.2659,2.6551,-831179687#15,-75.3602,1.5390,100.0000,default,18,rsu(322m),677,21653,0.3251,322,2.0246,5,8,-75.3602,-92.3499,direct,0.0500,28.4000,-74.6408
230.4,node[20],0,5737.1504,3189.3266,1.8950,24.1757,-0.8612,2.6551,-831179687#15,-77.3597,-1.7861,100.0000,default,18,rsu(323m),678,21689,0.0837,323,2.0208,3,4,-77.3597,-94.3494,direct,0.0500,28.4000,-74.6383
230.5,node[20],0,5735.0145,3188.1971,1.8950,24.1607,-0.1504,2.6551,-831179687#15,-72.0012,4.6825,100.0000,default,18,rsu(325m),679,21725,0.6987,325,2.0170,6,10,-72.0012,-88.9909,direct,0.0500,28.8000,-74.6400
230.6,node[20],0,5732.8674,3187.0617,1.8950,24.2873,1.2665,2.6551,-831179687#15,-79.7054,-1.1286,100.0000,default,18,rsu(326m),680,21760,0.1126,326,2.0131,3,4,-79.7054,-96.6951,direct,0.0500,28.8000,-74.6375
230.7,node[20],0,5730.7278,3185.9301,1.8950,24.2030,-0.8431,2.6551,-831179687#15,-81.9825,-4.9207,100.0000,default,18,rsu(327m),681,21796,0.0187,327,2.0191,2,2,-81.9825,-98.9722,direct,0.0500,28.4000,-74.6366
230.8,node[20],0,5728.5881,3184.7986,1.8950,24.2039,0.0089,2.6551,-831179687#15,-77.9455,-3.5061,100.0000,default,18,rsu(328m),682,21832,0.0372,328,2.0251,2,2,-77.9455,-94.9352,direct,0.0500,28.4000,-74.6374
230.9,node[20],0,5726.4397,3183.6624,1.8950,24.3026,0.9875,2.6551,-831179687#15,-75.5457,-0.1792,100.0000,default,18,rsu(329m),683,21868,0.1694,329,2.0180,4,6,-75.5457,-92.5354,direct,0.0500,28.8000,-74.6356
231,node[20],0,5724.2933,3182.5273,1.8950,24.2799,-0.2279,2.6551,-831179687#15,-84.8558,-5.0000,100.0000,default,18,rsu(330m),684,21904,0.0180,330,2.0240,2,2,-84.8558,-101.8455,direct,0.0500,28.8000,-74.6343
231.1,node[20],0,5722.1485,3181.3887,1.8950,24.2804,0.0051,2.6544,:227589131_4,-81.6717,-5.0000,100.0000,default,18,rsu(331m),685,21939,0.0180,331,2.0168,2,2,-81.6717,-98.6614,direct,0.0500,28.4000,-74.6302
231.2,node[20],0,5720.0158,3180.2444,1.8950,24.1959,-0.8450,2.6515,:227589131_4,-81.7335,-5.0000,100.0000,default,18,rsu(332m),686,21975,0.0180,332,2.0227,2,2,-81.7335,-98.7232,direct,0.0500,28.4000,-74.6290
231.3,node[20],0,5717.8800,3179.0983,1.8950,24.2325,0.3665,2.6491,:227589131_4,-73.1964,5.2264,100.0000,default,18,rsu(334m),687,22011,0.7527,334,2.0155,7,12,-73.1964,-90.1861,direct,0.0500,28.8000,-74.6270
231.4,node[20],0,5715.7522,3177.9566,1.8950,24.1397,-0.9286,2.6491,:227589131_4,-73.8767,3.8026,100.0000,default,18,rsu(335m),688,22047,0.5990,335,2.0213,6,10,-73.8767,-90.8664,direct,0.0500,28.8000,-74.6290
231.5,node[20],0,5713.6096,3176.8069,1.8950,24.3093,1.6967,2.6491,:227589131_4,-67.5350,8.2383,100.0000,default,18,rsu(336m),689,22083,0.9321,336,2.0141,8,14,-67.5350,-84.5247,direct,0.0500,28.8000,-74.6267
231.6,node[20],0,5711.4732,3175.6605,1.8950,24.2376,-0.7168,2.6491,:227589131_4,-71.0424,3.7621,100.0000,default,18,rsu(337m),690,22118,0.5941,337,2.0198,6,10,-71.0424,-88.0321,direct,0.0500,28.8000,-74.6251
231.7,node[20],0,5709.3491,3174.5064,1.8950,24.2387,0.0107,2.6466,:8301905659_0,-78.0397,-2.2191,100.0000,default,18,rsu(339m),691,22154,0.0685,339,2.0256,3,4,-78.0397,-95.0294,direct,0.0500,28.4000,-74.6265
231.8,node[20],0,5707.2179,3173.3480,1.8950,24.2532,0.1450,2.6440,:8301905659_0,-84.3757,-5.0000,100.0000,default,18,rsu(340m),692,22190,0.0180,340,2.0183,2,2,-84.3757,-101.3654,direct,0.0500,28.4000,-74.6246
231.9,node[20],0,5705.0922,3172.1925,1.8950,24.1908,-0.6240,2.6437,:8301905659_0,-77.9590,-2.4106,100.0000,default,18,rsu(341m),693,22226,0.0627,341,2.0240,3,4,-77.9590,-94.9487,direct,0.0500,28.8000,-74.6233
232,node[20],0,5702.9632,3171.0352,1.8950,24.2283,0.3752,2.6437,:8301905659_0,-74.1391,1.9734,100.0000,default,18,rsu(342m),694,22262,0.3744,342,2.0166,5,8,-74.1391,-91.1288,direct,0.0500,28.8000,-74.6234
232.1,node[20],0,5700.8318,3169.8761,1.8950,24.2592,0.3085,2.6436,-831179687#13,-77.2360,1.0663,100.0000,default,18,rsu(344m),695,22298,0.2755,344,2.0223,5,8,-77.2360,-94.2257,direct,0.0500,28.8000,-74.6225
232.2,node[20],0,5698.7070,3168.7193,1.8950,24.1925,-0.6671,2.6433,-831179687#13,-77.1093,-2.5749,100.0000,default,18,rsu(345m),696,22334,0.0580,345,2.0149,3,4,-77.1093,-94.0990,direct,0.0500,28.8000,-74.6208
232.3,node[20],0,5696.5860,3167.5646,1.8950,24.1487,-0.4379,2.6430,-831179687#13,-76.1149,2.7631,100.0000,default,18,rsu(346m),697,22370,0.4704,346,2.0204,5,8,-76.1149,-93.1046,direct,0.0500,28.8000,-74.6203
232.4,node[20],0,5694.4659,3166.4103,1.8950,24.1394,-0.0928,2.6430,-831179687#13,-76.3931,2.4828,100.0000,default,18,rsu(347m),698,22405,0.4357,347,2.0130,5,8,-76.3931,-93.3828,direct,0.0500,28.8000,-74.6223
232.5,node[20],0,5692.3352,3165.2503,1.8950,24.2597,1.2026,2.6430,-831179687#13,-74.3526,3.0324,100.0000,default,18,rsu(349m),699,22441,0.5041,349,2.0185,6,10,-74.3526,-91.3423,direct,0.0500,28.4000,-74.6191
232.6,node[20],0,5690.2159,3164.0965,1.8950,24.1294,-1.3022,2.6430,-831179687#13,-76.8150,0.0844,100.0000,default,18,rsu(350m),700,22476,0.1888,350,2.0240,4,6,-76.8150,-93.8047,direct,0.0500,28.4000,-74.6199
232.7,node[20],0,5688.0905,3162.9393,1.8950,24.1998,0.7031,2.6430,-831179687#13,-75.5084,0.4615,100.0000,default,18,rsu(351m),701,22512,0.2194,351,2.0165,4,6,-75.5084,-92.4981,direct,0.0500,28.4000,-74.6182
232.8,node[20],0,5685.9655,3161.7825,1.8950,24.1943,-0.0540,2.6430,-831179687#13,-75.0636,-0.5369,100.0000,default,18,rsu(353m),702,22548,0.1457,353,2.0220,4,6,-75.0636,-92.0533,direct,0.0500,28.4000,-74.6186
232.9,node[20],0,5683.8345,3160.6223,1.8950,24.2635,0.6920,2.6430,-831179687#13,-78.5966,0.0703,100.0000,default,18,rsu(354m),703,22584,0.1877,354,2.0144,4,6,-78.5966,-95.5863,direct,0.0500,28.8000,-74.6177
233,node[20],0,5681.7098,3159.4655,1.8950,24.1913,-0.7224,2.6430,-831179687#13,-82.7075,-3.4753,100.0000,default,18,rsu(356m),704,22620,0.0378,356,2.0198,2,2,-82.7075,-99.6972,direct,0.0500,28.8000,-74.6185
233.1,node[20],0,5679.5779,3158.3048,1.8950,24.2731,0.8178,2.6430,-831179687#13,-73.5992,2.6440,100.0000,default,18,rsu(357m),705,22656,0.4556,357,2.0252,5,8,-73.5992,-90.5889,direct,0.0500,28.8000,-74.6175
233.2,node[20],0,5677.4504,3157.1466,1.8950,24.2234,-0.4970,2.6430,-831179687#13,-73.5072,4.3140,100.0000,default,18,rsu(358m),706,22692,0.6586,358,2.0175,6,10,-73.5072,-90.4969,direct,0.0500,28.8000,-74.6163
233.3,node[20],0,5675.3198,3155.9866,1.8950,24.2585,0.3513,2.6430,-831179687#13,-73.3253,3.7164,100.0000,default,18,rsu(360m),707,22727,0.5886,360,2.0228,6,10,-73.3253,-90.3150,direct,0.0500,28.4000,-74.6135
233.4,node[20],0,5673.2010,3154.8330,1.8950,24.1247,-1.3377,2.6430,-831179687#13,-77.5530,1.3026,100.0000,default,18,rsu(361m),708,22762,0.2997,361,2.0151,5,8,-77.5530,-94.5427,direct,0.0500,28.4000,-74.6166
233.5,node[20],0,5671.0638,3153.6695,1.8950,24.3333,2.0854,2.6430,-831179687#13,-81.3153,-4.0935,100.0000,default,18,rsu(363m),709,22798,0.0280,363,2.0204,2,2,-81.3153,-98.3050,direct,0.0500,28.4000,-74.6135
233.6,node[20],0,5668.9383,3152.5123,1.8950,24.2005,-1.3282,2.6430,-831179687#13,-73.9633,2.0244,100.0000,default,18,rsu(364m),710,22834,0.3804,364,2.0256,5,8,-73.9633,-90.9530,direct,0.0500,28.4000,-74.6143
233.7,node[20],0,5666.8056,3151.3512,1.8950,24.2825,0.8204,2.6430,-831179687#13,-73.6252,3.3515,100.0000,default,18,rsu(365m),711,22870,0.5438,365,2.0178,6,10,-73.6252,-90.6149,direct,0.0500,28.8000,-74.6129
233.8,node[20],0,5664.6710,3150.1890,1.8950,24.3042,0.2167,2.6430,-831179687#13,-73.9800,5.0469,100.0000,default,18,rsu(367m),712,22906,0.7356,367,2.0229,7,12,-73.9800,-90.9697,direct,0.0500,28.8000,-74.6117
233.9,node[20],0,5662.5401,3149.0289,1.8950,24.2619,-0.4229,2.6430,-831179687#13,-72.5679,5.1462,100.0000,default,18,rsu(368m),713,22941,0.7452,368,2.0150,7,12,-72.5679,-89.5576,direct,0.0500,28.4000,-74.6115
234,node[20],0,5660.4063,3147.8672,1.8950,24.2952,0.3329,2.6430,-831179687#13,-76.5653,2.5200,100.0000,default,18,rsu(370m),714,22977,0.4403,370,2.0201,5,8,-76.5653,-93.5550,direct,0.0500,28.4000,-74.6093
234.1,node[20],0,5658.2775,3146.7082,1.8950,24.2381,-0.5708,2.6430,-831179687#13,-83.7318,-5.0000,100.0000,default,18,rsu(371m),715,23013,0.0180,371,2.0251,2,2,-83.7318,-100.7215,direct,0.0500,28.8000,-74.6097
234.2,node[20],0,5656.1444,3145.5469,1.8950,24.2866,0.4848,2.6430,-831179687#13,-76.6232,0.8750,100.0000,default,18,rsu(373m),716,23049,0.2568,373,2.0240,4,6,-76.6232,-93.6129,direct,0.0500,28.8000,-74.6060
234.3,node[20],0,5654.0211,3144.3909,1.8950,24.1762,-1.1034,2.6430,-831179687#13,-78.7132,0.4878,100.0000,default,18,rsu(374m),717,23085,0.2216,374,2.0228,4,6,-78.7132,-95.7029,direct,0.0500,28.8000,-74.6063
234.4,node[20],0,5651.8898,3143.2306,1.8950,24.2659,0.8965,2.6430,-831179687#13,-78.4873,0.0438,100.0000,default,18,rsu(376m),718,23122,0.1857,376,2.0217,4,6,-78.4873,-95.4770,direct,0.0500,28.8000,-74.6042
234.5,node[20],0,5649.7614,3142.0718,1.8950,24.2338,-0.3209,2.6430,-831179687#13,-72.7927,3.8641,100.0000,default,18,rsu(377m),719,23159,0.6064,377,2.0205,6,10,-72.7927,-89.7824,direct,0.0500,29.6000,-74.6045
234.6,node[20],0,5647.6319,3140.9124,1.8950,24.2456,0.1181,2.6430,-831179687#13,-74.2445,3.5052,100.0000,default,18,rsu(379m),720,23196,0.5628,379,2.0192,6,10,-74.2445,-91.2342,direct,0.0500,29.6000,-74.6046
234.7,node[20],0,5645.4976,3139.7505,1.8950,24.3008,0.5515,2.6430,-831179687#13,-76.5467,1.0342,100.0000,default,18,rsu(381m),721,23233,0.2723,381,2.0180,5,8,-76.5467,-93.5364,direct,0.0500,29.6000,-74.6030
234.8,node[20],0,5643.3743,3138.5945,1.8950,24.1756,-1.2513,2.6430,-831179687#13,-72.8222,4.0096,100.0000,default,18,rsu(382m),722,23270,0.6236,382,2.0167,6,10,-72.8222,-89.8119,direct,0.0500,29.6000,-74.6038
234.9,node[20],0,5641.2487,3137.4372,1.8950,24.2015,0.2583,2.6430,-831179687#13,-75.4557,-1.4828,100.0000,default,18,rsu(384m),723,23306,0.0961,384,2.0155,3,4,-75.4557,-92.4454,direct,0.0500,29.2000,-74.6038
235,node[20],0,5639.1186,3136.2775,1.8950,24.2530,0.5152,2.6430,-831179687#13,-75.6686,0.6887,100.0000,default,18,rsu(385m),724,23342,0.2395,385,2.0142,4,6,-75.6686,-92.6583,direct,0.0500,29.2000,-74.6019
235.1,node[20],0,5636.9932,3135.1204,1.8950,24.1995,-0.5350,2.6430,-831179687#13,-74.5517,3.2112,100.0000,default,18,rsu(387m),725,23379,0.5264,387,2.0258,6,10,-74.5517,-91.5414,direct,0.0500,29.2000,-74.6033
235.2,node[20],0,5634.8607,3133.9594,1.8950,24.2796,0.8013,2.6430,-831179687#13,-71.8701,6.2345,100.0000,default,18,rsu(388m),726,23416,0.8344,388,2.0245,7,12,-71.8701,-88.8598,direct,0.0500,29.2000,-74.6031
235.3,node[20],0,5632.7310,3132.7999,1.8950,24.2489,-0.3073,2.6430,-831179687#13,-80.5860,-1.7398,100.0000,default,18,rsu(390m),727,23453,0.0855,390,2.0231,3,4,-80.5860,-97.5757,direct,0.0500,29.6000,-74.6030
235.4,node[20],0,5630.5995,3131.6395,1.8950,24.2687,0.1984,2.6430,-831179687#13,-73.5042,3.3709,100.0000,default,18,rsu(392m),728,23490,0.5462,392,2.0217,6,10,-73.5042,-90.4939,direct,0.0500,29.6000,-74.6023
235.5,node[20],0,5628.4727,3130.4816,1.8950,24.2151,-0.5360,2.6430,-831179687#13,-79.6879,-3.6413,100.0000,default,18,rsu(393m),729,23527,0.0349,393,2.0203,2,2,-79.6879,-96.6776,direct,0.0500,29.6000,-74.6036
235.6,node[20],0,5626.3406,3129.3208,1.8950,24.2751,0.5999,2.6430,-831179687#13,-75.8768,-0.6525,100.0000,default,17,rsu(395m),730,23563,0.1387,395,2.0189,4,6,-75.8768,-92.8665,direct,0.0500,29.6000,-74.6048
235.7,node[20],0,5624.2131,3128.1625,1.8950,24.2240,-0.5114,2.6430,-831179687#13,-82.7019,-5.0000,100.0000,default,17,rsu(397m),731,23600,0.0180,397,2.0174,2,2,-82.7019,-99.6916,direct,0.0500,29.2000,-74.6042
235.8,node[20],0,5622.0863,3127.0046,1.8950,24.2146,-0.0941,2.6430,-831179687#13,-76.8400,-2.4373,100.0000,default,17,rsu(398m),732,23636,0.0619,398,2.0160,3,4,-76.8400,-93.8297,direct,0.0500,29.2000,-74.6055
235.9,node[20],0,5619.9547,3125.8441,1.8950,24.2703,0.5571,2.6430,-831179687#13,-83.7198,-5.0000,100.0000,default,17,rsu(400m),733,23673,0.0180,400,2.0145,2,2,-83.7198,-100.7095,direct,0.0500,29.2000,-74.6063
236,node[20],0,5617.8234,3124.6838,1.8950,24.2668,-0.0349,2.6430,-831179687#13,-88.1377,-5.0000,100.0000,default,17,rsu(402m),734,23710,0.0180,402,2.0260,2,2,-88.1377,-105.1274,direct,0.0500,29.2000,-74.6066
236.1,node[20],0,5615.6949,3123.5250,1.8950,24.2340,-0.3279,2.6430,-831179687#13,-77.6730,-1.3421,100.0000,default,17,rsu(403m),735,23747,0.1024,403,2.0245,3,4,-77.6730,-94.6627,direct,0.0500,29.6000,-74.6064
236.2,node[20],0,5613.5681,3122.3671,1.8950,24.2153,-0.1870,2.6430,-831179687#13,-73.0788,3.0353,100.0000,default,17,rsu(405m),736,23784,0.5044,405,2.0230,6,10,-73.0788,-90.0685,direct,0.0500,29.6000,-74.6079
236.3,node[20],0,5611.4423,3121.2097,1.8950,24.2037,-0.1157,2.6430,-831179687#13,-74.8876,4.0159,100.0000,default,17,rsu(407m),737,23820,0.6243,407,2.0215,6,10,-74.8876,-91.8773,direct,0.0500,29.2000,-74.6084
236.4,node[20],0,5609.3160,3120.0521,1.8950,24.2098,0.0604,2.6430,-831179687#13,-79.0548,-1.4732,100.0000,default,17,rsu(408m),738,23856,0.0965,408,2.0200,3,4,-79.0548,-96.0445,direct,0.0500,29.2000,-74.6081
236.5,node[20],0,5607.1955,3118.8976,1.8950,24.1434,-0.6635,2.6430,-831179687#13,-83.6690,-5.0000,100.0000,default,17,rsu(410m),739,23893,0.0180,410,2.0184,2,2,-83.6690,-100.6587,direct,0.0500,29.2000,-74.6101
236.6,node[20],0,5605.0727,3117.7419,1.8950,24.1704,0.2698,2.6430,-831179687#13,-85.4884,-5.0000,100.0000,default,17,rsu(412m),740,23929,0.0180,412,2.0168,2,2,-85.4884,-102.4781,direct,0.0500,29.2000,-74.6135
236.7,node[20],0,5602.9491,3116.5858,1.8950,24.1783,0.0787,2.6430,-831179687#13,-79.9437,-3.0553,100.0000,default,17,rsu(413m),741,23966,0.0462,413,2.0152,2,2,-79.9437,-96.9334,direct,0.0500,29.2000,-74.6147
236.8,node[20],0,5600.8291,3115.4315,1.8950,24.1384,-0.3986,2.6430,-831179687#13,-87.8767,-5.0000,100.0000,default,17,rsu(415m),742,24002,0.0180,415,2.0136,2,2,-87.8767,-104.8664,direct,0.0500,29.2000,-74.6196
236.9,node[20],0,5598.6999,3114.2724,1.8950,24.2421,1.0368,2.6430,-831179687#13,-77.2478,-0.1881,100.0000,default,17,rsu(417m),743,24039,0.1688,417,2.0136,4,6,-77.2478,-94.2375,direct,0.0500,29.2000,-74.6192
237,node[20],0,5596.5746,3113.1153,1.8950,24.1982,-0.4395,2.6430,-831179687#13,-77.8146,1.1911,100.0000,default,17,rsu(418m),744,24075,0.2881,418,2.0137,5,8,-77.8146,-94.8043,direct,0.0500,29.2000,-74.6221
237.1,node[20],0,5594.4413,3111.9538,1.8950,24.2901,0.9195,2.6430,-831179687#13,-81.5576,-2.7837,100.0000,default,17,rsu(420m),745,24112,0.0526,420,2.0137,3,4,-81.5576,-98.5473,direct,0.0500,29.2000,-74.6216
237.2,node[20],0,5592.3181,3110.7979,1.8950,24.1732,-1.1689,2.6430,-831179687#13,-83.8977,-4.5789,100.0000,default,17,rsu(422m),746,24149,0.0221,422,2.0137,2,2,-83.8977,-100.8874,direct,0.0500,29.2000,-74.6228
237.3,node[20],0,5590.1976,3109.6434,1.8950,24.1440,-0.2923,2.6430,-831179687#13,-80.2833,-2.1577,100.0000,default,17,rsu(424m),747,24185,0.0705,424,2.0137,3,4,-80.2833,-97.2730,direct,0.0500,29.2000,-74.6269
237.4,node[20],0,5588.0644,3108.4821,1.8950,24.2878,1.4380,2.6430,-831179687#13,-75.4812,2.3360,100.0000,default,17,rsu(425m),748,24221,0.4178,425,2.0136,5,8,-75.4812,-92.4709,direct,0.0500,29.2000,-74.6263
237.5,node[20],0,5585.9426,3107.3269,1.8950,24.1594,-1.2843,2.6430,-831179687#13,-75.4995,3.7053,100.0000,default,17,rsu(427m),749,24258,0.5873,427,2.0136,6,10,-75.4995,-92.4892,direct,0.0500,29.2000,-74.6305
237.6,node[20],0,5583.8129,3106.1674,1.8950,24.2479,0.8857,2.6430,-831179687#13,-78.0602,-4.1261,100.0000,default,17,rsu(429m),750,24295,0.0276,429,2.0136,2,2,-78.0602,-95.0499,direct,0.0500,29.2000,-74.6295
237.7,node[20],0,5581.6860,3105.0094,1.8950,24.2164,-0.3152,2.6430,-831179687#13,-75.5525,2.6612,100.0000,default,18,rsu(431m),751,24331,0.4578,431,2.0135,5,8,-75.5525,-92.5422,direct,0.0500,29.2000,-74.6234
237.8,node[20],0,5579.5579,3103.8509,1.8950,24.2298,0.1339,2.6430,-831179687#13,-76.3981,0.6452,100.0000,default,18,rsu(433m),752,24368,0.2355,433,2.0135,4,6,-76.3981,-93.3878,direct,0.0500,29.2000,-74.6259
237.9,node[20],0,5577.4244,3102.6893,1.8950,24.2915,0.6165,2.6430,-831179687#13,-72.9517,4.4052,100.0000,default,18,rsu(434m),753,24405,0.6688,434,2.0134,6,10,-72.9517,-89.9414,direct,0.0500,29.6000,-74.6246
238,node[20],0,5575.2968,3101.5310,1.8950,24.2244,-0.6704,2.6430,-831179687#13,-78.0561,-0.1678,100.0000,default,19,rsu(436m),754,24442,0.1702,436,2.0133,4,6,-78.0561,-95.0458,direct,0.0500,29.6000,-74.6186
238.1,node[20],0,5573.1680,3100.3720,1.8950,24.2382,0.1375,2.6430,-831179687#13,-83.8569,-5.0000,100.0000,default,19,rsu(438m),755,24478,0.0180,438,2.0133,2,2,-83.8569,-100.8466,direct,0.0500,29.2000,-74.6200
238.2,node[20],0,5571.0381,3099.2124,1.8950,24.2505,0.1229,2.6430,-831179687#13,-83.6989,-4.9385,100.0000,default,19,rsu(440m),756,24514,0.0185,440,2.0132,2,2,-83.6989,-100.6886,direct,0.0500,29.2000,-74.6193
238.3,node[20],0,5568.9276,3098.0398,1.8950,24.1407,-1.0980,2.6389,:227534448_4,-76.8716,2.1206,100.0000,default,19,rsu(442m),757,24551,0.3918,442,2.0261,5,8,-76.8716,-93.8613,direct,0.0500,29.2000,-74.6226
238.4,node[20],0,5566.8142,3096.8633,1.8950,24.1840,0.4329,2.6343,:227534448_4,-84.0730,-5.0000,100.0000,default,19,rsu(443m),758,24588,0.0180,443,2.0259,2,2,-84.0730,-101.0627,direct,0.0500,29.2000,-74.6235
238.5,node[20],0,5564.7023,3095.6876,1.8950,24.1672,-0.1677,2.6336,:227534448_4,-81.9359,-3.5286,100.0000,default,19,rsu(445m),759,24625,0.0368,445,2.0258,2,2,-81.9359,-98.9256,direct,0.0500,29.6000,-74.6256
238.6,node[20],0,5562.5877,3094.5104,1.8950,24.1979,0.3072,2.6336,:227534448_4,-82.1903,-4.7251,100.0000,default,19,rsu(447m),760,24662,0.0206,447,2.0256,2,2,-82.1903,-99.1800,direct,0.0500,29.6000,-74.6257
238.7,node[20],0,5560.4768,3093.3352,1.8950,24.1555,-0.4239,2.6336,:227534448_4,-78.3292,0.8252,100.0000,default,19,rsu(449m),761,24699,0.2521,449,2.0255,4,6,-78.3292,-95.3189,direct,0.0500,29.6000,-74.6288
238.8,node[20],0,5558.3570,3092.1552,1.8950,24.2574,1.0188,2.6336,:227534448_4,-90.1762,-5.0000,100.0000,default,19,rsu(451m),762,24735,0.0180,451,2.0253,2,2,-90.1762,-107.1659,direct,0.0500,29.6000,-74.6279
238.9,node[20],0,5556.2575,3090.9616,1.8950,24.1524,-1.0501,2.6293,-831179687#12,-75.1335,1.3990,100.0000,default,19,rsu(452m),763,24772,0.3099,452,2.0251,5,8,-75.1335,-92.1232,direct,0.0500,29.2000,-74.6307
239,node[20],0,5554.1594,3089.7673,1.8950,24.1440,-0.0839,2.6247,-831179687#12,-77.7449,-0.0260,100.0000,default,19,rsu(454m),764,24809,0.1805,454,2.0249,4,6,-77.7449,-94.7346,direct,0.0500,29.2000,-74.6330
239.1,node[20],0,5552.0548,3088.5693,1.8950,24.2183,0.7428,2.6241,-831179687#12,-83.5168,-4.8621,100.0000,default,19,rsu(456m),765,24846,0.0192,456,2.0246,2,2,-83.5168,-100.5065,direct,0.0500,29.6000,-74.6344
239.2,node[20],0,5549.9520,3087.3724,1.8950,24.1974,-0.2086,2.6241,-831179687#12,-74.2127,2.4064,100.0000,default,19,rsu(458m),766,24883,0.4263,458,2.0244,5,8,-74.2127,-91.2024,direct,0.0500,29.6000,-74.6362
239.3,node[20],0,5547.8494,3086.1756,1.8950,24.1954,-0.0199,2.6241,-831179687#12,-73.9325,0.2629,100.0000,default,19,rsu(460m),767,24920,0.2029,460,2.0241,4,6,-73.9325,-90.9222,direct,0.0500,29.6000,-74.6379
239.4,node[20],0,5545.7499,3084.9806,1.8950,24.1587,-0.3668,2.6241,-831179687#12,-89.6071,-5.0000,100.0000,default,19,rsu(462m),768,24957,0.0180,462,2.0238,2,2,-89.6071,-106.5968,direct,0.0500,29.6000,-74.6403
239.5,node[20],0,5543.6464,3083.7832,1.8950,24.2059,0.4718,2.6241,-831179687#12,-78.3366,-4.0052,100.0000,default,19,rsu(463m),769,24994,0.0292,463,2.0235,2,2,-78.3366,-95.3263,direct,0.0500,29.6000,-74.6418
239.6,node[20],0,5541.5414,3082.5851,1.8950,24.2224,0.1646,2.6241,-831179687#12,-87.7226,-5.0000,100.0000,default,18,rsu(465m),770,25030,0.0180,465,2.0232,2,2,-87.7226,-104.7123,direct,0.0500,29.6000,-74.6478
239.7,node[20],0,5539.4410,3081.3895,1.8950,24.1708,-0.5163,2.6241,-831179687#12,-82.3648,-3.0545,100.0000,default,18,rsu(467m),771,25067,0.0462,467,2.0229,2,2,-82.3648,-99.3545,direct,0.0500,29.2000,-74.6503
239.8,node[20],0,5537.3337,3080.1900,1.8950,24.2491,0.7833,2.6241,-831179687#12,-77.7415,-1.7632,100.0000,default,18,rsu(469m),772,25103,0.0846,469,2.0225,3,4,-77.7415,-94.7312,direct,0.0500,29.2000,-74.6511
239.9,node[20],0,5535.2275,3078.9911,1.8950,24.2370,-0.1212,2.6241,-831179687#12,-90.8149,-5.0000,100.0000,default,18,rsu(471m),773,25140,0.0180,471,2.0221,2,2,-90.8149,-107.8046,direct,0.0500,29.2000,-74.6522
240,node[20],0,5533.1267,3077.7954,1.8950,24.1737,-0.6325,2.6241,-831179687#12,-82.0796,-4.1084,100.0000,default,18,rsu(473m),774,25177,0.0278,473,2.0217,2,2,-82.0796,-99.0693,direct,0.0500,29.2000,-74.6556
240.1,node[20],0,5531.0188,3076.5955,1.8950,24.2571,0.8341,2.6241,-831179687#12,-76.1489,-0.0443,100.0000,default,18,rsu(475m),775,25214,0.1791,475,2.0213,4,6,-76.1489,-93.1386,direct,0.0500,29.6000,-74.6567
240.2,node[20],0,5528.9100,3075.3952,1.8950,24.2661,0.0902,2.6241,-831179687#12,-87.8136,-5.0000,100.0000,default,18,rsu(477m),776,25250,0.0180,477,2.0208,2,2,-87.8136,-104.8033,direct,0.0500,29.6000,-74.6570
240.3,node[20],0,5526.7999,3074.1941,1.8950,24.2816,0.1548,2.6241,-831179687#12,-78.0944,-1.3304,100.0000,default,18,rsu(478m),777,25287,0.1029,478,2.0204,3,4,-78.0944,-95.0841,direct,0.0500,29.2000,-74.6570
240.4,node[20],0,5524.6993,3072.9984,1.8950,24.1722,-1.0941,2.6241,-831179687#12,-82.4745,-5.0000,100.0000,default,18,rsu(480m),778,25324,0.0180,480,2.0199,2,2,-82.4745,-99.4642,direct,0.0500,29.2000,-74.6576
240.5,node[20],0,5522.5968,3071.8017,1.8950,24.1940,0.2177,2.6241,-831179687#12,-78.3622,0.6098,100.0000,default,18,rsu(482m),779,25361,0.2323,482,2.0194,4,6,-78.3622,-95.3519,direct,0.0500,29.6000,-74.6577
240.6,node[20],0,5520.4999,3070.6081,1.8950,24.1302,-0.6382,2.6241,-831179687#12,-85.3025,-5.0000,100.0000,default,18,rsu(484m),780,25397,0.0180,484,2.0189,2,2,-85.3025,-102.2922,direct,0.0500,29.6000,-74.6606
240.7,node[20],0,5518.3988,3069.4122,1.8950,24.1772,0.4700,2.6241,-831179687#12,-80.6256,-1.6490,100.0000,default,18,rsu(486m),781,25433,0.0891,486,2.0183,3,4,-80.6256,-97.6153,direct,0.0500,28.8000,-74.6620
240.8,node[20],0,5516.3006,3068.2178,1.8950,24.1451,-0.3203,2.6241,-831179687#12,-81.2776,-3.0799,100.0000,default,18,rsu(488m),782,25470,0.0457,488,2.0178,2,2,-81.2776,-98.2673,direct,0.0500,28.8000,-74.6636
240.9,node[20],0,5514.2050,3067.0250,1.8950,24.1142,-0.3095,2.6241,-831179687#12,-77.1265,-0.3358,100.0000,default,18,rsu(490m),783,25507,0.1587,490,2.0172,4,6,-77.1265,-94.1162,direct,0.0500,29.6000,-74.6663
241,node[20],0,5512.1084,3065.8316,1.8950,24.1265,0.1237,2.6241,-831179687#12,-78.1744,-2.3084,100.0000,default,18,rsu(492m),784,25544,0.0657,492,2.0165,3,4,-78.1744,-95.1641,direct,0.0500,29.6000,-74.6694
241.1,node[20],0,5510.0062,3064.6351,1.8950,24.1903,0.6372,2.6241,-831179687#12,-81.9012,-4.8897,100.0000,default,18,rsu(494m),785,25581,0.0190,494,2.0159,2,2,-81.9012,-98.8909,direct,0.0500,29.6000,-74.6691
241.2,node[20],0,5507.9099,3063.4418,1.8950,24.1233,-0.6695,2.6241,-831179687#12,-83.4551,-5.0000,100.0000,default,18,rsu(496m),786,25618,0.0180,496,2.0152,2,2,-83.4551,-100.4448,direct,0.0500,29.6000,-74.6729
241.3,node[20],0,5505.8051,3062.2437,1.8950,24.2205,0.9721,2.6241,-831179687#12,-78.1439,-2.8246,100.0000,default,18,rsu(498m),787,25655,0.0515,498,2.0145,3,4,-78.1439,-95.1336,direct,0.0500,29.6000,-74.6751
241.4,node[20],0,5503.6952,3061.0428,1.8950,24.2794,0.5886,2.6241,-831179687#12,-87.6307,-5.0000,100.0000,default,18,rsu(500m),788,25692,0.0180,500,2.0138,2,2,-87.6307,-104.6204,direct,0.0500,29.6000,-74.6736
241.5,node[20],0,5501.5899,3059.8444,1.8950,24.2260,-0.5334,2.6241,-831179687#12,-78.1150,-0.8168,100.0000,default,18,rsu(501m),789,25729,0.1292,501,2.0260,4,6,-78.1150,-95.1047,direct,0.0500,29.6000,-74.6735
241.6,node[20],0,5499.4933,3058.6511,1.8950,24.1256,-1.0045,2.6241,-831179687#12,-74.2551,3.3504,100.0000,default,18,rsu(502m),790,25766,0.5437,502,2.0252,6,10,-74.2551,-91.2448,direct,0.0500,29.6000,-74.6769
241.7,node[20],0,5497.3843,3057.4506,1.8950,24.2690,1.4339,2.6241,-831179687#12,-80.7278,-2.4648,100.0000,default,18,rsu(500m),791,25804,0.0611,500,2.0244,3,4,-80.7278,-97.7175,direct,0.0500,30.0000,-74.6757
241.8,node[20],0,5495.2658,3056.2793,1.8950,24.2053,-0.6363,2.6301,:227496312_4,-79.7896,-3.5424,100.0000,default,18,rsu(498m),792,25842,0.0366,498,2.0236,2,2,-79.7896,-96.7793,direct,0.0500,30.0000,-74.6778
241.9,node[20],0,5493.1335,3055.1234,1.8950,24.2465,0.4116,2.6402,:227496312_4,-77.2901,-1.4361,100.0000,default,18,rsu(496m),793,25880,0.0981,496,2.0227,3,4,-77.2901,-94.2798,direct,0.0500,30.4000,-74.6779
242,node[20],0,5490.9991,3053.9663,1.8950,24.2714,0.2488,2.6448,:227496312_4,-77.9604,-2.1747,100.0000,default,18,rsu(493m),794,25918,0.0700,493,2.0218,3,4,-77.9604,-94.9501,direct,0.0500,30.4000,-74.6764
242.1,node[20],0,5488.8755,3052.8151,1.8950,24.1483,-1.2310,2.6448,:227496312_4,-80.6543,-5.0000,100.0000,default,18,rsu(491m),795,25955,0.0180,491,2.0209,2,2,-80.6543,-97.6440,direct,0.0500,30.0000,-74.6776
242.2,node[20],0,5486.7512,3051.6635,1.8950,24.1563,0.0800,2.6448,:227496312_4,-79.1877,-3.6670,100.0000,default,18,rsu(489m),796,25992,0.0344,489,2.0199,2,2,-79.1877,-96.1774,direct,0.0500,30.0000,-74.6804
242.3,node[20],0,5484.6222,3050.5094,1.8950,24.2085,0.5222,2.6448,:227496312_4,-91.2911,-5.0000,100.0000,default,18,rsu(487m),797,26030,0.0180,487,2.0189,2,2,-91.2911,-108.2808,direct,0.0500,30.0000,-74.6828
242.4,node[20],0,5482.4711,3049.3852,1.8950,24.2716,0.6311,2.6522,-831179687#11,-74.4727,4.6010,100.0000,default,18,rsu(484m),798,26068,0.6901,484,2.0179,6,10,-74.4727,-91.4624,direct,0.0500,30.0000,-74.6808
242.5,node[20],0,5480.3251,3048.2783,1.8950,24.1471,-1.2450,2.6621,-831179687#11,-82.1254,-5.0000,100.0000,default,18,rsu(482m),799,26105,0.0180,482,2.0168,2,2,-82.1254,-99.1151,direct,0.0500,30.0000,-74.6841
242.6,node[20],0,5478.1648,3047.1639,1.8950,24.3091,1.6195,2.6654,-831179687#11,-80.3560,-1.9851,100.0000,default,18,rsu(480m),800,26143,0.0764,480,2.0157,3,4,-80.3560,-97.3457,direct,0.0500,30.0000,-74.6810
242.7,node[20],0,5476.0185,3046.0568,1.8950,24.1505,-1.5858,2.6654,-831179687#11,-88.1213,-5.0000,100.0000,default,18,rsu(478m),801,26180,0.0180,478,2.0146,2,2,-88.1213,-105.1110,direct,0.0500,30.0000,-74.6837
242.8,node[20],0,5473.8690,3044.9479,1.8950,24.1878,0.3738,2.6654,-831179687#11,-83.2223,-5.0000,100.0000,default,18,rsu(475m),802,26217,0.0180,475,2.0134,2,2,-83.2223,-100.2120,direct,0.0500,30.0000,-74.6864
242.9,node[20],0,5471.7117,3043.8351,1.8950,24.2749,0.8704,2.6654,-831179687#11,-81.9074,-4.5773,100.0000,default,18,rsu(473m),803,26255,0.0221,473,2.0252,2,2,-81.9074,-98.8971,direct,0.0500,30.0000,-74.6848
243,node[20],0,5469.5593,3042.7249,1.8950,24.2190,-0.5590,2.6654,-831179687#11,-78.9281,-0.6176,100.0000,default,18,rsu(471m),804,26293,0.1408,471,2.0240,4,6,-78.9281,-95.9178,direct,0.0500,30.0000,-74.6853
243.1,node[20],0,5467.4075,3041.6149,1.8950,24.2131,-0.0587,2.6654,-831179687#11,-76.0472,-1.2662,100.0000,default,18,rsu(469m),805,26331,0.1059,469,2.0227,3,4,-76.0472,-93.0369,direct,0.0500,30.4000,-74.6855
243.2,node[20],0,5465.2591,3040.5067,1.8950,24.1744,-0.3867,2.6654,-831179687#11,-78.9384,-2.7593,100.0000,default,18,rsu(467m),806,26368,0.0532,467,2.0214,3,4,-78.9384,-95.9281,direct,0.0500,30.4000,-74.6885
243.3,node[20],0,5463.1034,3039.3946,1.8950,24.2577,0.8331,2.6654,-831179687#11,-78.9317,-2.1968,100.0000,default,18,rsu(464m),807,26406,0.0692,464,2.0201,3,4,-78.9317,-95.9214,direct,0.0500,30.0000,-74.6873
243.4,node[20],0,5460.9526,3038.2852,1.8950,24.2017,-0.5607,2.6654,-831179687#11,-79.8194,-4.1233,100.0000,default,18,rsu(462m),808,26444,0.0276,462,2.0188,2,2,-79.8194,-96.8091,direct,0.0500,30.0000,-74.6890
243.5,node[20],0,5458.8041,3037.1769,1.8950,24.1758,-0.2590,2.6654,-831179687#11,-79.9450,-1.6718,100.0000,default,18,rsu(460m),809,26482,0.0882,460,2.0174,3,4,-79.9450,-96.9347,direct,0.0500,30.4000,-74.6913
243.6,node[20],0,5456.6446,3036.0630,1.8950,24.2990,1.2321,2.6654,-831179687#11,-77.2122,-2.7505,100.0000,default,18,rsu(458m),810,26520,0.0534,458,2.0160,3,4,-77.2122,-94.2019,direct,0.0500,30.4000,-74.6891
243.7,node[20],0,5454.4898,3034.9515,1.8950,24.2466,-0.5238,2.6654,-831179687#11,-76.5598,2.5996,100.0000,default,18,rsu(455m),811,26557,0.4501,455,2.0145,5,8,-76.5598,-93.5495,direct,0.0500,30.0000,-74.6900
243.8,node[20],0,5452.3339,3033.8393,1.8950,24.2596,0.1303,2.6654,-831179687#11,-74.1665,3.5714,100.0000,default,18,rsu(453m),812,26595,0.5709,453,2.0260,6,10,-74.1665,-91.1562,direct,0.0500,30.0000,-74.6877
243.9,node[20],0,5450.1905,3032.7337,1.8950,24.1180,-1.4168,2.6654,-831179687#11,-74.1734,2.8720,100.0000,default,18,rsu(451m),813,26633,0.4840,451,2.0245,5,8,-74.1734,-91.1631,direct,0.0500,30.4000,-74.6899
244,node[20],0,5448.0446,3031.6268,1.8950,24.1465,0.2850,2.6654,-831179687#11,-79.0363,-1.1739,100.0000,default,18,rsu(449m),814,26671,0.1104,449,2.0230,3,4,-79.0363,-96.0260,direct,0.0500,30.4000,-74.6909
244.1,node[20],0,5445.8985,3030.5197,1.8950,24.1493,0.0281,2.6654,-831179687#11,-78.6109,-1.0655,100.0000,default,18,rsu(446m),815,26709,0.1158,446,2.0214,3,4,-78.6109,-95.6006,direct,0.0500,30.4000,-74.6921
244.2,node[20],0,5443.7550,3029.4140,1.8950,24.1200,-0.2930,2.6654,-831179687#11,-79.7034,-3.0924,100.0000,default,18,rsu(444m),816,26747,0.0454,444,2.0198,2,2,-79.7034,-96.6931,direct,0.0500,30.4000,-74.6944
244.3,node[20],0,5441.6029,3028.3039,1.8950,24.2164,0.9643,2.6654,-831179687#11,-76.1330,2.6918,100.0000,default,18,rsu(442m),817,26785,0.4616,442,2.0181,5,8,-76.1330,-93.1227,direct,0.0500,30.4000,-74.6956
244.4,node[20],0,5439.4447,3027.1906,1.8950,24.2842,0.6780,2.6654,-831179687#11,-74.6615,0.0605,100.0000,default,18,rsu(440m),818,26823,0.1870,440,2.0164,4,6,-74.6615,-91.6512,direct,0.0500,30.4000,-74.6937
244.5,node[20],0,5437.3001,3026.0844,1.8950,24.1319,-1.5235,2.6654,-831179687#11,-77.6745,-0.7455,100.0000,default,18,rsu(438m),819,26860,0.1332,438,2.0243,4,6,-77.6745,-94.6642,direct,0.0500,30.0000,-74.6961
244.6,node[20],0,5435.1434,3024.9719,1.8950,24.2682,1.3632,2.6654,-831179687#11,-79.7295,-2.8485,100.0000,default,18,rsu(435m),820,26897,0.0510,435,2.0192,3,4,-79.7295,-96.7192,direct,0.0500,30.0000,-74.6938
244.7,node[20],0,5432.9979,3023.8651,1.8950,24.1420,-1.2617,2.6654,-831179687#11,-79.9347,-1.4014,100.0000,default,18,rsu(433m),821,26935,0.0997,433,2.0140,3,4,-79.9347,-96.9244,direct,0.0500,30.0000,-74.6969
244.8,node[20],0,5430.8438,3022.7539,1.8950,24.2395,0.9747,2.6654,-831179687#11,-83.9901,-5.0000,100.0000,default,18,rsu(431m),822,26973,0.0180,431,2.0217,2,2,-83.9901,-100.9798,direct,0.0500,30.0000,-74.6971
244.9,node[20],0,5428.6939,3021.6450,1.8950,24.1910,-0.4846,2.6654,-831179687#11,-77.9499,-3.8202,100.0000,default,18,rsu(429m),823,27011,0.0320,429,2.0164,2,2,-77.9499,-94.9396,direct,0.0500,30.4000,-74.6971
245,node[20],0,5426.5411,3020.5344,1.8950,24.2249,0.3393,2.6654,-831179687#11,-79.4346,-0.4501,100.0000,default,18,rsu(427m),824,27049,0.1512,427,2.0240,4,6,-79.4346,-96.4243,direct,0.0500,30.4000,-74.6972
245.1,node[20],0,5424.3905,3019.4251,1.8950,24.1988,-0.2614,2.6654,-831179687#11,-86.8434,-5.0000,100.0000,default,18,rsu(424m),825,27087,0.0180,424,2.0186,2,2,-86.8434,-103.8331,direct,0.0500,30.4000,-74.6991
245.2,node[20],0,5422.2341,3018.3128,1.8950,24.2645,0.6570,2.6654,-831179687#11,-90.6350,-5.0000,100.0000,default,18,rsu(422m),826,27124,0.0180,422,2.0262,2,2,-90.6350,-107.6247,direct,0.0500,30.4000,-74.6990
245.3,node[20],0,5420.0780,3017.1919,1.8950,24.2918,0.2729,2.6638,:227585492_4,-85.5534,-5.0000,100.0000,default,18,rsu(420m),827,27162,0.0180,420,2.0207,2,2,-85.5534,-102.5431,direct,0.0500,30.0000,-74.6959
245.4,node[20],0,5417.9280,3016.0740,1.8950,24.2233,-0.6850,2.6623,:227585492_4,-80.3534,-5.0000,100.0000,default,18,rsu(418m),828,27199,0.0180,418,2.0151,2,2,-80.3534,-97.3431,direct,0.0500,30.0000,-74.6959
245.5,node[20],0,5415.7791,3014.9567,1.8950,24.2111,-0.1223,2.6621,:227585492_4,-79.5251,-2.5704,100.0000,default,18,rsu(416m),829,27237,0.0581,416,2.0225,3,4,-79.5251,-96.5148,direct,0.0500,30.0000,-74.6966
245.6,node[20],0,5413.6272,3013.8379,1.8950,24.2448,0.3370,2.6621,:227585492_4,-83.1058,-5.0000,100.0000,default,18,rsu(413m),830,27274,0.0180,413,2.0168,2,2,-83.1058,-100.0955,direct,0.0500,30.0000,-74.6973
245.7,node[20],0,5411.4761,3012.7194,1.8950,24.2354,-0.0934,2.6621,:227585492_4,-77.7560,-0.2598,100.0000,default,18,rsu(411m),831,27312,0.1638,411,2.0241,4,6,-77.7560,-94.7457,direct,0.0500,30.0000,-74.6952
245.8,node[20],0,5409.3370,3011.6070,1.8950,24.1021,-1.3334,2.6621,-831179687#10,-77.5859,-0.8080,100.0000,default,18,rsu(409m),832,27350,0.1297,409,2.0184,4,6,-77.5859,-94.5756,direct,0.0500,30.0000,-74.6966
245.9,node[20],0,5407.1921,3010.4825,1.8950,24.2158,1.1370,2.6604,-831179687#10,-77.0819,1.9238,100.0000,default,18,rsu(407m),833,27387,0.3686,407,2.0256,5,8,-77.0819,-94.0716,direct,0.0500,30.0000,-74.6967
246,node[20],0,5405.0508,3009.3600,1.8950,24.1746,-0.4116,2.6588,-831179687#10,-76.3118,1.9834,100.0000,default,18,rsu(405m),834,27424,0.3756,405,2.0197,5,8,-76.3118,-93.3015,direct,0.0500,30.0000,-74.6983
246.1,node[20],0,5402.9063,3008.2357,1.8950,24.2121,0.3746,2.6587,-831179687#10,-84.4420,-5.0000,100.0000,default,18,rsu(402m),835,27461,0.0180,402,2.0138,2,2,-84.4420,-101.4317,direct,0.0500,29.6000,-74.6988
246.2,node[20],0,5400.7632,3007.1122,1.8950,24.1957,-0.1639,2.6587,-831179687#10,-76.0426,-0.6782,100.0000,default,18,rsu(400m),836,27499,0.1372,400,2.0208,4,6,-76.0426,-93.0323,direct,0.0500,29.6000,-74.6981
246.3,node[20],0,5398.6236,3005.9905,1.8950,24.1557,-0.4004,2.6587,-831179687#10,-78.1120,-3.8787,100.0000,default,18,rsu(398m),837,27536,0.0311,398,2.0148,2,2,-78.1120,-95.1017,direct,0.0500,30.0000,-74.6984
246.4,node[20],0,5396.4835,3004.8686,1.8950,24.1627,0.0706,2.6587,-831179687#10,-75.6846,0.5973,100.0000,default,18,rsu(396m),838,27573,0.2312,396,2.0217,4,6,-75.6846,-92.6743,direct,0.0500,30.0000,-74.6985
246.5,node[20],0,5394.3424,3003.7461,1.8950,24.1722,0.0947,2.6587,-831179687#10,-86.3963,-5.0000,100.0000,default,18,rsu(394m),839,27609,0.0180,394,2.0156,2,2,-86.3963,-103.3860,direct,0.0500,29.2000,-74.6986
246.6,node[20],0,5392.2000,3002.6230,1.8950,24.1886,0.1643,2.6587,-831179687#10,-80.6344,-1.4816,100.0000,default,18,rsu(392m),840,27646,0.0961,392,2.0224,3,4,-80.6344,-97.6241,direct,0.0500,29.2000,-74.6993
246.7,node[20],0,5390.0554,3001.4987,1.8950,24.2119,0.2331,2.6587,-831179687#10,-78.1074,-2.8004,100.0000,default,18,rsu(390m),841,27683,0.0521,390,2.0162,3,4,-78.1074,-95.0971,direct,0.0500,29.6000,-74.6986
246.8,node[20],0,5387.9160,3000.3771,1.8950,24.1544,-0.5756,2.6587,-831179687#10,-75.0388,-0.1785,100.0000,default,18,rsu(387m),842,27719,0.1695,387,2.0229,4,6,-75.0388,-92.0285,direct,0.0500,29.6000,-74.7011
246.9,node[20],0,5385.7676,2999.2508,1.8950,24.2555,1.0114,2.6587,-831179687#10,-82.7188,-3.4525,100.0000,default,18,rsu(385m),843,27756,0.0382,385,2.0165,2,2,-82.7188,-99.7085,direct,0.0500,29.2000,-74.7002
247,node[20],0,5383.6164,2998.1231,1.8950,24.2869,0.3136,2.6587,-831179687#10,-77.6085,0.7275,100.0000,default,18,rsu(383m),844,27792,0.2430,383,2.0231,4,6,-77.6085,-94.5982,direct,0.0500,29.2000,-74.6967
247.1,node[20],0,5381.4812,2997.0037,1.8950,24.1069,-1.7997,2.6587,-831179687#10,-80.1114,-1.7574,100.0000,default,18,rsu(381m),845,27829,0.0848,381,2.0260,3,4,-80.1114,-97.1011,direct,0.0500,29.2000,-74.6989
247.2,node[20],0,5379.3388,2995.8806,1.8950,24.1871,0.8018,2.6587,-831179687#10,-75.1186,-0.1728,100.0000,default,19,rsu(379m),846,27867,0.1699,379,2.0142,4,6,-75.1186,-92.1083,direct,0.0500,29.2000,-74.6476
247.3,node[20],0,5377.1902,2994.7542,1.8950,24.2580,0.7089,2.6587,-831179687#10,-79.6527,-5.0000,100.0000,default,19,rsu(377m),847,27904,0.0180,377,2.0144,2,2,-79.6527,-96.6424,direct,0.0500,30.0000,-74.6469
247.4,node[20],0,5375.0378,2993.6258,1.8950,24.3007,0.4275,2.6587,-831179687#10,-78.1672,-0.8861,100.0000,default,19,rsu(375m),848,27941,0.1253,375,2.0145,4,6,-78.1672,-95.1569,direct,0.0500,30.0000,-74.6432
247.5,node[20],0,5372.8913,2992.5005,1.8950,24.2334,-0.6728,2.6587,-831179687#10,-84.8788,-5.0000,100.0000,default,19,rsu(372m),849,27978,0.0180,372,2.0146,2,2,-84.8788,-101.8685,direct,0.0500,29.6000,-74.6417
247.6,node[20],0,5370.7529,2991.3795,1.8950,24.1426,-0.9079,2.6587,-831179687#10,-86.3415,-5.0000,100.0000,default,19,rsu(370m),850,28016,0.0180,370,2.0145,2,2,-86.3415,-103.3312,direct,0.0500,29.6000,-74.6435
247.7,node[20],0,5368.6048,2990.2533,1.8950,24.2526,1.0998,2.6587,-831179687#10,-81.6350,-2.6313,100.0000,default,19,rsu(368m),851,28054,0.0565,368,2.0144,3,4,-81.6350,-98.6247,direct,0.0500,30.4000,-74.6416
247.8,node[20],0,5366.4634,2989.1307,1.8950,24.1765,-0.7607,2.6587,-831179687#10,-80.5250,-1.6145,100.0000,default,19,rsu(366m),852,28091,0.0905,366,2.0142,3,4,-80.5250,-97.5147,direct,0.0500,30.4000,-74.6402
247.9,node[20],0,5364.3195,2988.0067,1.8950,24.2051,0.2854,2.6587,-831179687#10,-73.3931,1.3981,100.0000,default,19,rsu(364m),853,28129,0.3098,364,2.0250,5,8,-73.3931,-90.3828,direct,0.0500,30.0000,-74.6382
248,node[20],0,5362.1768,2986.8835,1.8950,24.1907,-0.1438,2.6587,-831179687#10,-81.7621,-5.0000,100.0000,default,19,rsu(362m),854,28167,0.0180,362,2.0227,2,2,-81.7621,-98.7518,direct,0.0500,30.0000,-74.6389
248.1,node[20],0,5360.0297,2985.7579,1.8950,24.2407,0.5002,2.6587,-831179687#10,-90.1765,-5.0000,100.0000,default,19,rsu(360m),855,28205,0.0180,360,2.0203,2,2,-90.1765,-107.1662,direct,0.0500,30.4000,-74.6377
248.2,node[20],0,5357.8823,2984.6321,1.8950,24.2448,0.0408,2.6587,-831179687#10,-89.8915,-5.0000,100.0000,default,19,rsu(358m),856,28243,0.0180,358,2.0178,2,2,-89.8915,-106.8812,direct,0.0500,30.4000,-74.6345
248.3,node[20],0,5355.7399,2983.5090,1.8950,24.1871,-0.5774,2.6587,-831179687#10,-82.6132,-5.0000,100.0000,default,19,rsu(356m),857,28280,0.0180,356,2.0153,2,2,-82.6132,-99.6029,direct,0.0500,30.0000,-74.6338
248.4,node[20],0,5353.5896,2982.3817,1.8950,24.2770,0.8993,2.6587,-831179687#10,-75.9881,0.8825,100.0000,default,19,rsu(354m),858,28318,0.2575,354,2.0256,4,6,-75.9881,-92.9778,direct,0.0500,30.0000,-74.6328
248.5,node[20],0,5351.4407,2981.2551,1.8950,24.2611,-0.1593,2.6587,-831179687#10,-82.3564,-5.0000,100.0000,default,19,rsu(351m),859,28356,0.0180,351,2.0229,2,2,-82.3564,-99.3461,direct,0.0500,30.4000,-74.6324
248.6,node[20],0,5349.2878,2980.1265,1.8950,24.3068,0.4570,2.6587,-831179687#10,-83.4460,-5.0000,100.0000,default,18,rsu(349m),860,28394,0.0180,349,2.0201,2,2,-83.4460,-100.4357,direct,0.0500,30.4000,-74.6355
248.7,node[20],0,5347.1441,2979.0026,1.8950,24.2026,-1.0414,2.6587,-831179687#10,-75.2964,3.1422,100.0000,default,18,rsu(347m),861,28432,0.5178,347,2.0171,6,10,-75.2964,-92.2861,direct,0.0500,30.4000,-74.6354
248.8,node[20],0,5344.9926,2977.8748,1.8950,24.2896,0.8697,2.6587,-831179687#10,-72.3593,1.7504,100.0000,default,18,rsu(345m),862,28470,0.3487,345,2.0141,5,8,-72.3593,-89.3490,direct,0.0500,30.4000,-74.6320
248.9,node[20],0,5342.8607,2976.7377,1.8950,24.1622,-1.2736,2.6553,:227495109_4,-77.7770,-3.8939,100.0000,default,18,rsu(343m),863,28508,0.0309,343,2.0240,2,2,-77.7770,-94.7667,direct,0.0500,30.4000,-74.6313
249,node[20],0,5340.7347,2975.5800,1.8950,24.2090,0.4680,2.6477,:227495109_4,-69.9468,8.6414,100.0000,default,18,rsu(341m),864,28546,0.9438,341,2.0209,8,14,-69.9468,-86.9365,direct,0.0500,30.4000,-74.6289
249.1,node[20],0,5338.6179,2974.4273,1.8950,24.1040,-1.0504,2.6430,:227495109_4,-74.9868,1.0405,100.0000,default,18,rsu(339m),865,28583,0.2729,339,2.0176,5,8,-74.9868,-91.9765,direct,0.0500,30.0000,-74.6316
249.2,node[20],0,5336.4909,2973.2691,1.8950,24.2199,1.1594,2.6430,:227495109_4,-78.8707,0.0098,100.0000,default,18,rsu(337m),866,28621,0.1832,337,2.0142,4,6,-78.8707,-95.8604,direct,0.0500,30.0000,-74.6300
249.3,node[20],0,5334.3707,2972.1146,1.8950,24.1421,-0.7784,2.6430,:227495109_4,-89.7655,-5.0000,100.0000,default,18,rsu(335m),867,28659,0.0180,335,2.0238,2,2,-89.7655,-106.7552,direct,0.0500,30.4000,-74.6306
249.4,node[20],0,5332.2411,2970.9550,1.8950,24.2501,1.0797,2.6430,:227495109_4,-80.5687,-2.1572,100.0000,default,18,rsu(333m),868,28697,0.0705,333,2.0202,3,4,-80.5687,-97.5584,direct,0.0500,30.4000,-74.6298
249.5,node[20],0,5330.1210,2969.7781,1.8950,24.2722,0.2213,2.6390,-831179687#9,-80.4669,-2.5004,100.0000,default,18,rsu(331m),869,28735,0.0601,331,2.0166,3,4,-80.4669,-97.4566,direct,0.0500,30.4000,-74.6292
249.6,node[20],0,5328.0136,2968.5880,1.8950,24.2390,-0.3316,2.6315,:227495142_0,-74.1241,4.2156,100.0000,default,18,rsu(329m),870,28772,0.6474,329,2.0259,6,10,-74.1241,-91.1138,direct,0.0500,30.4000,-74.6294
249.7,node[20],0,5325.8959,2967.4147,1.8950,24.2017,-0.3733,2.6314,:227495142_0,-83.3177,-5.0000,100.0000,default,18,rsu(327m),871,28809,0.0180,327,2.0221,2,2,-83.3177,-100.3074,direct,0.0500,29.6000,-74.6290
249.8,node[20],0,5323.7719,2966.2379,1.8950,24.2744,0.7266,2.6356,:227495142_0,-74.5397,2.7696,100.0000,default,18,rsu(325m),872,28847,0.4712,325,2.0182,5,8,-74.5397,-91.5294,direct,0.0500,29.6000,-74.6274
249.9,node[20],0,5321.6538,2965.0643,1.8950,24.2069,-0.6741,2.6356,:227495142_0,-79.6404,-4.5245,100.0000,default,18,rsu(323m),873,28885,0.0227,323,2.0142,2,2,-79.6404,-96.6301,direct,0.0500,30.4000,-74.6249
250,node[20],0,5319.5435,2963.8951,1.8950,24.1180,-0.8893,2.6356,:227495142_0,-77.0609,-0.3599,100.0000,default,18,rsu(321m),874,28923,0.1571,321,2.0232,4,6,-77.0609,-94.0506,direct,0.0500,30.4000,-74.6254
250.1,node[20],0,5317.4274,2962.7226,1.8950,24.1834,0.6534,2.6356,:227495142_0,-83.7909,-5.0000,100.0000,default,18,rsu(319m),875,28961,0.0180,319,2.0190,2,2,-83.7909,-100.7806,direct,0.0500,30.4000,-74.6254
250.2,node[20],0,5315.3041,2961.5505,1.8950,24.2477,0.6438,2.6364,-831179687#8,-71.3238,6.5615,100.0000,default,18,rsu(317m),876,28998,0.8558,317,2.0148,7,12,-71.3238,-88.3135,direct,0.0500,30.4000,-74.6232
250.3,node[20],0,5313.1747,2960.3948,1.8950,24.2291,-0.1860,2.6406,-831179687#8,-74.0698,4.4021,100.0000,default,18,rsu(315m),877,29036,0.6684,315,2.0234,6,10,-74.0698,-91.0595,direct,0.0500,30.0000,-74.6222
250.4,node[20],0,5311.0392,2959.2359,1.8950,24.2979,0.6879,2.6443,-831179687#8,-75.6912,1.6998,100.0000,default,18,rsu(313m),878,29074,0.3430,313,2.0190,5,8,-75.6912,-92.6809,direct,0.0500,30.0000,-74.6168
250.5,node[20],0,5308.9169,2958.0840,1.8950,24.1493,-1.4863,2.6443,-831179687#8,-80.8741,-5.0000,100.0000,default,18,rsu(311m),879,29112,0.0180,311,2.0145,2,2,-80.8741,-97.8638,direct,0.0500,30.4000,-74.6164
250.6,node[20],0,5306.7914,2956.9304,1.8950,24.1852,0.3589,2.6443,-831179687#8,-78.5341,-1.4947,100.0000,default,18,rsu(309m),880,29150,0.0956,309,2.0229,3,4,-78.5341,-95.5238,direct,0.0500,30.4000,-74.6147
250.7,node[20],0,5304.6689,2955.7785,1.8950,24.1503,-0.3487,2.6443,-831179687#8,-75.7848,-0.5999,100.0000,default,18,rsu(307m),881,29188,0.1419,307,2.0182,4,6,-75.7848,-92.7745,direct,0.0500,30.4000,-74.6129
250.8,node[20],0,5302.5427,2954.6245,1.8950,24.1931,0.4274,2.6443,-831179687#8,-78.2086,-0.5371,100.0000,default,18,rsu(305m),882,29226,0.1457,305,2.0264,4,6,-78.2086,-95.1983,direct,0.0500,30.4000,-74.6125
250.9,node[20],0,5300.4138,2953.4691,1.8950,24.2241,0.3100,2.6443,-831179687#8,-77.7964,-0.0680,100.0000,default,18,rsu(304m),883,29264,0.1774,304,2.0215,4,6,-77.7964,-94.7861,direct,0.0500,30.4000,-74.6086
251,node[20],0,5298.2894,2952.3161,1.8950,24.1720,-0.5209,2.6443,-831179687#8,-75.3203,2.5686,100.0000,default,18,rsu(302m),884,29302,0.4463,302,2.0165,5,8,-75.3203,-92.3100,direct,0.0500,30.4000,-74.6072
251.1,node[20],0,5296.1620,2951.1615,1.8950,24.2066,0.3462,2.6443,-831179687#8,-70.5108,5.9265,100.0000,default,18,rsu(300m),885,29340,0.8120,300,2.0244,7,12,-70.5108,-87.5005,direct,0.0500,30.4000,-74.6044
251.2,node[20],0,5294.0341,2950.0066,1.8950,24.2125,0.0594,2.6443,-831179687#8,-73.4962,4.1230,100.0000,default,18,rsu(298m),886,29378,0.6368,298,2.0192,6,10,-73.4962,-90.4859,direct,0.0500,30.4000,-74.6015
251.3,node[20],0,5291.9072,2948.8523,1.8950,24.2004,-0.1216,2.6443,-831179687#8,-78.3874,-3.7832,100.0000,default,18,rsu(296m),887,29416,0.0326,296,2.0140,2,2,-78.3874,-95.3771,direct,0.0500,30.4000,-74.5980
251.4,node[20],0,5289.7787,2947.6971,1.8950,24.2195,0.1908,2.6443,-831179687#8,-72.4287,5.1547,100.0000,default,18,rsu(294m),888,29454,0.7460,294,2.0202,7,12,-72.4287,-89.4184,direct,0.0500,30.4000,-74.5944
251.5,node[20],0,5287.6491,2946.5413,1.8950,24.2316,0.1219,2.6443,-831179687#8,-81.7388,-2.7553,100.0000,default,18,rsu(292m),889,29492,0.0533,292,2.0263,3,4,-81.7388,-98.7285,direct,0.0500,30.4000,-74.5910
251.6,node[20],0,5285.5190,2945.3852,1.8950,24.2378,0.0614,2.6443,-831179687#8,-75.9627,1.2466,100.0000,default,17,rsu(290m),890,29530,0.2939,290,2.0192,5,8,-75.9627,-92.9524,direct,0.0500,30.4000,-74.5886
251.7,node[20],0,5283.3892,2944.2293,1.8950,24.2333,-0.0443,2.6443,-831179687#8,-76.1280,-1.4401,100.0000,default,17,rsu(288m),891,29568,0.0980,288,2.0217,3,4,-76.1280,-93.1177,direct,0.0500,30.4000,-74.5856
251.8,node[20],0,5281.2632,2943.0754,1.8950,24.1906,-0.4274,2.6443,-831179687#8,-80.2578,-3.6553,100.0000,default,17,rsu(286m),892,29606,0.0346,286,2.0144,2,2,-80.2578,-97.2475,direct,0.0500,30.4000,-74.5841
251.9,node[20],0,5279.1323,2941.9189,1.8950,24.2463,0.5569,2.6443,-831179687#8,-70.6927,4.6794,100.0000,default,17,rsu(285m),893,29644,0.6984,285,2.0167,6,10,-70.6927,-87.6824,direct,0.0500,30.4000,-74.5811
252,node[20],0,5276.9970,2940.7600,1.8950,24.2965,0.5018,2.6443,-831179687#8,-71.4346,3.2789,100.0000,default,17,rsu(283m),894,29681,0.5348,283,2.0259,6,10,-71.4346,-88.4243,direct,0.0500,30.4000,-74.5749
252.1,node[20],0,5274.8705,2939.6059,1.8950,24.1975,-0.9900,2.6443,-831179687#8,-73.4332,1.2636,100.0000,default,17,rsu(281m),895,29719,0.2956,281,2.0150,5,8,-73.4332,-90.4229,direct,0.0500,30.0000,-74.5724
252.2,node[20],0,5272.7419,2938.4506,1.8950,24.2196,0.2211,2.6443,-831179687#8,-73.3470,4.9742,100.0000,default,17,rsu(279m),896,29757,0.7285,279,2.0170,6,10,-73.3470,-90.3367,direct,0.0500,30.0000,-74.5681
252.3,node[20],0,5270.6094,2937.2932,1.8950,24.2651,0.4548,2.6443,-831179687#8,-70.3344,5.5914,100.0000,default,17,rsu(277m),897,29795,0.7851,277,2.0220,7,12,-70.3344,-87.3241,direct,0.0500,30.4000,-74.5628
252.4,node[20],0,5268.4777,2936.1363,1.8950,24.2553,-0.0978,2.6443,-831179687#8,-82.7738,-5.0000,100.0000,default,17,rsu(275m),898,29833,0.0180,275,2.0138,2,2,-82.7738,-99.7635,direct,0.0500,30.4000,-74.5560
252.5,node[20],0,5266.3562,2934.9849,1.8950,24.1395,-1.1582,2.6443,-831179687#8,-69.1642,5.0009,100.0000,default,17,rsu(274m),899,29871,0.7311,274,2.0184,7,12,-69.1642,-86.1539,direct,0.0500,30.4000,-74.5534
252.6,node[20],0,5264.2313,2933.8356,1.8950,24.1584,0.1890,2.6450,:227549027_5,-72.9901,4.6158,100.0000,default,17,rsu(272m),900,29909,0.6917,272,2.0230,6,10,-72.9901,-89.9798,direct,0.0500,30.4000,-74.5508
252.7,node[20],0,5262.0921,2932.6871,1.8950,24.2809,1.2253,2.6472,:227549027_5,-72.1918,4.5150,100.0000,default,17,rsu(270m),901,29947,0.6808,270,2.0144,6,10,-72.1918,-89.1815,direct,0.0500,30.4000,-74.5447
252.8,node[20],0,5259.9590,2931.5418,1.8950,24.2109,-0.7002,2.6489,:227549027_5,-75.7752,3.6058,100.0000,default,17,rsu(268m),902,29985,0.5752,268,2.0157,6,10,-75.7752,-92.7649,direct,0.0500,30.4000,-74.5389
252.9,node[20],0,5257.8292,2930.3984,1.8950,24.1734,-0.3745,2.6489,:227549027_5,-75.2372,2.6997,100.0000,default,17,rsu(267m),903,30023,0.4625,267,2.0170,5,8,-75.2372,-92.2269,direct,0.0500,30.4000,-74.5334
253,node[20],0,5255.7009,2929.2557,1.8950,24.1561,-0.1735,2.6489,:227549027_5,-73.5914,3.8887,100.0000,default,17,rsu(265m),904,30061,0.6093,265,2.0209,6,10,-73.5914,-90.5811,direct,0.0500,30.4000,-74.5291
253.1,node[20],0,5253.5650,2928.1090,1.8950,24.2420,0.8595,2.6489,:227549027_5,-71.7120,2.5828,100.0000,default,17,rsu(263m),905,30099,0.4480,263,2.0248,5,8,-71.7120,-88.7017,direct,0.0500,30.4000,-74.5217
253.2,node[20],0,5251.4316,2926.9680,1.8950,24.1939,-0.4818,2.6497,-831179687#7,-73.7335,0.2341,100.0000,default,17,rsu(261m),906,30137,0.2005,261,2.0257,4,6,-73.7335,-90.7232,direct,0.0500,30.4000,-74.5169
253.3,node[20],0,5249.2884,2925.8305,1.8950,24.2634,0.6957,2.6520,-831179687#7,-85.1096,-5.0000,100.0000,default,17,rsu(260m),907,30175,0.0180,260,2.0163,2,2,-85.1096,-102.0993,direct,0.0500,30.4000,-74.5092
253.4,node[20],0,5247.1465,2924.6935,1.8950,24.2502,-0.1322,2.6536,-831179687#7,-72.2031,7.1785,100.0000,default,17,rsu(258m),908,30212,0.8899,258,2.0240,8,14,-72.2031,-89.1928,direct,0.0500,30.4000,-74.5019
253.5,node[20],0,5245.0116,2923.5603,1.8950,24.1696,-0.8058,2.6536,-831179687#7,-74.4096,3.3623,100.0000,default,17,rsu(256m),909,30249,0.5452,256,2.0187,6,10,-74.4096,-91.3993,direct,0.0500,29.6000,-74.4967
253.6,node[20],0,5242.8729,2922.4251,1.8950,24.2131,0.4349,2.6536,-831179687#7,-74.3982,2.5517,100.0000,default,17,rsu(254m),910,30286,0.4442,254,2.0262,5,8,-74.3982,-91.3879,direct,0.0500,29.6000,-74.4901
253.7,node[20],0,5240.7348,2921.2902,1.8950,24.2062,-0.0693,2.6536,-831179687#7,-79.0158,-2.1223,100.0000,default,17,rsu(253m),911,30325,0.0717,253,2.0159,3,4,-79.0158,-96.0055,direct,0.0500,30.4000,-74.4839
253.8,node[20],0,5238.5952,2920.1545,1.8950,24.2229,0.1675,2.6536,-831179687#7,-79.9361,-2.7234,100.0000,default,17,rsu(251m),912,30363,0.0541,251,2.0229,3,4,-79.9361,-96.9258,direct,0.0500,30.4000,-74.4759
253.9,node[20],0,5236.4513,2919.0165,1.8950,24.2722,0.4932,2.6536,-831179687#7,-84.9202,-5.0000,100.0000,default,17,rsu(249m),913,30402,0.0180,249,2.0253,2,2,-84.9202,-101.9099,direct,0.0500,30.8000,-74.4652
254,node[20],0,5234.3180,2917.8841,1.8950,24.1527,-1.1956,2.6536,-831179687#7,-71.0592,3.8669,100.0000,default,17,rsu(248m),914,30441,0.6067,248,2.0147,6,10,-71.0592,-88.0489,direct,0.0500,30.8000,-74.4590
254.1,node[20],0,5232.1775,2916.7479,1.8950,24.2333,0.8063,2.6536,-831179687#7,-74.5978,1.4663,100.0000,default,17,rsu(246m),915,30479,0.3172,246,2.0213,5,8,-74.5978,-91.5875,direct,0.0500,30.8000,-74.4492
254.2,node[20],0,5230.0394,2915.6131,1.8950,24.2061,-0.2724,2.6536,-831179687#7,-70.4625,8.4982,100.0000,default,17,rsu(245m),916,30517,0.9399,245,2.0149,8,14,-70.4625,-87.4522,direct,0.0500,30.8000,-74.4415
254.3,node[20],0,5227.8939,2914.4742,1.8950,24.2906,0.8457,2.6536,-831179687#7,-76.6525,2.3497,100.0000,default,17,rsu(243m),917,30556,0.4194,243,2.0144,5,8,-76.6525,-93.6422,direct,0.0500,30.8000,-74.4309
254.4,node[20],0,5225.7479,2913.3351,1.8950,24.2952,0.0457,2.6536,-831179687#7,-71.7773,7.2074,100.0000,default,17,rsu(241m),918,30595,0.8913,241,2.0138,8,14,-71.7773,-88.7670,direct,0.0500,30.8000,-74.4182
254.5,node[20],0,5223.6133,2912.2021,1.8950,24.1670,-1.2820,2.6536,-831179687#7,-80.4129,-5.0000,100.0000,default,17,rsu(240m),919,30634,0.0180,240,2.0155,2,2,-80.4129,-97.4026,direct,0.0500,31.2000,-74.4106
254.6,node[20],0,5221.4656,2911.0621,1.8950,24.3151,1.4806,2.6536,-831179687#7,-74.0970,4.3006,100.0000,default,17,rsu(238m),920,30673,0.6571,238,2.0171,6,10,-74.0970,-91.0867,direct,0.0500,31.2000,-74.3977
254.7,node[20],0,5219.3505,2909.8915,1.8950,24.1796,-1.3552,2.6451,:227597497_0,-78.0753,0.5045,100.0000,default,17,rsu(237m),921,30712,0.2231,237,2.0143,4,6,-78.0753,-95.0650,direct,0.0500,31.2000,-74.3883
254.8,node[20],0,5217.2349,2908.7005,1.8950,24.2839,1.0434,2.6331,:227597497_0,-70.8222,3.4666,100.0000,default,17,rsu(235m),922,30751,0.5581,235,2.0221,6,10,-70.8222,-87.8119,direct,0.0500,31.2000,-74.3752
254.9,node[20],0,5215.1242,2907.5123,1.8950,24.2273,-0.5655,2.6289,:227597497_0,-77.2076,0.8152,100.0000,default,17,rsu(234m),923,30790,0.2512,234,2.0168,4,6,-77.2076,-94.1973,direct,0.0500,31.2000,-74.3612
255,node[20],0,5213.0167,2906.3258,1.8950,24.1913,-0.3607,2.6289,:227597497_0,-71.4401,4.6824,100.0000,default,17,rsu(232m),924,30829,0.6987,232,2.0244,6,10,-71.4401,-88.4298,direct,0.0500,31.2000,-74.3503
255.1,node[20],0,5210.9081,2905.1388,1.8950,24.2027,0.1146,2.6289,:227597497_0,-82.0352,-5.0000,100.0000,default,17,rsu(231m),925,30868,0.0180,231,2.0189,2,2,-82.0352,-99.0249,direct,0.0500,31.2000,-74.3371
255.2,node[20],0,5208.8002,2903.9521,1.8950,24.1956,-0.0716,2.6289,:227597497_0,-74.4259,1.1867,100.0000,default,17,rsu(229m),926,30907,0.2877,229,2.0263,5,8,-74.4259,-91.4156,direct,0.0500,31.2000,-74.3233
255.3,node[20],0,5206.7210,2902.7212,1.8950,24.1683,-0.2730,2.6183,-831179687#6,-72.8597,2.6498,100.0000,default,17,rsu(228m),927,30946,0.4563,228,2.0206,5,8,-72.8597,-89.8494,direct,0.0500,31.2000,-74.3082
255.4,node[20],0,5204.6450,2901.4831,1.8950,24.1754,0.0715,2.6062,-831179687#6,-74.8148,4.3928,100.0000,default,17,rsu(227m),928,30985,0.6674,227,2.0170,6,10,-74.8148,-91.8045,direct,0.0500,31.2000,-74.2923
255.5,node[20],0,5202.5628,2900.2414,1.8950,24.2465,0.7106,2.6039,-831179687#6,-80.6339,-5.0000,100.0000,default,17,rsu(225m),929,31023,0.0180,225,2.0182,2,2,-80.6339,-97.6236,direct,0.0500,30.8000,-74.2742
255.6,node[20],0,5200.4867,2899.0033,1.8950,24.1771,-0.6942,2.6039,-831179687#6,-70.3039,9.0264,100.0000,default,17,rsu(224m),930,31062,0.9532,224,2.0253,9,16,-70.3039,-87.2936,direct,0.0500,30.8000,-74.2570
255.7,node[20],0,5198.4108,2897.7653,1.8950,24.1741,-0.0301,2.6039,-831179687#6,-75.6479,-1.0647,100.0000,default,17,rsu(223m),931,31101,0.1158,223,2.0193,3,4,-75.6479,-92.6376,direct,0.0500,31.2000,-74.2401
255.8,node[20],0,5196.3348,2896.5273,1.8950,24.1752,0.0110,2.6039,-831179687#6,-75.4871,2.4562,100.0000,default,17,rsu(221m),932,31140,0.4324,221,2.0153,5,8,-75.4871,-92.4768,direct,0.0500,31.2000,-74.2240
255.9,node[20],0,5194.2511,2895.2847,1.8950,24.2645,0.8932,2.6039,-831179687#6,-72.4496,3.0798,100.0000,default,17,rsu(220m),933,31179,0.5100,220,2.0241,6,10,-72.4496,-89.4393,direct,0.0500,31.2000,-74.2056
256,node[20],0,5192.1729,2894.0453,1.8950,24.2019,-0.6255,2.6039,-831179687#6,-78.1792,0.3645,100.0000,default,17,rsu(219m),934,31217,0.2112,219,2.0249,4,6,-78.1792,-95.1689,direct,0.0500,31.2000,-74.1872
256.1,node[20],0,5190.0646,2892.8540,1.8950,24.2152,0.1331,2.6152,:227597511_4,-66.4720,11.0487,100.0000,default,17,rsu(218m),935,31256,0.9824,218,2.0206,10,18,-66.4720,-83.4617,direct,0.0500,30.8000,-74.1677
256.2,node[20],0,5187.9375,2891.6827,1.8950,24.2753,0.6010,2.6319,:227597511_4,-71.3639,3.8529,100.0000,default,17,rsu(216m),936,31295,0.6050,216,2.0161,6,10,-71.3639,-88.3536,direct,0.0500,30.8000,-74.1453
256.3,node[20],0,5185.8178,2890.5154,1.8950,24.1916,-0.8377,2.6382,:227597511_4,-78.6165,-1.9824,100.0000,default,17,rsu(215m),937,31334,0.0765,215,2.0245,3,4,-78.6165,-95.6062,direct,0.0500,31.2000,-74.1268
256.4,node[20],0,5183.6922,2889.3449,1.8950,24.2584,0.6681,2.6382,:227597511_4,-89.2911,-5.0000,100.0000,default,17,rsu(214m),938,31372,0.0180,214,2.0250,2,2,-89.2911,-106.2808,direct,0.0500,31.2000,-74.1066
256.5,node[20],0,5181.5678,2888.1750,1.8950,24.2455,-0.1284,2.6382,:227597511_4,-72.1650,4.6917,100.0000,default,17,rsu(213m),939,31411,0.6997,213,2.0202,6,10,-72.1650,-89.1547,direct,0.0500,30.8000,-74.0868
256.6,node[20],0,5179.4379,2887.0022,1.8950,24.3069,0.6141,2.6382,:227597511_4,-67.0734,11.6753,100.0000,default,17,rsu(212m),940,31450,0.9871,212,2.0136,10,18,-67.0734,-84.0631,direct,0.0500,30.8000,-74.0642
256.7,node[20],0,5177.2857,2885.8864,1.8950,24.2429,-0.6400,2.6504,-831179687#5,-71.0008,7.2986,100.0000,default,17,rsu(210m),941,31489,0.8956,210,2.0216,8,14,-71.0008,-87.9905,direct,0.0500,31.2000,-74.0450
256.8,node[20],0,5175.1289,2884.7871,1.8950,24.2080,-0.3489,2.6659,-831179687#5,-71.3987,3.4674,100.0000,default,17,rsu(209m),942,31527,0.5582,209,2.0218,6,10,-71.3987,-88.3884,direct,0.0500,31.2000,-74.0272
256.9,node[20],0,5172.9624,2883.6828,1.8950,24.3162,1.0813,2.6702,-831179687#5,-71.5549,5.0059,100.0000,default,17,rsu(208m),943,31566,0.7316,208,2.0149,7,12,-71.5549,-88.5446,direct,0.0500,30.8000,-74.0051
257,node[20],0,5170.8110,2882.5862,1.8950,24.1480,-1.6818,2.6702,-831179687#5,-71.4846,2.5858,100.0000,default,17,rsu(207m),944,31604,0.4484,207,2.0149,5,8,-71.4846,-88.4743,direct,0.0500,30.8000,-73.9875
257.1,node[20],0,5168.6602,2881.4900,1.8950,24.1398,-0.0825,2.6702,-831179687#5,-76.2713,-1.0837,100.0000,default,17,rsu(206m),945,31643,0.1149,206,2.0209,3,4,-76.2713,-93.2610,direct,0.0500,30.8000,-73.9711
257.2,node[20],0,5166.5086,2880.3933,1.8950,24.1501,0.1036,2.6702,-831179687#5,-72.8173,2.6653,100.0000,default,17,rsu(205m),946,31682,0.4583,205,2.0137,5,8,-72.8173,-89.8070,direct,0.0500,30.8000,-73.9566
257.3,node[20],0,5164.3487,2879.2924,1.8950,24.2428,0.9270,2.6702,-831179687#5,-69.5430,8.1191,100.0000,default,17,rsu(203m),947,31721,0.9282,203,2.0211,8,14,-69.5430,-86.5327,direct,0.0500,31.2000,-73.9402
257.4,node[20],0,5162.1903,2878.1922,1.8950,24.2260,-0.1685,2.6702,-831179687#5,-75.8102,-0.1710,100.0000,default,17,rsu(202m),948,31760,0.1700,202,2.0139,4,6,-75.8102,-92.7999,direct,0.0500,31.2000,-73.9257
257.5,node[20],0,5160.0364,2877.0943,1.8950,24.1755,-0.5042,2.6702,-831179687#5,-71.7892,6.2102,100.0000,default,17,rsu(201m),949,31799,0.8327,201,2.0196,7,12,-71.7892,-88.7789,direct,0.0500,31.2000,-73.9153
257.6,node[20],0,5157.8772,2875.9938,1.8950,24.2342,0.5870,2.6702,-831179687#5,-73.7672,4.5381,100.0000,default,17,rsu(200m),950,31838,0.6833,200,2.0137,6,10,-73.7672,-90.7569,direct,0.0500,31.2000,-73.9050
257.7,node[20],0,5155.7209,2874.8948,1.8950,24.2020,-0.3223,2.6702,-831179687#5,-78.7970,-2.7012,100.0000,default,17,rsu(199m),951,31877,0.0547,199,2.0192,3,4,-78.7970,-95.7867,direct,0.0500,31.2000,-73.8983
257.8,node[20],0,5153.5603,2873.7935,1.8950,24.2508,0.4874,2.6702,-831179687#5,-69.7216,8.9154,100.0000,default,17,rsu(198m),952,31916,0.9506,198,2.0246,8,14,-69.7216,-86.7113,direct,0.0500,31.2000,-73.8925
257.9,node[20],0,5151.4021,2872.6934,1.8950,24.2243,-0.2644,2.6702,-831179687#5,-69.6786,4.4423,100.0000,default,17,rsu(197m),953,31955,0.6729,197,2.0170,6,10,-69.6786,-86.6683,direct,0.0500,31.2000,-73.8900
258,node[20],0,5149.2356,2871.5892,1.8950,24.3159,0.9164,2.6702,-831179687#5,-69.6628,7.1665,100.0000,default,17,rsu(196m),954,31994,0.8893,196,2.0248,8,14,-69.6628,-86.6525,direct,0.0500,31.2000,-73.8878
258.1,node[20],0,5147.0746,2870.4877,1.8950,24.2558,-0.6014,2.6702,-831179687#5,-72.2020,6.0540,100.0000,default,17,rsu(195m),955,32033,0.8216,195,2.0195,7,12,-72.2020,-89.1917,direct,0.0500,31.2000,-73.8883
258.2,node[20],0,5144.9135,2869.3861,1.8950,24.2559,0.0007,2.6702,-831179687#5,-71.0562,4.4142,100.0000,default,17,rsu(195m),956,32071,0.6698,195,2.0212,6,10,-71.0562,-88.0459,direct,0.0500,31.2000,-73.8910
258.3,node[20],0,5142.7545,2868.2857,1.8950,24.2324,-0.2349,2.6702,-831179687#5,-75.8527,2.6790,100.0000,default,17,rsu(194m),957,32110,0.4600,194,2.0171,5,8,-75.8527,-92.8424,direct,0.0500,30.8000,-73.8946
258.4,node[20],0,5140.6034,2867.1893,1.8950,24.1442,-0.8818,2.6702,-831179687#5,-67.9099,11.1435,100.0000,default,17,rsu(193m),958,32149,0.9832,193,2.0246,10,18,-67.9099,-84.8996,direct,0.0500,30.8000,-73.9025
258.5,node[20],0,5138.4448,2866.0890,1.8950,24.2280,0.8375,2.6702,-831179687#5,-73.6051,3.6233,100.0000,default,17,rsu(192m),959,32188,0.5773,192,2.0190,6,10,-73.6051,-90.5948,direct,0.0500,31.2000,-73.9096
258.6,node[20],0,5136.2873,2864.9894,1.8950,24.2152,-0.1272,2.6702,-831179687#5,-70.7526,5.4939,100.0000,default,17,rsu(191m),960,32227,0.7768,191,2.0264,7,12,-70.7526,-87.7423,direct,0.0500,31.2000,-73.9202
258.7,node[20],0,5134.1287,2863.8891,1.8950,24.2289,0.1366,2.6702,-831179687#5,-74.0185,2.7110,100.0000,default,17,rsu(191m),961,32266,0.4639,191,2.0207,5,8,-74.0185,-91.0082,direct,0.0500,31.2000,-73.9306
258.8,node[20],0,5131.9724,2862.7900,1.8950,24.2018,-0.2706,2.6702,-831179687#5,-70.3041,3.7525,100.0000,default,17,rsu(190m),962,32305,0.5930,190,2.0161,6,10,-70.3041,-87.2938,direct,0.0500,31.2000,-73.9411
258.9,node[20],0,5129.8232,2861.6945,1.8950,24.1231,-0.7873,2.6702,-831179687#5,-70.2363,5.0962,100.0000,default,17,rsu(189m),963,32343,0.7404,189,2.0173,7,12,-70.2363,-87.2260,direct,0.0500,30.8000,-73.9547
259,node[20],0,5127.6654,2860.5947,1.8950,24.2186,0.9545,2.6702,-831179687#5,-76.4453,-2.0593,100.0000,default,17,rsu(189m),964,32382,0.0738,189,2.0244,3,4,-76.4453,-93.4350,direct,0.0500,30.8000,-73.9681
259.1,node[20],0,5125.5029,2859.4925,1.8950,24.2717,0.5314,2.6702,-831179687#5,-69.2333,8.0030,100.0000,default,17,rsu(188m),965,32420,0.9242,188,2.0254,8,14,-69.2333,-86.2230,direct,0.0500,30.8000,-73.9813
259.2,node[20],0,5123.3436,2858.3919,1.8950,24.2365,-0.3515,2.6702,-831179687#5,-69.1290,8.9375,100.0000,default,17,rsu(187m),966,32459,0.9511,187,2.0194,8,14,-69.1290,-86.1187,direct,0.0500,30.8000,-73.9970
259.3,node[20],0,5121.1880,2857.2846,1.8950,24.2339,-0.0265,2.6687,:227571260_4,-68.8444,7.9972,100.0000,default,17,rsu(187m),967,32498,0.9240,187,2.0263,8,14,-68.8444,-85.8341,direct,0.0500,31.2000,-74.0111
259.4,node[20],0,5119.0404,2856.1596,1.8950,24.2471,0.1319,2.6633,:227571260_4,-70.0325,9.0826,100.0000,default,17,rsu(186m),968,32536,0.9544,186,2.0141,9,16,-70.0325,-87.0222,direct,0.0500,31.2000,-74.0265
259.5,node[20],0,5116.8983,2855.0375,1.8950,24.1844,-0.6267,2.6591,:227571260_4,-71.5414,2.7513,100.0000,default,17,rsu(186m),969,32575,0.4689,186,2.0208,5,8,-71.5414,-88.5311,direct,0.0500,30.8000,-74.0431
259.6,node[20],0,5114.7484,2853.9113,1.8950,24.2716,0.8718,2.6591,:227571260_4,-76.2729,-0.7619,100.0000,default,17,rsu(185m),970,32614,0.1323,185,2.0145,4,6,-76.2729,-93.2626,direct,0.0500,30.8000,-74.0571
259.7,node[20],0,5112.6023,2852.7870,1.8950,24.2305,-0.4106,2.6591,:227571260_4,-75.8403,1.0428,100.0000,default,17,rsu(185m),971,32652,0.2732,185,2.0151,5,8,-75.8403,-92.8300,direct,0.0500,30.8000,-74.0732
259.8,node[20],0,5110.4499,2851.6595,1.8950,24.3009,0.7034,2.6591,:227571260_4,-67.3378,8.4560,100.0000,default,17,rsu(184m),972,32691,0.9387,184,2.0216,8,14,-67.3378,-84.3275,direct,0.0500,30.8000,-74.0854
259.9,node[20],0,5108.3116,2850.5292,1.8950,24.1885,-1.1232,2.6572,-831179687#4,-65.8467,13.4327,100.0000,default,17,rsu(184m),973,32729,0.9946,184,2.0220,11,20,-65.8467,-82.8364,direct,0.0500,30.8000,-74.0999
260,node[20],0,5106.1824,2849.3820,1.8950,24.1881,-0.0041,2.6516,-831179687#4,-76.6384,1.4148,100.0000,default,17,rsu(184m),974,32768,0.3116,184,2.0154,5,8,-76.6384,-93.6281,direct,0.0500,30.8000,-74.1164
260.1,node[20],0,5104.0452,2848.2306,1.8950,24.2776,0.8943,2.6474,-831179687#4,-67.0717,9.4419,100.0000,default,17,rsu(184m),975,32806,0.9616,184,2.0156,9,16,-67.0717,-84.0614,direct,0.0500,30.8000,-74.1281
260.2,node[20],0,5101.9234,2847.0875,1.8950,24.1030,-1.7458,2.6474,-831179687#4,-78.8097,-1.1193,100.0000,default,17,rsu(183m),976,32845,0.1131,183,2.0173,3,4,-78.8097,-95.7994,direct,0.0500,30.8000,-74.1455
260.3,node[20],0,5099.7924,2845.9395,1.8950,24.2077,1.0475,2.6474,-831179687#4,-80.0002,-2.7445,100.0000,default,17,rsu(183m),977,32884,0.0535,183,2.0262,3,4,-80.0002,-96.9899,direct,0.0500,31.2000,-74.1600
260.4,node[20],0,5097.6614,2844.7914,1.8950,24.2076,-0.0014,2.6474,-831179687#4,-68.3474,8.7966,100.0000,default,17,rsu(183m),978,32923,0.9478,183,2.0227,8,14,-68.3474,-85.3371,direct,0.0500,31.2000,-74.1745
260.5,node[20],0,5095.5260,2843.6410,1.8950,24.2584,0.5081,2.6474,-831179687#4,-73.1856,5.1395,100.0000,default,17,rsu(183m),979,32961,0.7446,183,2.0255,7,12,-73.1856,-90.1753,direct,0.0500,30.8000,-74.1864
260.6,node[20],0,5093.3977,2842.4944,1.8950,24.1765,-0.8195,2.6474,-831179687#4,-66.7362,12.6447,100.0000,default,17,rsu(183m),980,33000,0.9920,183,2.0218,10,18,-66.7362,-83.7259,direct,0.0500,30.8000,-74.1987
260.7,node[20],0,5091.2655,2841.3457,1.8950,24.2210,0.4458,2.6474,-831179687#4,-70.8490,6.7283,100.0000,default,17,rsu(183m),981,33039,0.8658,183,2.0173,7,12,-70.8490,-87.8387,direct,0.0500,31.2000,-74.2116
260.8,node[20],0,5089.1283,2840.1943,1.8950,24.2783,0.5729,2.6474,-831179687#4,-72.8814,2.2974,100.0000,default,17,rsu(182m),982,33077,0.4131,182,2.0240,5,8,-72.8814,-89.8711,direct,0.0500,31.2000,-74.2229
260.9,node[20],0,5086.9948,2839.0448,1.8950,24.2367,-0.4166,2.6474,-831179687#4,-64.0162,12.1628,100.0000,default,17,rsu(182m),983,33116,0.9899,182,2.0199,10,18,-64.0162,-81.0059,direct,0.0500,30.8000,-74.2324
261,node[20],0,5084.8663,2837.8981,1.8950,24.1792,-0.5742,2.6474,-831179687#4,-80.3758,-1.5211,100.0000,default,17,rsu(182m),984,33155,0.0944,182,2.0152,3,4,-80.3758,-97.3655,direct,0.0500,30.8000,-74.2432
261.1,node[20],0,5082.7374,2836.7512,1.8950,24.1833,0.0401,2.6474,-831179687#4,-74.4434,0.6431,100.0000,default,17,rsu(183m),985,33194,0.2353,183,2.0234,4,6,-74.4434,-91.4331,direct,0.0500,31.2000,-74.2547
261.2,node[20],0,5080.5988,2835.5990,1.8950,24.2941,1.1083,2.6474,-831179687#4,-69.5808,7.4232,100.0000,default,17,rsu(183m),986,33232,0.9013,183,2.0255,8,14,-69.5808,-86.5705,direct,0.0500,31.2000,-74.2623
261.3,node[20],0,5078.4652,2834.4496,1.8950,24.2378,-0.5633,2.6474,-831179687#4,-76.9626,2.3524,100.0000,default,17,rsu(183m),987,33271,0.4197,183,2.0205,5,8,-76.9626,-93.9523,direct,0.0500,30.8000,-74.2696
261.4,node[20],0,5076.3340,2833.3014,1.8950,24.2099,-0.2786,2.6474,-831179687#4,-70.7577,4.3189,100.0000,default,17,rsu(183m),988,33309,0.6591,183,2.0224,6,10,-70.7577,-87.7474,direct,0.0500,30.8000,-74.2794
261.5,node[20],0,5074.2046,2832.1542,1.8950,24.1893,-0.2057,2.6474,-831179687#4,-68.6818,7.4533,100.0000,default,17,rsu(183m),989,33348,0.9026,183,2.0176,8,14,-68.6818,-85.6715,direct,0.0500,30.8000,-74.2890
261.6,node[20],0,5072.0725,2831.0056,1.8950,24.2198,0.3048,2.6474,-831179687#4,-68.4809,9.6790,100.0000,default,17,rsu(183m),990,33387,0.9658,183,2.0253,9,16,-68.4809,-85.4706,direct,0.0500,30.8000,-74.2979
261.7,node[20],0,5069.9341,2829.8535,1.8950,24.2920,0.7219,2.6474,-831179687#4,-71.6181,6.9024,100.0000,default,17,rsu(183m),991,33425,0.8756,183,2.0138,7,12,-71.6181,-88.6078,direct,0.0500,30.8000,-74.3028
261.8,node[20],0,5067.8014,2828.7045,1.8950,24.2272,-0.6476,2.6474,-831179687#4,-69.8274,8.9410,100.0000,default,17,rsu(184m),992,33464,0.9512,184,2.0213,8,14,-69.8274,-86.8171,direct,0.0500,30.8000,-74.3109
261.9,node[20],0,5065.6692,2827.5558,1.8950,24.2206,-0.0664,2.6474,-831179687#4,-74.2217,3.2648,100.0000,default,17,rsu(184m),993,33502,0.5330,184,2.0226,6,10,-74.2217,-91.2114,direct,0.0500,30.8000,-74.3176
262,node[20],0,5063.5418,2826.4097,1.8950,24.1675,-0.5313,2.6474,-831179687#4,-68.4743,7.0969,100.0000,default,17,rsu(184m),994,33541,0.8858,184,2.0168,8,14,-68.4743,-85.4640,direct,0.0500,30.8000,-74.3262
262.1,node[20],0,5061.4095,2825.2609,1.8950,24.2222,0.5475,2.6474,-831179687#4,-65.9807,11.6308,100.0000,default,17,rsu(185m),995,33580,0.9868,185,2.0239,10,18,-65.9807,-82.9704,direct,0.0500,31.2000,-74.3325
262.2,node[20],0,5059.2798,2824.1136,1.8950,24.1924,-0.2986,2.6474,-831179687#4,-73.7659,4.5515,100.0000,default,17,rsu(185m),996,33619,0.6848,185,2.0179,6,10,-73.7659,-90.7556,direct,0.0500,31.2000,-74.3370
262.3,node[20],0,5057.1545,2822.9686,1.8950,24.1429,-0.4946,2.6474,-831179687#4,-77.1654,1.1812,100.0000,default,17,rsu(186m),997,33657,0.2871,186,2.0188,5,8,-77.1654,-94.1551,direct,0.0500,30.8000,-74.3428
262.4,node[20],0,5055.0242,2821.8209,1.8950,24.2000,0.5715,2.6474,-831179687#4,-66.2482,12.1629,100.0000,default,17,rsu(186m),998,33696,0.9899,186,2.0256,10,18,-66.2482,-83.2379,direct,0.0500,30.8000,-74.3474
262.5,node[20],0,5052.8986,2820.6757,1.8950,24.1465,-0.5357,2.6474,-831179687#4,-71.0169,7.5176,100.0000,default,17,rsu(186m),999,33735,0.9054,186,2.0192,8,14,-71.0169,-88.0066,direct,0.0500,31.2000,-74.3549
262.6,node[20],0,5050.7672,2819.5275,1.8950,24.2122,0.6575,2.6474,-831179687#4,-68.8122,8.8106,100.0000,default,17,rsu(187m),1000,33774,0.9481,187,2.0258,8,14,-68.8122,-85.8019,direct,0.0500,31.2000,-74.3586
262.7,node[20],0,5048.6341,2818.3828,1.8950,24.2095,-0.0274,2.6482,:227587762_4,-67.4804,11.4460,100.0000,default,17,rsu(188m),1001,33813,0.9856,188,2.0192,10,18,-67.4804,-84.4701,direct,0.0500,31.2000,-74.3612
262.8,node[20],0,5046.4951,2817.2578,1.8950,24.1643,-0.4515,2.6531,:227587762_4,-69.0236,9.9631,100.0000,default,17,rsu(188m),1002,33852,0.9702,188,2.0255,9,16,-69.0236,-86.0133,direct,0.0500,31.2000,-74.3661
262.9,node[20],0,5044.3543,2816.1319,1.8950,24.1855,0.2117,2.6574,:227587762_4,-64.8754,12.7944,100.0000,default,17,rsu(189m),1003,33891,0.9926,189,2.0189,10,18,-64.8754,-81.8651,direct,0.0500,31.2000,-74.3700
263,node[20],0,5042.2135,2815.0060,1.8950,24.1844,-0.0111,2.6574,:227587762_4,-76.0664,1.5319,100.0000,default,17,rsu(189m),1004,33929,0.3243,189,2.0190,5,8,-76.0664,-93.0561,direct,0.0500,31.2000,-74.3740
263.1,node[20],0,5040.0698,2813.8785,1.8950,24.2180,0.3356,2.6574,:227587762_4,-81.2735,-5.0000,100.0000,default,17,rsu(190m),1005,33968,0.0180,190,2.0250,2,2,-81.2735,-98.2632,direct,0.0500,30.8000,-74.3758
263.2,node[20],0,5037.9320,2812.7541,1.8950,24.1514,-0.6655,2.6574,:227587762_4,-65.5942,13.7597,100.0000,default,17,rsu(191m),1006,34007,0.9954,191,2.0179,11,20,-65.5942,-82.5839,direct,0.0500,30.8000,-74.3794
263.3,node[20],0,5035.7875,2811.6313,1.8950,24.2027,0.5125,2.6583,-831179687#3,-80.2442,-2.4447,100.0000,default,17,rsu(191m),1007,34046,0.0617,191,2.0236,3,4,-80.2442,-97.2339,direct,0.0500,31.2000,-74.3801
263.4,node[20],0,5033.6351,2810.5221,1.8950,24.2071,0.0443,2.6624,-831179687#3,-71.6591,5.1386,100.0000,default,17,rsu(192m),1008,34084,0.7445,192,2.0233,7,12,-71.6591,-88.6488,direct,0.0500,31.2000,-74.3819
263.5,node[20],0,5031.4859,2809.4146,1.8950,24.1720,-0.3508,2.6657,-831179687#3,-70.0433,8.0397,100.0000,default,17,rsu(193m),1009,34123,0.9255,193,2.0158,8,14,-70.0433,-87.0330,direct,0.0500,30.8000,-74.3829
263.6,node[20],0,5029.3344,2808.3058,1.8950,24.1972,0.2519,2.6657,-831179687#3,-71.7078,6.0544,100.0000,default,17,rsu(193m),1010,34161,0.8216,193,2.0152,7,12,-71.7078,-88.6975,direct,0.0500,30.8000,-74.3850
263.7,node[20],0,5027.1731,2807.1920,1.8950,24.3078,1.1056,2.6657,-831179687#3,-67.9633,6.7549,100.0000,default,17,rsu(194m),1011,34199,0.8673,194,2.0145,7,12,-67.9633,-84.9530,direct,0.0500,30.4000,-74.3827
263.8,node[20],0,5025.0200,2806.0824,1.8950,24.2155,-0.9221,2.6657,-831179687#3,-69.0297,10.0196,100.0000,default,17,rsu(195m),1012,34237,0.9710,195,2.0197,9,16,-69.0297,-86.0194,direct,0.0500,30.4000,-74.3828
263.9,node[20],0,5022.8700,2804.9744,1.8950,24.1813,-0.3426,2.6657,-831179687#3,-68.0617,11.0968,100.0000,default,17,rsu(196m),1013,34274,0.9828,196,2.0188,10,18,-68.0617,-85.0514,direct,0.0500,30.0000,-74.3828
264,node[20],0,5020.7160,2803.8644,1.8950,24.2256,0.4436,2.6657,-831179687#3,-67.9757,9.7496,100.0000,default,17,rsu(197m),1014,34312,0.9669,197,2.0238,9,16,-67.9757,-84.9654,direct,0.0500,30.0000,-74.3815
264.1,node[20],0,5018.5683,2802.7576,1.8950,24.1547,-0.7098,2.6657,-831179687#3,-66.2274,10.7720,100.0000,default,17,rsu(198m),1015,34349,0.9799,198,2.0226,9,16,-66.2274,-83.2171,direct,0.0500,30.0000,-74.3827
264.2,node[20],0,5016.4161,2801.6485,1.8950,24.2054,0.5075,2.6657,-831179687#3,-72.7156,6.6080,100.0000,default,17,rsu(199m),1016,34387,0.8586,199,2.0144,7,12,-72.7156,-89.7053,direct,0.0500,30.0000,-74.3805
264.3,node[20],0,5014.2691,2800.5421,1.8950,24.1470,-0.5838,2.6657,-831179687#3,-66.1031,13.1274,100.0000,default,17,rsu(199m),1017,34424,0.9937,199,2.0260,11,20,-66.1031,-83.0928,direct,0.0500,30.0000,-74.3801
264.4,node[20],0,5012.1206,2799.4349,1.8950,24.1638,0.1675,2.6657,-831179687#3,-77.5828,-2.0024,100.0000,default,17,rsu(200m),1018,34462,0.0758,200,2.0184,3,4,-77.5828,-94.5725,direct,0.0500,30.0000,-74.3801
264.5,node[20],0,5009.9605,2798.3217,1.8950,24.2942,1.3037,2.6657,-831179687#3,-78.1080,-2.9878,100.0000,default,17,rsu(201m),1019,34500,0.0477,201,2.0236,3,4,-78.1080,-95.0977,direct,0.0500,30.4000,-74.3764
264.6,node[20],0,5007.8033,2797.2100,1.8950,24.2617,-0.3250,2.6657,-831179687#3,-77.2718,1.6471,100.0000,default,17,rsu(202m),1020,34538,0.3371,202,2.0156,5,8,-77.2718,-94.2615,direct,0.0500,30.4000,-74.3717
264.7,node[20],0,5005.6522,2796.1015,1.8950,24.1925,-0.6918,2.6657,-831179687#3,-74.4564,2.0884,100.0000,default,17,rsu(203m),1021,34575,0.3880,203,2.0147,5,8,-74.4564,-91.4461,direct,0.0500,30.0000,-74.3688
264.8,node[20],0,5003.5059,2794.9954,1.8950,24.1393,-0.5317,2.6657,-831179687#3,-73.7135,1.4071,100.0000,default,17,rsu(205m),1022,34612,0.3108,205,2.0136,5,8,-73.7135,-90.7032,direct,0.0500,30.0000,-74.3691
264.9,node[20],0,5001.3500,2793.8844,1.8950,24.2471,1.0778,2.6657,-831179687#3,-79.0781,-0.9731,100.0000,default,17,rsu(206m),1023,34650,0.1206,206,2.0182,4,6,-79.0781,-96.0678,direct,0.0500,30.0000,-74.3641
265,node[20],0,4999.2058,2792.7763,1.8950,24.1322,-1.1493,2.6652,:10171181455_4,-73.7281,2.6321,100.0000,default,17,rsu(207m),1024,34687,0.4541,207,2.0170,5,8,-73.7281,-90.7178,direct,0.0500,30.0000,-74.3623
265.1,node[20],0,4997.0510,2791.6614,1.8950,24.2579,1.2573,2.6644,:10171181455_4,-70.9280,8.1582,100.0000,default,17,rsu(208m),1025,34725,0.9295,208,2.0214,8,14,-70.9280,-87.9177,direct,0.0500,30.0000,-74.3589
265.2,node[20],0,4994.8920,2790.5444,1.8950,24.3051,0.4722,2.6641,:10171181455_4,-68.7107,8.7008,100.0000,default,17,rsu(209m),1026,34762,0.9453,209,2.0199,8,14,-68.7107,-85.7004,direct,0.0500,30.0000,-74.3514
265.3,node[20],0,4992.7412,2789.4317,1.8950,24.2123,-0.9285,2.6641,:10171181455_4,-71.1767,3.8218,100.0000,default,17,rsu(210m),1027,34800,0.6013,210,2.0243,6,10,-71.1767,-88.1664,direct,0.0500,30.0000,-74.3468
265.4,node[20],0,4990.5961,2788.3191,1.8950,24.1629,-0.4937,2.6637,-831179687#2,-68.3532,10.5130,100.0000,default,17,rsu(211m),1028,34838,0.9772,211,2.0204,9,16,-68.3532,-85.3429,direct,0.0500,30.0000,-74.3424
265.5,node[20],0,4988.4546,2787.2079,1.8950,24.1248,-0.3805,2.6631,-831179687#2,-68.7909,5.3453,100.0000,default,17,rsu(213m),1029,34875,0.7636,213,2.0234,7,12,-68.7909,-85.7806,direct,0.0500,30.0000,-74.3380
265.6,node[20],0,4986.3127,2786.0965,1.8950,24.1293,0.0445,2.6629,-831179687#2,-74.2516,4.7712,100.0000,default,17,rsu(214m),1030,34913,0.7080,214,2.0193,6,10,-74.2516,-91.2413,direct,0.0500,30.0000,-74.3354
265.7,node[20],0,4984.1573,2784.9781,1.8950,24.2819,1.5266,2.6629,-831179687#2,-71.9765,6.7563,100.0000,default,17,rsu(215m),1031,34950,0.8674,215,2.0221,7,12,-71.9765,-88.9662,direct,0.0500,30.0000,-74.3276
265.8,node[20],0,4982.0089,2783.8633,1.8950,24.2035,-0.7847,2.6629,-831179687#2,-68.7641,10.5040,100.0000,default,17,rsu(216m),1032,34987,0.9771,216,2.0248,9,16,-68.7641,-85.7538,direct,0.0500,30.0000,-74.3205
265.9,node[20],0,4979.8605,2782.7485,1.8950,24.2027,-0.0080,2.6629,-831179687#2,-67.8062,6.3658,100.0000,default,17,rsu(218m),1033,35024,0.8433,218,2.0163,7,12,-67.8062,-84.7959,direct,0.0500,29.6000,-74.3122
266,node[20],0,4977.7090,2781.6321,1.8950,24.2376,0.3491,2.6629,-831179687#2,-72.4060,1.7408,100.0000,default,17,rsu(219m),1034,35062,0.3476,219,2.0264,5,8,-72.4060,-89.3957,direct,0.0500,29.6000,-74.3027
266.1,node[20],0,4975.5609,2780.5175,1.8950,24.1992,-0.3841,2.6629,-831179687#2,-71.9651,5.9396,100.0000,default,17,rsu(220m),1035,35099,0.8130,220,2.0174,7,12,-71.9651,-88.9548,direct,0.0500,30.0000,-74.2931
266.2,node[20],0,4973.4181,2779.4056,1.8950,24.1400,-0.5915,2.6629,-831179687#2,-70.4979,5.6331,100.0000,default,17,rsu(222m),1036,35136,0.7886,222,2.0214,7,12,-70.4979,-87.4876,direct,0.0500,30.0000,-74.2845
266.3,node[20],0,4971.2721,2778.2920,1.8950,24.1763,0.3626,2.6629,-831179687#2,-69.8068,9.0067,100.0000,default,17,rsu(223m),1037,35174,0.9527,223,2.0179,9,16,-69.8068,-86.7965,direct,0.0500,30.0000,-74.2760
266.4,node[20],0,4969.1177,2777.1741,1.8950,24.2700,0.9375,2.6629,-831179687#2,-81.7079,-5.0000,100.0000,default,17,rsu(224m),1038,35212,0.0180,224,2.0142,2,2,-81.7079,-98.6976,direct,0.0500,30.0000,-74.2642
266.5,node[20],0,4966.9632,2776.0562,1.8950,24.2716,0.0161,2.6629,-831179687#2,-80.2225,-1.9033,100.0000,default,17,rsu(226m),1039,35250,0.0793,226,2.0239,3,4,-80.2225,-97.2122,direct,0.0500,30.4000,-74.2499
266.6,node[20],0,4964.8202,2774.9442,1.8950,24.1426,-1.2908,2.6629,-831179687#2,-70.7507,3.0052,100.0000,default,17,rsu(227m),1040,35287,0.5007,227,2.0145,6,10,-70.7507,-87.7404,direct,0.0500,30.4000,-74.2397
266.7,node[20],0,4962.6684,2773.8276,1.8950,24.2410,0.9844,2.6629,-831179687#2,-65.8219,10.3458,100.0000,default,17,rsu(229m),1041,35325,0.9752,229,2.0241,9,16,-65.8219,-82.8116,direct,0.0500,30.0000,-74.2245
266.8,node[20],0,4960.5244,2772.7151,1.8950,24.1537,-0.8734,2.6629,-831179687#2,-72.5575,6.1184,100.0000,default,17,rsu(230m),1042,35363,0.8262,230,2.0162,7,12,-72.5575,-89.5472,direct,0.0500,30.0000,-74.2109
266.9,node[20],0,4958.3715,2771.5980,1.8950,24.2527,0.9900,2.6629,-831179687#2,-69.1503,8.6346,100.0000,default,17,rsu(232m),1043,35400,0.9436,232,2.0153,8,14,-69.1503,-86.1400,direct,0.0500,30.0000,-74.1857
267,node[20],0,4956.2537,2770.4991,1.8950,23.8585,-3.9413,2.6629,-831179687#2,-73.7702,2.8587,100.0000,default,17,rsu(233m),1044,35437,0.4823,233,2.0142,5,8,-73.7702,-90.7599,direct,0.0500,30.0000,-74.1593
267.1,node[20],0,4954.1594,2769.4124,1.8950,23.5934,-2.6512,2.6629,-831179687#2,-71.7953,6.3016,100.0000,default,17,rsu(235m),1045,35475,0.8390,235,2.0185,7,12,-71.7953,-88.7850,direct,0.0500,30.0000,-74.1279
267.2,node[20],0,4952.1011,2768.3472,1.8950,23.1777,-4.1571,2.6635,:8595588916_5,-78.1894,0.3831,100.0000,default,17,rsu(236m),1046,35512,0.2127,236,2.0172,4,6,-78.1894,-95.1791,direct,0.0500,30.0000,-74.0953
267.3,node[20],0,4950.0775,2767.3039,1.8950,22.7734,-4.0432,2.6647,:8595588916_5,-76.7974,-1.4094,100.0000,default,17,rsu(237m),1047,35550,0.0993,237,2.0219,3,4,-76.7974,-93.7871,direct,0.0500,30.0000,-74.0608
267.4,node[20],0,4948.0835,2766.2759,1.8950,22.4401,-3.3323,2.6656,:8595588916_5,-73.8876,3.6281,100.0000,default,17,rsu(239m),1048,35588,0.5779,239,2.0259,6,10,-73.8876,-90.8773,direct,0.0500,30.0000,-74.0226
267.5,node[20],0,4946.1276,2765.2676,1.8950,22.0113,-4.2887,2.6656,:8595588916_5,-79.7010,-2.1840,100.0000,default,17,rsu(240m),1049,35625,0.0697,240,2.0243,3,4,-79.7010,-96.6907,direct,0.0500,30.0000,-73.9834
267.6,node[20],0,4944.1995,2764.2735,1.8950,21.6982,-3.1306,2.6656,:8595588916_5,-74.1092,3.5687,100.0000,default,17,rsu(242m),1050,35662,0.5706,242,2.0227,6,10,-74.1092,-91.0989,direct,0.0500,30.0000,-73.9398
267.7,node[20],0,4942.3020,2763.2979,1.8950,21.3401,-3.5812,2.6661,-831179687#1,-76.7517,1.6190,100.0000,default,17,rsu(243m),1051,35700,0.3339,243,2.0140,5,8,-76.7517,-93.7414,direct,0.0500,30.0000,-73.8928
267.8,node[20],0,4940.4372,2762.3437,1.8950,20.9469,-3.9317,2.6673,-831179687#1,-75.6469,-0.3796,100.0000,default,17,rsu(245m),1052,35738,0.1558,245,2.0182,4,6,-75.6469,-92.6366,direct,0.0500,30.0000,-73.8432
267.9,node[20],0,4938.6080,2761.4077,1.8950,20.5476,-3.9935,2.6686,-831179687#1,-69.2762,9.5658,100.0000,default,17,rsu(246m),1053,35776,0.9638,246,2.0230,9,16,-69.2762,-86.2659,direct,0.0500,30.4000,-73.7912
268,node[20],0,4936.8092,2760.4872,1.8950,20.2061,-3.4145,2.6686,-831179687#1,-72.8226,4.0313,100.0000,default,17,rsu(247m),1054,35813,0.6261,247,2.0217,6,10,-72.8226,-89.8123,direct,0.0500,30.4000,-73.7353
268.1,node[20],0,4935.0423,2759.5830,1.8950,19.8476,-3.5850,2.6686,-831179687#1,-79.1102,-2.1628,100.0000,default,17,rsu(249m),1055,35851,0.0703,249,2.0264,3,4,-79.1102,-96.0999,direct,0.0500,30.0000,-73.6760
268.2,node[20],0,4933.3076,2758.6954,1.8950,19.4857,-3.6191,2.6686,-831179687#1,-76.3695,-2.5626,100.0000,default,17,rsu(250m),1056,35889,0.0583,250,2.0173,3,4,-76.3695,-93.3592,direct,0.0500,30.0000,-73.6133
268.3,node[20],0,4931.6043,2757.8238,1.8950,19.1332,-3.5254,2.6686,-831179687#1,-73.4099,5.6840,100.0000,default,17,rsu(251m),1057,35926,0.7928,251,2.0158,7,12,-73.4099,-90.3996,direct,0.0500,30.0000,-73.5469
268.4,node[20],0,4929.9411,2756.9727,1.8950,18.6832,-4.5000,2.6686,-831179687#1,-79.1685,-0.6046,100.0000,default,17,rsu(252m),1058,35964,0.1416,252,2.0203,4,6,-79.1685,-96.1582,direct,0.0500,30.0000,-73.4790
268.5,node[20],0,4928.3056,2756.1358,1.8950,18.3720,-3.1115,2.6686,-831179687#1,-73.9502,4.7161,100.0000,default,17,rsu(254m),1059,36002,0.7023,254,2.0240,6,10,-73.9502,-90.9399,direct,0.0500,30.4000,-73.4060
268.6,node[20],0,4926.7100,2755.3193,1.8950,17.9234,-4.4856,2.6686,-831179687#1,-74.3894,4.6520,100.0000,default,17,rsu(255m),1060,36039,0.6955,255,2.0224,6,10,-74.3894,-91.3791,direct,0.0500,30.4000,-73.3313
268.7,node[20],0,4925.1425,2754.5172,1.8950,17.6071,-3.1638,2.6686,-831179687#1,-73.0223,4.9402,100.0000,default,17,rsu(256m),1061,36077,0.7251,256,2.0137,6,10,-73.0223,-90.0120,direct,0.0500,30.0000,-73.2519
268.8,node[20],0,4923.6087,2753.7323,1.8950,17.2297,-3.7734,2.6686,-831179687#1,-70.2238,7.3233,100.0000,default,17,rsu(257m),1062,36115,0.8968,257,2.0180,8,14,-70.2238,-87.2135,direct,0.0500,30.0000,-73.1692
268.9,node[20],0,4922.1039,2752.9623,1.8950,16.9029,-3.2682,2.6686,-831179687#1,-75.4918,0.8057,100.0000,default,17,rsu(259m),1063,36152,0.2503,259,2.0162,4,6,-75.4918,-92.4815,direct,0.0500,30.0000,-73.0819
269,node[20],0,4920.6327,2752.2094,1.8950,16.5268,-3.7606,2.6686,-831179687#1,-86.4077,-5.0000,100.0000,default,17,rsu(260m),1064,36189,0.0180,260,2.0144,2,2,-86.4077,-103.3974,direct,0.0500,30.0000,-72.9911
269.1,node[20],0,4919.1971,2751.4748,1.8950,16.1263,-4.0050,2.6686,-831179687#1,-69.4951,8.1140,100.0000,default,17,rsu(261m),1065,36227,0.9280,261,2.0176,8,14,-69.4951,-86.4848,direct,0.0500,30.0000,-72.8978
269.2,node[20],0,4917.7847,2750.7521,1.8950,15.8652,-2.6119,2.6686,-831179687#1,-67.8901,10.1624,100.0000,default,17,rsu(262m),1066,36265,0.9729,262,2.0208,9,16,-67.8901,-84.8798,direct,0.0500,30.0000,-72.7986
269.3,node[20],0,4916.4103,2750.0488,1.8950,15.4389,-4.2623,2.6686,-831179687#1,-71.5786,7.7161,100.0000,default,17,rsu(263m),1067,36302,0.9136,263,2.0248,8,14,-71.5786,-88.5683,direct,0.0500,30.0000,-72.6970
269.4,node[20],0,4915.0611,2749.3584,1.8950,15.1555,-2.8337,2.6686,-831179687#1,-72.8938,4.0430,100.0000,default,17,rsu(264m),1068,36339,0.6275,264,2.0158,6,10,-72.8938,-89.8835,direct,0.0500,30.0000,-72.5896
269.5,node[20],0,4913.7507,2748.6878,1.8950,14.7196,-4.3598,2.6686,-831179687#1,-69.4362,7.5280,100.0000,default,17,rsu(265m),1069,36376,0.9059,265,2.0219,8,14,-69.4362,-86.4259,direct,0.0500,29.6000,-72.4801
269.6,node[20],0,4912.4702,2748.0326,1.8950,14.3836,-3.3592,2.6686,-831179687#1,-74.6891,4.2006,100.0000,default,16,rsu(266m),1070,36413,0.6457,266,2.0150,6,10,-74.6891,-91.6788,direct,0.0500,29.6000,-72.3665
269.7,node[20],0,4911.2202,2747.3930,1.8950,14.0413,-3.4231,2.6686,-831179687#1,-78.8547,0.1624,100.0000,default,16,rsu(267m),1071,36450,0.1949,267,2.0210,4,6,-78.8547,-95.8444,direct,0.0500,29.6000,-72.2480
269.8,node[20],0,4909.9978,2746.7674,1.8950,13.7313,-3.1008,2.6686,-831179687#1,-69.4190,9.7091,100.0000,default,16,rsu(268m),1072,36486,0.9663,268,2.0209,9,16,-69.4190,-86.4087,direct,0.0500,29.6000,-72.1242
269.9,node[20],0,4908.8046,2746.1569,1.8950,13.4034,-3.2781,2.6686,-831179687#1,-84.9675,-5.0000,100.0000,default,16,rsu(269m),1073,36522,0.0180,269,2.0207,2,2,-84.9675,-101.9572,direct,0.0500,28.8000,-71.9955
270,node[20],0,4907.6473,2745.5647,1.8950,12.9997,-4.0378,2.6686,-831179687#1,-83.0917,-5.0000,100.0000,default,16,rsu(270m),1074,36557,0.0180,270,2.0205,2,2,-83.0917,-100.0814,direct,0.0500,28.8000,-71.8641
270.1,node[20],0,4906.5229,2744.9893,1.8950,12.6309,-3.6875,2.6686,-831179687#1,-74.0676,5.2120,100.0000,default,16,rsu(271m),1075,36593,0.7514,271,2.0262,7,12,-74.0676,-91.0573,direct,0.0500,28.4000,-71.7290
270.2,node[20],0,4905.4194,2744.4246,1.8950,12.3960,-2.3488,2.6686,-831179687#1,-70.1327,5.0220,100.0000,default,16,rsu(272m),1076,36628,0.7332,272,2.0259,7,12,-70.1327,-87.1224,direct,0.0500,28.4000,-71.5868
270.3,node[20],0,4904.3501,2743.8774,1.8950,12.0106,-3.8547,2.6686,-831179687#1,-70.9396,6.9141,100.0000,default,16,rsu(273m),1077,36663,0.8762,273,2.0255,7,12,-70.9396,-87.9293,direct,0.0500,28.0000,-71.4417
270.4,node[20],0,4903.3164,2743.3485,1.8950,11.6119,-3.9862,2.6686,-831179687#1,-75.3664,-1.4749,100.0000,default,16,rsu(274m),1078,36699,0.0964,274,2.0169,3,4,-75.3664,-92.3561,direct,0.0500,28.0000,-71.2942
270.5,node[20],0,4902.3128,2742.8346,1.8950,11.2765,-3.3540,2.6686,:8595603478_0,-72.6843,6.1219,100.0000,default,16,rsu(275m),1079,36735,0.8265,275,2.0213,7,12,-72.6843,-89.6740,direct,0.0500,28.8000,-71.1426
270.6,node[20],0,4901.3299,2742.3297,1.8950,11.0619,-2.1466,2.6682,:8595603478_0,-74.0128,5.1243,100.0000,default,16,rsu(275m),1080,36771,0.7431,275,2.0137,7,12,-74.0128,-91.0025,direct,0.0500,28.8000,-70.9839
270.7,node[20],0,4900.3860,2741.8448,1.8950,10.6229,-4.3898,2.6679,:8595603478_0,-78.3857,0.1888,100.0000,default,16,rsu(276m),1081,36806,0.1969,276,2.0261,4,6,-78.3857,-95.3754,direct,0.0500,28.4000,-70.8242
270.8,node[20],0,4899.4618,2741.3700,1.8950,10.4014,-2.2155,2.6675,:8595603478_0,-72.9642,6.1965,100.0000,default,16,rsu(277m),1082,36841,0.8318,277,2.0254,7,12,-72.9642,-89.9539,direct,0.0500,28.4000,-70.6569
270.9,node[20],0,4898.5708,2740.9122,1.8950,10.0282,-3.7312,2.6672,:8595603478_0,-82.3772,-3.8128,100.0000,default,16,rsu(278m),1083,36876,0.0321,278,2.0246,2,2,-82.3772,-99.3669,direct,0.0500,28.0000,-70.4867
271,node[20],0,4897.7052,2740.4675,1.8950,9.7421,-2.8615,2.6670,:8595603478_0,-81.5652,-3.1319,100.0000,default,16,rsu(278m),1084,36912,0.0445,278,2.0168,2,2,-81.5652,-98.5549,direct,0.0500,28.0000,-70.3098
271.1,node[20],0,4896.8648,2740.0358,1.8950,9.4575,-2.8457,2.6670,:8595603478_0,-71.0770,5.9954,100.0000,default,16,rsu(279m),1085,36948,0.8172,279,2.0219,7,12,-71.0770,-88.0667,direct,0.0500,28.8000,-70.1254
271.2,node[20],0,4896.0583,2739.6215,1.8950,9.0770,-3.8054,2.6670,:8595603478_0,-72.8076,2.6967,100.0000,default,16,rsu(280m),1086,36984,0.4622,280,2.0140,5,8,-72.8076,-89.7973,direct,0.0500,28.8000,-69.9380
271.3,node[20],0,4895.2817,2739.2225,1.8950,8.7401,-3.3693,2.6670,:8595603478_0,-74.2239,-0.4128,100.0000,default,16,rsu(281m),1087,37020,0.1536,281,2.0177,4,6,-74.2239,-91.2136,direct,0.0500,28.8000,-69.7460
271.4,node[20],0,4894.5281,2738.8353,1.8950,8.4818,-2.5821,2.6670,:8595603478_0,-80.1470,-2.8796,100.0000,default,16,rsu(281m),1088,37055,0.0502,281,2.0167,3,4,-80.1470,-97.1367,direct,0.0500,28.8000,-69.5467
271.5,node[20],0,4893.8014,2738.4616,1.8950,8.1762,-3.0563,2.6669,-831179687#0,-71.4154,2.8777,100.0000,default,16,rsu(282m),1089,37091,0.4847,282,2.0204,5,8,-71.4154,-88.4051,direct,0.0500,28.4000,-69.3414
271.6,node[20],0,4893.1018,2738.1012,1.8950,7.8677,-3.0855,2.6668,-831179687#0,-73.6235,3.8906,100.0000,default,16,rsu(282m),1090,37127,0.6095,282,2.0252,6,10,-73.6235,-90.6132,direct,0.0500,28.4000,-69.1299
271.7,node[20],0,4892.4230,2737.7515,1.8950,7.6334,-2.3426,2.6666,-831179687#0,-86.4303,-5.0000,100.0000,default,16,rsu(283m),1091,37162,0.0180,283,2.0158,2,2,-86.4303,-103.4200,direct,0.0500,28.4000,-68.9095
271.8,node[20],0,4891.7777,2737.4191,1.8950,7.2567,-3.7675,2.6664,-831179687#0,-78.4997,-0.1531,100.0000,default,16,rsu(284m),1092,37196,0.1713,284,2.0145,4,6,-78.4997,-95.4894,direct,0.0500,28.4000,-68.6851
271.9,node[20],0,4891.1532,2737.0974,1.8950,7.0226,-2.3402,2.6663,-831179687#0,-75.6863,3.6139,100.0000,default,16,rsu(284m),1093,37231,0.5761,284,2.0193,6,10,-75.6863,-92.6760,direct,0.0500,27.6000,-68.4511
272,node[20],0,4890.5556,2736.7895,1.8950,6.7213,-3.0134,2.6661,-831179687#0,-68.4341,8.0743,100.0000,default,16,rsu(285m),1094,37265,0.9267,285,2.0180,8,14,-68.4341,-85.4238,direct,0.0500,27.6000,-68.2093
272.1,node[20],0,4889.9866,2736.4964,1.8950,6.3982,-3.2314,2.6660,-831179687#0,-71.6857,6.1421,100.0000,default,16,rsu(285m),1095,37300,0.8279,285,2.0226,7,12,-71.6857,-88.6754,direct,0.0500,27.6000,-67.9609
272.2,node[20],0,4889.4374,2736.2135,1.8950,6.1762,-2.2192,2.6659,-831179687#0,-72.8677,6.2046,100.0000,default,16,rsu(286m),1096,37335,0.8323,286,2.0142,7,12,-72.8677,-89.8574,direct,0.0500,27.6000,-67.6957
272.3,node[20],0,4888.9105,2735.9421,1.8950,5.9257,-2.5050,2.6659,-831179687#0,-70.3239,6.0760,100.0000,default,16,rsu(286m),1097,37368,0.8232,286,2.0258,7,12,-70.3239,-87.3136,direct,0.0500,27.2000,-67.4258
272.4,node[20],0,4888.4022,2735.6802,1.8950,5.7160,-2.0974,2.6659,-831179687#0,-75.0436,2.9440,100.0000,default,16,rsu(286m),1098,37401,0.4930,286,2.0243,5,8,-75.0436,-92.0333,direct,0.0500,27.2000,-67.1569
272.5,node[20],0,4887.9245,2735.4341,1.8950,5.3722,-3.4378,2.6659,-831179687#0,-73.5942,4.1666,100.0000,default,16,rsu(287m),1099,37434,0.6418,287,2.0228,6,10,-73.5942,-90.5839,direct,0.0500,26.4000,-66.8963
272.6,node[20],0,4887.4637,2735.1967,1.8950,5.1825,-1.8974,2.6659,-831179687#0,-87.2620,-5.0000,100.0000,default,16,rsu(287m),1100,37468,0.0180,287,2.0258,2,2,-87.2620,-104.2517,direct,0.0500,26.4000,-66.6374
272.7,node[20],0,4887.0305,2734.9736,1.8950,4.8713,-3.1116,2.6659,-831179687#0,-71.0262,3.7456,100.0000,default,16,rsu(288m),1101,37502,0.5921,288,2.0172,6,10,-71.0262,-88.0159,direct,0.0500,27.2000,-66.3873
272.8,node[20],0,4886.6156,2734.7599,1.8950,4.6658,-2.0549,2.6659,-831179687#0,-78.1702,-1.3254,100.0000,default,16,rsu(288m),1102,37536,0.1032,288,2.0216,3,4,-78.1702,-95.1599,direct,0.0500,27.2000,-66.1416
272.9,node[20],0,4886.2242,2734.5582,1.8950,4.4017,-2.6411,2.6659,-831179687#0,-75.1218,0.1392,100.0000,default,16,rsu(288m),1103,37569,0.1930,288,2.0199,4,6,-75.1218,-92.1115,direct,0.0500,26.8000,-65.9044
273,node[20],0,4885.8473,2734.3640,1.8950,4.2390,-1.6269,2.6659,-831179687#0,-72.4970,6.3663,100.0000,default,16,rsu(289m),1104,37602,0.8433,289,2.0181,7,12,-72.4970,-89.4867,direct,0.0500,26.8000,-65.6732
273.1,node[20],0,4885.4915,2734.1808,1.8950,4.0002,-2.3879,2.6659,-831179687#0,-81.2726,-1.9047,100.0000,default,16,rsu(289m),1105,37635,0.0793,289,2.0164,3,4,-81.2726,-98.2623,direct,0.0500,26.4000,-65.4518
273.2,node[20],0,4885.1617,2734.0109,1.8950,3.7088,-2.9138,2.6659,-831179687#0,-70.4992,7.4815,100.0000,default,16,rsu(289m),1106,37669,0.9039,289,2.0206,8,14,-70.4992,-87.4889,direct,0.0500,26.4000,-65.2435
273.3,node[20],0,4884.8449,2733.8477,1.8950,3.5634,-1.4540,2.6659,-831179687#0,-70.7291,3.3997,100.0000,default,16,rsu(290m),1107,37702,0.5498,290,2.0187,6,10,-70.7291,-87.7188,direct,0.0500,26.8000,-65.0404
273.4,node[20],0,4884.5475,2733.6945,1.8950,3.3445,-2.1896,2.6659,-831179687#0,-69.6471,7.1842,100.0000,default,16,rsu(290m),1108,37736,0.8901,290,2.0228,8,14,-69.6471,-86.6368,direct,0.0500,26.8000,-64.8478
273.5,node[20],0,4884.2686,2733.5508,1.8950,3.1366,-2.0787,2.6659,-831179687#0,-70.7316,3.3059,100.0000,default,16,rsu(290m),1109,37769,0.5382,290,2.0209,6,10,-70.7316,-87.7213,direct,0.0500,26.8000,-64.6659
273.6,node[20],0,4884.0102,2733.4177,1.8950,2.9056,-2.3101,2.6659,-831179687#0,-68.6833,9.4187,100.0000,default,16,rsu(290m),1110,37803,0.9612,290,2.0249,9,16,-68.6833,-85.6730,direct,0.0500,26.8000,-64.4966
273.7,node[20],0,4883.7693,2733.2936,1.8950,2.7089,-1.9669,2.6659,-831179687#0,-72.1996,5.6884,100.0000,default,16,rsu(290m),1111,37837,0.7932,290,2.0159,7,12,-72.1996,-89.1893,direct,0.0500,27.2000,-64.3387
273.8,node[20],0,4883.5375,2733.1742,1.8950,2.6067,-1.0224,2.6659,-831179687#0,-82.9402,-4.0982,100.0000,default,16,rsu(291m),1112,37871,0.0279,291,2.0183,2,2,-82.9402,-99.9299,direct,0.0500,27.2000,-64.1935
273.9,node[20],0,4883.3203,2733.0623,1.8950,2.4430,-1.6370,2.6659,-831179687#0,-71.7767,7.1087,100.0000,default,16,rsu(291m),1113,37904,0.8864,291,2.0162,8,14,-71.7767,-88.7664,direct,0.0500,26.8000,-64.0562
274,node[20],0,4883.1243,2732.9613,1.8950,2.2036,-2.3938,2.6659,-831179687#0,-74.3542,-0.4312,100.0000,default,16,rsu(291m),1114,37938,0.1524,291,2.0185,4,6,-74.3542,-91.3439,direct,0.0500,26.8000,-63.9329
274.1,node[20],0,4882.9368,2732.8647,1.8950,2.1086,-0.9500,2.6659,-831179687#0,-79.3862,-2.0803,100.0000,default,16,rsu(291m),1115,37971,0.0731,291,2.0163,3,4,-79.3862,-96.3759,direct,0.0500,26.8000,-63.8124
274.2,node[20],0,4882.7639,2732.7757,1.8950,1.9445,-1.6404,2.6659,-831179687#0,-74.4905,1.0932,100.0000,default,16,rsu(291m),1116,38004,0.2782,291,2.0141,5,8,-74.4905,-91.4802,direct,0.0500,26.8000,-63.7004
274.3,node[20],0,4882.6029,2732.6927,1.8950,1.8108,-1.3370,2.6659,-831179687#0,-73.9174,4.0911,100.0000,default,16,rsu(291m),1117,38038,0.6331,291,2.0187,6,10,-73.9174,-90.9071,direct,0.0500,26.8000,-63.5942
274.4,node[20],0,4882.4523,2732.6151,1.8950,1.6939,-1.1692,2.6659,-831179687#0,-79.2556,-4.0505,100.0000,default,16,rsu(292m),1118,38071,0.0286,292,2.0173,2,2,-79.2556,-96.2453,direct,0.0500,26.8000,-63.4932
274.5,node[20],0,4882.3149,2732.5443,1.8950,1.5451,-1.4880,2.6659,-831179687#0,-78.4806,0.3601,100.0000,default,16,rsu(292m),1119,38104,0.2108,292,2.0159,4,6,-78.4806,-95.4703,direct,0.0500,26.4000,-63.4008
274.6,node[20],0,4882.1887,2732.4793,1.8950,1.4196,-1.2553,2.6659,-831179687#0,-75.4631,-0.7862,100.0000,default,16,rsu(292m),1120,38137,0.1309,292,2.0145,4,6,-75.4631,-92.4528,direct,0.0500,26.4000,-63.3160
274.7,node[20],0,4882.0666,2732.4164,1.8950,1.3731,-0.4646,2.6659,-831179687#0,-71.4229,4.0019,100.0000,default,16,rsu(292m),1121,38171,0.6227,292,2.0174,6,10,-71.4229,-88.4126,direct,0.0500,26.8000,-63.2306
274.8,node[20],0,4881.9584,2732.3607,1.8950,1.2158,-1.5733,2.6659,-831179687#0,-76.4297,-1.2362,100.0000,default,16,rsu(292m),1122,38205,0.1073,292,2.0218,3,4,-76.4297,-93.4194,direct,0.0500,26.8000,-63.1546
274.9,node[20],0,4881.8602,2732.3101,1.8950,1.1049,-1.1091,2.6659,-831179687#0,-71.5544,4.6498,100.0000,default,16,rsu(292m),1123,38239,0.6953,292,2.0262,6,10,-71.5544,-88.5441,direct,0.0500,27.2000,-63.0843
275,node[20],0,4881.7691,2732.2632,1.8950,1.0247,-0.8023,2.6659,-831179687#0,-75.0732,3.4112,100.0000,default,16,rsu(292m),1124,38273,0.5512,292,2.0176,6,10,-75.0732,-92.0629,direct,0.0500,27.2000,-63.0175
275.1,node[20],0,4881.6822,2732.2184,1.8950,0.9766,-0.4809,2.6659,-831179687#0,-74.2904,4.3650,100.0000,default,16,rsu(292m),1125,38307,0.6643,292,2.0203,6,10,-74.2904,-91.2801,direct,0.0500,27.2000,-62.9514
275.2,node[20],0,4881.6055,2732.1789,1.8950,0.8628,-1.1374,2.6659,-831179687#0,-71.7136,2.3004,100.0000,default,16,rsu(292m),1126,38341,0.4134,292,2.0246,5,8,-71.7136,-88.7033,direct,0.0500,27.2000,-62.8929
275.3,node[20],0,4881.5351,2732.1426,1.8950,0.7916,-0.7118,2.6659,-831179687#0,-76.9388,-2.3293,100.0000,default,16,rsu(292m),1127,38374,0.0651,292,2.0228,3,4,-76.9388,-93.9285,direct,0.0500,26.8000,-62.8383
275.4,node[20],0,4881.4713,2732.1098,1.8950,0.7178,-0.7381,2.6659,-831179687#0,-74.3354,-0.4855,100.0000,default,16,rsu(292m),1128,38408,0.1490,292,2.0140,4,6,-74.3354,-91.3251,direct,0.0500,26.8000,-62.7882
275.5,node[20],0,4881.4117,2732.0791,1.8950,0.6698,-0.4805,2.6659,-831179687#0,-75.9582,-1.2143,100.0000,default,16,rsu(292m),1129,38442,0.1084,292,2.0165,3,4,-75.9582,-92.9479,direct,0.0500,27.2000,-62.7403
275.6,node[20],0,4881.3564,2732.0506,1.8950,0.6223,-0.4745,2.6659,-831179687#0,-75.5574,3.2560,100.0000,default,16,rsu(293m),1130,38475,0.5320,293,2.0146,6,10,-75.5574,-92.5471,direct,0.0500,27.2000,-62.6948
275.7,node[20],0,4881.3072,2732.0252,1.8950,0.5532,-0.6917,2.6659,-831179687#0,-85.6348,-5.0000,100.0000,default,16,rsu(293m),1131,38508,0.0180,293,2.0256,2,2,-85.6348,-102.6245,direct,0.0500,26.4000,-62.6543
275.8,node[20],0,4881.2623,2732.0021,1.8950,0.5047,-0.4847,2.6659,-831179687#0,-78.4200,-4.2840,100.0000,default,16,rsu(293m),1132,38542,0.0255,293,2.0149,2,2,-78.4200,-95.4097,direct,0.0500,26.4000,-62.6170
275.9,node[20],0,4881.2205,2731.9806,1.8950,0.4702,-0.3452,2.6659,-831179687#0,-74.9413,3.7579,100.0000,default,16,rsu(293m),1133,38576,0.5936,293,2.0172,6,10,-74.9413,-91.9310,direct,0.0500,27.2000,-62.5815
276,node[20],0,4881.1840,2731.9618,1.8950,0.4103,-0.5993,2.6659,-831179687#0,-76.1474,-1.3037,100.0000,default,16,rsu(293m),1134,38610,0.1042,293,2.0210,3,4,-76.1474,-93.1371,direct,0.0500,27.2000,-62.5507
276.1,node[20],0,4881.1497,2731.9441,1.8950,0.3863,-0.2394,2.6659,-831179687#0,-75.9061,3.0417,100.0000,default,16,rsu(293m),1135,38643,0.5052,293,2.0146,6,10,-75.9061,-92.8958,direct,0.0500,26.8000,-62.5211
276.2,node[20],0,4881.1199,2731.9287,1.8950,0.3352,-0.5111,2.6659,-831179687#0,-73.3221,5.9246,100.0000,default,16,rsu(293m),1136,38677,0.8119,293,2.0142,7,12,-73.3221,-90.3118,direct,0.0500,26.8000,-62.4957
276.3,node[20],0,4881.0932,2731.9150,1.8950,0.3004,-0.3475,2.6659,-831179687#0,-69.2368,7.5590,100.0000,default,16,rsu(293m),1137,38711,0.9072,293,2.0137,8,14,-69.2368,-86.2265,direct,0.0500,27.2000,-62.4730
276.4,node[20],0,4881.0690,2731.9025,1.8950,0.2717,-0.2873,2.6659,-831179687#0,-73.0791,5.1162,100.0000,default,16,rsu(293m),1138,38745,0.7423,293,2.0262,7,12,-73.0791,-90.0688,direct,0.0500,27.2000,-62.4523
276.5,node[20],0,4881.0463,2731.8908,1.8950,0.2549,-0.1677,2.6659,-831179687#0,-82.8617,-5.0000,100.0000,default,16,rsu(293m),1139,38778,0.0180,293,2.0196,2,2,-82.8617,-99.8514,direct,0.0500,26.8000,-62.4325
276.6,node[20],0,4881.0265,2731.8806,1.8950,0.2224,-0.3250,2.6659,-831179687#0,-78.2112,1.0563,100.0000,default,16,rsu(293m),1140,38811,0.2745,293,2.0260,5,8,-78.2112,-95.2009,direct,0.0500,26.8000,-62.4153
276.7,node[20],0,4881.0083,2731.8712,1.8950,0.2057,-0.1676,2.6659,-831179687#0,-76.5113,-0.3866,100.0000,default,16,rsu(293m),1141,38845,0.1553,293,2.0254,4,6,-76.5113,-93.5010,direct,0.0500,26.8000,-62.3992
276.8,node[20],0,4880.9920,2731.8629,1.8950,0.1823,-0.2336,2.6659,-831179687#0,-79.3410,-4.3211,100.0000,default,16,rsu(293m),1142,38879,0.0251,293,2.0247,2,2,-79.3410,-96.3307,direct,0.0500,26.8000,-62.3849
276.9,node[20],0,4880.9771,2731.8552,1.8950,0.1684,-0.1394,2.6659,-831179687#0,-69.4075,8.4042,100.0000,default,16,rsu(293m),1143,38913,0.9372,293,2.0239,8,14,-69.4075,-86.3972,direct,0.0500,27.2000,-62.3715
277,node[20],0,4880.9635,2731.8482,1.8950,0.1527,-0.1564,2.6659,-831179687#0,-75.3482,3.7242,100.0000,default,16,rsu(293m),1144,38946,0.5895,293,2.0171,6,10,-75.3482,-92.3379,direct,0.0500,27.2000,-62.3592
277.1,node[20],0,4880.9512,2731.8418,1.8950,0.1384,-0.1432,2.6659,-831179687#0,-74.1673,4.6251,100.0000,default,16,rsu(293m),1145,38980,0.6926,293,2.0146,6,10,-74.1673,-91.1570,direct,0.0500,26.8000,-62.3480
277.2,node[20],0,4880.9406,2731.8364,1.8950,0.1187,-0.1971,2.6659,-831179687#0,-72.2217,4.4406,100.0000,default,16,rsu(293m),1146,39014,0.6727,293,2.0137,6,10,-72.2217,-89.2114,direct,0.0500,26.8000,-62.3384
277.3,node[20],0,4880.9309,2731.8314,1.8950,0.1092,-0.0955,2.6659,-831179687#0,-73.9166,3.3073,100.0000,default,16,rsu(293m),1147,39048,0.5383,293,2.0257,6,10,-73.9166,-90.9063,direct,0.0500,27.2000,-62.3293
277.4,node[20],0,4880.9220,2731.8268,1.8950,0.1003,-0.0883,2.6659,-831179687#0,-75.4274,0.4259,100.0000,default,16,rsu(293m),1148,39081,0.2164,293,2.0188,4,6,-75.4274,-92.4171,direct,0.0500,27.2000,-62.3208
277.5,node[20],0,4880.9142,2731.8228,1.8950,0.0879,-0.1243,2.6659,-831179687#0,-75.9424,-0.2639,100.0000,default,16,rsu(293m),1149,39115,0.1636,293,2.0177,4,6,-75.9424,-92.9321,direct,0.0500,26.8000,-62.3132
277.6,node[20],0,4880.9071,2731.8191,1.8950,0.0793,-0.0863,2.6659,-831179687#0,-74.9361,1.1518,100.0000,default,16,rsu(293m),1150,39149,0.2841,293,2.0166,5,8,-74.9361,-91.9258,direct,0.0500,26.8000,-62.3061
277.7,node[20],0,4880.9005,2731.8157,1.8950,0.0747,-0.0456,2.6659,-831179687#0,-78.5034,-1.3965,100.0000,default,16,rsu(293m),1151,39183,0.0999,293,2.0155,3,4,-78.5034,-95.4931,direct,0.0500,27.2000,-62.2992
277.8,node[20],0,4880.8945,2731.8126,1.8950,0.0676,-0.0711,2.6659,-831179687#0,-73.7322,4.9839,100.0000,default,16,rsu(293m),1152,39217,0.7295,293,2.0256,6,10,-73.7322,-90.7219,direct,0.0500,27.2000,-62.2927
277.9,node[20],0,4880.8893,2731.8099,1.8950,0.0582,-0.0942,2.6659,-831179687#0,-77.2920,1.2565,100.0000,default,16,rsu(293m),1153,39251,0.2949,293,2.0226,5,8,-77.2920,-94.2817,direct,0.0500,27.2000,-62.2868
278,node[20],0,4880.8844,2731.8074,1.8950,0.0550,-0.0317,2.6659,-831179687#0,-73.9886,4.8794,100.0000,default,16,rsu(293m),1154,39285,0.7190,293,2.0195,6,10,-73.9886,-90.9783,direct,0.0500,27.2000,-62.2809
278.1,node[20],0,4880.8800,2731.8052,1.8950,0.0497,-0.0533,2.6659,-831179687#0,-75.6583,0.0702,100.0000,default,16,rsu(293m),1155,39318,0.1877,293,2.0251,4,6,-75.6583,-92.6480,direct,0.0500,26.8000,-62.2752
278.2,node[20],0,4880.8761,2731.8031,1.8950,0.0443,-0.0537,2.6659,-831179687#0,-66.7131,11.1532,100.0000,default,16,rsu(293m),1156,39351,0.9833,293,2.0177,10,18,-66.7131,-83.7028,direct,0.0500,26.8000,-62.2697
278.3,node[20],0,4880.8725,2731.8013,1.8950,0.0399,-0.0446,2.6659,-831179687#0,-69.8882,6.4406,100.0000,default,16,rsu(293m),1157,39384,0.8482,293,2.0233,7,12,-69.8882,-86.8779,direct,0.0500,26.4000,-62.2643
278.4,node[20],0,4880.8694,2731.7997,1.8950,0.0352,-0.0466,2.6659,-831179687#0,-75.3107,3.3638,100.0000,default,16,rsu(293m),1158,39418,0.5453,293,2.0218,6,10,-75.3107,-92.3004,direct,0.0500,26.4000,-62.2591
278.5,node[20],0,4880.8665,2731.7982,1.8950,0.0325,-0.0265,2.6659,-831179687#0,-81.8707,-5.0000,100.0000,default,16,rsu(293m),1159,39451,0.0180,293,2.0142,2,2,-81.8707,-98.8604,direct,0.0500,26.8000,-62.2537
278.6,node[20],0,4880.8639,2731.7969,1.8950,0.0290,-0.0355,2.6659,-831179687#0,-72.7866,6.4726,100.0000,default,16,rsu(293m),1160,39485,0.8502,293,2.0256,7,12,-72.7866,-89.7763,direct,0.0500,26.8000,-62.2484
278.7,node[20],0,4880.8616,2731.7957,1.8950,0.0259,-0.0306,2.6659,-831179687#0,-80.8339,-1.4862,100.0000,default,16,rsu(293m),1161,39519,0.0959,293,2.0239,3,4,-80.8339,-97.8236,direct,0.0500,27.2000,-62.2430
278.8,node[20],0,4880.8595,2731.7946,1.8950,0.0238,-0.0215,2.6659,-831179687#0,-70.8521,7.4878,100.0000,default,16,rsu(293m),1162,39553,0.9041,293,2.0222,8,14,-70.8521,-87.8418,direct,0.0500,27.2000,-62.2373
278.9,node[20],0,4880.8576,2731.7936,1.8950,0.0213,-0.0253,2.6659,-831179687#0,-70.1967,7.5312,100.0000,default,16,rsu(293m),1163,39587,0.9060,293,2.0204,8,14,-70.1967,-87.1864,direct,0.0500,27.2000,-62.2315
279,node[20],0,4880.8559,2731.7927,1.8950,0.0193,-0.0194,2.6659,-831179687#0,-72.9888,1.9795,100.0000,default,16,rsu(293m),1164,39620,0.3751,293,2.0256,5,8,-72.9888,-89.9785,direct,0.0500,27.2000,-62.2255
279.1,node[20],0,4880.8544,2731.7919,1.8950,0.0170,-0.0231,2.6659,-831179687#0,-73.1849,4.4266,100.0000,default,16,rsu(293m),1165,39653,0.6711,293,2.0177,6,10,-73.1849,-90.1746,direct,0.0500,26.4000,-62.2192
279.2,node[20],0,4880.8530,2731.7912,1.8950,0.0153,-0.0170,2.6659,-831179687#0,-72.4169,4.3986,100.0000,default,16,rsu(293m),1166,39686,0.6680,293,2.0228,6,10,-72.4169,-89.4066,direct,0.0500,26.4000,-62.2126
279.3,node[20],0,4880.8517,2731.7906,1.8950,0.0142,-0.0108,2.6659,-831179687#0,-77.7848,-1.1325,100.0000,default,16,rsu(293m),1167,39720,0.1124,293,2.0208,3,4,-77.7848,-94.7745,direct,0.0500,26.8000,-62.2055
279.4,node[20],0,4880.8506,2731.7900,1.8950,0.0126,-0.0162,2.6659,-831179687#0,-76.8908,0.4288,100.0000,default,16,rsu(293m),1168,39753,0.2166,293,2.0257,4,6,-76.8908,-93.8805,direct,0.0500,26.8000,-62.1981
279.5,node[20],0,4880.8496,2731.7895,1.8950,0.0116,-0.0105,2.6659,-831179687#0,-92.0398,-5.0000,100.0000,default,16,rsu(293m),1169,39787,0.0180,293,2.0236,2,2,-92.0398,-109.0295,direct,0.0500,26.8000,-62.1901
279.6,node[20],0,4880.8487,2731.7890,1.8950,0.0101,-0.0143,2.6659,-831179687#0,-77.7827,-1.7566,100.0000,default,16,rsu(293m),1170,39821,0.0848,293,2.0195,3,4,-77.7827,-94.7724,direct,0.0500,26.8000,-62.1816
279.7,node[20],0,4880.8479,2731.7886,1.8950,0.0093,-0.0086,2.6659,-831179687#0,-73.7559,3.5877,100.0000,default,16,rsu(293m),1171,39855,0.5729,293,2.0192,6,10,-73.7559,-90.7456,direct,0.0500,27.2000,-62.1726
279.8,node[20],0,4880.8471,2731.7882,1.8950,0.0083,-0.0100,2.6659,-831179687#0,-72.8615,5.6142,100.0000,default,16,rsu(293m),1172,39888,0.7870,293,2.0240,7,12,-72.8615,-89.8512,direct,0.0500,27.2000,-62.1629
279.9,node[20],0,4880.8465,2731.7879,1.8950,0.0077,-0.0060,2.6659,-831179687#0,-72.3352,5.7728,100.0000,default,16,rsu(293m),1173,39921,0.8000,293,2.0157,7,12,-72.3352,-89.3249,direct,0.0500,26.4000,-62.1524
280,node[20],0,4880.8458,2731.7876,1.8950,0.0069,-0.0080,2.6659,-831179687#0,-74.0340,0.6514,100.0000,default,16,rsu(293m),1174,39955,0.2361,293,2.0259,4,6,-74.0340,-91.0237,direct,0.0500,26.4000,-62.1412
280.1,node[20],0,4880.8453,2731.7873,1.8950,0.0062,-0.0068,2.6659,-831179687#0,-77.0504,-3.0551,100.0000,default,16,rsu(293m),1175,39989,0.0462,293,2.0253,2,2,-77.0504,-94.0401,direct,0.0500,27.2000,-62.1292
280.2,node[20],0,4880.8448,2731.7870,1.8950,0.0056,-0.0064,2.6659,-831179687#0,-72.0657,3.1270,100.0000,default,16,rsu(293m),1176,40022,0.5159,293,2.0164,6,10,-72.0657,-89.0554,direct,0.0500,27.2000,-62.1163
280.3,node[20],0,4880.8444,2731.7868,1.8950,0.0050,-0.0058,2.6659,-831179687#0,-74.3953,2.5615,100.0000,default,16,rsu(293m),1177,40055,0.4454,293,2.0227,5,8,-74.3953,-91.3850,direct,0.0500,26.4000,-62.1024
280.4,node[20],0,4880.8440,2731.7866,1.8950,0.0046,-0.0042,2.6659,-831179687#0,-84.1711,-5.0000,100.0000,default,16,rsu(293m),1178,40088,0.0180,293,2.0159,2,2,-84.1711,-101.1608,direct,0.0500,26.4000,-62.0874
280.5,node[20],0,4880.8436,2731.7864,1.8950,0.0042,-0.0036,2.6659,-831179687#0,-70.3193,7.6674,100.0000,default,16,rsu(293m),1179,40121,0.9116,293,2.0220,8,14,-70.3193,-87.3090,direct,0.0500,26.4000,-62.0713
280.6,node[20],0,4880.8432,2731.7862,1.8950,0.0037,-0.0049,2.6659,-831179687#0,-74.3052,4.2262,100.0000,default,16,rsu(293m),1180,40155,0.6486,293,2.0211,6,10,-74.3052,-91.2949,direct,0.0500,26.4000,-62.0539
280.7,node[20],0,4880.8429,2731.7861,1.8950,0.0034,-0.0033,2.6659,-831179687#0,-69.9204,8.1405,100.0000,default,16,rsu(293m),1181,40189,0.9289,293,2.0201,8,14,-69.9204,-86.9101,direct,0.0500,27.2000,-62.0352
280.8,node[20],0,4880.8427,2731.7859,1.8950,0.0030,-0.0037,2.6659,-831179687#0,-77.7727,1.2674,100.0000,default,16,rsu(293m),1182,40222,0.2960,293,2.0242,5,8,-77.7727,-94.7624,direct,0.0500,27.2000,-62.0150
280.9,node[20],0,4880.8424,2731.7858,1.8950,0.0027,-0.0027,2.6659,-831179687#0,-69.9002,4.3039,100.0000,default,16,rsu(293m),1183,40256,0.6574,293,2.0230,6,10,-69.9002,-86.8899,direct,0.0500,26.8000,-61.9934
281,node[20],0,4880.8422,2731.7857,1.8950,0.0025,-0.0020,2.6659,-831179687#0,-81.4878,-5.0000,100.0000,default,16,rsu(293m),1184,40289,0.0180,293,2.0139,2,2,-81.4878,-98.4775,direct,0.0500,26.8000,-61.9704
281.1,node[20],0,4880.8420,2731.7856,1.8950,0.0022,-0.0031,2.6659,-831179687#0,-81.8131,-3.2871,100.0000,default,16,rsu(293m),1185,40323,0.0413,293,2.0235,2,2,-81.8131,-98.8028,direct,0.0500,26.8000,-61.9455
281.2,node[20],0,4880.8418,2731.7855,1.8950,0.0020,-0.0023,2.6659,-831179687#0,-73.3456,4.4747,100.0000,default,16,rsu(293m),1186,40357,0.6764,293,2.0198,6,10,-73.3456,-90.3353,direct,0.0500,26.8000,-61.9188
281.3,node[20],0,4880.8417,2731.7854,1.8950,0.0018,-0.0020,2.6659,-831179687#0,-73.0686,3.7653,100.0000,default,16,rsu(293m),1187,40391,0.5945,293,2.0184,6,10,-73.0686,-90.0583,direct,0.0500,27.2000,-61.8903
281.4,node[20],0,4880.8415,2731.7853,1.8950,0.0017,-0.0011,2.6659,-831179687#0,-72.9310,0.8432,100.0000,default,16,rsu(293m),1188,40425,0.2538,293,2.0253,4,6,-72.9310,-89.9207,direct,0.0500,27.2000,-61.8600
281.5,node[20],0,4880.8414,2731.7853,1.8950,0.0015,-0.0019,2.6659,-831179687#0,-83.3673,-5.0000,100.0000,default,16,rsu(293m),1189,40459,0.0180,293,2.0192,2,2,-83.3673,-100.3570,direct,0.0500,27.2000,-61.8273
281.6,node[20],0,4880.8413,2731.7852,1.8950,0.0013,-0.0018,2.6659,-831179687#0,-77.4597,-3.4889,100.0000,default,16,rsu(293m),1190,40493,0.0375,293,2.0175,2,2,-77.4597,-94.4494,direct,0.0500,27.2000,-61.7928
281.7,node[20],0,4880.8412,2731.7851,1.8950,0.0012,-0.0011,2.6659,-831179687#0,-81.2481,-5.0000,100.0000,default,16,rsu(293m),1191,40527,0.0180,293,2.0158,2,2,-81.2481,-98.2378,direct,0.0500,27.2000,-61.7560
281.8,node[20],0,4880.8411,2731.7851,1.8950,0.0011,-0.0011,2.6659,-831179687#0,-74.5854,2.1143,100.0000,default,16,rsu(293m),1192,40561,0.3911,293,2.0141,5,8,-74.5854,-91.5751,direct,0.0500,27.2000,-61.7167
281.9,node[20],0,4880.8410,2731.7851,1.8950,0.0010,-0.0009,2.6659,-831179687#0,-77.1024,-3.2127,100.0000,default,16,rsu(293m),1193,40594,0.0428,293,2.0173,2,2,-77.1024,-94.0921,direct,0.0500,26.8000,-61.6750
282,node[20],0,4880.8409,2731.7850,1.8950,0.0009,-0.0012,2.6659,-831179687#0,-74.1721,4.9214,100.0000,default,16,rsu(293m),1194,40627,0.7233,293,2.0224,6,10,-74.1721,-91.1618,direct,0.0500,26.8000,-61.6314
282.1,node[20],0,4880.8408,2731.7850,1.8950,0.0008,-0.0009,2.6659,-831179687#0,-74.7151,2.9878,100.0000,default,16,rsu(293m),1195,40660,0.4985,293,2.0144,5,8,-74.7151,-91.7048,direct,0.0500,26.4000,-61.5852
282.2,node[20],0,4880.8408,2731.7849,1.8950,0.0007,-0.0006,2.6659,-831179687#0,-80.3084,-1.9138,100.0000,default,16,rsu(293m),1196,40694,0.0789,293,2.0254,3,4,-80.3084,-97.2981,direct,0.0500,26.4000,-61.5361
282.3,node[20],0,4880.8407,2731.7849,1.8950,0.0007,-0.0009,2.6659,-831179687#0,-73.4052,5.8881,100.0000,default,16,rsu(293m),1197,40728,0.8091,293,2.0210,7,12,-73.4052,-90.3949,direct,0.0500,27.2000,-61.4845
282.4,node[20],0,4880.8407,2731.7849,1.8950,0.0006,-0.0008,2.6659,-831179687#0,-71.6778,3.9290,100.0000,default,16,rsu(293m),1198,40762,0.6141,293,2.0189,6,10,-71.6778,-88.6675,direct,0.0500,27.2000,-61.4302
282.5,node[20],0,4880.8406,2731.7849,1.8950,0.0005,-0.0006,2.6659,-831179687#0,-76.8480,-2.2430,100.0000,default,16,rsu(293m),1199,40795,0.0678,293,2.0236,3,4,-76.8480,-93.8377,direct,0.0500,26.8000,-61.3738
282.6,node[20],0,4880.8406,2731.7848,1.8950,0.0005,-0.0004,2.6659,-831179687#0,-77.8651,-1.5859,100.0000,default,16,rsu(293m),1200,40829,0.0917,293,2.0213,3,4,-77.8651,-94.8548,direct,0.0500,26.8000,-61.3151
282.7,node[20],0,4880.8405,2731.7848,1.8950,0.0004,-0.0004,2.6659,-831179687#0,-88.5747,-5.0000,100.0000,default,16,rsu(293m),1201,40863,0.0180,293,2.0166,2,2,-88.5747,-105.5644,direct,0.0500,27.2000,-61.2549
282.8,node[20],0,4880.8405,2731.7848,1.8950,0.0004,-0.0005,2.6659,-831179687#0,-76.0264,0.1057,100.0000,default,16,rsu(293m),1202,40897,0.1904,293,2.0249,4,6,-76.0264,-93.0161,direct,0.0500,27.2000,-61.1915
282.9,node[20],0,4880.8405,2731.7848,1.8950,0.0004,-0.0004,2.6659,-831179687#0,-74.2705,4.8230,100.0000,default,16,rsu(293m),1203,40931,0.7133,293,2.0224,6,10,-74.2705,-91.2602,direct,0.0500,27.2000,-61.1265
283,node[20],0,4880.8404,2731.7848,1.8950,0.0003,-0.0004,2.6659,-831179687#0,-72.9199,0.8825,100.0000,default,16,rsu(293m),1204,40965,0.2575,293,2.0174,4,6,-72.9199,-89.9096,direct,0.0500,27.2000,-61.0598
283.1,node[20],0,4880.8404,2731.7848,1.8950,0.0003,-0.0002,2.6659,-831179687#0,-78.7282,0.0237,100.0000,default,16,rsu(293m),1205,40999,0.1842,293,2.0254,4,6,-78.7282,-95.7179,direct,0.0500,27.2000,-60.9924
283.2,node[20],0,4880.8404,2731.7847,1.8950,0.0003,-0.0003,2.6659,-831179687#0,-73.6302,3.9731,100.0000,default,16,rsu(293m),1206,41033,0.6193,293,2.0184,6,10,-73.6302,-90.6199,direct,0.0500,27.2000,-60.9243
283.3,node[20],0,4880.8404,2731.7847,1.8950,0.0002,-0.0003,2.6659,-831179687#0,-71.6226,2.6600,100.0000,default,16,rsu(293m),1207,41067,0.4576,293,2.0262,5,8,-71.6226,-88.6123,direct,0.0500,27.2000,-60.8549
283.4,node[20],0,4880.8403,2731.7847,1.8950,0.0002,-0.0002,2.6659,-831179687#0,-71.1393,8.0629,100.0000,default,16,rsu(293m),1208,41100,0.9263,293,2.0148,8,14,-71.1393,-88.1290,direct,0.0500,27.2000,-60.7858
283.5,node[20],0,4880.8403,2731.7847,1.8950,0.0002,-0.0002,2.6659,-831179687#0,-79.1757,-4.7723,100.0000,default,16,rsu(293m),1209,41133,0.0201,293,2.0189,2,2,-79.1757,-96.1654,direct,0.0500,26.4000,-60.7141
283.6,node[20],0,4880.8403,2731.7847,1.8950,0.0002,-0.0002,2.6659,-831179687#0,-74.9292,3.6031,100.0000,default,16,rsu(293m),1210,41166,0.5748,293,2.0229,6,10,-74.9292,-91.9189,direct,0.0500,26.4000,-60.6429
283.7,node[20],0,4880.8403,2731.7847,1.8950,0.0002,-0.0001,2.6659,-831179687#0,-77.8593,-1.6720,100.0000,default,16,rsu(293m),1211,41200,0.0882,293,2.0199,3,4,-77.8593,-94.8490,direct,0.0500,26.8000,-60.5725
283.8,node[20],0,4880.8403,2731.7847,1.8950,0.0001,-0.0001,2.6659,-831179687#0,-78.0180,-0.5333,100.0000,default,16,rsu(293m),1212,41233,0.1460,293,2.0211,4,6,-78.0180,-95.0077,direct,0.0500,26.8000,-60.5039
283.9,node[20],0,4880.8403,2731.7847,1.8950,0.0001,-0.0002,2.6659,-831179687#0,-78.4154,-1.9905,100.0000,default,16,rsu(293m),1213,41266,0.0762,293,2.0218,3,4,-78.4154,-95.4051,direct,0.0500,26.4000,-60.4363
284,node[20],0,4880.8403,2731.7847,1.8950,0.0001,-0.0001,2.6659,-831179687#0,-69.9707,9.0815,100.0000,default,16,rsu(293m),1214,41299,0.9544,293,2.0256,9,16,-69.9707,-86.9604,direct,0.0500,26.4000,-60.3668
284.1,node[20],0,4880.8402,2731.7847,1.8950,0.0001,-0.0002,2.6659,-831179687#0,-78.5348,-1.2948,100.0000,default,16,rsu(293m),1215,41333,0.1046,293,2.0203,3,4,-78.5348,-95.5245,direct,0.0500,26.8000,-60.3008
284.2,node[20],0,4880.8402,2731.7847,1.8950,0.0001,-0.0001,2.6659,-831179687#0,-76.1795,2.6982,100.0000,default,16,rsu(293m),1216,41367,0.4623,293,2.0144,5,8,-76.1795,-93.1692,direct,0.0500,26.8000,-60.2368
284.3,node[20],0,4880.8402,2731.7847,1.8950,0.0001,-0.0001,2.6659,-831179687#0,-75.0045,2.3778,100.0000,default,16,rsu(293m),1217,41401,0.4228,293,2.0239,5,8,-75.0045,-91.9942,direct,0.0500,27.2000,-60.1748
284.4,node[20],0,4880.8402,2731.7847,1.8950,0.0001,-0.0001,2.6659,-831179687#0,-69.2463,5.0249,100.0000,default,16,rsu(293m),1218,41434,0.7335,293,2.0254,7,12,-69.2463,-86.2360,direct,0.0500,27.2000,-60.1129
284.5,node[20],0,4880.8402,2731.7847,1.8950,0.0001,-0.0001,2.6659,-831179687#0,-74.1790,2.6698,100.0000,default,16,rsu(293m),1219,41467,0.4588,293,2.0158,5,8,-74.1790,-91.1687,direct,0.0500,26.4000,-60.0547
284.6,node[20],0,4880.8402,2731.7847,1.8950,0.0001,-0.0001,2.6659,-831179687#0,-73.8281,3.8655,100.0000,default,16,rsu(293m),1220,41500,0.6065,293,2.0154,6,10,-73.8281,-90.8178,direct,0.0500,26.4000,-59.9972
284.7,node[20],0,4880.8402,2731.7847,1.8950,0.0001,-0.0001,2.6659,-831179687#0,-72.6271,6.6984,100.0000,default,16,rsu(293m),1221,41534,0.8640,293,2.0210,7,12,-72.6271,-89.6168,direct,0.0500,26.8000,-59.9436
284.8,node[20],0,4880.8402,2731.7847,1.8950,0.0001,-0.0001,2.6659,-831179687#0,-77.6713,-3.1933,100.0000,default,16,rsu(293m),1222,41567,0.0432,293,2.0233,2,2,-77.6713,-94.6610,direct,0.0500,26.8000,-59.8906
284.9,node[20],0,4880.8402,2731.7846,1.8950,0.0000,-0.0000,2.6659,-831179687#0,-75.5162,-0.1180,100.0000,default,16,rsu(293m),1223,41600,0.1738,293,2.0254,4,6,-75.5162,-92.5059,direct,0.0500,26.4000,-59.8426
285,node[20],0,4880.8402,2731.7846,1.8950,0.0000,-0.0001,2.6659,-831179687#0,-75.0890,4.0220,100.0000,default,16,rsu(293m),1224,41634,0.6250,293,2.0179,6,10,-75.0890,-92.0787,direct,0.0500,26.4000,-59.7969
285.1,node[20],0,4880.8402,2731.7846,1.8950,0.0000,-0.0000,2.6659,-831179687#0,-74.2394,2.9857,100.0000,default,16,rsu(293m),1225,41668,0.4982,293,2.0259,5,8,-74.2394,-91.2291,direct,0.0500,27.2000,-59.7517
285.2,node[20],0,4880.8402,2731.7846,1.8950,0.0000,-0.0000,2.6659,-831179687#0,-83.1418,-5.0000,100.0000,default,16,rsu(293m),1226,41702,0.0180,293,2.0183,2,2,-83.1418,-100.1315,direct,0.0500,27.2000,-59.7096
285.3,node[20],0,4880.8402,2731.7846,1.8950,0.0000,-0.0000,2.6659,-831179687#0,-67.8091,6.6827,100.0000,default,16,rsu(293m),1227,41736,0.8631,293,2.0215,7,12,-67.8091,-84.7988,direct,0.0500,27.2000,-59.6712
285.4,node[20],0,4880.8402,2731.7846,1.8950,0.0000,-0.0000,2.6659,-831179687#0,-71.6971,5.5552,100.0000,default,16,rsu(293m),1228,41770,0.7820,293,2.0163,7,12,-71.6971,-88.6868,direct,0.0500,27.2000,-59.6339
285.5,node[20],0,4880.8402,2731.7846,1.8950,0.0000,-0.0000,2.6659,-831179687#0,-74.4559,4.7617,100.0000,default,16,rsu(293m),1229,41804,0.7070,293,2.0241,6,10,-74.4559,-91.4456,direct,0.0500,27.2000,-59.5990
285.6,node[20],0,4880.8402,2731.7846,1.8950,0.0000,-0.0000,2.6659,-831179687#0,-76.3698,2.7974,100.0000,default,16,rsu(293m),1230,41837,0.4747,293,2.0188,5,8,-76.3698,-93.3595,direct,0.0500,27.2000,-59.5674
285.7,node[20],0,4880.8402,2731.7846,1.8950,0.0000,-0.0000,2.6659,-831179687#0,-77.2780,0.8490,100.0000,default,16,rsu(293m),1231,41870,0.2544,293,2.0236,4,6,-77.2780,-94.2677,direct,0.0500,26.4000,-59.5374
285.8,node[20],0,4880.8402,2731.7846,1.8950,0.0000,-0.0000,2.6659,-831179687#0,-67.2267,7.8049,100.0000,default,16,rsu(293m),1232,41903,0.9170,293,2.0181,8,14,-67.2267,-84.2164,direct,0.0500,26.4000,-59.5093
285.9,node[20],0,4880.8402,2731.7846,1.8950,0.0000,-0.0000,2.6659,-831179687#0,-79.2768,-0.7119,100.0000,default,16,rsu(293m),1233,41936,0.1352,293,2.0232,4,6,-79.2768,-96.2665,direct,0.0500,26.4000,-59.4827
286,node[20],0,4880.8402,2731.7846,1.8950,0.0000,-0.0000,2.6659,-831179687#0,-72.4959,2.8677,100.0000,default,16,rsu(293m),1234,41969,0.4835,293,2.0262,5,8,-72.4959,-89.4856,direct,0.0500,26.4000,-59.4582
286.1,node[20],0,4880.8402,2731.7846,1.8950,0.0000,-0.0000,2.6659,-831179687#0,-75.2445,3.7193,100.0000,default,16,rsu(293m),1235,42002,0.5890,293,2.0242,6,10,-75.2445,-92.2342,direct,0.0500,26.4000,-59.4343
286.2,node[20],0,4880.8402,2731.7846,1.8950,0.0000,-0.0000,2.6659,-831179687#0,-75.0738,1.3156,100.0000,default,16,rsu(293m),1236,42035,0.3011,293,2.0221,5,8,-75.0738,-92.0635,direct,0.0500,26.4000,-59.4124
286.3,node[20],0,4880.8402,2731.7846,1.8950,0.0000,-0.0000,2.6659,-831179687#0,-85.2160,-5.0000,100.0000,default,16,rsu(293m),1237,42068,0.0180,293,2.0249,2,2,-85.2160,-102.2057,direct,0.0500,26.4000,-59.3918
286.4,node[20],0,4880.8402,2731.7846,1.8950,0.0000,-0.0000,2.6659,-831179687#0,-72.2185,2.0797,100.0000,default,17,rsu(293m),1238,42101,0.3869,293,2.0167,5,8,-72.2185,-89.2082,direct,0.0500,26.4000,-59.3726
286.5,node[20],0,4880.8402,2731.7846,1.8950,0.0000,-0.0001,2.6659,-831179687#0,-72.0219,4.2320,100.0000,default,17,rsu(293m),1239,42134,0.6493,293,2.0214,6,10,-72.0219,-89.0116,direct,0.0500,26.4000,-59.3543
286.6,node[20],0,4880.8402,2731.7846,1.8950,0.0000,0.0000,2.6659,-831179687#0,-74.4340,2.3832,100.0000,default,17,rsu(293m),1240,42167,0.4235,293,2.0142,5,8,-74.4340,-91.4237,direct,0.0500,26.4000,-59.3374
286.7,node[20],0,4880.8402,2731.7846,1.8950,0.0000,0.0000,2.6659,-831179687#0,-71.6557,5.0039,100.0000,default,17,rsu(293m),1241,42200,0.7314,293,2.0221,7,12,-71.6557,-88.6454,direct,0.0500,26.4000,-59.3215
286.8,node[20],0,4880.8402,2731.7846,1.8950,0.0000,0.0000,2.6659,-831179687#0,-75.8558,1.9062,100.0000,default,17,rsu(293m),1242,42233,0.3666,293,2.0136,5,8,-75.8558,-92.8455,direct,0.0500,26.4000,-59.3061
286.9,node[20],0,4880.8402,2731.7846,1.8950,0.0000,0.0000,2.6659,-831179687#0,-71.6081,6.7885,100.0000,default,17,rsu(293m),1243,42266,0.8692,293,2.0241,7,12,-71.6081,-88.5978,direct,0.0500,26.4000,-59.2919
287,node[20],0,4880.8402,2731.7846,1.8950,0.0000,0.0000,2.6659,-831179687#0,-73.4648,3.7463,100.0000,default,17,rsu(293m),1244,42299,0.5922,293,2.0154,6,10,-73.4648,-90.4545,direct,0.0500,26.4000,-59.2783
287.1,node[20],0,4880.8402,2731.7846,1.8950,0.0000,0.0000,2.6659,-831179687#0,-73.8720,5.3709,100.0000,default,17,rsu(293m),1245,42332,0.7659,293,2.0197,7,12,-73.8720,-90.8617,direct,0.0500,26.4000,-59.2654
287.2,node[20],0,4880.8402,2731.7846,1.8950,0.0000,0.0000,2.6659,-831179687#0,-80.7824,-5.0000,100.0000,default,17,rsu(293m),1246,42365,0.0180,293,2.0170,2,2,-80.7824,-97.7721,direct,0.0500,26.4000,-59.2534
287.3,node[20],0,4880.8402,2731.7846,1.8950,0.0000,0.0000,2.6659,-831179687#0,-76.4110,0.6714,100.0000,default,17,rsu(293m),1247,42398,0.2379,293,2.0251,4,6,-76.4110,-93.4007,direct,0.0500,26.4000,-59.2420
287.4,node[20],0,4880.8402,2731.7846,1.8950,0.0000,0.0000,2.6659,-831179687#0,-77.9035,1.4347,100.0000,default,17,rsu(293m),1248,42432,0.3138,293,2.0228,5,8,-77.9035,-94.8932,direct,0.0500,26.4000,-59.2313
287.5,node[20],0,4880.8402,2731.7846,1.8950,0.0000,0.0000,2.6659,-831179687#0,-76.4186,2.0464,100.0000,default,17,rsu(293m),1249,42466,0.3830,293,2.0144,5,8,-76.4186,-93.4083,direct,0.0500,27.2000,-59.2213
287.6,node[20],0,4880.8402,2731.7846,1.8950,0.0000,0.0000,2.6659,-831179687#0,-76.5135,-1.7149,100.0000,default,17,rsu(293m),1250,42500,0.0865,293,2.0190,3,4,-76.5135,-93.5032,direct,0.0500,27.2000,-59.2120
287.7,node[20],0,4880.8402,2731.7846,1.8950,0.0000,0.0000,2.6659,-831179687#0,-79.1570,-3.1296,100.0000,default,17,rsu(293m),1251,42534,0.0446,293,2.0259,2,2,-79.1570,-96.1467,direct,0.0500,27.2000,-59.2035
287.8,node[20],0,4880.8402,2731.7846,1.8950,0.0000,0.0000,2.6659,-831179687#0,-76.8350,2.1575,100.0000,default,17,rsu(293m),1252,42569,0.3962,293,2.0174,5,8,-76.8350,-93.8247,direct,0.0500,27.2000,-59.1957
287.9,node[20],0,4880.8402,2731.7846,1.8950,0.0000,0.0000,2.6659,-831179687#0,-69.9721,3.8582,100.0000,default,17,rsu(293m),1253,42604,0.6057,293,2.0214,6,10,-69.9721,-86.9618,direct,0.0500,28.0000,-59.1886
288,node[20],0,4880.8402,2731.7846,1.8950,0.0000,0.0000,2.6659,-831179687#0,-78.6606,0.3404,100.0000,default,17,rsu(293m),1254,42639,0.2092,293,2.0167,4,6,-78.6606,-95.6503,direct,0.0500,28.0000,-59.1823
288.1,node[20],0,4880.8402,2731.7846,1.8950,0.0000,0.0000,2.6659,-831179687#0,-79.6794,-3.5539,100.0000,default,17,rsu(293m),1255,42674,0.0364,293,2.0249,2,2,-79.6794,-96.6691,direct,0.0500,28.0000,-59.1769
288.2,node[20],0,4880.8402,2731.7846,1.8950,0.0000,0.0000,2.6659,-831179687#0,-76.3131,-1.7124,100.0000,default,17,rsu(293m),1256,42709,0.0866,293,2.0162,3,4,-76.3131,-93.3028,direct,0.0500,28.0000,-59.1722
288.3,node[20],0,4880.8402,2731.7846,1.8950,0.0000,0.0000,2.6659,-831179687#0,-78.6570,-2.7169,100.0000,default,17,rsu(293m),1257,42744,0.0542,293,2.0204,3,4,-78.6570,-95.6467,direct,0.0500,28.0000,-59.1684
288.4,node[20],0,4880.8402,2731.7846,1.8950,0.0000,0.0000,2.6659,-831179687#0,-74.5275,2.8117,100.0000,default,17,rsu(293m),1258,42779,0.4765,293,2.0176,5,8,-74.5275,-91.5172,direct,0.0500,28.0000,-59.1655
288.5,node[20],0,4880.8402,2731.7846,1.8950,0.0000,0.0000,2.6659,-831179687#0,-69.8134,5.2732,100.0000,default,17,rsu(293m),1259,42814,0.7571,293,2.0249,7,12,-69.8134,-86.8031,direct,0.0500,28.0000,-59.1634
288.6,node[20],0,4880.8402,2731.7846,1.8950,0.0000,0.0000,2.6659,-831179687#0,-73.5789,1.8044,100.0000,default,17,rsu(293m),1260,42849,0.3549,293,2.0193,5,8,-73.5789,-90.5686,direct,0.0500,28.0000,-59.1618
288.7,node[20],0,4880.8402,2731.7846,1.8950,0.0000,0.0000,2.6659,-831179687#0,-72.3261,3.8751,100.0000,default,17,rsu(293m),1261,42884,0.6077,293,2.0213,6,10,-72.3261,-89.3158,direct,0.0500,28.0000,-59.1604
288.8,node[20],0,4880.8402,2731.7846,1.8950,0.0000,0.0000,2.6659,-831179687#0,-85.5932,-5.0000,100.0000,default,17,rsu(293m),1262,42919,0.0180,293,2.0260,2,2,-85.5932,-102.5829,direct,0.0500,28.0000,-59.1593
288.9,node[20],0,4880.8402,2731.7846,1.8950,0.0000,0.0000,2.6659,-831179687#0,-91.6456,-5.0000,100.0000,default,17,rsu(293m),1263,42954,0.0180,293,2.0230,2,2,-91.6456,-108.6353,direct,0.0500,28.0000,-59.1582
289,node[20],0,4880.8402,2731.7846,1.8950,0.0000,0.0000,2.6659,-831179687#0,-72.0359,6.8994,100.0000,default,17,rsu(293m),1264,42989,0.8754,293,2.0171,7,12,-72.0359,-89.0256,direct,0.0500,28.0000,-59.1572
289.1,node[20],0,4880.8402,2731.7846,1.8950,0.0000,0.0000,2.6659,-831179687#0,-72.3242,1.4982,100.0000,default,17,rsu(293m),1265,43024,0.3206,293,2.0216,5,8,-72.3242,-89.3139,direct,0.0500,28.0000,-59.1563
289.2,node[20],0,4880.8402,2731.7846,1.8950,0.0000,0.0000,2.6659,-831179687#0,-74.4528,-0.6140,100.0000,default,17,rsu(293m),1266,43059,0.1410,293,2.0202,4,6,-74.4528,-91.4425,direct,0.0500,28.0000,-59.1555
289.3,node[20],0,4880.8402,2731.7846,1.8950,0.0000,0.0000,2.6659,-831179687#0,-74.7110,3.6143,100.0000,default,17,rsu(293m),1267,43094,0.5762,293,2.0246,6,10,-74.7110,-91.7007,direct,0.0500,28.0000,-59.1548
289.4,node[20],0,4880.8402,2731.7846,1.8950,0.0000,0.0000,2.6659,-831179687#0,-75.2291,1.3088,100.0000,default,17,rsu(293m),1268,43129,0.3004,293,2.0214,5,8,-75.2291,-92.2188,direct,0.0500,28.0000,-59.1541
289.5,node[20],0,4880.8402,2731.7846,1.8950,0.0000,0.0000,2.6659,-831179687#0,-72.8247,4.6789,100.0000,default,17,rsu(293m),1269,43163,0.6983,293,2.0258,6,10,-72.8247,-89.8144,direct,0.0500,27.6000,-59.1535
289.6,node[20],0,4880.8402,2731.7846,1.8950,0.0000,0.0000,2.6659,-831179687#0,-74.1556,3.7743,100.0000,default,17,rsu(293m),1270,43197,0.5956,293,2.0164,6,10,-74.1556,-91.1453,direct,0.0500,27.6000,-59.1530
289.7,node[20],0,4880.8402,2731.7846,1.8950,0.0000,0.0000,2.6659,-831179687#0,-80.1574,-4.5660,100.0000,default,17,rsu(293m),1271,43231,0.0222,293,2.0207,2,2,-80.1574,-97.1471,direct,0.0500,27.2000,-59.1525
289.8,node[20],0,4880.8402,2731.7846,1.8950,0.0000,0.0000,2.6659,-831179687#0,-78.4710,-2.3367,100.0000,default,17,rsu(293m),1272,43265,0.0649,293,2.0249,3,4,-78.4710,-95.4607,direct,0.0500,27.2000,-59.1521
289.9,node[20],0,4880.8402,2731.7846,1.8950,0.0000,0.0000,2.6659,-831179687#0,-75.0998,-1.1438,100.0000,default,17,rsu(293m),1273,43299,0.1119,293,2.0215,3,4,-75.0998,-92.0895,direct,0.0500,27.2000,-59.1517
290,node[20],0,4880.8402,2731.7846,1.8950,0.0000,0.0000,2.6659,-831179687#0,-79.7025,-4.9200,100.0000,default,17,rsu(293m),1274,43333,0.0187,293,2.0257,2,2,-79.7025,-96.6922,direct,0.0500,27.2000,-59.1514
290.1,node[20],0,4880.8402,2731.7846,1.8950,0.0000,0.0000,2.6659,-831179687#0,-72.4758,5.6323,100.0000,default,17,rsu(293m),1275,43367,0.7885,293,2.0223,7,12,-72.4758,-89.4655,direct,0.0500,27.2000,-59.1511
290.2,node[20],0,4880.8402,2731.7846,1.8950,0.0000,0.0000,2.6659,-831179687#0,-85.8233,-5.0000,100.0000,default,17,rsu(293m),1276,43401,0.0180,293,2.0189,2,2,-85.8233,-102.8130,direct,0.0500,27.2000,-59.1508
290.3,node[20],0,4880.8402,2731.7846,1.8950,0.0000,0.0000,2.6659,-831179687#0,-75.7404,-0.6683,100.0000,default,17,rsu(293m),1277,43435,0.1377,293,2.0161,4,6,-75.7404,-92.7301,direct,0.0500,27.2000,-59.1505
290.4,node[20],0,4880.8402,2731.7846,1.8950,0.0000,0.0000,2.6659,-831179687#0,-78.4756,-0.3442,100.0000,default,17,rsu(293m),1278,43469,0.1581,293,2.0158,4,6,-78.4756,-95.4653,direct,0.0500,27.2000,-59.1503
290.5,node[20],0,4880.8402,2731.7846,1.8950,0.0000,0.0000,2.6659,-831179687#0,-77.8566,-1.5751,100.0000,default,17,rsu(293m),1279,43503,0.0922,293,2.0253,3,4,-77.8566,-94.8463,direct,0.0500,27.2000,-59.1501
290.6,node[20],0,4880.8402,2731.7846,1.8950,0.0000,0.0000,2.6659,-831179687#0,-79.7253,-3.1192,100.0000,default,17,rsu(293m),1280,43537,0.0448,293,2.0218,2,2,-79.7253,-96.7150,direct,0.0500,27.2000,-59.1499
290.7,node[20],0,4880.8402,2731.7846,1.8950,0.0000,0.0000,2.6659,-831179687#0,-74.1881,1.3475,100.0000,default,17,rsu(293m),1281,43571,0.3044,293,2.0160,5,8,-74.1881,-91.1778,direct,0.0500,27.2000,-59.1498
290.8,node[20],0,4880.8402,2731.7846,1.8950,0.0000,0.0000,2.6659,-831179687#0,-73.9266,3.1423,100.0000,default,17,rsu(293m),1282,43605,0.5178,293,2.0255,6,10,-73.9266,-90.9163,direct,0.0500,27.2000,-59.1496
290.9,node[20],0,4880.8402,2731.7846,1.8950,0.0000,0.0000,2.6659,-831179687#0,-75.0392,0.1927,100.0000,default,17,rsu(293m),1283,43639,0.1972,293,2.0149,4,6,-75.0392,-92.0289,direct,0.0500,27.2000,-59.1495
291,node[20],0,4880.8402,2731.7846,1.8950,0.0000,0.0000,2.6659,-831179687#0,-74.8724,-0.6295,100.0000,default,17,rsu(293m),1284,43673,0.1401,293,2.0174,4,6,-74.8724,-91.8621,direct,0.0500,27.2000,-59.1494
291.1,node[20],0,4880.8402,2731.7846,1.8950,0.0000,0.0000,2.6659,-831179687#0,-77.5349,-0.7426,100.0000,default,17,rsu(293m),1285,43707,0.1334,293,2.0213,4,6,-77.5349,-94.5246,direct,0.0500,27.2000,-59.1493
291.2,node[20],0,4880.8402,2731.7846,1.8950,0.0000,0.0000,2.6659,-831179687#0,-75.1499,3.5330,100.0000,default,17,rsu(293m),1286,43741,0.5662,293,2.0183,6,10,-75.1499,-92.1396,direct,0.0500,27.2000,-59.1492
291.3,node[20],0,4880.8402,2731.7846,1.8950,0.0000,0.0000,2.6659,-831179687#0,-76.7593,1.2120,100.0000,default,17,rsu(293m),1287,43775,0.2903,293,2.0254,5,8,-76.7593,-93.7490,direct,0.0500,27.2000,-59.1491
291.4,node[20],0,4880.8402,2731.7846,1.8950,0.0000,0.0000,2.6659,-831179687#0,-76.2804,2.3299,100.0000,default,17,rsu(293m),1288,43809,0.4170,293,2.0217,5,8,-76.2804,-93.2701,direct,0.0500,27.2000,-59.1490
291.5,node[20],0,4880.8402,2731.7846,1.8950,0.0000,0.0000,2.6659,-831179687#0,-73.3622,5.4759,100.0000,default,17,rsu(293m),1289,43843,0.7752,293,2.0256,7,12,-73.3622,-90.3519,direct,0.0500,27.2000,-59.1490
291.6,node[20],0,4880.8402,2731.7846,1.8950,0.0000,0.0000,2.6659,-831179687#0,-71.6016,6.9441,100.0000,default,17,rsu(293m),1290,43877,0.8778,293,2.0150,7,12,-71.6016,-88.5913,direct,0.0500,27.2000,-59.1489
291.7,node[20],0,4880.8402,2731.7846,1.8950,0.0000,0.0000,2.6659,-831179687#0,-70.6158,4.6749,100.0000,default,17,rsu(293m),1291,43911,0.6979,293,2.0145,6,10,-70.6158,-87.6055,direct,0.0500,27.2000,-59.1489
291.8,node[20],0,4880.8402,2731.7846,1.8950,0.0000,0.0000,2.6659,-831179687#0,-76.8837,1.7849,100.0000,default,17,rsu(293m),1292,43945,0.3526,293,2.0238,5,8,-76.8837,-93.8734,direct,0.0500,27.2000,-59.1488
291.9,node[20],0,4880.8402,2731.7846,1.8950,0.0000,0.0000,2.6659,-831179687#0,-68.6643,9.1282,100.0000,default,17,rsu(293m),1293,43979,0.9554,293,2.0233,9,16,-68.6643,-85.6540,direct,0.0500,27.2000,-59.1488
292,node[20],0,4880.8402,2731.7846,1.8950,0.0000,0.0000,2.6659,-831179687#0,-73.2712,3.6452,100.0000,default,17,rsu(293m),1294,44013,0.5800,293,2.0196,6,10,-73.2712,-90.2609,direct,0.0500,27.2000,-59.1487
292.1,node[20],0,4880.8402,2731.7846,1.8950,0.0000,0.0000,2.6659,-831179687#0,-88.6985,-5.0000,100.0000,default,17,rsu(293m),1295,44047,0.0180,293,2.0163,2,2,-88.6985,-105.6882,direct,0.0500,27.2000,-59.1487
292.2,node[20],0,4880.8402,2731.7846,1.8950,0.0000,0.0000,2.6659,-831179687#0,-69.5564,4.9749,100.0000,default,17,rsu(293m),1296,44081,0.7286,293,2.0186,6,10,-69.5564,-86.5461,direct,0.0500,27.2000,-59.1487
292.3,node[20],0,4880.8402,2731.7846,1.8950,0.0000,0.0000,2.6659,-831179687#0,-87.3061,-5.0000,100.0000,default,17,rsu(293m),1297,44115,0.0180,293,2.0153,2,2,-87.3061,-104.2958,direct,0.0500,27.2000,-59.1487
292.4,node[20],0,4880.8402,2731.7846,1.8950,0.0000,0.0000,2.6659,-831179687#0,-85.4178,-5.0000,100.0000,default,17,rsu(293m),1298,44149,0.0180,293,2.0176,2,2,-85.4178,-102.4075,direct,0.0500,27.2000,-59.1486
292.5,node[20],0,4880.8402,2731.7846,1.8950,0.0000,0.0000,2.6659,-831179687#0,-77.8415,0.5688,100.0000,default,17,rsu(293m),1299,44183,0.2287,293,2.0213,4,6,-77.8415,-94.8312,direct,0.0500,27.2000,-59.1486
292.6,node[20],0,4880.8402,2731.7846,1.8950,0.0000,0.0000,2.6659,-831179687#0,-72.7894,4.4352,100.0000,default,17,rsu(293m),1300,44217,0.6721,293,2.0250,6,10,-72.7894,-89.7791,direct,0.0500,27.2000,-59.1486
292.7,node[20],0,4880.8402,2731.7846,1.8950,0.0000,0.0000,2.6659,-831179687#0,-74.1297,2.6638,100.0000,default,17,rsu(293m),1301,44251,0.4581,293,2.0193,5,8,-74.1297,-91.1194,direct,0.0500,27.2000,-59.1486
292.8,node[20],0,4880.8402,2731.7846,1.8950,0.0000,0.0000,2.6659,-831179687#0,-70.1809,4.1891,100.0000,default,17,rsu(293m),1302,44285,0.6444,293,2.0211,6,10,-70.1809,-87.1706,direct,0.0500,27.2000,-59.1486
292.9,node[20],0,4880.8402,2731.7846,1.8950,0.0000,0.0000,2.6659,-831179687#0,-74.4782,3.9184,100.0000,default,17,rsu(293m),1303,44319,0.6128,293,2.0229,6,10,-74.4782,-91.4679,direct,0.0500,27.2000,-59.1486
293,node[20],0,4880.8402,2731.7846,1.8950,0.0000,0.0000,2.6659,-831179687#0,-74.7990,-0.3521,100.0000,default,17,rsu(293m),1304,44353,0.1576,293,2.0171,4,6,-74.7990,-91.7887,direct,0.0500,27.2000,-59.1486
293.1,node[20],0,4880.8402,2731.7846,1.8950,0.0000,0.0000,2.6659,-831179687#0,-70.7205,3.3901,100.0000,default,17,rsu(293m),1305,44387,0.5486,293,2.0220,6,10,-70.7205,-87.7102,direct,0.0500,27.2000,-59.1486
293.2,node[20],0,4880.8402,2731.7846,1.8950,0.0000,0.0000,2.6659,-831179687#0,-85.2737,-5.0000,100.0000,default,17,rsu(293m),1306,44421,0.0180,293,2.0236,2,2,-85.2737,-102.2634,direct,0.0500,27.2000,-59.1486
293.3,node[20],0,4880.8402,2731.7846,1.8950,0.0000,0.0000,2.6659,-831179687#0,-69.5736,8.4919,100.0000,default,17,rsu(293m),1307,44455,0.9397,293,2.0209,8,14,-69.5736,-86.5633,direct,0.0500,27.2000,-59.1486
293.4,node[20],0,4880.8402,2731.7846,1.8950,0.0000,0.0000,2.6659,-831179687#0,-73.9125,5.4015,100.0000,default,17,rsu(293m),1308,44489,0.7687,293,2.0155,7,12,-73.9125,-90.9022,direct,0.0500,27.2000,-59.1486
293.5,node[20],0,4880.8402,2731.7846,1.8950,0.0000,0.0000,2.6659,-831179687#0,-74.5112,2.9232,100.0000,default,17,rsu(293m),1309,44523,0.4904,293,2.0258,5,8,-74.5112,-91.5009,direct,0.0500,27.2000,-59.1486
293.6,node[20],0,4880.8402,2731.7846,1.8950,0.0000,0.0000,2.6659,-831179687#0,-75.4321,3.1208,100.0000,default,17,rsu(293m),1310,44557,0.5151,293,2.0198,6,10,-75.4321,-92.4218,direct,0.0500,27.2000,-59.1486
293.7,node[20],0,4880.8402,2731.7846,1.8950,0.0000,0.0000,2.6659,-831179687#0,-71.3008,7.0952,100.0000,default,17,rsu(293m),1311,44591,0.8857,293,2.0143,8,14,-71.3008,-88.2905,direct,0.0500,27.2000,-59.1486
293.8,node[20],0,4880.8402,2731.7846,1.8950,0.0000,0.0000,2.6659,-831179687#0,-70.9962,3.8127,100.0000,default,17,rsu(293m),1312,44625,0.6002,293,2.0212,6,10,-70.9962,-87.9859,direct,0.0500,27.2000,-59.1486
293.9,node[20],0,4880.8402,2731.7846,1.8950,0.0000,0.0000,2.6659,-831179687#0,-76.2582,-2.4841,100.0000,default,17,rsu(293m),1313,44659,0.0605,293,2.0157,3,4,-76.2582,-93.2479,direct,0.0500,27.2000,-59.1486
294,node[20],0,4880.8402,2731.7846,1.8950,0.0000,0.0000,2.6659,-831179687#0,-76.5207,-2.3739,100.0000,default,17,rsu(293m),1314,44693,0.0637,293,2.0156,3,4,-76.5207,-93.5104,direct,0.0500,27.2000,-59.1486
294.1,node[20],0,4880.8402,2731.7846,1.8950,0.0000,0.0000,2.6659,-831179687#0,-79.1617,-0.2747,100.0000,default,17,rsu(293m),1315,44727,0.1628,293,2.0224,4,6,-79.1617,-96.1514,direct,0.0500,27.2000,-59.1486
294.2,node[20],0,4880.8402,2731.7846,1.8950,0.0000,0.0000,2.6659,-831179687#0,-70.9484,3.4620,100.0000,default,17,rsu(293m),1316,44761,0.5575,293,2.0163,6,10,-70.9484,-87.9381,direct,0.0500,27.2000,-59.1486
294.3,node[20],0,4880.8402,2731.7846,1.8950,0.0000,0.0000,2.6659,-831179687#0,-75.3118,-0.7970,100.0000,default,17,rsu(293m),1317,44795,0.1303,293,2.0230,4,6,-75.3118,-92.3015,direct,0.0500,27.2000,-59.1486
294.4,node[20],0,4880.8402,2731.7846,1.8950,0.0000,0.0000,2.6659,-831179687#0,-73.4217,3.6947,100.0000,default,17,rsu(293m),1318,44829,0.5860,293,2.0228,6,10,-73.4217,-90.4114,direct,0.0500,27.2000,-59.1486
294.5,node[20],0,4880.8402,2731.7846,1.8950,0.0000,0.0000,2.6659,-831179687#0,-82.3429,-5.0000,100.0000,default,17,rsu(293m),1319,44863,0.0180,293,2.0166,2,2,-82.3429,-99.3326,direct,0.0500,27.2000,-59.1486
294.6,node[20],0,4880.8402,2731.7846,1.8950,0.0000,0.0000,2.6659,-831179687#0,-75.5173,1.3852,100.0000,default,17,rsu(293m),1320,44897,0.3084,293,2.0163,5,8,-75.5173,-92.5070,direct,0.0500,27.2000,-59.1486
294.7,node[20],0,4880.8402,2731.7846,1.8950,0.0000,0.0000,2.6659,-831179687#0,-81.7870,-4.7102,100.0000,default,17,rsu(293m),1321,44931,0.0207,293,2.0229,2,2,-81.7870,-98.7767,direct,0.0500,27.2000,-59.1486
294.8,node[20],0,4880.8402,2731.7846,1.8950,0.0000,0.0000,2.6659,-831179687#0,-74.2465,4.5867,100.0000,default,17,rsu(293m),1322,44965,0.6885,293,2.0198,6,10,-74.2465,-91.2362,direct,0.0500,27.2000,-59.1486
294.9,node[20],0,4880.8402,2731.7846,1.8950,0.0000,0.0000,2.6659,-831179687#0,-76.8413,1.7782,100.0000,default,17,rsu(293m),1323,44999,0.3519,293,2.0210,5,8,-76.8413,-93.8310,direct,0.0500,27.2000,-59.1486
295,node[20],0,4880.8402,2731.7846,1.8950,0.0000,0.0000,2.6659,-831179687#0,-68.8416,10.1553,100.0000,default,17,rsu(293m),1324,45033,0.9728,293,2.0152,9,16,-68.8416,-85.8313,direct,0.0500,27.2000,-59.1486
295.1,node[20],0,4880.8402,2731.7846,1.8950,0.0000,0.0000,2.6659,-831179687#0,-73.5087,3.1137,100.0000,default,17,rsu(293m),1325,45067,0.5142,293,2.0249,6,10,-73.5087,-90.4984,direct,0.0500,27.2000,-59.1486
295.2,node[20],0,4880.8402,2731.7846,1.8950,0.0000,0.0000,2.6659,-831179687#0,-73.4804,3.7932,100.0000,default,17,rsu(293m),1326,45101,0.5979,293,2.0184,6,10,-73.4804,-90.4701,direct,0.0500,27.2000,-59.1486
295.3,node[20],0,4880.8402,2731.7846,1.8950,0.0000,0.0000,2.6659,-831179687#0,-79.3916,-1.0170,100.0000,default,17,rsu(293m),1327,45135,0.1183,293,2.0228,3,4,-79.3916,-96.3813,direct,0.0500,27.2000,-59.1486
295.4,node[20],0,4880.8402,2731.7846,1.8950,0.0000,0.0000,2.6659,-831179687#0,-69.6954,7.7514,100.0000,default,17,rsu(293m),1328,45169,0.9150,293,2.0204,8,14,-69.6954,-86.6851,direct,0.0500,27.2000,-59.1486
295.5,node[20],0,4880.8402,2731.7846,1.8950,0.0000,0.0000,2.6659,-831179687#0,-73.0048,5.5078,100.0000,default,17,rsu(293m),1329,45203,0.7780,293,2.0228,7,12,-73.0048,-89.9945,direct,0.0500,27.2000,-59.1486
295.6,node[20],0,4880.8402,2731.7846,1.8950,0.0000,0.0000,2.6659,-831179687#0,-77.3583,-1.1671,100.0000,default,17,rsu(293m),1330,45237,0.1107,293,2.0204,3,4,-77.3583,-94.3480,direct,0.0500,27.2000,-59.1486
295.7,node[20],0,4880.8402,2731.7846,1.8950,0.0000,0.0000,2.6659,-831179687#0,-72.6297,1.8477,100.0000,default,17,rsu(293m),1331,45271,0.3598,293,2.0256,5,8,-72.6297,-89.6194,direct,0.0500,27.2000,-59.1486
295.8,node[20],0,4880.8402,2731.7846,1.8950,0.0000,0.0000,2.6659,-831179687#0,-75.6349,0.3508,100.0000,default,18,rsu(293m),1332,45305,0.2101,293,2.0232,4,6,-75.6349,-92.6246,direct,0.0500,27.2000,-59.1485
295.9,node[20],0,4880.8402,2731.7846,1.8950,0.0000,0.0000,2.6659,-831179687#0,-76.4907,1.6486,100.0000,default,18,rsu(293m),1333,45339,0.3372,293,2.0208,5,8,-76.4907,-93.4804,direct,0.0500,27.2000,-59.1485
296,node[20],0,4880.8402,2731.7846,1.8950,0.0000,0.0000,2.6659,-831179687#0,-75.1846,3.7589,100.0000,default,18,rsu(293m),1334,45373,0.5937,293,2.0261,6,10,-75.1846,-92.1743,direct,0.0500,27.2000,-59.1485
296.1,node[20],0,4880.8402,2731.7846,1.8950,0.0000,0.0000,2.6659,-831179687#0,-82.3971,-5.0000,100.0000,default,18,rsu(293m),1335,45407,0.0180,293,2.0208,2,2,-82.3971,-99.3868,direct,0.0500,27.2000,-59.1485
296.2,node[20],0,4880.8402,2731.7846,1.8950,0.0000,0.0000,2.6659,-831179687#0,-80.0621,-2.1167,100.0000,default,18,rsu(293m),1336,45441,0.0719,293,2.0202,3,4,-80.0621,-97.0518,direct,0.0500,27.2000,-59.1485
296.3,node[20],0,4880.8402,2731.7846,1.8950,0.0000,0.0000,2.6659,-831179687#0,-81.0252,-5.0000,100.0000,default,18,rsu(293m),1337,45475,0.0180,293,2.0195,2,2,-81.0252,-98.0149,direct,0.0500,27.2000,-59.1485
296.4,node[20],0,4880.8402,2731.7846,1.8950,0.0000,0.0000,2.6659,-831179687#0,-72.0025,6.7517,100.0000,default,18,rsu(293m),1338,45509,0.8671,293,2.0220,7,12,-72.0025,-88.9922,direct,0.0500,27.2000,-59.1485
296.5,node[20],0,4880.8402,2731.7846,1.8950,0.0000,0.0000,2.6659,-831179687#0,-80.4797,-4.2057,100.0000,default,18,rsu(293m),1339,45543,0.0265,293,2.0245,2,2,-80.4797,-97.4694,direct,0.0500,27.2000,-59.1485
296.6,node[20],0,4880.8402,2731.7846,1.8950,0.0000,0.0000,2.6659,-831179687#0,-75.2011,4.1312,100.0000,default,18,rsu(293m),1340,45577,0.6378,293,2.0221,6,10,-75.2011,-92.1908,direct,0.0500,27.2000,-59.1485
296.7,node[20],0,4880.8402,2731.7846,1.8950,0.0000,0.0000,2.6659,-831179687#0,-75.1300,3.2605,100.0000,default,18,rsu(293m),1341,45611,0.5325,293,2.0144,6,10,-75.1300,-92.1197,direct,0.0500,27.2000,-59.1485
296.8,node[20],0,4880.8402,2731.7846,1.8950,0.0000,0.0000,2.6659,-831179687#0,-77.5636,0.6916,100.0000,default,18,rsu(293m),1342,45645,0.2397,293,2.0250,4,6,-77.5636,-94.5533,direct,0.0500,27.2000,-59.1485
296.9,node[20],0,4880.8402,2731.7846,1.8950,0.0000,0.0000,2.6659,-831179687#0,-75.2501,4.0085,100.0000,default,18,rsu(293m),1343,45679,0.6235,293,2.0226,6,10,-75.2501,-92.2398,direct,0.0500,27.2000,-59.1485
297,node[20],0,4880.8402,2731.7846,1.8950,0.0000,0.0000,2.6659,-831179687#0,-75.9267,3.2917,100.0000,default,18,rsu(293m),1344,45713,0.5364,293,2.0252,6,10,-75.9267,-92.9164,direct,0.0500,27.2000,-59.1485
297.1,node[20],0,4880.8402,2731.7846,1.8950,0.0000,0.0000,2.6659,-831179687#0,-78.3581,-4.5091,100.0000,default,18,rsu(293m),1345,45747,0.0229,293,2.0228,2,2,-78.3581,-95.3478,direct,0.0500,27.2000,-59.1485
297.2,node[20],0,4880.8402,2731.7846,1.8950,0.0000,0.0000,2.6659,-831179687#0,-73.1902,1.6218,100.0000,default,18,rsu(293m),1346,45781,0.3342,293,2.0143,5,8,-73.1902,-90.1799,direct,0.0500,27.2000,-59.1485
297.3,node[20],0,4880.8402,2731.7846,1.8950,0.0000,0.0000,2.6659,-831179687#0,-76.5348,-2.1341,100.0000,default,18,rsu(293m),1347,45815,0.0713,293,2.0189,3,4,-76.5348,-93.5245,direct,0.0500,27.2000,-59.1485
297.4,node[20],0,4880.8402,2731.7846,1.8950,0.0000,0.0000,2.6659,-831179687#0,-77.2561,0.9428,100.0000,default,18,rsu(293m),1348,45849,0.2634,293,2.0244,4,6,-77.2561,-94.2458,direct,0.0500,27.2000,-59.1485
297.5,node[20],0,4880.8402,2731.7846,1.8950,0.0000,0.0000,2.6659,-831179687#0,-77.4439,-2.4612,100.0000,default,18,rsu(293m),1349,45883,0.0612,293,2.0220,3,4,-77.4439,-94.4336,direct,0.0500,27.2000,-59.1485
297.6,node[20],0,4880.8402,2731.7846,1.8950,0.0000,0.0000,2.6659,-831179687#0,-78.8609,0.1420,100.0000,default,18,rsu(293m),1350,45917,0.1933,293,2.0214,4,6,-78.8609,-95.8506,direct,0.0500,27.2000,-59.1485
297.7,node[20],0,4880.8402,2731.7846,1.8950,0.0000,0.0000,2.6659,-831179687#0,-77.0559,0.8477,100.0000,default,18,rsu(293m),1351,45951,0.2542,293,2.0140,4,6,-77.0559,-94.0456,direct,0.0500,27.2000,-59.1485
297.8,node[20],0,4880.8402,2731.7846,1.8950,0.0000,0.0000,2.6659,-831179687#0,-75.9953,0.9255,100.0000,default,18,rsu(293m),1352,45985,0.2617,293,2.0245,4,6,-75.9953,-92.9850,direct,0.0500,27.2000,-59.1485
297.9,node[20],0,4880.8402,2731.7846,1.8950,0.0000,0.0000,2.6659,-831179687#0,-77.2414,-0.2688,100.0000,default,18,rsu(293m),1353,46019,0.1632,293,2.0221,4,6,-77.2414,-94.2311,direct,0.0500,27.2000,-59.1485
298,node[20],0,4880.8402,2731.7846,1.8950,0.0000,0.0000,2.6659,-831179687#0,-73.3347,4.8405,100.0000,default,18,rsu(293m),1354,46053,0.7151,293,2.0216,6,10,-73.3347,-90.3244,direct,0.0500,27.2000,-59.1485
298.1,node[20],0,4880.8402,2731.7846,1.8950,0.0000,0.0000,2.6659,-831179687#0,-70.0721,6.1966,100.0000,default,18,rsu(293m),1355,46087,0.8318,293,2.0212,7,12,-70.0721,-87.0618,direct,0.0500,27.2000,-59.1485
298.2,node[20],0,4880.8402,2731.7846,1.8950,0.0000,0.0000,2.6659,-831179687#0,-83.7703,-5.0000,100.0000,default,18,rsu(293m),1356,46121,0.0180,293,2.0207,2,2,-83.7703,-100.7600,direct,0.0500,27.2000,-59.1485
298.3,node[20],0,4880.8402,2731.7846,1.8950,0.0000,0.0000,2.6659,-831179687#0,-70.8195,5.1946,100.0000,default,18,rsu(293m),1357,46155,0.7498,293,2.0203,7,12,-70.8195,-87.8092,direct,0.0500,27.2000,-59.1485
298.4,node[20],0,4880.8402,2731.7846,1.8950,0.0000,0.0000,2.6659,-831179687#0,-79.0036,-3.0106,100.0000,default,18,rsu(293m),1358,46189,0.0472,293,2.0258,2,2,-79.0036,-95.9933,direct,0.0500,27.2000,-59.1485
298.5,node[20],0,4880.8402,2731.7846,1.8950,0.0000,0.0000,2.6659,-831179687#0,-75.2333,-0.7013,100.0000,default,18,rsu(293m),1359,46223,0.1358,293,2.0163,4,6,-75.2333,-92.2230,direct,0.0500,27.2000,-59.1485
298.6,node[20],0,4880.8402,2731.7846,1.8950,0.0000,0.0000,2.6659,-831179687#0,-71.8446,6.3765,100.0000,default,18,rsu(293m),1360,46257,0.8440,293,2.0198,7,12,-71.8446,-88.8343,direct,0.0500,27.2000,-59.1485
298.7,node[20],0,4880.8402,2731.7846,1.8950,0.0000,0.0000,2.6659,-831179687#0,-73.7232,3.6718,100.0000,default,18,rsu(293m),1361,46291,0.5832,293,2.0183,6,10,-73.7232,-90.7129,direct,0.0500,27.2000,-59.1485
298.8,node[20],0,4880.8402,2731.7846,1.8950,0.0000,0.0000,2.6659,-831179687#0,-75.8932,1.5134,100.0000,default,18,rsu(293m),1362,46325,0.3223,293,2.0140,5,8,-75.8932,-92.8829,direct,0.0500,27.2000,-59.1485
298.9,node[20],0,4880.8402,2731.7846,1.8950,0.0000,0.0000,2.6659,-831179687#0,-70.6058,8.6099,100.0000,default,18,rsu(293m),1363,46359,0.9429,293,2.0146,8,14,-70.6058,-87.5955,direct,0.0500,27.2000,-59.1485
299,node[20],0,4880.8402,2731.7846,1.8950,0.0000,0.0000,2.6659,-831179687#0,-79.3368,-1.9055,100.0000,default,18,rsu(293m),1364,46393,0.0792,293,2.0152,3,4,-79.3368,-96.3265,direct,0.0500,27.2000,-59.1485
299.1,node[20],0,4880.8402,2731.7846,1.8950,0.0000,0.0000,2.6659,-831179687#0,-74.3298,4.2711,100.0000,default,18,rsu(293m),1365,46427,0.6537,293,2.0256,6,10,-74.3298,-91.3195,direct,0.0500,27.2000,-59.1485
299.2,node[20],0,4880.8402,2731.7846,1.8950,0.0000,0.0000,2.6659,-831179687#0,-73.0075,6.2232,100.0000,default,18,rsu(293m),1366,46462,0.8336,293,2.0227,7,12,-73.0075,-89.9972,direct,0.0500,27.2000,-59.1485
299.3,node[20],0,4880.8402,2731.7846,1.8950,0.0000,0.0000,2.6659,-831179687#0,-77.9021,0.4202,100.0000,default,18,rsu(293m),1367,46497,0.2159,293,2.0213,4,6,-77.9021,-94.8918,direct,0.0500,28.0000,-59.1485
299.4,node[20],0,4880.8402,2731.7846,1.8950,0.0000,0.0000,2.6659,-831179687#0,-77.0781,1.0538,100.0000,default,18,rsu(293m),1368,46532,0.2743,293,2.0170,5,8,-77.0781,-94.0678,direct,0.0500,28.0000,-59.1485
299.5,node[20],0,4880.8402,2731.7846,1.8950,0.0000,0.0000,2.6659,-831179687#0,-78.3872,-1.3405,100.0000,default,18,rsu(293m),1369,46567,0.1025,293,2.0203,3,4,-78.3872,-95.3769,direct,0.0500,28.0000,-59.1485
299.6,node[20],0,4880.8402,2731.7846,1.8950,0.0000,0.0000,2.6659,-831179687#0,-82.9192,-5.0000,100.0000,default,18,rsu(293m),1370,46602,0.0180,293,2.0258,2,2,-82.9192,-99.9089,direct,0.0500,28.0000,-59.1485
299.7,node[20],0,4880.8402,2731.7846,1.8950,0.0000,0.0000,2.6659,-831179687#0,-81.1073,-4.1835,100.0000,default,18,rsu(293m),1371,46637,0.0268,293,2.0231,2,2,-81.1073,-98.0970,direct,0.0500,28.0000,-59.1485
299.8,node[20],0,4880.8402,2731.7846,1.8950,0.0000,0.0000,2.6659,-831179687#0,-72.1205,7.2131,100.0000,default,18,rsu(293m),1372,46672,0.8915,293,2.0236,8,14,-72.1205,-89.1102,direct,0.0500,28.0000,-59.1485
299.9,node[20],0,4880.8402,2731.7846,1.8950,0.0000,0.0000,2.6659,-831179687#0,-76.3562,1.0846,100.0000,default,18,rsu(293m),1373,46707,0.2773,293,2.0208,5,8,-76.3562,-93.3459,direct,0.0500,28.0000,-59.1485
300,node[20],0,4880.8402,2731.7846,1.8950,0.0000,0.0000,2.6659,-831179687#0,-74.8421,3.0313,100.0000,default,18,rsu(293m),1374,46742,0.5039,293,2.0166,6,10,-74.8421,-91.8318,direct,0.0500,28.0000,-59.1485
300.1,node[20],0,4880.8402,2731.7846,1.8950,0.0000,0.0000,2.6659,-831179687#0,-76.6026,1.9572,100.0000,default,18,rsu(293m),1375,46777,0.3725,293,2.0138,5,8,-76.6026,-93.5923,direct,0.0500,28.0000,-59.1485
300.2,node[20],0,4880.8402,2731.7846,1.8950,0.0000,0.0000,2.6659,-831179687#0,-74.2678,2.4788,100.0000,default,18,rsu(293m),1376,46812,0.4352,293,2.0142,5,8,-74.2678,-91.2575,direct,0.0500,28.0000,-59.1485
300.3,node[20],0,4880.8402,2731.7846,1.8950,0.0000,0.0000,2.6659,-831179687#0,-75.8936,1.3717,100.0000,default,18,rsu(293m),1377,46847,0.3070,293,2.0173,5,8,-75.8936,-92.8833,direct,0.0500,28.0000,-59.1485
300.4,node[20],0,4880.8402,2731.7846,1.8950,0.0000,0.0000,2.6659,-831179687#0,-73.6027,5.0454,100.0000,default,18,rsu(293m),1378,46882,0.7355,293,2.0229,7,12,-73.6027,-90.5924,direct,0.0500,28.0000,-59.1485
300.5,node[20],0,4880.8402,2731.7846,1.8950,0.0000,0.0000,2.6659,-831179687#0,-72.8292,5.6724,100.0000,default,18,rsu(293m),1379,46917,0.7919,293,2.0214,7,12,-72.8292,-89.8189,direct,0.0500,28.0000,-59.1485
300.6,node[20],0,4880.8402,2731.7846,1.8950,0.0000,0.0000,2.6659,-831179687#0,-78.2040,-1.1363,100.0000,default,18,rsu(293m),1380,46952,0.1122,293,2.0199,3,4,-78.2040,-95.1937,direct,0.0500,28.0000,-59.1485
300.7,node[20],0,4880.8402,2731.7846,1.8950,0.0000,0.0000,2.6659,-831179687#0,-80.2505,-1.3242,100.0000,default,18,rsu(293m),1381,46988,0.1032,293,2.0260,3,4,-80.2505,-97.2402,direct,0.0500,28.4000,-59.1485
300.8,node[20],0,4880.8402,2731.7846,1.8950,0.0000,0.0000,2.6659,-831179687#0,-71.4820,4.4067,100.0000,default,19,rsu(293m),1382,47024,0.6689,293,2.0217,6,10,-71.4820,-88.4717,direct,0.0500,28.4000,-59.1484
300.9,node[20],0,4880.8402,2731.7846,1.8950,0.0000,0.0000,2.6659,-831179687#0,-74.3122,0.7563,100.0000,default,19,rsu(293m),1383,47060,0.2457,293,2.0219,4,6,-74.3122,-91.3019,direct,0.0500,28.8000,-59.1484
301,node[20],0,4880.8402,2731.7846,1.8950,0.0000,0.0000,2.6659,-831179687#0,-73.2498,2.0757,100.0000,default,19,rsu(293m),1384,47096,0.3865,293,2.0222,5,8,-73.2498,-90.2395,direct,0.0500,28.8000,-59.1484
301.1,node[20],0,4880.8402,2731.7846,1.8950,0.0000,0.0000,2.6659,-831179687#0,-78.0312,0.4506,100.0000,default,19,rsu(293m),1385,47132,0.2185,293,2.0252,4,6,-78.0312,-95.0209,direct,0.0500,28.8000,-59.1484
301.2,node[20],0,4880.8402,2731.7846,1.8950,0.0000,0.0000,2.6659,-831179687#0,-76.8709,-2.6476,100.0000,default,19,rsu(293m),1386,47168,0.0561,293,2.0209,3,4,-76.8709,-93.8606,direct,0.0500,28.8000,-59.1484
301.3,node[20],0,4880.8402,2731.7846,1.8950,0.0000,0.0000,2.6659,-831179687#0,-76.2839,1.4577,100.0000,default,19,rsu(293m),1387,47204,0.3162,293,2.0211,5,8,-76.2839,-93.2736,direct,0.0500,28.8000,-59.1484
301.4,node[20],0,4880.8402,2731.7846,1.8950,0.0000,0.0000,2.6659,-831179687#0,-72.4488,6.4489,100.0000,default,19,rsu(293m),1388,47240,0.8487,293,2.0180,7,12,-72.4488,-89.4385,direct,0.0500,28.8000,-59.1483
301.5,node[20],0,4880.8402,2731.7846,1.8950,0.0000,0.0000,2.6659,-831179687#0,-74.2602,3.9202,100.0000,default,19,rsu(293m),1389,47276,0.6130,293,2.0235,6,10,-74.2602,-91.2499,direct,0.0500,28.8000,-59.1483
301.6,node[20],0,4880.8402,2731.7846,1.8950,0.0000,0.0000,2.6659,-831179687#0,-73.4691,4.8216,100.0000,default,19,rsu(293m),1390,47312,0.7132,293,2.0204,6,10,-73.4691,-90.4588,direct,0.0500,28.8000,-59.1483
301.7,node[20],0,4880.8402,2731.7846,1.8950,0.0000,0.0000,2.6659,-831179687#0,-78.1738,0.9484,100.0000,default,19,rsu(293m),1391,47348,0.2639,293,2.0232,4,6,-78.1738,-95.1635,direct,0.0500,28.8000,-59.1483
301.8,node[20],0,4880.8402,2731.7846,1.8950,0.0000,0.0000,2.6659,-831179687#0,-75.6667,3.3313,100.0000,default,19,rsu(293m),1392,47384,0.5413,293,2.0261,6,10,-75.6667,-92.6564,direct,0.0500,28.8000,-59.1483
301.9,node[20],0,4880.8402,2731.7846,1.8950,0.0000,0.0000,2.6659,-831179687#0,-74.9161,4.2554,100.0000,default,19,rsu(293m),1393,47420,0.6520,293,2.0245,6,10,-74.9161,-91.9058,direct,0.0500,28.8000,-59.1483
302,node[20],0,4880.8402,2731.7846,1.8950,0.0000,0.0000,2.6659,-831179687#0,-76.1313,1.9997,100.0000,default,19,rsu(293m),1394,47456,0.3775,293,2.0213,5,8,-76.1313,-93.1210,direct,0.0500,28.8000,-59.1483
302.1,node[20],0,4880.8402,2731.7846,1.8950,0.0000,0.0000,2.6659,-831179687#0,-71.7699,6.6152,100.0000,default,19,rsu(293m),1395,47492,0.8591,293,2.0240,7,12,-71.7699,-88.7596,direct,0.0500,28.8000,-59.1483
302.2,node[20],0,4880.8402,2731.7846,1.8950,0.0000,0.0000,2.6659,-831179687#0,-78.4479,0.2969,100.0000,default,19,rsu(293m),1396,47528,0.2056,293,2.0137,4,6,-78.4479,-95.4376,direct,0.0500,28.8000,-59.1483
302.3,node[20],0,4880.8402,2731.7846,1.8950,0.0000,0.0000,2.6659,-831179687#0,-72.7371,4.7473,100.0000,default,19,rsu(293m),1397,47564,0.7055,293,2.0223,6,10,-72.7371,-89.7268,direct,0.0500,28.8000,-59.1483
302.4,node[20],0,4880.8402,2731.7846,1.8950,0.0000,0.0000,2.6659,-831179687#0,-85.4480,-5.0000,100.0000,default,19,rsu(293m),1398,47600,0.0180,293,2.0189,2,2,-85.4480,-102.4377,direct,0.0500,28.8000,-59.1483
302.5,node[20],0,4880.8402,2731.7846,1.8950,0.0000,0.0000,2.6659,-831179687#0,-70.9848,4.4931,100.0000,default,19,rsu(293m),1399,47636,0.6784,293,2.0141,6,10,-70.9848,-87.9745,direct,0.0500,28.8000,-59.1483
302.6,node[20],0,4880.8402,2731.7846,1.8950,0.0000,0.0000,2.6659,-831179687#0,-78.4733,-2.9608,100.0000,default,19,rsu(293m),1400,47672,0.0483,293,2.0139,3,4,-78.4733,-95.4630,direct,0.0500,28.8000,-59.1483
302.7,node[20],0,4880.8402,2731.7846,1.8950,0.0000,0.0000,2.6659,-831179687#0,-76.9616,-1.2256,100.0000,default,19,rsu(293m),1401,47708,0.1079,293,2.0252,3,4,-76.9616,-93.9513,direct,0.0500,28.8000,-59.1483
302.8,node[20],0,4880.8402,2731.7846,1.8950,0.0000,0.0000,2.6659,-831179687#0,-74.7586,4.2344,100.0000,default,19,rsu(293m),1402,47745,0.6496,293,2.0175,6,10,-74.7586,-91.7483,direct,0.0500,28.8000,-59.1483
302.9,node[20],0,4880.8402,2731.7846,1.8950,0.0000,0.0000,2.6659,-831179687#0,-81.5290,-4.7621,100.0000,default,19,rsu(293m),1403,47782,0.0202,293,2.0140,2,2,-81.5290,-98.5187,direct,0.0500,29.6000,-59.1483
303,node[20],0,4880.8402,2731.7846,1.8950,0.0000,0.0000,2.6659,-831179687#0,-78.7623,-1.2793,100.0000,default,19,rsu(293m),1404,47819,0.1053,293,2.0253,3,4,-78.7623,-95.7520,direct,0.0500,29.6000,-59.1483
303.1,node[20],0,4880.8402,2731.7846,1.8950,0.0000,0.0000,2.6659,-831179687#0,-74.7954,-0.5185,100.0000,default,19,rsu(293m),1405,47856,0.1469,293,2.0236,4,6,-74.7954,-91.7851,direct,0.0500,29.6000,-59.1483
303.2,node[20],0,4880.8402,2731.7846,1.8950,0.0000,0.0000,2.6659,-831179687#0,-73.9183,0.0375,100.0000,default,19,rsu(293m),1406,47893,0.1852,293,2.0191,4,6,-73.9183,-90.9080,direct,0.0500,29.6000,-59.1483
303.3,node[20],0,4880.8402,2731.7846,1.8950,0.0000,0.0000,2.6659,-831179687#0,-83.3142,-5.0000,100.0000,default,19,rsu(293m),1407,47930,0.0180,293,2.0215,2,2,-83.3142,-100.3039,direct,0.0500,29.6000,-59.1483
303.4,node[20],0,4880.8402,2731.7846,1.8950,0.0000,0.0000,2.6659,-831179687#0,-76.4302,-2.6371,100.0000,default,19,rsu(293m),1408,47967,0.0563,293,2.0197,3,4,-76.4302,-93.4199,direct,0.0500,29.6000,-59.1483
303.5,node[20],0,4880.8402,2731.7846,1.8950,0.0000,0.0000,2.6659,-831179687#0,-72.9154,5.9471,100.0000,default,19,rsu(293m),1409,48004,0.8136,293,2.0220,7,12,-72.9154,-89.9051,direct,0.0500,29.6000,-59.1483
303.6,node[20],0,4880.8402,2731.7846,1.8950,0.0000,0.0000,2.6659,-831179687#0,-78.8557,0.3468,100.0000,default,19,rsu(293m),1410,48041,0.2097,293,2.0143,4,6,-78.8557,-95.8454,direct,0.0500,29.6000,-59.1483
303.7,node[20],0,4880.8402,2731.7846,1.8950,0.0000,0.0000,2.6659,-831179687#0,-79.2865,-2.7687,100.0000,default,19,rsu(293m),1411,48078,0.0529,293,2.0255,3,4,-79.2865,-96.2762,direct,0.0500,29.6000,-59.1482
303.8,node[20],0,4880.8402,2731.7846,1.8950,0.0000,0.0000,2.6659,-831179687#0,-69.4474,9.1088,100.0000,default,19,rsu(293m),1412,48115,0.9550,293,2.0177,9,16,-69.4474,-86.4371,direct,0.0500,29.6000,-59.1482
303.9,node[20],0,4880.8402,2731.7846,1.8950,0.0000,0.0000,2.6659,-831179687#0,-75.4435,-1.2618,100.0000,default,19,rsu(293m),1413,48152,0.1061,293,2.0170,3,4,-75.4435,-92.4332,direct,0.0500,29.6000,-59.1482
304,node[20],0,4880.8402,2731.7846,1.8950,0.0000,0.0000,2.6659,-831179687#0,-76.0921,3.0919,100.0000,default,19,rsu(293m),1414,48189,0.5115,293,2.0261,6,10,-76.0921,-93.0818,direct,0.0500,29.6000,-59.1482
304.1,node[20],0,4880.8402,2731.7846,1.8950,0.0000,0.0000,2.6659,-831179687#0,-71.4554,2.5157,100.0000,default,19,rsu(293m),1415,48226,0.4398,293,2.0243,5,8,-71.4554,-88.4451,direct,0.0500,29.6000,-59.1482
304.2,node[20],0,4880.8402,2731.7846,1.8950,0.0000,0.0000,2.6659,-831179687#0,-69.9781,6.8343,100.0000,default,19,rsu(293m),1416,48263,0.8718,293,2.0165,7,12,-69.9781,-86.9678,direct,0.0500,29.6000,-59.1482
304.3,node[20],0,4880.8402,2731.7846,1.8950,0.0000,0.0000,2.6659,-831179687#0,-76.3632,0.5479,100.0000,default,19,rsu(293m),1417,48300,0.2269,293,2.0157,4,6,-76.3632,-93.3529,direct,0.0500,29.6000,-59.1482
304.4,node[20],0,4880.8402,2731.7846,1.8950,0.0000,0.0000,2.6659,-831179687#0,-78.8651,0.0770,100.0000,default,19,rsu(293m),1418,48337,0.1882,293,2.0246,4,6,-78.8651,-95.8548,direct,0.0500,29.6000,-59.1482
304.5,node[20],0,4880.8402,2731.7846,1.8950,0.0000,0.0000,2.6659,-831179687#0,-78.1382,1.1161,100.0000,default,19,rsu(293m),1419,48374,0.2805,293,2.0167,5,8,-78.1382,-95.1279,direct,0.0500,29.6000,-59.1482
304.6,node[20],0,4880.8402,2731.7846,1.8950,0.0000,0.0000,2.6659,-831179687#0,-72.2104,4.6763,100.0000,default,19,rsu(293m),1420,48411,0.6981,293,2.0257,6,10,-72.2104,-89.2001,direct,0.0500,29.6000,-59.1482
304.7,node[20],0,4880.8402,2731.7846,1.8950,0.0000,0.0000,2.6659,-831179687#0,-77.7126,1.5636,100.0000,default,19,rsu(293m),1421,48448,0.3278,293,2.0237,5,8,-77.7126,-94.7023,direct,0.0500,29.6000,-59.1482
304.8,node[20],0,4880.8402,2731.7846,1.8950,0.0000,0.0000,2.6659,-831179687#0,-70.6576,8.4239,100.0000,default,19,rsu(293m),1422,48485,0.9377,293,2.0158,8,14,-70.6576,-87.6473,direct,0.0500,29.6000,-59.1482
304.9,node[20],0,4880.8402,2731.7846,1.8950,0.0000,0.0000,2.6659,-831179687#0,-72.2189,4.4507,100.0000,default,19,rsu(293m),1423,48522,0.6738,293,2.0246,6,10,-72.2189,-89.2086,direct,0.0500,29.6000,-59.1482
305,node[20],0,4880.8402,2731.7846,1.8950,0.0000,0.0000,2.6659,-831179687#0,-83.2926,-5.0000,100.0000,default,19,rsu(293m),1424,48559,0.0180,293,2.0226,2,2,-83.2926,-100.2823,direct,0.0500,29.6000,-59.1482
305.1,node[20],0,4880.8402,2731.7846,1.8950,0.0000,0.0000,2.6659,-831179687#0,-85.1024,-5.0000,100.0000,default,19,rsu(293m),1425,48596,0.0180,293,2.0206,2,2,-85.1024,-102.0921,direct,0.0500,29.6000,-59.1482
305.2,node[20],0,4880.8402,2731.7846,1.8950,0.0000,0.0000,2.6659,-831179687#0,-69.3402,8.8944,100.0000,default,19,rsu(293m),1426,48633,0.9501,293,2.0223,8,14,-69.3402,-86.3299,direct,0.0500,29.6000,-59.1481
305.3,node[20],0,4880.8402,2731.7846,1.8950,0.0000,0.0000,2.6659,-831179687#0,-76.2578,-2.1240,100.0000,default,19,rsu(293m),1427,48670,0.0716,293,2.0203,3,4,-76.2578,-93.2475,direct,0.0500,29.6000,-59.1481
305.4,node[20],0,4880.8402,2731.7846,1.8950,0.0000,0.0000,2.6659,-831179687#0,-74.4496,2.3619,100.0000,default,19,rsu(293m),1428,48707,0.4209,293,2.0159,5,8,-74.4496,-91.4393,direct,0.0500,29.6000,-59.1481
305.5,node[20],0,4880.8402,2731.7846,1.8950,0.0000,0.0000,2.6659,-831179687#0,-75.1764,3.2099,100.0000,default,19,rsu(293m),1429,48744,0.5262,293,2.0174,6,10,-75.1764,-92.1661,direct,0.0500,29.6000,-59.1481
305.6,node[20],0,4880.8402,2731.7846,1.8950,0.0000,0.0000,2.6659,-831179687#0,-72.7386,2.3293,100.0000,default,19,rsu(293m),1430,48781,0.4169,293,2.0260,5,8,-72.7386,-89.7283,direct,0.0500,29.6000,-59.1481
305.7,node[20],0,4880.8402,2731.7846,1.8950,0.0000,0.0000,2.6659,-831179687#0,-82.4724,-4.3541,100.0000,default,19,rsu(293m),1431,48819,0.0247,293,2.0254,2,2,-82.4724,-99.4621,direct,0.0500,30.0000,-59.1481
305.8,node[20],0,4880.8402,2731.7846,1.8950,0.0000,0.0000,2.6659,-831179687#0,-79.5252,-0.7820,100.0000,default,19,rsu(293m),1432,48857,0.1311,293,2.0217,4,6,-79.5252,-96.5149,direct,0.0500,30.0000,-59.1481
305.9,node[20],0,4880.8402,2731.7846,1.8950,0.0000,0.0000,2.6659,-831179687#0,-76.8182,2.3442,100.0000,default,19,rsu(293m),1433,48895,0.4188,293,2.0240,5,8,-76.8182,-93.8079,direct,0.0500,30.4000,-59.1481
306,node[20],0,4880.8402,2731.7846,1.8950,0.0000,0.0000,2.6659,-831179687#0,-76.5325,-0.1725,100.0000,default,19,rsu(293m),1434,48933,0.1699,293,2.0263,4,6,-76.5325,-93.5222,direct,0.0500,30.4000,-59.1481
306.1,node[20],0,4880.8402,2731.7846,1.8950,0.0000,0.0000,2.6659,-831179687#0,-76.7484,2.5549,100.0000,default,19,rsu(293m),1435,48971,0.4446,293,2.0257,5,8,-76.7484,-93.7381,direct,0.0500,30.4000,-59.1481
306.2,node[20],0,4880.8402,2731.7846,1.8950,0.0000,0.0000,2.6659,-831179687#0,-72.4075,6.8312,100.0000,default,19,rsu(293m),1436,49009,0.8716,293,2.0150,7,12,-72.4075,-89.3972,direct,0.0500,30.4000,-59.1481
306.3,node[20],0,4880.8402,2731.7846,1.8950,0.0000,0.0000,2.6659,-831179687#0,-80.5894,-2.4083,100.0000,default,19,rsu(293m),1437,49047,0.0627,293,2.0207,3,4,-80.5894,-97.5791,direct,0.0500,30.4000,-59.1480
306.4,node[20],0,4880.8402,2731.7846,1.8950,0.0000,0.0000,2.6659,-831179687#0,-73.8316,2.6982,100.0000,default,19,rsu(293m),1438,49085,0.4623,293,2.0264,5,8,-73.8316,-90.8213,direct,0.0500,30.4000,-59.1480
306.5,node[20],0,4880.8402,2731.7846,1.8950,0.0000,0.0000,2.6659,-831179687#0,-80.7428,-5.0000,100.0000,default,19,rsu(293m),1439,49123,0.0180,293,2.0227,2,2,-80.7428,-97.7325,direct,0.0500,30.4000,-59.1480
306.6,node[20],0,4880.8402,2731.7846,1.8950,0.0000,0.0000,2.6659,-831179687#0,-74.3836,2.1897,100.0000,default,18,rsu(293m),1440,49161,0.4001,293,2.0189,5,8,-74.3836,-91.3733,direct,0.0500,30.4000,-59.1482
306.7,node[20],0,4880.8402,2731.7846,1.8950,0.0000,0.0000,2.6659,-831179687#0,-78.1038,-3.1747,100.0000,default,18,rsu(293m),1441,49199,0.0436,293,2.0217,2,2,-78.1038,-95.0935,direct,0.0500,30.4000,-59.1482
306.8,node[20],0,4880.8402,2731.7846,1.8950,0.0000,0.0000,2.6659,-831179687#0,-77.1018,0.9131,100.0000,default,18,rsu(293m),1442,49237,0.2605,293,2.0240,4,6,-77.1018,-94.0915,direct,0.0500,30.4000,-59.1482
306.9,node[20],0,4880.8402,2731.7846,1.8950,0.0000,0.0000,2.6659,-831179687#0,-70.3985,7.2092,100.0000,default,18,rsu(293m),1443,49275,0.8914,293,2.0144,8,14,-70.3985,-87.3882,direct,0.0500,30.4000,-59.1482
307,node[20],0,4880.8402,2731.7846,1.8950,0.0000,0.0000,2.6659,-831179687#0,-83.0328,-3.8932,100.0000,default,18,rsu(293m),1444,49313,0.0309,293,2.0178,2,2,-83.0328,-100.0225,direct,0.0500,30.4000,-59.1481
307.1,node[20],0,4880.8402,2731.7846,1.8950,0.0000,0.0000,2.6659,-831179687#0,-79.0928,-4.2249,100.0000,default,18,rsu(293m),1445,49351,0.0263,293,2.0175,2,2,-79.0928,-96.0825,direct,0.0500,30.4000,-59.1481
307.2,node[20],0,4880.8402,2731.7846,1.8950,0.0000,0.0000,2.6659,-831179687#0,-82.0938,-2.9766,100.0000,default,18,rsu(293m),1446,49389,0.0480,293,2.0143,3,4,-82.0938,-99.0835,direct,0.0500,30.4000,-59.1481
307.3,node[20],0,4880.8402,2731.7846,1.8950,0.0000,0.0000,2.6659,-831179687#0,-71.5819,6.0442,100.0000,default,18,rsu(293m),1447,49427,0.8208,293,2.0209,7,12,-71.5819,-88.5716,direct,0.0500,30.4000,-59.1481
307.4,node[20],0,4880.8402,2731.7846,1.8950,0.0000,0.0000,2.6659,-831179687#0,-75.8244,-1.9658,100.0000,default,18,rsu(293m),1448,49465,0.0771,293,2.0145,3,4,-75.8244,-92.8141,direct,0.0500,30.4000,-59.1481
307.5,node[20],0,4880.8402,2731.7846,1.8950,0.0000,0.0000,2.6659,-831179687#0,-77.6554,-2.3603,100.0000,default,18,rsu(293m),1449,49503,0.0642,293,2.0238,3,4,-77.6554,-94.6451,direct,0.0500,30.4000,-59.1481
307.6,node[20],0,4880.8402,2731.7846,1.8950,0.0000,0.0000,2.6659,-831179687#0,-81.0739,-2.6932,100.0000,default,18,rsu(293m),1450,49541,0.0549,293,2.0142,3,4,-81.0739,-98.0636,direct,0.0500,30.4000,-59.1481
307.7,node[20],0,4880.8402,2731.7846,1.8950,0.0000,0.0000,2.6659,-831179687#0,-72.9923,4.7981,100.0000,default,18,rsu(293m),1451,49579,0.7108,293,2.0235,6,10,-72.9923,-89.9820,direct,0.0500,30.4000,-59.1481
307.8,node[20],0,4880.8402,2731.7846,1.8950,0.0000,0.0000,2.6659,-831179687#0,-73.8539,4.2728,100.0000,default,18,rsu(293m),1452,49617,0.6539,293,2.0198,6,10,-73.8539,-90.8436,direct,0.0500,30.4000,-59.1480
307.9,node[20],0,4880.8402,2731.7846,1.8950,0.0000,0.0000,2.6659,-831179687#0,-73.7140,5.0832,100.0000,default,18,rsu(293m),1453,49655,0.7392,293,2.0263,7,12,-73.7140,-90.7037,direct,0.0500,30.4000,-59.1480
308,node[20],0,4880.8402,2731.7846,1.8950,0.0000,0.0000,2.6659,-831179687#0,-74.1048,4.8294,100.0000,default,18,rsu(293m),1454,49693,0.7140,293,2.0198,6,10,-74.1048,-91.0945,direct,0.0500,30.4000,-59.1480
308.1,node[20],0,4880.8402,2731.7846,1.8950,0.0000,0.0000,2.6659,-831179687#0,-72.6845,4.0731,100.0000,default,18,rsu(293m),1455,49731,0.6310,293,2.0163,6,10,-72.6845,-89.6742,direct,0.0500,30.4000,-59.1480
308.2,node[20],0,4880.8402,2731.7846,1.8950,0.0000,0.0000,2.6659,-831179687#0,-68.2094,9.9255,100.0000,default,18,rsu(293m),1456,49769,0.9696,293,2.0227,9,16,-68.2094,-85.1991,direct,0.0500,30.4000,-59.1480
308.3,node[20],0,4880.8402,2731.7846,1.8950,0.0000,0.0000,2.6659,-831179687#0,-78.7270,-4.0173,100.0000,default,18,rsu(293m),1457,49807,0.0291,293,2.0260,2,2,-78.7270,-95.7167,direct,0.0500,30.4000,-59.1480
308.4,node[20],0,4880.8402,2731.7846,1.8950,0.0000,0.0000,2.6659,-831179687#0,-72.2624,3.7441,100.0000,default,18,rsu(293m),1458,49845,0.5920,293,2.0222,6,10,-72.2624,-89.2521,direct,0.0500,30.4000,-59.1480
308.5,node[20],0,4880.8402,2731.7846,1.8950,0.0000,0.0000,2.6659,-831179687#0,-74.6332,1.8249,100.0000,default,18,rsu(293m),1459,49883,0.3572,293,2.0185,5,8,-74.6332,-91.6229,direct,0.0500,30.4000,-59.1479
308.6,node[20],0,4880.8402,2731.7846,1.8950,0.0000,0.0000,2.6659,-831179687#0,-73.3710,2.8789,100.0000,default,18,rsu(293m),1460,49921,0.4849,293,2.0177,5,8,-73.3710,-90.3607,direct,0.0500,30.4000,-59.1479
308.7,node[20],0,4880.8402,2731.7846,1.8950,0.0000,0.0000,2.6659,-831179687#0,-72.8475,6.4759,100.0000,default,18,rsu(293m),1461,49959,0.8504,293,2.0239,7,12,-72.8475,-89.8372,direct,0.0500,30.4000,-59.1479
308.8,node[20],0,4880.8402,2731.7846,1.8950,0.0000,0.0000,2.6659,-831179687#0,-72.9873,3.4388,100.0000,default,18,rsu(293m),1462,49997,0.5546,293,2.0141,6,10,-72.9873,-89.9770,direct,0.0500,30.4000,-59.1479
308.9,node[20],0,4880.8402,2731.7846,1.8950,0.0000,0.0000,2.6659,-831179687#0,-76.0873,2.6513,100.0000,default,18,rsu(293m),1463,50035,0.4565,293,2.0233,5,8,-76.0873,-93.0770,direct,0.0500,30.4000,-59.1479
309,node[20],0,4880.8402,2731.7846,1.8950,0.0000,0.0000,2.6659,-831179687#0,-70.1269,3.7117,100.0000,default,18,rsu(293m),1464,50073,0.5880,293,2.0166,6,10,-70.1269,-87.1166,direct,0.0500,30.4000,-59.1479
309.1,node[20],0,4880.8402,2731.7846,1.8950,0.0000,0.0000,2.6659,-831179687#0,-75.5630,3.4122,100.0000,default,18,rsu(293m),1465,50111,0.5513,293,2.0157,6,10,-75.5630,-92.5527,direct,0.0500,30.4000,-59.1478
309.2,node[20],0,4880.8402,2731.7846,1.8950,0.0000,0.0000,2.6659,-831179687#0,-77.2147,1.9026,100.0000,default,18,rsu(293m),1466,50149,0.3662,293,2.0147,5,8,-77.2147,-94.2044,direct,0.0500,30.4000,-59.1478
309.3,node[20],0,4880.8402,2731.7846,1.8950,0.0000,0.0000,2.6659,-831179687#0,-83.8341,-5.0000,100.0000,default,18,rsu(293m),1467,50187,0.0180,293,2.0211,2,2,-83.8341,-100.8238,direct,0.0500,30.4000,-59.1478
309.4,node[20],0,4880.8402,2731.7846,1.8950,0.0000,0.0000,2.6659,-831179687#0,-71.3464,6.6160,100.0000,default,18,rsu(293m),1468,50225,0.8591,293,2.0200,7,12,-71.3464,-88.3361,direct,0.0500,30.4000,-59.1478
309.5,node[20],0,4880.8402,2731.7846,1.8950,0.0000,0.0000,2.6659,-831179687#0,-71.3495,4.9048,100.0000,default,18,rsu(293m),1469,50263,0.7216,293,2.0189,6,10,-71.3495,-88.3392,direct,0.0500,30.4000,-59.1478
309.6,node[20],0,4880.8402,2731.7846,1.8950,0.0000,0.0000,2.6659,-831179687#0,-78.6362,-3.8708,100.0000,default,18,rsu(293m),1470,50301,0.0312,293,2.0178,2,2,-78.6362,-95.6259,direct,0.0500,30.4000,-59.1477
309.7,node[20],0,4880.8402,2731.7846,1.8950,0.0000,0.0000,2.6659,-831179687#0,-76.6909,0.5583,100.0000,default,18,rsu(293m),1471,50339,0.2278,293,2.0139,4,6,-76.6909,-93.6806,direct,0.0500,30.4000,-59.1477
309.8,node[20],0,4880.8402,2731.7846,1.8950,0.0000,0.0000,2.6659,-831179687#0,-75.2008,-1.3181,100.0000,default,18,rsu(293m),1472,50377,0.1035,293,2.0201,3,4,-75.2008,-92.1905,direct,0.0500,30.4000,-59.1477
309.9,node[20],0,4880.8402,2731.7846,1.8950,0.0000,0.0000,2.6659,-831179687#0,-73.8436,4.7804,100.0000,default,18,rsu(293m),1473,50415,0.7089,293,2.0259,6,10,-73.8436,-90.8333,direct,0.0500,30.4000,-59.1477
310,node[20],0,4880.8402,2731.7846,1.8950,0.0000,0.0000,2.6659,-831179687#0,-78.5164,-4.1576,100.0000,default,18,rsu(293m),1474,50453,0.0272,293,2.0191,2,2,-78.5164,-95.5061,direct,0.0500,30.4000,-59.1476
310.1,node[20],0,4880.8402,2731.7846,1.8950,0.0000,0.0000,2.6659,-831179687#0,-73.9852,2.2500,100.0000,default,18,rsu(293m),1475,50491,0.4073,293,2.0234,5,8,-73.9852,-90.9749,direct,0.0500,30.4000,-59.1476
310.2,node[20],0,4880.8402,2731.7846,1.8950,0.0000,0.0000,2.6659,-831179687#0,-71.9065,6.8989,100.0000,default,18,rsu(293m),1476,50530,0.8754,293,2.0222,7,12,-71.9065,-88.8962,direct,0.0500,30.4000,-59.1476
310.3,node[20],0,4880.8402,2731.7846,1.8950,0.0000,0.0000,2.6659,-831179687#0,-77.2701,0.2670,100.0000,default,18,rsu(293m),1477,50569,0.2032,293,2.0238,4,6,-77.2701,-94.2598,direct,0.0500,31.2000,-59.1476
310.4,node[20],0,4880.8402,2731.7846,1.8950,0.0000,0.0000,2.6659,-831179687#0,-74.6934,3.9354,100.0000,default,18,rsu(293m),1478,50608,0.6148,293,2.0194,6,10,-74.6934,-91.6831,direct,0.0500,31.2000,-59.1475
310.5,node[20],0,4880.8402,2731.7846,1.8950,0.0000,0.0000,2.6659,-831179687#0,-82.5652,-3.7463,100.0000,default,18,rsu(293m),1479,50647,0.0331,293,2.0235,2,2,-82.5652,-99.5549,direct,0.0500,31.2000,-59.1475
310.6,node[20],0,4880.8402,2731.7846,1.8950,0.0000,0.0000,2.6659,-831179687#0,-74.1129,4.2796,100.0000,default,18,rsu(293m),1480,50686,0.6547,293,2.0251,6,10,-74.1129,-91.1026,direct,0.0500,31.2000,-59.1475
310.7,node[20],0,4880.8402,2731.7846,1.8950,0.0000,0.0000,2.6659,-831179687#0,-79.2783,-4.3003,100.0000,default,18,rsu(293m),1481,50725,0.0253,293,2.0137,2,2,-79.2783,-96.2680,direct,0.0500,31.2000,-59.1475
310.8,node[20],0,4880.8402,2731.7846,1.8950,0.0000,0.0000,2.6659,-831179687#0,-80.3725,-1.8406,100.0000,default,18,rsu(293m),1482,50764,0.0816,293,2.0254,3,4,-80.3725,-97.3622,direct,0.0500,31.2000,-59.1474
310.9,node[20],0,4880.8402,2731.7846,1.8950,0.0000,0.0000,2.6659,-831179687#0,-71.3809,3.8303,100.0000,default,18,rsu(293m),1483,50803,0.6023,293,2.0210,6,10,-71.3809,-88.3706,direct,0.0500,31.2000,-59.1474
311,node[20],0,4880.8402,2731.7846,1.8950,0.0000,0.0000,2.6659,-831179687#0,-73.7801,3.2850,100.0000,default,18,rsu(293m),1484,50842,0.5356,293,2.0190,6,10,-73.7801,-90.7698,direct,0.0500,31.2000,-59.1474
311.1,node[20],0,4880.8402,2731.7846,1.8950,0.0000,0.0000,2.6659,-831179687#0,-80.3633,-4.0166,100.0000,default,18,rsu(293m),1485,50881,0.0291,293,2.0202,2,2,-80.3633,-97.3530,direct,0.0500,31.2000,-59.1473
311.2,node[20],0,4880.8402,2731.7846,1.8950,0.0000,0.0000,2.6659,-831179687#0,-71.6261,5.0663,100.0000,default,18,rsu(293m),1486,50920,0.7375,293,2.0182,7,12,-71.6261,-88.6158,direct,0.0500,31.2000,-59.1473
311.3,node[20],0,4880.8402,2731.7846,1.8950,0.0000,0.0000,2.6659,-831179687#0,-68.2254,7.7850,100.0000,default,18,rsu(293m),1487,50959,0.9163,293,2.0161,8,14,-68.2254,-85.2151,direct,0.0500,31.2000,-59.1473
311.4,node[20],0,4880.8402,2731.7846,1.8950,0.0000,0.0000,2.6659,-831179687#0,-81.4365,-3.7960,100.0000,default,18,rsu(293m),1488,50998,0.0324,293,2.0140,2,2,-81.4365,-98.4262,direct,0.0500,31.2000,-59.1472
311.5,node[20],0,4880.8402,2731.7846,1.8950,0.0000,0.0000,2.6659,-831179687#0,-78.3795,-0.6544,100.0000,default,18,rsu(293m),1489,51037,0.1386,293,2.0155,4,6,-78.3795,-95.3692,direct,0.0500,31.2000,-59.1472
311.6,node[20],0,4880.8402,2731.7846,1.8950,0.0000,0.0000,2.6659,-831179687#0,-75.4755,2.9044,100.0000,default,18,rsu(293m),1490,51076,0.4881,293,2.0240,5,8,-75.4755,-92.4652,direct,0.0500,31.2000,-59.1472
311.7,node[20],0,4880.8402,2731.7846,1.8950,0.0000,0.0000,2.6659,-831179687#0,-72.5812,2.0550,100.0000,default,18,rsu(293m),1491,51115,0.3840,293,2.0255,5,8,-72.5812,-89.5709,direct,0.0500,31.2000,-59.1471
311.8,node[20],0,4880.8402,2731.7846,1.8950,0.0000,0.0000,2.6659,-831179687#0,-69.6989,9.0257,100.0000,default,18,rsu(293m),1492,51154,0.9532,293,2.0241,9,16,-69.6989,-86.6886,direct,0.0500,31.2000,-59.1471
311.9,node[20],0,4880.8402,2731.7846,1.8950,0.0000,0.0000,2.6659,-831179687#0,-80.2514,-2.0459,100.0000,default,18,rsu(293m),1493,51193,0.0743,293,2.0256,3,4,-80.2514,-97.2411,direct,0.0500,31.2000,-59.1471
312,node[20],0,4880.8402,2731.7846,1.8950,0.0000,0.0000,2.6659,-831179687#0,-69.6309,7.4079,100.0000,default,18,rsu(293m),1494,51232,0.9006,293,2.0242,8,14,-69.6309,-86.6206,direct,0.0500,31.2000,-59.1470
312.1,node[20],0,4880.8402,2731.7846,1.8950,0.0000,0.0000,2.6659,-831179687#0,-74.7953,4.0665,100.0000,default,18,rsu(293m),1495,51271,0.6302,293,2.0196,6,10,-74.7953,-91.7850,direct,0.0500,31.2000,-59.1470
312.2,node[20],0,4880.8402,2731.7846,1.8950,0.0000,0.0000,2.6659,-831179687#0,-75.4640,-0.9773,100.0000,default,18,rsu(293m),1496,51310,0.1204,293,2.0173,4,6,-75.4640,-92.4537,direct,0.0500,31.2000,-59.1469
312.3,node[20],0,4880.8402,2731.7846,1.8950,0.0000,0.0000,2.6659,-831179687#0,-74.4139,3.2630,100.0000,default,18,rsu(293m),1497,51349,0.5328,293,2.0148,6,10,-74.4139,-91.4036,direct,0.0500,31.2000,-59.1469
312.4,node[20],0,4880.8402,2731.7846,1.8950,0.0000,0.0000,2.6659,-831179687#0,-66.5281,10.0519,100.0000,default,18,rsu(293m),1498,51388,0.9714,293,2.0264,9,16,-66.5281,-83.5178,direct,0.0500,31.2000,-59.1469
312.5,node[20],0,4880.8402,2731.7846,1.8950,0.0000,0.0000,2.6659,-831179687#0,-70.4358,5.1019,100.0000,default,18,rsu(293m),1499,51427,0.7410,293,2.0250,7,12,-70.4358,-87.4255,direct,0.0500,31.2000,-59.1468
312.6,node[20],0,4880.8402,2731.7846,1.8950,0.0000,0.0000,2.6659,-831179687#0,-71.3855,4.5935,100.0000,default,18,rsu(293m),1500,51466,0.6893,293,2.0203,6,10,-71.3855,-88.3752,direct,0.0500,31.2000,-59.1468
312.7,node[20],0,4880.8402,2731.7846,1.8950,0.0000,0.0000,2.6659,-831179687#0,-74.7679,4.2037,100.0000,default,18,rsu(293m),1501,51505,0.6461,293,2.0238,6,10,-74.7679,-91.7576,direct,0.0500,31.2000,-59.1467
312.8,node[20],0,4880.8402,2731.7846,1.8950,0.0000,0.0000,2.6659,-831179687#0,-75.3786,3.7934,100.0000,default,18,rsu(293m),1502,51544,0.5979,293,2.0223,6,10,-75.3786,-92.3683,direct,0.0500,31.2000,-59.1467
312.9,node[20],0,4880.8402,2731.7846,1.8950,0.0000,0.0000,2.6659,-831179687#0,-70.0248,8.8483,100.0000,default,18,rsu(293m),1503,51583,0.9490,293,2.0236,8,14,-70.0248,-87.0145,direct,0.0500,31.2000,-59.1466
313,node[20],0,4880.8402,2731.7846,1.8950,0.0000,0.0000,2.6659,-831179687#0,-72.7913,5.4625,100.0000,default,18,rsu(293m),1504,51622,0.7740,293,2.0220,7,12,-72.7913,-89.7810,direct,0.0500,31.2000,-59.1466
313.1,node[20],0,4880.8402,2731.7846,1.8950,0.0000,0.0000,2.6659,-831179687#0,-73.1294,4.6332,100.0000,default,18,rsu(293m),1505,51661,0.6935,293,2.0233,6,10,-73.1294,-90.1191,direct,0.0500,31.2000,-59.1465
313.2,node[20],0,4880.8402,2731.7846,1.8950,0.0000,0.0000,2.6659,-831179687#0,-72.1828,2.3815,100.0000,default,18,rsu(293m),1506,51700,0.4233,293,2.0186,5,8,-72.1828,-89.1725,direct,0.0500,31.2000,-59.1464
313.3,node[20],0,4880.8402,2731.7846,1.8950,0.0000,0.0000,2.6659,-831179687#0,-73.0176,4.3793,100.0000,default,18,rsu(293m),1507,51739,0.6659,293,2.0158,6,10,-73.0176,-90.0073,direct,0.0500,31.2000,-59.1464
313.4,node[20],0,4880.8402,2731.7846,1.8950,0.0000,0.0000,2.6659,-831179687#0,-72.5676,5.7638,100.0000,default,18,rsu(293m),1508,51778,0.7993,293,2.0240,7,12,-72.5676,-89.5573,direct,0.0500,31.2000,-59.1463
313.5,node[20],0,4880.8402,2731.7846,1.8950,0.0000,0.0000,2.6659,-831179687#0,-74.3858,-0.1208,100.0000,default,18,rsu(293m),1509,51817,0.1736,293,2.0224,4,6,-74.3858,-91.3755,direct,0.0500,31.2000,-59.1462
313.6,node[20],0,4880.8402,2731.7846,1.8950,0.0000,0.0000,2.6659,-831179687#0,-70.8666,3.5161,100.0000,default,18,rsu(293m),1510,51856,0.5642,293,2.0175,6,10,-70.8666,-87.8563,direct,0.0500,31.2000,-59.1462
313.7,node[20],0,4880.8402,2731.7846,1.8950,0.0000,0.0000,2.6659,-831179687#0,-78.4990,-1.4444,100.0000,default,18,rsu(293m),1511,51895,0.0978,293,2.0146,3,4,-78.4990,-95.4887,direct,0.0500,31.2000,-59.1461
313.8,node[20],0,4880.8402,2731.7846,1.8950,0.0000,0.0000,2.6659,-831179687#0,-79.0750,-3.1059,100.0000,default,18,rsu(293m),1512,51934,0.0451,293,2.0157,2,2,-79.0750,-96.0647,direct,0.0500,31.2000,-59.1460
313.9,node[20],0,4880.8402,2731.7846,1.8950,0.0000,0.0000,2.6659,-831179687#0,-77.4177,-0.0880,100.0000,default,18,rsu(293m),1513,51973,0.1760,293,2.0238,4,6,-77.4177,-94.4074,direct,0.0500,31.2000,-59.1459
314,node[20],0,4880.8402,2731.7846,1.8950,0.0000,0.0000,2.6659,-831179687#0,-79.4670,-3.4647,100.0000,default,18,rsu(293m),1514,52012,0.0380,293,2.0249,2,2,-79.4670,-96.4567,direct,0.0500,31.2000,-59.1459
314.1,node[20],0,4880.8402,2731.7846,1.8950,0.0000,0.0000,2.6659,-831179687#0,-75.2761,1.2903,100.0000,default,18,rsu(293m),1515,52051,0.2984,293,2.0200,5,8,-75.2761,-92.2658,direct,0.0500,31.2000,-59.1458
314.2,node[20],0,4880.8402,2731.7846,1.8950,0.0000,0.0000,2.6659,-831179687#0,-76.8992,1.6274,100.0000,default,18,rsu(293m),1516,52090,0.3349,293,2.0168,5,8,-76.8992,-93.8889,direct,0.0500,31.2000,-59.1457
314.3,node[20],0,4880.8402,2731.7846,1.8950,0.0000,0.0000,2.6659,-831179687#0,-71.7889,4.6313,100.0000,default,18,rsu(293m),1517,52129,0.6933,293,2.0136,6,10,-71.7889,-88.7786,direct,0.0500,31.2000,-59.1456
314.4,node[20],0,4880.8402,2731.7846,1.8950,0.0000,0.0000,2.6659,-831179687#0,-75.6787,1.5229,100.0000,default,18,rsu(293m),1518,52168,0.3233,293,2.0147,5,8,-75.6787,-92.6684,direct,0.0500,31.2000,-59.1455
314.5,node[20],0,4880.8402,2731.7846,1.8950,0.0000,0.0000,2.6659,-831179687#0,-72.3184,3.0076,100.0000,default,18,rsu(293m),1519,52207,0.5009,293,2.0227,6,10,-72.3184,-89.3081,direct,0.0500,31.2000,-59.1454
314.6,node[20],0,4880.8402,2731.7846,1.8950,0.0000,0.0000,2.6659,-831179687#0,-74.1734,3.8125,100.0000,default,18,rsu(293m),1520,52246,0.6002,293,2.0208,6,10,-74.1734,-91.1631,direct,0.0500,31.2000,-59.1453
314.7,node[20],0,4880.8402,2731.7846,1.8950,0.0000,0.0000,2.6659,-831179687#0,-70.7324,6.4198,100.0000,default,18,rsu(293m),1521,52285,0.8468,293,2.0206,7,12,-70.7324,-87.7221,direct,0.0500,31.2000,-59.1452
314.8,node[20],0,4880.8402,2731.7846,1.8950,0.0000,0.0000,2.6659,-831179687#0,-76.5617,0.9072,100.0000,default,18,rsu(293m),1522,52324,0.2599,293,2.0203,4,6,-76.5617,-93.5514,direct,0.0500,31.2000,-59.1451
314.9,node[20],0,4880.8402,2731.7846,1.8950,0.0000,0.0000,2.6659,-831179687#0,-73.8530,4.0962,100.0000,default,18,rsu(293m),1523,52363,0.6337,293,2.0228,6,10,-73.8530,-90.8427,direct,0.0500,31.2000,-59.1449
315,node[20],0,4880.8402,2731.7846,1.8950,0.0000,0.0000,2.6659,-831179687#0,-74.7994,1.4988,100.0000,default,18,rsu(293m),1524,52402,0.3207,293,2.0177,5,8,-74.7994,-91.7891,direct,0.0500,31.2000,-59.1448
315.1,node[20],0,4880.8402,2731.7846,1.8950,0.0000,0.0000,2.6659,-831179687#0,-70.1964,6.3316,100.0000,default,18,rsu(293m),1525,52441,0.8410,293,2.0201,7,12,-70.1964,-87.1861,direct,0.0500,31.2000,-59.1447
315.2,node[20],0,4880.8402,2731.7846,1.8950,0.0000,0.0000,2.6659,-831179687#0,-76.9715,0.5110,100.0000,default,18,rsu(293m),1526,52480,0.2237,293,2.0164,4,6,-76.9715,-93.9612,direct,0.0500,31.2000,-59.1445
315.3,node[20],0,4880.8402,2731.7846,1.8950,0.0000,0.0000,2.6659,-831179687#0,-79.8488,-1.3355,100.0000,default,18,rsu(293m),1527,52519,0.1027,293,2.0242,3,4,-79.8488,-96.8385,direct,0.0500,31.2000,-59.1444
315.4,node[20],0,4880.8402,2731.7846,1.8950,0.0000,0.0000,2.6659,-831179687#0,-81.4383,-2.2225,100.0000,default,18,rsu(293m),1528,52558,0.0684,293,2.0190,3,4,-81.4383,-98.4280,direct,0.0500,31.2000,-59.1442
315.5,node[20],0,4880.8402,2731.7846,1.8950,0.0000,0.0000,2.6659,-831179687#0,-74.4167,1.9129,100.0000,default,18,rsu(293m),1529,52597,0.3674,293,2.0212,5,8,-74.4167,-91.4064,direct,0.0500,31.2000,-59.1440
315.6,node[20],0,4880.8402,2731.7846,1.8950,0.0000,0.0000,2.6659,-831179687#0,-78.5736,-2.1040,100.0000,default,18,rsu(293m),1530,52636,0.0723,293,2.0205,3,4,-78.5736,-95.5633,direct,0.0500,31.2000,-59.1439
315.7,node[20],0,4880.8402,2731.7846,1.8950,0.0000,0.0000,2.6659,-831179687#0,-73.5184,0.8898,100.0000,default,18,rsu(293m),1531,52675,0.2582,293,2.0197,4,6,-73.5184,-90.5081,direct,0.0500,31.2000,-59.1437
315.8,node[20],0,4880.8402,2731.7846,1.8950,0.0000,0.0000,2.6659,-831179687#0,-75.2587,3.8780,100.0000,default,18,rsu(293m),1532,52714,0.6080,293,2.0218,6,10,-75.2587,-92.2484,direct,0.0500,31.2000,-59.1435
315.9,node[20],0,4880.8402,2731.7846,1.8950,0.0000,0.0000,2.6659,-831179687#0,-77.2675,1.6971,100.0000,default,18,rsu(293m),1533,52753,0.3427,293,2.0238,5,8,-77.2675,-94.2572,direct,0.0500,31.2000,-59.1432
316,node[20],0,4880.8402,2731.7846,1.8950,0.0000,0.0000,2.6659,-831179687#0,-74.1081,2.5564,100.0000,default,18,rsu(293m),1534,52792,0.4448,293,2.0184,5,8,-74.1081,-91.0978,direct,0.0500,31.2000,-59.1430
316.1,node[20],0,4880.8402,2731.7846,1.8950,0.0000,0.0000,2.6659,-831179687#0,-72.2889,5.5297,100.0000,default,18,rsu(293m),1535,52831,0.7799,293,2.0142,7,12,-72.2889,-89.2786,direct,0.0500,31.2000,-59.1428
316.2,node[20],0,4880.8402,2731.7846,1.8950,0.0000,0.0000,2.6659,-831179687#0,-68.1245,8.1196,100.0000,default,18,rsu(293m),1536,52870,0.9282,293,2.0148,8,14,-68.1245,-85.1142,direct,0.0500,31.2000,-59.1425
316.3,node[20],0,4880.8402,2731.7846,1.8950,0.0000,0.0000,2.6659,-831179687#0,-73.8091,4.3792,100.0000,default,18,rsu(293m),1537,52909,0.6659,293,2.0153,6,10,-73.8091,-90.7988,direct,0.0500,31.2000,-59.1422
316.4,node[20],0,4880.8402,2731.7846,1.8950,0.0000,0.0000,2.6659,-831179687#0,-72.6817,3.5273,100.0000,default,18,rsu(293m),1538,52948,0.5655,293,2.0227,6,10,-72.6817,-89.6714,direct,0.0500,31.2000,-59.1419
316.5,node[20],0,4880.8402,2731.7846,1.8950,0.0000,0.0000,2.6659,-831179687#0,-82.7225,-4.7911,100.0000,default,18,rsu(293m),1539,52987,0.0199,293,2.0232,2,2,-82.7225,-99.7122,direct,0.0500,31.2000,-59.1416
316.6,node[20],0,4880.8402,2731.7846,1.8950,0.0000,0.0000,2.6659,-831179687#0,-74.9342,3.9598,100.0000,default,18,rsu(293m),1540,53026,0.6177,293,2.0207,6,10,-74.9342,-91.9239,direct,0.0500,31.2000,-59.1412
316.7,node[20],0,4880.8402,2731.7846,1.8950,0.0000,0.0000,2.6659,-831179687#0,-70.2526,3.6545,100.0000,default,18,rsu(293m),1541,53065,0.5811,293,2.0163,6,10,-70.2526,-87.2423,direct,0.0500,31.2000,-59.1409
316.8,node[20],0,4880.8402,2731.7846,1.8950,0.0000,0.0000,2.6659,-831179687#0,-77.8355,-3.4071,100.0000,default,18,rsu(293m),1542,53104,0.0390,293,2.0167,2,2,-77.8355,-94.8252,direct,0.0500,31.2000,-59.1405
316.9,node[20],0,4880.8402,2731.7846,1.8950,0.0000,0.0000,2.6659,-831179687#0,-72.1350,7.1192,100.0000,default,18,rsu(293m),1543,53143,0.8869,293,2.0240,8,14,-72.1350,-89.1247,direct,0.0500,31.2000,-59.1400
317,node[20],0,4880.8402,2731.7846,1.8950,0.0000,0.0000,2.6659,-831179687#0,-71.9901,4.3544,100.0000,default,18,rsu(293m),1544,53182,0.6631,293,2.0183,6,10,-71.9901,-88.9798,direct,0.0500,31.2000,-59.1395
317.1,node[20],0,4880.8402,2731.7846,1.8950,0.0000,0.0000,2.6659,-831179687#0,-71.1652,4.6900,100.0000,default,18,rsu(293m),1545,53221,0.6995,293,2.0196,6,10,-71.1652,-88.1549,direct,0.0500,31.2000,-59.1390
317.2,node[20],0,4880.8402,2731.7846,1.8950,0.0000,0.0000,2.6659,-831179687#0,-78.2857,-0.1935,100.0000,default,18,rsu(293m),1546,53260,0.1684,293,2.0149,4,6,-78.2857,-95.2754,direct,0.0500,31.2000,-59.1385
317.3,node[20],0,4880.8402,2731.7846,1.8950,0.0000,0.0000,2.6659,-831179687#0,-78.1197,-3.9747,100.0000,default,18,rsu(293m),1547,53299,0.0297,293,2.0151,2,2,-78.1197,-95.1094,direct,0.0500,31.2000,-59.1379
317.4,node[20],0,4880.8402,2731.7846,1.8950,0.0000,0.0000,2.6659,-831179687#0,-74.0555,4.5116,100.0000,default,18,rsu(293m),1548,53338,0.6804,293,2.0223,6,10,-74.0555,-91.0452,direct,0.0500,31.2000,-59.1373
317.5,node[20],0,4880.8402,2731.7846,1.8950,0.0000,0.0000,2.6659,-831179687#0,-78.0914,-1.6027,100.0000,default,18,rsu(293m),1549,53377,0.0910,293,2.0236,3,4,-78.0914,-95.0811,direct,0.0500,31.2000,-59.1367
317.6,node[20],0,4880.8402,2731.7846,1.8950,0.0000,0.0000,2.6659,-831179687#0,-77.8739,-2.4843,100.0000,default,18,rsu(293m),1550,53416,0.0605,293,2.0248,3,4,-77.8739,-94.8636,direct,0.0500,31.2000,-59.1360
317.7,node[20],0,4880.8402,2731.7846,1.8950,0.0000,0.0000,2.6659,-831179687#0,-71.7728,6.7502,100.0000,default,18,rsu(293m),1551,53455,0.8670,293,2.0260,7,12,-71.7728,-88.7625,direct,0.0500,31.2000,-59.1352
317.8,node[20],0,4880.8402,2731.7846,1.8950,0.0000,0.0000,2.6659,-831179687#0,-85.3554,-5.0000,100.0000,default,18,rsu(293m),1552,53494,0.0180,293,2.0212,2,2,-85.3554,-102.3451,direct,0.0500,31.2000,-59.1344
317.9,node[20],0,4880.8402,2731.7846,1.8950,0.0000,0.0000,2.6659,-831179687#0,-72.6853,5.8740,100.0000,default,18,rsu(293m),1553,53533,0.8080,293,2.0173,7,12,-72.6853,-89.6750,direct,0.0500,31.2000,-59.1335
318,node[20],0,4880.8402,2731.7846,1.8950,0.0000,0.0000,2.6659,-831179687#0,-86.7106,-5.0000,100.0000,default,18,rsu(293m),1554,53572,0.0180,293,2.0156,2,2,-86.7106,-103.7003,direct,0.0500,31.2000,-59.1326
318.1,node[20],0,4880.8402,2731.7846,1.8950,0.0000,0.0000,2.6659,-831179687#0,-70.0655,4.2064,100.0000,default,18,rsu(293m),1555,53611,0.6464,293,2.0166,6,10,-70.0655,-87.0552,direct,0.0500,31.2000,-59.1316
318.2,node[20],0,4880.8402,2731.7846,1.8950,0.0000,0.0000,2.6659,-831179687#0,-72.6785,2.7976,100.0000,default,18,rsu(293m),1556,53650,0.4747,293,2.0177,5,8,-72.6785,-89.6682,direct,0.0500,31.2000,-59.1305
318.3,node[20],0,4880.8402,2731.7846,1.8950,0.0000,0.0000,2.6659,-831179687#0,-77.8946,-3.0993,100.0000,default,18,rsu(293m),1557,53689,0.0452,293,2.0265,2,2,-77.8946,-94.8843,direct,0.0500,31.2000,-59.1293
318.4,node[20],0,4880.8402,2731.7846,1.8950,0.0000,0.0000,2.6659,-831179687#0,-78.8603,-3.2483,100.0000,default,18,rsu(293m),1558,53728,0.0421,293,2.0215,2,2,-78.8603,-95.8500,direct,0.0500,31.2000,-59.1280
318.5,node[20],0,4880.8402,2731.7846,1.8950,0.0000,0.0000,2.6659,-831179687#0,-75.2382,1.5728,100.0000,default,18,rsu(293m),1559,53767,0.3288,293,2.0173,5,8,-75.2382,-92.2279,direct,0.0500,31.2000,-59.1266
318.6,node[20],0,4880.8402,2731.7846,1.8950,0.0000,0.0000,2.6659,-831179687#0,-80.0617,-4.6332,100.0000,default,18,rsu(293m),1560,53806,0.0215,293,2.0252,2,2,-80.0617,-97.0514,direct,0.0500,31.2000,-59.1251
318.7,node[20],0,4880.8402,2731.7846,1.8950,0.0000,0.0000,2.6659,-831179687#0,-68.1595,9.9935,100.0000,default,18,rsu(293m),1561,53845,0.9706,293,2.0137,9,16,-68.1595,-85.1492,direct,0.0500,31.2000,-59.1235
318.8,node[20],0,4880.8402,2731.7846,1.8950,0.0000,0.0000,2.6659,-831179687#0,-72.2060,2.8552,100.0000,default,18,rsu(293m),1562,53884,0.4819,293,2.0152,5,8,-72.2060,-89.1957,direct,0.0500,31.2000,-59.1218
318.9,node[20],0,4880.8402,2731.7846,1.8950,0.0000,0.0000,2.6659,-831179687#0,-71.4395,7.3493,100.0000,default,18,rsu(293m),1563,53923,0.8980,293,2.0166,8,14,-71.4395,-88.4292,direct,0.0500,31.2000,-59.1199
319,node[20],0,4880.8402,2731.7846,1.8950,0.0000,0.0000,2.6659,-831179687#0,-71.7343,2.0711,100.0000,default,18,rsu(293m),1564,53962,0.3859,293,2.0180,5,8,-71.7343,-88.7240,direct,0.0500,31.2000,-59.1178
319.1,node[20],0,4880.8402,2731.7846,1.8950,0.0000,0.0000,2.6659,-831179687#0,-79.2831,-1.4062,100.0000,default,18,rsu(293m),1565,54001,0.0995,293,2.0201,3,4,-79.2831,-96.2728,direct,0.0500,31.2000,-59.1155
319.2,node[20],0,4880.8402,2731.7846,1.8950,0.0000,0.0000,2.6659,-831179687#0,-69.2504,8.4398,100.0000,default,18,rsu(293m),1566,54040,0.9382,293,2.0221,8,14,-69.2504,-86.2401,direct,0.0500,31.2000,-59.1131
319.3,node[20],0,4880.8402,2731.7846,1.8950,0.0000,0.0000,2.6659,-831179687#0,-78.5812,0.3301,100.0000,default,18,rsu(293m),1567,54079,0.2083,293,2.0240,4,6,-78.5812,-95.5709,direct,0.0500,31.2000,-59.1105
319.4,node[20],0,4880.8402,2731.7846,1.8950,0.0000,0.0000,2.6659,-831179687#0,-84.2928,-5.0000,100.0000,default,18,rsu(293m),1568,54118,0.0180,293,2.0251,2,2,-84.2928,-101.2825,direct,0.0500,31.2000,-59.1076
319.5,node[20],0,4880.8402,2731.7846,1.8950,0.0000,0.0000,2.6659,-831179687#0,-74.1903,2.9491,100.0000,default,18,rsu(293m),1569,54157,0.4936,293,2.0262,5,8,-74.1903,-91.1800,direct,0.0500,31.2000,-59.1044
319.6,node[20],0,4880.8402,2731.7846,1.8950,0.0000,0.0000,2.6659,-831179687#0,-73.3072,3.2288,100.0000,default,18,rsu(293m),1570,54196,0.5286,293,2.0143,6,10,-73.3072,-90.2969,direct,0.0500,31.2000,-59.1010
319.7,node[20],0,4880.8402,2731.7846,1.8950,0.0000,0.0000,2.6659,-831179687#0,-71.8244,5.0452,100.0000,default,18,rsu(293m),1571,54235,0.7355,293,2.0152,7,12,-71.8244,-88.8141,direct,0.0500,31.2000,-59.0973
319.8,node[20],0,4880.8402,2731.7846,1.8950,0.0000,0.0000,2.6659,-831179687#0,-72.6670,2.9019,100.0000,default,18,rsu(293m),1572,54274,0.4877,293,2.0162,5,8,-72.6670,-89.6567,direct,0.0500,31.2000,-59.0932
319.9,node[20],0,4880.8402,2731.7846,1.8950,0.0000,0.0000,2.6659,-831179687#0,-77.6665,-0.9335,100.0000,default,18,rsu(293m),1573,54313,0.1227,293,2.0170,4,6,-77.6665,-94.6562,direct,0.0500,31.2000,-59.0888
320,node[20],0,4880.8402,2731.7846,1.8950,0.0000,0.0000,2.6659,-831179687#0,-82.5292,-5.0000,100.0000,default,18,rsu(293m),1574,54352,0.0180,293,2.0178,2,2,-82.5292,-99.5189,direct,0.0500,31.2000,-59.0839
320.1,node[20],0,4880.8402,2731.7846,1.8950,0.0000,0.0000,2.6659,-831179687#0,-71.6688,6.1331,100.0000,default,18,rsu(293m),1575,54391,0.8273,293,2.0185,7,12,-71.6688,-88.6585,direct,0.0500,31.2000,-59.0786
320.2,node[20],0,4880.8402,2731.7846,1.8950,0.0000,0.0000,2.6659,-831179687#0,-77.8043,1.1592,100.0000,default,18,rsu(293m),1576,54430,0.2849,293,2.0198,5,8,-77.8043,-94.7940,direct,0.0500,31.2000,-59.0729
320.3,node[20],0,4880.8402,2731.7846,1.8950,0.0000,0.0000,2.6659,-831179687#0,-76.0663,0.3485,100.0000,default,18,rsu(293m),1577,54469,0.2099,293,2.0210,4,6,-76.0663,-93.0560,direct,0.0500,31.2000,-59.0667
320.4,node[20],0,4880.8402,2731.7846,1.8950,0.0000,0.0000,2.6659,-831179687#0,-75.8162,2.1544,100.0000,default,18,rsu(293m),1578,54508,0.3958,293,2.0221,5,8,-75.8162,-92.8059,direct,0.0500,31.2000,-59.0599
320.5,node[20],0,4880.8402,2731.7846,1.8950,0.0000,0.0000,2.6659,-831179687#0,-77.3747,-2.9507,100.0000,default,18,rsu(293m),1579,54547,0.0486,293,2.0231,3,4,-77.3747,-94.3644,direct,0.0500,31.2000,-59.0525
320.6,node[20],0,4880.8402,2731.7846,1.8950,0.0000,0.0000,2.6659,-831179687#0,-70.8115,8.0227,100.0000,default,18,rsu(293m),1580,54586,0.9249,293,2.0235,8,14,-70.8115,-87.8012,direct,0.0500,31.2000,-59.0445
320.7,node[20],0,4880.8402,2731.7846,1.8950,0.0000,0.0000,2.6659,-831179687#0,-78.1102,0.9522,100.0000,default,18,rsu(293m),1581,54625,0.2643,293,2.0239,4,6,-78.1102,-95.0999,direct,0.0500,31.2000,-59.0358
320.8,node[20],0,4880.8402,2731.7846,1.8950,0.0000,0.0000,2.6659,-831179687#0,-77.0479,-0.5321,100.0000,default,18,rsu(293m),1582,54664,0.1460,293,2.0242,4,6,-77.0479,-94.0376,direct,0.0500,31.2000,-59.0264
320.9,node[20],0,4880.8402,2731.7846,1.8950,0.0000,0.0000,2.6659,-831179687#0,-74.6314,-0.2729,100.0000,default,18,rsu(293m),1583,54703,0.1629,293,2.0245,4,6,-74.6314,-91.6211,direct,0.0500,31.2000,-59.0163
321,node[20],0,4880.8402,2731.7846,1.8950,0.0000,0.0000,2.6659,-831179687#0,-77.6026,-1.7360,100.0000,default,18,rsu(293m),1584,54742,0.0856,293,2.0247,3,4,-77.6026,-94.5923,direct,0.0500,31.2000,-59.0055
321.1,node[20],0,4880.8402,2731.7846,1.8950,0.0000,0.0000,2.6659,-831179687#0,-78.6011,-0.6294,100.0000,default,18,rsu(293m),1585,54781,0.1401,293,2.0249,4,6,-78.6011,-95.5908,direct,0.0500,31.2000,-58.9939
321.2,node[20],0,4880.8402,2731.7846,1.8950,0.0000,0.0000,2.6659,-831179687#0,-72.9390,6.2523,100.0000,default,18,rsu(293m),1586,54820,0.8356,293,2.0250,7,12,-72.9390,-89.9287,direct,0.0500,31.2000,-58.9949
321.3,node[20],0,4880.8381,2731.7835,1.8950,0.0238,0.2383,2.6659,-831179687#0,-75.4684,0.0460,100.0000,default,18,rsu(293m),1587,54859,0.1859,293,2.0250,4,6,-75.4684,-92.4581,direct,0.0500,31.2000,-59.0079
321.4,node[20],0,4880.8314,2731.7801,1.8950,0.0752,0.5138,2.6659,-831179687#0,-75.0098,0.7802,100.0000,default,18,rsu(293m),1588,54898,0.2479,293,2.0250,4,6,-75.0098,-91.9995,direct,0.0500,31.2000,-59.0326
321.5,node[20],0,4880.8170,2731.7727,1.8950,0.1618,0.8662,2.6659,-831179687#0,-79.0426,-4.0757,100.0000,default,18,rsu(293m),1589,54937,0.0283,293,2.0249,2,2,-79.0426,-96.0323,direct,0.0500,31.2000,-59.0669
321.6,node[20],0,4880.7927,2731.7602,1.8950,0.2726,1.1072,2.6659,-831179687#0,-76.7126,-0.3361,100.0000,default,18,rsu(293m),1590,54976,0.1587,293,2.0248,4,6,-76.7126,-93.7023,direct,0.0500,31.2000,-59.1095
321.7,node[20],0,4880.7565,2731.7416,1.8950,0.4070,1.3448,2.6659,-831179687#0,-81.9363,-3.4075,100.0000,default,18,rsu(293m),1591,55015,0.0390,293,2.0246,2,2,-81.9363,-98.9260,direct,0.0500,31.2000,-59.1609
321.8,node[20],0,4880.7091,2731.7171,1.8950,0.5332,1.2618,2.6659,-831179687#0,-74.7877,0.3652,100.0000,default,18,rsu(293m),1592,55054,0.2112,293,2.0243,4,6,-74.7877,-91.7774,direct,0.0500,31.2000,-59.2183
321.9,node[20],0,4880.6492,2731.6863,1.8950,0.6737,1.4049,2.6659,-831179687#0,-81.4742,-5.0000,100.0000,default,18,rsu(293m),1593,55093,0.0180,293,2.0240,2,2,-81.4742,-98.4639,direct,0.0500,31.2000,-59.2817
322,node[20],0,4880.5751,2731.6481,1.8950,0.8333,1.5963,2.6659,-831179687#0,-75.2983,3.9537,100.0000,default,18,rsu(293m),1594,55131,0.6170,293,2.0240,6,10,-75.2983,-92.2880,direct,0.0500,31.2000,-59.3514
322.1,node[20],0,4880.4833,2731.6008,1.8950,1.0326,1.9924,2.6659,-831179687#0,-77.7166,-3.8972,100.0000,default,18,rsu(293m),1595,55170,0.0308,293,2.0196,2,2,-77.7166,-94.7063,direct,0.0500,30.8000,-59.4227
322.2,node[20],0,4880.3761,2731.5455,1.8950,1.2060,1.7341,2.6659,-831179687#0,-75.7312,2.8155,100.0000,default,18,rsu(293m),1596,55209,0.4770,293,2.0152,5,8,-75.7312,-92.7209,direct,0.0500,30.8000,-59.4983
322.3,node[20],0,4880.2558,2731.4836,1.8950,1.3529,1.4688,2.6659,-831179687#0,-75.7579,-1.7004,100.0000,default,18,rsu(294m),1597,55248,0.0871,294,2.0263,3,4,-75.7579,-92.7476,direct,0.0500,31.2000,-59.5771
322.4,node[20],0,4880.1144,2731.4107,1.8950,1.5901,2.3727,2.6659,-831179687#0,-77.3642,0.3033,100.0000,default,18,rsu(294m),1598,55287,0.2061,294,2.0216,4,6,-77.3642,-94.3539,direct,0.0500,31.2000,-59.6607
322.5,node[20],0,4879.9567,2731.3295,1.8950,1.7733,1.8313,2.6659,-831179687#0,-84.6745,-5.0000,100.0000,default,18,rsu(294m),1599,55325,0.0180,294,2.0212,2,2,-84.6745,-101.6642,direct,0.0500,30.8000,-59.7439
322.6,node[20],0,4879.7837,2731.2404,1.8950,1.9450,1.7174,2.6659,-831179687#0,-75.2295,2.0179,100.0000,default,18,rsu(294m),1600,55363,0.3796,294,2.0207,5,8,-75.2295,-92.2192,direct,0.0500,30.8000,-59.8281
322.7,node[20],0,4879.5889,2731.1401,1.8950,2.1905,2.4547,2.6659,-831179687#0,-77.0065,2.3568,100.0000,default,18,rsu(294m),1601,55402,0.4203,294,2.0159,5,8,-77.0065,-93.9962,direct,0.0500,30.8000,-59.9140
322.8,node[20],0,4879.3755,2731.0301,1.8950,2.4004,2.0995,2.6659,-831179687#0,-73.9463,1.1716,100.0000,default,18,rsu(294m),1602,55440,0.2861,294,2.0153,5,8,-73.9463,-90.9360,direct,0.0500,30.8000,-59.9988
322.9,node[20],0,4879.1469,2730.9123,1.8950,2.5712,1.7079,2.6659,-831179687#0,-77.9203,0.2465,100.0000,default,18,rsu(294m),1603,55479,0.2015,294,2.0235,4,6,-77.9203,-94.9100,direct,0.0500,30.8000,-60.0831
323,node[20],0,4878.9041,2730.7873,1.8950,2.7298,1.5863,2.6659,-831179687#0,-73.7650,4.4013,100.0000,default,18,rsu(295m),1604,55518,0.6683,295,2.0185,6,10,-73.7650,-90.7547,direct,0.0500,30.8000,-60.1660
323.1,node[20],0,4878.6457,2730.6541,1.8950,2.9065,1.7670,2.6659,-831179687#0,-71.5775,4.6393,100.0000,default,18,rsu(295m),1605,55557,0.6942,295,2.0177,6,10,-71.5775,-88.5672,direct,0.0500,31.2000,-60.2441
323.2,node[20],0,4878.3717,2730.5130,1.8950,3.0804,1.7388,2.6659,-831179687#0,-74.8151,-0.4232,100.0000,default,18,rsu(295m),1606,55595,0.1530,295,2.0168,4,6,-74.8151,-91.8048,direct,0.0500,31.2000,-60.3231
323.3,node[20],0,4878.0773,2730.3614,1.8950,3.3109,2.3050,2.6659,-831179687#0,-77.4173,-0.6879,100.0000,default,18,rsu(295m),1607,55634,0.1366,295,2.0159,4,6,-77.4173,-94.4070,direct,0.0500,30.8000,-60.3969
323.4,node[20],0,4877.7617,2730.1987,1.8950,3.5498,2.3893,2.6659,-831179687#0,-73.9242,0.0761,100.0000,default,18,rsu(296m),1608,55673,0.1882,296,2.0150,4,6,-73.9242,-90.9139,direct,0.0500,30.8000,-60.4456
323.5,node[20],0,4877.4274,2730.0265,1.8950,3.7590,2.0913,2.6659,-831179687#0,-75.2475,2.0001,100.0000,default,18,rsu(296m),1609,55712,0.3776,296,2.0139,5,8,-75.2475,-92.2372,direct,0.0500,31.2000,-60.4894
323.6,node[20],0,4877.0757,2729.8454,1.8950,3.9554,1.9640,2.6659,-831179687#0,-80.3408,-5.0000,100.0000,default,18,rsu(296m),1610,55751,0.0180,296,2.0216,2,2,-80.3408,-97.3305,direct,0.0500,31.2000,-60.5307
323.7,node[20],0,4876.7036,2729.6537,1.8950,4.1848,2.2943,2.6659,-831179687#0,-74.3601,3.8210,100.0000,default,18,rsu(297m),1611,55790,0.6012,297,2.0164,6,10,-74.3601,-91.3498,direct,0.0500,31.2000,-60.5705
323.8,node[20],0,4876.3140,2729.4530,1.8950,4.3805,1.9570,2.6659,-831179687#0,-73.8216,1.3500,100.0000,default,18,rsu(297m),1612,55829,0.3047,297,2.0239,5,8,-73.8216,-90.8113,direct,0.0500,31.2000,-60.6043
323.9,node[20],0,4875.9056,2729.2426,1.8950,4.5931,2.1262,2.6659,-831179687#0,-75.5834,1.1623,100.0000,default,18,rsu(297m),1613,55868,0.2852,297,2.0227,5,8,-75.5834,-92.5731,direct,0.0500,31.2000,-60.6305
324,node[20],0,4875.4847,2729.0258,1.8950,4.7333,1.4015,2.6659,-831179687#0,-71.3405,2.9108,100.0000,default,18,rsu(298m),1614,55907,0.4889,298,2.0214,5,8,-71.3405,-88.3302,direct,0.0500,31.2000,-60.5883
324.1,node[20],0,4875.0459,2728.7997,1.8950,4.9346,2.0137,2.6659,-831179687#0,-77.4622,-0.1116,100.0000,default,18,rsu(298m),1615,55946,0.1742,298,2.0158,4,6,-77.4622,-94.4519,direct,0.0500,31.2000,-60.5483
324.2,node[20],0,4874.5904,2728.5651,1.8950,5.1228,1.8816,2.6659,-831179687#0,-68.7538,5.7863,100.0000,default,18,rsu(299m),1616,55985,0.8011,299,2.0258,7,12,-68.7538,-85.7435,direct,0.0500,31.2000,-60.5114
324.3,node[20],0,4874.1162,2728.3208,1.8950,5.3322,2.0944,2.6659,-831179687#0,-70.0378,4.8221,100.0000,default,18,rsu(299m),1617,56024,0.7132,299,2.0243,6,10,-70.0378,-87.0275,direct,0.0500,31.2000,-60.4804
324.4,node[20],0,4873.6305,2728.0706,1.8950,5.4623,1.3009,2.6659,-831179687#0,-71.4961,3.3003,100.0000,default,18,rsu(299m),1618,56063,0.5375,299,2.0186,6,10,-71.4961,-88.4858,direct,0.0500,31.2000,-60.4574
324.5,node[20],0,4873.1329,2727.8104,1.8950,5.6146,1.5226,2.6652,:227489843_5,-81.4643,-5.0000,100.0000,default,18,rsu(300m),1619,56101,0.0180,300,2.0170,2,2,-81.4643,-98.4540,direct,0.0500,30.8000,-60.3795
324.6,node[20],0,4872.6224,2727.5344,1.8950,5.8030,1.8841,2.6629,:227489843_5,-81.6630,-5.0000,100.0000,default,18,rsu(300m),1620,56140,0.0180,300,2.0242,2,2,-81.6630,-98.6527,direct,0.0500,30.8000,-60.3208
324.7,node[20],0,4872.0927,2727.2480,1.8950,6.0219,2.1887,2.6605,:227489843_5,-77.6836,-3.0460,100.0000,default,18,rsu(301m),1621,56178,0.0464,301,2.0211,2,2,-77.6836,-94.6733,direct,0.0500,30.8000,-60.2893
324.8,node[20],0,4871.5462,2726.9525,1.8950,6.2127,1.9080,2.6580,:227489843_5,-76.5420,1.4782,100.0000,default,18,rsu(301m),1622,56217,0.3185,301,2.0138,5,8,-76.5420,-93.5317,direct,0.0500,30.8000,-60.2898
324.9,node[20],0,4870.9869,2726.6501,1.8950,6.3585,1.4582,2.6555,:227489843_5,-75.4823,1.6031,100.0000,default,18,rsu(302m),1623,56255,0.3322,302,2.0236,5,8,-75.4823,-92.4720,direct,0.0500,30.8000,-60.3263
325,node[20],0,4870.4119,2726.3392,1.8950,6.5364,1.7793,2.6529,:227489843_5,-77.6207,1.1212,100.0000,default,18,rsu(302m),1624,56294,0.2810,302,2.0203,5,8,-77.6207,-94.6104,direct,0.0500,30.8000,-60.3993
325.1,node[20],0,4869.8231,2726.0209,1.8950,6.6935,1.5708,2.6502,:227489843_5,-79.0700,-5.0000,100.0000,default,18,rsu(303m),1625,56333,0.0180,303,2.0170,2,2,-79.0700,-96.0597,direct,0.0500,31.2000,-60.5042
325.2,node[20],0,4869.2193,2725.6944,1.8950,6.8639,1.7044,2.6475,:227489843_5,-74.8774,4.1196,100.0000,default,18,rsu(303m),1626,56372,0.6364,303,2.0225,6,10,-74.8774,-91.8671,direct,0.0500,31.2000,-60.6344
325.3,node[20],0,4868.5991,2725.3591,1.8950,7.0513,1.8739,2.6459,:227489843_5,-74.1494,4.9271,100.0000,default,18,rsu(304m),1627,56411,0.7238,304,2.0150,6,10,-74.1494,-91.1391,direct,0.0500,31.2000,-60.7964
325.4,node[20],0,4867.9652,2725.0164,1.8950,7.2056,1.5432,2.6459,:227489843_5,-81.8860,-2.7455,100.0000,default,18,rsu(305m),1628,56449,0.0535,305,2.0245,3,4,-81.8860,-98.8757,direct,0.0500,31.2000,-60.9909
325.5,node[20],0,4867.3149,2724.6647,1.8950,7.3936,1.8794,2.6459,:227489843_5,-82.1034,-5.0000,100.0000,default,18,rsu(305m),1629,56487,0.0180,305,2.0210,2,2,-82.1034,-99.0931,direct,0.0500,30.4000,-61.2094
325.6,node[20],0,4866.6485,2724.3044,1.8950,7.5760,1.8243,2.6459,:227489843_5,-81.4760,-2.1546,100.0000,default,18,rsu(306m),1630,56526,0.0706,306,2.0263,3,4,-81.4760,-98.4657,direct,0.0500,30.4000,-61.4469
325.7,node[20],0,4865.9673,2723.9361,1.8950,7.7438,1.6783,2.6459,:227489843_5,-87.0465,-5.0000,100.0000,default,18,rsu(306m),1631,56564,0.0180,306,2.0244,2,2,-87.0465,-104.0362,direct,0.0500,30.8000,-61.7009
325.8,node[20],0,4865.2743,2723.5614,1.8950,7.8776,1.3376,2.6459,:227489843_5,-78.6243,-1.0386,100.0000,default,18,rsu(307m),1632,56602,0.1172,307,2.0225,3,4,-78.6243,-95.6140,direct,0.0500,30.8000,-61.9640
325.9,node[20],0,4864.5647,2723.1777,1.8950,8.0673,1.8966,2.6459,:227489843_5,-76.8865,0.4376,100.0000,default,18,rsu(308m),1633,56641,0.2173,308,2.0165,4,6,-76.8865,-93.8762,direct,0.0500,30.8000,-62.2310
326,node[20],0,4863.8345,2722.7829,1.8950,8.3013,2.3402,2.6459,:227489843_5,-72.7234,5.9843,100.0000,default,18,rsu(308m),1634,56680,0.8164,308,2.0234,7,12,-72.7234,-89.7131,direct,0.0500,30.8000,-62.5023
326.1,node[20],0,4863.0819,2722.3759,1.8950,8.5560,2.5477,2.6459,:227489843_5,-72.8934,5.1931,100.0000,default,18,rsu(309m),1635,56718,0.7496,309,2.0214,7,12,-72.8934,-89.8831,direct,0.0500,30.8000,-62.7765
326.2,node[20],0,4862.3170,2721.9624,1.8950,8.6949,1.3890,2.6459,:227489843_5,-76.7306,1.6044,100.0000,default,18,rsu(310m),1636,56756,0.3323,310,2.0193,5,8,-76.7306,-93.7203,direct,0.0500,30.8000,-63.0510
326.3,node[20],0,4861.5306,2721.5372,1.8950,8.9407,2.4570,2.6459,:227489843_5,-73.5834,3.0506,100.0000,default,18,rsu(310m),1637,56795,0.5063,310,2.0262,6,10,-73.5834,-90.5731,direct,0.0500,30.8000,-63.3396
326.4,node[20],0,4860.7254,2721.1019,1.8950,9.1528,2.1213,2.6459,:227489843_5,-71.7502,4.2053,100.0000,default,18,rsu(311m),1638,56833,0.6463,311,2.0201,6,10,-71.7502,-88.7399,direct,0.0500,30.8000,-63.6435
326.5,node[20],0,4859.9030,2720.6571,1.8950,9.3501,1.9728,2.6459,:227489843_5,-75.2521,2.7524,100.0000,default,18,rsu(312m),1639,56871,0.4691,312,2.0139,5,8,-75.2521,-92.2418,direct,0.0500,30.4000,-63.9414
326.6,node[20],0,4859.0667,2720.2050,1.8950,9.5070,1.5690,2.6459,:227489843_5,-81.3593,-5.0000,100.0000,default,18,rsu(313m),1640,56908,0.0180,313,2.0246,2,2,-81.3593,-98.3490,direct,0.0500,30.4000,-64.2294
326.7,node[20],0,4858.2172,2719.7457,1.8950,9.6567,1.4975,2.6459,:227489843_5,-77.4183,1.7686,100.0000,default,18,rsu(314m),1641,56945,0.3508,314,2.0223,5,8,-77.4183,-94.4080,direct,0.0500,29.6000,-64.5065
326.8,node[20],0,4857.3546,2719.2793,1.8950,9.8062,1.4953,2.6459,:227489843_5,-72.9520,5.8741,100.0000,default,18,rsu(314m),1642,56982,0.8080,314,2.0160,7,12,-72.9520,-89.9417,direct,0.0500,29.6000,-64.7723
326.9,node[20],0,4856.4714,2718.8017,1.8950,10.0411,2.3488,2.6459,:227489843_5,-78.5947,-0.9419,100.0000,default,18,rsu(315m),1643,57018,0.1223,315,2.0137,4,6,-78.5947,-95.5844,direct,0.0500,29.2000,-65.0305
327,node[20],0,4855.5761,2718.3177,1.8950,10.1778,1.3666,2.6459,:227489843_5,-75.1517,2.3463,100.0000,default,18,rsu(316m),1644,57055,0.4190,316,2.0204,5,8,-75.1517,-92.1414,direct,0.0500,29.2000,-65.2781
327.1,node[20],0,4854.6591,2717.8218,1.8950,10.4252,2.4744,2.6459,:227489843_5,-77.9327,1.1173,100.0000,default,18,rsu(317m),1645,57092,0.2806,317,2.0139,5,8,-77.9327,-94.9224,direct,0.0500,29.6000,-65.5558
327.2,node[20],0,4853.7269,2717.3178,1.8950,10.5969,1.7166,2.6459,:227489843_5,-77.6597,-0.2078,100.0000,default,18,rsu(318m),1646,57129,0.1674,318,2.0205,4,6,-77.6597,-94.6494,direct,0.0500,29.6000,-65.8375
327.3,node[20],0,4852.7840,2716.7919,1.8950,10.7969,1.9997,2.6431,-569494676#5,-75.2040,4.0796,100.0000,default,18,rsu(319m),1647,57165,0.6318,319,2.0142,6,10,-75.2040,-92.1937,direct,0.0500,29.2000,-66.1192
327.4,node[20],0,4851.8300,2716.2577,1.8950,10.9333,1.3640,2.6398,-569494676#5,-77.4347,0.8089,100.0000,default,18,rsu(320m),1648,57202,0.2506,320,2.0210,4,6,-77.4347,-94.4244,direct,0.0500,29.2000,-66.3987
327.5,node[20],0,4850.8543,2715.7112,1.8950,11.1832,2.4995,2.6365,-569494676#5,-71.9196,6.1145,100.0000,default,18,rsu(321m),1649,57238,0.8260,321,2.0147,7,12,-71.9196,-88.9093,direct,0.0500,29.2000,-66.7418
327.6,node[20],0,4849.8604,2715.1547,1.8950,11.3907,2.0754,2.6332,-569494676#5,-75.3761,-1.0603,100.0000,default,18,rsu(321m),1650,57275,0.1161,321,2.0175,3,4,-75.3761,-92.3658,direct,0.0500,29.2000,-67.1411
327.7,node[20],0,4848.8503,2714.5891,1.8950,11.5769,1.8616,2.6311,-569494676#5,-86.3751,-5.0000,100.0000,default,18,rsu(322m),1651,57312,0.0180,322,2.0202,2,2,-86.3751,-103.3648,direct,0.0500,29.6000,-67.5256
327.8,node[20],0,4847.8210,2714.0127,1.8950,11.7971,2.2022,2.6311,-569494676#5,-77.1814,-1.3501,100.0000,default,18,rsu(323m),1652,57349,0.1020,323,2.0138,3,4,-77.1814,-94.1711,direct,0.0500,29.6000,-67.8959
327.9,node[20],0,4846.7745,2713.4266,1.8950,11.9938,1.9670,2.6311,-569494676#5,-74.8048,0.4796,100.0000,default,18,rsu(324m),1653,57386,0.2209,324,2.0166,4,6,-74.8048,-91.7945,direct,0.0500,29.6000,-68.2725
328,node[20],0,4845.7096,2712.8303,1.8950,12.2050,2.1115,2.6311,-569494676#5,-76.7523,0.7075,100.0000,default,18,rsu(325m),1654,57423,0.2412,325,2.0216,4,6,-76.7523,-93.7420,direct,0.0500,29.6000,-68.6686
328.1,node[20],0,4844.6270,2712.2241,1.8950,12.4076,2.0261,2.6311,-569494676#5,-88.6346,-5.0000,100.0000,default,18,rsu(327m),1655,57460,0.0180,327,2.0244,2,2,-88.6346,-105.6243,direct,0.0500,29.6000,-69.0414
328.2,node[20],0,4843.5304,2711.6100,1.8950,12.5676,1.5998,2.6311,-569494676#5,-74.1515,-0.3408,100.0000,default,18,rsu(328m),1656,57497,0.1584,328,2.0141,4,6,-74.1515,-91.1412,direct,0.0500,29.6000,-69.3917
328.3,node[20],0,4842.4134,2710.9845,1.8950,12.8022,2.3462,2.6311,-569494676#5,-76.6233,-0.4512,100.0000,default,18,rsu(329m),1657,57533,0.1512,329,2.0206,4,6,-76.6233,-93.6130,direct,0.0500,29.2000,-69.7246
328.4,node[20],0,4841.2806,2710.3502,1.8950,12.9828,1.8060,2.6311,-569494676#5,-73.1894,6.1025,100.0000,default,18,rsu(330m),1658,57570,0.8251,330,2.0233,7,12,-73.1894,-90.1791,direct,0.0500,29.2000,-70.0406
328.5,node[20],0,4840.1328,2709.7074,1.8950,13.1550,1.7225,2.6311,-569494676#5,-77.8658,-3.7233,100.0000,default,18,rsu(331m),1659,57607,0.0335,331,2.0259,2,2,-77.8658,-94.8555,direct,0.0500,29.6000,-70.3437
328.6,node[20],0,4838.9642,2709.0530,1.8950,13.3933,2.3827,2.6311,-569494676#5,-72.3620,5.0315,100.0000,default,18,rsu(332m),1660,57643,0.7341,332,2.0210,7,12,-72.3620,-89.3517,direct,0.0500,29.6000,-70.6481
328.7,node[20],0,4837.7820,2708.3910,1.8950,13.5499,1.5663,2.6311,-569494676#5,-73.2185,1.4408,100.0000,default,18,rsu(333m),1661,57680,0.3144,333,2.0160,5,8,-73.2185,-90.2082,direct,0.0500,29.2000,-70.9430
328.8,node[20],0,4836.5813,2707.7186,1.8950,13.7613,2.1140,2.6311,-569494676#5,-74.3922,2.6797,100.0000,default,18,rsu(334m),1662,57717,0.4601,334,2.0200,5,8,-74.3922,-91.3819,direct,0.0500,29.2000,-71.2277
328.9,node[20],0,4835.3687,2707.0396,1.8950,13.8973,1.3601,2.6311,-569494676#5,-75.4825,2.1476,100.0000,default,18,rsu(336m),1663,57754,0.3950,336,2.0242,5,8,-75.4825,-92.4722,direct,0.0500,29.6000,-71.5095
329,node[20],0,4834.1444,2706.3540,1.8950,14.0321,1.3478,2.6311,-569494676#5,-70.7929,5.0266,100.0000,default,18,rsu(337m),1664,57791,0.7337,337,2.0151,7,12,-70.7929,-87.7826,direct,0.0500,29.6000,-71.7890
329.1,node[20],0,4832.9029,2705.6588,1.8950,14.2280,1.9590,2.6311,-569494676#5,-81.5287,-5.0000,100.0000,default,18,rsu(338m),1665,57828,0.0180,338,2.0190,2,2,-81.5287,-98.5184,direct,0.0500,29.6000,-72.0622
329.2,node[20],0,4831.6396,2704.9513,1.8950,14.4796,2.5160,2.6311,-569494676#5,-73.9622,3.4859,100.0000,default,18,rsu(339m),1666,57865,0.5604,339,2.0229,6,10,-73.9622,-90.9519,direct,0.0500,29.6000,-72.3304
329.3,node[20],0,4830.3621,2704.2360,1.8950,14.6410,1.6134,2.6311,-569494676#5,-71.3311,6.9913,100.0000,default,18,rsu(340m),1667,57902,0.8803,340,2.0177,7,12,-71.3311,-88.3208,direct,0.0500,29.6000,-72.6004
329.4,node[20],0,4829.0692,2703.5120,1.8950,14.8180,1.7700,2.6311,-569494676#5,-76.1292,1.7531,100.0000,default,18,rsu(342m),1668,57939,0.3490,342,2.0240,5,8,-76.1292,-93.1189,direct,0.0500,29.6000,-72.8681
329.5,node[20],0,4827.7552,2702.7762,1.8950,15.0598,2.4185,2.6311,-569494676#5,-71.2210,4.6578,100.0000,default,18,rsu(343m),1669,57975,0.6961,343,2.0188,6,10,-71.2210,-88.2107,direct,0.0500,29.2000,-73.1316
329.6,node[20],0,4826.4284,2702.0332,1.8950,15.2067,1.4690,2.6311,-569494676#5,-77.0219,0.2060,100.0000,default,18,rsu(344m),1670,58012,0.1983,344,2.0225,4,6,-77.0219,-94.0116,direct,0.0500,29.2000,-73.3893
329.7,node[20],0,4825.0809,2701.2786,1.8950,15.4432,2.3655,2.6311,-569494676#5,-86.7340,-5.0000,100.0000,default,18,rsu(346m),1671,58049,0.0180,346,2.0265,2,2,-86.7340,-103.7237,direct,0.0500,29.6000,-73.6429
329.8,node[20],0,4823.7184,2700.5156,1.8950,15.6163,1.7306,2.6311,-569494676#5,-84.2788,-5.0000,100.0000,default,18,rsu(347m),1672,58086,0.0180,347,2.0211,2,2,-84.2788,-101.2685,direct,0.0500,29.6000,-73.8951
329.9,node[20],0,4822.3384,2699.7429,1.8950,15.8152,1.9893,2.6311,-569494676#5,-76.2266,-2.0654,100.0000,default,18,rsu(348m),1673,58122,0.0736,348,2.0157,3,4,-76.2266,-93.2163,direct,0.0500,29.2000,-74.1428
330,node[20],0,4820.9418,2698.9608,1.8950,16.0070,1.9176,2.6311,-569494676#5,-72.8597,6.3524,100.0000,default,18,rsu(350m),1674,58159,0.8424,350,2.0193,7,12,-72.8597,-89.8494,direct,0.0500,29.2000,-74.3858
330.1,node[20],0,4819.5229,2698.1662,1.8950,16.2616,2.5460,2.6311,-569494676#5,-70.9654,5.6107,100.0000,default,18,rsu(351m),1675,58196,0.7867,351,2.0138,7,12,-70.9654,-87.9551,direct,0.0500,29.6000,-74.6252
330.2,node[20],0,4818.0908,2697.3643,1.8950,16.4134,1.5177,2.6311,-569494676#5,-80.7648,-4.7365,100.0000,default,18,rsu(353m),1676,58233,0.0205,353,2.0212,2,2,-80.7648,-97.7545,direct,0.0500,29.6000,-74.8595
330.3,node[20],0,4816.6458,2696.5551,1.8950,16.5618,1.4848,2.6311,-569494676#5,-74.7558,1.3609,100.0000,default,18,rsu(354m),1677,58269,0.3059,354,2.0156,5,8,-74.7558,-91.7455,direct,0.0500,29.2000,-75.0890
330.4,node[20],0,4815.1869,2695.7381,1.8950,16.7203,1.5846,2.6311,-569494676#5,-73.1227,1.4382,100.0000,default,18,rsu(355m),1678,58306,0.3141,355,2.0230,5,8,-73.1227,-90.1124,direct,0.0500,29.2000,-75.3139
330.5,node[20],0,4813.7091,2694.9106,1.8950,16.9368,2.1648,2.6311,-569494676#5,-77.3338,-0.8688,100.0000,default,18,rsu(357m),1679,58342,0.1263,357,2.0173,4,6,-77.3338,-94.3235,direct,0.0500,29.2000,-75.5350
330.6,node[20],0,4812.2138,2694.0732,1.8950,17.1379,2.0109,2.6311,-569494676#5,-72.1828,4.2565,100.0000,default,18,rsu(358m),1680,58379,0.6521,358,2.0245,6,10,-72.1828,-89.1725,direct,0.0500,29.2000,-75.7523
330.7,node[20],0,4810.7046,2693.2281,1.8950,17.2974,1.5954,2.6311,-569494676#5,-79.5312,-3.0425,100.0000,default,18,rsu(360m),1681,58415,0.0465,360,2.0187,2,2,-79.5312,-96.5209,direct,0.0500,29.2000,-75.9654
330.8,node[20],0,4809.1791,2692.3739,1.8950,17.4829,1.8546,2.6311,-569494676#5,-83.4957,-5.0000,100.0000,default,18,rsu(362m),1682,58452,0.0180,362,2.0224,2,2,-83.4957,-100.4854,direct,0.0500,29.2000,-76.1747
330.9,node[20],0,4807.6390,2691.5114,1.8950,17.6515,1.6862,2.6311,-569494676#5,-76.2460,-0.8748,100.0000,default,18,rsu(363m),1683,58488,0.1259,363,2.0165,4,6,-76.2460,-93.2357,direct,0.0500,29.2000,-76.3800
331,node[20],0,4806.0867,2690.6417,1.8950,17.7945,1.4304,2.6310,:8609539030_4,-83.3758,-4.5115,100.0000,default,18,rsu(365m),1684,58525,0.0228,365,2.0200,2,2,-83.3758,-100.3655,direct,0.0500,29.2000,-76.5814
331.1,node[20],0,4804.5193,2689.7633,1.8950,17.9697,1.7512,2.6309,:8609539030_4,-77.7812,-3.8839,100.0000,default,18,rsu(366m),1685,58562,0.0310,366,2.0140,2,2,-77.7812,-94.7709,direct,0.0500,29.6000,-76.7792
331.2,node[20],0,4802.9384,2688.8772,1.8950,18.1258,1.5616,2.6308,:8609539030_4,-86.0851,-5.0000,100.0000,default,18,rsu(368m),1686,58599,0.0180,368,2.0210,2,2,-86.0851,-103.0748,direct,0.0500,29.6000,-76.9733
331.3,node[20],0,4801.3370,2687.9796,1.8950,18.3595,2.3371,2.6307,:8609539030_4,-75.9519,2.3690,100.0000,default,18,rsu(369m),1687,58636,0.4218,369,2.0240,5,8,-75.9519,-92.9416,direct,0.0500,29.6000,-77.1645
331.4,node[20],0,4799.7193,2687.0729,1.8950,18.5472,1.8768,2.6307,:8609539030_4,-77.6978,0.1435,100.0000,default,18,rsu(371m),1688,58673,0.1934,371,2.0179,4,6,-77.6978,-94.6875,direct,0.0500,29.6000,-77.3523
331.5,node[20],0,4798.0846,2686.1529,1.8950,18.7908,2.4360,2.6301,:8595603528_0,-74.0127,4.7641,100.0000,default,18,rsu(373m),1689,58710,0.7072,373,2.0209,6,10,-74.0127,-91.0024,direct,0.0500,29.6000,-77.5372
331.6,node[20],0,4796.4237,2685.2233,1.8950,19.0384,2.4761,2.6303,:8595603528_0,-78.8763,-1.6640,100.0000,default,18,rsu(374m),1690,58747,0.0885,374,2.0147,3,4,-78.8763,-95.8660,direct,0.0500,29.6000,-77.7195
331.7,node[20],0,4794.7515,2684.2873,1.8950,19.1688,1.3039,2.6313,:8595603528_0,-74.3201,2.7403,100.0000,default,18,rsu(376m),1691,58785,0.4676,376,2.0240,5,8,-74.3201,-91.3098,direct,0.0500,30.0000,-77.8983
331.8,node[20],0,4793.0602,2683.3406,1.8950,19.3872,2.1834,2.6313,:8595603528_0,-80.6451,-3.2051,100.0000,default,18,rsu(378m),1692,58823,0.0430,378,2.0178,2,2,-80.6451,-97.6348,direct,0.0500,30.0000,-78.0743
331.9,node[20],0,4791.3527,2682.3848,1.8950,19.5718,1.8462,2.6313,-569494676#3,-77.9807,-0.0613,100.0000,default,18,rsu(380m),1693,58861,0.1779,380,2.0246,4,6,-77.9807,-94.9704,direct,0.0500,30.4000,-78.2473
332,node[20],0,4789.6298,2681.4200,1.8950,19.7456,1.7377,2.6312,-569494676#3,-84.0873,-5.0000,100.0000,default,18,rsu(381m),1694,58899,0.0180,381,2.0188,2,2,-84.0873,-101.0770,direct,0.0500,30.4000,-78.4173
332.1,node[20],0,4787.8948,2680.4485,1.8950,19.8839,1.3837,2.6312,-569494676#3,-78.2064,-1.1084,100.0000,default,18,rsu(383m),1695,58937,0.1136,383,2.0163,3,4,-78.2064,-95.1961,direct,0.0500,30.4000,-78.5842
332.2,node[20],0,4786.1449,2679.4687,1.8950,20.0543,1.7043,2.6312,-569494676#3,-82.7228,-5.0000,100.0000,default,18,rsu(385m),1696,58975,0.0180,385,2.0138,2,2,-82.7228,-99.7125,direct,0.0500,30.4000,-78.7481
332.3,node[20],0,4784.3810,2678.4810,1.8950,20.2153,1.6097,2.6312,-569494676#3,-71.1067,6.9355,100.0000,default,18,rsu(387m),1697,59012,0.8774,387,2.0243,7,12,-71.1067,-88.0964,direct,0.0500,30.0000,-78.9091
332.4,node[20],0,4782.6563,2677.5153,1.8950,19.7653,-4.5000,2.6312,-569494676#3,-77.6332,-2.0476,100.0000,default,18,rsu(388m),1698,59049,0.0742,388,2.0217,3,4,-77.6332,-94.6229,direct,0.0500,30.0000,-79.0632
332.5,node[20],0,4780.9694,2676.5708,1.8950,19.3319,-4.3342,2.6312,-569494676#3,-82.0775,-3.0158,100.0000,default,18,rsu(390m),1699,59087,0.0471,390,2.0156,2,2,-82.0775,-99.0672,direct,0.0500,30.0000,-79.2109
332.6,node[20],0,4779.3219,2675.6482,1.8950,18.8819,-4.5000,2.6312,-569494676#3,-75.0793,1.0099,100.0000,default,18,rsu(392m),1700,59125,0.2699,392,2.0221,5,8,-75.0793,-92.0690,direct,0.0500,30.0000,-79.3525
332.7,node[20],0,4777.7131,2674.7474,1.8950,18.4365,-4.4541,2.6312,-569494676#3,-76.7466,1.0675,100.0000,default,18,rsu(393m),1701,59163,0.2756,393,2.0156,5,8,-76.7466,-93.7363,direct,0.0500,30.4000,-79.4883
332.8,node[20],0,4776.1437,2673.8687,1.8950,17.9865,-4.5000,2.6312,-569494676#3,-81.7155,-5.0000,100.0000,default,18,rsu(395m),1702,59200,0.0180,395,2.0258,2,2,-81.7155,-98.7052,direct,0.0500,30.4000,-79.6186
332.9,node[20],0,4774.6135,2673.0118,1.8950,17.5365,-4.5000,2.6312,-569494676#3,-74.1390,0.3004,100.0000,default,18,rsu(397m),1703,59238,0.2059,397,2.0215,4,6,-74.1390,-91.1287,direct,0.0500,30.0000,-79.7437
333,node[20],0,4773.1226,2672.1770,1.8950,17.0865,-4.5000,2.6312,-569494676#3,-80.1368,-1.6639,100.0000,default,18,rsu(398m),1704,59276,0.0885,398,2.0153,3,4,-80.1368,-97.1265,direct,0.0500,30.0000,-79.8638
333.1,node[20],0,4771.6686,2671.3629,1.8950,16.6638,-4.2274,2.6312,-569494676#3,-83.0662,-5.0000,100.0000,default,18,rsu(400m),1705,59313,0.0180,400,2.0253,2,2,-83.0662,-100.0559,direct,0.0500,30.0000,-79.9794
333.2,node[20],0,4770.2538,2670.5707,1.8950,16.2138,-4.5000,2.6312,-569494676#3,-77.2346,-0.8683,100.0000,default,18,rsu(401m),1706,59351,0.1263,401,2.0184,4,6,-77.2346,-94.2243,direct,0.0500,30.0000,-80.0904
333.3,node[20],0,4768.8783,2669.8005,1.8950,15.7638,-4.5000,2.6312,-569494676#3,-76.0528,1.6850,100.0000,default,18,rsu(403m),1707,59389,0.3413,403,2.0153,5,8,-76.0528,-93.0425,direct,0.0500,30.4000,-80.1972
333.4,node[20],0,4767.5421,2669.0523,1.8950,15.3138,-4.5000,2.6312,-569494676#3,-76.7950,1.8385,100.0000,default,18,rsu(404m),1708,59426,0.3588,404,2.0252,5,8,-76.7950,-93.7847,direct,0.0500,30.4000,-80.3000
333.5,node[20],0,4766.2451,2668.3260,1.8950,14.8638,-4.5000,2.6311,:8609539022_4,-75.3322,2.1800,100.0000,default,18,rsu(405m),1709,59463,0.3989,405,2.0220,5,8,-75.3322,-92.3219,direct,0.0500,29.6000,-80.3989
333.6,node[20],0,4764.9887,2667.6214,1.8950,14.4138,-4.5000,2.6310,:8609539022_4,-86.0901,-5.0000,100.0000,default,18,rsu(407m),1710,59501,0.0180,407,2.0151,2,2,-86.0901,-103.0798,direct,0.0500,29.6000,-80.4941
333.7,node[20],0,4763.7715,2666.9388,1.8950,13.9638,-4.5000,2.6308,:8609539022_4,-75.4635,-1.5603,100.0000,default,18,rsu(408m),1711,59539,0.0928,408,2.0210,3,4,-75.4635,-92.4532,direct,0.0500,30.4000,-80.5858
333.8,node[20],0,4762.5935,2666.2781,1.8950,13.5138,-4.5000,2.6306,:8609539022_4,-79.8564,-3.1731,100.0000,default,18,rsu(409m),1712,59577,0.0437,409,2.0176,2,2,-79.8564,-96.8461,direct,0.0500,30.4000,-80.6742
333.9,node[20],0,4761.4548,2665.6395,1.8950,13.0638,-4.5000,2.6305,:8609539022_4,-76.1334,-2.0140,100.0000,default,18,rsu(410m),1713,59615,0.0754,410,2.0234,3,4,-76.1334,-93.1231,direct,0.0500,30.4000,-80.7593
334,node[20],0,4760.3552,2665.0228,1.8950,12.6138,-4.5000,2.6305,:8609539022_4,-71.5769,5.9721,100.0000,default,18,rsu(411m),1714,59653,0.8155,411,2.0199,7,12,-71.5769,-88.5666,direct,0.0500,30.4000,-80.8414
334.1,node[20],0,4759.2949,2664.4282,1.8950,12.1638,-4.5000,2.6305,:8609539022_4,-78.0634,0.0529,100.0000,default,18,rsu(412m),1715,59691,0.1864,412,2.0262,4,6,-78.0634,-95.0531,direct,0.0500,30.4000,-80.9205
334.2,node[20],0,4758.2739,2663.8555,1.8950,11.7138,-4.5000,2.6305,:8609539022_4,-75.9581,3.3265,100.0000,default,18,rsu(414m),1716,59729,0.5407,414,2.0188,6,10,-75.9581,-92.9478,direct,0.0500,30.4000,-80.9969
334.3,node[20],0,4757.2913,2663.3052,1.8950,11.2638,-4.5000,2.6306,-569494676#2,-74.8329,3.0162,100.0000,default,18,rsu(415m),1717,59767,0.5020,415,2.0168,6,10,-74.8329,-91.8226,direct,0.0500,30.4000,-81.0706
334.4,node[20],0,4756.3478,2662.7769,1.8950,10.8138,-4.5000,2.6307,-569494676#2,-76.0887,1.6973,100.0000,default,18,rsu(416m),1718,59805,0.3427,416,2.0148,5,8,-76.0887,-93.0784,direct,0.0500,30.4000,-81.1417
334.5,node[20],0,4755.4435,2662.2706,1.8950,10.3638,-4.5000,2.6309,-569494676#2,-77.4701,0.6771,100.0000,default,18,rsu(416m),1719,59843,0.2384,416,2.0258,4,6,-77.4701,-94.4598,direct,0.0500,30.4000,-81.2103
334.6,node[20],0,4754.5780,2661.7859,1.8950,9.9197,-4.4409,2.6310,-569494676#2,-75.0825,-0.2260,100.0000,default,18,rsu(417m),1720,59881,0.1662,417,2.0238,4,6,-75.0825,-92.0722,direct,0.0500,30.4000,-81.2765
334.7,node[20],0,4753.7518,2661.3233,1.8950,9.4697,-4.5000,2.6311,-569494676#2,-79.3145,-0.7945,100.0000,default,18,rsu(418m),1721,59918,0.1304,418,2.0217,4,6,-79.3145,-96.3042,direct,0.0500,30.0000,-81.3403
334.8,node[20],0,4752.9648,2660.8826,1.8950,9.0197,-4.5000,2.6312,-569494676#2,-84.3461,-5.0000,100.0000,default,18,rsu(419m),1722,59955,0.0180,419,2.0195,2,2,-84.3461,-101.3358,direct,0.0500,30.0000,-81.4019
334.9,node[20],0,4752.2171,2660.4640,1.8950,8.5697,-4.5000,2.6312,-569494676#2,-74.6578,1.2249,100.0000,default,18,rsu(420m),1723,59992,0.2916,420,2.0173,5,8,-74.6578,-91.6475,direct,0.0500,29.6000,-81.4615
335,node[20],0,4751.5086,2660.0673,1.8950,8.1197,-4.5000,2.6312,-569494676#2,-85.8020,-5.0000,100.0000,default,18,rsu(421m),1724,60029,0.0180,421,2.0151,2,2,-85.8020,-102.7917,direct,0.0500,29.6000,-81.5189
335.1,node[20],0,4750.8394,2659.6926,1.8950,7.6697,-4.5000,2.6312,-569494676#2,-73.0405,5.0711,100.0000,default,18,rsu(421m),1725,60067,0.7380,421,2.0221,7,12,-73.0405,-90.0302,direct,0.0500,30.0000,-81.5744
335.2,node[20],0,4750.2088,2659.3395,1.8950,7.2275,-4.4214,2.6312,-569494676#2,-83.5257,-5.0000,100.0000,default,18,rsu(422m),1726,60105,0.0180,422,2.0199,2,2,-83.5257,-100.5154,direct,0.0500,30.0000,-81.6281
335.3,node[20],0,4749.6172,2659.0082,1.8950,6.7805,-4.4707,2.6312,-569494676#2,-95.9104,-5.0000,100.0000,default,18,rsu(423m),1727,60143,0.0180,423,2.0175,2,2,-95.9104,-112.9001,direct,0.0500,30.4000,-81.6799
335.4,node[20],0,4749.0648,2658.6989,1.8950,6.3305,-4.5000,2.6312,-569494676#2,-80.3313,-4.7909,100.0000,default,18,rsu(423m),1728,60180,0.0199,423,2.0152,2,2,-80.3313,-97.3210,direct,0.0500,30.4000,-81.7301
335.5,node[20],0,4748.5197,2658.3937,1.8950,6.2482,-0.8224,2.6312,-569494676#2,-74.7302,3.9900,100.0000,default,18,rsu(424m),1729,60218,0.6213,424,2.0222,6,10,-74.7302,-91.7199,direct,0.0500,30.0000,-81.7798
335.6,node[20],0,4748.0138,2658.1104,1.8950,5.7982,-4.5000,2.6312,-569494676#2,-74.8747,-0.6117,100.0000,default,18,rsu(424m),1730,60256,0.1411,424,2.0198,4,6,-74.8747,-91.8644,direct,0.0500,30.0000,-81.8279
335.7,node[20],0,4747.5471,2657.8491,1.8950,5.3482,-4.5000,2.6312,-569494676#2,-82.4841,-4.4066,100.0000,default,18,rsu(425m),1731,60294,0.0240,425,2.0173,2,2,-82.4841,-99.4738,direct,0.0500,30.4000,-81.8744
335.8,node[20],0,4747.1197,2657.6098,1.8950,4.8982,-4.5000,2.6312,-569494676#2,-74.2716,0.2191,100.0000,default,18,rsu(425m),1732,60331,0.1993,425,2.0147,4,6,-74.2716,-91.2613,direct,0.0500,30.4000,-81.9193
335.9,node[20],0,4746.7316,2657.3925,1.8950,4.4482,-4.5000,2.6312,-569494676#2,-76.4030,0.1082,100.0000,default,18,rsu(426m),1733,60369,0.1906,426,2.0215,4,6,-76.4030,-93.3927,direct,0.0500,30.0000,-81.9628
336,node[20],0,4746.3481,2657.3508,1.8950,3.9982,-4.5000,2.6616,:227572698_5,-83.8413,-5.0000,100.0000,default,18,rsu(426m),1734,60407,0.0180,426,2.0151,2,2,-83.8413,-100.8310,direct,0.0500,30.0000,-82.0047
336.1,node[20],0,4745.9483,2657.3813,1.8950,3.9982,0.0000,2.7073,:227572698_5,-74.5321,3.0682,100.0000,default,18,rsu(426m),1735,60445,0.5085,426,2.0224,6,10,-74.5321,-91.5218,direct,0.0500,30.4000,-82.0467
336.2,node[20],0,4745.5485,2657.4119,1.8950,3.9982,0.0000,2.7539,:227572698_5,-74.5397,-0.1533,100.0000,default,18,rsu(426m),1736,60483,0.1713,426,2.0160,4,6,-74.5397,-91.5294,direct,0.0500,30.4000,-82.0887
336.3,node[20],0,4745.1540,2657.4575,1.8950,3.9982,0.0000,2.8038,:227572698_9,-78.8889,0.1467,100.0000,default,18,rsu(426m),1737,60521,0.1936,426,2.0251,4,6,-78.8889,-95.8786,direct,0.0500,30.4000,-82.1305
336.4,node[20],0,4744.8253,2657.6797,1.8950,3.9685,-0.2968,2.8866,:227572698_9,-78.4925,0.5196,100.0000,default,18,rsu(426m),1738,60559,0.2244,426,2.0226,4,6,-78.4925,-95.4822,direct,0.0500,30.4000,-82.1690
336.5,node[20],0,4744.4962,2657.9020,1.8950,3.9720,0.0347,2.9738,:227572698_9,-79.0692,-2.1162,100.0000,default,18,rsu(426m),1739,60596,0.0719,426,2.0200,3,4,-79.0692,-96.0589,direct,0.0500,30.0000,-82.2075
336.6,node[20],0,4744.4256,2658.2642,1.8950,3.9234,-0.4862,3.0920,:227572698_9,-81.8348,-5.0000,100.0000,default,18,rsu(426m),1740,60634,0.0180,426,2.0137,2,2,-81.8348,-98.8245,direct,0.0500,30.0000,-82.2371
336.7,node[20],0,4744.4079,2658.6633,1.8950,3.9963,0.7287,-3.0436,:227572698_9,-80.3875,-4.5644,100.0000,default,18,rsu(426m),1741,60672,0.0223,426,2.0206,2,2,-80.3875,-97.3772,direct,0.0500,30.4000,-82.2651
336.8,node[20],0,4744.4961,2659.0292,1.8950,3.8913,-1.0500,-2.8777,:227572698_9,-79.9789,-5.0000,100.0000,default,18,rsu(426m),1742,60710,0.0180,426,2.0145,2,2,-79.9789,-96.9686,direct,0.0500,30.4000,-82.2902
336.9,node[20],0,4744.6742,2659.3799,1.8950,3.9337,0.4246,-2.6768,:227572698_9,-83.1496,-4.4420,100.0000,default,18,rsu(425m),1743,60748,0.0236,425,2.0248,2,2,-83.1496,-100.1393,direct,0.0500,30.4000,-82.3131
337,node[20],0,4744.8551,2659.7362,1.8950,3.9964,0.6268,-2.4442,:227572698_9,-72.5123,2.3742,100.0000,default,18,rsu(425m),1744,60785,0.4224,425,2.0220,5,8,-72.5123,-89.5020,direct,0.0500,30.4000,-82.3361
337.1,node[20],0,4745.0343,2660.0891,1.8950,3.9580,-0.3838,-2.2064,:227572698_9,-74.2938,1.6372,100.0000,default,18,rsu(424m),1745,60823,0.3360,424,2.0192,5,8,-74.2938,-91.2835,direct,0.0500,30.0000,-82.3593
337.2,node[20],0,4745.3660,2660.2969,1.8950,3.9689,0.1086,-1.9617,569494676#2,-77.3380,-1.1285,100.0000,default,18,rsu(424m),1746,60860,0.1126,424,2.0163,3,4,-77.3380,-94.3277,direct,0.0500,30.0000,-82.3793
337.3,node[20],0,4745.7289,2660.5001,1.8950,4.1592,1.9035,-1.7111,569494676#2,-76.0547,0.4498,100.0000,default,18,rsu(424m),1747,60897,0.2184,424,2.0264,4,6,-76.0547,-93.0444,direct,0.0500,29.6000,-82.3985
337.4,node[20],0,4746.1089,2660.7129,1.8950,4.3555,1.9631,-1.4589,569494676#2,-78.9201,-0.6779,100.0000,default,18,rsu(423m),1748,60935,0.1372,423,2.0199,4,6,-78.9201,-95.9098,direct,0.0500,29.6000,-82.4173
337.5,node[20],0,4746.5068,2660.9357,1.8950,4.5600,2.0440,-1.2340,569494676#2,-79.1572,-4.3405,100.0000,default,18,rsu(423m),1749,60973,0.0248,423,2.0169,2,2,-79.1572,-96.1469,direct,0.0500,30.4000,-82.4357
337.6,node[20],0,4746.9242,2661.1694,1.8950,4.7840,2.2400,-1.0416,569494676#2,-82.9662,-5.0000,100.0000,default,18,rsu(422m),1750,61011,0.0180,422,2.0237,2,2,-82.9662,-99.9559,direct,0.0500,30.4000,-82.4535
337.7,node[20],0,4747.3601,2661.4135,1.8950,4.9959,2.1195,-0.8751,569494676#2,-82.0193,-4.7969,100.0000,default,18,rsu(422m),1751,61048,0.0199,422,2.0206,2,2,-82.0193,-99.0090,direct,0.0500,30.0000,-82.4708
337.8,node[20],0,4747.8186,2661.6702,1.8950,5.2547,2.5878,-0.7582,569494676#2,-76.9550,1.8752,100.0000,default,18,rsu(421m),1752,61085,0.3630,421,2.0176,5,8,-76.9550,-93.9447,direct,0.0500,30.0000,-82.4873
337.9,node[20],0,4748.2906,2661.9345,1.8950,5.4100,1.5535,-0.6590,569494676#2,-79.4377,-5.0000,100.0000,default,18,rsu(421m),1753,61122,0.0180,421,2.0145,2,2,-79.4377,-96.4274,direct,0.0500,29.6000,-82.5034
338,node[20],0,4748.7821,2662.2097,1.8950,5.6331,2.2306,-0.5927,569494676#2,-83.4177,-4.5213,100.0000,default,18,rsu(420m),1754,61160,0.0227,420,2.0234,2,2,-83.4177,-100.4074,direct,0.0500,29.6000,-82.5189
338.1,node[20],0,4749.2856,2662.4916,1.8950,5.7703,1.3718,-0.5267,569494676#2,-73.0542,3.5524,100.0000,default,18,rsu(420m),1755,61198,0.5686,420,2.0173,6,10,-73.0542,-90.0439,direct,0.0500,30.4000,-82.5338
338.2,node[20],0,4749.8011,2662.7803,1.8950,5.9076,1.3738,-0.5104,569494676#2,-77.9548,-3.4580,100.0000,default,18,rsu(419m),1756,61237,0.0381,419,2.0155,2,2,-77.9548,-94.9445,direct,0.0500,30.4000,-82.5482
338.3,node[20],0,4750.3328,2663.0780,1.8950,6.0940,1.8640,-0.5104,569494676#2,-79.9917,-3.4319,100.0000,default,18,rsu(419m),1757,61276,0.0386,419,2.0231,2,2,-79.9917,-96.9815,direct,0.0500,31.2000,-82.5619
338.4,node[20],0,4750.8871,2663.3884,1.8950,6.3530,2.5897,-0.5104,569494676#2,-71.8145,5.1305,100.0000,default,18,rsu(418m),1758,61314,0.7437,418,2.0212,7,12,-71.8145,-88.8042,direct,0.0500,31.2000,-82.5746
338.5,node[20],0,4751.4528,2663.7051,1.8950,6.4836,1.3060,-0.5104,569494676#2,-84.0312,-5.0000,100.0000,default,18,rsu(418m),1759,61352,0.0180,418,2.0193,2,2,-84.0312,-101.0209,direct,0.0500,30.4000,-82.5867
338.6,node[20],0,4752.0394,2664.0336,1.8950,6.7236,2.4000,-0.5104,569494676#2,-94.1520,-5.0000,100.0000,default,18,rsu(417m),1760,61390,0.0180,417,2.0173,2,2,-94.1520,-111.1417,direct,0.0500,30.4000,-82.5978
338.7,node[20],0,4752.6426,2664.3713,1.8950,6.9126,1.8899,-0.5104,569494676#2,-77.5388,1.4009,100.0000,default,18,rsu(416m),1761,61429,0.3101,416,2.0152,5,8,-77.5388,-94.5285,direct,0.0500,30.8000,-82.6081
338.8,node[20],0,4753.2634,2664.7189,1.8950,7.1150,2.0238,-0.5104,569494676#2,-79.9147,-3.9401,100.0000,default,18,rsu(416m),1762,61467,0.0302,416,2.0261,2,2,-79.9147,-96.9044,direct,0.0500,30.8000,-82.6173
338.9,node[20],0,4753.8977,2665.0741,1.8950,7.2705,1.5549,-0.5104,569494676#2,-77.8057,-1.8099,100.0000,default,18,rsu(415m),1763,61506,0.0828,415,2.0240,3,4,-77.8057,-94.7954,direct,0.0500,30.8000,-82.6256
339,node[20],0,4754.5490,2665.4388,1.8950,7.4645,1.9403,-0.5104,569494676#2,-77.6967,-0.0065,100.0000,default,18,rsu(414m),1764,61545,0.1819,414,2.0218,4,6,-77.6967,-94.6864,direct,0.0500,30.8000,-82.6328
339.1,node[20],0,4755.2199,2665.8144,1.8950,7.6889,2.2442,-0.5104,569494676#2,-78.6979,-4.1065,100.0000,default,18,rsu(414m),1765,61584,0.0278,414,2.0165,2,2,-78.6979,-95.6876,direct,0.0500,31.2000,-82.6387
339.2,node[20],0,4755.9083,2666.1999,1.8950,7.8900,2.0109,-0.5104,569494676#2,-77.9191,-0.9222,100.0000,default,18,rsu(413m),1766,61622,0.1233,413,2.0158,4,6,-77.9191,-94.9088,direct,0.0500,31.2000,-82.6434
339.3,node[20],0,4756.6185,2666.5976,1.8950,8.1389,2.4889,-0.5104,:8609539022_5,-79.9658,-3.1002,100.0000,default,18,rsu(412m),1767,61659,0.0452,412,2.0150,2,2,-79.9658,-96.9555,direct,0.0500,30.0000,-82.6467
339.4,node[20],0,4757.3459,2667.0050,1.8950,8.3343,1.9543,-0.5105,:8609539022_5,-74.4362,2.4555,100.0000,default,18,rsu(412m),1768,61697,0.4323,412,2.0142,5,8,-74.4362,-91.4259,direct,0.0500,30.0000,-82.6486
339.5,node[20],0,4758.0899,2667.4218,1.8950,8.5251,1.9079,-0.5105,:8609539022_5,-74.5202,1.1849,100.0000,default,18,rsu(411m),1769,61736,0.2875,411,2.0263,5,8,-74.5202,-91.5099,direct,0.0500,30.8000,-82.6491
339.6,node[20],0,4758.8496,2667.8473,1.8950,8.7051,1.8004,-0.5105,:8609539022_5,-86.5143,-5.0000,100.0000,default,18,rsu(410m),1770,61775,0.0180,410,2.0253,2,2,-86.5143,-103.5040,direct,0.0500,30.8000,-82.6482
339.7,node[20],0,4759.6209,2668.2794,1.8950,8.8374,1.3226,-0.5106,:8609539022_5,-78.7388,-3.6346,100.0000,default,18,rsu(409m),1771,61814,0.0350,409,2.0216,2,2,-78.7388,-95.7285,direct,0.0500,31.2000,-82.6459
339.8,node[20],0,4760.4044,2668.7182,1.8950,8.9773,1.3988,-0.5106,:8609539022_5,-82.2466,-3.9143,100.0000,default,18,rsu(408m),1772,61853,0.0306,408,2.0206,2,2,-82.2466,-99.2363,direct,0.0500,31.2000,-82.6422
339.9,node[20],0,4761.2056,2669.1670,1.8950,9.1806,2.0331,-0.5106,:8609539022_5,-83.7141,-5.0000,100.0000,default,18,rsu(408m),1773,61892,0.0180,408,2.0168,2,2,-83.7141,-100.7038,direct,0.0500,31.2000,-82.6369
340,node[20],0,4762.0266,2669.6269,1.8950,9.4065,2.2592,-0.5106,:8609539022_5,-75.8084,3.3630,100.0000,default,18,rsu(407m),1774,61930,0.5452,407,2.0156,6,10,-75.8084,-92.7981,direct,0.0500,31.2000,-82.6299
340.1,node[20],0,4762.8642,2670.0961,1.8950,9.5973,1.9080,-0.5106,:8609539022_5,-85.6361,-5.0000,100.0000,default,18,rsu(406m),1775,61968,0.0180,406,2.0144,2,2,-85.6361,-102.6258,direct,0.0500,30.4000,-82.6212
340.2,node[20],0,4763.7133,2670.5717,1.8950,9.7290,1.3164,-0.5106,:8609539022_5,-74.4970,0.1538,100.0000,default,18,rsu(405m),1776,62007,0.1942,405,2.0261,4,6,-74.4970,-91.4867,direct,0.0500,30.4000,-82.6109
340.3,node[20],0,4764.5767,2671.0554,1.8950,9.8935,1.6458,-0.5106,:8609539022_5,-82.2407,-5.0000,100.0000,default,18,rsu(404m),1777,62046,0.0180,404,2.0221,2,2,-82.2407,-99.2304,direct,0.0500,31.2000,-82.5991
340.4,node[20],0,4765.4569,2671.5482,1.8950,10.0865,1.9291,-0.5106,569494676#3,-76.8708,0.8795,100.0000,default,18,rsu(403m),1778,62085,0.2573,403,2.0176,4,6,-76.8708,-93.8605,direct,0.0500,31.2000,-82.5854
340.5,node[20],0,4766.3540,2672.0505,1.8950,10.2812,1.9474,-0.5105,569494676#3,-76.1725,-2.2536,100.0000,default,18,rsu(402m),1779,62124,0.0674,402,2.0191,3,4,-76.1725,-93.1622,direct,0.0500,31.2000,-82.5699
340.6,node[20],0,4767.2638,2672.5600,1.8950,10.4266,1.4545,-0.5105,569494676#3,-82.6570,-4.5625,100.0000,default,18,rsu(401m),1780,62162,0.0223,401,2.0231,2,2,-82.6570,-99.6467,direct,0.0500,31.2000,-82.5527
340.7,node[20],0,4768.1910,2673.0791,1.8950,10.6264,1.9977,-0.5105,569494676#3,-77.1709,-2.3480,100.0000,default,18,rsu(400m),1781,62201,0.0645,400,2.0149,3,4,-77.1709,-94.1606,direct,0.0500,30.8000,-82.5335
340.8,node[20],0,4769.1364,2673.6085,1.8950,10.8342,2.0781,-0.5104,569494676#3,-76.6727,0.7128,100.0000,default,18,rsu(399m),1782,62239,0.2417,399,2.0222,4,6,-76.6727,-93.6624,direct,0.0500,30.8000,-82.5123
340.9,node[20],0,4770.0966,2674.1462,1.8950,11.0045,1.7030,-0.5104,569494676#3,-78.3667,-0.4547,100.0000,default,18,rsu(398m),1783,62278,0.1509,398,2.0165,4,6,-78.3667,-95.3564,direct,0.0500,30.8000,-82.4892
341,node[20],0,4771.0687,2674.6905,1.8950,11.1411,1.3654,-0.5104,569494676#3,-84.1703,-5.0000,100.0000,default,18,rsu(397m),1784,62317,0.0180,397,2.0238,2,2,-84.1703,-101.1600,direct,0.0500,30.8000,-82.4642
341.1,node[20],0,4772.0616,2675.2464,1.8950,11.3784,2.3737,-0.5104,569494676#3,-74.8166,3.4516,100.0000,default,18,rsu(396m),1785,62355,0.5562,396,2.0180,6,10,-74.8166,-91.8063,direct,0.0500,30.8000,-82.4368
341.2,node[20],0,4773.0743,2675.8135,1.8950,11.6055,2.2711,-0.5104,569494676#3,-76.7186,-0.8302,100.0000,default,18,rsu(395m),1786,62394,0.1284,395,2.0252,4,6,-76.7186,-93.7083,direct,0.0500,30.8000,-82.4071
341.3,node[20],0,4774.1061,2676.3912,1.8950,11.8256,2.2011,-0.5104,569494676#3,-83.8040,-5.0000,100.0000,default,18,rsu(394m),1787,62433,0.0180,394,2.0168,2,2,-83.8040,-100.7937,direct,0.0500,31.2000,-82.3750
341.4,node[20],0,4775.1567,2676.9795,1.8950,12.0398,2.1419,-0.5104,569494676#3,-75.7564,0.3968,100.0000,default,18,rsu(393m),1788,62472,0.2139,393,2.0206,4,6,-75.7564,-92.7461,direct,0.0500,31.2000,-82.3405
341.5,node[20],0,4776.2212,2677.5756,1.8950,12.1998,1.5992,-0.5104,569494676#3,-78.3102,-0.3654,100.0000,default,18,rsu(392m),1789,62511,0.1567,392,2.0248,4,6,-78.3102,-95.2999,direct,0.0500,31.2000,-82.3036
341.6,node[20],0,4777.3040,2678.1818,1.8950,12.4090,2.0925,-0.5104,569494676#3,-75.1148,0.9454,100.0000,default,18,rsu(391m),1790,62550,0.2636,391,2.0188,4,6,-75.1148,-92.1045,direct,0.0500,31.2000,-82.2641
341.7,node[20],0,4778.4015,2678.7964,1.8950,12.5783,1.6926,-0.5104,569494676#3,-72.9563,4.4986,100.0000,default,18,rsu(390m),1791,62588,0.6790,390,2.0258,6,10,-72.9563,-89.9460,direct,0.0500,30.8000,-82.2222
341.8,node[20],0,4779.5112,2679.4177,1.8950,12.7169,1.3861,-0.5104,569494676#3,-77.2361,2.1472,100.0000,default,18,rsu(389m),1792,62627,0.3950,389,2.0170,5,8,-77.2361,-94.2258,direct,0.0500,30.8000,-82.1778
341.9,node[20],0,4780.6325,2680.0456,1.8950,12.8504,1.3353,-0.5104,569494676#3,-85.3393,-5.0000,100.0000,default,18,rsu(387m),1793,62666,0.0180,387,2.0215,2,2,-85.3393,-102.3290,direct,0.0500,31.2000,-82.1308
342,node[20],0,4781.7663,2680.6805,1.8950,12.9944,1.4398,-0.5104,569494676#3,-77.7734,0.4670,100.0000,default,18,rsu(386m),1794,62705,0.2199,386,2.0154,4,6,-77.7734,-94.7631,direct,0.0500,31.2000,-82.0813
342.1,node[20],0,4782.9178,2681.3252,1.8950,13.1964,2.0202,-0.5104,569494676#3,-90.9342,-5.0000,100.0000,default,18,rsu(385m),1795,62743,0.0180,385,2.0222,2,2,-90.9342,-107.9239,direct,0.0500,30.8000,-82.0287
342.2,node[20],0,4784.0826,2681.9774,1.8950,13.3486,1.5214,-0.5104,569494676#3,-74.8559,-0.1196,100.0000,default,18,rsu(384m),1796,62782,0.1737,384,2.0160,4,6,-74.8559,-91.8456,direct,0.0500,30.8000,-81.9733
342.3,node[20],0,4785.2665,2682.6404,1.8950,13.5689,2.2033,-0.5104,569494676#3,-71.3641,5.5250,100.0000,default,18,rsu(383m),1797,62820,0.7795,383,2.0249,7,12,-71.3641,-88.3538,direct,0.0500,30.8000,-81.9145
342.4,node[20],0,4786.4636,2683.3107,1.8950,13.7188,1.4988,-0.5104,569494676#3,-78.3049,-2.2275,100.0000,default,18,rsu(381m),1798,62858,0.0683,381,2.0207,3,4,-78.3049,-95.2946,direct,0.0500,30.8000,-81.8526
342.5,node[20],0,4787.6805,2683.9920,1.8950,13.9458,2.2702,-0.5104,569494676#3,-76.4662,2.2125,100.0000,default,18,rsu(380m),1799,62896,0.4028,380,2.0165,5,8,-76.4662,-93.4559,direct,0.0500,30.4000,-81.7870
342.6,node[20],0,4788.9169,2684.6844,1.8950,14.1702,2.2446,-0.5104,569494676#3,-87.1642,-5.0000,100.0000,default,18,rsu(379m),1800,62935,0.0180,379,2.0228,2,2,-87.1642,-104.1539,direct,0.0500,30.4000,-81.7177
342.7,node[20],0,4790.1691,2685.3855,1.8950,14.3507,1.8049,-0.5104,569494676#3,-73.4502,3.9313,100.0000,default,18,rsu(378m),1801,62973,0.6143,378,2.0186,6,10,-73.4502,-90.4399,direct,0.0500,30.8000,-81.6446
342.8,node[20],0,4791.4373,2686.0962,1.8950,14.5384,1.8765,-0.5105,:8595603528_6,-73.4517,0.9300,100.0000,default,18,rsu(376m),1802,63012,0.2621,376,2.0249,4,6,-73.4517,-90.4414,direct,0.0500,30.8000,-81.5675
342.9,node[20],0,4792.7175,2686.8138,1.8950,14.6779,1.3954,-0.5107,:8595603528_6,-77.6526,-3.4694,100.0000,default,18,rsu(375m),1803,63051,0.0379,375,2.0202,2,2,-77.6526,-94.6423,direct,0.0500,31.2000,-81.4866
343,node[20],0,4794.0170,2687.5421,1.8950,14.8993,2.2137,-0.5108,:8595603528_6,-74.6204,0.7328,100.0000,default,18,rsu(374m),1804,63090,0.2435,374,2.0157,4,6,-74.6204,-91.6101,direct,0.0500,31.2000,-81.4011
343.1,node[20],0,4795.3376,2688.2823,1.8950,15.1406,2.4127,-0.5109,:8595603528_6,-77.3941,-2.5176,100.0000,default,18,rsu(372m),1805,63127,0.0596,372,2.0137,3,4,-77.3941,-94.3838,direct,0.0500,30.4000,-81.3108
343.2,node[20],0,4796.6756,2689.0322,1.8950,15.3402,1.9966,-0.5109,:8595603528_6,-77.6534,-1.2734,100.0000,default,18,rsu(371m),1806,63164,0.1056,371,2.0246,3,4,-77.6534,-94.6431,direct,0.0500,30.4000,-81.2156
343.3,node[20],0,4798.0361,2689.7938,1.8950,15.5342,1.9394,-0.5107,:8609539030_5,-76.4248,-2.6194,100.0000,default,18,rsu(370m),1807,63202,0.0568,370,2.0225,3,4,-76.4248,-93.4145,direct,0.0500,30.0000,-81.1150
343.4,node[20],0,4799.4116,2690.5648,1.8950,15.7710,2.3680,-0.5107,:8609539030_5,-79.8281,-3.8337,100.0000,default,18,rsu(368m),1808,63241,0.0318,368,2.0170,2,2,-79.8281,-96.8178,direct,0.0500,30.0000,-81.0091
343.5,node[20],0,4800.8046,2691.3456,1.8950,15.9708,1.9986,-0.5107,:8609539030_5,-74.9671,2.0258,100.0000,default,18,rsu(367m),1809,63280,0.3806,367,2.0245,5,8,-74.9671,-91.9568,direct,0.0500,31.2000,-80.8977
343.6,node[20],0,4802.2153,2692.1363,1.8950,16.1737,2.0290,-0.5108,:8609539030_5,-78.2569,-1.7002,100.0000,default,18,rsu(365m),1810,63319,0.0871,365,2.0189,3,4,-78.2569,-95.2466,direct,0.0500,31.2000,-80.7802
343.7,node[20],0,4803.6384,2692.9339,1.8950,16.3156,1.4186,-0.5109,:8609539030_5,-78.0514,0.3153,100.0000,default,18,rsu(364m),1811,63358,0.2071,364,2.0144,4,6,-78.0514,-95.0411,direct,0.0500,31.2000,-80.6570
343.8,node[20],0,4805.0813,2693.7426,1.8950,16.5426,2.2701,-0.5109,:8609539030_5,-78.0761,0.9158,100.0000,default,18,rsu(363m),1812,63397,0.2607,363,2.0251,4,6,-78.0761,-95.0658,direct,0.0500,31.2000,-80.5270
343.9,node[20],0,4806.5407,2694.5600,1.8950,16.7274,1.8485,-0.5108,569494676#5,-86.8179,-5.0000,100.0000,default,18,rsu(361m),1813,63436,0.0180,361,2.0194,2,2,-86.8179,-103.8076,direct,0.0500,31.2000,-80.3901
344,node[20],0,4808.0168,2695.3865,1.8950,16.9175,1.9003,-0.5106,569494676#5,-79.0047,-0.3128,100.0000,default,18,rsu(360m),1814,63475,0.1602,360,2.0143,4,6,-79.0047,-95.9944,direct,0.0500,31.2000,-80.2459
344.1,node[20],0,4809.5150,2696.2255,1.8950,17.1708,2.5332,-0.5105,569494676#5,-74.0091,4.6750,100.0000,default,18,rsu(358m),1815,63514,0.6979,358,2.0215,6,10,-74.0091,-90.9988,direct,0.0500,31.2000,-80.0934
344.2,node[20],0,4811.0313,2697.0746,1.8950,17.3786,2.0780,-0.5105,569494676#5,-83.2835,-5.0000,100.0000,default,18,rsu(357m),1816,63553,0.0180,357,2.0190,2,2,-83.2835,-100.2732,direct,0.0500,31.2000,-79.9324
344.3,node[20],0,4812.5604,2697.9309,1.8950,17.5250,1.4640,-0.5105,569494676#5,-73.8862,1.6424,100.0000,default,18,rsu(355m),1817,63591,0.3365,355,2.0165,5,8,-73.8862,-90.8759,direct,0.0500,30.8000,-79.7631
344.4,node[20],0,4814.1070,2698.7970,1.8950,17.7264,2.0142,-0.5105,569494676#5,-74.9437,3.7451,100.0000,default,18,rsu(353m),1818,63629,0.5921,353,2.0139,6,10,-74.9437,-91.9334,direct,0.0500,30.8000,-79.5843
344.5,node[20],0,4815.6721,2699.6734,1.8950,17.9370,2.1056,-0.5105,569494676#5,-78.5122,-0.5314,100.0000,default,18,rsu(352m),1819,63668,0.1461,352,2.0220,4,6,-78.5122,-95.5019,direct,0.0500,30.8000,-79.3954
344.6,node[20],0,4817.2575,2700.5612,1.8950,18.1707,2.3372,-0.5105,569494676#5,-75.2620,0.1443,100.0000,default,18,rsu(350m),1820,63707,0.1934,350,2.0171,4,6,-75.2620,-92.2517,direct,0.0500,30.8000,-79.1952
344.7,node[20],0,4818.8573,2701.4570,1.8950,18.3346,1.6392,-0.5105,569494676#5,-86.1826,-5.0000,100.0000,default,18,rsu(349m),1821,63745,0.0180,349,2.0143,2,2,-86.1826,-103.1723,direct,0.0500,30.8000,-78.9839
344.8,node[20],0,4820.4768,2702.3639,1.8950,18.5613,2.2672,-0.5105,569494676#5,-76.8508,-1.6169,100.0000,default,18,rsu(347m),1822,63783,0.0904,347,2.0165,3,4,-76.8508,-93.8405,direct,0.0500,30.8000,-78.7598
344.9,node[20],0,4822.1098,2703.2784,1.8950,18.7159,1.5459,-0.5105,569494676#5,-80.8799,-5.0000,100.0000,default,18,rsu(345m),1823,63822,0.0180,345,2.0164,2,2,-80.8799,-97.8696,direct,0.0500,30.8000,-78.5229
345,node[20],0,4823.7635,2704.2044,1.8950,18.9527,2.3680,-0.5105,569494676#5,-77.7319,-1.4198,100.0000,default,18,rsu(344m),1824,63861,0.0989,344,2.0185,3,4,-77.7319,-94.7216,direct,0.0500,30.8000,-78.2711
345.1,node[20],0,4825.4326,2705.1391,1.8950,19.1295,1.7677,-0.5105,569494676#5,-74.0958,2.9011,100.0000,default,18,rsu(342m),1825,63900,0.4876,342,2.0205,5,8,-74.0958,-91.0855,direct,0.0500,31.2000,-78.0039
345.2,node[20],0,4827.1183,2706.0830,1.8950,19.3198,1.9028,-0.5105,569494676#5,-80.1882,-1.8231,100.0000,default,18,rsu(340m),1826,63939,0.0823,340,2.0224,3,4,-80.1882,-97.1779,direct,0.0500,31.2000,-77.7200
345.3,node[20],0,4828.8221,2707.0372,1.8950,19.5278,2.0803,-0.5105,569494676#5,-78.4664,-3.0971,100.0000,default,18,rsu(339m),1827,63977,0.0453,339,2.0243,2,2,-78.4664,-95.4561,direct,0.0500,30.8000,-77.4175
345.4,node[20],0,4830.5087,2707.9816,1.8950,19.3300,-1.9780,-0.5105,569494676#5,-80.0223,-1.5667,100.0000,default,18,rsu(337m),1828,64016,0.0925,337,2.0262,3,4,-80.0223,-97.0120,direct,0.0500,30.8000,-77.1016
345.5,node[20],0,4832.1560,2708.9041,1.8950,18.8800,-4.5000,-0.5105,569494676#5,-83.6534,-5.0000,100.0000,default,18,rsu(336m),1829,64055,0.0180,336,2.0150,2,2,-83.6534,-100.6431,direct,0.0500,31.2000,-76.7760
345.6,node[20],0,4833.7667,2709.8061,1.8950,18.4604,-4.1964,-0.5105,569494676#5,-81.6919,-3.0584,100.0000,default,18,rsu(334m),1830,64094,0.0461,334,2.0146,2,2,-81.6919,-98.6816,direct,0.0500,31.2000,-76.4401
345.7,node[20],0,4835.3382,2710.6861,1.8950,18.0104,-4.5000,-0.5105,569494676#5,-84.0201,-5.0000,100.0000,default,18,rsu(332m),1831,64132,0.0180,332,2.0163,2,2,-84.0201,-101.0098,direct,0.0500,30.8000,-76.0942
345.8,node[20],0,4836.8704,2711.5441,1.8950,17.5604,-4.5000,-0.5105,569494676#5,-76.5392,2.4911,100.0000,default,18,rsu(331m),1832,64171,0.4367,331,2.0225,5,8,-76.5392,-93.5289,direct,0.0500,30.8000,-75.7383
345.9,node[20],0,4838.3639,2712.3804,1.8950,17.1180,-4.4235,-0.5105,569494676#5,-82.0119,-5.0000,100.0000,default,18,rsu(329m),1833,64209,0.0180,329,2.0190,2,2,-82.0119,-99.0016,direct,0.0500,30.8000,-75.3720
346,node[20],0,4839.8183,2713.1948,1.8950,16.6680,-4.5000,-0.5105,569494676#5,-76.7715,-0.5701,100.0000,default,18,rsu(328m),1834,64248,0.1437,328,2.0154,4,6,-76.7715,-93.7612,direct,0.0500,30.8000,-74.9956
346.1,node[20],0,4841.2337,2713.9875,1.8950,16.2225,-4.4548,-0.5105,569494676#5,-88.8963,-5.0000,100.0000,default,18,rsu(327m),1835,64287,0.0180,327,2.0221,2,2,-88.8963,-105.8860,direct,0.0500,31.2000,-74.6089
346.2,node[20],0,4842.6099,2714.7581,1.8950,15.7725,-4.5000,-0.5105,569494676#5,-78.8443,-0.7311,100.0000,default,18,rsu(325m),1836,64326,0.1341,325,2.0164,4,6,-78.8443,-95.8340,direct,0.0500,31.2000,-74.2119
346.3,node[20],0,4843.9468,2715.5068,1.8950,15.3225,-4.5000,-0.5105,569494676#5,-77.5088,1.7570,100.0000,default,18,rsu(324m),1837,64364,0.3494,324,2.0256,5,8,-77.5088,-94.4985,direct,0.0500,30.8000,-73.8046
346.4,node[20],0,4845.2445,2716.2334,1.8950,14.8725,-4.5000,-0.5105,569494676#5,-72.7720,2.4575,100.0000,default,18,rsu(323m),1838,64403,0.4326,323,2.0218,5,8,-72.7720,-89.7617,direct,0.0500,30.8000,-73.3872
346.5,node[20],0,4846.5029,2716.9381,1.8950,14.4225,-4.5000,-0.5105,569494676#5,-72.4016,3.9095,100.0000,default,18,rsu(322m),1839,64441,0.6118,322,2.0179,6,10,-72.4016,-89.3913,direct,0.0500,30.8000,-72.9597
346.6,node[20],0,4847.7220,2717.6208,1.8950,13.9725,-4.5000,-0.5105,569494676#5,-68.7569,9.9008,100.0000,default,18,rsu(320m),1840,64480,0.9692,320,2.0237,9,16,-68.7569,-85.7466,direct,0.0500,30.8000,-72.5224
346.7,node[20],0,4848.9020,2718.2816,1.8950,13.5233,-4.4922,-0.5105,569494676#5,-72.2799,1.8960,100.0000,default,18,rsu(319m),1841,64519,0.3654,319,2.0198,5,8,-72.2799,-89.2696,direct,0.0500,31.2000,-72.0755
346.8,node[20],0,4850.0427,2718.9203,1.8950,13.0733,-4.5000,-0.5105,569494676#5,-77.8917,0.3958,100.0000,default,18,rsu(318m),1842,64558,0.2138,318,2.0157,4,6,-77.8917,-94.8814,direct,0.0500,31.2000,-71.6192
346.9,node[20],0,4851.1441,2719.5371,1.8950,12.6233,-4.5000,-0.5105,569494676#5,-85.5093,-5.0000,100.0000,default,18,rsu(317m),1843,64597,0.0180,317,2.0246,2,2,-85.5093,-102.4990,direct,0.0500,31.2000,-71.1542
347,node[20],0,4852.2017,2720.1455,1.8950,12.2072,-4.1611,-0.5133,:227489843_13,-71.6196,6.3180,100.0000,default,18,rsu(316m),1844,64636,0.8401,316,2.0205,7,12,-71.6196,-88.6093,direct,0.0500,31.2000,-70.6779
347.1,node[20],0,4853.2076,2720.8235,1.8950,12.1330,-0.7420,-0.5333,:227489843_13,-75.6494,-0.6526,100.0000,default,18,rsu(315m),1845,64675,0.1387,315,2.0163,4,6,-75.6494,-92.6391,direct,0.0500,31.2000,-70.1658
347.2,node[20],0,4854.2187,2721.5051,1.8950,12.1966,0.6363,-0.5535,:227489843_13,-74.1786,4.0529,100.0000,default,18,rsu(314m),1846,64713,0.6287,314,2.0250,6,10,-74.1786,-91.1683,direct,0.0500,31.2000,-69.6185
347.3,node[20],0,4855.2238,2722.1826,1.8950,12.1237,-0.7298,-0.5735,:227489843_13,-69.9080,8.5087,100.0000,default,18,rsu(313m),1847,64752,0.9402,313,2.0207,8,14,-69.9080,-86.8977,direct,0.0500,30.8000,-69.0386
347.4,node[20],0,4856.2309,2722.8614,1.8950,12.1473,0.2366,-0.5931,:227489843_13,-75.9908,0.3983,100.0000,default,18,rsu(312m),1848,64790,0.2140,312,2.0163,4,6,-75.9908,-92.9805,direct,0.0500,30.8000,-68.4177
347.5,node[20],0,4857.1300,2723.6745,1.8950,12.1873,0.3995,-0.6276,:227489843_13,-76.1926,-2.3388,100.0000,default,18,rsu(311m),1849,64829,0.0648,311,2.0249,3,4,-76.1926,-93.1823,direct,0.0500,30.8000,-67.7242
347.6,node[20],0,4857.9687,2724.5499,1.8950,12.1260,-0.6127,-0.6795,:227489843_13,-73.6928,5.4524,100.0000,default,18,rsu(309m),1850,64868,0.7732,309,2.0204,7,12,-73.6928,-90.6825,direct,0.0500,30.8000,-66.9593
347.7,node[20],0,4858.8140,2725.4322,1.8950,12.2213,0.9531,-0.7319,:227489843_13,-73.9897,0.5819,100.0000,default,18,rsu(308m),1851,64907,0.2299,308,2.0159,4,6,-73.9897,-90.9794,direct,0.0500,31.2000,-66.1123
347.8,node[20],0,4859.6513,2726.3062,1.8950,12.1062,-1.1510,-0.7836,:227489843_13,-77.3152,1.1863,100.0000,default,18,rsu(307m),1852,64946,0.2876,307,2.0223,5,8,-77.3152,-94.3049,direct,0.0500,31.2000,-65.1825
347.9,node[20],0,4860.2502,2727.3597,1.8950,12.1817,0.7549,-0.8665,:227489843_13,-76.1150,2.9654,100.0000,default,18,rsu(306m),1853,64985,0.4957,306,2.0145,5,8,-76.1150,-93.1047,direct,0.0500,31.2000,-64.1213
348,node[20],0,4860.8090,2728.4414,1.8950,12.1775,-0.0416,-0.9368,:227489843_13,-80.0192,-4.8729,100.0000,default,18,rsu(305m),1854,65023,0.0191,305,2.0169,2,2,-80.0192,-97.0089,direct,0.0500,31.2000,-62.9087
348.1,node[20],0,4861.3683,2729.5240,1.8950,12.1878,0.1023,-1.0072,:227489843_13,-85.3964,-5.0000,100.0000,default,18,rsu(303m),1855,65062,0.0180,303,2.0193,2,2,-85.3964,-102.3861,direct,0.0500,30.8000,-61.4979
348.2,node[20],0,4861.7251,2730.6662,1.8950,12.1436,-0.4418,-1.1185,:227489843_13,-76.7728,2.6009,100.0000,default,18,rsu(302m),1856,65101,0.4503,302,2.0198,5,8,-76.7728,-93.7625,direct,0.0500,30.8000,-59.9386
348.3,node[20],0,4861.8922,2731.8759,1.8950,12.2146,0.7106,-1.2188,:227489843_13,-76.5166,-0.0687,100.0000,default,18,rsu(301m),1857,65139,0.1774,301,2.0220,4,6,-76.5166,-93.5063,direct,0.0500,30.8000,-58.2733
348.4,node[20],0,4862.0590,2733.0837,1.8950,12.1955,-0.1918,-1.3024,:227489843_13,-76.2011,2.7619,100.0000,default,18,rsu(300m),1858,65177,0.4703,300,2.0243,5,8,-76.2011,-93.1908,direct,0.0500,30.8000,-56.5183
348.5,node[20],0,4862.1703,2734.2955,1.8950,12.2048,0.0934,-1.3966,831179686#0,-77.4274,-2.8855,100.0000,default,18,rsu(299m),1859,65215,0.0501,299,2.0265,3,4,-77.4274,-94.4171,direct,0.0500,30.4000,-55.1334
348.6,node[20],0,4862.1342,2735.5403,1.8950,12.4547,2.4990,-1.4861,831179686#0,-72.4094,5.4766,100.0000,default,18,rsu(298m),1860,65254,0.7753,298,2.0138,7,12,-72.4094,-89.3991,direct,0.0500,30.4000,-55.0927
348.7,node[20],0,4862.0977,2736.8014,1.8950,12.6182,1.6351,-1.5281,831179686#0,-76.6369,-2.0529,100.0000,default,18,rsu(297m),1861,65293,0.0740,297,2.0258,3,4,-76.6369,-93.6266,direct,0.0500,31.2000,-56.1948
348.8,node[20],0,4862.0607,2738.0776,1.8950,12.7697,1.5150,-1.5706,831179686#0,-74.1156,-0.0727,100.0000,default,18,rsu(296m),1862,65332,0.1771,296,2.0246,4,6,-74.1156,-91.1053,direct,0.0500,31.2000,-57.8493
348.9,node[20],0,4862.0230,2739.3781,1.8950,13.0114,2.4165,-1.5998,831179686#0,-71.9993,7.0227,100.0000,default,18,rsu(294m),1863,65371,0.8820,294,2.0249,8,14,-71.9993,-88.9890,direct,0.0500,31.2000,-59.5804
349,node[20],0,4861.9847,2740.7016,1.8950,13.2427,2.3135,-1.5998,831179686#0,-78.4091,0.3080,100.0000,default,18,rsu(293m),1864,65409,0.2065,293,2.0139,4,6,-78.4091,-95.3988,direct,0.0500,31.2000,-61.1945
349.1,node[20],0,4861.9457,2742.0468,1.8950,13.4599,2.1717,-1.5998,831179686#0,-68.0605,11.3193,100.0000,default,18,rsu(292m),1865,65447,0.9846,292,2.0158,10,18,-68.0605,-85.0502,direct,0.0500,30.4000,-62.6475
349.2,node[20],0,4861.9062,2743.4091,1.8950,13.6305,1.7064,-1.5998,831179686#0,-69.7497,5.4531,100.0000,default,18,rsu(291m),1866,65485,0.7732,291,2.0178,7,12,-69.7497,-86.7394,direct,0.0500,30.4000,-63.9432
349.3,node[20],0,4861.8661,2744.7951,1.8950,13.8676,2.3708,-1.5998,831179686#0,-76.7643,-1.0093,100.0000,default,18,rsu(290m),1867,65524,0.1187,290,2.0197,3,4,-76.7643,-93.7540,direct,0.0500,30.8000,-65.1081
349.4,node[20],0,4861.8252,2746.2066,1.8950,14.1224,2.5479,-1.5998,831179686#0,-83.5920,-5.0000,100.0000,default,18,rsu(288m),1868,65563,0.0180,288,2.0215,2,2,-83.5920,-100.5817,direct,0.0500,30.8000,-66.1632
349.5,node[20],0,4861.7837,2747.6391,1.8950,14.3325,2.1014,-1.5998,831179686#0,-72.3089,1.7726,100.0000,default,18,rsu(287m),1869,65602,0.3512,287,2.0201,5,8,-72.3089,-89.2986,direct,0.0500,31.2000,-67.1222
349.6,node[20],0,4861.7415,2749.0949,1.8950,14.5668,2.3421,-1.5998,831179686#0,-77.2073,-3.1859,100.0000,default,18,rsu(286m),1870,65641,0.0434,286,2.0219,2,2,-77.2073,-94.1970,direct,0.0500,31.2000,-68.0011
349.7,node[20],0,4861.6986,2750.5757,1.8950,14.8158,2.4907,-1.5998,831179686#0,-72.6785,4.3824,100.0000,default,18,rsu(285m),1871,65679,0.6662,285,2.0236,6,10,-72.6785,-89.6682,direct,0.0500,30.8000,-68.8122
349.8,node[20],0,4861.6551,2752.0768,1.8950,15.0196,2.0378,-1.5998,831179686#0,-74.8529,3.2441,100.0000,default,18,rsu(283m),1872,65718,0.5305,283,2.0229,6,10,-74.8529,-91.8426,direct,0.0500,30.8000,-69.5623
349.9,node[20],0,4861.6112,2753.5926,1.8950,15.1658,1.4620,-1.5998,831179686#0,-71.1797,7.8695,100.0000,default,18,rsu(282m),1873,65757,0.9194,282,2.0245,8,14,-71.1797,-88.1694,direct,0.0500,31.2000,-70.2569
350,node[20],0,4861.5669,2755.1216,1.8950,15.2990,1.3322,-1.5998,831179686#0,-81.7788,-5.0000,100.0000,default,18,rsu(281m),1874,65796,0.0180,281,2.0266,2,2,-81.7788,-98.7685,direct,0.0500,31.2000,-70.9026
350.1,node[20],0,4861.5221,2756.6682,1.8950,15.4749,1.7583,-1.5998,831179686#0,-79.4725,-0.0882,100.0000,default,18,rsu(279m),1875,65835,0.1759,279,2.0152,4,6,-79.4725,-96.4622,direct,0.0500,31.2000,-71.5067
350.2,node[20],0,4861.4766,2758.2383,1.8950,15.7098,2.3491,-1.5998,831179686#0,-69.0998,10.1154,100.0000,default,18,rsu(278m),1876,65874,0.9723,278,2.0266,9,16,-69.0998,-86.0895,direct,0.0500,31.2000,-72.0761
350.3,node[20],0,4861.4305,2759.8306,1.8950,15.9312,2.2140,-1.5998,831179686#0,-79.4320,-0.2714,100.0000,default,18,rsu(277m),1877,65913,0.1631,277,2.0150,4,6,-79.4320,-96.4217,direct,0.0500,31.2000,-72.6135
350.4,node[20],0,4861.3837,2761.4443,1.8950,16.1460,2.1488,-1.5998,831179686#0,-73.3861,5.9947,100.0000,default,18,rsu(275m),1878,65952,0.8172,275,2.0263,7,12,-73.3861,-90.3758,direct,0.0500,31.2000,-73.1218
350.5,node[20],0,4861.3363,2763.0806,1.8950,16.3717,2.2567,-1.5998,831179686#0,-71.8166,5.2641,100.0000,default,18,rsu(274m),1879,65991,0.7562,274,2.0260,7,12,-71.8166,-88.8063,direct,0.0500,31.2000,-73.6039
350.6,node[20],0,4861.2882,2764.7409,1.8950,16.6128,2.4109,-1.5998,831179686#0,-75.0299,3.7801,100.0000,default,18,rsu(273m),1880,66030,0.5963,273,2.0257,6,10,-75.0299,-92.0196,direct,0.0500,31.2000,-74.0623
350.7,node[20],0,4861.2394,2766.4266,1.8950,16.8657,2.5289,-1.5998,831179686#0,-70.8315,7.6889,100.0000,default,18,rsu(271m),1881,66068,0.9125,271,2.0140,8,14,-70.8315,-87.8212,direct,0.0500,30.8000,-74.4992
350.8,node[20],0,4861.1902,2768.1254,1.8950,16.9975,1.3182,-1.5998,831179686#0,-70.1936,4.8059,100.0000,default,18,rsu(270m),1882,66107,0.7116,270,2.0251,6,10,-70.1936,-87.1833,direct,0.0500,30.8000,-74.9131
350.9,node[20],0,4861.1404,2769.8434,1.8950,17.1895,1.9194,-1.5998,831179686#0,-85.9019,-5.0000,100.0000,default,18,rsu(268m),1883,66146,0.0180,268,2.0247,2,2,-85.9019,-102.8916,direct,0.0500,31.2000,-75.3072
351,node[20],0,4861.0901,2771.5803,1.8950,17.3794,1.8991,-1.5998,831179686#0,-72.7107,6.3054,100.0000,default,18,rsu(267m),1884,66184,0.8393,267,2.0259,7,12,-72.7107,-89.7004,direct,0.0500,31.2000,-75.6829
351.1,node[20],0,4861.0393,2773.3312,1.8950,17.5185,1.3910,-1.5998,831179686#0,-74.6900,1.7892,100.0000,default,18,rsu(265m),1885,66222,0.3531,265,2.0140,5,8,-74.6900,-91.6797,direct,0.0500,30.4000,-76.0404
351.2,node[20],0,4860.9882,2775.0972,1.8950,17.6698,1.5137,-1.5998,831179686#0,-82.5240,-4.4928,100.0000,default,18,rsu(264m),1886,66262,0.0231,264,2.0144,2,2,-82.5240,-99.5137,direct,0.0500,30.4000,-76.3812
351.3,node[20],0,4860.9364,2776.8826,1.8950,17.8635,1.9362,-1.5998,831179686#0,-74.4208,4.9207,100.0000,default,18,rsu(262m),1887,66302,0.7232,262,2.0251,6,10,-74.4208,-91.4105,direct,0.0500,32.0000,-76.7070
351.4,node[20],0,4860.8843,2778.6835,1.8950,18.0192,1.5571,-1.5998,831179686#0,-73.8080,1.9333,100.0000,default,18,rsu(261m),1888,66343,0.3697,261,2.0228,5,8,-73.8080,-90.7977,direct,0.0500,32.0000,-77.0181
351.5,node[20],0,4860.8315,2780.5037,1.8950,18.2118,1.9268,-1.5998,831179686#0,-85.9292,-5.0000,100.0000,default,18,rsu(259m),1889,66383,0.0180,259,2.0204,2,2,-85.9292,-102.9189,direct,0.0500,32.4000,-77.3159
351.6,node[20],0,4860.7782,2782.3428,1.8950,18.4011,1.8922,-1.5998,831179686#0,-75.3269,3.1816,100.0000,default,18,rsu(258m),1890,66423,0.5227,258,2.0180,6,10,-75.3269,-92.3166,direct,0.0500,32.4000,-77.6010
351.7,node[20],0,4860.7243,2784.2049,1.8950,18.6317,2.3062,-1.5998,831179686#0,-71.8406,4.8451,100.0000,default,18,rsu(256m),1891,66464,0.7156,256,2.0254,6,10,-71.8406,-88.8303,direct,0.0500,32.4000,-77.8746
351.8,node[20],0,4860.6696,2786.0930,1.8950,18.8911,2.5941,-1.5998,831179686#0,-76.7893,-1.7770,100.0000,default,18,rsu(255m),1892,66505,0.0841,255,2.0214,3,4,-76.7893,-93.7790,direct,0.0500,32.4000,-78.1377
351.9,node[20],0,4860.6145,2787.9961,1.8950,19.0420,1.5087,-1.5998,831179686#0,-82.4841,-3.2676,100.0000,default,18,rsu(253m),1893,66545,0.0417,253,2.0189,2,2,-82.4841,-99.4738,direct,0.0500,32.4000,-78.3892
352,node[20],0,4860.5595,2789.9164,1.8950,19.2041,1.6211,-1.5996,:8595603474_1,-75.1621,2.6902,100.0000,default,18,rsu(252m),1894,66585,0.4614,252,2.0163,5,8,-75.1621,-92.1518,direct,0.0500,32.4000,-78.6298
352.1,node[20],0,4860.5041,2791.8538,1.8950,19.3734,1.6928,-1.5995,:8595603474_1,-75.6357,0.2290,100.0000,default,18,rsu(250m),1895,66626,0.2001,250,2.0252,4,6,-75.6357,-92.6254,direct,0.0500,32.4000,-78.8601
352.2,node[20],0,4860.4482,2793.8074,1.8950,19.5359,1.6258,-1.5994,:8595603474_1,-72.8169,1.7410,100.0000,default,18,rsu(248m),1896,66667,0.3476,248,2.0226,5,8,-72.8169,-89.8066,direct,0.0500,32.4000,-79.0804
352.3,node[20],0,4860.3918,2795.7794,1.8950,19.7206,1.8464,-1.5994,:8595603474_1,-77.2767,1.2875,100.0000,default,18,rsu(247m),1897,66708,0.2981,247,2.0168,5,8,-77.2767,-94.2664,direct,0.0500,32.8000,-79.2914
352.4,node[20],0,4860.3348,2797.7744,1.8950,19.9497,2.2912,-1.5994,:8595603474_1,-74.7029,1.0849,100.0000,default,18,rsu(245m),1898,66749,0.2774,245,2.0256,5,8,-74.7029,-91.6926,direct,0.0500,32.8000,-79.4939
352.5,node[20],0,4860.2770,2799.7842,1.8950,20.1020,1.5226,-1.5994,831179686#1,-73.9834,-0.0897,100.0000,default,18,rsu(244m),1899,66790,0.1758,244,2.0229,4,6,-73.9834,-90.9731,direct,0.0500,32.8000,-79.6874
352.6,node[20],0,4860.2185,2801.8071,1.8950,20.2382,1.3622,-1.5996,831179686#1,-77.2453,-2.7072,100.0000,default,18,rsu(242m),1900,66831,0.0545,242,2.0201,3,4,-77.2453,-94.2350,direct,0.0500,32.8000,-79.8721
352.7,node[20],0,4860.1595,2803.8452,1.8950,20.3900,1.5182,-1.5997,831179686#1,-67.0800,7.7690,100.0000,default,18,rsu(240m),1901,66872,0.9156,240,2.0159,8,14,-67.0800,-84.0697,direct,0.0500,32.8000,-80.0485
352.8,node[20],0,4860.1002,2805.8967,1.8950,20.5240,1.3404,-1.5997,831179686#1,-70.3793,3.9927,100.0000,default,18,rsu(239m),1902,66913,0.6216,239,2.0260,6,10,-70.3793,-87.3690,direct,0.0500,32.8000,-80.2169
352.9,node[20],0,4860.0402,2807.9689,1.8950,20.7323,2.0826,-1.5997,831179686#1,-69.9078,9.2178,100.0000,default,18,rsu(237m),1903,66954,0.9573,237,2.0217,9,16,-69.9078,-86.8975,direct,0.0500,32.8000,-80.3782
353,node[20],0,4859.9797,2810.0606,1.8950,20.9265,1.9424,-1.5997,831179686#1,-76.3310,-0.4285,100.0000,default,18,rsu(235m),1904,66994,0.1526,235,2.0188,4,6,-76.3310,-93.3207,direct,0.0500,32.8000,-80.5323
353.1,node[20],0,4859.9186,2812.1750,1.8950,21.1537,2.2713,-1.5997,831179686#1,-78.6490,-4.8568,100.0000,default,18,rsu(234m),1905,67035,0.0193,234,2.0167,2,2,-78.6490,-95.6387,direct,0.0500,32.4000,-80.6798
353.2,node[20],0,4859.8568,2814.3097,1.8950,21.3563,2.0268,-1.5997,831179686#1,-78.9665,0.2072,100.0000,default,18,rsu(232m),1906,67075,0.1984,232,2.0267,4,6,-78.9665,-95.9562,direct,0.0500,32.4000,-80.8207
353.3,node[20],0,4859.7945,2816.4642,1.8950,21.5553,1.9891,-1.5997,831179686#1,-77.5183,0.0892,100.0000,default,18,rsu(230m),1907,67116,0.1892,230,2.0237,4,6,-77.5183,-94.5080,direct,0.0500,32.4000,-80.9552
353.4,node[20],0,4859.7316,2818.6394,1.8950,21.7618,2.0657,-1.5997,831179686#1,-74.9636,3.4353,100.0000,default,18,rsu(229m),1908,67157,0.5542,229,2.0215,6,10,-74.9636,-91.9533,direct,0.0500,32.4000,-81.0835
353.5,node[20],0,4859.6679,2820.8401,1.8950,22.0162,2.5440,-1.5997,831179686#1,-71.8795,4.7287,100.0000,default,18,rsu(227m),1909,67199,0.7036,227,2.0153,6,10,-71.8795,-88.8692,direct,0.0500,33.2000,-81.2059
353.6,node[20],0,4859.6037,2823.0606,1.8950,22.2156,1.9940,-1.5997,831179686#1,-75.7372,1.4523,100.0000,default,18,rsu(225m),1910,67242,0.3156,225,2.0252,5,8,-75.7372,-92.7269,direct,0.0500,33.2000,-81.3225
353.7,node[20],0,4859.5387,2825.3050,1.8950,22.4544,2.3881,-1.5997,831179686#1,-70.2432,3.8373,100.0000,default,18,rsu(224m),1911,67284,0.6032,224,2.0189,6,10,-70.2432,-87.2329,direct,0.0500,34.0000,-81.4334
353.8,node[20],0,4859.4731,2827.5726,1.8950,22.6857,2.3126,-1.5997,831179686#1,-79.3718,-2.4628,100.0000,default,18,rsu(222m),1912,67327,0.0611,222,2.0156,3,4,-79.3718,-96.3615,direct,0.0500,34.0000,-81.5389
353.9,node[20],0,4859.4070,2829.8599,1.8950,22.8841,1.9845,-1.5997,831179686#1,-69.8020,7.5166,100.0000,default,18,rsu(220m),1913,67369,0.9054,220,2.0254,8,14,-69.8020,-86.7917,direct,0.0500,34.0000,-81.6388
354,node[20],0,4859.3404,2832.1620,1.8950,23.0313,1.4712,-1.5997,831179686#1,-70.7860,4.6879,100.0000,default,18,rsu(218m),1914,67412,0.6993,218,2.0190,6,10,-70.7860,-87.7757,direct,0.0500,34.0000,-81.7332
354.1,node[20],0,4859.2733,2834.4805,1.8950,23.1957,1.6442,-1.5997,831179686#1,-75.9810,-1.0086,100.0000,default,19,rsu(217m),1915,67454,0.1188,217,2.0156,3,4,-75.9810,-92.9707,direct,0.0500,34.0000,-81.7886
354.2,node[20],0,4859.2058,2836.8138,1.8950,23.3438,1.4809,-1.5997,831179686#1,-70.7568,7.4941,100.0000,default,19,rsu(215m),1916,67497,0.9044,215,2.0221,8,14,-70.7568,-87.7465,direct,0.0500,34.0000,-81.8716
354.3,node[20],0,4859.1378,2839.1646,1.8950,23.5187,1.7493,-1.5997,831179686#1,-73.2609,5.0128,100.0000,default,19,rsu(213m),1917,67540,0.7323,213,2.0155,7,12,-73.2609,-90.2506,direct,0.0500,34.4000,-81.9497
354.4,node[20],0,4859.0694,2841.5297,1.8950,23.6610,1.4227,-1.5997,831179686#1,-76.1682,2.7685,100.0000,default,19,rsu(212m),1918,67582,0.4711,212,2.0250,5,8,-76.1682,-93.1579,direct,0.0500,34.4000,-82.0229
354.5,node[20],0,4858.9996,2843.9115,1.8950,23.8242,1.6319,-1.5999,:8595603520_1,-72.9637,5.4581,100.0000,default,19,rsu(210m),1919,67625,0.7736,210,2.0183,7,12,-72.9637,-89.9534,direct,0.0500,34.0000,-82.0915
354.6,node[20],0,4858.9279,2846.3163,1.8950,24.0481,2.2397,-1.6003,:8595603520_1,-73.6801,2.6072,100.0000,default,20,rsu(208m),1920,67668,0.4511,208,2.0246,5,8,-73.6801,-90.6698,direct,0.0500,34.0000,-82.1192
354.7,node[20],0,4858.8559,2848.7360,1.8950,24.1976,1.4942,-1.6006,:8595603520_1,-69.6547,9.2821,100.0000,default,20,rsu(206m),1921,67712,0.9586,206,2.0209,9,16,-69.6547,-86.6444,direct,0.0500,34.8000,-82.1782
354.8,node[20],0,4858.7833,2851.1733,1.8950,24.3725,1.7494,-1.6006,:8595603520_1,-75.7384,-1.1409,100.0000,default,20,rsu(205m),1922,67755,0.1120,205,2.0172,3,4,-75.7384,-92.7281,direct,0.0500,34.8000,-82.2330
354.9,node[20],0,4858.7117,2853.6281,1.8950,24.5533,1.8084,-1.6003,831179686#2,-68.7781,7.0001,100.0000,default,20,rsu(203m),1923,67798,0.8808,203,2.0154,8,14,-68.7781,-85.7678,direct,0.0500,34.4000,-82.2831
355,node[20],0,4858.6409,2856.1010,1.8950,24.7394,1.8605,-1.5997,831179686#2,-75.4250,-0.3099,100.0000,default,20,rsu(201m),1924,67842,0.1604,201,2.0251,4,6,-75.4250,-92.4147,direct,0.0500,34.4000,-82.3291
355.1,node[20],0,4858.5695,2858.5967,1.8950,24.9677,2.2835,-1.5994,831179686#2,-76.4520,0.2670,100.0000,default,20,rsu(200m),1925,67886,0.2032,200,2.0232,4,6,-76.4520,-93.4417,direct,0.0500,35.2000,-82.3714
355.2,node[20],0,4858.4976,2861.1103,1.8950,25.1459,1.7815,-1.5994,831179686#2,-78.0583,0.4709,100.0000,default,20,rsu(198m),1926,67928,0.2202,198,2.0211,4,6,-78.0583,-95.0480,direct,0.0500,35.2000,-82.4098
355.3,node[20],0,4858.4250,2863.6477,1.8950,25.3846,2.3872,-1.5994,831179686#2,-66.3426,8.2912,100.0000,default,20,rsu(196m),1927,67972,0.9337,196,2.0176,8,14,-66.3426,-83.3323,direct,0.0500,34.4000,-82.4446
355.4,node[20],0,4858.3517,2866.2063,1.8950,25.5973,2.1270,-1.5994,831179686#2,-69.9619,5.5133,100.0000,default,20,rsu(194m),1928,68016,0.7784,194,2.0141,7,12,-69.9619,-86.9516,direct,0.0500,34.4000,-82.4757
355.5,node[20],0,4858.2781,2868.7782,1.8950,25.7297,1.3239,-1.5994,831179686#2,-68.5781,6.7167,100.0000,default,20,rsu(193m),1929,68060,0.8651,193,2.0226,7,12,-68.5781,-85.5678,direct,0.0500,35.2000,-82.5033
355.6,node[20],0,4858.2039,2871.3704,1.8950,25.9327,2.0301,-1.5994,831179686#2,-67.0431,11.9598,100.0000,default,20,rsu(191m),1930,68104,0.9888,191,2.0204,10,18,-67.0431,-84.0328,direct,0.0500,35.2000,-82.5274
355.7,node[20],0,4858.1291,2873.9858,1.8950,26.1650,2.3234,-1.5994,831179686#2,-73.3533,4.0623,100.0000,default,20,rsu(189m),1931,68148,0.6298,189,2.0149,6,10,-73.3533,-90.3430,direct,0.0500,35.2000,-82.5482
355.8,node[20],0,4858.0535,2876.6253,1.8950,26.4042,2.3918,-1.5994,:8595603468_0,-70.2493,6.2255,100.0000,default,20,rsu(188m),1932,68192,0.8338,188,2.0255,7,12,-70.2493,-87.2390,direct,0.0500,35.2000,-82.5657
355.9,node[20],0,4857.9772,2879.2828,1.8950,26.5749,1.7068,-1.5995,:8595603468_0,-67.3549,10.2751,100.0000,default,20,rsu(186m),1933,68236,0.9744,186,2.0218,9,16,-67.3549,-84.3446,direct,0.0500,35.2000,-82.5799
356,node[20],0,4857.9003,2881.9594,1.8950,26.7667,1.9183,-1.5995,:8595603468_0,-69.6788,9.4081,100.0000,default,20,rsu(184m),1934,68279,0.9610,184,2.0193,9,16,-69.6788,-86.6685,direct,0.0500,35.2000,-82.5910
356.1,node[20],0,4857.8230,2884.6520,1.8950,26.9259,1.5921,-1.5995,:8595603468_0,-73.7579,4.0824,100.0000,default,20,rsu(183m),1935,68323,0.6321,183,2.0145,6,10,-73.7579,-90.7476,direct,0.0500,34.8000,-82.5990
356.2,node[20],0,4857.7441,2887.3653,1.8950,27.1471,2.2112,-1.5997,831179686#3,-68.0651,6.0162,100.0000,default,20,rsu(181m),1936,68367,0.8188,181,2.0226,7,12,-68.0651,-85.0548,direct,0.0500,34.8000,-82.6040
356.3,node[20],0,4857.6641,2890.0937,1.8950,27.3102,1.6318,-1.6000,831179686#3,-73.0378,3.5016,100.0000,default,20,rsu(179m),1937,68410,0.5624,179,2.0200,6,10,-73.0378,-90.0275,direct,0.0500,34.8000,-82.6060
356.4,node[20],0,4857.5836,2892.8378,1.8950,27.4666,1.5637,-1.6001,831179686#3,-76.0342,0.5914,100.0000,default,20,rsu(178m),1938,68453,0.2307,178,2.0173,4,6,-76.0342,-93.0239,direct,0.0500,34.8000,-82.6051
356.5,node[20],0,4857.5027,2895.5956,1.8950,27.6045,1.3787,-1.6001,831179686#3,-70.8117,7.8604,100.0000,default,20,rsu(176m),1939,68495,0.9191,176,2.0146,8,14,-70.8117,-87.8014,direct,0.0500,34.0000,-82.6014
356.6,node[20],0,4857.4225,2898.3733,1.8950,27.7839,1.7941,-1.5999,:8595603464_0,-65.7531,9.5046,100.0000,default,20,rsu(175m),1940,68539,0.9628,175,2.0216,9,16,-65.7531,-82.7428,direct,0.0500,34.0000,-82.5949
356.7,node[20],0,4857.3421,2901.1693,1.8950,27.9603,1.7644,-1.5995,:8595603464_0,-68.2808,9.9614,100.0000,default,20,rsu(173m),1941,68583,0.9701,173,2.0157,9,16,-68.2808,-85.2705,direct,0.0500,35.2000,-82.5858
356.8,node[20],0,4857.2611,2903.9899,1.8950,28.2059,2.4559,-1.5995,:8595603464_0,-69.2814,9.5761,100.0000,default,20,rsu(172m),1942,68626,0.9640,172,2.0258,9,16,-69.2814,-86.2711,direct,0.0500,35.2000,-82.5739
356.9,node[20],0,4857.1794,2906.8288,1.8950,28.3893,1.8335,-1.5995,831179686#4,-72.4726,1.9979,100.0000,default,20,rsu(170m),1943,68670,0.3773,170,2.0216,5,8,-72.4726,-89.4623,direct,0.0500,34.8000,-82.5595
357,node[20],0,4857.0968,2909.6888,1.8950,28.5998,2.1054,-1.5996,831179686#4,-65.5661,10.1802,100.0000,default,20,rsu(169m),1944,68714,0.9731,169,2.0186,9,16,-65.5661,-82.5558,direct,0.0500,34.8000,-82.5424
357.1,node[20],0,4857.0135,2912.5747,1.8950,28.8592,2.5942,-1.5997,831179686#4,-66.5252,12.7647,100.0000,default,20,rsu(167m),1945,68757,0.9925,167,2.0142,10,18,-66.5252,-83.5149,direct,0.0500,34.8000,-82.5228
357.2,node[20],0,4856.9295,2915.4815,1.8950,29.0682,2.0892,-1.5997,831179686#4,-60.1290,16.6122,100.0000,default,20,rsu(166m),1946,68801,0.9989,166,2.0229,12,22,-60.1290,-77.1187,direct,0.0500,34.8000,-82.5007
357.3,node[20],0,4856.8453,2918.4041,1.8950,29.2421,1.7393,-1.5996,:8595603463_0,-64.8663,9.6412,100.0000,default,20,rsu(164m),1947,68844,0.9651,164,2.0165,9,16,-64.8663,-81.8560,direct,0.0500,34.8000,-82.4762
357.4,node[20],0,4856.7609,2921.3407,1.8950,29.3970,1.5487,-1.5996,:8595603463_0,-78.3777,-0.0649,100.0000,default,20,rsu(163m),1948,68887,0.1776,163,2.0263,4,6,-78.3777,-95.3674,direct,0.0500,34.8000,-82.4492
357.5,node[20],0,4856.6760,2924.2911,1.8950,29.5355,1.3851,-1.5995,:8595603463_0,-67.9290,10.5034,100.0000,default,20,rsu(162m),1949,68930,0.9771,162,2.0231,9,16,-67.9290,-84.9187,direct,0.0500,34.4000,-82.4200
357.6,node[20],0,4856.5900,2927.2610,1.8950,29.7206,1.8510,-1.5997,831179686#5,-71.8773,2.2179,100.0000,default,19,rsu(160m),1950,68973,0.4035,160,2.0198,5,8,-71.8773,-88.8670,direct,0.0500,34.4000,-82.4272
357.7,node[20],0,4856.5019,2930.2560,1.8950,29.9500,2.2945,-1.6001,831179686#5,-71.1397,7.6310,100.0000,default,19,rsu(159m),1951,69018,0.9102,159,2.0230,8,14,-71.1397,-88.1294,direct,0.0500,35.2000,-82.3930
357.8,node[20],0,4856.4132,2933.2725,1.8950,30.1650,2.1496,-1.6002,831179686#5,-72.4331,3.9419,100.0000,default,19,rsu(158m),1952,69062,0.6156,158,2.0178,6,10,-72.4331,-89.4228,direct,0.0500,35.2000,-82.3564
357.9,node[20],0,4856.3245,2936.3103,1.8950,30.3780,2.1306,-1.6001,:8595603458_0,-75.4874,-0.5208,100.0000,default,19,rsu(157m),1953,69107,0.1467,157,2.0232,4,6,-75.4874,-92.4771,direct,0.0500,35.6000,-82.3174
358,node[20],0,4856.2363,2939.3482,1.8950,30.3788,0.0073,-1.5998,:8595603458_0,-64.3222,11.2830,100.0000,default,19,rsu(156m),1954,69152,0.9844,156,2.0166,10,18,-64.3222,-81.3119,direct,0.0500,35.6000,-82.2764
358.1,node[20],0,4856.1540,2942.3779,1.8950,30.3044,-0.7439,-1.5987,:8595603535_1,-69.4280,6.7090,100.0000,default,19,rsu(154m),1955,69196,0.8647,154,2.0176,7,12,-69.4280,-86.4177,direct,0.0500,35.6000,-82.2334
358.2,node[20],0,4856.0659,2945.4042,1.8950,30.3046,0.0024,-1.5987,:8595603535_1,-68.2699,8.6656,100.0000,default,19,rsu(153m),1956,69240,0.9444,153,2.0153,8,14,-68.2699,-85.2596,direct,0.0500,35.6000,-82.1886
358.3,node[20],0,4855.9777,2948.4310,1.8950,30.3100,0.0534,-1.5999,:8595603535_1,-73.7888,0.9410,100.0000,default,19,rsu(152m),1957,69284,0.2632,152,2.0162,4,6,-73.7888,-90.7785,direct,0.0500,35.2000,-82.1418
358.4,node[20],0,4855.8948,2951.4696,1.8950,30.3946,0.8459,-1.5988,831179686#7,-74.2480,2.5988,100.0000,default,19,rsu(152m),1958,69327,0.4500,152,2.0170,5,8,-74.2480,-91.2377,direct,0.0500,35.2000,-82.0929
358.5,node[20],0,4855.8060,2954.5051,1.8950,30.3554,-0.3913,-1.5991,:8595603457_0,-69.4083,8.1740,100.0000,default,19,rsu(151m),1959,69371,0.9300,151,2.0177,8,14,-69.4083,-86.3980,direct,0.0500,34.8000,-82.0421
358.6,node[20],0,4855.7157,2957.5372,1.8950,30.3211,-0.3438,-1.6006,:8595603457_0,-72.5762,2.1101,100.0000,default,19,rsu(150m),1960,69415,0.3906,150,2.0184,5,8,-72.5762,-89.5659,direct,0.0500,34.8000,-81.9895
358.7,node[20],0,4855.6253,2960.5698,1.8950,30.3262,0.0519,-1.6006,:8595603457_0,-73.5432,3.9100,100.0000,default,19,rsu(149m),1961,69459,0.6118,149,2.0191,6,10,-73.5432,-90.5329,direct,0.0500,35.2000,-81.9348
358.8,node[20],0,4855.5370,2963.6098,1.8950,30.4268,1.0060,-1.6001,831179686#8,-72.1602,4.6224,100.0000,default,19,rsu(148m),1962,69503,0.6924,148,2.0184,6,10,-72.1602,-89.1499,direct,0.0500,35.2000,-81.8781
358.9,node[20],0,4855.4498,2966.6456,1.8950,30.3965,-0.3036,-1.5995,831179686#8,-72.1059,2.9560,100.0000,default,19,rsu(148m),1963,69546,0.4945,148,2.0190,5,8,-72.1059,-89.0956,direct,0.0500,34.8000,-81.8193
359,node[20],0,4855.3625,2969.6723,1.8950,30.3012,-0.9526,-1.5996,:8595603454_0,-69.8964,8.2512,100.0000,default,19,rsu(147m),1964,69591,0.9325,147,2.0183,8,14,-69.8964,-86.8861,direct,0.0500,34.8000,-81.7586
359.1,node[20],0,4855.2721,2972.7064,1.8950,30.3409,0.3963,-1.6002,:8595603454_0,-65.9687,9.9270,100.0000,default,19,rsu(147m),1965,69635,0.9696,147,2.0207,9,16,-65.9687,-82.9584,direct,0.0500,35.6000,-81.6956
359.2,node[20],0,4855.1816,2975.7452,1.8950,30.3878,0.4691,-1.6006,:8595603454_0,-64.9603,9.0109,100.0000,default,19,rsu(146m),1966,69677,0.9528,146,2.0232,9,16,-64.9603,-81.9500,direct,0.0500,35.6000,-81.6302
359.3,node[20],0,4855.0911,2978.7847,1.8950,30.3952,0.0740,-1.6006,:8595603454_0,-68.2308,9.9679,100.0000,default,19,rsu(146m),1967,69720,0.9702,146,2.0255,9,16,-68.2308,-85.2205,direct,0.0500,34.0000,-81.5624
359.4,node[20],0,4855.0045,2981.8181,1.8950,30.3346,-0.6054,-1.5998,831179686#9,-66.0517,12.1767,100.0000,default,19,rsu(146m),1968,69763,0.9899,146,2.0254,10,18,-66.0517,-83.0414,direct,0.0500,34.0000,-81.4922
359.5,node[20],0,4854.9181,2984.8510,1.8950,30.3285,-0.0611,-1.5993,831179686#9,-69.3776,5.4335,100.0000,default,19,rsu(145m),1969,69806,0.7715,145,2.0198,7,12,-69.3776,-86.3673,direct,0.0500,34.4000,-81.4194
359.6,node[20],0,4854.8314,2987.8919,1.8950,30.4091,0.8062,-1.5993,831179686#9,-70.5944,7.1841,100.0000,default,19,rsu(145m),1970,69850,0.8901,145,2.0271,8,14,-70.5944,-87.5841,direct,0.0500,34.4000,-81.3436
359.7,node[20],0,4854.7441,2990.9319,1.8950,30.3996,-0.0954,-1.5994,:8595603453_0,-62.8380,11.1927,100.0000,default,19,rsu(145m),1971,69892,0.9836,145,2.0214,10,18,-62.8380,-79.8277,direct,0.0500,34.4000,-81.2648
359.8,node[20],0,4854.6570,2993.9624,1.8950,30.3057,-0.9392,-1.5995,:8595603453_0,-65.9732,13.2518,100.0000,default,19,rsu(145m),1972,69936,0.9941,145,2.0156,11,20,-65.9732,-82.9629,direct,0.0500,34.4000,-81.1832
359.9,node[20],0,4854.5701,2996.9869,1.8950,30.2448,-0.6088,-1.5995,:8595603453_0,-67.2545,7.2101,100.0000,default,19,rsu(145m),1973,69978,0.8914,145,2.0228,8,14,-67.2545,-84.2442,direct,0.0500,34.4000,-81.0983
360,node[20],0,4854.4859,2999.9681,1.8950,29.8373,-4.0749,-1.5992,831179686#10,-73.9999,0.3680,100.0000,default,19,rsu(145m),1974,70021,0.2115,145,2.0170,4,6,-73.9999,-90.9896,direct,0.0500,34.4000,-81.0112
360.1,node[20],0,4854.4027,3002.9172,1.8950,29.5194,-3.1792,-1.5990,831179686#10,-69.1728,9.3619,100.0000,default,19,rsu(145m),1975,70065,0.9601,145,2.0241,9,16,-69.1728,-86.1625,direct,0.0500,34.8000,-80.9214
360.2,node[20],0,4854.3206,3005.8255,1.8950,29.1117,-4.0766,-1.5990,831179686#10,-72.2369,5.9506,100.0000,default,19,rsu(145m),1976,70109,0.8139,145,2.0182,7,12,-72.2369,-89.2266,direct,0.0500,34.8000,-80.8295
360.3,node[20],0,4854.2381,3008.6922,1.8950,28.6845,-4.2722,-1.5993,:8595603450_0,-68.0475,10.1577,100.0000,default,19,rsu(146m),1977,70152,0.9729,146,2.0252,9,16,-68.0475,-85.0372,direct,0.0500,34.8000,-80.7356
360.4,node[20],0,4854.1538,3011.5220,1.8950,28.2978,-3.8667,-1.6002,:8595603450_0,-67.4742,9.5600,100.0000,default,19,rsu(146m),1978,70196,0.9637,146,2.0192,9,16,-67.4742,-84.4639,direct,0.0500,34.8000,-80.6396
360.5,node[20],0,4854.0708,3014.3068,1.8950,27.8478,-4.5000,-1.6006,:8595603450_0,-68.3087,5.9295,100.0000,default,19,rsu(146m),1979,70239,0.8123,146,2.0261,7,12,-68.3087,-85.2984,direct,0.0500,34.8000,-80.5416
360.6,node[20],0,4853.9891,3017.0504,1.8950,27.4366,-4.1125,-1.6006,831179686#11,-73.5628,0.6518,100.0000,default,18,rsu(147m),1980,70282,0.2361,147,2.0201,4,6,-73.5628,-90.5525,direct,0.0500,34.8000,-80.4667
360.7,node[20],0,4853.9128,3019.7617,1.8950,27.1129,-3.2367,-1.5997,831179686#11,-64.6472,12.4731,100.0000,default,18,rsu(147m),1981,70324,0.9913,147,2.0269,10,18,-64.6472,-81.6369,direct,0.0500,34.0000,-80.3640
360.8,node[20],0,4853.8377,3022.4323,1.8950,26.7058,-4.0711,-1.5989,831179686#11,-68.4990,7.0000,100.0000,default,18,rsu(147m),1982,70367,0.8808,147,2.0182,7,12,-68.4990,-85.4887,direct,0.0500,34.0000,-80.2593
360.9,node[20],0,4853.7637,3025.0605,1.8950,26.2818,-4.2399,-1.5989,831179686#11,-71.1207,7.0821,100.0000,default,18,rsu(148m),1983,70410,0.8850,148,2.0250,8,14,-71.1207,-88.1104,direct,0.0500,34.4000,-80.1529
361,node[20],0,4853.6908,3027.6520,1.8950,25.9147,-3.6709,-1.5989,831179686#11,-74.1024,0.5826,100.0000,default,18,rsu(148m),1984,70452,0.2299,148,2.0188,4,6,-74.1024,-91.0921,direct,0.0500,34.4000,-80.0445
361.1,node[20],0,4853.6146,3030.2094,1.8950,25.6015,-3.1321,-1.5998,:8595603449_0,-76.0565,2.2920,100.0000,default,18,rsu(149m),1985,70494,0.4124,149,2.0256,5,8,-76.0565,-93.0462,direct,0.0500,33.6000,-79.9343
361.2,node[20],0,4853.5395,3032.7258,1.8950,25.1904,-4.1119,-1.6006,:8595603449_0,-68.3134,6.9822,100.0000,default,18,rsu(150m),1986,70535,0.8799,150,2.0193,7,12,-68.3134,-85.3031,direct,0.0500,33.6000,-79.8224
361.3,node[20],0,4853.4655,3035.2076,1.8950,24.8442,-3.4611,-1.6006,:8595603449_0,-70.7454,8.4281,100.0000,default,18,rsu(150m),1987,70578,0.9379,150,2.0260,8,14,-70.7454,-87.7351,direct,0.0500,33.6000,-79.7085
361.4,node[20],0,4853.3933,3037.6593,1.8950,24.5375,-3.0677,-1.6004,831179686#12,-68.6357,6.0120,100.0000,default,18,rsu(151m),1988,70621,0.8185,151,2.0196,7,12,-68.6357,-85.6254,direct,0.0500,33.6000,-79.5924
361.5,node[20],0,4853.3248,3040.0816,1.8950,24.2224,-3.1509,-1.5997,831179686#12,-75.4830,1.1619,100.0000,default,18,rsu(152m),1989,70664,0.2852,152,2.0262,5,8,-75.4830,-92.4727,direct,0.0500,34.4000,-79.4741
361.6,node[20],0,4853.2573,3042.4707,1.8950,23.8910,-3.3135,-1.5991,831179686#12,-77.5265,1.0041,100.0000,default,19,rsu(152m),1990,70706,0.2693,152,2.0198,5,8,-77.5265,-94.5162,direct,0.0500,34.4000,-79.3521
361.7,node[20],0,4853.1907,3044.8227,1.8950,23.5206,-3.7042,-1.5991,831179686#12,-73.3534,4.6102,100.0000,default,19,rsu(153m),1991,70747,0.6911,153,2.0264,6,10,-73.3534,-90.3431,direct,0.0500,33.2000,-79.2302
361.8,node[20],0,4853.1234,3047.1389,1.8950,23.1617,-3.5885,-1.5994,:8595603446_0,-70.2428,5.0541,100.0000,default,19,rsu(154m),1992,70788,0.7363,154,2.0200,7,12,-70.2428,-87.2325,direct,0.0500,33.2000,-79.1070
361.9,node[20],0,4853.0553,3049.4244,1.8950,22.8552,-3.0657,-1.6001,:8595603446_0,-75.0667,-0.5076,100.0000,default,19,rsu(155m),1993,70831,0.1476,155,2.0253,4,6,-75.0667,-92.0564,direct,0.0500,33.6000,-78.9821
362,node[20],0,4852.9883,3051.6739,1.8950,22.4947,-3.6047,-1.6006,:8595603446_0,-74.0241,3.0416,100.0000,default,19,rsu(155m),1994,70873,0.5052,155,2.0188,6,10,-74.0241,-91.0138,direct,0.0500,33.6000,-78.8557
362.1,node[20],0,4852.9223,3053.8886,1.8950,22.1466,-3.4807,-1.6006,:8595603446_0,-66.1248,12.4902,100.0000,default,19,rsu(156m),1995,70916,0.9914,156,2.0241,10,18,-66.1248,-83.1145,direct,0.0500,34.0000,-78.7284
362.2,node[20],0,4852.8581,3056.0757,1.8950,21.8717,-2.7498,-1.6004,831179686#13,-74.6496,2.7368,100.0000,default,19,rsu(157m),1996,70959,0.4671,157,2.0164,5,8,-74.6496,-91.6393,direct,0.0500,34.0000,-78.5998
362.3,node[20],0,4852.7963,3058.2334,1.8950,21.5766,-2.9510,-1.5999,831179686#13,-69.3089,9.7209,100.0000,default,19,rsu(158m),1997,71001,0.9664,158,2.0217,9,16,-69.3089,-86.2986,direct,0.0500,34.0000,-78.4704
362.4,node[20],0,4852.7356,3060.3543,1.8950,21.2091,-3.6742,-1.5994,831179686#13,-67.0945,11.2559,100.0000,default,19,rsu(159m),1998,71044,0.9841,159,2.0265,10,18,-67.0945,-84.0842,direct,0.0500,34.0000,-78.3405
362.5,node[20],0,4852.6760,3062.4460,1.8950,20.9331,-2.7602,-1.5994,:10127484721_1,-68.5291,5.8974,100.0000,default,19,rsu(160m),1999,71085,0.8098,160,2.0150,7,12,-68.5291,-85.5188,direct,0.0500,33.6000,-78.2101
362.6,node[20],0,4852.6173,3064.5067,1.8950,20.6355,-2.9758,-1.5993,:10127484721_1,-66.4217,9.8941,100.0000,default,19,rsu(160m),2000,71126,0.9691,160,2.0164,9,16,-66.4217,-83.4114,direct,0.0500,33.6000,-78.0792
362.7,node[20],0,4852.5593,3066.5462,1.8950,20.4219,-2.1364,-1.5992,:10127484721_1,-75.4220,1.1574,100.0000,default,19,rsu(161m),2001,71168,0.2847,161,2.0166,5,8,-75.4220,-92.4117,direct,0.0500,33.2000,-77.9477
362.8,node[20],0,4852.5021,3068.5579,1.8950,20.1447,-2.7718,-1.5992,:10127484721_1,-70.2087,6.9820,100.0000,default,20,rsu(162m),2002,71210,0.8798,162,2.0155,7,12,-70.2087,-87.1984,direct,0.0500,33.2000,-77.8025
362.9,node[20],0,4852.4404,3070.5427,1.8950,19.8486,-2.9613,-1.6003,:8595603445_0,-68.5464,10.5492,100.0000,default,20,rsu(163m),2003,71252,0.9776,163,2.0157,9,16,-68.5464,-85.5361,direct,0.0500,33.6000,-77.6708
363,node[20],0,4852.3834,3072.5070,1.8950,19.6430,-2.0563,-1.6005,:8595603445_0,-74.5813,3.6238,100.0000,default,20,rsu(164m),2004,71294,0.5774,164,2.0231,6,10,-74.5813,-91.5710,direct,0.0500,33.6000,-77.5388
363.1,node[20],0,4852.3300,3074.4475,1.8950,19.4053,-2.3768,-1.5992,831179686#15,-65.3864,13.9252,100.0000,default,20,rsu(165m),2005,71334,0.9958,165,2.0212,11,20,-65.3864,-82.3761,direct,0.0500,32.8000,-77.4066
363.2,node[20],0,4852.2771,3076.3628,1.8950,19.1526,-2.5270,-1.5987,:10127484728_1,-68.7437,9.7250,100.0000,default,20,rsu(166m),2006,71375,0.9665,166,2.0226,9,16,-68.7437,-85.7334,direct,0.0500,32.8000,-77.2745
363.3,node[20],0,4852.2219,3078.2564,1.8950,18.9367,-2.1584,-1.5988,:10127484728_1,-74.3625,2.9857,100.0000,default,20,rsu(167m),2007,71417,0.4982,167,2.0169,5,8,-74.3625,-91.3522,direct,0.0500,33.2000,-77.1425
363.4,node[20],0,4852.1672,3080.1296,1.8950,18.7312,-2.0556,-1.6000,:10127484728_1,-72.9459,6.0313,100.0000,default,20,rsu(168m),2008,71459,0.8199,168,2.0214,7,12,-72.9459,-89.9356,direct,0.0500,33.2000,-77.0104
363.5,node[20],0,4852.1133,3081.9757,1.8950,18.4618,-2.6941,-1.6000,:10127484728_1,-79.2650,-4.5159,100.0000,default,20,rsu(169m),2009,71501,0.0228,169,2.0158,2,2,-79.2650,-96.2547,direct,0.0500,33.6000,-76.8792
363.6,node[20],0,4852.0635,3083.7944,1.8950,18.2036,-2.5815,-1.5993,:8595603442_0,-71.8725,4.3689,100.0000,default,20,rsu(170m),2010,71544,0.6647,170,2.0221,6,10,-71.8725,-88.8622,direct,0.0500,33.6000,-76.7493
363.7,node[20],0,4852.0113,3085.5967,1.8950,18.0431,-1.6057,-1.5992,:8595603442_0,-76.5270,-1.1087,100.0000,default,20,rsu(170m),2011,71585,0.1136,170,2.0261,3,4,-76.5270,-93.5167,direct,0.0500,33.6000,-76.6200
363.8,node[20],0,4851.9597,3087.3767,1.8950,17.8184,-2.2469,-1.5998,:8595603442_0,-72.8259,3.2110,100.0000,default,20,rsu(171m),2012,71626,0.5264,171,2.0275,6,10,-72.8259,-89.8156,direct,0.0500,33.6000,-76.4922
363.9,node[20],0,4851.9087,3089.1379,1.8950,17.6312,-1.8717,-1.5998,:8595603442_0,-70.1908,8.6731,100.0000,default,20,rsu(172m),2013,71668,0.9446,172,2.0159,8,14,-70.1908,-87.1805,direct,0.0500,33.2000,-76.3652
364,node[20],0,4851.8580,3090.8900,1.8950,17.5396,-0.9164,-1.5998,:8595603442_0,-77.0407,1.2588,100.0000,default,20,rsu(173m),2014,71712,0.2951,173,2.0222,5,8,-77.0407,-94.0304,direct,0.0500,33.2000,-76.2377
364.1,node[20],0,4851.8081,3092.6193,1.8950,17.2996,-2.3998,-1.5997,831179686#17,-73.2232,5.0952,100.0000,default,20,rsu(174m),2015,71753,0.7403,174,2.0202,7,12,-73.2232,-90.2129,direct,0.0500,34.0000,-76.1123
364.2,node[20],0,4851.7588,3094.3310,1.8950,17.1177,-1.8188,-1.5997,831179686#17,-67.0527,10.9605,100.0000,default,20,rsu(175m),2016,71795,0.9817,175,2.0150,9,16,-67.0527,-84.0424,direct,0.0500,34.0000,-75.9881
364.3,node[20],0,4851.7098,3096.0312,1.8950,17.0013,-1.1642,-1.5996,831179686#17,-68.9982,5.6198,100.0000,default,20,rsu(176m),2017,71839,0.7875,176,2.0232,7,12,-68.9982,-85.9879,direct,0.0500,34.4000,-75.8650
364.4,node[20],0,4851.6603,3097.7533,1.8950,17.2210,2.1975,-1.5996,831179686#17,-64.3530,14.6177,100.0000,default,20,rsu(177m),2018,71882,0.9970,177,2.0175,11,20,-64.3530,-81.3427,direct,0.0500,34.4000,-75.7383
364.5,node[20],0,4851.6103,3099.4886,1.8950,17.3531,1.3204,-1.5996,831179686#17,-65.8098,9.0469,100.0000,default,20,rsu(178m),2019,71925,0.9536,178,2.0156,9,16,-65.8098,-82.7995,direct,0.0500,34.4000,-75.6085
364.6,node[20],0,4851.5597,3101.2458,1.8950,17.5717,2.1862,-1.5996,831179686#17,-70.9568,6.5046,100.0000,default,19,rsu(179m),2020,71967,0.8522,179,2.0206,7,12,-70.9568,-87.9465,direct,0.0500,34.4000,-75.4757
364.7,node[20],0,4851.5088,3103.0154,1.8950,17.7082,1.3649,-1.5996,:8595603441_0,-74.5048,3.8538,100.0000,default,19,rsu(180m),2021,72011,0.6051,180,2.0179,6,10,-74.5048,-91.4945,direct,0.0500,34.4000,-75.3393
364.8,node[20],0,4851.4573,3104.8072,1.8950,17.9365,2.2830,-1.5996,:8595603441_0,-79.8436,-2.2063,100.0000,default,19,rsu(181m),2022,72053,0.0689,181,2.0222,3,4,-79.8436,-96.8333,direct,0.0500,34.4000,-75.1984
364.9,node[20],0,4851.4066,3106.5700,1.8950,17.6476,-2.8891,-1.5995,:8595603441_0,-74.2493,-0.0961,100.0000,default,19,rsu(182m),2023,72097,0.1754,182,2.0195,4,6,-74.2493,-91.2390,direct,0.0500,34.4000,-75.0611
365,node[20],0,4851.3569,3108.2975,1.8950,17.2933,-3.5426,-1.5995,:8595603441_0,-75.9603,0.8176,100.0000,default,19,rsu(183m),2024,72139,0.2514,183,2.0238,4,6,-75.9603,-92.9500,direct,0.0500,34.4000,-74.9286
365.1,node[20],0,4851.3085,3109.9801,1.8950,16.8433,-4.5000,-1.5995,:8595603441_0,-75.0652,3.3699,100.0000,default,19,rsu(184m),2025,72182,0.5461,184,2.0173,6,10,-75.0652,-92.0549,direct,0.0500,34.0000,-74.8029
365.2,node[20],0,4851.2613,3111.6179,1.8950,16.3933,-4.5000,-1.5996,831179686#18,-67.7658,8.0659,100.0000,default,19,rsu(185m),2026,72226,0.9264,185,2.0272,8,14,-67.7658,-84.7555,direct,0.0500,34.0000,-74.6838
365.3,node[20],0,4851.2149,3113.2117,1.8950,15.9433,-4.5000,-1.5997,831179686#18,-70.9577,4.9611,100.0000,default,19,rsu(186m),2027,72267,0.7272,186,2.0157,6,10,-70.9577,-87.9474,direct,0.0500,34.0000,-74.5730
365.4,node[20],0,4851.1697,3114.7605,1.8950,15.4933,-4.5000,-1.5998,831179686#18,-69.6043,9.6818,100.0000,default,19,rsu(187m),2028,72310,0.9658,187,2.0181,9,16,-69.6043,-86.5940,direct,0.0500,34.0000,-74.4703
365.5,node[20],0,4851.1248,3116.3000,1.8950,15.4003,-0.9300,-1.5999,831179686#18,-70.8171,3.0363,100.0000,default,19,rsu(188m),2029,72352,0.5045,188,2.0230,6,10,-70.8171,-87.8068,direct,0.0500,34.0000,-74.3711
365.6,node[20],0,4851.0813,3117.7945,1.8950,14.9503,-4.5000,-1.5999,831179686#18,-71.3310,7.1287,100.0000,default,19,rsu(189m),2030,72395,0.8874,189,2.0263,8,14,-71.3310,-88.3207,direct,0.0500,34.0000,-74.2813
365.7,node[20],0,4851.0390,3119.2440,1.8950,14.5003,-4.5000,-1.5999,831179686#18,-70.0500,6.9137,100.0000,default,19,rsu(190m),2031,72439,0.8762,190,2.0231,7,12,-70.0500,-87.0397,direct,0.0500,34.8000,-74.2018
365.8,node[20],0,4850.9979,3120.6548,1.8950,14.1121,-3.8825,-1.5999,831179686#18,-70.5171,6.1617,100.0000,default,19,rsu(191m),2032,72483,0.8293,191,2.0195,7,12,-70.5171,-87.5068,direct,0.0500,34.8000,-74.1323
365.9,node[20],0,4850.9581,3122.0205,1.8950,13.6621,-4.5000,-1.5999,831179686#18,-70.1242,8.3095,100.0000,default,19,rsu(192m),2033,72526,0.9343,192,2.0229,8,14,-70.1242,-87.1139,direct,0.0500,34.8000,-74.0734
366,node[20],0,4850.9195,3123.3413,1.8950,13.2121,-4.5000,-1.5999,831179686#18,-75.4079,0.6834,100.0000,default,19,rsu(193m),2034,72568,0.2390,193,2.0274,4,6,-75.4079,-92.3976,direct,0.0500,34.8000,-74.0254
366.1,node[20],0,4850.8824,3124.6170,1.8950,12.7621,-4.5000,-1.5999,831179686#18,-67.4970,9.1112,100.0000,default,19,rsu(194m),2035,72612,0.9550,194,2.0223,9,16,-67.4970,-84.4867,direct,0.0500,34.4000,-73.9890
366.2,node[20],0,4850.8464,3125.8491,1.8950,12.3246,-4.3741,-1.5999,831179686#18,-77.6002,-0.2302,100.0000,default,19,rsu(195m),2036,72655,0.1659,195,2.0199,4,6,-77.6002,-94.5899,direct,0.0500,34.4000,-73.9652
366.3,node[20],0,4850.8118,3127.0361,1.8950,11.8746,-4.5000,-1.5999,831179686#18,-72.7267,6.4398,100.0000,default,19,rsu(195m),2037,72698,0.8481,195,2.0221,7,12,-72.7267,-89.7164,direct,0.0500,34.4000,-73.9539
366.4,node[20],0,4850.7785,3128.1782,1.8950,11.4246,-4.5000,-1.5999,831179686#18,-72.8550,3.8969,100.0000,default,19,rsu(196m),2038,72740,0.6103,196,2.0267,6,10,-72.8550,-89.8447,direct,0.0500,34.4000,-73.9554
366.5,node[20],0,4850.7466,3129.2753,1.8950,10.9746,-4.5000,-1.5999,831179686#18,-65.4401,12.5743,100.0000,default,19,rsu(197m),2039,72783,0.9917,197,2.0216,10,18,-65.4401,-82.4298,direct,0.0500,34.0000,-73.9694
366.6,node[20],0,4850.7159,3130.3274,1.8950,10.5246,-4.5000,-1.5999,831179686#18,-71.1659,4.1155,100.0000,default,19,rsu(198m),2040,72826,0.6359,198,2.0163,6,10,-71.1659,-88.1556,direct,0.0500,34.0000,-73.9955
366.7,node[20],0,4850.6865,3131.3346,1.8950,10.0746,-4.5000,-1.5999,831179686#18,-73.1176,1.6790,100.0000,default,19,rsu(198m),2041,72869,0.3406,198,2.0211,5,8,-73.1176,-90.1073,direct,0.0500,34.4000,-74.0330
366.8,node[20],0,4850.6585,3132.2967,1.8950,9.6246,-4.5000,-1.5999,831179686#18,-69.0110,7.0994,100.0000,default,19,rsu(199m),2042,72912,0.8859,199,2.0158,8,14,-69.0110,-86.0007,direct,0.0500,34.4000,-74.0820
366.9,node[20],0,4850.6317,3133.2138,1.8950,9.1746,-4.5000,-1.5999,831179686#18,-71.3912,3.7235,100.0000,default,19,rsu(200m),2043,72956,0.5895,200,2.0227,6,10,-71.3912,-88.3809,direct,0.0500,34.8000,-74.1429
367,node[20],0,4850.6063,3134.0860,1.8950,8.7246,-4.5000,-1.5999,831179686#18,-72.5972,2.6883,100.0000,default,19,rsu(200m),2044,73000,0.4611,200,2.0204,5,8,-72.5972,-89.5869,direct,0.0500,34.8000,-74.2148
367.1,node[20],0,4850.5822,3134.9132,1.8950,8.2746,-4.5000,-1.5999,831179686#18,-74.8704,3.8551,100.0000,default,19,rsu(201m),2045,73042,0.6053,201,2.0278,6,10,-74.8704,-91.8601,direct,0.0500,34.4000,-74.2967
367.2,node[20],0,4850.5594,3135.6954,1.8950,7.8246,-4.5000,-1.5999,831179686#18,-72.6431,4.8047,100.0000,default,19,rsu(201m),2046,73086,0.7114,201,2.0216,6,10,-72.6431,-89.6328,direct,0.0500,34.4000,-74.3884
367.3,node[20],0,4850.5379,3136.4330,1.8950,7.3785,-4.4613,-1.5999,831179686#18,-73.1070,2.8279,100.0000,default,19,rsu(202m),2047,73129,0.4785,202,2.0194,5,8,-73.1070,-90.0967,direct,0.0500,34.8000,-74.4907
367.4,node[20],0,4850.5177,3137.1256,1.8950,6.9285,-4.5000,-1.5999,831179686#18,-72.6520,5.9696,100.0000,default,19,rsu(202m),2048,73172,0.8153,202,2.0171,7,12,-72.6520,-89.6417,direct,0.0500,34.8000,-74.6029
367.5,node[20],0,4850.4988,3137.7736,1.8950,6.4823,-4.4623,-1.5999,831179686#18,-72.7266,4.8619,100.0000,default,19,rsu(203m),2049,73215,0.7173,203,2.0149,6,10,-72.7266,-89.7163,direct,0.0500,34.4000,-74.7246
367.6,node[20],0,4850.4806,3138.3982,1.8950,6.2482,-2.3407,-1.5999,831179686#18,-74.5663,4.7456,100.0000,default,19,rsu(203m),2050,73258,0.7053,203,2.0257,6,10,-74.5663,-91.5560,direct,0.0500,34.4000,-74.8518
367.7,node[20],0,4850.4637,3138.9779,1.8950,5.7982,-4.5000,-1.5999,831179686#18,-72.9264,3.8224,100.0000,default,19,rsu(204m),2051,73300,0.6014,204,2.0175,6,10,-72.9264,-89.9161,direct,0.0500,34.0000,-74.9864
367.8,node[20],0,4850.4481,3139.5125,1.8950,5.3482,-4.5000,-1.5999,831179686#18,-75.7598,1.0854,100.0000,default,19,rsu(204m),2052,73343,0.2774,204,2.0153,5,8,-75.7598,-92.7495,direct,0.0500,34.0000,-75.1255
367.9,node[20],0,4850.4338,3140.0022,1.8950,4.8982,-4.5000,-1.5999,831179686#18,-80.5665,-5.0000,100.0000,default,19,rsu(204m),2053,73386,0.0180,204,2.0176,2,2,-80.5665,-97.5562,direct,0.0500,34.4000,-75.2675
368,node[20],0,4850.4209,3140.4468,1.8950,4.4482,-4.5000,-1.5999,831179686#18,-67.8941,7.4187,100.0000,default,19,rsu(205m),2054,73429,0.9011,205,2.0154,8,14,-67.8941,-84.8838,direct,0.0500,34.4000,-75.4082
368.1,node[20],0,4850.4242,3140.8425,1.8950,3.9982,-4.5000,-1.5970,:227489846_2,-73.7429,4.1429,100.0000,default,19,rsu(205m),2055,73471,0.6391,205,2.0203,6,10,-73.7429,-90.7326,direct,0.0500,34.0000,-75.5468
368.2,node[20],0,4850.6380,3141.1812,1.8950,3.9982,0.0000,-1.5516,:227489846_2,-80.4386,-3.7005,100.0000,default,19,rsu(205m),2056,73515,0.0339,205,2.0273,2,2,-80.4386,-97.4283,direct,0.0500,34.0000,-75.6867
368.3,node[20],0,4850.8518,3141.5199,1.8950,3.9982,0.0000,-1.5052,:227489846_2,-75.7209,3.4946,100.0000,default,19,rsu(205m),2057,73558,0.5615,205,2.0182,6,10,-75.7209,-92.7106,direct,0.0500,34.8000,-75.8181
368.4,node[20],0,4851.0656,3141.8587,1.8950,3.9982,0.0000,-1.4579,:227489846_2,-70.2682,5.3664,100.0000,default,19,rsu(205m),2058,73601,0.7655,205,2.0263,7,12,-70.2682,-87.2579,direct,0.0500,34.8000,-75.9425
368.5,node[20],0,4851.3387,3142.1275,1.8950,3.9487,-0.4946,-1.3954,:227489846_9,-70.1191,6.1775,100.0000,default,19,rsu(205m),2059,73645,0.8304,205,2.0242,7,12,-70.1191,-87.1088,direct,0.0500,34.8000,-76.0692
368.6,node[20],0,4851.6829,3142.3172,1.8950,3.9209,-0.2786,-1.3122,:227489846_9,-70.8419,7.0919,100.0000,default,19,rsu(205m),2060,73689,0.8855,205,2.0222,8,14,-70.8419,-87.8316,direct,0.0500,34.8000,-76.1987
368.7,node[20],0,4852.0283,3142.4384,1.8950,3.9084,-0.1249,-1.2199,:227489846_9,-75.8145,1.3629,100.0000,default,19,rsu(205m),2061,73733,0.3061,205,2.0189,5,8,-75.8145,-92.8042,direct,0.0500,35.2000,-76.3302
368.8,node[20],0,4852.3882,3142.2716,1.8950,3.9583,0.4991,-1.0880,:227489846_9,-67.0523,11.7432,100.0000,default,19,rsu(205m),2062,73776,0.9875,205,2.0229,10,18,-67.0523,-84.0420,direct,0.0500,35.2000,-76.4903
368.9,node[20],0,4852.7441,3142.1066,1.8950,3.9140,-0.4433,-0.9356,:227489846_9,-76.0833,-1.7308,100.0000,default,19,rsu(204m),2063,73819,0.0858,204,2.0180,3,4,-76.0833,-93.0730,direct,0.0500,34.4000,-76.6412
369,node[20],0,4852.9826,3141.8020,1.8950,3.9084,-0.0555,-0.7587,:227489846_9,-69.6913,7.1462,100.0000,default,19,rsu(204m),2064,73862,0.8883,204,2.0160,8,14,-69.6913,-86.6810,direct,0.0500,34.4000,-76.8003
369.1,node[20],0,4853.2065,3141.4836,1.8950,3.8840,-0.2443,-0.5492,:227489846_9,-69.4908,7.6138,100.0000,default,19,rsu(203m),2065,73904,0.9094,203,2.0210,8,14,-69.4908,-86.4805,direct,0.0500,34.0000,-76.9525
369.2,node[20],0,4853.4340,3141.1602,1.8950,3.9448,0.6080,-0.3138,:227489846_9,-72.3262,1.6638,100.0000,default,19,rsu(203m),2066,73947,0.3389,203,2.0251,5,8,-72.3262,-89.3159,direct,0.0500,34.0000,-77.0967
369.3,node[20],0,4853.6126,3140.8214,1.8950,3.9393,-0.0548,-0.0758,-831179686#18,-69.4427,6.5925,100.0000,default,19,rsu(203m),2067,73991,0.8577,203,2.0218,7,12,-69.4427,-86.4324,direct,0.0500,34.8000,-77.2346
369.4,node[20],0,4853.6245,3140.4062,1.8950,4.1529,2.1354,0.1779,-831179686#18,-70.5912,7.0556,100.0000,default,19,rsu(202m),2068,74033,0.8837,202,2.0267,8,14,-70.5912,-87.5809,direct,0.0500,34.8000,-77.3722
369.5,node[20],0,4853.6369,3139.9747,1.8950,4.3163,1.6343,0.4376,-831179686#18,-69.3949,9.6041,100.0000,default,19,rsu(202m),2069,74076,0.9645,202,2.0188,9,16,-69.3949,-86.3846,direct,0.0500,34.0000,-77.5049
369.6,node[20],0,4853.6499,3139.5236,1.8950,4.5125,1.9619,0.6865,-831179686#18,-71.2249,5.8148,100.0000,default,19,rsu(202m),2070,74118,0.8034,202,2.0237,7,12,-71.2249,-88.2146,direct,0.0500,34.0000,-77.6324
369.7,node[20],0,4853.6635,3139.0523,1.8950,4.7146,2.0213,0.8997,-831179686#18,-72.4962,2.4208,100.0000,default,19,rsu(201m),2071,74161,0.4281,201,2.0150,5,8,-72.4962,-89.4859,direct,0.0500,34.0000,-77.7556
369.8,node[20],0,4853.6776,3138.5633,1.8950,4.8922,1.7761,1.0834,-831179686#18,-68.6237,9.1051,100.0000,default,19,rsu(201m),2072,74204,0.9549,201,2.0202,9,16,-68.6237,-85.6134,direct,0.0500,34.0000,-77.8759
369.9,node[20],0,4853.6924,3138.0512,1.8950,5.1228,2.3055,1.2274,-831179686#18,-69.1076,8.8275,100.0000,default,19,rsu(201m),2073,74247,0.9485,201,2.0228,8,14,-69.1076,-86.0973,direct,0.0500,34.4000,-77.9959
370,node[20],0,4853.7077,3137.5195,1.8950,5.3184,1.9568,1.3419,-831179686#18,-70.4837,3.3563,100.0000,default,19,rsu(200m),2074,74289,0.5444,200,2.0150,6,10,-70.4837,-87.4734,direct,0.0500,34.4000,-78.1161
370.1,node[20],0,4853.7234,3136.9741,1.8950,5.4559,1.3744,1.4209,-831179686#18,-74.2345,4.9153,100.0000,default,19,rsu(200m),2075,74332,0.7226,200,2.0263,6,10,-74.2345,-91.2242,direct,0.0500,34.0000,-78.2358
370.2,node[20],0,4853.7399,3136.4032,1.8950,5.7110,2.5513,1.4868,-831179686#18,-73.0134,3.3788,100.0000,default,19,rsu(200m),2076,74375,0.5472,200,2.0178,6,10,-73.0134,-90.0031,direct,0.0500,34.0000,-78.3564
370.3,node[20],0,4853.7568,3135.8148,1.8950,5.8861,1.7508,1.5420,-831179686#18,-73.2985,5.6618,100.0000,default,19,rsu(199m),2077,74418,0.7910,199,2.0205,7,12,-73.2985,-90.2882,direct,0.0500,34.4000,-78.4751
370.4,node[20],0,4853.7744,3135.2039,1.8950,6.1106,2.2454,1.5420,-831179686#18,-68.1746,6.8040,100.0000,default,19,rsu(199m),2078,74460,0.8701,199,2.0259,7,12,-68.1746,-85.1643,direct,0.0500,34.4000,-78.5919
370.5,node[20],0,4853.7925,3134.5763,1.8950,6.2790,1.6835,1.5420,-831179686#18,-69.9527,6.5220,100.0000,default,19,rsu(198m),2079,74503,0.8533,198,2.0244,7,12,-69.9527,-86.9424,direct,0.0500,34.0000,-78.7081
370.6,node[20],0,4853.8112,3133.9271,1.8950,6.4939,2.1496,1.5420,-831179686#18,-67.7940,7.7393,100.0000,default,18,rsu(198m),2080,74546,0.9145,198,2.0229,8,14,-67.7940,-84.7837,direct,0.0500,34.0000,-78.8411
370.7,node[20],0,4853.8304,3133.2599,1.8950,6.6741,1.8018,1.5420,-831179686#18,-79.8448,-3.0208,100.0000,default,18,rsu(197m),2081,74589,0.0470,197,2.0186,2,2,-79.8448,-96.8345,direct,0.0500,34.4000,-78.9562
370.8,node[20],0,4853.8503,3132.5713,1.8950,6.8880,2.1391,1.5420,-831179686#18,-84.3071,-5.0000,100.0000,default,18,rsu(197m),2082,74631,0.0180,197,2.0268,2,2,-84.3071,-101.2968,direct,0.0500,34.4000,-79.0678
370.9,node[20],0,4853.8708,3131.8592,1.8950,7.1237,2.3568,1.5420,-831179686#18,-70.2720,6.5278,100.0000,default,18,rsu(196m),2083,74673,0.8537,196,2.0175,7,12,-70.2720,-87.2617,direct,0.0500,33.6000,-79.1788
371,node[20],0,4853.8919,3131.1270,1.8950,7.3248,2.0110,1.5420,-831179686#18,-67.8340,6.3926,100.0000,default,18,rsu(196m),2084,74716,0.8450,196,2.0178,7,12,-67.8340,-84.8237,direct,0.0500,33.6000,-79.2896
371.1,node[20],0,4853.9135,3130.3765,1.8950,7.5068,1.8195,1.5420,-831179686#18,-68.7913,7.2233,100.0000,default,18,rsu(195m),2085,74759,0.8920,195,2.0182,8,14,-68.7913,-85.7810,direct,0.0500,34.4000,-79.3994
371.2,node[20],0,4853.9358,3129.6033,1.8950,7.7348,2.2804,1.5420,-831179686#18,-70.9745,3.5213,100.0000,default,18,rsu(195m),2086,74802,0.5648,195,2.0254,6,10,-70.9745,-87.9642,direct,0.0500,34.4000,-79.5061
371.3,node[20],0,4853.9585,3128.8143,1.8950,7.8929,1.5810,1.5420,-831179686#18,-71.8638,7.3638,100.0000,default,18,rsu(194m),2087,74844,0.8986,194,2.0266,8,14,-71.8638,-88.8535,direct,0.0500,34.0000,-79.6104
371.4,node[20],0,4853.9817,3128.0093,1.8950,8.0530,1.6011,1.5420,-831179686#18,-73.1541,3.3868,100.0000,default,18,rsu(194m),2088,74886,0.5482,194,2.0148,6,10,-73.1541,-90.1438,direct,0.0500,34.0000,-79.7134
371.5,node[20],0,4854.0053,3127.1912,1.8950,8.1836,1.3058,1.5420,-831179686#18,-70.5722,6.2292,100.0000,default,18,rsu(193m),2089,74929,0.8340,193,2.0193,7,12,-70.5722,-87.5619,direct,0.0500,34.0000,-79.8150
371.6,node[20],0,4854.0295,3126.3510,1.8950,8.4049,2.2129,1.5420,-831179686#18,-77.6262,0.6902,100.0000,default,18,rsu(193m),2090,74972,0.2396,193,2.0206,4,6,-77.6262,-94.6159,direct,0.0500,34.0000,-79.9156
371.7,node[20],0,4854.0541,3125.4972,1.8950,8.5404,1.3548,1.5420,-831179686#18,-75.4211,3.5356,100.0000,default,18,rsu(192m),2091,75014,0.5666,192,2.0219,6,10,-75.4211,-92.4108,direct,0.0500,34.0000,-80.0141
371.8,node[20],0,4854.0792,3124.6248,1.8950,8.7269,1.8651,1.5420,-831179686#18,-70.0397,7.0828,100.0000,default,18,rsu(191m),2092,75056,0.8851,191,2.0233,8,14,-70.0397,-87.0294,direct,0.0500,34.0000,-80.1108
371.9,node[20],0,4854.1050,3123.7296,1.8950,8.9558,2.2890,1.5420,-831179686#18,-79.9788,-5.0000,100.0000,default,18,rsu(191m),2093,75099,0.0180,191,2.0148,2,2,-79.9788,-96.9685,direct,0.0500,34.0000,-80.2067
372,node[20],0,4854.1314,3122.8142,1.8950,9.1571,2.0131,1.5420,-831179686#18,-66.4622,11.0938,100.0000,default,18,rsu(190m),2094,75142,0.9828,190,2.0223,10,18,-66.4622,-83.4519,direct,0.0500,34.0000,-80.3016
372.1,node[20],0,4854.1584,3121.8774,1.8950,9.3712,2.1415,1.5420,-831179686#18,-68.9369,8.6049,100.0000,default,18,rsu(190m),2095,75184,0.9428,190,2.0237,8,14,-68.9369,-85.9266,direct,0.0500,34.0000,-80.3953
372.2,node[20],0,4854.1860,3120.9187,1.8950,9.5897,2.1850,1.5420,-831179686#18,-70.1604,6.5346,100.0000,default,18,rsu(189m),2096,75225,0.8541,189,2.0218,7,12,-70.1604,-87.1501,direct,0.0500,34.0000,-80.4877
372.3,node[20],0,4854.2141,3119.9444,1.8950,9.7464,1.5667,1.5420,-831179686#18,-67.6892,10.2992,100.0000,default,18,rsu(188m),2097,75269,0.9747,188,2.0156,9,16,-67.6892,-84.6789,direct,0.0500,34.0000,-80.5785
372.4,node[20],0,4854.2426,3118.9563,1.8950,9.8844,1.3799,1.5420,-831179686#18,-77.3201,-1.4665,100.0000,default,18,rsu(188m),2098,75313,0.0968,188,2.0177,3,4,-77.3201,-94.3098,direct,0.0500,34.0000,-80.6677
372.5,node[20],0,4854.2717,3117.9441,1.8950,10.1250,2.4061,1.5420,-831179686#18,-67.7907,8.0419,100.0000,default,18,rsu(187m),2099,75356,0.9256,187,2.0253,8,14,-67.7907,-84.7804,direct,0.0500,34.8000,-80.7557
372.6,node[20],0,4854.3014,3116.9130,1.8950,10.3145,1.8945,1.5420,-831179686#18,-73.0077,4.7966,100.0000,default,18,rsu(186m),2100,75398,0.7106,186,2.0269,6,10,-73.0077,-89.9974,direct,0.0500,34.8000,-80.8422
372.7,node[20],0,4854.3316,3115.8668,1.8950,10.4663,1.5180,1.5420,-831179686#18,-73.6799,3.2624,100.0000,default,18,rsu(186m),2101,75440,0.5328,186,2.0155,6,10,-73.6799,-90.6696,direct,0.0500,33.6000,-80.9269
372.8,node[20],0,4854.3623,3114.8000,1.8950,10.6717,2.0545,1.5420,-831179686#18,-77.3012,-1.5486,100.0000,default,18,rsu(185m),2102,75482,0.0933,185,2.0198,3,4,-77.3012,-94.2909,direct,0.0500,33.6000,-81.0102
372.9,node[20],0,4854.3936,3113.7131,1.8950,10.8723,2.0055,1.5420,-831179686#18,-69.9574,8.5908,100.0000,default,18,rsu(184m),2103,75526,0.9424,184,2.0274,8,14,-69.9574,-86.9471,direct,0.0500,34.4000,-81.0919
373,node[20],0,4854.4257,3112.6011,1.8950,11.1239,2.5160,1.5420,-831179686#18,-73.8905,4.0103,100.0000,default,18,rsu(184m),2104,75570,0.6237,184,2.0215,6,10,-73.8905,-90.8802,direct,0.0500,34.4000,-81.1723
373.1,node[20],0,4854.4581,3111.4746,1.8950,11.2685,1.4459,1.5420,-831179686#18,-68.4032,10.9697,100.0000,default,18,rsu(183m),2105,75611,0.9817,183,2.0198,9,16,-68.4032,-85.3929,direct,0.0500,34.0000,-81.2510
373.2,node[20],0,4854.4922,3110.3315,1.8950,11.4427,1.7425,1.5418,:8595603441_6,-73.1361,2.5848,100.0000,default,18,rsu(182m),2106,75653,0.4483,182,2.0216,5,8,-73.1361,-90.1258,direct,0.0500,34.0000,-81.3280
373.3,node[20],0,4854.5268,3109.1698,1.8950,11.6298,1.8707,1.5415,:8595603441_6,-64.9431,12.6980,100.0000,default,18,rsu(181m),2107,75696,0.9922,181,2.0163,10,18,-64.9431,-81.9328,direct,0.0500,34.0000,-81.4033
373.4,node[20],0,4854.5620,3107.9893,1.8950,11.8171,1.8736,1.5413,:8595603441_6,-67.3594,8.4451,100.0000,default,18,rsu(181m),2108,75739,0.9383,181,2.0175,8,14,-67.3594,-84.3491,direct,0.0500,34.0000,-81.4767
373.5,node[20],0,4854.5976,3106.7940,1.8950,11.9660,1.4888,1.5411,:8595603441_6,-69.0021,8.9393,100.0000,default,18,rsu(180m),2109,75781,0.9512,180,2.0191,8,14,-69.0021,-85.9918,direct,0.0500,34.0000,-81.5485
373.6,node[20],0,4854.6339,3105.5776,1.8950,12.1771,2.1113,1.5410,:8595603441_6,-68.3430,9.6975,100.0000,default,18,rsu(179m),2110,75823,0.9661,179,2.0209,9,16,-68.3430,-85.3327,direct,0.0500,34.0000,-81.6185
373.7,node[20],0,4854.6709,3104.3362,1.8950,12.4271,2.4997,1.5410,:8595603441_6,-69.1528,9.0029,100.0000,default,18,rsu(178m),2111,75865,0.9526,178,2.0226,9,16,-69.1528,-86.1425,direct,0.0500,33.6000,-81.6870
373.8,node[20],0,4854.7087,3103.0705,1.8950,12.6704,2.4334,1.5410,:8595603441_6,-72.4730,3.1936,100.0000,default,18,rsu(178m),2112,75908,0.5242,178,2.0272,6,10,-72.4730,-89.4627,direct,0.0500,33.6000,-81.7538
373.9,node[20],0,4854.7467,3101.7864,1.8950,12.8522,1.8177,1.5410,-831179686#17,-69.9921,4.2213,100.0000,default,18,rsu(177m),2113,75952,0.6481,177,2.0221,6,10,-69.9921,-86.9818,direct,0.0500,34.8000,-81.8187
374,node[20],0,4854.7843,3100.4812,1.8950,13.0519,1.9971,1.5413,-831179686#17,-75.7630,2.9839,100.0000,default,18,rsu(176m),2114,75995,0.4980,176,2.0240,5,8,-75.7630,-92.7527,direct,0.0500,34.8000,-81.8818
374.1,node[20],0,4854.8226,3099.1510,1.8950,13.3021,2.5014,1.5416,-831179686#17,-67.3357,7.1615,100.0000,default,18,rsu(175m),2115,76038,0.8890,175,2.0260,8,14,-67.3357,-84.3254,direct,0.0500,34.4000,-81.9432
374.2,node[20],0,4854.8614,3097.8021,1.8950,13.4888,1.8674,1.5419,-831179686#17,-74.8703,0.4062,100.0000,default,18,rsu(175m),2116,76081,0.2147,175,2.0197,4,6,-74.8703,-91.8600,direct,0.0500,34.4000,-82.0028
374.3,node[20],0,4854.9009,3096.4306,1.8950,13.7148,2.2598,1.5420,-831179686#17,-66.3584,12.2852,100.0000,default,18,rsu(174m),2117,76124,0.9905,174,2.0262,10,18,-66.3584,-83.3481,direct,0.0500,34.4000,-82.0606
374.4,node[20],0,4854.9408,3095.0447,1.8950,13.8597,1.4491,1.5420,-831179686#17,-69.9201,7.6310,100.0000,default,18,rsu(173m),2118,76168,0.9102,173,2.0221,8,14,-69.9201,-86.9098,direct,0.0500,34.4000,-82.1161
374.5,node[20],0,4854.9813,3093.6377,1.8950,14.0695,2.0979,1.5420,-831179686#17,-69.6902,8.6726,100.0000,default,18,rsu(172m),2119,76213,0.9446,172,2.0204,8,14,-69.6902,-86.6799,direct,0.0500,35.6000,-82.1696
374.6,node[20],0,4855.0223,3092.2152,1.8950,14.2251,1.5560,1.5420,-831179686#17,-69.1127,5.7678,100.0000,default,18,rsu(171m),2120,76256,0.7996,171,2.0158,7,12,-69.1127,-86.1024,direct,0.0500,35.6000,-82.2212
374.7,node[20],0,4855.0639,3090.7678,1.8950,14.4740,2.4889,1.5420,:8595603442_6,-76.2756,2.0336,100.0000,default,18,rsu(171m),2121,76300,0.3815,171,2.0277,5,8,-76.2756,-93.2653,direct,0.0500,34.8000,-82.2711
374.8,node[20],0,4855.1061,3089.3000,1.8950,14.6783,2.0429,1.5420,:8595603442_6,-66.8124,9.0337,100.0000,default,18,rsu(170m),2122,76344,0.9533,170,2.0265,9,16,-66.8124,-83.8021,direct,0.0500,34.8000,-82.3192
374.9,node[20],0,4855.1489,3087.8104,1.8950,14.8963,2.1809,1.5421,:8595603442_6,-75.2358,0.7858,100.0000,default,18,rsu(169m),2123,76388,0.2484,169,2.0190,4,6,-75.2358,-92.2255,direct,0.0500,35.2000,-82.3656
375,node[20],0,4855.1921,3086.3056,1.8950,15.0475,1.5117,1.5421,:8595603442_6,-70.5250,7.3210,100.0000,default,18,rsu(168m),2124,76431,0.8966,168,2.0249,8,14,-70.5250,-87.5147,direct,0.0500,35.2000,-82.4102
375.1,node[20],0,4855.2357,3084.7868,1.8950,15.1877,1.4019,1.5421,:8595603442_6,-66.7761,12.2104,100.0000,default,18,rsu(167m),2125,76474,0.9901,167,2.0178,10,18,-66.7761,-83.7658,direct,0.0500,34.4000,-82.4530
375.2,node[20],0,4855.2797,3083.2538,1.8950,15.3303,1.4264,1.5421,:8595603442_6,-70.3175,7.8375,100.0000,default,18,rsu(166m),2126,76518,0.9182,166,2.0168,8,14,-70.3175,-87.3072,direct,0.0500,34.4000,-82.4942
375.3,node[20],0,4855.3210,3081.7079,1.8950,15.4638,1.3344,1.5427,:10127484728_2,-69.5865,9.8010,100.0000,default,18,rsu(166m),2127,76563,0.9677,166,2.0256,9,16,-69.5865,-86.5762,direct,0.0500,35.6000,-82.5337
375.4,node[20],0,4855.3652,3080.1378,1.8950,15.7224,2.5866,1.5429,:10127484728_2,-69.6042,4.8708,100.0000,default,18,rsu(165m),2128,76607,0.7182,165,2.0247,6,10,-69.6042,-86.5939,direct,0.0500,35.6000,-82.5716
375.5,node[20],0,4855.4101,3078.5429,1.8950,15.9705,2.4806,1.5431,:10127484728_2,-77.4496,0.1771,100.0000,default,18,rsu(164m),2129,76649,0.1960,164,2.0274,4,6,-77.4496,-94.4393,direct,0.0500,34.4000,-82.6081
375.6,node[20],0,4855.4556,3076.9266,1.8950,16.1848,2.1427,1.5427,:10127484728_2,-69.1197,5.7038,100.0000,default,18,rsu(163m),2130,76693,0.7944,163,2.0201,7,12,-69.1197,-86.1094,direct,0.0500,34.4000,-82.6430
375.7,node[20],0,4855.5016,3075.2922,1.8950,16.3654,1.8059,1.5427,:10127484728_2,-66.1465,10.3289,100.0000,default,18,rsu(162m),2131,76735,0.9750,162,2.0178,9,16,-66.1465,-83.1362,direct,0.0500,34.4000,-82.6763
375.8,node[20],0,4855.5533,3073.6346,1.8950,16.5850,2.1965,1.5416,:8595603445_6,-65.3788,10.8077,100.0000,default,18,rsu(162m),2132,76779,0.9802,162,2.0221,9,16,-65.3788,-82.3685,direct,0.0500,34.4000,-82.7081
375.9,node[20],0,4855.6021,3071.9529,1.8950,16.8174,2.3240,1.5414,:8595603445_6,-71.0464,6.7208,100.0000,default,18,rsu(161m),2133,76822,0.8653,161,2.0233,7,12,-71.0464,-88.0361,direct,0.0500,34.8000,-82.7386
376,node[20],0,4855.6514,3070.2517,1.8950,17.0116,1.9414,1.5411,:8595603445_6,-71.8267,2.3834,100.0000,default,18,rsu(160m),2134,76864,0.4235,160,2.0211,5,8,-71.8267,-88.8164,direct,0.0500,34.8000,-82.7676
376.1,node[20],0,4855.7053,3068.5332,1.8950,17.1849,1.7329,1.5410,:10127484721_2,-71.6900,6.8060,100.0000,default,18,rsu(159m),2135,76908,0.8702,159,2.0255,7,12,-71.6900,-88.6797,direct,0.0500,34.4000,-82.7952
376.2,node[20],0,4855.7549,3066.7921,1.8950,17.4109,2.2608,1.5412,:10127484721_2,-71.4295,5.7847,100.0000,default,18,rsu(158m),2136,76953,0.8010,158,2.0173,7,12,-71.4295,-88.4192,direct,0.0500,34.4000,-82.8214
376.3,node[20],0,4855.8051,3065.0252,1.8950,17.6689,2.5801,1.5414,:10127484721_2,-68.2767,7.0547,100.0000,default,18,rsu(158m),2137,76996,0.8836,158,2.0212,8,14,-68.2767,-85.2664,direct,0.0500,35.2000,-82.8465
376.4,node[20],0,4855.8558,3063.2445,1.8950,17.8076,1.3865,1.5423,:10127484721_2,-74.3099,0.6047,100.0000,default,18,rsu(157m),2138,77041,0.2319,157,2.0153,4,6,-74.3099,-91.2996,direct,0.0500,35.2000,-82.8701
376.5,node[20],0,4855.9070,3061.4442,1.8950,18.0025,1.9486,1.5423,:10127484721_2,-69.8489,6.9383,100.0000,default,18,rsu(156m),2139,77084,0.8775,156,2.0166,7,12,-69.8489,-86.8386,direct,0.0500,35.2000,-82.8926
376.6,node[20],0,4855.9591,3059.6279,1.8950,18.1923,1.8988,1.5423,-831179686#13,-69.4852,9.0644,100.0000,default,18,rsu(155m),2140,77127,0.9540,155,2.0180,9,16,-69.4852,-86.4749,direct,0.0500,35.2000,-82.9140
376.7,node[20],0,4856.0117,3057.7925,1.8950,18.3847,1.9232,1.5422,-831179686#13,-75.0898,2.0797,100.0000,default,18,rsu(155m),2141,77172,0.3870,155,2.0252,5,8,-75.0898,-92.0795,direct,0.0500,35.2000,-82.9342
376.8,node[20],0,4856.0647,3055.9423,1.8950,18.5337,1.4901,1.5421,-831179686#13,-69.8310,5.6392,100.0000,default,18,rsu(154m),2142,77215,0.7891,154,2.0266,7,12,-69.8310,-86.8207,direct,0.0500,35.2000,-82.9534
376.9,node[20],0,4856.1184,3054.0739,1.8950,18.6932,1.5949,1.5421,:8595603446_6,-73.9550,2.0652,100.0000,default,18,rsu(153m),2143,77257,0.3852,153,2.0248,5,8,-73.9550,-90.9447,direct,0.0500,34.0000,-82.9715
377,node[20],0,4856.1728,3052.1790,1.8950,18.9490,2.5582,1.5421,:8595603446_6,-71.9905,4.6362,100.0000,default,18,rsu(153m),2144,77301,0.6938,153,2.0242,6,10,-71.9905,-88.9802,direct,0.0500,34.0000,-82.9887
377.1,node[20],0,4856.2280,3050.2583,1.8950,19.2069,2.5790,1.5421,:8595603446_6,-65.4159,8.7960,100.0000,default,18,rsu(152m),2145,77344,0.9477,152,2.0203,8,14,-65.4159,-82.4056,direct,0.0500,34.8000,-83.0050
377.2,node[20],0,4856.2838,3048.3135,1.8950,19.4476,2.4068,1.5421,:8595603446_6,-65.5105,12.3997,100.0000,default,19,rsu(151m),2146,77390,0.9910,151,2.0227,10,18,-65.5105,-82.5002,direct,0.0500,34.8000,-82.9125
377.3,node[20],0,4856.3402,3046.3505,1.8950,19.6301,1.8248,1.5421,:8595603446_6,-70.7585,8.4816,100.0000,default,19,rsu(150m),2147,77435,0.9394,150,2.0275,8,14,-70.7585,-87.7482,direct,0.0500,36.4000,-82.9260
377.4,node[20],0,4856.3983,3044.3690,1.8950,19.8148,1.8479,1.5419,-831179686#12,-70.2298,6.6026,100.0000,default,19,rsu(150m),2148,77478,0.8583,150,2.0229,7,12,-70.2298,-87.2195,direct,0.0500,36.4000,-82.9387
377.5,node[20],0,4856.4572,3042.3643,1.8950,20.0476,2.3279,1.5416,-831179686#12,-68.4948,8.8442,100.0000,default,19,rsu(149m),2149,77522,0.9489,149,2.0244,8,14,-68.4948,-85.4845,direct,0.0500,34.8000,-82.9507
377.6,node[20],0,4856.5167,3040.3429,1.8950,20.2131,1.6542,1.5414,-831179686#12,-81.3448,-4.0209,100.0000,default,19,rsu(149m),2150,77566,0.0290,149,2.0232,2,2,-81.3448,-98.3345,direct,0.0500,34.8000,-82.9621
377.7,node[20],0,4856.5769,3038.2964,1.8950,20.4651,2.5200,1.5414,-831179686#12,-66.1741,9.7679,100.0000,default,19,rsu(148m),2151,77612,0.9672,148,2.0151,9,16,-66.1741,-83.1638,direct,0.0500,36.0000,-82.9730
377.8,node[20],0,4856.6379,3036.2324,1.8950,20.6403,1.7522,1.5413,:8595603449_6,-67.8328,9.1567,100.0000,default,19,rsu(147m),2152,77656,0.9560,147,2.0166,9,16,-67.8328,-84.8225,direct,0.0500,36.0000,-82.9833
377.9,node[20],0,4856.6999,3034.1516,1.8950,20.8077,1.6738,1.5412,:8595603449_6,-67.7472,9.6134,100.0000,default,19,rsu(147m),2153,77700,0.9647,147,2.0153,9,16,-67.7472,-84.7369,direct,0.0500,35.2000,-82.9932
378,node[20],0,4856.7623,3032.0576,1.8950,20.9406,1.3299,1.5410,:8595603449_6,-64.8344,10.5175,100.0000,default,19,rsu(146m),2154,77746,0.9772,146,2.0150,9,16,-64.8344,-81.8241,direct,0.0500,35.2000,-83.0026
378.1,node[20],0,4856.8252,3029.9459,1.8950,21.1165,1.7586,1.5410,:8595603449_6,-69.5414,9.5846,100.0000,default,19,rsu(146m),2155,77791,0.9642,146,2.0200,9,16,-69.5414,-86.5311,direct,0.0500,36.4000,-83.0117
378.2,node[20],0,4856.8886,3027.8160,1.8950,21.2990,1.8250,1.5410,:8595603449_6,-74.3607,1.1375,100.0000,default,19,rsu(145m),2156,77835,0.2827,145,2.0250,5,8,-74.3607,-91.3504,direct,0.0500,36.4000,-83.0205
378.3,node[20],0,4856.9490,3025.6727,1.8950,21.4329,1.3388,1.5417,-831179686#11,-69.4949,6.0988,100.0000,default,19,rsu(145m),2157,77879,0.8248,145,2.0170,7,12,-69.4949,-86.4846,direct,0.0500,35.2000,-83.0291
378.4,node[20],0,4857.0098,3023.5128,1.8950,21.5992,1.6629,1.5424,-831179686#11,-66.4865,9.8371,100.0000,default,19,rsu(144m),2158,77924,0.9683,144,2.0220,9,16,-66.4865,-83.4762,direct,0.0500,35.2000,-83.0375
378.5,node[20],0,4857.0710,3021.3379,1.8950,21.7494,1.5023,1.5427,-831179686#11,-69.4234,8.3638,100.0000,default,19,rsu(144m),2159,77968,0.9360,144,2.0210,8,14,-69.4234,-86.4131,direct,0.0500,35.6000,-83.0458
378.6,node[20],0,4857.1327,3019.1445,1.8950,21.9336,1.8420,1.5427,-831179686#11,-68.0054,11.2548,100.0000,default,19,rsu(144m),2160,78013,0.9841,144,2.0227,10,18,-68.0054,-84.9951,direct,0.0500,35.6000,-83.0540
378.7,node[20],0,4857.1951,3016.9324,1.8950,22.1233,1.8967,1.5426,:8595603450_6,-73.0927,3.6323,100.0000,default,19,rsu(143m),2161,78058,0.5784,143,2.0249,6,10,-73.0927,-90.0824,direct,0.0500,36.0000,-83.0622
378.8,node[20],0,4857.2591,3014.7067,1.8950,22.2809,1.5759,1.5424,:8595603450_6,-65.5295,11.4141,100.0000,default,19,rsu(143m),2162,78102,0.9853,143,2.0240,10,18,-65.5295,-82.5192,direct,0.0500,36.0000,-83.0704
378.9,node[20],0,4857.3235,3012.4678,1.8950,22.4124,1.3154,1.5421,:8595603450_6,-68.0955,6.0619,100.0000,default,19,rsu(143m),2163,78147,0.8221,143,2.0161,7,12,-68.0955,-85.0852,direct,0.0500,35.6000,-83.0787
379,node[20],0,4857.3883,3010.2134,1.8950,22.5685,1.5606,1.5421,:8595603450_6,-70.7548,5.2599,100.0000,default,19,rsu(142m),2164,78191,0.7558,142,2.0152,7,12,-70.7548,-87.7445,direct,0.0500,35.6000,-83.0871
379.1,node[20],0,4857.4538,3007.9345,1.8950,22.8125,2.4406,1.5421,:8595603450_6,-67.9488,10.5344,100.0000,default,19,rsu(142m),2165,78234,0.9774,142,2.0274,9,16,-67.9488,-84.9385,direct,0.0500,34.8000,-83.0958
379.2,node[20],0,4857.5207,3005.6366,1.8950,22.9815,1.6896,1.5419,-831179686#10,-65.1384,8.6888,100.0000,default,19,rsu(142m),2166,78279,0.9450,142,2.0161,8,14,-65.1384,-82.1281,direct,0.0500,34.8000,-83.1048
379.3,node[20],0,4857.5882,3003.3229,1.8950,23.1374,1.5594,1.5417,-831179686#10,-64.6898,14.1955,100.0000,default,19,rsu(142m),2167,78324,0.9963,142,2.0189,11,20,-64.6898,-81.6795,direct,0.0500,36.0000,-83.1141
379.4,node[20],0,4857.6563,3000.9884,1.8950,23.3448,2.0734,1.5417,-831179686#10,-66.3768,10.7345,100.0000,default,19,rsu(142m),2168,78368,0.9795,142,2.0147,9,16,-66.3768,-83.3665,direct,0.0500,36.0000,-83.1237
379.5,node[20],0,4857.7248,2998.6368,1.8950,23.5160,1.7120,1.5417,-831179686#10,-79.9107,-5.0000,100.0000,default,19,rsu(142m),2169,78413,0.0180,142,2.0200,2,2,-79.9107,-96.9004,direct,0.0500,35.6000,-83.1337
379.6,node[20],0,4857.7935,2996.2620,1.8950,23.7483,2.3232,1.5418,:8595603453_6,-65.8578,10.9218,100.0000,default,19,rsu(142m),2170,78457,0.9813,142,2.0192,9,16,-65.8578,-82.8475,direct,0.0500,35.6000,-83.1442
379.7,node[20],0,4857.8623,2993.8671,1.8950,23.9487,2.0039,1.5420,:8595603453_6,-66.7514,8.7983,100.0000,default,19,rsu(142m),2171,78502,0.9478,142,2.0210,8,14,-66.7514,-83.7411,direct,0.0500,35.6000,-83.1552
379.8,node[20],0,4857.9317,2991.4538,1.8950,24.1331,1.8444,1.5421,:8595603453_6,-71.7822,2.7281,100.0000,default,19,rsu(142m),2172,78546,0.4661,142,2.0202,5,8,-71.7822,-88.7719,direct,0.0500,35.6000,-83.1668
379.9,node[20],0,4858.0017,2989.0146,1.8950,24.3922,2.5909,1.5421,:8595603453_6,-72.3206,6.2495,100.0000,default,19,rsu(142m),2173,78590,0.8355,142,2.0194,7,12,-72.3206,-89.3103,direct,0.0500,35.2000,-83.1789
380,node[20],0,4858.0719,2986.5626,1.8950,24.5355,1.4324,1.5421,-831179686#9,-73.2147,1.6046,100.0000,default,19,rsu(142m),2174,78635,0.3323,142,2.0248,5,8,-73.2147,-90.2044,direct,0.0500,35.2000,-83.1915
380.1,node[20],0,4858.1422,2984.0980,1.8950,24.6734,1.3792,1.5422,-831179686#9,-68.8522,8.6813,100.0000,default,19,rsu(142m),2175,78679,0.9448,142,2.0243,8,14,-68.8522,-85.8419,direct,0.0500,35.6000,-83.2046
380.2,node[20],0,4858.2132,2981.6099,1.8950,24.9079,2.3454,1.5423,-831179686#9,-72.7080,4.9802,100.0000,default,19,rsu(142m),2176,78723,0.7291,142,2.0165,6,10,-72.7080,-89.6977,direct,0.0500,35.6000,-83.2183
380.3,node[20],0,4858.2849,2979.0995,1.8950,25.1322,2.2429,1.5423,-831179686#9,-68.2363,7.8837,100.0000,default,19,rsu(143m),2177,78767,0.9200,143,2.0157,8,14,-68.2363,-85.2260,direct,0.0500,35.2000,-83.2327
380.4,node[20],0,4858.3602,2976.5626,1.8950,25.3711,2.3892,1.5417,:8595603454_6,-63.1539,10.7176,100.0000,default,19,rsu(143m),2178,78812,0.9793,143,2.0209,9,16,-63.1539,-80.1436,direct,0.0500,35.2000,-83.2477
380.5,node[20],0,4858.4364,2974.0067,1.8950,25.5582,1.8712,1.5410,:8595603454_6,-73.8048,5.5830,100.0000,default,20,rsu(143m),2179,78857,0.7844,143,2.0194,7,12,-73.8048,-90.7945,direct,0.0500,36.0000,-83.2589
380.6,node[20],0,4858.5129,2971.4355,1.8950,25.7121,1.5381,1.5410,:8595603454_6,-72.6343,5.8193,100.0000,default,20,rsu(144m),2180,78902,0.8037,144,2.0178,7,12,-72.6343,-89.6240,direct,0.0500,36.0000,-83.2753
380.7,node[20],0,4858.5895,2968.8399,1.8950,25.9561,2.4406,1.5412,-831179686#8,-79.5198,-2.9471,100.0000,default,20,rsu(144m),2181,78948,0.0486,144,2.0194,3,4,-79.5198,-96.5095,direct,0.0500,36.4000,-83.2925
380.8,node[20],0,4858.6645,2966.2307,1.8950,26.0927,1.3662,1.5417,-831179686#8,-67.4813,11.1714,100.0000,default,20,rsu(145m),2182,78994,0.9835,145,2.0205,10,18,-67.4813,-84.4710,direct,0.0500,36.4000,-83.3105
380.9,node[20],0,4858.7399,2963.6024,1.8950,26.2823,1.8956,1.5421,-831179686#8,-67.2522,8.6322,100.0000,default,20,rsu(145m),2183,79039,0.9435,145,2.0176,8,14,-67.2522,-84.2419,direct,0.0500,36.4000,-83.3292
381,node[20],0,4858.8161,2960.9511,1.8950,26.5195,2.3723,1.5421,:8595603457_6,-67.8006,8.9727,100.0000,default,20,rsu(146m),2184,79083,0.9520,146,2.0160,8,14,-67.8006,-84.7903,direct,0.0500,36.4000,-83.3487
381.1,node[20],0,4858.8926,2958.2887,1.8950,26.6524,1.3285,1.5421,:8595603457_6,-67.4275,10.8691,100.0000,default,20,rsu(147m),2185,79129,0.9808,147,2.0272,9,16,-67.4275,-84.4172,direct,0.0500,36.0000,-83.3689
381.2,node[20],0,4858.9697,2955.6093,1.8950,26.8223,1.6995,1.5421,:8595603457_6,-65.8698,11.7373,100.0000,default,20,rsu(147m),2186,79174,0.9875,147,2.0187,10,18,-65.8698,-82.8595,direct,0.0500,36.0000,-83.3898
381.3,node[20],0,4859.0471,2952.9149,1.8950,26.9721,1.4981,1.5421,:8595603457_6,-75.0076,1.1236,100.0000,default,20,rsu(148m),2187,79220,0.2813,148,2.0231,5,8,-75.0076,-91.9973,direct,0.0500,36.4000,-83.4115
381.4,node[20],0,4859.1279,2950.2031,1.8950,27.1270,1.5484,1.5415,-831179686#7,-66.3631,12.2113,100.0000,default,20,rsu(149m),2188,79266,0.9901,149,2.0145,10,18,-66.3631,-83.3528,direct,0.0500,36.4000,-83.4338
381.5,node[20],0,4859.2085,2947.4697,1.8950,27.3342,2.0723,1.5411,:8595603535_2,-69.5045,9.3091,100.0000,default,20,rsu(150m),2189,79311,0.9591,150,2.0236,9,16,-69.5045,-86.4942,direct,0.0500,36.4000,-83.4568
381.6,node[20],0,4859.2885,2944.7160,1.8950,27.5366,2.0238,1.5416,:8595603535_2,-67.4328,10.4460,100.0000,default,20,rsu(151m),2190,79357,0.9764,151,2.0267,9,16,-67.4328,-84.4225,direct,0.0500,36.4000,-83.4805
381.7,node[20],0,4859.3692,2941.9391,1.8950,27.7686,2.3202,1.5418,:8595603535_2,-81.9990,-4.5291,100.0000,default,20,rsu(152m),2191,79402,0.0227,152,2.0164,2,2,-81.9990,-98.9887,direct,0.0500,36.4000,-83.5048
381.8,node[20],0,4859.4445,2939.1521,1.8950,27.9063,1.3765,1.5429,:8595603458_6,-66.5292,9.2814,100.0000,default,20,rsu(153m),2192,79448,0.9585,153,2.0167,9,16,-66.5292,-83.5189,direct,0.0500,36.4000,-83.5296
381.9,node[20],0,4859.5262,2936.3482,1.8950,28.0780,1.7175,1.5417,:8595603458_6,-65.5081,13.2459,100.0000,default,20,rsu(154m),2193,79493,0.9941,154,2.0194,11,20,-65.5081,-82.4978,direct,0.0500,36.4000,-83.5549
382,node[20],0,4859.6087,2933.5251,1.8950,28.2558,1.7783,1.5416,-831179686#5,-70.7062,5.3346,100.0000,default,20,rsu(155m),2194,79539,0.7627,155,2.0209,7,12,-70.7062,-87.6959,direct,0.0500,36.4000,-83.5806
382.1,node[20],0,4859.6923,2930.6830,1.8950,28.4210,1.6512,1.5415,-831179686#5,-66.9535,10.9045,100.0000,default,20,rsu(156m),2195,79585,0.9812,156,2.0212,9,16,-66.9535,-83.9432,direct,0.0500,36.8000,-83.6069
382.2,node[20],0,4859.7766,2927.8165,1.8950,28.6650,2.4400,1.5414,-831179686#5,-67.8962,11.2849,100.0000,default,20,rsu(157m),2196,79631,0.9844,157,2.0198,10,18,-67.8962,-84.8859,direct,0.0500,36.8000,-83.6337
382.3,node[20],0,4859.8607,2924.9245,1.8950,28.9201,2.5512,1.5416,:8595603463_6,-71.3159,6.3465,100.0000,default,20,rsu(158m),2197,79677,0.8420,158,2.0192,7,12,-71.3159,-88.3056,direct,0.0500,36.8000,-83.6611
382.4,node[20],0,4859.9442,2922.0153,1.8950,29.0922,1.7214,1.5420,:8595603463_6,-71.8410,4.7391,100.0000,default,20,rsu(160m),2198,79723,0.7046,160,2.0195,6,10,-71.8410,-88.8307,direct,0.0500,36.8000,-83.6888
382.5,node[20],0,4860.0284,2919.0856,1.8950,29.2970,2.0478,1.5421,:8595603463_6,-70.2707,5.6787,100.0000,default,20,rsu(161m),2199,79768,0.7924,161,2.0226,7,12,-70.2707,-87.2604,direct,0.0500,36.4000,-83.7171
382.6,node[20],0,4860.1131,2916.1395,1.8950,29.4611,1.6406,1.5421,-831179686#4,-69.7914,6.3004,100.0000,default,20,rsu(163m),2200,79812,0.8389,163,2.0193,7,12,-69.7914,-86.7811,direct,0.0500,36.4000,-83.7456
382.7,node[20],0,4860.1989,2913.1706,1.8950,29.6894,2.2838,1.5420,-831179686#4,-72.5936,5.6030,100.0000,default,20,rsu(164m),2201,79855,0.7861,164,2.0159,7,12,-72.5936,-89.5833,direct,0.0500,34.8000,-83.7745
382.8,node[20],0,4860.2850,2910.1870,1.8950,29.8360,1.4657,1.5419,-831179686#4,-71.1979,3.5553,100.0000,default,20,rsu(166m),2202,79898,0.5690,166,2.0153,6,10,-71.1979,-88.1876,direct,0.0500,34.8000,-83.8036
382.9,node[20],0,4860.3716,2907.1880,1.8950,29.9892,1.5322,1.5419,-831179686#4,-68.4166,5.3355,100.0000,default,20,rsu(167m),2203,79941,0.7627,167,2.0240,7,12,-68.4166,-85.4063,direct,0.0500,34.4000,-83.8329
383,node[20],0,4860.4586,2904.1701,1.8950,30.1978,2.0859,1.5420,:8595603464_6,-70.7169,8.5705,100.0000,default,20,rsu(169m),2204,79984,0.9419,169,2.0267,8,14,-70.7169,-87.7066,direct,0.0500,34.4000,-83.8624
383.1,node[20],0,4860.5459,2901.1331,1.8950,30.4020,2.0418,1.5420,:8595603464_6,-68.8841,7.9664,100.0000,default,20,rsu(170m),2205,80027,0.9230,170,2.0170,8,14,-68.8841,-85.8738,direct,0.0500,34.4000,-83.8921
383.2,node[20],0,4860.6330,2898.1052,1.8950,30.3112,-0.9083,1.5421,:8595603464_6,-69.6224,7.1380,100.0000,default,20,rsu(172m),2206,80069,0.8879,172,2.0197,8,14,-69.6224,-86.6121,direct,0.0500,34.4000,-83.9215
383.3,node[20],0,4860.7210,2895.0715,1.8950,30.3544,0.4325,1.5419,-831179686#3,-71.2497,2.7041,100.0000,default,20,rsu(174m),2207,80111,0.4631,174,2.0225,5,8,-71.2497,-88.2394,direct,0.0500,33.6000,-83.9507
383.4,node[20],0,4860.8100,2892.0345,1.8950,30.3700,0.1554,1.5416,-831179686#3,-66.6443,7.3884,100.0000,default,20,rsu(176m),2208,80153,0.8997,176,2.0252,8,14,-66.6443,-83.6340,direct,0.0500,33.6000,-83.9798
383.5,node[20],0,4860.8990,2888.9959,1.8950,30.3862,0.1626,1.5415,-831179686#3,-71.5538,7.4325,100.0000,default,20,rsu(177m),2209,80197,0.9017,177,2.0210,8,14,-71.5538,-88.5435,direct,0.0500,34.4000,-84.0086
383.6,node[20],0,4860.9879,2885.9633,1.8950,30.3259,-0.6034,1.5415,-831179686#3,-76.4104,-1.5556,100.0000,default,19,rsu(179m),2210,80241,0.0930,179,2.0187,3,4,-76.4104,-93.4001,direct,0.0500,34.4000,-84.0424
383.7,node[20],0,4861.0751,2882.9270,1.8950,30.3631,0.3720,1.5418,:8595603468_6,-84.3038,-5.0000,100.0000,default,20,rsu(181m),2211,80286,0.0180,181,2.0236,2,2,-84.3038,-101.2935,direct,0.0500,35.6000,-83.1815
383.8,node[20],0,4861.1625,2879.8851,1.8950,30.4187,0.5560,1.5421,:8595603468_6,-68.1266,8.1992,100.0000,default,20,rsu(183m),2212,80330,0.9308,183,2.0263,8,14,-68.1266,-85.1163,direct,0.0500,35.6000,-83.2490
383.9,node[20],0,4861.2498,2876.8442,1.8950,30.4087,-0.1000,1.5421,:8595603468_6,-69.9398,6.9443,100.0000,default,21,rsu(185m),2213,80375,0.8778,185,2.0221,7,12,-69.9398,-86.9295,direct,0.0500,35.6000,-83.2653
384,node[20],0,4861.3367,2873.8117,1.8950,30.3370,-0.7172,1.5421,-831179686#2,-67.8120,9.4194,100.0000,default,21,rsu(187m),2214,80420,0.9612,187,2.0149,9,16,-67.8120,-84.8017,direct,0.0500,35.6000,-83.3248
384.1,node[20],0,4861.4236,2870.7721,1.8950,30.4079,0.7092,1.5422,-831179686#2,-66.6764,11.3488,100.0000,default,21,rsu(189m),2215,80465,0.9848,189,2.0232,10,18,-66.6764,-83.6661,direct,0.0500,36.0000,-83.3816
384.2,node[20],0,4861.5104,2867.7404,1.8950,30.3298,-0.7810,1.5422,-831179686#2,-78.3201,-3.9503,100.0000,default,21,rsu(191m),2216,80508,0.0300,191,2.0254,2,2,-78.3201,-95.3098,direct,0.0500,36.0000,-83.4357
384.3,node[20],0,4861.5971,2864.7112,1.8950,30.3047,-0.2512,1.5422,-831179686#2,-68.4572,6.7900,100.0000,default,21,rsu(193m),2217,80553,0.8693,193,2.0226,7,12,-68.4572,-85.4469,direct,0.0500,35.2000,-83.4873
384.4,node[20],0,4861.6841,2861.6711,1.8950,30.4132,1.0851,1.5422,-831179686#2,-67.5029,9.1336,100.0000,default,21,rsu(195m),2218,80597,0.9555,195,2.0238,9,16,-67.5029,-84.4926,direct,0.0500,35.2000,-83.5370
384.5,node[20],0,4861.7710,2858.6337,1.8950,30.3871,-0.2608,1.5422,-831179686#2,-71.8868,4.8206,100.0000,default,21,rsu(197m),2219,80641,0.7131,197,2.0191,6,10,-71.8868,-88.8765,direct,0.0500,35.2000,-83.5846
384.6,node[20],0,4861.8579,2855.5980,1.8950,30.3692,-0.1792,1.5422,-831179686#2,-81.6230,-5.0000,100.0000,default,21,rsu(199m),2220,80684,0.0180,199,2.0214,2,2,-81.6230,-98.6127,direct,0.0500,35.2000,-83.6302
384.7,node[20],0,4861.9449,2852.5573,1.8950,30.4196,0.5043,1.5422,-831179686#2,-71.8203,6.2863,100.0000,default,21,rsu(201m),2221,80729,0.8380,201,2.0265,7,12,-71.8203,-88.8100,direct,0.0500,35.2000,-83.6741
384.8,node[20],0,4862.0321,2849.5242,1.8950,30.3627,-0.5695,1.5421,:8595603520_2,-78.3606,-1.1360,100.0000,default,21,rsu(204m),2222,80774,0.1122,204,2.0186,3,4,-78.3606,-95.3503,direct,0.0500,35.2000,-83.7163
384.9,node[20],0,4862.1193,2846.4916,1.8950,30.3578,-0.0490,1.5421,:8595603520_2,-70.7016,8.3403,100.0000,default,21,rsu(206m),2223,80818,0.9352,206,2.0178,8,14,-70.7016,-87.6913,direct,0.0500,35.6000,-83.7569
385,node[20],0,4862.2064,2843.4633,1.8950,30.3151,-0.4267,1.5421,:8595603520_2,-76.9169,-1.2087,100.0000,default,21,rsu(208m),2224,80863,0.1087,208,2.0232,3,4,-76.9169,-93.9066,direct,0.0500,35.6000,-83.7959
385.1,node[20],0,4862.2946,2840.4298,1.8950,30.3459,0.3085,1.5418,-831179686#1,-67.1292,9.5964,100.0000,default,21,rsu(210m),2225,80907,0.9644,210,2.0186,9,16,-67.1292,-84.1189,direct,0.0500,35.6000,-83.8336
385.2,node[20],0,4862.3832,2837.3920,1.8950,30.3856,0.3964,1.5417,-831179686#1,-66.3177,12.7603,100.0000,default,21,rsu(213m),2226,80952,0.9925,213,2.0238,10,18,-66.3177,-83.3074,direct,0.0500,35.6000,-83.8701
385.3,node[20],0,4862.4707,2834.3882,1.8950,30.0449,-3.4067,1.5417,-831179686#1,-72.2677,4.5033,100.0000,default,21,rsu(215m),2227,80996,0.6795,215,2.0262,6,10,-72.2677,-89.2574,direct,0.0500,35.6000,-83.9048
385.4,node[20],0,4862.5571,2831.4243,1.8950,29.6451,-3.9982,1.5417,-831179686#1,-71.8553,7.4198,100.0000,default,21,rsu(217m),2228,81040,0.9011,217,2.0215,8,14,-71.8553,-88.8450,direct,0.0500,35.6000,-83.9378
385.5,node[20],0,4862.6422,2828.5055,1.8950,29.1951,-4.5000,1.5417,-831179686#1,-75.7997,1.8486,100.0000,default,21,rsu(219m),2229,81084,0.3599,219,2.0231,5,8,-75.7997,-92.7894,direct,0.0500,35.2000,-83.9691
385.6,node[20],0,4862.7260,2825.6316,1.8950,28.7451,-4.5000,1.5417,-831179686#1,-71.2389,3.2887,100.0000,default,21,rsu(221m),2230,81129,0.5360,221,2.0185,6,10,-71.2389,-88.2286,direct,0.0500,35.2000,-83.9988
385.7,node[20],0,4862.8085,2822.8028,1.8950,28.2951,-4.5000,1.5417,-831179686#1,-71.6678,5.0206,100.0000,default,21,rsu(224m),2231,81172,0.7331,224,2.0209,7,12,-71.6678,-88.6575,direct,0.0500,35.2000,-84.0268
385.8,node[20],0,4862.8897,2820.0171,1.8950,27.8633,-4.3181,1.5417,-831179686#1,-73.6110,0.4716,100.0000,default,21,rsu(226m),2232,81217,0.2203,226,2.0163,4,6,-73.6110,-90.6007,direct,0.0500,35.2000,-84.0534
385.9,node[20],0,4862.9696,2817.2764,1.8950,27.4133,-4.5000,1.5417,-831179686#1,-77.9871,-1.9717,100.0000,default,21,rsu(228m),2233,81261,0.0769,228,2.0188,3,4,-77.9871,-94.9768,direct,0.0500,35.6000,-84.0786
386,node[20],0,4863.0481,2814.5807,1.8950,26.9633,-4.5000,1.5417,-831179686#1,-68.3919,9.1334,100.0000,default,21,rsu(230m),2234,81306,0.9555,230,2.0264,9,16,-68.3919,-85.3816,direct,0.0500,35.6000,-84.1023
386.1,node[20],0,4863.1254,2811.9294,1.8950,26.5187,-4.4457,1.5417,-831179686#1,-76.2272,0.9831,100.0000,default,21,rsu(232m),2235,81349,0.2673,232,2.0159,4,6,-76.2272,-93.2169,direct,0.0500,35.2000,-84.1246
386.2,node[20],0,4863.2014,2809.3231,1.8950,26.0687,-4.5000,1.5417,-831179686#1,-75.4327,3.6809,100.0000,default,21,rsu(234m),2236,81392,0.5843,234,2.0184,6,10,-75.4327,-92.4224,direct,0.0500,35.2000,-84.1456
386.3,node[20],0,4863.2761,2806.7618,1.8950,25.6187,-4.5000,1.5417,-831179686#1,-71.6202,7.6643,100.0000,default,21,rsu(236m),2237,81436,0.9115,236,2.0261,8,14,-71.6202,-88.6099,direct,0.0500,34.8000,-84.1651
386.4,node[20],0,4863.3494,2804.2455,1.8950,25.1687,-4.5000,1.5417,-831179686#1,-73.2717,5.8238,100.0000,default,21,rsu(238m),2238,81480,0.8041,238,2.0187,7,12,-73.2717,-90.2614,direct,0.0500,34.8000,-84.1833
386.5,node[20],0,4863.4215,2801.7742,1.8950,24.7187,-4.5000,1.5417,-831179686#1,-74.2688,0.7280,100.0000,default,21,rsu(240m),2239,81524,0.2431,240,2.0214,4,6,-74.2688,-91.2585,direct,0.0500,35.2000,-84.2004
386.6,node[20],0,4863.4922,2799.3479,1.8950,24.2687,-4.5000,1.5417,-831179686#1,-69.4619,5.7100,100.0000,default,21,rsu(242m),2240,81567,0.7949,242,2.0232,7,12,-69.4619,-86.4516,direct,0.0500,35.2000,-84.2163
386.7,node[20],0,4863.5605,2796.9680,1.8950,23.8187,-4.5000,1.5419,:8595603474_8,-72.8304,5.7713,100.0000,default,21,rsu(244m),2241,81610,0.7999,244,2.0260,7,12,-72.8304,-89.8201,direct,0.0500,34.4000,-84.2311
386.8,node[20],0,4863.6273,2794.6333,1.8950,23.3687,-4.5000,1.5421,:8595603474_8,-76.9333,-1.0133,100.0000,default,21,rsu(246m),2242,81653,0.1185,246,2.0195,3,4,-76.9333,-93.9230,direct,0.0500,34.4000,-84.2448
386.9,node[20],0,4863.6928,2792.3436,1.8950,22.9187,-4.5000,1.5422,:8595603474_8,-69.4972,6.0213,100.0000,default,21,rsu(248m),2243,81695,0.8192,248,2.0214,7,12,-69.4972,-86.4869,direct,0.0500,34.0000,-84.2574
387,node[20],0,4863.7571,2790.0988,1.8950,22.4687,-4.5000,1.5422,:8595603474_8,-78.2287,-1.1137,100.0000,default,21,rsu(250m),2244,81737,0.1134,250,2.0212,3,4,-78.2287,-95.2184,direct,0.0500,34.0000,-84.2690
387.1,node[20],0,4863.8202,2787.8974,1.8950,22.0321,-4.3660,1.5422,-831179686#0,-72.0002,4.6765,100.0000,default,21,rsu(252m),2245,81779,0.6981,252,2.0247,6,10,-72.0002,-88.9899,direct,0.0500,33.6000,-84.2795
387.2,node[20],0,4863.8827,2785.7400,1.8950,21.5821,-4.5000,1.5420,-831179686#0,-69.4060,4.5812,100.0000,default,21,rsu(253m),2246,81821,0.6880,253,2.0152,6,10,-69.4060,-86.3957,direct,0.0500,33.6000,-84.2891
387.3,node[20],0,4863.9439,2783.6276,1.8950,21.1321,-4.5000,1.5419,-831179686#0,-68.8021,5.0009,100.0000,default,21,rsu(255m),2247,81861,0.7311,255,2.0188,7,12,-68.8021,-85.7918,direct,0.0500,32.8000,-84.2977
387.4,node[20],0,4864.0038,2781.5601,1.8950,20.6821,-4.5000,1.5418,-831179686#0,-70.9359,4.5590,100.0000,default,21,rsu(257m),2248,81902,0.6856,257,2.0138,6,10,-70.9359,-87.9256,direct,0.0500,32.8000,-84.3046
387.5,node[20],0,4864.0624,2779.5376,1.8950,20.2321,-4.5000,1.5418,-831179686#0,-75.3730,2.9156,100.0000,default,21,rsu(259m),2249,81943,0.4895,259,2.0206,5,8,-75.3730,-92.3627,direct,0.0500,32.8000,-84.3105
387.6,node[20],0,4864.1197,2777.5602,1.8950,19.7821,-4.5000,1.5418,-831179686#0,-70.5137,6.9661,100.0000,default,21,rsu(260m),2250,81983,0.8790,260,2.0206,7,12,-70.5137,-87.5034,direct,0.0500,32.8000,-84.3153
387.7,node[20],0,4864.1756,2775.6277,1.8950,19.3321,-4.5000,1.5418,-831179686#0,-75.3914,2.6336,100.0000,default,21,rsu(262m),2251,82024,0.4543,262,2.0173,5,8,-75.3914,-92.3811,direct,0.0500,32.4000,-84.3192
387.8,node[20],0,4864.2303,2773.7401,1.8950,18.8821,-4.5000,1.5418,-831179686#0,-75.7378,0.7165,100.0000,default,21,rsu(263m),2252,82065,0.2420,263,2.0141,4,6,-75.7378,-92.7275,direct,0.0500,32.4000,-84.3220
387.9,node[20],0,4864.2837,2771.8976,1.8950,18.4321,-4.5000,1.5418,-831179686#0,-80.0883,-1.1514,100.0000,default,21,rsu(265m),2253,82106,0.1115,265,2.0202,3,4,-80.0883,-97.0780,direct,0.0500,32.8000,-84.3239
388,node[20],0,4864.3357,2770.1001,1.8950,17.9821,-4.5000,1.5418,-831179686#0,-67.5136,8.8881,100.0000,default,21,rsu(266m),2254,82146,0.9500,266,2.0231,8,14,-67.5136,-84.5033,direct,0.0500,32.8000,-84.3249
388.1,node[20],0,4864.3865,2768.3475,1.8950,17.5321,-4.5000,1.5418,-831179686#0,-73.4583,0.5548,100.0000,default,21,rsu(268m),2255,82187,0.2275,268,2.0163,4,6,-73.4583,-90.4480,direct,0.0500,32.4000,-84.3250
388.2,node[20],0,4864.4360,2766.6399,1.8950,17.0821,-4.5000,1.5418,-831179686#0,-77.6484,1.5072,100.0000,default,21,rsu(269m),2256,82227,0.3216,269,2.0165,5,8,-77.6484,-94.6381,direct,0.0500,32.4000,-84.3241
388.3,node[20],0,4864.4841,2764.9773,1.8950,16.6321,-4.5000,1.5418,-831179686#0,-72.4929,6.4847,100.0000,default,21,rsu(271m),2257,82267,0.8510,271,2.0196,7,12,-72.4929,-89.4826,direct,0.0500,32.0000,-84.3223
388.4,node[20],0,4864.5310,2763.3597,1.8950,16.1821,-4.5000,1.5418,-831179686#0,-76.4793,0.1006,100.0000,default,21,rsu(272m),2258,82307,0.1900,272,2.0157,4,6,-76.4793,-93.4690,direct,0.0500,32.0000,-84.3196
388.5,node[20],0,4864.5765,2761.7871,1.8950,15.7321,-4.5000,1.5418,-831179686#0,-71.8593,7.1342,100.0000,default,21,rsu(274m),2259,82347,0.8877,274,2.0248,8,14,-71.8593,-88.8490,direct,0.0500,32.0000,-84.3160
388.6,node[20],0,4864.6208,2760.2594,1.8950,15.2821,-4.5000,1.5418,-831179686#0,-83.3482,-4.1463,100.0000,default,21,rsu(275m),2260,82387,0.0273,275,2.0181,2,2,-83.3482,-100.3379,direct,0.0500,32.0000,-84.3115
388.7,node[20],0,4864.6637,2758.7768,1.8950,14.8321,-4.5000,1.5418,-831179686#0,-71.7247,4.1042,100.0000,default,21,rsu(276m),2261,82427,0.6346,276,2.0222,6,10,-71.7247,-88.7144,direct,0.0500,32.0000,-84.3061
388.8,node[20],0,4864.7054,2757.3391,1.8950,14.3821,-4.5000,1.5418,-831179686#0,-75.3359,3.4051,100.0000,default,21,rsu(277m),2262,82467,0.5505,277,2.0248,6,10,-75.3359,-92.3256,direct,0.0500,32.0000,-84.2998
388.9,node[20],0,4864.7457,2755.9463,1.8950,13.9330,-4.4916,1.5418,-831179686#0,-71.6230,7.7404,100.0000,default,21,rsu(279m),2263,82507,0.9145,279,2.0211,8,14,-71.6230,-88.6127,direct,0.0500,32.0000,-84.2924
389,node[20],0,4864.7848,2754.5985,1.8950,13.4830,-4.5000,1.5418,-831179686#0,-71.7261,5.5681,100.0000,default,21,rsu(280m),2264,82547,0.7831,280,2.0243,7,12,-71.7261,-88.7158,direct,0.0500,32.0000,-84.2841
389.1,node[20],0,4864.8225,2753.2957,1.8950,13.0330,-4.5000,1.5418,-831179686#0,-73.2316,4.7249,100.0000,default,21,rsu(281m),2265,82587,0.7032,281,2.0261,6,10,-73.2316,-90.2213,direct,0.0500,32.0000,-84.2745
389.2,node[20],0,4864.8590,2752.0372,1.8950,12.5894,-4.4359,1.5418,-831179686#0,-83.1905,-5.0000,100.0000,default,21,rsu(282m),2266,82627,0.0180,282,2.0243,2,2,-83.1905,-100.1802,direct,0.0500,32.0000,-84.2639
389.3,node[20],0,4864.8941,2750.8237,1.8950,12.1394,-4.5000,1.5418,-831179686#0,-79.0361,-1.7803,100.0000,default,21,rsu(283m),2267,82667,0.0839,283,2.0164,3,4,-79.0361,-96.0258,direct,0.0500,32.0000,-84.2522
389.4,node[20],0,4864.9280,2749.6552,1.8950,11.6894,-4.5000,1.5418,-831179686#0,-84.7921,-5.0000,100.0000,default,21,rsu(284m),2268,82707,0.0180,284,2.0222,2,2,-84.7921,-101.7818,direct,0.0500,32.0000,-84.2395
389.5,node[20],0,4864.9605,2748.5317,1.8950,11.2394,-4.5000,1.5418,-831179686#0,-72.0278,6.6009,100.0000,default,21,rsu(285m),2269,82747,0.8582,285,2.0169,7,12,-72.0278,-89.0175,direct,0.0500,32.0000,-84.2258
389.6,node[20],0,4864.9918,2747.4532,1.8950,10.7894,-4.5000,1.5418,-831179686#0,-82.0166,-5.0000,100.0000,default,21,rsu(286m),2270,82787,0.0180,286,2.0195,2,2,-82.0166,-99.0063,direct,0.0500,32.0000,-84.2110
389.7,node[20],0,4865.0217,2746.4196,1.8950,10.3394,-4.5000,1.5418,-831179686#0,-76.7706,2.2169,100.0000,default,21,rsu(287m),2271,82827,0.4033,287,2.0159,5,8,-76.7706,-93.7603,direct,0.0500,32.0000,-84.1952
389.8,node[20],0,4865.0503,2745.4310,1.8950,9.8894,-4.5000,1.5418,-831179686#0,-75.0261,3.4923,100.0000,default,21,rsu(288m),2272,82867,0.5612,288,2.0187,6,10,-75.0261,-92.0158,direct,0.0500,32.0000,-84.1782
389.9,node[20],0,4865.0777,2744.4875,1.8950,9.4394,-4.5000,1.5418,-831179686#0,-76.1650,-1.0493,100.0000,default,21,rsu(288m),2273,82907,0.1166,288,2.0170,3,4,-76.1650,-93.1547,direct,0.0500,32.0000,-84.1600
390,node[20],0,4865.1037,2743.5889,1.8950,8.9894,-4.5000,1.5418,-831179686#0,-74.7134,0.5404,100.0000,default,21,rsu(289m),2274,82947,0.2262,289,2.0153,4,6,-74.7134,-91.7031,direct,0.0500,32.0000,-84.1407
390.1,node[20],0,4865.1284,2742.7352,1.8950,8.5394,-4.5000,1.5418,-831179686#0,-71.7139,3.0193,100.0000,default,21,rsu(290m),2275,82987,0.5024,290,2.0216,6,10,-71.7139,-88.7036,direct,0.0500,32.0000,-84.1201
390.2,node[20],0,4865.1518,2741.9266,1.8950,8.0894,-4.5000,1.5418,-831179686#0,-82.2092,-2.8826,100.0000,default,21,rsu(291m),2276,83027,0.0501,291,2.0257,3,4,-82.2092,-99.1989,direct,0.0500,32.0000,-84.0982
390.3,node[20],0,4865.1740,2741.1629,1.8950,7.6394,-4.5000,1.5418,-831179686#0,-75.6174,3.7217,100.0000,default,21,rsu(291m),2277,83067,0.5892,291,2.0167,6,10,-75.6174,-92.6071,direct,0.0500,32.0000,-84.0752
390.4,node[20],0,4865.1948,2740.4443,1.8950,7.1894,-4.5000,1.5418,-831179686#0,-73.6287,2.2036,100.0000,default,21,rsu(292m),2278,83107,0.4017,292,2.0148,5,8,-73.6287,-90.6184,direct,0.0500,32.0000,-84.0508
390.5,node[20],0,4865.2143,2739.7706,1.8950,6.7394,-4.5000,1.5418,-831179686#0,-70.8480,7.8767,100.0000,default,21,rsu(293m),2279,83147,0.9197,293,2.0189,8,14,-70.8480,-87.8377,direct,0.0500,32.0000,-84.0249
390.6,node[20],0,4865.2325,2739.1419,1.8950,6.2894,-4.5000,1.5418,-831179686#0,-75.3826,2.4657,100.0000,default,21,rsu(293m),2280,83187,0.4336,293,2.0170,5,8,-75.3826,-92.3723,direct,0.0500,32.0000,-83.9977
390.7,node[20],0,4865.2494,2738.5582,1.8950,5.8394,-4.5000,1.5418,-831179686#0,-75.0388,3.9917,100.0000,default,21,rsu(294m),2281,83227,0.6215,294,2.0179,6,10,-75.0388,-92.0285,direct,0.0500,32.0000,-83.9690
390.8,node[20],0,4865.2650,2738.0194,1.8950,5.3894,-4.5000,1.5418,-831179686#0,-74.9414,4.3864,100.0000,default,21,rsu(294m),2282,83267,0.6667,294,2.0220,6,10,-74.9414,-91.9311,direct,0.0500,32.0000,-83.9388
390.9,node[20],0,4865.2793,2737.5257,1.8950,4.9394,-4.5000,1.5418,-831179686#0,-77.2662,2.0925,100.0000,default,21,rsu(295m),2283,83307,0.3885,295,2.0202,5,8,-77.2662,-94.2559,direct,0.0500,32.0000,-83.9070
391,node[20],0,4865.2924,2737.0759,1.8950,4.4998,-4.3953,1.5418,-831179686#0,-73.5397,4.4971,100.0000,default,21,rsu(295m),2284,83347,0.6789,295,2.0211,6,10,-73.5397,-90.5294,direct,0.0500,32.0000,-83.8732
391.1,node[20],0,4865.3041,2736.6710,1.8950,4.0498,-4.5000,1.5418,-831179686#0,-73.3007,1.9062,100.0000,default,21,rsu(295m),2285,83387,0.3666,295,2.0263,5,8,-73.3007,-90.2904,direct,0.0500,32.0000,-83.8378
391.2,node[20],0,4865.3145,2736.3112,1.8950,3.5998,-4.5000,1.5418,-831179686#0,-72.5083,5.2871,100.0000,default,21,rsu(296m),2286,83427,0.7583,296,2.0171,7,12,-72.5083,-89.4980,direct,0.0500,32.0000,-83.8004
391.3,node[20],0,4865.3236,2735.9963,1.8950,3.1498,-4.5000,1.5418,-831179686#0,-76.0697,-1.2762,100.0000,default,21,rsu(296m),2287,83467,0.1054,296,2.0224,3,4,-76.0697,-93.0594,direct,0.0500,32.0000,-83.7611
391.4,node[20],0,4865.3314,2735.7264,1.8950,2.6998,-4.5000,1.5418,-831179686#0,-72.4622,6.3072,100.0000,default,21,rsu(296m),2288,83507,0.8394,296,2.0266,7,12,-72.4622,-89.4519,direct,0.0500,32.0000,-83.7198
391.5,node[20],0,4865.3380,2735.5015,1.8950,2.2498,-4.5000,1.5418,-831179686#0,-74.1356,-0.0815,100.0000,default,21,rsu(296m),2289,83547,0.1764,296,2.0178,4,6,-74.1356,-91.1253,direct,0.0500,32.0000,-83.6764
391.6,node[20],0,4865.3432,2735.3216,1.8950,1.7998,-4.5000,1.5418,-831179686#0,-85.2326,-5.0000,100.0000,default,20,rsu(296m),2290,83587,0.0180,296,2.0146,2,2,-85.2326,-102.2223,direct,0.0500,32.0000,-83.6822
391.7,node[20],0,4865.3471,2735.1867,1.8950,1.3498,-4.5000,1.5418,-831179686#0,-76.7277,2.0340,100.0000,default,20,rsu(297m),2291,83627,0.3815,297,2.0244,5,8,-76.7277,-93.7174,direct,0.0500,32.0000,-83.6336
391.8,node[20],0,4865.3497,2735.0967,1.8950,0.8998,-4.5000,1.5418,-831179686#0,-74.3821,3.2851,100.0000,default,20,rsu(297m),2292,83667,0.5356,297,2.0221,6,10,-74.3821,-91.3718,direct,0.0500,32.0000,-83.5825
391.9,node[20],0,4865.3510,2735.0513,1.8950,0.4548,-4.4501,1.5418,-831179686#0,-78.0412,-0.2077,100.0000,default,20,rsu(297m),2293,83707,0.1674,297,2.0167,4,6,-78.0412,-95.0309,direct,0.0500,32.0000,-83.5287
392,node[20],0,4865.3510,2735.0507,1.8950,0.0059,-4.4887,1.5418,-831179686#0,-73.4701,2.8283,100.0000,default,20,rsu(297m),2294,83747,0.4786,297,2.0196,5,8,-73.4701,-90.4598,direct,0.0500,32.0000,-83.4722
392.1,node[20],0,4865.3510,2735.0506,1.8950,0.0003,-0.0567,1.5418,-831179686#0,-71.8361,7.5222,100.0000,default,20,rsu(297m),2295,83787,0.9056,297,2.0224,8,14,-71.8361,-88.8258,direct,0.0500,32.0000,-83.4136
392.2,node[20],0,4865.3510,2735.0506,1.8950,0.0000,-0.0028,1.5418,-831179686#0,-75.9488,0.9314,100.0000,default,20,rsu(297m),2296,83827,0.2623,297,2.0221,4,6,-75.9488,-92.9385,direct,0.0500,32.0000,-83.3530
392.3,node[20],0,4865.3510,2735.0506,1.8950,0.0000,0.0000,1.5418,-831179686#0,-70.8271,4.4166,100.0000,default,20,rsu(297m),2297,83867,0.6700,297,2.0250,6,10,-70.8271,-87.8168,direct,0.0500,32.0000,-83.2904
392.4,node[20],0,4865.3510,2735.0506,1.8950,0.0000,0.0000,1.5418,-831179686#0,-77.0898,-0.3600,100.0000,default,20,rsu(297m),2298,83907,0.1571,297,2.0251,4,6,-77.0898,-94.0795,direct,0.0500,32.0000,-83.2256
392.5,node[20],0,4865.3510,2735.0506,1.8950,0.0000,0.0000,1.5418,-831179686#0,-73.1752,0.9349,100.0000,default,21,rsu(297m),2299,83947,0.2626,297,2.0151,4,6,-73.1752,-90.1649,direct,0.0500,32.0000,-83.1126
392.6,node[20],0,4865.3510,2735.0506,1.8950,0.0000,0.0000,1.5418,-831179686#0,-71.5548,4.1995,100.0000,default,20,rsu(297m),2300,83987,0.6456,297,2.0193,6,10,-71.5548,-88.5445,direct,0.0500,32.0000,-83.0886
392.7,node[20],0,4865.3510,2735.0506,1.8950,0.0000,0.0000,1.5418,-831179686#0,-70.5782,5.5592,100.0000,default,20,rsu(297m),2301,84027,0.7824,297,2.0263,7,12,-70.5782,-87.5679,direct,0.0500,32.0000,-83.0164
392.8,node[20],0,4865.3510,2735.0506,1.8950,0.0000,0.0000,1.5418,-831179686#0,-78.3988,0.2032,100.0000,default,20,rsu(297m),2302,84067,0.1981,297,2.0176,4,6,-78.3988,-95.3885,direct,0.0500,32.0000,-82.9415
392.9,node[20],0,4865.3510,2735.0506,1.8950,0.0000,0.0000,1.5418,-831179686#0,-79.8801,-0.5957,100.0000,default,20,rsu(297m),2303,84107,0.1421,297,2.0259,4,6,-79.8801,-96.8698,direct,0.0500,32.0000,-82.8639
393,node[20],0,4865.3510,2735.0506,1.8950,0.0000,0.0000,1.5418,-831179686#0,-78.6824,-0.0726,100.0000,default,20,rsu(297m),2304,84147,0.1771,297,2.0161,4,6,-78.6824,-95.6721,direct,0.0500,32.0000,-82.7833
393.1,node[20],0,4865.3510,2735.0506,1.8950,0.0000,0.0000,1.5418,-831179686#0,-78.8979,-4.6861,100.0000,default,20,rsu(297m),2305,84187,0.0210,297,2.0185,2,2,-78.8979,-95.8876,direct,0.0500,32.0000,-82.6993
393.2,node[20],0,4865.3510,2735.0506,1.8950,0.0000,0.0000,1.5418,-831179686#0,-76.9275,-0.4652,100.0000,default,20,rsu(297m),2306,84227,0.1503,297,2.0218,4,6,-76.9275,-93.9172,direct,0.0500,32.0000,-82.6123
393.3,node[20],0,4865.3510,2735.0506,1.8950,0.0000,0.0000,1.5418,-831179686#0,-80.8193,-5.0000,100.0000,default,20,rsu(297m),2307,84267,0.0180,297,2.0248,2,2,-80.8193,-97.8090,direct,0.0500,32.0000,-82.5218
393.4,node[20],0,4865.3510,2735.0506,1.8950,0.0000,0.0000,1.5418,-831179686#0,-76.5613,1.7599,100.0000,default,20,rsu(297m),2308,84307,0.3498,297,2.0211,5,8,-76.5613,-93.5510,direct,0.0500,32.0000,-82.4277
393.5,node[20],0,4865.3510,2735.0506,1.8950,0.0000,0.0000,1.5418,-831179686#0,-75.5728,0.2033,100.0000,default,20,rsu(297m),2309,84347,0.1981,297,2.0171,4,6,-75.5728,-92.5625,direct,0.0500,32.0000,-82.3300
393.6,node[20],0,4865.3510,2735.0506,1.8950,0.0000,0.0000,1.5418,-831179686#0,-74.3633,0.2018,100.0000,default,20,rsu(297m),2310,84387,0.1980,297,2.0249,4,6,-74.3633,-91.3530,direct,0.0500,32.0000,-82.2292
393.7,node[20],0,4865.3510,2735.0506,1.8950,0.0000,0.0000,1.5418,-831179686#0,-74.6590,0.3631,100.0000,default,20,rsu(297m),2311,84426,0.2111,297,2.0150,4,6,-74.6590,-91.6487,direct,0.0500,31.6000,-82.1258
393.8,node[20],0,4865.3510,2735.0506,1.8950,0.0000,0.0000,1.5418,-831179686#0,-80.8349,-4.9740,100.0000,default,20,rsu(297m),2312,84465,0.0182,297,2.0165,2,2,-80.8349,-97.8246,direct,0.0500,31.6000,-82.0197
393.9,node[20],0,4865.3510,2735.0506,1.8950,0.0000,0.0000,1.5418,-831179686#0,-83.9127,-5.0000,100.0000,default,20,rsu(297m),2313,84504,0.0180,297,2.0211,2,2,-83.9127,-100.9024,direct,0.0500,31.2000,-81.9105
394,node[20],0,4865.3510,2735.0506,1.8950,0.0000,0.0000,1.5418,-831179686#0,-75.5029,1.4838,100.0000,default,20,rsu(297m),2314,84543,0.3191,297,2.0245,5,8,-75.5029,-92.4926,direct,0.0500,31.2000,-81.7987
394.1,node[20],0,4865.3510,2735.0506,1.8950,0.0000,0.0000,1.5418,-831179686#0,-74.7710,-0.7652,100.0000,default,20,rsu(297m),2315,84582,0.1321,297,2.0150,4,6,-74.7710,-91.7607,direct,0.0500,31.2000,-81.6841
394.2,node[20],0,4865.3510,2735.0506,1.8950,0.0000,0.0000,1.5418,-831179686#0,-73.6079,4.2347,100.0000,default,20,rsu(297m),2316,84621,0.6496,297,2.0182,6,10,-73.6079,-90.5976,direct,0.0500,31.2000,-81.5664
394.3,node[20],0,4865.3510,2735.0506,1.8950,0.0000,0.0000,1.5418,-831179686#0,-71.6592,3.9555,100.0000,default,20,rsu(297m),2317,84660,0.6172,297,2.0231,6,10,-71.6592,-88.6489,direct,0.0500,31.2000,-81.4458
394.4,node[20],0,4865.3510,2735.0506,1.8950,0.0000,0.0000,1.5418,-831179686#0,-79.1214,-4.3317,100.0000,default,20,rsu(297m),2318,84699,0.0249,297,2.0197,2,2,-79.1214,-96.1111,direct,0.0500,31.2000,-81.3221
394.5,node[20],0,4865.3510,2735.0506,1.8950,0.0000,0.0000,1.5418,-831179686#0,-75.6928,3.6900,100.0000,default,20,rsu(297m),2319,84738,0.5854,297,2.0162,6,10,-75.6928,-92.6825,direct,0.0500,31.2000,-81.1955
394.6,node[20],0,4865.3510,2735.0506,1.8950,0.0000,0.0000,1.5418,-831179686#0,-75.5197,-0.4702,100.0000,default,20,rsu(297m),2320,84777,0.1499,297,2.0198,4,6,-75.5197,-92.5094,direct,0.0500,31.2000,-81.0655
394.7,node[20],0,4865.3510,2735.0506,1.8950,0.0000,0.0000,1.5418,-831179686#0,-73.6345,3.9200,100.0000,default,20,rsu(297m),2321,84816,0.6130,297,2.0178,6,10,-73.6345,-90.6242,direct,0.0500,31.2000,-80.9325
394.8,node[20],0,4865.3510,2735.0506,1.8950,0.0000,0.0000,1.5418,-831179686#0,-80.9179,-1.7385,100.0000,default,20,rsu(297m),2322,84855,0.0855,297,2.0215,3,4,-80.9179,-97.9076,direct,0.0500,31.2000,-80.7963
394.9,node[20],0,4865.3510,2735.0506,1.8950,0.0000,0.0000,1.5418,-831179686#0,-75.1392,-0.6725,100.0000,default,20,rsu(297m),2323,84894,0.1375,297,2.0177,4,6,-75.1392,-92.1289,direct,0.0500,31.2000,-80.6565
395,node[20],0,4865.3510,2735.0506,1.8950,0.0000,0.0000,1.5418,-831179686#0,-71.3772,6.5545,100.0000,default,20,rsu(297m),2324,84933,0.8554,297,2.0214,7,12,-71.3772,-88.3669,direct,0.0500,31.2000,-80.5132
395.1,node[20],0,4865.3510,2735.0506,1.8950,0.0000,0.0000,1.5418,-831179686#0,-69.1834,9.8346,100.0000,default,20,rsu(297m),2325,84972,0.9682,297,2.0181,9,16,-69.1834,-86.1731,direct,0.0500,31.2000,-80.3668
395.2,node[20],0,4865.3510,2735.0506,1.8950,0.0000,0.0000,1.5418,-831179686#0,-80.6236,-2.8214,100.0000,default,20,rsu(297m),2326,85011,0.0516,297,2.0203,3,4,-80.6236,-97.6133,direct,0.0500,31.2000,-80.2167
395.3,node[20],0,4865.3510,2735.0506,1.8950,0.0000,0.0000,1.5418,-831179686#0,-81.2302,-2.4963,100.0000,default,20,rsu(297m),2327,85050,0.0602,297,2.0172,3,4,-81.2302,-98.2199,direct,0.0500,31.2000,-80.0632
395.4,node[20],0,4865.3510,2735.0506,1.8950,0.0000,0.0000,1.5418,-831179686#0,-81.4762,-5.0000,100.0000,default,20,rsu(297m),2328,85089,0.0180,297,2.0210,2,2,-81.4762,-98.4659,direct,0.0500,31.2000,-79.9065
395.5,node[20],0,4865.3510,2735.0506,1.8950,0.0000,0.0000,1.5418,-831179686#0,-77.5985,-2.1193,100.0000,default,20,rsu(297m),2329,85128,0.0718,297,2.0151,3,4,-77.5985,-94.5882,direct,0.0500,31.2000,-79.7462
395.6,node[20],0,4865.3510,2735.0506,1.8950,0.0000,0.0000,1.5418,-831179686#0,-72.4780,1.3762,100.0000,default,20,rsu(297m),2330,85167,0.3075,297,2.0205,5,8,-72.4780,-89.4677,direct,0.0500,31.2000,-79.5822
395.7,node[20],0,4865.3510,2735.0506,1.8950,0.0000,0.0000,1.5418,-831179686#0,-77.3724,1.3126,100.0000,default,20,rsu(297m),2331,85206,0.3008,297,2.0189,5,8,-77.3724,-94.3621,direct,0.0500,31.2000,-79.4143
395.8,node[20],0,4865.3510,2735.0506,1.8950,0.0000,0.0000,1.5418,-831179686#0,-73.4142,4.0643,100.0000,default,20,rsu(297m),2332,85245,0.6300,297,2.0214,6,10,-73.4142,-90.4039,direct,0.0500,31.2000,-79.2433
395.9,node[20],0,4865.3510,2735.0506,1.8950,0.0000,0.0000,1.5418,-831179686#0,-70.2555,6.1665,100.0000,default,20,rsu(297m),2333,85284,0.8297,297,2.0139,7,12,-70.2555,-87.2452,direct,0.0500,31.2000,-79.0688
396,node[20],0,4865.3510,2735.0506,1.8950,0.0000,0.0000,1.5418,-831179686#0,-75.9471,2.3846,100.0000,default,20,rsu(297m),2334,85323,0.4237,297,2.0209,5,8,-75.9471,-92.9368,direct,0.0500,31.2000,-78.8904
396.1,node[20],0,4865.3510,2735.0506,1.8950,0.0000,0.0000,1.5418,-831179686#0,-75.3376,3.0266,100.0000,default,20,rsu(297m),2335,85362,0.5033,297,2.0251,6,10,-75.3376,-92.3273,direct,0.0500,31.2000,-78.7085
396.2,node[20],0,4865.3510,2735.0506,1.8950,0.0000,0.0000,1.5418,-831179686#0,-70.9083,4.0751,100.0000,default,20,rsu(297m),2336,85401,0.6312,297,2.0177,6,10,-70.9083,-87.8980,direct,0.0500,31.2000,-78.5226
396.3,node[20],0,4865.3510,2735.0506,1.8950,0.0000,0.0000,1.5418,-831179686#0,-74.7116,3.6826,100.0000,default,20,rsu(297m),2337,85440,0.5845,297,2.0149,6,10,-74.7116,-91.7013,direct,0.0500,31.2000,-78.3329
396.4,node[20],0,4865.3510,2735.0506,1.8950,0.0000,0.0000,1.5418,-831179686#0,-77.1101,-2.8005,100.0000,default,20,rsu(297m),2338,85479,0.0521,297,2.0192,3,4,-77.1101,-94.0998,direct,0.0500,31.2000,-78.1400
396.5,node[20],0,4865.3510,2735.0506,1.8950,0.0000,0.0000,1.5418,-831179686#0,-72.9443,4.1298,100.0000,default,20,rsu(297m),2339,85518,0.6376,297,2.0221,6,10,-72.9443,-89.9340,direct,0.0500,31.2000,-77.9435
396.6,node[20],0,4865.3510,2735.0506,1.8950,0.0000,0.0000,1.5418,-831179686#0,-72.8801,3.4572,100.0000,default,20,rsu(297m),2340,85557,0.5569,297,2.0251,6,10,-72.8801,-89.8698,direct,0.0500,31.2000,-77.7427
396.7,node[20],0,4865.3510,2735.0506,1.8950,0.0000,0.0000,1.5418,-831179686#0,-86.6676,-5.0000,100.0000,default,20,rsu(297m),2341,85596,0.0180,297,2.0225,2,2,-86.6676,-103.6573,direct,0.0500,31.2000,-77.5382
396.8,node[20],0,4865.3510,2735.0506,1.8950,0.0000,0.0000,1.5418,-831179686#0,-73.0687,3.0395,100.0000,default,20,rsu(297m),2342,85635,0.5049,297,2.0186,6,10,-73.0687,-90.0584,direct,0.0500,31.2000,-77.3306
396.9,node[20],0,4865.3510,2735.0506,1.8950,0.0000,0.0000,1.5418,-831179686#0,-71.0289,7.4832,100.0000,default,20,rsu(297m),2343,85674,0.9039,297,2.0231,8,14,-71.0289,-88.0186,direct,0.0500,31.2000,-77.1181
397,node[20],0,4865.3510,2735.0506,1.8950,0.0000,0.0000,1.5418,-831179686#0,-75.1127,3.6797,100.0000,default,20,rsu(297m),2344,85713,0.5842,297,2.0263,6,10,-75.1127,-92.1024,direct,0.0500,31.2000,-76.9014
397.1,node[20],0,4865.3510,2735.0506,1.8950,0.0000,0.0000,1.5418,-831179686#0,-72.0240,2.1484,100.0000,default,20,rsu(297m),2345,85752,0.3951,297,2.0179,5,8,-72.0240,-89.0137,direct,0.0500,31.2000,-76.6816
397.2,node[20],0,4865.3510,2735.0506,1.8950,0.0000,0.0000,1.5418,-831179686#0,-78.8118,-1.1623,100.0000,default,20,rsu(297m),2346,85791,0.1109,297,2.0240,3,4,-78.8118,-95.8015,direct,0.0500,31.2000,-76.4576
397.3,node[20],0,4865.3510,2735.0506,1.8950,0.0000,0.0000,1.5418,-831179686#0,-73.2250,2.3904,100.0000,default,20,rsu(297m),2347,85830,0.4244,297,2.0203,5,8,-73.2250,-90.2147,direct,0.0500,31.2000,-76.2301
397.4,node[20],0,4865.3510,2735.0506,1.8950,0.0000,0.0000,1.5418,-831179686#0,-79.5279,-0.8998,100.0000,default,20,rsu(297m),2348,85869,0.1246,297,2.0168,4,6,-79.5279,-96.5176,direct,0.0500,31.2000,-76.0001
397.5,node[20],0,4865.3510,2735.0506,1.8950,0.0000,0.0000,1.5418,-831179686#0,-83.5585,-5.0000,100.0000,default,20,rsu(297m),2349,85908,0.0180,297,2.0203,2,2,-83.5585,-100.5482,direct,0.0500,31.2000,-75.7656
397.6,node[20],0,4865.3510,2735.0506,1.8950,0.0000,0.0000,1.5418,-831179686#0,-76.8684,0.9693,100.0000,default,20,rsu(297m),2350,85947,0.2659,297,2.0252,4,6,-76.8684,-93.8581,direct,0.0500,31.2000,-75.5271
397.7,node[20],0,4865.3510,2735.0506,1.8950,0.0000,0.0000,1.5418,-831179686#0,-78.2194,-2.8295,100.0000,default,20,rsu(297m),2351,85986,0.0514,297,2.0229,3,4,-78.2194,-95.2091,direct,0.0500,31.2000,-75.2859
397.8,node[20],0,4865.3510,2735.0506,1.8950,0.0000,0.0000,1.5418,-831179686#0,-70.5309,3.3726,100.0000,default,20,rsu(297m),2352,86025,0.5464,297,2.0148,6,10,-70.5309,-87.5206,direct,0.0500,31.2000,-75.0405
397.9,node[20],0,4865.3510,2735.0506,1.8950,0.0000,0.0000,1.5418,-831179686#0,-74.8084,-0.8877,100.0000,default,20,rsu(297m),2353,86064,0.1252,297,2.0142,4,6,-74.8084,-91.7981,direct,0.0500,31.2000,-74.7919
398,node[20],0,4865.3510,2735.0506,1.8950,0.0000,0.0000,1.5418,-831179686#0,-80.6037,-3.2037,100.0000,default,20,rsu(297m),2354,86103,0.0430,297,2.0253,2,2,-80.6037,-97.5934,direct,0.0500,31.2000,-74.5399
398.1,node[20],0,4865.3510,2735.0506,1.8950,0.0000,0.0000,1.5418,-831179686#0,-73.2947,0.5490,100.0000,default,20,rsu(297m),2355,86142,0.2270,297,2.0204,4,6,-73.2947,-90.2844,direct,0.0500,31.2000,-74.2839
398.2,node[20],0,4865.3510,2735.0506,1.8950,0.0000,0.0000,1.5418,-831179686#0,-72.0887,2.6968,100.0000,default,20,rsu(297m),2356,86181,0.4622,297,2.0140,5,8,-72.0887,-89.0784,direct,0.0500,31.2000,-74.0243
398.3,node[20],0,4865.3510,2735.0506,1.8950,0.0000,0.0000,1.5418,-831179686#0,-71.1344,5.1117,100.0000,default,20,rsu(297m),2357,86220,0.7419,297,2.0241,7,12,-71.1344,-88.1241,direct,0.0500,31.2000,-73.7634
398.4,node[20],0,4865.3510,2735.0506,1.8950,0.0000,0.0000,1.5418,-831179686#0,-73.6602,5.0599,100.0000,default,20,rsu(297m),2358,86259,0.7369,297,2.0162,7,12,-73.6602,-90.6499,direct,0.0500,31.2000,-73.4988
398.5,node[20],0,4865.3510,2735.0506,1.8950,0.0000,0.0000,1.5418,-831179686#0,-74.6714,0.3753,100.0000,default,20,rsu(297m),2359,86298,0.2121,297,2.0247,4,6,-74.6714,-91.6611,direct,0.0500,31.2000,-73.2313
398.6,node[20],0,4865.3510,2735.0506,1.8950,0.0000,0.0000,1.5418,-831179686#0,-69.5073,9.8236,100.0000,default,19,rsu(297m),2360,86337,0.9681,297,2.0169,9,16,-69.5073,-86.4970,direct,0.0500,31.2000,-72.9666
398.7,node[20],0,4865.3510,2735.0506,1.8950,0.0000,0.0000,1.5418,-831179686#0,-73.1548,4.3591,100.0000,default,19,rsu(297m),2361,86377,0.6636,297,2.0221,6,10,-73.1548,-90.1445,direct,0.0500,31.6000,-72.6927
398.8,node[20],0,4865.3510,2735.0506,1.8950,0.0000,0.0000,1.5418,-831179686#0,-77.2079,-2.2585,100.0000,default,19,rsu(297m),2362,86417,0.0673,297,2.0176,3,4,-77.2079,-94.1976,direct,0.0500,31.6000,-72.4154
398.9,node[20],0,4865.3510,2735.0506,1.8950,0.0000,0.0000,1.5418,-831179686#0,-71.4121,6.8834,100.0000,default,19,rsu(297m),2363,86457,0.8745,297,2.0220,7,12,-71.4121,-88.4018,direct,0.0500,32.0000,-72.1363
399,node[20],0,4865.3510,2735.0506,1.8950,0.0000,0.0000,1.5418,-831179686#0,-70.5372,7.7237,100.0000,default,19,rsu(297m),2364,86497,0.9139,297,2.0264,8,14,-70.5372,-87.5269,direct,0.0500,32.0000,-71.8562
399.1,node[20],0,4865.3510,2735.0506,1.8950,0.0000,0.0000,1.5418,-831179686#0,-74.3462,2.2870,100.0000,default,19,rsu(297m),2365,86537,0.4118,297,2.0191,5,8,-74.3462,-91.3359,direct,0.0500,32.0000,-71.5730
399.2,node[20],0,4865.3518,2735.0247,1.8950,0.2599,2.5988,1.5418,-831179686#0,-74.0855,0.8226,100.0000,default,19,rsu(297m),2366,86577,0.2519,297,2.0192,4,6,-74.0855,-91.0752,direct,0.0500,32.0000,-71.2965
399.3,node[20],0,4865.3532,2734.9745,1.8950,0.5014,2.4156,1.5418,-831179686#0,-71.2991,2.7339,100.0000,default,19,rsu(297m),2367,86617,0.4668,297,2.0247,5,8,-71.2991,-88.2888,direct,0.0500,32.0000,-71.0293
399.4,node[20],0,4865.3553,2734.9020,1.8950,0.7255,2.2402,1.5418,-831179686#0,-84.0230,-5.0000,100.0000,default,19,rsu(297m),2368,86657,0.0180,297,2.0172,2,2,-84.0230,-101.0127,direct,0.0500,32.0000,-70.7695
399.5,node[20],0,4865.3580,2734.8080,1.8950,0.9402,2.1478,1.5418,-831179686#0,-73.9786,5.3920,100.0000,default,19,rsu(297m),2369,86697,0.7678,297,2.0228,7,12,-73.9786,-90.9683,direct,0.0500,32.0000,-70.5155
399.6,node[20],0,4865.3614,2734.6925,1.8950,1.1552,2.1497,1.5418,-831179686#0,-74.0940,4.0334,100.0000,default,19,rsu(297m),2370,86737,0.6264,297,2.0157,6,10,-74.0940,-91.0837,direct,0.0500,32.0000,-70.2700
399.7,node[20],0,4865.3654,2734.5550,1.8950,1.3762,2.2096,1.5418,-831179686#0,-72.3816,6.7128,100.0000,default,19,rsu(297m),2371,86777,0.8649,297,2.0249,7,12,-72.3816,-89.3713,direct,0.0500,32.0000,-70.0328
399.8,node[20],0,4865.3700,2734.3957,1.8950,1.5938,2.1758,1.5418,-831179686#0,-72.3105,5.8417,100.0000,default,19,rsu(297m),2372,86817,0.8055,297,2.0176,7,12,-72.3105,-89.3002,direct,0.0500,32.0000,-69.8050
399.9,node[20],0,4865.3753,2734.2107,1.8950,1.8502,2.5647,1.5418,-831179686#0,-69.9814,5.7126,100.0000,default,19,rsu(297m),2373,86857,0.7952,297,2.0181,7,12,-69.9814,-86.9711,direct,0.0500,32.0000,-69.5874
400,node[20],0,4865.3548,2734.0100,1.8950,2.0794,2.2915,1.5471,:227489843_12,-76.6569,-1.8545,100.0000,default,19,rsu(298m),2374,86897,0.0811,298,2.0238,3,4,-76.6569,-93.6466,direct,0.0500,32.0000,-69.3792
400.1,node[20],0,4865.2317,2733.8150,1.8950,2.3025,2.2313,1.5731,:227489843_12,-80.2513,-4.8526,100.0000,default,19,rsu(298m),2375,86937,0.0193,298,2.0159,2,2,-80.2513,-97.2410,direct,0.0500,32.0000,-69.1656
400.2,node[20],0,4865.0962,2733.6003,1.8950,2.5339,2.3144,1.6022,:227489843_12,-77.1539,-0.4482,100.0000,default,19,rsu(298m),2376,86977,0.1513,298,2.0147,4,6,-77.1539,-94.1436,direct,0.0500,32.0000,-68.9620
400.3,node[20],0,4864.9496,2733.3681,1.8950,2.7407,2.0678,1.6341,:227489843_12,-77.1094,0.8690,100.0000,default,19,rsu(298m),2377,87017,0.2563,298,2.0139,4,6,-77.1094,-94.0991,direct,0.0500,32.0000,-68.7659
400.4,node[20],0,4864.7961,2733.1248,1.8950,2.8712,1.3047,1.6679,:227489843_12,-75.5320,3.1070,100.0000,default,19,rsu(299m),2378,87057,0.5134,299,2.0192,6,10,-75.5320,-92.5217,direct,0.0500,32.0000,-68.5795
400.5,node[20],0,4864.6322,2732.8652,1.8950,3.0646,1.9345,1.7045,:227489843_12,-73.8382,5.3473,100.0000,default,19,rsu(299m),2379,87097,0.7638,299,2.0251,7,12,-73.8382,-90.8279,direct,0.0500,32.0000,-68.4033
400.6,node[20],0,4864.3638,2732.6943,1.8950,3.2233,1.5866,1.7671,:227489843_22,-74.5794,4.3027,100.0000,default,18,rsu(299m),2380,87137,0.6573,299,2.0200,6,10,-74.5794,-91.5691,direct,0.0500,32.0000,-68.1843
400.7,node[20],0,4864.0628,2732.5283,1.8950,3.4330,2.0971,1.8406,:227489843_22,-73.6044,0.9863,100.0000,default,18,rsu(300m),2381,87177,0.2676,300,2.0183,4,6,-73.6044,-90.5941,direct,0.0500,32.0000,-67.9672
400.8,node[20],0,4863.7427,2732.4409,1.8950,3.6181,1.8513,1.9284,:227489843_22,-81.2261,-2.9230,100.0000,default,18,rsu(300m),2382,87217,0.0492,300,2.0248,3,4,-81.2261,-98.2158,direct,0.0500,32.0000,-67.7083
400.9,node[20],0,4863.3987,2732.6023,1.8950,3.7955,1.7738,2.0555,:227489843_22,-78.6865,-1.0485,100.0000,default,18,rsu(300m),2383,87257,0.1167,300,2.0180,3,4,-78.6865,-95.6762,direct,0.0500,32.0000,-67.3198
401,node[20],0,4863.0455,2732.7680,1.8950,3.8962,1.0067,2.2075,:227489843_22,-71.3264,7.3488,100.0000,default,18,rsu(300m),2384,87297,0.8979,300,2.0242,8,14,-71.3264,-88.3161,direct,0.0500,32.0000,-66.9149
401.1,node[20],0,4862.8093,2733.0760,1.8950,3.9111,0.1495,2.3852,:227489843_22,-77.5781,-1.4174,100.0000,default,18,rsu(300m),2385,87337,0.0990,300,2.0234,3,4,-77.5781,-94.5678,direct,0.0500,32.0000,-66.4106
401.2,node[20],0,4862.5840,2733.3925,1.8950,3.8805,-0.3060,2.5951,:227489843_22,-72.6619,6.5534,100.0000,default,18,rsu(299m),2386,87377,0.8553,299,2.0227,7,12,-72.6619,-89.6516,direct,0.0500,32.0000,-65.8768
401.3,node[20],0,4862.3535,2733.7162,1.8950,3.9686,0.8810,2.8320,:227489843_22,-77.1870,-0.5080,100.0000,default,18,rsu(299m),2387,87417,0.1475,299,2.0192,4,6,-77.1870,-94.1767,direct,0.0500,32.0000,-65.3105
401.4,node[20],0,4862.1772,2734.0564,1.8950,3.9532,-0.1545,3.0707,831179686#0,-71.6062,3.5819,100.0000,default,18,rsu(299m),2388,87457,0.5722,299,2.0179,6,10,-71.6062,-88.5959,direct,0.0500,32.0000,-64.6970
401.5,node[20],0,4862.1653,2734.4683,1.8950,4.1211,1.6795,-2.9610,831179686#0,-75.5591,3.1638,100.0000,default,18,rsu(299m),2389,87497,0.5205,299,2.0173,6,10,-75.5591,-92.5488,direct,0.0500,32.0000,-63.9543
401.6,node[20],0,4862.1528,2734.8997,1.8950,4.3168,1.9565,-2.7013,831179686#0,-72.1766,7.1224,100.0000,default,19,rsu(298m),2390,87537,0.8871,298,2.0140,8,14,-72.1766,-89.1663,direct,0.0500,32.0000,-63.1135
401.7,node[20],0,4862.1399,2735.3455,1.8950,4.4600,1.4319,-2.4556,831179686#0,-78.5861,-3.9216,100.0000,default,19,rsu(298m),2391,87577,0.0304,298,2.0230,2,2,-78.5861,-95.5758,direct,0.0500,32.0000,-62.1548
401.8,node[20],0,4862.1264,2735.8099,1.8950,4.6472,1.8727,-2.2450,831179686#0,-76.7451,2.2478,100.0000,default,19,rsu(298m),2392,87617,0.4071,298,2.0231,5,8,-76.7451,-93.7348,direct,0.0500,32.0000,-61.0572
401.9,node[20],0,4862.1125,2736.2906,1.8950,4.8098,1.6254,-2.0637,831179686#0,-76.0032,2.4381,100.0000,default,19,rsu(297m),2393,87657,0.4302,297,2.0227,5,8,-76.0032,-92.9929,direct,0.0500,32.0000,-59.7958
402,node[20],0,4862.0981,2736.7860,1.8950,4.9560,1.4619,-1.9218,831179686#0,-87.8451,-5.0000,100.0000,default,19,rsu(297m),2394,87697,0.0180,297,2.0198,2,2,-87.8451,-104.8348,direct,0.0500,32.0000,-58.3751
402.1,node[20],0,4862.0831,2737.3040,1.8950,5.1834,2.2746,-1.8100,831179686#0,-71.1102,7.6169,100.0000,default,19,rsu(296m),2395,87737,0.9096,296,2.0175,8,14,-71.1102,-88.0999,direct,0.0500,32.0000,-56.8454
402.2,node[20],0,4862.0676,2737.8408,1.8950,5.3712,1.8781,-1.7283,831179686#0,-71.3892,6.5117,100.0000,default,19,rsu(296m),2396,87777,0.8527,296,2.0143,7,12,-71.3892,-88.3789,direct,0.0500,32.0000,-55.5016
402.3,node[20],0,4862.0513,2738.4025,1.8950,5.6195,2.4825,-1.6627,831179686#0,-77.0507,1.0631,100.0000,default,19,rsu(295m),2397,87817,0.2752,295,2.0251,5,8,-77.0507,-94.0404,direct,0.0500,32.0000,-54.8317
402.4,node[20],0,4862.0344,2738.9869,1.8950,5.8471,2.2763,-1.5998,831179686#0,-79.3541,-0.1104,100.0000,default,19,rsu(295m),2398,87857,0.1743,295,2.0165,4,6,-79.3541,-96.3438,direct,0.0500,32.0000,-55.1562
402.5,node[20],0,4862.0167,2739.5951,1.8950,6.0858,2.3863,-1.5998,831179686#0,-80.4442,-2.2589,100.0000,default,19,rsu(294m),2399,87897,0.0673,294,2.0144,3,4,-80.4442,-97.4339,direct,0.0500,32.0000,-56.2126
402.6,node[20],0,4861.9984,2740.2278,1.8950,6.3300,2.4428,-1.5998,831179686#0,-79.2160,-0.7335,100.0000,default,19,rsu(294m),2400,87937,0.1339,294,2.0253,4,6,-79.2160,-96.2057,direct,0.0500,32.0000,-57.4910
402.7,node[20],0,4861.9793,2740.8860,1.8950,6.5865,2.5644,-1.5998,831179686#0,-76.3807,-0.5691,100.0000,default,19,rsu(293m),2401,87977,0.1437,293,2.0234,4,6,-76.3807,-93.3704,direct,0.0500,32.0000,-58.6644
402.8,node[20],0,4861.9596,2741.5668,1.8950,6.8119,2.2537,-1.5998,831179686#0,-73.7382,0.0667,100.0000,default,19,rsu(292m),2402,88017,0.1875,292,2.0186,4,6,-73.7382,-90.7279,direct,0.0500,32.0000,-59.5851
402.9,node[20],0,4861.9394,2742.2649,1.8950,6.9841,1.7228,-1.5998,831179686#0,-76.0506,0.9656,100.0000,default,19,rsu(292m),2403,88057,0.2656,292,2.0162,4,6,-76.0506,-93.0403,direct,0.0500,32.0000,-60.1881
403,node[20],0,4861.9188,2742.9766,1.8950,7.1212,1.3710,-1.5998,831179686#0,-76.6841,-1.0176,100.0000,default,19,rsu(291m),2404,88097,0.1183,291,2.0144,3,4,-76.6841,-93.6738,direct,0.0500,32.0000,-60.4405
403.1,node[20],0,4861.8976,2743.7075,1.8950,7.3127,1.9149,-1.5998,831179686#0,-74.5865,0.6646,100.0000,default,19,rsu(291m),2405,88137,0.2373,291,2.0261,4,6,-74.5865,-91.5762,direct,0.0500,32.0000,-60.3187
403.2,node[20],0,4861.8757,2744.4636,1.8950,7.5657,2.5299,-1.5998,831179686#0,-73.8301,4.9486,100.0000,default,19,rsu(290m),2406,88177,0.7260,290,2.0230,6,10,-73.8301,-90.8198,direct,0.0500,32.0000,-59.8119
403.3,node[20],0,4861.8534,2745.2333,1.8950,7.7012,1.3548,-1.5998,831179686#0,-78.5826,-4.6959,100.0000,default,19,rsu(289m),2407,88217,0.0209,289,2.0238,2,2,-78.5826,-95.5723,direct,0.0500,32.0000,-58.9206
403.4,node[20],0,4861.8306,2746.0184,1.8950,7.8553,1.5414,-1.5998,831179686#0,-78.9697,-0.9304,100.0000,default,19,rsu(289m),2408,88257,0.1229,289,2.0224,4,6,-78.9697,-95.9594,direct,0.0500,32.0000,-57.6871
403.5,node[20],0,4861.8072,2746.8278,1.8950,8.0979,2.4252,-1.5998,831179686#0,-80.7672,-2.6803,100.0000,default,19,rsu(288m),2409,88297,0.0552,288,2.0232,3,4,-80.7672,-97.7569,direct,0.0500,32.0000,-56.2485
403.6,node[20],0,4861.7832,2747.6546,1.8950,8.2733,1.7548,-1.5998,831179686#0,-71.2263,2.6236,100.0000,default,19,rsu(287m),2410,88337,0.4531,287,2.0161,5,8,-71.2263,-88.2160,direct,0.0500,32.0000,-55.0487
403.7,node[20],0,4861.7587,2748.5005,1.8950,8.4633,1.8998,-1.5998,831179686#0,-76.8116,0.0676,100.0000,default,19,rsu(286m),2411,88377,0.1875,286,2.0220,4,6,-76.8116,-93.8013,direct,0.0500,32.0000,-54.7627
403.8,node[20],0,4861.7336,2749.3681,1.8950,8.6812,2.1785,-1.5998,831179686#0,-84.9618,-5.0000,100.0000,default,19,rsu(286m),2412,88417,0.0180,286,2.0174,2,2,-84.9618,-101.9515,direct,0.0500,32.0000,-55.6427
403.9,node[20],0,4861.7080,2750.2527,1.8950,8.8511,1.6992,-1.5998,831179686#0,-79.2226,-1.2541,100.0000,default,19,rsu(285m),2413,88457,0.1065,285,2.0160,3,4,-79.2226,-96.2123,direct,0.0500,32.0000,-57.1586
404,node[20],0,4861.6816,2751.1619,1.8950,9.0970,2.4590,-1.5998,831179686#0,-73.5692,3.4257,100.0000,default,19,rsu(284m),2414,88497,0.5530,284,2.0220,6,10,-73.5692,-90.5589,direct,0.0500,32.0000,-58.7667
404.1,node[20],0,4861.6545,2752.0970,1.8950,9.3563,2.5928,-1.5998,831179686#0,-74.8115,1.4734,100.0000,default,19,rsu(283m),2415,88537,0.3179,283,2.0147,5,8,-74.8115,-91.8012,direct,0.0500,32.0000,-60.2388
404.2,node[20],0,4861.6269,2753.0522,1.8950,9.5565,2.0025,-1.5998,831179686#0,-79.2736,-5.0000,100.0000,default,19,rsu(283m),2416,88577,0.0180,283,2.0163,2,2,-79.2736,-96.2633,direct,0.0500,32.0000,-61.5429
404.3,node[20],0,4861.5986,2754.0269,1.8950,9.7525,1.9594,-1.5998,831179686#0,-68.2325,8.2686,100.0000,default,19,rsu(282m),2417,88617,0.9330,282,2.0245,8,14,-68.2325,-85.2222,direct,0.0500,32.0000,-62.6762
404.4,node[20],0,4861.5697,2755.0248,1.8950,9.9851,2.3268,-1.5998,831179686#0,-74.5537,2.7974,100.0000,default,19,rsu(281m),2418,88657,0.4747,281,2.0238,5,8,-74.5537,-91.5434,direct,0.0500,32.0000,-63.6786
404.5,node[20],0,4861.5403,2756.0415,1.8950,10.1722,1.8711,-1.5998,831179686#0,-78.2605,0.7873,100.0000,default,19,rsu(280m),2419,88697,0.2486,280,2.0231,4,6,-78.2605,-95.2502,direct,0.0500,32.0000,-64.5629
404.6,node[20],0,4861.5104,2757.0729,1.8950,10.3198,1.4756,-1.5998,831179686#0,-85.7670,-5.0000,100.0000,default,19,rsu(279m),2420,88736,0.0180,279,2.0197,2,2,-85.7670,-102.7567,direct,0.0500,32.0000,-65.3506
404.7,node[20],0,4861.4801,2758.1186,1.8950,10.4625,1.4265,-1.5998,831179686#0,-74.4521,3.5022,100.0000,default,19,rsu(278m),2421,88775,0.5625,278,2.0262,6,10,-74.4521,-91.4418,direct,0.0500,31.2000,-66.0615
404.8,node[20],0,4861.4492,2759.1858,1.8950,10.6778,2.1537,-1.5998,831179686#0,-76.3063,2.8939,100.0000,default,19,rsu(277m),2422,88814,0.4867,277,2.0219,5,8,-76.3063,-93.2960,direct,0.0500,31.2000,-66.7094
404.9,node[20],0,4861.4178,2760.2688,1.8950,10.8368,1.5895,-1.5998,831179686#0,-84.3669,-5.0000,100.0000,default,19,rsu(276m),2423,88853,0.0180,276,2.0178,2,2,-84.3669,-101.3566,direct,0.0500,31.2000,-67.3025
405,node[20],0,4861.3858,2761.3737,1.8950,11.0549,2.1816,-1.5998,831179686#0,-72.2380,5.0706,100.0000,default,19,rsu(275m),2424,88892,0.7379,275,2.0176,7,12,-72.2380,-89.2277,direct,0.0500,31.2000,-67.8508
405.1,node[20],0,4861.3533,2762.4960,1.8950,11.2289,1.7394,-1.5998,831179686#0,-75.3842,-0.3395,100.0000,default,19,rsu(275m),2425,88931,0.1585,275,2.0159,4,6,-75.3842,-92.3739,direct,0.0500,31.2000,-68.3563
405.2,node[20],0,4861.3200,2763.6421,1.8950,11.4673,2.3846,-1.5998,831179686#0,-80.2395,-1.8819,100.0000,default,19,rsu(274m),2426,88970,0.0801,274,2.0179,3,4,-80.2395,-97.2292,direct,0.0500,31.2000,-68.8266
405.3,node[20],0,4861.2863,2764.8085,1.8950,11.6710,2.0365,-1.5998,831179686#0,-79.1404,-1.3065,100.0000,default,19,rsu(273m),2427,89009,0.1040,273,2.0175,3,4,-79.1404,-96.1301,direct,0.0500,31.2000,-69.2649
405.4,node[20],0,4861.2518,2765.9987,1.8950,11.9080,2.3701,-1.5998,831179686#0,-73.7801,1.1549,100.0000,default,19,rsu(272m),2428,89048,0.2844,272,2.0263,5,8,-73.7801,-90.7698,direct,0.0500,31.2000,-69.6746
405.5,node[20],0,4861.2166,2767.2118,1.8950,12.1374,2.2944,-1.5998,831179686#0,-74.1783,4.6796,100.0000,default,19,rsu(271m),2429,89087,0.6984,271,2.0225,6,10,-74.1783,-91.1680,direct,0.0500,31.2000,-70.0563
405.6,node[20],0,4861.1811,2768.4385,1.8950,12.2746,1.3720,-1.5998,831179686#0,-77.4922,0.7205,100.0000,default,19,rsu(269m),2430,89126,0.2424,269,2.0212,4,6,-77.4922,-94.4819,direct,0.0500,31.2000,-70.4080
405.7,node[20],0,4861.1451,2769.6791,1.8950,12.4128,1.3818,-1.5998,831179686#0,-76.0022,2.2676,100.0000,default,19,rsu(268m),2431,89165,0.4095,268,2.0204,5,8,-76.0022,-92.9919,direct,0.0500,31.2000,-70.7306
405.8,node[20],0,4861.1087,2770.9383,1.8950,12.5984,1.8557,-1.5998,831179686#0,-73.6009,3.4075,100.0000,default,19,rsu(267m),2432,89204,0.5508,267,2.0175,6,10,-73.6009,-90.5906,direct,0.0500,31.2000,-71.0245
405.9,node[20],0,4861.0716,2772.2169,1.8950,12.7936,1.9522,-1.5998,831179686#0,-70.9248,6.3366,100.0000,default,19,rsu(266m),2433,89243,0.8414,266,2.0186,7,12,-70.9248,-87.9145,direct,0.0500,31.2000,-71.2903
406,node[20],0,4861.0340,2773.5145,1.8950,12.9828,1.8922,-1.5998,831179686#0,-71.3388,5.8397,100.0000,default,19,rsu(265m),2434,89282,0.8053,265,2.0211,7,12,-71.3388,-88.3285,direct,0.0500,31.2000,-71.5250
406.1,node[20],0,4860.9958,2774.8332,1.8950,13.1947,2.1192,-1.5998,831179686#0,-68.8307,9.4957,100.0000,default,19,rsu(264m),2435,89321,0.9626,264,2.0217,9,16,-68.8307,-85.8204,direct,0.0500,31.2000,-71.7257
406.2,node[20],0,4860.9572,2776.1668,1.8950,13.3432,1.4849,-1.5998,831179686#0,-76.5688,-0.6873,100.0000,default,19,rsu(263m),2436,89361,0.1366,263,2.0159,4,6,-76.5688,-93.5585,direct,0.0500,31.2000,-71.8883
406.3,node[20],0,4860.9181,2777.5156,1.8950,13.4948,1.5158,-1.5998,831179686#0,-74.6347,4.3743,100.0000,default,19,rsu(262m),2437,89401,0.6653,262,2.0212,6,10,-74.6347,-91.6244,direct,0.0500,32.0000,-72.0069
406.4,node[20],0,4860.8784,2778.8871,1.8950,13.7231,2.2824,-1.5998,831179686#0,-71.4804,4.9166,100.0000,default,19,rsu(261m),2438,89441,0.7228,261,2.0188,6,10,-71.4804,-88.4701,direct,0.0500,32.0000,-72.0758
406.5,node[20],0,4860.8381,2780.2770,1.8950,13.9068,1.8373,-1.5998,831179686#0,-68.4128,8.8327,100.0000,default,19,rsu(260m),2439,89481,0.9486,260,2.0165,8,14,-68.4128,-85.4025,direct,0.0500,32.0000,-72.0847
406.6,node[20],0,4860.7972,2781.6870,1.8950,14.1075,2.0071,-1.5998,831179686#0,-73.3354,3.0259,100.0000,default,19,rsu(258m),2440,89521,0.5032,258,2.0182,6,10,-73.3354,-90.3251,direct,0.0500,32.0000,-72.0213
406.7,node[20],0,4860.7557,2783.1201,1.8950,14.3390,2.3154,-1.5998,831179686#0,-70.6031,7.2216,100.0000,default,19,rsu(257m),2441,89561,0.8919,257,2.0177,8,14,-70.6031,-87.5928,direct,0.0500,32.0000,-71.8705
406.8,node[20],0,4860.7136,2784.5744,1.8950,14.5513,2.1230,-1.5998,831179686#0,-73.8294,5.2921,100.0000,default,19,rsu(256m),2442,89602,0.7588,256,2.0205,7,12,-73.8294,-90.8191,direct,0.0500,32.0000,-71.6099
406.9,node[20],0,4860.6711,2786.0426,1.8950,14.6903,1.3896,-1.5998,831179686#0,-76.7705,1.3306,100.0000,default,19,rsu(255m),2443,89642,0.3026,255,2.0156,5,8,-76.7705,-93.7602,direct,0.0500,32.4000,-71.2153
407,node[20],0,4860.6280,2787.5283,1.8950,14.8651,1.7476,-1.5998,831179686#0,-76.0554,-2.2351,100.0000,default,19,rsu(254m),2444,89682,0.0680,254,2.0152,3,4,-76.0554,-93.0451,direct,0.0500,32.4000,-70.6499
407.1,node[20],0,4860.5847,2789.0344,1.8950,15.0639,1.9880,-1.5997,:8595603474_1,-74.8578,2.1018,100.0000,default,19,rsu(252m),2445,89722,0.3896,252,2.0235,5,8,-74.8578,-91.8475,direct,0.0500,32.0000,-69.8679
407.2,node[20],0,4860.5410,2790.5627,1.8950,15.2832,2.1938,-1.5996,:8595603474_1,-81.8626,-5.0000,100.0000,default,19,rsu(251m),2446,89763,0.0180,251,2.0245,2,2,-81.8626,-98.8523,direct,0.0500,32.0000,-68.8083
407.3,node[20],0,4860.4968,2792.1098,1.8950,15.4712,1.8798,-1.5995,:8595603474_1,-70.7768,6.5160,100.0000,default,19,rsu(250m),2447,89803,0.8530,250,2.0219,7,12,-70.7768,-87.7665,direct,0.0500,32.4000,-67.3776
407.4,node[20],0,4860.4518,2793.6811,1.8950,15.7131,2.4189,-1.5994,:8595603474_1,-71.4184,4.7268,100.0000,default,19,rsu(249m),2448,89843,0.7034,249,2.0240,6,10,-71.4184,-88.4081,direct,0.0500,32.4000,-65.4289
407.5,node[20],0,4860.4064,2795.2680,1.8950,15.8686,1.5548,-1.5994,:8595603474_1,-74.3095,-0.3461,100.0000,default,19,rsu(247m),2449,89882,0.1580,247,2.0197,4,6,-74.3095,-91.2992,direct,0.0500,31.6000,-62.7214
407.6,node[20],0,4860.3606,2796.8719,1.8950,16.0396,1.7107,-1.5994,:8595603474_1,-75.6102,3.3184,100.0000,default,19,rsu(246m),2450,89922,0.5397,246,2.0197,6,10,-75.6102,-92.5999,direct,0.0500,31.6000,-58.9175
407.7,node[20],0,4860.3141,2798.4959,1.8950,16.2395,1.9990,-1.5994,:8595603474_1,-80.2058,-5.0000,100.0000,default,19,rsu(245m),2451,89963,0.0180,245,2.0243,2,2,-80.2058,-97.1955,direct,0.0500,32.4000,-55.0741
407.8,node[20],0,4860.2667,2800.1424,1.8950,16.4700,2.3041,-1.5995,831179686#1,-83.3629,-5.0000,100.0000,default,19,rsu(243m),2452,90003,0.0180,243,2.0226,2,2,-83.3629,-100.3526,direct,0.0500,32.4000,-57.3061
407.9,node[20],0,4860.2185,2801.8078,1.8950,16.6626,1.9260,-1.5996,831179686#1,-74.6617,2.3925,100.0000,default,19,rsu(242m),2453,90044,0.4246,242,2.0255,5,8,-74.6617,-91.6514,direct,0.0500,32.4000,-61.4739
408,node[20],0,4860.1699,2803.4878,1.8950,16.8073,1.4479,-1.5997,831179686#1,-74.9774,-0.3123,100.0000,default,19,rsu(241m),2454,90084,0.1603,241,2.0224,4,6,-74.9774,-91.9671,direct,0.0500,32.4000,-64.5329
408.1,node[20],0,4860.1207,2805.1870,1.8950,16.9996,1.9225,-1.5997,831179686#1,-73.3745,5.1163,100.0000,default,19,rsu(239m),2455,90124,0.7423,239,2.0182,7,12,-73.3745,-90.3642,direct,0.0500,32.0000,-66.7629
408.2,node[20],0,4860.0711,2806.9036,1.8950,17.1737,1.7414,-1.5997,831179686#1,-70.2818,5.3316,100.0000,default,19,rsu(238m),2456,90164,0.7624,238,2.0145,7,12,-70.2818,-87.2715,direct,0.0500,32.0000,-68.4618
408.3,node[20],0,4860.0208,2808.6402,1.8950,17.3739,2.0022,-1.5997,831179686#1,-76.7246,0.7642,100.0000,default,19,rsu(237m),2457,90206,0.2464,237,2.0187,4,6,-76.7246,-93.7143,direct,0.0500,32.8000,-69.8001
408.4,node[20],0,4859.9701,2810.3920,1.8950,17.5263,1.5236,-1.5997,831179686#1,-73.6968,4.7523,100.0000,default,19,rsu(235m),2458,90248,0.7060,235,2.0230,6,10,-73.6968,-90.6865,direct,0.0500,32.8000,-70.8881
408.5,node[20],0,4859.9187,2812.1686,1.8950,17.7742,2.4790,-1.5997,831179686#1,-86.8618,-5.0000,100.0000,default,19,rsu(234m),2459,90288,0.0180,234,2.0195,2,2,-86.8618,-103.8515,direct,0.0500,32.8000,-71.7886
408.6,node[20],0,4859.8670,2813.9588,1.8950,17.9100,1.3578,-1.5997,831179686#1,-72.3931,3.5704,100.0000,default,19,rsu(232m),2460,90329,0.5708,232,2.0225,6,10,-72.3931,-89.3828,direct,0.0500,32.8000,-72.5476
408.7,node[20],0,4859.8147,2815.7669,1.8950,18.0893,1.7932,-1.5997,831179686#1,-70.7947,8.5063,100.0000,default,19,rsu(231m),2461,90370,0.9401,231,2.0141,8,14,-70.7947,-87.7844,direct,0.0500,32.8000,-73.1975
408.8,node[20],0,4859.7618,2817.5948,1.8950,18.2875,1.9814,-1.5997,831179686#1,-72.2241,6.7948,100.0000,default,19,rsu(230m),2462,90412,0.8696,230,2.0193,7,12,-72.2241,-89.2138,direct,0.0500,32.8000,-73.7600
408.9,node[20],0,4859.7085,2819.4379,1.8950,18.4385,1.5107,-1.5997,831179686#1,-73.6638,2.3427,100.0000,default,19,rsu(228m),2463,90453,0.4186,228,2.0205,5,8,-73.6638,-90.6535,direct,0.0500,33.2000,-74.2522
409,node[20],0,4859.6546,2821.3010,1.8950,18.6399,2.0138,-1.5997,831179686#1,-95.1427,-5.0000,100.0000,default,19,rsu(227m),2464,90495,0.0180,227,2.0231,2,2,-95.1427,-112.1324,direct,0.0500,33.2000,-74.6886
409.1,node[20],0,4859.5999,2823.1900,1.8950,18.8989,2.5901,-1.5997,831179686#1,-72.0207,5.1230,100.0000,default,19,rsu(225m),2465,90536,0.7430,225,2.0261,7,12,-72.0207,-89.0104,direct,0.0500,33.2000,-75.0788
409.2,node[20],0,4859.5447,2825.0994,1.8950,19.1022,2.0330,-1.5997,831179686#1,-85.6135,-5.0000,100.0000,default,19,rsu(224m),2466,90579,0.0180,224,2.0177,2,2,-85.6135,-102.6032,direct,0.0500,33.2000,-75.4305
409.3,node[20],0,4859.4890,2827.0242,1.8950,19.2566,1.5434,-1.5997,831179686#1,-77.2311,0.4292,100.0000,default,19,rsu(222m),2467,90621,0.2166,222,2.0226,4,6,-77.2311,-94.2208,direct,0.0500,34.0000,-75.7483
409.4,node[20],0,4859.4329,2828.9623,1.8950,19.3907,1.3414,-1.5997,831179686#1,-69.9624,5.4630,100.0000,default,19,rsu(221m),2468,90662,0.7741,221,2.0261,7,12,-69.9624,-86.9521,direct,0.0500,34.0000,-76.0375
409.5,node[20],0,4859.3765,2830.9137,1.8950,19.5220,1.3133,-1.5997,831179686#1,-67.1249,10.0148,100.0000,default,19,rsu(219m),2469,90705,0.9709,219,2.0211,9,16,-67.1249,-84.1146,direct,0.0500,33.6000,-76.3024
409.6,node[20],0,4859.3193,2832.8893,1.8950,19.7658,2.4372,-1.5997,831179686#1,-74.0882,4.3110,100.0000,default,19,rsu(218m),2470,90748,0.6582,218,2.0196,6,10,-74.0882,-91.0779,direct,0.0500,33.6000,-76.5473
409.7,node[20],0,4859.2617,2834.8815,1.8950,19.9302,1.6446,-1.5997,831179686#1,-68.2258,10.7357,100.0000,default,19,rsu(216m),2471,90792,0.9795,216,2.0231,9,16,-68.2258,-85.2155,direct,0.0500,34.8000,-76.7743
409.8,node[20],0,4859.2034,2836.8954,1.8950,20.1484,2.1816,-1.5997,831179686#1,-74.2130,1.2170,100.0000,default,19,rsu(215m),2472,90837,0.2908,215,2.0264,5,8,-74.2130,-91.2027,direct,0.0500,34.8000,-76.9857
409.9,node[20],0,4859.1448,2838.9233,1.8950,20.2890,1.4059,-1.5997,831179686#1,-76.2430,0.5814,100.0000,default,19,rsu(213m),2473,90881,0.2298,213,2.0233,4,6,-76.2430,-93.2327,direct,0.0500,35.6000,-77.1826
410,node[20],0,4859.0857,2840.9663,1.8950,20.4387,1.4978,-1.5997,831179686#1,-83.0229,-4.1124,100.0000,default,19,rsu(212m),2474,90925,0.0278,212,2.0144,2,2,-83.0229,-100.0126,direct,0.0500,35.6000,-77.3674
410.1,node[20],0,4859.0257,2843.0329,1.8950,20.6747,2.3600,-1.5997,:8595603520_1,-81.2984,-4.3512,100.0000,default,19,rsu(210m),2475,90970,0.0247,210,2.0259,2,2,-81.2984,-98.2881,direct,0.0500,35.6000,-77.5417
410.2,node[20],0,4858.9636,2845.1203,1.8950,20.8743,1.9956,-1.6001,:8595603520_1,-76.3225,2.4960,100.0000,default,19,rsu(209m),2476,91015,0.4373,209,2.0161,5,8,-76.3225,-93.3122,direct,0.0500,35.6000,-77.7068
410.3,node[20],0,4858.9009,2847.2249,1.8950,21.0462,1.7188,-1.6005,:8595603520_1,-76.1754,-2.1102,100.0000,default,19,rsu(207m),2477,91060,0.0721,207,2.0198,3,4,-76.1754,-93.1651,direct,0.0500,36.0000,-77.8633
410.4,node[20],0,4858.8376,2849.3500,1.8950,21.2510,2.0478,-1.6006,:8595603520_1,-75.7619,3.0451,100.0000,default,19,rsu(206m),2478,91105,0.5056,206,2.0239,6,10,-75.7619,-92.7516,direct,0.0500,36.0000,-78.0126
410.5,node[20],0,4858.7739,2851.4887,1.8950,21.3862,1.3523,-1.6006,:8595603520_1,-71.9343,6.2662,100.0000,default,19,rsu(204m),2479,91151,0.8366,204,2.0169,7,12,-71.9343,-88.9240,direct,0.0500,36.4000,-78.1544
410.6,node[20],0,4858.7112,2853.6448,1.8950,21.5674,1.8116,-1.6003,831179686#2,-69.6545,7.0965,100.0000,default,19,rsu(203m),2480,91197,0.8858,203,2.0230,8,14,-69.6545,-86.6442,direct,0.0500,36.4000,-78.2904
410.7,node[20],0,4858.6490,2855.8190,1.8950,21.7510,1.8366,-1.5998,831179686#2,-70.7815,7.4559,100.0000,default,19,rsu(201m),2481,91242,0.9027,201,2.0218,8,14,-70.7815,-87.7712,direct,0.0500,36.4000,-78.4209
410.8,node[20],0,4858.5864,2858.0075,1.8950,21.8934,1.4240,-1.5994,831179686#2,-67.9553,10.8141,100.0000,default,19,rsu(200m),2482,91288,0.9803,200,2.0186,9,16,-67.9553,-84.9450,direct,0.0500,36.4000,-78.5462
410.9,node[20],0,4858.5230,2860.2212,1.8950,22.1462,2.5275,-1.5994,831179686#2,-73.3810,5.1981,100.0000,default,19,rsu(198m),2483,91333,0.7501,198,2.0236,7,12,-73.3810,-90.3707,direct,0.0500,36.4000,-78.6678
411,node[20],0,4858.4592,2862.4513,1.8950,22.3103,1.6412,-1.5994,831179686#2,-69.1695,9.2439,100.0000,default,19,rsu(197m),2484,91379,0.9578,197,2.0269,9,16,-69.1695,-86.1592,direct,0.0500,36.4000,-78.7851
411.1,node[20],0,4858.3949,2864.6994,1.8950,22.4903,1.8000,-1.5994,831179686#2,-73.0263,2.5495,100.0000,default,19,rsu(195m),2485,91425,0.4439,195,2.0148,5,8,-73.0263,-90.0160,direct,0.0500,36.8000,-78.8989
411.2,node[20],0,4858.3300,2866.9663,1.8950,22.6789,1.8859,-1.5994,831179686#2,-71.8747,3.1542,100.0000,default,19,rsu(194m),2486,91470,0.5193,194,2.0211,6,10,-71.8747,-88.8644,direct,0.0500,36.8000,-79.0094
411.3,node[20],0,4858.2645,2869.2547,1.8950,22.8929,2.1401,-1.5994,831179686#2,-74.6459,-0.2224,100.0000,default,19,rsu(192m),2487,91516,0.1664,192,2.0149,4,6,-74.6459,-91.6356,direct,0.0500,36.4000,-79.1171
411.4,node[20],0,4858.1985,2871.5611,1.8950,23.0741,1.8117,-1.5994,831179686#2,-68.7715,10.1301,100.0000,default,19,rsu(191m),2488,91562,0.9725,191,2.0224,9,16,-68.7715,-85.7612,direct,0.0500,36.4000,-79.2220
411.5,node[20],0,4858.1318,2873.8918,1.8950,23.3170,2.4292,-1.5994,831179686#2,-66.3502,12.8261,100.0000,default,19,rsu(189m),2489,91608,0.9927,189,2.0170,10,18,-66.3502,-83.3399,direct,0.0500,36.8000,-79.3247
411.6,node[20],0,4858.0645,2876.2418,1.8950,23.5099,1.9287,-1.5994,831179686#2,-84.7111,-5.0000,100.0000,default,19,rsu(188m),2490,91654,0.0180,188,2.0254,2,2,-84.7111,-101.7008,direct,0.0500,36.8000,-79.4249
411.7,node[20],0,4857.9965,2878.6120,1.8950,23.7025,1.9261,-1.5995,:8595603468_0,-69.4403,6.2100,100.0000,default,19,rsu(186m),2491,91699,0.8327,186,2.0223,7,12,-69.4403,-86.4300,direct,0.0500,36.4000,-79.5230
411.8,node[20],0,4857.9279,2880.9992,1.8950,23.8717,1.6926,-1.5995,:8595603468_0,-71.8469,6.8938,100.0000,default,19,rsu(185m),2492,91744,0.8751,185,2.0224,7,12,-71.8469,-88.8366,direct,0.0500,36.4000,-79.6190
411.9,node[20],0,4857.8588,2883.4043,1.8950,24.0514,1.7968,-1.5995,:8595603468_0,-76.6823,-2.7661,100.0000,default,19,rsu(183m),2493,91789,0.0530,183,2.0230,3,4,-76.6823,-93.6720,direct,0.0500,36.0000,-79.7127
412,node[20],0,4857.7893,2885.8233,1.8950,24.1902,1.3881,-1.5995,831179686#3,-67.5025,7.6324,100.0000,default,19,rsu(182m),2494,91835,0.9102,182,2.0154,8,14,-67.5025,-84.4922,direct,0.0500,36.0000,-79.8044
412.1,node[20],0,4857.7179,2888.2572,1.8950,24.3614,1.7116,-1.5998,831179686#3,-67.0430,8.7390,100.0000,default,19,rsu(180m),2495,91882,0.9463,180,2.0205,8,14,-67.0430,-84.0327,direct,0.0500,37.2000,-79.8941
412.2,node[20],0,4857.6461,2890.7076,1.8950,24.5270,1.6565,-1.6001,831179686#3,-64.5202,14.3421,100.0000,default,19,rsu(179m),2496,91929,0.9966,179,2.0151,11,20,-64.5202,-81.5099,direct,0.0500,37.2000,-79.9818
412.3,node[20],0,4857.5736,2893.1778,1.8950,24.7258,1.9876,-1.6001,831179686#3,-69.2913,8.2546,100.0000,default,19,rsu(178m),2497,91975,0.9326,178,2.0271,8,14,-69.2913,-86.2810,direct,0.0500,37.2000,-80.0677
412.4,node[20],0,4857.5005,2895.6709,1.8950,24.9550,2.2921,-1.6001,831179686#3,-75.1348,2.2118,100.0000,default,19,rsu(176m),2498,92022,0.4027,176,2.0212,5,8,-75.1348,-92.1245,direct,0.0500,37.2000,-80.1518
412.5,node[20],0,4857.4277,2898.1903,1.8950,25.2004,2.4538,-1.5999,:8595603464_0,-72.0344,4.6728,100.0000,default,19,rsu(175m),2499,92068,0.6977,175,2.0224,6,10,-72.0344,-89.0241,direct,0.0500,37.2000,-80.2344
412.6,node[20],0,4857.3549,2900.7253,1.8950,25.3502,1.4982,-1.5996,:8595603464_0,-70.4942,7.8870,100.0000,default,19,rsu(173m),2500,92115,0.9201,173,2.0207,8,14,-70.4942,-87.4839,direct,0.0500,37.2000,-80.3151
412.7,node[20],0,4857.2815,2903.2813,1.8950,25.5598,2.0963,-1.5995,:8595603464_0,-75.9024,2.7846,100.0000,default,19,rsu(172m),2501,92162,0.4731,172,2.0190,5,8,-75.9024,-92.8921,direct,0.0500,37.6000,-80.3939
412.8,node[20],0,4857.2076,2905.8523,1.8950,25.7094,1.4955,-1.5995,831179686#4,-71.9036,2.6090,100.0000,default,19,rsu(171m),2502,92208,0.4513,171,2.0175,5,8,-71.9036,-88.8933,direct,0.0500,37.6000,-80.4707
412.9,node[20],0,4857.1329,2908.4382,1.8950,25.8596,1.5022,-1.5996,831179686#4,-77.6489,-1.8696,100.0000,default,19,rsu(169m),2503,92254,0.0806,169,2.0166,3,4,-77.6489,-94.6386,direct,0.0500,36.8000,-80.5454
413,node[20],0,4857.0578,2911.0412,1.8950,26.0301,1.7053,-1.5997,831179686#4,-72.2579,6.9497,100.0000,default,19,rsu(168m),2504,92300,0.8781,168,2.0224,7,12,-72.2579,-89.2476,direct,0.0500,36.8000,-80.6180
413.1,node[20],0,4856.9821,2913.6604,1.8950,26.1915,1.6136,-1.5997,831179686#4,-68.3920,7.1811,100.0000,default,19,rsu(167m),2505,92346,0.8900,167,2.0153,8,14,-68.3920,-85.3817,direct,0.0500,36.8000,-80.6886
413.2,node[20],0,4856.9059,2916.3012,1.8950,26.4079,2.1638,-1.5997,831179686#4,-70.7139,6.7665,100.0000,default,19,rsu(165m),2506,92392,0.8680,165,2.0239,7,12,-70.7139,-87.7036,direct,0.0500,36.8000,-80.7572
413.3,node[20],0,4856.8292,2918.9628,1.8950,26.6388,2.3095,-1.5996,:8595603463_0,-66.2462,12.0401,100.0000,default,19,rsu(164m),2507,92439,0.9892,164,2.0243,10,18,-66.2462,-83.2359,direct,0.0500,37.2000,-80.8239
413.4,node[20],0,4856.7521,2921.6452,1.8950,26.8526,2.1379,-1.5995,:8595603463_0,-66.9920,9.7859,100.0000,default,19,rsu(163m),2508,92484,0.9675,163,2.0235,9,16,-66.9920,-83.9817,direct,0.0500,37.2000,-80.8886
413.5,node[20],0,4856.6744,2924.3474,1.8950,27.0508,1.9819,-1.5995,:8595603463_0,-64.2844,12.6177,100.0000,default,19,rsu(162m),2509,92531,0.9919,162,2.0166,10,18,-64.2844,-81.2741,direct,0.0500,36.8000,-80.9513
413.6,node[20],0,4856.5955,2927.0724,1.8950,27.2705,2.1973,-1.5997,831179686#5,-69.3733,9.3139,100.0000,default,19,rsu(160m),2510,92577,0.9592,160,2.0229,9,16,-69.3733,-86.3630,direct,0.0500,36.8000,-81.0121
413.7,node[20],0,4856.5146,2929.8239,1.8950,27.5144,2.4390,-1.6000,831179686#5,-72.1215,2.3385,100.0000,default,19,rsu(159m),2511,92623,0.4181,159,2.0234,5,8,-72.1215,-89.1112,direct,0.0500,36.8000,-81.0712
413.8,node[20],0,4856.4332,2932.5900,1.8950,27.6616,1.4718,-1.6002,831179686#5,-75.4451,0.6200,100.0000,default,19,rsu(158m),2512,92670,0.2333,158,2.0159,4,6,-75.4451,-92.4348,direct,0.0500,36.8000,-81.1283
413.9,node[20],0,4856.3518,2935.3692,1.8950,27.7920,1.3038,-1.6001,:8595603458_0,-77.4348,-2.4601,100.0000,default,19,rsu(157m),2513,92718,0.0612,157,2.0174,3,4,-77.4348,-94.4245,direct,0.0500,38.0000,-81.1833
414,node[20],0,4856.2704,2938.1718,1.8950,28.0250,2.3307,-1.5999,:8595603458_0,-69.9245,3.8278,100.0000,default,19,rsu(156m),2514,92765,0.6020,156,2.0241,6,10,-69.9245,-86.9142,direct,0.0500,38.0000,-81.2366
414.1,node[20],0,4856.1886,2940.9890,1.8950,28.1725,1.4750,-1.5998,:8595603458_0,-74.3032,2.3746,100.0000,default,19,rsu(155m),2515,92812,0.4225,155,2.0239,5,8,-74.3032,-91.2929,direct,0.0500,37.6000,-81.2879
414.2,node[20],0,4856.1119,2943.8246,1.8950,28.3837,2.1111,-1.5987,:8595603535_1,-65.0516,11.5777,100.0000,default,19,rsu(154m),2516,92859,0.9865,154,2.0167,10,18,-65.0516,-82.0413,direct,0.0500,37.6000,-81.3375
414.3,node[20],0,4856.0286,2946.6842,1.8950,28.6354,2.5176,-1.5991,:8595603535_1,-70.0326,6.7630,100.0000,default,19,rsu(153m),2517,92907,0.8678,153,2.0201,7,12,-70.0326,-87.0223,direct,0.0500,38.0000,-81.3855
414.4,node[20],0,4855.9460,2949.5631,1.8950,28.8215,1.8606,-1.5997,831179686#7,-70.9680,3.4188,100.0000,default,19,rsu(152m),2518,92954,0.5522,152,2.0188,6,10,-70.9680,-87.9577,direct,0.0500,38.0000,-81.4319
414.5,node[20],0,4855.8669,2952.4591,1.8950,28.9605,1.3901,-1.5986,:8595603457_0,-76.6447,1.9111,100.0000,default,19,rsu(151m),2519,93002,0.3672,151,2.0189,5,8,-76.6447,-93.6344,direct,0.0500,38.0000,-81.4767
414.6,node[20],0,4855.7803,2955.3683,1.8950,29.0924,1.3190,-1.5996,:8595603457_0,-68.1699,10.5923,100.0000,default,19,rsu(150m),2520,93050,0.9780,150,2.0190,9,16,-68.1699,-85.1596,direct,0.0500,38.0000,-81.5200
414.7,node[20],0,4855.6929,2958.3011,1.8950,29.3271,2.3469,-1.6006,:8595603457_0,-71.5057,5.4038,100.0000,default,19,rsu(150m),2521,93098,0.7689,150,2.0184,7,12,-71.5057,-88.4954,direct,0.0500,38.4000,-81.5620
414.8,node[20],0,4855.6051,2961.2487,1.8950,29.4769,1.4978,-1.6006,:8595603457_0,-65.1716,11.5695,100.0000,default,19,rsu(149m),2522,93145,0.9864,149,2.0250,10,18,-65.1716,-82.1613,direct,0.0500,38.4000,-81.6026
414.9,node[20],0,4855.5197,2964.2139,1.8950,29.6867,2.0987,-1.6000,831179686#8,-66.2706,8.3952,100.0000,default,19,rsu(148m),2523,93192,0.9369,148,2.0151,8,14,-66.2706,-83.2603,direct,0.0500,37.6000,-81.6419
415,node[20],0,4855.4338,2967.1993,1.8950,29.8908,2.0405,-1.5995,831179686#8,-68.9385,8.2980,100.0000,default,19,rsu(148m),2524,93239,0.9340,148,2.0150,8,14,-68.9385,-85.9282,direct,0.0500,37.6000,-81.6801
415.1,node[20],0,4855.3465,2970.2075,1.8950,30.1096,2.1883,-1.5997,:8595603454_0,-71.2090,7.6679,100.0000,default,19,rsu(147m),2525,93285,0.9117,147,2.0161,8,14,-71.2090,-88.1987,direct,0.0500,37.2000,-81.7172
415.2,node[20],0,4855.2564,2973.2327,1.8950,30.2529,1.4330,-1.6003,:8595603454_0,-62.7776,13.8100,100.0000,default,19,rsu(147m),2526,93332,0.9955,147,2.0185,11,20,-62.7776,-79.7673,direct,0.0500,37.2000,-81.7534
415.3,node[20],0,4855.1661,2976.2649,1.8950,30.3219,0.6895,-1.6006,:8595603454_0,-67.9119,7.3430,100.0000,default,19,rsu(146m),2527,93379,0.8977,146,2.0208,8,14,-67.9119,-84.9016,direct,0.0500,37.6000,-81.7886
415.4,node[20],0,4855.0764,2979.2979,1.8950,30.3294,0.0750,-1.6005,831179686#9,-66.2128,9.9023,100.0000,default,20,rsu(146m),2528,93425,0.9693,146,2.0174,9,16,-66.2128,-83.2025,direct,0.0500,37.6000,-81.7888
415.5,node[20],0,4854.9896,2982.3401,1.8950,30.4228,0.9338,-1.5997,831179686#9,-70.5292,7.4359,100.0000,default,20,rsu(146m),2529,93472,0.9019,146,2.0253,8,14,-70.5292,-87.5189,direct,0.0500,37.2000,-81.8214
415.6,node[20],0,4854.9032,2985.3740,1.8950,30.3382,-0.8453,-1.5993,831179686#9,-70.1830,7.9056,100.0000,default,20,rsu(145m),2530,93518,0.9208,145,2.0144,8,14,-70.1830,-87.1727,direct,0.0500,37.2000,-81.8529
415.7,node[20],0,4854.8166,2988.4072,1.8950,30.3322,-0.0600,-1.5993,:8595603453_0,-67.9308,8.7142,100.0000,default,20,rsu(145m),2531,93565,0.9457,145,2.0191,8,14,-67.9308,-84.9205,direct,0.0500,37.2000,-81.8837
415.8,node[20],0,4854.7294,2991.4438,1.8950,30.3664,0.3423,-1.5994,:8595603453_0,-70.6281,4.2515,100.0000,default,20,rsu(145m),2532,93611,0.6515,145,2.0181,6,10,-70.6281,-87.6178,direct,0.0500,37.2000,-81.9137
415.9,node[20],0,4854.6422,2994.4770,1.8950,30.3316,-0.3480,-1.5995,:8595603453_0,-63.0813,15.3960,100.0000,default,20,rsu(145m),2533,93657,0.9980,145,2.0232,12,22,-63.0813,-80.0710,direct,0.0500,36.8000,-81.9430
416,node[20],0,4854.5550,2997.5189,1.8950,30.4209,0.8928,-1.5995,831179686#10,-77.1624,1.0018,100.0000,default,20,rsu(145m),2534,93703,0.2691,145,2.0271,5,8,-77.1624,-94.1521,direct,0.0500,36.8000,-81.9717
416.1,node[20],0,4854.4694,3000.5510,1.8950,30.3506,-0.7030,-1.5992,831179686#10,-74.4612,3.4370,100.0000,default,20,rsu(145m),2535,93750,0.5544,145,2.0173,6,10,-74.4612,-91.4509,direct,0.0500,37.2000,-81.9996
416.2,node[20],0,4854.3838,3003.5857,1.8950,30.3759,0.2524,-1.5990,831179686#10,-70.6276,3.2758,100.0000,default,20,rsu(145m),2536,93798,0.5344,145,2.0212,6,10,-70.6276,-87.6173,direct,0.0500,37.2000,-82.0270
416.3,node[20],0,4854.2981,3006.6241,1.8950,30.4135,0.3765,-1.5990,831179686#10,-80.4667,-3.7871,100.0000,default,20,rsu(145m),2537,93843,0.0325,145,2.0148,2,2,-80.4667,-97.4564,direct,0.0500,37.2000,-82.0538
416.4,node[20],0,4854.2093,3009.6581,1.8950,30.3498,-0.6368,-1.5996,:8595603450_0,-72.1241,5.1867,100.0000,default,20,rsu(146m),2538,93888,0.7490,146,2.0200,7,12,-72.1241,-89.1138,direct,0.0500,37.2000,-82.0801
416.5,node[20],0,4854.1190,3012.6883,1.8950,30.3025,-0.4739,-1.6006,:8595603450_0,-74.5807,0.9303,100.0000,default,20,rsu(146m),2539,93934,0.2621,146,2.0154,4,6,-74.5807,-91.5704,direct,0.0500,36.4000,-82.1057
416.6,node[20],0,4854.0285,3015.7274,1.8950,30.3906,0.8814,-1.6006,:8595603450_0,-68.3790,7.4608,100.0000,default,20,rsu(146m),2540,93980,0.9029,146,2.0162,8,14,-68.3790,-85.3687,direct,0.0500,36.4000,-82.1309
416.7,node[20],0,4853.9408,3018.7697,1.8950,30.4234,0.3285,-1.6000,831179686#11,-69.4042,6.1242,100.0000,default,20,rsu(147m),2541,94026,0.8267,147,2.0147,7,12,-69.4042,-86.3939,direct,0.0500,36.8000,-82.1555
416.8,node[20],0,4853.8552,3021.8093,1.8950,30.3957,-0.2779,-1.5990,831179686#11,-69.8431,5.0546,100.0000,default,20,rsu(147m),2542,94073,0.7364,147,2.0271,7,12,-69.8431,-86.8328,direct,0.0500,36.8000,-82.1794
416.9,node[20],0,4853.7697,3024.8467,1.8950,30.3736,-0.2205,-1.5989,831179686#11,-70.7111,4.7483,100.0000,default,20,rsu(148m),2543,94118,0.7056,148,2.0197,6,10,-70.7111,-87.7008,direct,0.0500,36.8000,-82.2027
417,node[20],0,4853.6839,3027.8854,1.8950,30.3897,0.1606,-1.5990,:8595603449_0,-67.8142,7.2430,100.0000,default,20,rsu(148m),2544,94165,0.8930,148,2.0199,8,14,-67.8142,-84.8039,direct,0.0500,36.8000,-82.2252
417.1,node[20],0,4853.5935,3030.9151,1.8950,30.3295,-0.6018,-1.6000,:8595603449_0,-63.4274,15.4832,100.0000,default,20,rsu(149m),2545,94210,0.9981,149,2.0271,12,22,-63.4274,-80.4171,direct,0.0500,36.8000,-82.2470
417.2,node[20],0,4853.5032,3033.9437,1.8950,30.3185,-0.1100,-1.6006,:8595603449_0,-70.2731,8.7427,100.0000,default,21,rsu(150m),2546,94256,0.9464,150,2.0214,8,14,-70.2731,-87.2628,direct,0.0500,36.8000,-82.2645
417.3,node[20],0,4853.4128,3036.9776,1.8950,30.3704,0.5187,-1.6006,:8595603449_0,-72.2388,6.7073,100.0000,default,22,rsu(151m),2547,94302,0.8646,151,2.0212,7,12,-72.2388,-89.2285,direct,0.0500,36.8000,-82.2472
417.4,node[20],0,4853.3273,3039.9950,1.8950,30.1758,-1.9452,-1.5997,831179686#12,-70.8797,6.6033,100.0000,default,22,rsu(152m),2548,94348,0.8583,152,2.0272,7,12,-70.8797,-87.8694,direct,0.0500,36.8000,-82.2659
417.5,node[20],0,4853.2432,3042.9676,1.8950,29.7258,-4.5000,-1.5991,831179686#12,-68.2905,7.9594,100.0000,default,22,rsu(152m),2549,94394,0.9227,152,2.0217,8,14,-68.2905,-85.2802,direct,0.0500,36.8000,-82.2833
417.6,node[20],0,4853.1603,3045.8979,1.8950,29.3024,-4.2348,-1.5991,831179686#12,-66.6586,9.0345,100.0000,default,22,rsu(153m),2550,94441,0.9533,153,2.0181,9,16,-66.6586,-83.6483,direct,0.0500,36.8000,-82.2995
417.7,node[20],0,4853.0744,3048.7831,1.8950,28.8524,-4.5000,-1.5999,:8595603446_0,-75.2607,3.7155,100.0000,default,22,rsu(154m),2551,94487,0.5885,154,2.0234,6,10,-75.2607,-92.2504,direct,0.0500,37.2000,-82.3145
417.8,node[20],0,4852.9898,3051.6233,1.8950,28.4024,-4.5000,-1.6006,:8595603446_0,-77.1351,-2.8040,100.0000,default,22,rsu(155m),2552,94535,0.0521,155,2.0243,3,4,-77.1351,-94.1248,direct,0.0500,37.2000,-82.3281
417.9,node[20],0,4852.9066,3054.4186,1.8950,27.9524,-4.5000,-1.6006,:8595603446_0,-72.1519,2.0369,100.0000,default,22,rsu(156m),2553,94583,0.3819,156,2.0155,5,8,-72.1519,-89.1416,direct,0.0500,38.4000,-82.3400
418,node[20],0,4852.8268,3057.1688,1.8950,27.5024,-4.5000,-1.6001,831179686#13,-69.3496,6.2218,100.0000,default,22,rsu(157m),2554,94630,0.8335,157,2.0164,7,12,-69.3496,-86.3393,direct,0.0500,38.4000,-82.3505
418.1,node[20],0,4852.7494,3059.8740,1.8950,27.0524,-4.5000,-1.5995,831179686#13,-66.3628,9.4245,100.0000,default,22,rsu(158m),2555,94677,0.9613,158,2.0158,9,16,-66.3628,-83.3525,direct,0.0500,37.6000,-82.3595
418.2,node[20],0,4852.6735,3062.5325,1.8950,26.6024,-4.5000,-1.5994,:10127484721_1,-64.6577,9.3375,100.0000,default,22,rsu(160m),2556,94725,0.9596,160,2.0268,9,16,-64.6577,-81.6474,direct,0.0500,37.6000,-82.3672
418.3,node[20],0,4852.5992,3065.1444,1.8950,26.1545,-4.4789,-1.5993,:10127484721_1,-72.4938,6.6569,100.0000,default,22,rsu(161m),2557,94772,0.8616,161,2.0168,7,12,-72.4938,-89.4835,direct,0.0500,38.0000,-82.3734
418.4,node[20],0,4852.5261,3067.7114,1.8950,25.7045,-4.5000,-1.5992,:10127484721_1,-72.3295,6.6731,100.0000,default,22,rsu(162m),2558,94817,0.8625,162,2.0211,7,12,-72.3295,-89.3192,direct,0.0500,38.0000,-82.3779
418.5,node[20],0,4852.4493,3070.2356,1.8950,25.2545,-4.5000,-1.6003,:8595603445_0,-69.2770,5.3226,100.0000,default,22,rsu(163m),2559,94864,0.7616,163,2.0253,7,12,-69.2770,-86.2667,direct,0.0500,36.8000,-82.3808
418.6,node[20],0,4852.3774,3072.7161,1.8950,24.8045,-4.5000,-1.6005,:8595603445_0,-66.4631,10.3715,100.0000,default,22,rsu(164m),2560,94912,0.9755,164,2.0199,9,16,-66.4631,-83.4528,direct,0.0500,36.8000,-82.3822
418.7,node[20],0,4852.3124,3075.1515,1.8950,24.3545,-4.5000,-1.5986,:10127484728_1,-62.7133,15.8201,100.0000,default,22,rsu(165m),2561,94958,0.9984,165,2.0234,12,22,-62.7133,-79.7030,direct,0.0500,37.6000,-82.3821
418.8,node[20],0,4852.2427,3077.5420,1.8950,23.9045,-4.5000,-1.5987,:10127484728_1,-74.6174,3.6900,100.0000,default,22,rsu(166m),2562,95005,0.5854,166,2.0269,6,10,-74.6174,-91.6071,direct,0.0500,37.6000,-82.3805
418.9,node[20],0,4852.1743,3079.8874,1.8950,23.4545,-4.5000,-1.6000,:10127484728_1,-66.8699,10.3125,100.0000,default,22,rsu(168m),2563,95053,0.9748,168,2.0217,9,16,-66.8699,-83.8596,direct,0.0500,38.0000,-82.3775
419,node[20],0,4852.1100,3082.1879,1.8950,23.0045,-4.5000,-1.5994,831179686#16,-72.9411,2.8052,100.0000,default,22,rsu(169m),2564,95101,0.4757,169,2.0166,5,8,-72.9411,-89.9308,direct,0.0500,38.0000,-82.3729
419.1,node[20],0,4852.0448,3084.4409,1.8950,22.5545,-4.5000,-1.5993,:8595603442_0,-71.4859,7.5669,100.0000,default,22,rsu(170m),2565,95148,0.9075,170,2.0238,8,14,-71.4859,-88.4756,direct,0.0500,38.0000,-82.3668
419.2,node[20],0,4851.9808,3086.6490,1.8950,22.1045,-4.5000,-1.5992,:8595603442_0,-66.7006,8.8463,100.0000,default,22,rsu(171m),2566,95195,0.9490,171,2.0155,8,14,-66.7006,-83.6903,direct,0.0500,38.0000,-82.3594
419.3,node[20],0,4851.9182,3088.8121,1.8950,21.6545,-4.5000,-1.5998,:8595603442_0,-70.0084,8.2680,100.0000,default,22,rsu(172m),2567,95241,0.9330,172,2.0273,8,14,-70.0084,-86.9981,direct,0.0500,37.2000,-82.3506
419.4,node[20],0,4851.8568,3090.9303,1.8950,21.2045,-4.5000,-1.5998,:8595603442_0,-69.1937,8.4320,100.0000,default,22,rsu(173m),2568,95287,0.9380,173,2.0232,8,14,-69.1937,-86.1834,direct,0.0500,37.2000,-82.3403
419.5,node[20],0,4851.7970,3093.0051,1.8950,20.7545,-4.5000,-1.5997,831179686#17,-67.9174,7.7415,100.0000,default,22,rsu(174m),2569,95333,0.9146,174,2.0253,8,14,-67.9174,-84.9071,direct,0.0500,36.8000,-82.3288
419.6,node[20],0,4851.7385,3095.0355,1.8950,20.3045,-4.5000,-1.5996,831179686#17,-75.4853,3.7633,100.0000,default,22,rsu(176m),2570,95381,0.5943,176,2.0179,6,10,-75.4853,-92.4750,direct,0.0500,36.8000,-82.3159
419.7,node[20],0,4851.6813,3097.0210,1.8950,19.8545,-4.5000,-1.5996,831179686#17,-73.1730,5.8892,100.0000,default,22,rsu(177m),2571,95427,0.8092,177,2.0272,7,12,-73.1730,-90.1627,direct,0.0500,37.6000,-82.3018
419.8,node[20],0,4851.6255,3098.9614,1.8950,19.4045,-4.5000,-1.5996,831179686#17,-73.7884,1.8064,100.0000,default,22,rsu(178m),2572,95475,0.3551,178,2.0207,5,8,-73.7884,-90.7781,direct,0.0500,37.6000,-82.2864
419.9,node[20],0,4851.5709,3100.8569,1.8950,18.9545,-4.5000,-1.5996,831179686#17,-68.6751,9.8384,100.0000,default,22,rsu(179m),2573,95523,0.9683,179,2.0152,9,16,-68.6751,-85.6648,direct,0.0500,38.4000,-82.2697
420,node[20],0,4851.5177,3102.7065,1.8950,18.5045,-4.5000,-1.5996,:8595603441_0,-76.2759,1.5806,100.0000,default,22,rsu(180m),2574,95569,0.3297,180,2.0170,5,8,-76.2759,-93.2656,direct,0.0500,38.4000,-82.2520
420.1,node[20],0,4851.4658,3104.5100,1.8950,18.0545,-4.5000,-1.5996,:8595603441_0,-72.0135,6.4514,100.0000,default,22,rsu(181m),2575,95615,0.8489,181,2.0265,7,12,-72.0135,-89.0032,direct,0.0500,36.8000,-82.2331
420.2,node[20],0,4851.4152,3106.2686,1.8950,17.6045,-4.5000,-1.5995,:8595603441_0,-70.2748,5.7595,100.0000,default,22,rsu(182m),2576,95661,0.7989,182,2.0247,7,12,-70.2748,-87.2645,direct,0.0500,36.8000,-82.2132
420.3,node[20],0,4851.3660,3107.9822,1.8950,17.1545,-4.5000,-1.5995,:8595603441_0,-78.3770,-0.0872,100.0000,default,22,rsu(183m),2577,95706,0.1760,183,2.0207,4,6,-78.3770,-95.3667,direct,0.0500,36.4000,-82.1923
420.4,node[20],0,4851.3180,3109.6509,1.8950,16.7045,-4.5000,-1.5995,:8595603441_0,-77.2085,-1.7829,100.0000,default,22,rsu(184m),2578,95753,0.0838,184,2.0209,3,4,-77.2085,-94.1982,direct,0.0500,36.4000,-82.1705
420.5,node[20],0,4851.2713,3111.2746,1.8950,16.2545,-4.5000,-1.5995,:8595603441_0,-71.5059,7.7396,100.0000,default,22,rsu(185m),2579,95800,0.9145,185,2.0246,8,14,-71.5059,-88.4956,direct,0.0500,37.6000,-82.1478
420.6,node[20],0,4851.2253,3112.8545,1.8950,15.8045,-4.5000,-1.5997,831179686#18,-69.4979,7.6190,100.0000,default,21,rsu(186m),2580,95846,0.9097,186,2.0232,8,14,-69.4979,-86.4876,direct,0.0500,37.6000,-82.1278
420.7,node[20],0,4851.1805,3114.3894,1.8950,15.3545,-4.5000,-1.5998,831179686#18,-75.4417,2.8542,100.0000,default,21,rsu(187m),2581,95894,0.4818,187,2.0183,5,8,-75.4417,-92.4314,direct,0.0500,37.6000,-82.1036
420.8,node[20],0,4851.1371,3115.8793,1.8950,14.9045,-4.5000,-1.5999,831179686#18,-77.7759,-2.5395,100.0000,default,21,rsu(188m),2582,95941,0.0590,188,2.0213,3,4,-77.7759,-94.7656,direct,0.0500,37.6000,-82.0787
420.9,node[20],0,4851.0950,3117.3243,1.8950,14.4545,-4.5000,-1.5999,831179686#18,-71.2138,3.8678,100.0000,default,21,rsu(189m),2583,95987,0.6068,189,2.0250,6,10,-71.2138,-88.2035,direct,0.0500,37.2000,-82.0532
421,node[20],0,4851.0541,3118.7243,1.8950,14.0045,-4.5000,-1.5999,831179686#18,-72.9518,5.0665,100.0000,default,21,rsu(190m),2584,96032,0.7375,190,2.0215,7,12,-72.9518,-89.9415,direct,0.0500,37.2000,-82.0273
421.1,node[20],0,4851.0146,3120.0793,1.8950,13.5545,-4.5000,-1.5999,831179686#18,-72.6014,4.3605,100.0000,default,21,rsu(191m),2585,96079,0.6638,191,2.0161,6,10,-72.6014,-89.5911,direct,0.0500,36.8000,-82.0010
421.2,node[20],0,4850.9765,3121.3893,1.8950,13.1045,-4.5000,-1.5999,831179686#18,-80.5856,-2.0460,100.0000,default,21,rsu(192m),2586,96127,0.0743,192,2.0207,3,4,-80.5856,-97.5753,direct,0.0500,36.8000,-81.9743
421.3,node[20],0,4850.9396,3122.6543,1.8950,12.6545,-4.5000,-1.5999,831179686#18,-73.5154,3.9615,100.0000,default,21,rsu(193m),2587,96174,0.6179,193,2.0177,6,10,-73.5154,-90.5051,direct,0.0500,38.0000,-81.9474
421.4,node[20],0,4850.9040,3123.8743,1.8950,12.2045,-4.5000,-1.5999,831179686#18,-75.1207,1.4917,100.0000,default,21,rsu(193m),2588,96221,0.3199,193,2.0198,5,8,-75.1207,-92.1104,direct,0.0500,38.0000,-81.9203
421.5,node[20],0,4850.8698,3125.0494,1.8950,11.7545,-4.5000,-1.5999,831179686#18,-88.2471,-5.0000,100.0000,default,21,rsu(194m),2589,96269,0.0180,194,2.0164,2,2,-88.2471,-105.2368,direct,0.0500,38.0000,-81.8932
421.6,node[20],0,4850.8368,3126.1794,1.8950,11.3045,-4.5000,-1.5999,831179686#18,-67.6215,7.6851,100.0000,default,21,rsu(195m),2590,96316,0.9123,195,2.0269,8,14,-67.6215,-84.6112,direct,0.0500,38.0000,-81.8661
421.7,node[20],0,4850.8052,3127.2645,1.8950,10.8545,-4.5000,-1.5999,831179686#18,-70.3152,5.6851,100.0000,default,21,rsu(196m),2591,96363,0.7929,196,2.0184,7,12,-70.3152,-87.3049,direct,0.0500,37.6000,-81.8391
421.8,node[20],0,4850.7749,3128.3046,1.8950,10.4045,-4.5000,-1.5999,831179686#18,-76.1871,2.5684,100.0000,default,21,rsu(196m),2592,96412,0.4463,196,2.0175,5,8,-76.1871,-93.1768,direct,0.0500,37.6000,-81.8123
421.9,node[20],0,4850.7458,3129.2997,1.8950,9.9545,-4.5000,-1.5999,831179686#18,-72.9758,5.7687,100.0000,default,21,rsu(197m),2593,96460,0.7997,197,2.0254,7,12,-72.9758,-89.9655,direct,0.0500,38.8000,-81.7859
422,node[20],0,4850.7181,3130.2498,1.8950,9.5045,-4.5000,-1.5999,831179686#18,-66.0374,10.1666,100.0000,default,21,rsu(198m),2594,96509,0.9730,198,2.0179,9,16,-66.0374,-83.0271,direct,0.0500,38.8000,-81.7598
422.1,node[20],0,4850.6918,3131.1550,1.8950,9.0545,-4.5000,-1.5999,831179686#18,-71.6620,3.5398,100.0000,default,21,rsu(198m),2595,96557,0.5671,198,2.0216,6,10,-71.6620,-88.6517,direct,0.0500,38.8000,-81.7341
422.2,node[20],0,4850.6667,3132.0151,1.8950,8.6045,-4.5000,-1.5999,831179686#18,-74.4434,3.6579,100.0000,default,21,rsu(199m),2596,96603,0.5815,199,2.0235,6,10,-74.4434,-91.4331,direct,0.0500,38.8000,-81.7091
422.3,node[20],0,4850.6429,3132.8303,1.8950,8.1545,-4.5000,-1.5999,831179686#18,-74.5431,4.5879,100.0000,default,21,rsu(199m),2597,96650,0.6887,199,2.0169,6,10,-74.5431,-91.5328,direct,0.0500,37.2000,-81.6846
422.4,node[20],0,4850.6205,3133.6005,1.8950,7.7045,-4.5000,-1.5999,831179686#18,-66.7787,10.6868,100.0000,default,21,rsu(200m),2598,96699,0.9790,200,2.0183,9,16,-66.7787,-83.7684,direct,0.0500,37.2000,-81.6610
422.5,node[20],0,4850.5993,3134.3257,1.8950,7.2545,-4.5000,-1.5999,831179686#18,-87.0259,-5.0000,100.0000,default,21,rsu(200m),2599,96747,0.0180,200,2.0222,2,2,-87.0259,-104.0156,direct,0.0500,38.8000,-81.6381
422.6,node[20],0,4850.5795,3135.0059,1.8950,6.8045,-4.5000,-1.5999,831179686#18,-74.0391,5.2351,100.0000,default,21,rsu(201m),2600,96793,0.7535,201,2.0262,7,12,-74.0391,-91.0288,direct,0.0500,38.8000,-81.6161
422.7,node[20],0,4850.5610,3135.6411,1.8950,6.3545,-4.5000,-1.5999,831179686#18,-77.1151,0.4088,100.0000,default,21,rsu(201m),2601,96843,0.2149,201,2.0171,4,6,-77.1151,-94.1048,direct,0.0500,38.4000,-81.5952
422.8,node[20],0,4850.5438,3136.2314,1.8950,5.9045,-4.5000,-1.5999,831179686#18,-68.1140,11.1970,100.0000,default,21,rsu(202m),2602,96893,0.9837,202,2.0188,10,18,-68.1140,-85.1037,direct,0.0500,38.4000,-81.5752
422.9,node[20],0,4850.5279,3136.7766,1.8950,5.4545,-4.5000,-1.5999,831179686#18,-67.3592,10.8177,100.0000,default,21,rsu(202m),2603,96942,0.9803,202,2.0186,9,16,-67.3592,-84.3489,direct,0.0500,39.6000,-81.5564
423,node[20],0,4850.5133,3137.2769,1.8950,5.0045,-4.5000,-1.5999,831179686#18,-73.9407,5.1985,100.0000,default,21,rsu(202m),2604,96990,0.7501,202,2.0253,7,12,-73.9407,-90.9304,direct,0.0500,39.6000,-81.5388
423.1,node[20],0,4850.5000,3137.7322,1.8950,4.5545,-4.5000,-1.5999,831179686#18,-69.8650,7.0091,100.0000,default,21,rsu(203m),2605,97039,0.8813,203,2.0189,8,14,-69.8650,-86.8547,direct,0.0500,38.8000,-81.5224
423.2,node[20],0,4850.4881,3138.1425,1.8950,4.1045,-4.5000,-1.5999,831179686#18,-75.2281,3.7887,100.0000,default,21,rsu(203m),2606,97089,0.5973,203,2.0247,6,10,-75.2281,-92.2178,direct,0.0500,38.8000,-81.5073
423.3,node[20],0,4850.4774,3138.5079,1.8950,3.6545,-4.5000,-1.5999,831179686#18,-69.4714,7.1284,100.0000,default,21,rsu(203m),2607,97138,0.8874,203,2.0201,8,14,-69.4714,-86.4611,direct,0.0500,39.6000,-81.4936
423.4,node[20],0,4850.4681,3138.8282,1.8950,3.2045,-4.5000,-1.5999,831179686#18,-70.5281,6.4479,100.0000,default,21,rsu(204m),2608,97186,0.8486,204,2.0180,7,12,-70.5281,-87.5178,direct,0.0500,39.6000,-81.4813
423.5,node[20],0,4850.4600,3139.1035,1.8950,2.7545,-4.5000,-1.5999,831179686#18,-70.2450,4.6084,100.0000,default,21,rsu(204m),2609,97234,0.6909,204,2.0193,6,10,-70.2450,-87.2347,direct,0.0500,38.4000,-81.4704
423.6,node[20],0,4850.4533,3139.3339,1.8950,2.3045,-4.5000,-1.5999,831179686#18,-72.8229,4.2383,100.0000,default,21,rsu(204m),2610,97282,0.6500,204,2.0202,6,10,-72.8229,-89.8126,direct,0.0500,38.4000,-81.4610
423.7,node[20],0,4850.4479,3139.5193,1.8950,1.8545,-4.5000,-1.5999,831179686#18,-70.4573,3.7398,100.0000,default,21,rsu(204m),2611,97331,0.5914,204,2.0242,6,10,-70.4573,-87.4470,direct,0.0500,38.8000,-81.4531
423.8,node[20],0,4850.4438,3139.6597,1.8950,1.4045,-4.5000,-1.5999,831179686#18,-82.3239,-5.0000,100.0000,default,21,rsu(204m),2612,97380,0.0180,204,2.0180,2,2,-82.3239,-99.3136,direct,0.0500,38.8000,-81.4467
423.9,node[20],0,4850.4410,3139.7551,1.8950,0.9545,-4.5000,-1.5999,831179686#18,-73.5905,5.5475,100.0000,default,21,rsu(204m),2613,97429,0.7814,204,2.0196,7,12,-73.5905,-90.5802,direct,0.0500,39.2000,-81.4419
424,node[20],0,4850.4395,3139.8073,1.8950,0.5224,-4.3209,-1.5999,831179686#18,-75.5871,3.2199,100.0000,default,21,rsu(204m),2614,97477,0.5275,204,2.0222,6,10,-75.5871,-92.5768,direct,0.0500,39.2000,-81.4385
424.1,node[20],0,4850.4392,3139.8190,1.8950,0.1170,-4.0540,-1.5999,831179686#18,-66.8646,11.2705,100.0000,default,21,rsu(204m),2615,97527,0.9843,204,2.0156,10,18,-66.8646,-83.8543,direct,0.0500,39.2000,-81.4366
424.2,node[20],0,4850.4392,3139.8193,1.8950,0.0031,-1.1389,-1.5999,831179686#18,-73.7431,2.5603,100.0000,default,21,rsu(204m),2616,97576,0.4453,204,2.0228,5,8,-73.7431,-90.7328,direct,0.0500,39.2000,-81.4350
424.3,node[20],0,4850.4392,3139.8193,1.8950,0.0001,-0.0302,-1.5999,831179686#18,-71.5639,6.8057,100.0000,default,21,rsu(204m),2617,97624,0.8702,204,2.0211,7,12,-71.5639,-88.5536,direct,0.0500,38.8000,-81.4334
424.4,node[20],0,4850.4392,3139.8193,1.8950,0.0000,-0.0007,-1.5999,831179686#18,-70.2670,8.4570,100.0000,default,21,rsu(204m),2618,97673,0.9387,204,2.0256,8,14,-70.2670,-87.2567,direct,0.0500,38.8000,-81.4318
424.5,node[20],0,4850.4392,3139.8193,1.8950,0.0000,0.0000,-1.5999,831179686#18,-84.2195,-5.0000,100.0000,default,21,rsu(204m),2619,97722,0.0180,204,2.0255,2,2,-84.2195,-101.2092,direct,0.0500,39.2000,-81.4302
424.6,node[20],0,4850.4392,3139.8193,1.8950,0.0000,0.0000,-1.5999,831179686#18,-72.3516,6.9008,100.0000,default,21,rsu(204m),2620,97772,0.8755,204,2.0260,7,12,-72.3516,-89.3413,direct,0.0500,39.2000,-81.4285
424.7,node[20],0,4850.4392,3139.8193,1.8950,0.0000,0.0000,-1.5999,831179686#18,-69.8016,8.6828,100.0000,default,21,rsu(204m),2621,97822,0.9449,204,2.0265,8,14,-69.8016,-86.7913,direct,0.0500,40.0000,-81.4268
424.8,node[20],0,4850.4392,3139.8193,1.8950,0.0000,0.0000,-1.5999,831179686#18,-68.7340,7.9315,100.0000,default,21,rsu(204m),2622,97871,0.9217,204,2.0219,8,14,-68.7340,-85.7237,direct,0.0500,40.0000,-81.4251
424.9,node[20],0,4850.4392,3139.8193,1.8950,0.0000,0.0000,-1.5999,831179686#18,-71.0159,6.6460,100.0000,default,21,rsu(204m),2623,97919,0.8609,204,2.0256,7,12,-71.0159,-88.0056,direct,0.0500,38.8000,-81.4234
425,node[20],0,4850.4392,3139.8193,1.8950,0.0000,0.0000,-1.5999,831179686#18,-75.2992,-1.5169,100.0000,default,21,rsu(204m),2624,97968,0.0946,204,2.0208,3,4,-75.2992,-92.2889,direct,0.0500,38.8000,-81.4216
425.1,node[20],0,4850.4392,3139.8193,1.8950,0.0000,0.0000,-1.5999,831179686#18,-71.6371,3.6636,100.0000,default,21,rsu(204m),2625,98019,0.5822,204,2.0166,6,10,-71.6371,-88.6268,direct,0.0500,40.0000,-81.4197
425.2,node[20],0,4850.4392,3139.8193,1.8950,0.0000,0.0000,-1.5999,831179686#18,-72.0378,7.1232,100.0000,default,21,rsu(204m),2626,98069,0.8871,204,2.0233,8,14,-72.0378,-89.0275,direct,0.0500,40.0000,-81.4179
425.3,node[20],0,4850.4392,3139.8193,1.8950,0.0000,0.0000,-1.5999,831179686#18,-80.2906,-4.1978,100.0000,default,21,rsu(204m),2627,98118,0.0266,204,2.0256,2,2,-80.2906,-97.2803,direct,0.0500,39.6000,-81.4160
425.4,node[20],0,4850.4392,3139.8193,1.8950,0.0000,0.0000,-1.5999,831179686#18,-70.6987,8.2908,100.0000,default,21,rsu(204m),2628,98169,0.9337,204,2.0240,8,14,-70.6987,-87.6884,direct,0.0500,39.6000,-81.4140
425.5,node[20],0,4850.4392,3139.8193,1.8950,0.0000,0.0000,-1.5999,831179686#18,-69.3218,5.5202,100.0000,default,21,rsu(204m),2629,98218,0.7790,204,2.0167,7,12,-69.3218,-86.3115,direct,0.0500,40.0000,-81.4120
425.6,node[20],0,4850.4392,3139.8193,1.8950,0.0000,0.0000,-1.5999,831179686#18,-78.2402,-3.8580,100.0000,default,21,rsu(204m),2630,98267,0.0314,204,2.0171,2,2,-78.2402,-95.2299,direct,0.0500,40.0000,-81.4099
425.7,node[20],0,4850.4392,3139.8193,1.8950,0.0000,0.0000,-1.5999,831179686#18,-81.3269,-4.0593,100.0000,default,21,rsu(204m),2631,98318,0.0285,204,2.0154,2,2,-81.3269,-98.3166,direct,0.0500,40.0000,-81.4078
425.8,node[20],0,4850.4392,3139.8193,1.8950,0.0000,0.0000,-1.5999,831179686#18,-70.7400,4.6595,100.0000,default,21,rsu(204m),2632,98367,0.6963,204,2.0255,6,10,-70.7400,-87.7297,direct,0.0500,40.0000,-81.4057
425.9,node[20],0,4850.4392,3139.8193,1.8950,0.0000,0.0000,-1.5999,831179686#18,-65.9885,11.4533,100.0000,default,21,rsu(204m),2633,98418,0.9856,204,2.0200,10,18,-65.9885,-82.9782,direct,0.0500,40.0000,-81.4034
426,node[20],0,4850.4392,3139.8193,1.8950,0.0000,0.0000,-1.5999,831179686#18,-69.9517,9.2687,100.0000,default,21,rsu(204m),2634,98466,0.9583,204,2.0183,9,16,-69.9517,-86.9414,direct,0.0500,40.0000,-81.4011
426.1,node[20],0,4850.4392,3139.8193,1.8950,0.0000,0.0000,-1.5999,831179686#18,-71.6728,3.3802,100.0000,default,21,rsu(204m),2635,98515,0.5474,204,2.0214,6,10,-71.6728,-88.6625,direct,0.0500,38.8000,-81.3988
426.2,node[20],0,4850.4392,3139.8193,1.8950,0.0000,0.0000,-1.5999,831179686#18,-72.2840,6.6818,100.0000,default,21,rsu(204m),2636,98563,0.8631,204,2.0197,7,12,-72.2840,-89.2737,direct,0.0500,38.8000,-81.3964
426.3,node[20],0,4850.4392,3139.8193,1.8950,0.0000,0.0000,-1.5999,831179686#18,-72.7253,1.9210,100.0000,default,21,rsu(204m),2637,98613,0.3683,204,2.0157,5,8,-72.7253,-89.7150,direct,0.0500,39.2000,-81.3939
426.4,node[20],0,4850.4392,3139.8193,1.8950,0.0000,0.0000,-1.5999,831179686#18,-73.2432,2.7747,100.0000,default,21,rsu(204m),2638,98662,0.4719,204,2.0258,5,8,-73.2432,-90.2329,direct,0.0500,39.2000,-81.3914
426.5,node[20],0,4850.4392,3139.8193,1.8950,0.0000,0.0000,-1.5999,831179686#18,-72.1045,6.1813,100.0000,default,21,rsu(204m),2639,98711,0.8307,204,2.0248,7,12,-72.1045,-89.0942,direct,0.0500,39.2000,-81.3888
426.6,node[20],0,4850.4392,3139.8193,1.8950,0.0000,0.0000,-1.5999,831179686#18,-72.3806,6.1096,100.0000,default,21,rsu(204m),2640,98761,0.8256,204,2.0258,7,12,-72.3806,-89.3703,direct,0.0500,39.2000,-81.3862
426.7,node[20],0,4850.4392,3139.8193,1.8950,0.0000,0.0000,-1.5999,831179686#18,-72.4668,4.0866,100.0000,default,21,rsu(204m),2641,98811,0.6326,204,2.0231,6,10,-72.4668,-89.4565,direct,0.0500,40.0000,-81.3835
426.8,node[20],0,4850.4392,3139.8193,1.8950,0.0000,0.0000,-1.5999,831179686#18,-82.4188,-5.0000,100.0000,default,21,rsu(204m),2642,98862,0.0180,204,2.0270,2,2,-82.4188,-99.4085,direct,0.0500,40.0000,-81.3807
426.9,node[20],0,4850.4392,3139.8193,1.8950,0.0000,0.0000,-1.5999,831179686#18,-68.2411,7.3669,100.0000,default,21,rsu(204m),2643,98910,0.8988,204,2.0253,8,14,-68.2411,-85.2308,direct,0.0500,39.6000,-81.3778
427,node[20],0,4850.4392,3139.8193,1.8950,0.0000,0.0000,-1.5999,831179686#18,-67.0301,11.2203,100.0000,default,21,rsu(204m),2644,98960,0.9839,204,2.0179,10,18,-67.0301,-84.0198,direct,0.0500,39.6000,-81.3749
427.1,node[20],0,4850.4392,3139.8193,1.8950,0.0000,0.0000,-1.5999,831179686#18,-73.3296,5.2371,100.0000,default,21,rsu(204m),2645,99010,0.7537,204,2.0172,7,12,-73.3296,-90.3193,direct,0.0500,40.0000,-81.3719
427.2,node[20],0,4850.4392,3139.8193,1.8950,0.0000,0.0000,-1.5999,831179686#18,-69.1479,5.4994,100.0000,default,21,rsu(204m),2646,99059,0.7772,204,2.0272,7,12,-69.1479,-86.1376,direct,0.0500,40.0000,-81.3687
427.3,node[20],0,4850.4392,3139.8193,1.8950,0.0000,0.0000,-1.5999,831179686#18,-69.7794,8.3389,100.0000,default,21,rsu(204m),2647,99110,0.9352,204,2.0195,8,14,-69.7794,-86.7691,direct,0.0500,40.0000,-81.3655
427.4,node[20],0,4850.4392,3139.8193,1.8950,0.0000,0.0000,-1.5999,831179686#18,-69.8620,7.6513,100.0000,default,21,rsu(204m),2648,99159,0.9110,204,2.0224,8,14,-69.8620,-86.8517,direct,0.0500,40.0000,-81.3622
427.5,node[20],0,4850.4392,3139.8193,1.8950,0.0000,0.0000,-1.5999,831179686#18,-69.5910,8.1131,100.0000,default,21,rsu(204m),2649,99208,0.9280,204,2.0255,8,14,-69.5910,-86.5807,direct,0.0500,39.2000,-81.3588
427.6,node[20],0,4850.4392,3139.8193,1.8950,0.0000,0.0000,-1.5999,831179686#18,-72.7378,2.7594,100.0000,default,21,rsu(204m),2650,99258,0.4700,204,2.0228,5,8,-72.7378,-89.7275,direct,0.0500,39.2000,-81.3552
427.7,node[20],0,4850.4392,3139.8193,1.8950,0.0000,0.0000,-1.5999,831179686#18,-76.5928,-0.8790,100.0000,default,21,rsu(204m),2651,99307,0.1257,204,2.0271,4,6,-76.5928,-93.5825,direct,0.0500,39.6000,-81.3516
427.8,node[20],0,4850.4392,3139.8193,1.8950,0.0000,0.0000,-1.5999,831179686#18,-72.5144,5.3429,100.0000,default,21,rsu(204m),2652,99356,0.7634,204,2.0261,7,12,-72.5144,-89.5041,direct,0.0500,39.6000,-81.3478
427.9,node[20],0,4850.4392,3139.8193,1.8950,0.0000,0.0000,-1.5999,831179686#18,-77.1068,1.7564,100.0000,default,21,rsu(204m),2653,99404,0.3494,204,2.0244,5,8,-77.1068,-94.0965,direct,0.0500,38.8000,-81.3440
428,node[20],0,4850.4392,3139.8193,1.8950,0.0000,0.0000,-1.5999,831179686#18,-75.4402,0.3381,100.0000,default,21,rsu(204m),2654,99455,0.2090,204,2.0154,4,6,-75.4402,-92.4299,direct,0.0500,38.8000,-81.3400
428.1,node[20],0,4850.4392,3139.8193,1.8950,0.0000,0.0000,-1.5999,831179686#18,-73.7140,5.4324,100.0000,default,21,rsu(204m),2655,99505,0.7714,204,2.0192,7,12,-73.7140,-90.7037,direct,0.0500,40.4000,-81.3359
428.2,node[20],0,4850.4392,3139.8193,1.8950,0.0000,0.0000,-1.5999,831179686#18,-85.7381,-5.0000,100.0000,default,21,rsu(204m),2656,99555,0.0180,204,2.0159,2,2,-85.7381,-102.7278,direct,0.0500,40.4000,-81.3317
428.3,node[20],0,4850.4392,3139.8193,1.8950,0.0000,0.0000,-1.5999,831179686#18,-80.2525,-2.7685,100.0000,default,21,rsu(204m),2657,99605,0.0529,204,2.0196,3,4,-80.2525,-97.2422,direct,0.0500,40.0000,-81.3274
428.4,node[20],0,4850.4392,3139.8193,1.8950,0.0000,0.0000,-1.5999,831179686#18,-71.4655,4.3473,100.0000,default,21,rsu(204m),2658,99654,0.6623,204,2.0225,6,10,-71.4655,-88.4552,direct,0.0500,40.0000,-81.3229
428.5,node[20],0,4850.4392,3139.8193,1.8950,0.0000,0.0000,-1.5999,831179686#18,-69.4310,8.0936,100.0000,default,21,rsu(204m),2659,99705,0.9274,204,2.0165,8,14,-69.4310,-86.4207,direct,0.0500,40.0000,-81.3184
428.6,node[20],0,4850.4392,3139.8193,1.8950,0.0000,0.0000,-1.5999,831179686#18,-68.9307,10.3446,100.0000,default,21,rsu(204m),2660,99754,0.9752,204,2.0189,9,16,-68.9307,-85.9204,direct,0.0500,40.0000,-81.3137
428.7,node[20],0,4850.4392,3139.8193,1.8950,0.0000,0.0000,-1.5999,831179686#18,-68.4027,10.5075,100.0000,default,21,rsu(204m),2661,99804,0.9771,204,2.0182,9,16,-68.4027,-85.3924,direct,0.0500,39.6000,-81.3088
428.8,node[20],0,4850.4392,3139.8193,1.8950,0.0000,0.0000,-1.5999,831179686#18,-68.2171,7.4362,100.0000,default,21,rsu(204m),2662,99855,0.9019,204,2.0261,8,14,-68.2171,-85.2068,direct,0.0500,39.6000,-81.3039
428.9,node[20],0,4850.4392,3139.8193,1.8950,0.0000,0.0000,-1.5999,831179686#18,-78.4239,-3.2557,100.0000,default,21,rsu(204m),2663,99905,0.0420,204,2.0180,2,2,-78.4239,-95.4136,direct,0.0500,40.4000,-81.2988
429,node[20],0,4850.4392,3139.8193,1.8950,0.0000,0.0000,-1.5999,831179686#18,-76.1617,-0.5935,100.0000,default,21,rsu(204m),2664,99954,0.1422,204,2.0208,4,6,-76.1617,-93.1514,direct,0.0500,40.4000,-81.2936
429.1,node[20],0,4850.4392,3139.8193,1.8950,0.0000,0.0000,-1.5999,831179686#18,-77.5453,-2.7565,100.0000,default,21,rsu(204m),2665,100005,0.0532,204,2.0278,3,4,-77.5453,-94.5350,direct,0.0500,40.0000,-81.2883
429.2,node[20],0,4850.4392,3139.8193,1.8950,0.0000,0.0000,-1.5999,831179686#18,-86.7013,-5.0000,100.0000,default,22,rsu(204m),2666,100056,0.0180,204,2.0186,2,2,-86.7013,-103.6910,direct,0.0500,40.0000,-81.2316
429.3,node[20],0,4850.4392,3139.8193,1.8950,0.0000,0.0000,-1.5999,831179686#18,-72.5958,5.2231,100.0000,default,22,rsu(204m),2667,100107,0.7524,204,2.0244,7,12,-72.5958,-89.5855,direct,0.0500,40.8000,-81.2264
429.4,node[20],0,4850.4392,3139.8193,1.8950,0.0000,0.0000,-1.5999,831179686#18,-70.1734,5.0348,100.0000,default,22,rsu(204m),2668,100158,0.7345,204,2.0152,7,12,-70.1734,-87.1631,direct,0.0500,40.8000,-81.2210
429.5,node[20],0,4850.4392,3139.8193,1.8950,0.0000,0.0000,-1.5999,831179686#18,-71.5352,7.2484,100.0000,default,22,rsu(204m),2669,100208,0.8932,204,2.0260,8,14,-71.5352,-88.5249,direct,0.0500,40.4000,-81.2155
429.6,node[20],0,4850.4392,3139.8193,1.8950,0.0000,0.0000,-1.5999,831179686#18,-73.5487,0.7024,100.0000,default,22,rsu(204m),2670,100259,0.2407,204,2.0178,4,6,-73.5487,-90.5384,direct,0.0500,40.4000,-81.2098
429.7,node[20],0,4850.4392,3139.8193,1.8950,0.0000,0.0000,-1.5999,831179686#18,-67.3805,7.1067,100.0000,default,22,rsu(204m),2671,100310,0.8863,204,2.0274,8,14,-67.3805,-84.3702,direct,0.0500,40.8000,-81.2039
429.8,node[20],0,4850.4392,3139.8193,1.8950,0.0000,0.0000,-1.5999,831179686#18,-71.3388,5.1732,100.0000,default,22,rsu(204m),2672,100360,0.7477,204,2.0225,7,12,-71.3388,-88.3285,direct,0.0500,40.8000,-81.1978
429.9,node[20],0,4850.4392,3139.8193,1.8950,0.0000,0.0000,-1.5999,831179686#18,-66.7802,11.7104,100.0000,default,22,rsu(204m),2673,100411,0.9873,204,2.0272,10,18,-66.7802,-83.7699,direct,0.0500,40.4000,-81.1916
430,node[20],0,4850.4392,3139.8193,1.8950,0.0000,0.0000,-1.5999,831179686#18,-84.6266,-5.0000,100.0000,default,22,rsu(204m),2674,100463,0.0180,204,2.0205,2,2,-84.6266,-101.6163,direct,0.0500,40.4000,-81.1851
430.1,node[20],0,4850.4392,3139.8193,1.8950,0.0000,0.0000,-1.5999,831179686#18,-67.2547,10.9724,100.0000,default,22,rsu(204m),2675,100514,0.9818,204,2.0152,9,16,-67.2547,-84.2444,direct,0.0500,41.2000,-81.1784
430.2,node[20],0,4850.4392,3139.8193,1.8950,0.0000,0.0000,-1.5999,831179686#18,-76.2878,1.2447,100.0000,default,22,rsu(204m),2676,100565,0.2937,204,2.0182,5,8,-76.2878,-93.2775,direct,0.0500,41.2000,-81.1715
430.3,node[20],0,4850.4392,3139.8193,1.8950,0.0000,0.0000,-1.5999,831179686#18,-74.4024,3.6656,100.0000,default,22,rsu(204m),2677,100616,0.5824,204,2.0227,6,10,-74.4024,-91.3921,direct,0.0500,40.8000,-81.1643
430.4,node[20],0,4850.4392,3139.8193,1.8950,0.0000,0.0000,-1.5999,831179686#18,-76.5375,2.8449,100.0000,default,22,rsu(204m),2678,100667,0.4806,204,2.0224,5,8,-76.5375,-93.5272,direct,0.0500,40.8000,-81.1570
430.5,node[20],0,4850.4392,3139.8193,1.8950,0.0000,0.0000,-1.5999,831179686#18,-72.4265,6.6927,100.0000,default,22,rsu(204m),2679,100717,0.8637,204,2.0156,7,12,-72.4265,-89.4162,direct,0.0500,40.4000,-81.1493
430.6,node[20],0,4850.4392,3139.8193,1.8950,0.0000,0.0000,-1.5999,831179686#18,-73.1043,4.0416,100.0000,default,22,rsu(204m),2680,100768,0.6273,204,2.0232,6,10,-73.1043,-90.0940,direct,0.0500,40.4000,-81.1414
430.7,node[20],0,4850.4392,3139.8193,1.8950,0.0000,0.0000,-1.5999,831179686#18,-75.4483,3.8376,100.0000,default,22,rsu(204m),2681,100819,0.6032,204,2.0178,6,10,-75.4483,-92.4380,direct,0.0500,40.8000,-81.1333
430.8,node[20],0,4850.4392,3139.8193,1.8950,0.0000,0.0000,-1.5999,831179686#18,-71.6754,5.8629,100.0000,default,22,rsu(204m),2682,100868,0.8071,204,2.0180,7,12,-71.6754,-88.6651,direct,0.0500,40.8000,-81.1249
430.9,node[20],0,4850.4392,3139.8193,1.8950,0.0000,0.0000,-1.5999,831179686#18,-77.6739,-3.8313,100.0000,default,22,rsu(204m),2683,100919,0.0318,204,2.0247,2,2,-77.6739,-94.6636,direct,0.0500,40.0000,-81.1162
431,node[20],0,4850.4392,3139.8193,1.8950,0.0000,0.0000,-1.5999,831179686#18,-72.9515,0.8376,100.0000,default,22,rsu(204m),2684,100971,0.2533,204,2.0233,4,6,-72.9515,-89.9412,direct,0.0500,40.0000,-81.1073
431.1,node[20],0,4850.4392,3139.8193,1.8950,0.0000,0.0000,-1.5999,831179686#18,-70.9821,7.9752,100.0000,default,22,rsu(204m),2685,101021,0.9233,204,2.0260,8,14,-70.9821,-87.9718,direct,0.0500,40.8000,-81.0981
431.2,node[20],0,4850.4392,3139.8193,1.8950,0.0000,0.0000,-1.5999,831179686#18,-72.0294,5.0784,100.0000,default,22,rsu(204m),2686,101070,0.7387,204,2.0189,7,12,-72.0294,-89.0191,direct,0.0500,40.8000,-81.0885
431.3,node[20],0,4850.4392,3139.8193,1.8950,0.0000,0.0000,-1.5999,831179686#18,-70.0768,6.2580,100.0000,default,22,rsu(204m),2687,101121,0.8360,204,2.0274,7,12,-70.0768,-87.0665,direct,0.0500,40.0000,-81.0787
431.4,node[20],0,4850.4392,3139.8193,1.8950,0.0000,0.0000,-1.5999,831179686#18,-75.4224,0.6102,100.0000,default,22,rsu(204m),2688,101171,0.2324,204,2.0195,4,6,-75.4224,-92.4121,direct,0.0500,40.0000,-81.0685
431.5,node[20],0,4850.4392,3139.8193,1.8950,0.0000,0.0000,-1.5999,831179686#18,-75.4730,3.1650,100.0000,default,22,rsu(204m),2689,101222,0.5206,204,2.0265,6,10,-75.4730,-92.4627,direct,0.0500,40.4000,-81.0580
431.6,node[20],0,4850.4392,3139.8193,1.8950,0.0000,0.0000,-1.5999,831179686#18,-75.3362,-0.5325,100.0000,default,22,rsu(204m),2690,101274,0.1460,204,2.0265,4,6,-75.3362,-92.3259,direct,0.0500,40.4000,-81.0472
431.7,node[20],0,4850.4392,3139.8193,1.8950,0.0000,0.0000,-1.5999,831179686#18,-68.2854,10.8303,100.0000,default,22,rsu(204m),2691,101325,0.9805,204,2.0241,9,16,-68.2854,-85.2751,direct,0.0500,41.2000,-81.0360
431.8,node[20],0,4850.4392,3139.8193,1.8950,0.0000,0.0000,-1.5999,831179686#18,-67.5858,6.4753,100.0000,default,22,rsu(204m),2692,101375,0.8504,204,2.0155,7,12,-67.5858,-84.5755,direct,0.0500,41.2000,-81.0244
431.9,node[20],0,4850.4392,3139.8193,1.8950,0.0000,0.0000,-1.5999,831179686#18,-76.5976,0.2254,100.0000,default,22,rsu(204m),2693,101426,0.1998,204,2.0259,4,6,-76.5976,-93.5873,direct,0.0500,40.4000,-81.0126
432,node[20],0,4850.4392,3139.8193,1.8950,0.0000,0.0000,-1.5999,831179686#18,-72.7898,6.3564,100.0000,default,22,rsu(204m),2694,101476,0.8427,204,2.0250,7,12,-72.7898,-89.7795,direct,0.0500,40.4000,-81.0003
432.1,node[20],0,4850.4392,3139.8193,1.8950,0.0000,0.0000,-1.5999,831179686#18,-74.3682,1.5057,100.0000,default,22,rsu(204m),2695,101528,0.3214,204,2.0273,5,8,-74.3682,-91.3579,direct,0.0500,40.8000,-80.9876
432.2,node[20],0,4850.4392,3139.8193,1.8950,0.0000,0.0000,-1.5999,831179686#18,-72.0769,7.2815,100.0000,default,22,rsu(204m),2696,101579,0.8948,204,2.0197,8,14,-72.0769,-89.0666,direct,0.0500,40.8000,-80.9744
432.3,node[20],0,4850.4392,3139.8193,1.8950,0.0000,0.0000,-1.5999,831179686#18,-70.6484,8.2394,100.0000,default,22,rsu(204m),2697,101630,0.9321,204,2.0162,8,14,-70.6484,-87.6381,direct,0.0500,40.8000,-80.9609
432.4,node[20],0,4850.4392,3139.8193,1.8950,0.0000,0.0000,-1.5999,831179686#18,-69.9027,9.4587,100.0000,default,22,rsu(204m),2698,101682,0.9619,204,2.0152,9,16,-69.9027,-86.8924,direct,0.0500,40.8000,-80.9468
432.5,node[20],0,4850.4392,3139.8193,1.8950,0.0000,0.0000,-1.5999,831179686#18,-70.3807,7.1559,100.0000,default,22,rsu(204m),2699,101734,0.8887,204,2.0200,8,14,-70.3807,-87.3704,direct,0.0500,41.6000,-80.9321
432.6,node[20],0,4850.4392,3139.8193,1.8950,0.0000,0.0000,-1.5999,831179686#18,-79.8521,-1.9327,100.0000,default,22,rsu(204m),2700,101786,0.0783,204,2.0225,3,4,-79.8521,-96.8418,direct,0.0500,41.6000,-80.9170
432.7,node[20],0,4850.4392,3139.8193,1.8950,0.0000,0.0000,-1.5999,831179686#18,-78.3356,-3.6018,100.0000,default,22,rsu(204m),2701,101838,0.0355,204,2.0189,2,2,-78.3356,-95.3253,direct,0.0500,41.6000,-80.9014
432.8,node[20],0,4850.4392,3139.8193,1.8950,0.0000,0.0000,-1.5999,831179686#18,-74.7152,3.4769,100.0000,default,22,rsu(204m),2702,101887,0.5593,204,2.0232,6,10,-74.7152,-91.7049,direct,0.0500,41.6000,-80.8851
432.9,node[20],0,4850.4392,3139.8193,1.8950,0.0000,0.0000,-1.5999,831179686#18,-77.9688,-1.9613,100.0000,default,22,rsu(204m),2703,101937,0.0772,204,2.0278,3,4,-77.9688,-94.9585,direct,0.0500,39.6000,-80.8683
433,node[20],0,4850.4392,3139.8193,1.8950,0.0000,0.0000,-1.5999,831179686#18,-66.5887,8.0005,100.0000,default,22,rsu(204m),2704,101989,0.9242,204,2.0168,8,14,-66.5887,-83.5784,direct,0.0500,39.6000,-80.8509
433.1,node[20],0,4850.4392,3139.8193,1.8950,0.0000,0.0000,-1.5999,831179686#18,-69.2845,9.7314,100.0000,default,22,rsu(204m),2705,102040,0.9666,204,2.0153,9,16,-69.2845,-86.2742,direct,0.0500,41.2000,-80.8327
433.2,node[20],0,4850.4392,3139.8193,1.8950,0.0000,0.0000,-1.5999,831179686#18,-66.5528,9.3033,100.0000,default,22,rsu(204m),2706,102091,0.9590,204,2.0260,9,16,-66.5528,-83.5425,direct,0.0500,41.2000,-80.8139
433.3,node[20],0,4850.4392,3139.8193,1.8950,0.0000,0.0000,-1.5999,831179686#18,-74.5981,1.6851,100.0000,default,22,rsu(204m),2707,102142,0.3413,204,2.0238,5,8,-74.5981,-91.5878,direct,0.0500,40.8000,-80.7943
433.4,node[20],0,4850.4392,3139.8193,1.8950,0.0000,0.0000,-1.5999,831179686#18,-76.0897,-0.7925,100.0000,default,22,rsu(204m),2708,102194,0.1305,204,2.0181,4,6,-76.0897,-93.0794,direct,0.0500,40.8000,-80.7738
433.5,node[20],0,4850.4392,3139.8193,1.8950,0.0000,0.0000,-1.5999,831179686#18,-67.2867,7.3762,100.0000,default,22,rsu(204m),2709,102243,0.8992,204,2.0194,8,14,-67.2867,-84.2764,direct,0.0500,40.4000,-80.7526
433.6,node[20],0,4850.4392,3139.8193,1.8950,0.0000,0.0000,-1.5999,831179686#18,-69.5816,8.6924,100.0000,default,22,rsu(204m),2710,102293,0.9451,204,2.0232,8,14,-69.5816,-86.5713,direct,0.0500,40.4000,-80.7305
433.7,node[20],0,4850.4392,3139.8193,1.8950,0.0000,0.0000,-1.5999,831179686#18,-74.3245,2.4304,100.0000,default,22,rsu(204m),2711,102344,0.4293,204,2.0277,5,8,-74.3245,-91.3142,direct,0.0500,40.4000,-80.7074
433.8,node[20],0,4850.4392,3139.8193,1.8950,0.0000,0.0000,-1.5999,831179686#18,-72.4282,3.6365,100.0000,default,22,rsu(204m),2712,102396,0.5789,204,2.0261,6,10,-72.4282,-89.4179,direct,0.0500,40.4000,-80.6835
433.9,node[20],0,4850.4392,3139.8193,1.8950,0.0000,0.0000,-1.5999,831179686#18,-73.7491,3.5721,100.0000,default,22,rsu(204m),2713,102446,0.5710,204,2.0227,6,10,-73.7491,-90.7388,direct,0.0500,40.8000,-80.6585
434,node[20],0,4850.4392,3139.8193,1.8950,0.0000,0.0000,-1.5999,831179686#18,-82.8814,-3.8672,100.0000,default,22,rsu(204m),2714,102498,0.0313,204,2.0211,2,2,-82.8814,-99.8711,direct,0.0500,40.8000,-80.6322
434.1,node[20],0,4850.4392,3139.8193,1.8950,0.0000,0.0000,-1.5999,831179686#18,-66.2461,11.0171,100.0000,default,22,rsu(204m),2715,102549,0.9822,204,2.0159,10,18,-66.2461,-83.2358,direct,0.0500,41.2000,-80.6050
434.2,node[20],0,4850.4392,3139.8193,1.8950,0.0000,0.0000,-1.5999,831179686#18,-68.2802,6.4622,100.0000,default,22,rsu(204m),2716,102598,0.8496,204,2.0174,7,12,-68.2802,-85.2699,direct,0.0500,41.2000,-80.5764
434.3,node[20],0,4850.4392,3139.8193,1.8950,0.0000,0.0000,-1.5999,831179686#18,-71.4733,5.3921,100.0000,default,22,rsu(204m),2717,102649,0.7678,204,2.0275,7,12,-71.4733,-88.4630,direct,0.0500,40.0000,-80.5467
434.4,node[20],0,4850.4392,3139.8193,1.8950,0.0000,0.0000,-1.5999,831179686#18,-71.6621,2.9265,100.0000,default,22,rsu(204m),2718,102700,0.4908,204,2.0232,5,8,-71.6621,-88.6518,direct,0.0500,40.0000,-80.5156
434.5,node[20],0,4850.4392,3139.8193,1.8950,0.0000,0.0000,-1.5999,831179686#18,-75.3863,2.1641,100.0000,default,22,rsu(204m),2719,102752,0.3970,204,2.0277,5,8,-75.3863,-92.3760,direct,0.0500,41.2000,-80.4832
434.6,node[20],0,4850.4392,3139.8193,1.8950,0.0000,0.0000,-1.5999,831179686#18,-73.3158,2.0037,100.0000,default,22,rsu(204m),2720,102804,0.3780,204,2.0256,5,8,-73.3158,-90.3055,direct,0.0500,41.2000,-80.4493
434.7,node[20],0,4850.4392,3139.8193,1.8950,0.0000,0.0000,-1.5999,831179686#18,-68.7892,9.7084,100.0000,default,22,rsu(204m),2721,102854,0.9662,204,2.0211,9,16,-68.7892,-85.7789,direct,0.0500,40.8000,-80.4139
434.8,node[20],0,4850.4392,3139.8193,1.8950,0.0000,0.0000,-1.5999,831179686#18,-78.4711,0.2741,100.0000,default,22,rsu(204m),2722,102904,0.2038,204,2.0167,4,6,-78.4711,-95.4608,direct,0.0500,40.8000,-80.3767
434.9,node[20],0,4850.4392,3139.8193,1.8950,0.0000,0.0000,-1.5999,831179686#18,-65.5416,11.3684,100.0000,default,22,rsu(204m),2723,102955,0.9850,204,2.0270,10,18,-65.5416,-82.5313,direct,0.0500,40.4000,-80.3378
435,node[20],0,4850.4392,3139.8193,1.8950,0.0000,0.0000,-1.5999,831179686#18,-72.1098,6.5521,100.0000,default,22,rsu(204m),2724,103006,0.8552,204,2.0156,7,12,-72.1098,-89.0995,direct,0.0500,40.4000,-80.2971
435.1,node[20],0,4850.4392,3139.8193,1.8950,0.0000,0.0000,-1.5999,831179686#18,-72.5661,3.9455,100.0000,default,22,rsu(204m),2725,103058,0.6160,204,2.0267,6,10,-72.5661,-89.5558,direct,0.0500,41.2000,-80.2546
435.2,node[20],0,4850.4392,3139.8193,1.8950,0.0000,0.0000,-1.5999,831179686#18,-69.6317,4.5618,100.0000,default,22,rsu(204m),2726,103109,0.6859,204,2.0162,6,10,-69.6317,-86.6214,direct,0.0500,41.2000,-80.2099
435.3,node[20],0,4850.4392,3139.8193,1.8950,0.0000,0.0000,-1.5999,831179686#18,-70.8168,6.2091,100.0000,default,22,rsu(204m),2727,103160,0.8327,204,2.0274,7,12,-70.8168,-87.8065,direct,0.0500,40.8000,-80.1631
435.4,node[20],0,4850.4392,3139.8193,1.8950,0.0000,0.0000,-1.5999,831179686#18,-73.0213,2.7178,100.0000,default,22,rsu(204m),2728,103210,0.4648,204,2.0246,5,8,-73.0213,-90.0110,direct,0.0500,40.8000,-80.1138
435.5,node[20],0,4850.4392,3139.8193,1.8950,0.0000,0.0000,-1.5999,831179686#18,-74.7652,3.8188,100.0000,default,22,rsu(204m),2729,103260,0.6009,204,2.0269,6,10,-74.7652,-91.7549,direct,0.0500,40.0000,-80.0623
435.6,node[20],0,4850.4392,3139.8193,1.8950,0.0000,0.0000,-1.5999,831179686#18,-76.5144,2.7630,100.0000,default,22,rsu(204m),2730,103311,0.4704,204,2.0157,5,8,-76.5144,-93.5041,direct,0.0500,40.0000,-80.0079
435.7,node[20],0,4850.4392,3139.8193,1.8950,0.0000,0.0000,-1.5999,831179686#18,-72.9567,5.6941,100.0000,default,22,rsu(204m),2731,103362,0.7936,204,2.0241,7,12,-72.9567,-89.9464,direct,0.0500,40.8000,-79.9508
435.8,node[20],0,4850.4392,3139.8193,1.8950,0.0000,0.0000,-1.5999,831179686#18,-71.5262,4.7811,100.0000,default,22,rsu(204m),2732,103413,0.7090,204,2.0180,6,10,-71.5262,-88.5159,direct,0.0500,40.8000,-79.8907
435.9,node[20],0,4850.4392,3139.8193,1.8950,0.0000,0.0000,-1.5999,831179686#18,-72.6870,3.8748,100.0000,default,22,rsu(204m),2733,103464,0.6076,204,2.0218,6,10,-72.6870,-89.6767,direct,0.0500,40.8000,-79.8273
436,node[20],0,4850.4392,3139.8193,1.8950,0.0000,0.0000,-1.5999,831179686#18,-67.7667,7.8958,100.0000,default,22,rsu(204m),2734,103515,0.9204,204,2.0237,8,14,-67.7667,-84.7564,direct,0.0500,40.8000,-79.7603
436.1,node[20],0,4850.4392,3139.8193,1.8950,0.0000,0.0000,-1.5999,831179686#18,-74.2553,2.1762,100.0000,default,22,rsu(204m),2735,103566,0.3985,204,2.0177,5,8,-74.2553,-91.2450,direct,0.0500,40.8000,-79.6896
436.2,node[20],0,4850.4392,3139.8193,1.8950,0.0000,0.0000,-1.5999,831179686#18,-77.7893,1.5257,100.0000,default,22,rsu(204m),2736,103618,0.3236,204,2.0218,5,8,-77.7893,-94.7790,direct,0.0500,40.8000,-79.6148
436.3,node[20],0,4850.4392,3139.8193,1.8950,0.0000,0.0000,-1.5999,831179686#18,-75.1093,3.6424,100.0000,default,22,rsu(204m),2737,103671,0.5796,204,2.0195,6,10,-75.1093,-92.0990,direct,0.0500,42.0000,-79.5359
436.4,node[20],0,4850.4392,3139.8193,1.8950,0.0000,0.0000,-1.5999,831179686#18,-67.5971,10.6858,100.0000,default,22,rsu(204m),2738,103722,0.9790,204,2.0208,9,16,-67.5971,-84.5868,direct,0.0500,42.0000,-79.4523
436.5,node[20],0,4850.4392,3139.8193,1.8950,0.0000,0.0000,-1.5999,831179686#18,-72.7321,3.8970,100.0000,default,22,rsu(204m),2739,103773,0.6103,204,2.0149,6,10,-72.7321,-89.7218,direct,0.0500,40.8000,-79.3651
436.6,node[20],0,4850.4392,3139.8193,1.8950,0.0000,0.0000,-1.5999,831179686#18,-71.1580,8.2196,100.0000,default,22,rsu(204m),2740,103826,0.9315,204,2.0184,8,14,-71.1580,-88.1477,direct,0.0500,40.8000,-79.2744
436.7,node[20],0,4850.4392,3139.8193,1.8950,0.0000,0.0000,-1.5999,831179686#18,-72.0785,6.3691,100.0000,default,22,rsu(204m),2741,103878,0.8435,204,2.0199,7,12,-72.0785,-89.0682,direct,0.0500,42.0000,-79.1799
436.8,node[20],0,4850.4392,3139.8193,1.8950,0.0000,0.0000,-1.5999,831179686#18,-82.9259,-5.0000,100.0000,default,22,rsu(204m),2742,103931,0.0180,204,2.0257,2,2,-82.9259,-99.9156,direct,0.0500,42.0000,-79.0812
436.9,node[20],0,4850.4392,3139.8193,1.8950,0.0000,0.0000,-1.5999,831179686#18,-72.0249,4.4681,100.0000,default,22,rsu(204m),2743,103984,0.6757,204,2.0186,6,10,-72.0249,-89.0146,direct,0.0500,42.4000,-78.9785
437,node[20],0,4850.4392,3139.8193,1.8950,0.0000,0.0000,-1.5999,831179686#18,-67.0846,7.3838,100.0000,default,22,rsu(204m),2744,104037,0.8995,204,2.0233,8,14,-67.0846,-84.0743,direct,0.0500,42.4000,-78.8717
437.1,node[20],0,4850.4392,3139.8193,1.8950,0.0000,0.0000,-1.5999,831179686#18,-68.0378,7.5754,100.0000,default,22,rsu(204m),2745,104090,0.9079,204,2.0163,8,14,-68.0378,-85.0275,direct,0.0500,42.4000,-78.7609
437.2,node[20],0,4850.4392,3139.8193,1.8950,0.0000,0.0000,-1.5999,831179686#18,-69.5935,6.4095,100.0000,default,22,rsu(204m),2746,104143,0.8462,204,2.0156,7,12,-69.5935,-86.5832,direct,0.0500,42.4000,-78.6461
437.3,node[20],0,4850.4392,3139.8193,1.8950,0.0000,0.0000,-1.5999,831179686#18,-75.0616,0.2430,100.0000,default,22,rsu(204m),2747,104197,0.2012,204,2.0256,4,6,-75.0616,-92.0513,direct,0.0500,42.8000,-78.5262
437.4,node[20],0,4850.4392,3139.8193,1.8950,0.0000,0.0000,-1.5999,831179686#18,-75.8354,2.1578,100.0000,default,22,rsu(204m),2748,104248,0.3962,204,2.0273,5,8,-75.8354,-92.8251,direct,0.0500,42.8000,-78.4014
437.5,node[20],0,4850.4392,3139.8193,1.8950,0.0000,0.0000,-1.5999,831179686#18,-69.1292,9.8644,100.0000,default,22,rsu(204m),2749,104300,0.9687,204,2.0270,9,16,-69.1292,-86.1189,direct,0.0500,41.2000,-78.2720
437.6,node[20],0,4850.4392,3139.8193,1.8950,0.0000,0.0000,-1.5999,831179686#18,-69.8555,9.2230,100.0000,default,22,rsu(204m),2750,104352,0.9574,204,2.0267,9,16,-69.8555,-86.8452,direct,0.0500,41.2000,-78.1381
437.7,node[20],0,4850.4392,3139.8193,1.8950,0.0000,0.0000,-1.5999,831179686#18,-73.2254,4.6459,100.0000,default,22,rsu(204m),2751,104406,0.6949,204,2.0239,6,10,-73.2254,-90.2151,direct,0.0500,42.4000,-77.9993
437.8,node[20],0,4850.4392,3139.8193,1.8950,0.0000,0.0000,-1.5999,831179686#18,-73.2208,3.2211,100.0000,default,22,rsu(204m),2752,104460,0.5276,204,2.0206,6,10,-73.2208,-90.2105,direct,0.0500,42.4000,-77.8557
437.9,node[20],0,4850.4392,3139.8193,1.8950,0.0000,0.0000,-1.5999,831179686#18,-67.6977,10.2945,100.0000,default,22,rsu(204m),2753,104512,0.9746,204,2.0228,9,16,-67.6977,-84.6874,direct,0.0500,42.4000,-77.7064
438,node[20],0,4850.4392,3139.8193,1.8950,0.0000,0.0000,-1.5999,831179686#18,-67.1320,11.4523,100.0000,default,22,rsu(204m),2754,104565,0.9856,204,2.0157,10,18,-67.1320,-84.1217,direct,0.0500,42.4000,-77.5525
438.1,node[20],0,4850.4392,3139.8193,1.8950,0.0000,0.0000,-1.5999,831179686#18,-70.3200,6.3719,100.0000,default,22,rsu(204m),2755,104618,0.8437,204,2.0149,7,12,-70.3200,-87.3097,direct,0.0500,42.4000,-77.3934
438.2,node[20],0,4850.4392,3139.8193,1.8950,0.0000,0.0000,-1.5999,831179686#18,-72.8865,5.4490,100.0000,default,22,rsu(204m),2756,104672,0.7729,204,2.0245,7,12,-72.8865,-89.8762,direct,0.0500,42.4000,-77.2282
438.3,node[20],0,4850.4392,3139.8193,1.8950,0.0000,0.0000,-1.5999,831179686#18,-73.9710,5.0343,100.0000,default,22,rsu(204m),2757,104726,0.7344,204,2.0158,7,12,-73.9710,-90.9607,direct,0.0500,43.2000,-77.0580
438.4,node[20],0,4850.4392,3139.8193,1.8950,0.0000,0.0000,-1.5999,831179686#18,-73.2581,4.5713,100.0000,default,22,rsu(204m),2758,104778,0.6869,204,2.0221,6,10,-73.2581,-90.2478,direct,0.0500,43.2000,-76.8826
438.5,node[20],0,4850.4392,3139.8193,1.8950,0.0000,0.0000,-1.5999,831179686#18,-72.9168,4.1789,100.0000,default,22,rsu(204m),2759,104829,0.6432,204,2.0222,6,10,-72.9168,-89.9065,direct,0.0500,41.2000,-76.7009
438.6,node[20],0,4850.4392,3139.8193,1.8950,0.0000,0.0000,-1.5999,831179686#18,-68.2672,7.2804,100.0000,default,22,rsu(204m),2760,104882,0.8947,204,2.0156,8,14,-68.2672,-85.2569,direct,0.0500,41.2000,-76.5137
438.7,node[20],0,4850.4392,3139.8193,1.8950,0.0000,0.0000,-1.5999,831179686#18,-76.6675,2.0082,100.0000,default,22,rsu(204m),2761,104934,0.3785,204,2.0220,5,8,-76.6675,-93.6572,direct,0.0500,42.0000,-76.3210
438.8,node[20],0,4850.4392,3139.8193,1.8950,0.0000,0.0000,-1.5999,831179686#18,-74.9119,2.4871,100.0000,default,22,rsu(204m),2762,104987,0.4362,204,2.0184,5,8,-74.9119,-91.9016,direct,0.0500,42.0000,-76.1228
438.9,node[20],0,4850.4392,3139.8193,1.8950,0.0000,0.0000,-1.5999,831179686#18,-73.3866,1.7431,100.0000,default,22,rsu(204m),2763,105040,0.3479,204,2.0245,5,8,-73.3866,-90.3763,direct,0.0500,42.4000,-75.9193
439,node[20],0,4850.4392,3139.8193,1.8950,0.0000,0.0000,-1.5999,831179686#18,-74.6501,4.6966,100.0000,default,22,rsu(204m),2764,105092,0.7002,204,2.0275,6,10,-74.6501,-91.6398,direct,0.0500,42.4000,-75.7092
439.1,node[20],0,4850.4392,3139.8193,1.8950,0.0000,0.0000,-1.5999,831179686#18,-68.1483,9.8738,100.0000,default,22,rsu(204m),2765,105145,0.9688,204,2.0150,9,16,-68.1483,-85.1380,direct,0.0500,42.0000,-75.4939
439.2,node[20],0,4850.4392,3139.8193,1.8950,0.0000,0.0000,-1.5999,831179686#18,-78.7640,-1.7159,100.0000,default,22,rsu(204m),2766,105198,0.0864,204,2.0214,3,4,-78.7640,-95.7537,direct,0.0500,42.0000,-75.2740
439.3,node[20],0,4850.4392,3139.8193,1.8950,0.0000,0.0000,-1.5999,831179686#18,-74.0581,3.8243,100.0000,default,22,rsu(204m),2767,105251,0.6016,204,2.0251,6,10,-74.0581,-91.0478,direct,0.0500,42.4000,-75.0492
439.4,node[20],0,4850.4392,3139.8193,1.8950,0.0000,0.0000,-1.5999,831179686#18,-78.2139,-4.4174,100.0000,default,22,rsu(204m),2768,105304,0.0239,204,2.0214,2,2,-78.2139,-95.2036,direct,0.0500,42.4000,-74.8191
439.5,node[20],0,4850.4392,3139.8193,1.8950,0.0000,0.0000,-1.5999,831179686#18,-67.3693,10.9614,100.0000,default,22,rsu(204m),2769,105357,0.9817,204,2.0253,9,16,-67.3693,-84.3590,direct,0.0500,42.4000,-74.5847
439.6,node[20],0,4850.4392,3139.8193,1.8950,0.0000,0.0000,-1.5999,831179686#18,-75.6093,-0.4774,100.0000,default,21,rsu(204m),2770,105409,0.1495,204,2.0155,4,6,-75.6093,-92.5990,direct,0.0500,42.4000,-74.3499
439.7,node[20],0,4850.4392,3139.8193,1.8950,0.0000,0.0000,-1.5999,831179686#18,-71.7425,6.7966,100.0000,default,21,rsu(204m),2771,105460,0.8697,204,2.0162,7,12,-71.7425,-88.7322,direct,0.0500,41.2000,-74.1036
439.8,node[20],0,4850.4392,3139.8193,1.8950,0.0000,0.0000,-1.5999,831179686#18,-69.5459,4.6927,100.0000,default,21,rsu(204m),2772,105512,0.6998,204,2.0231,6,10,-69.5459,-86.5356,direct,0.0500,41.2000,-73.8533
439.9,node[20],0,4850.4392,3139.8193,1.8950,0.0000,0.0000,-1.5999,831179686#18,-75.4981,3.1620,100.0000,default,21,rsu(204m),2773,105564,0.5202,204,2.0266,6,10,-75.4981,-92.4878,direct,0.0500,41.6000,-73.5979
440,node[20],0,4850.4392,3139.8193,1.8950,0.0000,0.0000,-1.5999,831179686#18,-76.6615,0.3844,100.0000,default,21,rsu(204m),2774,105616,0.2129,204,2.0276,4,6,-76.6615,-93.6512,direct,0.0500,41.6000,-73.3385
440.1,node[20],0,4850.4392,3139.8193,1.8950,0.0000,0.0000,-1.5999,831179686#18,-72.0991,3.3835,100.0000,default,21,rsu(204m),2775,105669,0.5478,204,2.0204,6,10,-72.0991,-89.0888,direct,0.0500,42.0000,-73.0750
440.2,node[20],0,4850.4392,3139.8193,1.8950,0.0000,0.0000,-1.5999,831179686#18,-66.2840,12.0517,100.0000,default,21,rsu(204m),2776,105721,0.9893,204,2.0217,10,18,-66.2840,-83.2737,direct,0.0500,42.0000,-72.8059
440.3,node[20],0,4850.4392,3139.8193,1.8950,0.0000,0.0000,-1.5999,831179686#18,-67.4561,8.4023,100.0000,default,21,rsu(204m),2777,105774,0.9371,204,2.0178,8,14,-67.4561,-84.4458,direct,0.0500,42.0000,-72.5332
440.4,node[20],0,4850.4392,3139.8193,1.8950,0.0000,0.0000,-1.5999,831179686#18,-67.6467,9.4461,100.0000,default,21,rsu(204m),2778,105826,0.9617,204,2.0252,9,16,-67.6467,-84.6364,direct,0.0500,42.0000,-72.2585
440.5,node[20],0,4850.4392,3139.8193,1.8950,0.0000,0.0000,-1.5999,831179686#18,-71.4084,4.4344,100.0000,default,21,rsu(204m),2779,105880,0.6720,204,2.0232,6,10,-71.4084,-88.3981,direct,0.0500,42.4000,-71.9791
440.6,node[20],0,4850.4392,3139.8193,1.8950,0.0000,0.0000,-1.5999,831179686#18,-67.3825,6.9316,100.0000,default,21,rsu(204m),2780,105932,0.8772,204,2.0180,7,12,-67.3825,-84.3722,direct,0.0500,42.4000,-71.6975
440.7,node[20],0,4850.4392,3139.8193,1.8950,0.0000,0.0000,-1.5999,831179686#18,-74.7709,3.1942,100.0000,default,21,rsu(204m),2781,105985,0.5243,204,2.0186,6,10,-74.7709,-91.7606,direct,0.0500,42.0000,-71.4158
440.8,node[20],0,4850.4392,3139.8193,1.8950,0.0000,0.0000,-1.5999,831179686#18,-66.9135,11.5932,100.0000,default,21,rsu(204m),2782,106038,0.9866,204,2.0262,10,18,-66.9135,-83.9032,direct,0.0500,42.0000,-71.1334
440.9,node[20],0,4850.4392,3139.8193,1.8950,0.0000,0.0000,-1.5999,831179686#18,-70.4647,8.7520,100.0000,default,21,rsu(204m),2783,106091,0.9466,204,2.0204,8,14,-70.4647,-87.4544,direct,0.0500,42.4000,-70.8469
441,node[20],0,4850.4392,3139.8193,1.8950,0.0000,0.0000,-1.5999,831179686#18,-74.0828,-0.3334,100.0000,default,21,rsu(204m),2784,106145,0.1589,204,2.0201,4,6,-74.0828,-91.0725,direct,0.0500,42.4000,-70.5586
441.1,node[20],0,4850.4392,3139.8193,1.8950,0.0000,0.0000,-1.5999,831179686#18,-68.1502,7.2176,100.0000,default,21,rsu(204m),2785,106198,0.8918,204,2.0151,8,14,-68.1502,-85.1399,direct,0.0500,42.8000,-70.2713
441.2,node[20],0,4850.4392,3139.8193,1.8950,0.0000,0.0000,-1.5999,831179686#18,-73.1249,3.0687,100.0000,default,21,rsu(204m),2786,106252,0.5086,204,2.0149,6,10,-73.1249,-90.1146,direct,0.0500,42.8000,-69.9829
441.3,node[20],0,4850.4392,3139.8193,1.8950,0.0000,0.0000,-1.5999,831179686#18,-70.0945,3.9725,100.0000,default,21,rsu(204m),2787,106303,0.6192,204,2.0255,6,10,-70.0945,-87.0842,direct,0.0500,42.0000,-69.6960
441.4,node[20],0,4850.4392,3139.8193,1.8950,0.0000,0.0000,-1.5999,831179686#18,-68.4299,8.8392,100.0000,default,21,rsu(204m),2788,106357,0.9488,204,2.0185,8,14,-68.4299,-85.4196,direct,0.0500,42.0000,-69.4061
441.5,node[20],0,4850.4392,3139.8193,1.8950,0.0000,0.0000,-1.5999,831179686#18,-71.3421,6.8289,100.0000,default,21,rsu(204m),2789,106411,0.8715,204,2.0186,7,12,-71.3421,-88.3318,direct,0.0500,43.2000,-69.1173
441.6,node[20],0,4850.4392,3139.8193,1.8950,0.0000,0.0000,-1.5999,831179686#18,-71.0677,4.6566,100.0000,default,21,rsu(204m),2790,106465,0.6960,204,2.0188,6,10,-71.0677,-88.0574,direct,0.0500,43.2000,-68.8293
441.7,node[20],0,4850.4392,3139.8193,1.8950,0.0000,0.0000,-1.5999,831179686#18,-70.1645,7.3096,100.0000,default,21,rsu(204m),2791,106517,0.8961,204,2.0239,8,14,-70.1645,-87.1542,direct,0.0500,42.4000,-68.5480
441.8,node[20],0,4850.4392,3139.8193,1.8950,0.0000,0.0000,-1.5999,831179686#18,-73.6228,1.6413,100.0000,default,21,rsu(204m),2792,106570,0.3364,204,2.0169,5,8,-73.6228,-90.6125,direct,0.0500,42.4000,-68.2687
441.9,node[20],0,4850.4392,3139.8193,1.8950,0.0000,0.0000,-1.5999,831179686#18,-67.6339,11.4194,100.0000,default,21,rsu(204m),2793,106622,0.9854,204,2.0222,10,18,-67.6339,-84.6236,direct,0.0500,42.0000,-67.9916
442,node[20],0,4850.4392,3139.8193,1.8950,0.0000,0.0000,-1.5999,831179686#18,-73.3299,3.8375,100.0000,default,21,rsu(204m),2794,106676,0.6032,204,2.0240,6,10,-73.3299,-90.3196,direct,0.0500,42.0000,-67.7210
442.1,node[20],0,4850.4392,3139.8193,1.8950,0.0000,0.0000,-1.5999,831179686#18,-74.0153,2.8582,100.0000,default,21,rsu(204m),2795,106730,0.4823,204,2.0271,5,8,-74.0153,-91.0050,direct,0.0500,43.2000,-67.4532
442.2,node[20],0,4850.4392,3139.8193,1.8950,0.0000,0.0000,-1.5999,831179686#18,-74.7039,2.0236,100.0000,default,21,rsu(204m),2796,106783,0.3803,204,2.0201,5,8,-74.7039,-91.6936,direct,0.0500,43.2000,-67.1905
442.3,node[20],0,4850.4392,3139.8193,1.8950,0.0000,0.0000,-1.5999,831179686#18,-68.5008,9.3604,100.0000,default,21,rsu(204m),2797,106836,0.9601,204,2.0262,9,16,-68.5008,-85.4905,direct,0.0500,42.4000,-66.9343
442.4,node[20],0,4850.4392,3139.8193,1.8950,0.0000,0.0000,-1.5999,831179686#18,-71.9025,5.2234,100.0000,default,21,rsu(204m),2798,106888,0.7524,204,2.0159,7,12,-71.9025,-88.8922,direct,0.0500,42.4000,-66.6811
442.5,node[20],0,4850.4392,3139.8193,1.8950,0.0000,0.0000,-1.5999,831179686#18,-79.8231,-1.5345,100.0000,default,21,rsu(204m),2799,106942,0.0939,204,2.0269,3,4,-79.8231,-96.8128,direct,0.0500,42.4000,-66.4362
442.6,node[20],0,4850.4392,3139.8193,1.8950,0.0000,0.0000,-1.5999,831179686#18,-68.3396,10.7228,100.0000,default,21,rsu(204m),2800,106996,0.9794,204,2.0151,9,16,-68.3396,-85.3293,direct,0.0500,42.4000,-66.1926
442.7,node[20],0,4850.4392,3139.8193,1.8950,0.0000,0.0000,-1.5999,831179686#18,-65.9472,9.8164,100.0000,default,21,rsu(204m),2801,107049,0.9680,204,2.0216,9,16,-65.9472,-82.9369,direct,0.0500,42.8000,-65.9562
442.8,node[20],0,4850.4392,3139.8193,1.8950,0.0000,0.0000,-1.5999,831179686#18,-75.7654,1.8452,100.0000,default,21,rsu(204m),2802,107102,0.3595,204,2.0268,5,8,-75.7654,-92.7551,direct,0.0500,42.8000,-65.7260
442.9,node[20],0,4850.4392,3139.8193,1.8950,0.0000,0.0000,-1.5999,831179686#18,-75.8086,1.3391,100.0000,default,21,rsu(204m),2803,107154,0.3036,204,2.0274,5,8,-75.8086,-92.7983,direct,0.0500,42.0000,-65.5036
443,node[20],0,4850.4392,3139.8193,1.8950,0.0000,0.0000,-1.5999,831179686#18,-69.5443,5.4519,100.0000,default,21,rsu(204m),2804,107205,0.7731,204,2.0151,7,12,-69.5443,-86.5340,direct,0.0500,42.0000,-65.2916
443.1,node[20],0,4850.4392,3139.8193,1.8950,0.0000,0.0000,-1.5999,831179686#18,-69.9081,6.3756,100.0000,default,21,rsu(204m),2805,107258,0.8439,204,2.0206,7,12,-69.9081,-86.8978,direct,0.0500,41.6000,-65.0904
443.2,node[20],0,4850.4392,3139.8193,1.8950,0.0000,0.0000,-1.5999,831179686#18,-69.2237,8.8663,100.0000,default,21,rsu(204m),2806,107312,0.9495,204,2.0198,8,14,-69.2237,-86.2134,direct,0.0500,41.6000,-64.8936
443.3,node[20],0,4850.4392,3139.8193,1.8950,0.0000,0.0000,-1.5999,831179686#18,-77.0296,0.6925,100.0000,default,21,rsu(204m),2807,107365,0.2398,204,2.0174,4,6,-77.0296,-94.0193,direct,0.0500,42.8000,-64.7146
443.4,node[20],0,4850.4392,3139.8193,1.8950,0.0000,0.0000,-1.5999,831179686#18,-71.5962,5.9506,100.0000,default,21,rsu(204m),2808,107417,0.8139,204,2.0269,7,12,-71.5962,-88.5859,direct,0.0500,42.8000,-64.5368
443.5,node[20],0,4850.4392,3139.8193,1.8950,0.0000,0.0000,-1.5999,831179686#18,-69.9733,9.4126,100.0000,default,21,rsu(204m),2809,107469,0.9611,204,2.0176,9,16,-69.9733,-86.9630,direct,0.0500,41.6000,-64.3734
443.6,node[20],0,4850.4392,3139.8193,1.8950,0.0000,0.0000,-1.5999,831179686#18,-65.4304,13.0725,100.0000,default,21,rsu(204m),2810,107521,0.9935,204,2.0187,11,20,-65.4304,-82.4201,direct,0.0500,41.6000,-64.2172
443.7,node[20],0,4850.4392,3139.8193,1.8950,0.0000,0.0000,-1.5999,831179686#18,-67.7017,11.1443,100.0000,default,21,rsu(204m),2811,107574,0.9832,204,2.0257,10,18,-67.7017,-84.6914,direct,0.0500,42.0000,-64.0660
443.8,node[20],0,4850.4392,3139.8193,1.8950,0.0000,0.0000,-1.5999,831179686#18,-74.3060,4.8602,100.0000,default,21,rsu(204m),2812,107625,0.7171,204,2.0168,6,10,-74.3060,-91.2957,direct,0.0500,42.0000,-63.9281
443.9,node[20],0,4850.4392,3139.8193,1.8950,0.0000,0.0000,-1.5999,831179686#18,-68.2550,9.9776,100.0000,default,21,rsu(204m),2813,107677,0.9704,204,2.0266,9,16,-68.2550,-85.2447,direct,0.0500,41.2000,-63.7951
444,node[20],0,4850.4392,3139.8193,1.8950,0.0000,0.0000,-1.5999,831179686#18,-74.7775,0.6376,100.0000,default,21,rsu(204m),2814,107728,0.2348,204,2.0178,4,6,-74.7775,-91.7672,direct,0.0500,41.2000,-63.6740
444.1,node[20],0,4850.4392,3139.8193,1.8950,0.0000,0.0000,-1.5999,831179686#18,-68.1141,9.3672,100.0000,default,21,rsu(204m),2815,107780,0.9602,204,2.0254,9,16,-68.1141,-85.1038,direct,0.0500,41.2000,-63.5613
444.2,node[20],0,4850.4392,3139.8193,1.8950,0.0000,0.0000,-1.5999,831179686#18,-81.9269,-2.8199,100.0000,default,21,rsu(204m),2816,107833,0.0517,204,2.0201,3,4,-81.9269,-98.9166,direct,0.0500,41.2000,-63.4534
444.3,node[20],0,4850.4392,3139.8193,1.8950,0.0000,0.0000,-1.5999,831179686#18,-72.0863,3.5317,100.0000,default,21,rsu(204m),2817,107886,0.5661,204,2.0274,6,10,-72.0863,-89.0760,direct,0.0500,42.4000,-63.3560
444.4,node[20],0,4850.4392,3139.8193,1.8950,0.0000,0.0000,-1.5999,831179686#18,-78.0942,-2.1967,100.0000,default,21,rsu(204m),2818,107940,0.0692,204,2.0249,3,4,-78.0942,-95.0839,direct,0.0500,42.4000,-63.2626
444.5,node[20],0,4850.4392,3139.8193,1.8950,0.0000,0.0000,-1.5999,831179686#18,-72.4218,4.8812,100.0000,default,21,rsu(204m),2819,107995,0.7192,204,2.0247,6,10,-72.4218,-89.4115,direct,0.0500,43.6000,-63.1770
444.6,node[20],0,4850.4392,3139.8193,1.8950,0.0000,0.0000,-1.5999,831179686#18,-75.8372,-1.2971,100.0000,default,21,rsu(204m),2820,108047,0.1045,204,2.0194,3,4,-75.8372,-92.8269,direct,0.0500,43.6000,-63.0991
444.7,node[20],0,4850.4392,3139.8193,1.8950,0.0000,0.0000,-1.5999,831179686#18,-71.8107,4.1728,100.0000,default,21,rsu(204m),2821,108101,0.6425,204,2.0175,6,10,-71.8107,-88.8004,direct,0.0500,42.4000,-63.0260
444.8,node[20],0,4850.4392,3139.8193,1.8950,0.0000,0.0000,-1.5999,831179686#18,-68.7254,7.5374,100.0000,default,21,rsu(204m),2822,108155,0.9062,204,2.0243,8,14,-68.7254,-85.7151,direct,0.0500,42.4000,-62.9587
444.9,node[20],0,4850.4392,3139.8193,1.8950,0.0000,0.0000,-1.5999,831179686#18,-66.9993,8.5504,100.0000,default,21,rsu(204m),2823,108210,0.9413,204,2.0275,8,14,-66.9993,-83.9890,direct,0.0500,43.6000,-62.8985
445,node[20],0,4850.4392,3139.8193,1.8950,0.0000,0.0000,-1.5999,831179686#18,-77.4439,1.8693,100.0000,default,21,rsu(204m),2824,108264,0.3623,204,2.0227,5,8,-77.4439,-94.4336,direct,0.0500,43.6000,-62.8427
445.1,node[20],0,4850.4392,3139.8193,1.8950,0.0000,0.0000,-1.5999,831179686#18,-69.9561,8.1053,100.0000,default,21,rsu(204m),2825,108318,0.9278,204,2.0201,8,14,-69.9561,-86.9458,direct,0.0500,43.2000,-62.7905
445.2,node[20],0,4850.4392,3139.8193,1.8950,0.0000,0.0000,-1.5999,831179686#18,-74.3331,3.8838,100.0000,default,21,rsu(204m),2826,108371,0.6087,204,2.0179,6,10,-74.3331,-91.3228,direct,0.0500,43.2000,-62.7434
445.3,node[20],0,4850.4392,3139.8193,1.8950,0.0000,0.0000,-1.5999,831179686#18,-72.7255,5.9414,100.0000,default,21,rsu(204m),2827,108423,0.8132,204,2.0203,7,12,-72.7255,-89.7152,direct,0.0500,42.0000,-62.7001
445.4,node[20],0,4850.4392,3139.8193,1.8950,0.0000,0.0000,-1.5999,831179686#18,-65.9475,10.8818,100.0000,default,21,rsu(204m),2828,108476,0.9809,204,2.0226,9,16,-65.9475,-82.9372,direct,0.0500,42.0000,-62.6614
445.5,node[20],0,4850.4392,3139.8193,1.8950,0.0000,0.0000,-1.5999,831179686#18,-69.0983,8.8897,100.0000,default,21,rsu(204m),2829,108529,0.9500,204,2.0239,8,14,-69.0983,-86.0880,direct,0.0500,42.4000,-62.6257
445.6,node[20],0,4850.4392,3139.8193,1.8950,0.0000,0.0000,-1.5999,831179686#18,-68.5784,10.3175,100.0000,default,21,rsu(204m),2830,108582,0.9749,204,2.0223,9,16,-68.5784,-85.5681,direct,0.0500,42.4000,-62.5944
445.7,node[20],0,4850.4392,3139.8193,1.8950,0.0000,0.0000,-1.5999,831179686#18,-76.6007,2.4017,100.0000,default,21,rsu(204m),2831,108635,0.4258,204,2.0175,5,8,-76.6007,-93.5904,direct,0.0500,42.4000,-62.5645
445.8,node[20],0,4850.4392,3139.8193,1.8950,0.0000,0.0000,-1.5999,831179686#18,-72.4385,5.1502,100.0000,default,21,rsu(204m),2832,108690,0.7456,204,2.0165,7,12,-72.4385,-89.4282,direct,0.0500,42.4000,-62.5384
445.9,node[20],0,4850.4392,3139.8193,1.8950,0.0000,0.0000,-1.5999,831179686#18,-73.2638,5.2924,100.0000,default,21,rsu(204m),2833,108744,0.7588,204,2.0149,7,12,-73.2638,-90.2535,direct,0.0500,43.6000,-62.5144
446,node[20],0,4850.4392,3139.8193,1.8950,0.0000,0.0000,-1.5999,831179686#18,-79.3734,-2.4032,100.0000,default,21,rsu(204m),2834,108798,0.0629,204,2.0263,3,4,-79.3734,-96.3631,direct,0.0500,43.6000,-62.4931
446.1,node[20],0,4850.4392,3139.8193,1.8950,0.0000,0.0000,-1.5999,831179686#18,-71.4633,7.3541,100.0000,default,21,rsu(204m),2835,108854,0.8982,204,2.0254,8,14,-71.4633,-88.4530,direct,0.0500,44.0000,-62.4730
446.2,node[20],0,4850.4392,3139.8193,1.8950,0.0000,0.0000,-1.5999,831179686#18,-82.0491,-3.1783,100.0000,default,21,rsu(204m),2836,108909,0.0436,204,2.0239,2,2,-82.0491,-99.0388,direct,0.0500,44.0000,-62.4553
446.3,node[20],0,4850.4392,3139.8193,1.8950,0.0000,0.0000,-1.5999,831179686#18,-77.2117,-2.5398,100.0000,default,21,rsu(204m),2837,108965,0.0590,204,2.0231,3,4,-77.2117,-94.2014,direct,0.0500,44.4000,-62.4389
446.4,node[20],0,4850.4392,3139.8193,1.8950,0.0000,0.0000,-1.5999,831179686#18,-69.8069,9.2623,100.0000,default,21,rsu(204m),2838,109021,0.9582,204,2.0264,9,16,-69.8069,-86.7966,direct,0.0500,44.4000,-62.4246
446.5,node[20],0,4850.4392,3139.8193,1.8950,0.0000,0.0000,-1.5999,831179686#18,-70.8214,7.6324,100.0000,default,21,rsu(204m),2839,109077,0.9102,204,2.0249,8,14,-70.8214,-87.8111,direct,0.0500,44.8000,-62.4113
446.6,node[20],0,4850.4392,3139.8193,1.8950,0.0000,0.0000,-1.5999,831179686#18,-70.6779,3.9735,100.0000,default,21,rsu(204m),2840,109132,0.6193,204,2.0206,6,10,-70.6779,-87.6676,direct,0.0500,44.8000,-62.3995
446.7,node[20],0,4850.4392,3139.8193,1.8950,0.0000,0.0000,-1.5999,831179686#18,-71.5564,7.0007,100.0000,default,21,rsu(204m),2841,109187,0.8808,204,2.0251,8,14,-71.5564,-88.5461,direct,0.0500,44.0000,-62.3890
446.8,node[20],0,4850.4392,3139.8193,1.8950,0.0000,0.0000,-1.5999,831179686#18,-75.5076,1.0630,100.0000,default,21,rsu(204m),2842,109243,0.2752,204,2.0263,5,8,-75.5076,-92.4973,direct,0.0500,44.0000,-62.3791
446.9,node[20],0,4850.4392,3139.8193,1.8950,0.0000,0.0000,-1.5999,831179686#18,-70.0768,8.3614,100.0000,default,21,rsu(204m),2843,109298,0.9359,204,2.0212,8,14,-70.0768,-87.0665,direct,0.0500,44.4000,-62.3701
447,node[20],0,4850.4392,3139.8193,1.8950,0.0000,0.0000,-1.5999,831179686#18,-71.4360,2.5184,100.0000,default,21,rsu(204m),2844,109353,0.4401,204,2.0171,5,8,-71.4360,-88.4257,direct,0.0500,44.4000,-62.3622
447.1,node[20],0,4850.4392,3139.8193,1.8950,0.0000,0.0000,-1.5999,831179686#18,-73.1926,5.5984,100.0000,default,21,rsu(204m),2845,109409,0.7857,204,2.0164,7,12,-73.1926,-90.1823,direct,0.0500,44.4000,-62.3548
447.2,node[20],0,4850.4392,3139.8193,1.8950,0.0000,0.0000,-1.5999,831179686#18,-71.0902,2.8803,100.0000,default,21,rsu(204m),2846,109465,0.4850,204,2.0235,5,8,-71.0902,-88.0799,direct,0.0500,44.4000,-62.3483
447.3,node[20],0,4850.4392,3139.8193,1.8950,0.0000,0.0000,-1.5999,831179686#18,-73.3665,5.2356,100.0000,default,21,rsu(204m),2847,109521,0.7536,204,2.0236,7,12,-73.3665,-90.3562,direct,0.0500,44.8000,-62.3421
447.4,node[20],0,4850.4392,3139.8193,1.8950,0.0000,0.0000,-1.5999,831179686#18,-76.5032,0.7565,100.0000,default,21,rsu(204m),2848,109576,0.2457,204,2.0186,4,6,-76.5032,-93.4929,direct,0.0500,44.8000,-62.3366
447.5,node[20],0,4850.4392,3139.8193,1.8950,0.0000,0.0000,-1.5999,831179686#18,-73.8801,4.9900,100.0000,default,21,rsu(204m),2849,109631,0.7301,204,2.0185,6,10,-73.8801,-90.8698,direct,0.0500,44.0000,-62.3316
447.6,node[20],0,4850.4392,3139.8193,1.8950,0.0000,0.0000,-1.5999,831179686#18,-72.6079,2.5496,100.0000,default,21,rsu(204m),2850,109685,0.4439,204,2.0215,5,8,-72.6079,-89.5976,direct,0.0500,44.0000,-62.3272
447.7,node[20],0,4850.4392,3139.8193,1.8950,0.0000,0.0000,-1.5999,831179686#18,-68.8628,9.2304,100.0000,default,21,rsu(204m),2851,109739,0.9575,204,2.0172,9,16,-68.8628,-85.8525,direct,0.0500,43.2000,-62.3230
447.8,node[20],0,4850.4392,3139.8193,1.8950,0.0000,0.0000,-1.5999,831179686#18,-69.6523,7.2776,100.0000,default,21,rsu(204m),2852,109793,0.8946,204,2.0227,8,14,-69.6523,-86.6420,direct,0.0500,43.2000,-62.3194
447.9,node[20],0,4850.4392,3139.8193,1.8950,0.0000,0.0000,-1.5999,831179686#18,-71.5497,7.4710,100.0000,default,21,rsu(204m),2853,109847,0.9034,204,2.0182,8,14,-71.5497,-88.5394,direct,0.0500,43.2000,-62.3160
448,node[20],0,4850.4392,3139.8193,1.8950,0.0000,0.0000,-1.5999,831179686#18,-65.8647,12.6322,100.0000,default,21,rsu(204m),2854,109904,0.9920,204,2.0221,10,18,-65.8647,-82.8544,direct,0.0500,43.2000,-62.3129
448.1,node[20],0,4850.4392,3139.8193,1.8950,0.0000,0.0000,-1.5999,831179686#18,-84.6164,-5.0000,100.0000,default,21,rsu(204m),2855,109960,0.0180,204,2.0252,2,2,-84.6164,-101.6061,direct,0.0500,45.2000,-62.3101
448.2,node[20],0,4850.4392,3139.8193,1.8950,0.0000,0.0000,-1.5999,831179686#18,-83.3388,-5.0000,100.0000,default,21,rsu(204m),2856,110015,0.0180,204,2.0269,2,2,-83.3388,-100.3285,direct,0.0500,45.2000,-62.3075
448.3,node[20],0,4850.4392,3139.8193,1.8950,0.0000,0.0000,-1.5999,831179686#18,-75.9555,2.3539,100.0000,default,21,rsu(204m),2857,110072,0.4199,204,2.0261,5,8,-75.9555,-92.9452,direct,0.0500,44.8000,-62.3050
448.4,node[20],0,4850.4392,3139.8193,1.8950,0.0000,0.0000,-1.5999,831179686#18,-68.9542,6.8728,100.0000,default,21,rsu(204m),2858,110127,0.8740,204,2.0186,7,12,-68.9542,-85.9439,direct,0.0500,44.8000,-62.3028
448.5,node[20],0,4850.4392,3139.8193,1.8950,0.0000,0.0000,-1.5999,831179686#18,-68.6686,6.9187,100.0000,default,21,rsu(204m),2859,110183,0.8765,204,2.0172,7,12,-68.6686,-85.6583,direct,0.0500,44.4000,-62.3007
448.6,node[20],0,4850.4392,3139.8193,1.8950,0.0000,0.0000,-1.5999,831179686#18,-73.9930,2.3189,100.0000,default,21,rsu(204m),2860,110239,0.4157,204,2.0204,5,8,-73.9930,-90.9827,direct,0.0500,44.4000,-62.2987
448.7,node[20],0,4850.4392,3139.8193,1.8950,0.0000,0.0000,-1.5999,831179686#18,-76.5857,2.1090,100.0000,default,21,rsu(204m),2861,110295,0.3904,204,2.0270,5,8,-76.5857,-93.5754,direct,0.0500,44.8000,-62.2969
448.8,node[20],0,4850.4392,3139.8193,1.8950,0.0000,0.0000,-1.5999,831179686#18,-65.3463,13.8995,100.0000,default,21,rsu(204m),2862,110350,0.9957,204,2.0228,11,20,-65.3463,-82.3360,direct,0.0500,44.8000,-62.2952
448.9,node[20],0,4850.4392,3139.8193,1.8950,0.0000,0.0000,-1.5999,831179686#18,-69.1604,9.1439,100.0000,default,21,rsu(204m),2863,110406,0.9557,204,2.0233,9,16,-69.1604,-86.1501,direct,0.0500,44.4000,-62.2936
449,node[20],0,4850.4392,3139.8193,1.8950,0.0000,0.0000,-1.5999,831179686#18,-73.6879,0.9187,100.0000,default,21,rsu(204m),2864,110460,0.2610,204,2.0192,4,6,-73.6879,-90.6776,direct,0.0500,44.4000,-62.2921
449.1,node[20],0,4850.4392,3139.8193,1.8950,0.0000,0.0000,-1.5999,831179686#18,-77.7354,-1.6458,100.0000,default,21,rsu(204m),2865,110516,0.0892,204,2.0167,3,4,-77.7354,-94.7251,direct,0.0500,44.0000,-62.2906
449.2,node[20],0,4850.4392,3139.8193,1.8950,0.0000,0.0000,-1.5999,831179686#18,-73.0187,4.8470,100.0000,default,21,rsu(204m),2866,110572,0.7157,204,2.0173,6,10,-73.0187,-90.0084,direct,0.0500,44.0000,-62.2893
449.3,node[20],0,4850.4392,3139.8193,1.8950,0.0000,0.0000,-1.5999,831179686#18,-65.5836,10.6578,100.0000,default,21,rsu(204m),2867,110625,0.9787,204,2.0232,9,16,-65.5836,-82.5733,direct,0.0500,43.6000,-62.2879
449.4,node[20],0,4850.4392,3139.8193,1.8950,0.0000,0.0000,-1.5999,831179686#18,-68.8343,8.1126,100.0000,default,21,rsu(204m),2868,110679,0.9280,204,2.0222,8,14,-68.8343,-85.8240,direct,0.0500,43.6000,-62.2866
449.5,node[20],0,4850.4392,3139.8193,1.8950,0.0000,0.0000,-1.5999,831179686#18,-70.6788,8.6609,100.0000,default,21,rsu(204m),2869,110736,0.9443,204,2.0265,8,14,-70.6788,-87.6685,direct,0.0500,44.4000,-62.2853
449.6,node[20],0,4850.4392,3139.8193,1.8950,0.0000,0.0000,-1.5999,831179686#18,-74.6043,1.8819,100.0000,default,21,rsu(204m),2870,110792,0.3638,204,2.0156,5,8,-74.6043,-91.5940,direct,0.0500,44.4000,-62.2841
449.7,node[20],0,4850.4392,3139.8193,1.8950,0.0000,0.0000,-1.5999,831179686#18,-67.3608,10.9014,100.0000,default,21,rsu(204m),2871,110848,0.9811,204,2.0172,9,16,-67.3608,-84.3505,direct,0.0500,44.8000,-62.2828
449.8,node[20],0,4850.4392,3139.8193,1.8950,0.0000,0.0000,-1.5999,831179686#18,-73.4229,5.7721,100.0000,default,21,rsu(204m),2872,110904,0.8000,204,2.0277,7,12,-73.4229,-90.4126,direct,0.0500,44.8000,-62.2815
449.9,node[20],0,4850.4392,3139.8193,1.8950,0.0000,0.0000,-1.5999,831179686#18,-70.7162,4.1690,100.0000,default,21,rsu(204m),2873,110959,0.6421,204,2.0253,6,10,-70.7162,-87.7059,direct,0.0500,44.4000,-62.2803
450,node[20],0,4850.4392,3139.8193,1.8950,0.0000,0.0000,-1.5999,831179686#18,-71.6820,5.9129,100.0000,default,21,rsu(204m),2874,111014,0.8110,204,2.0216,7,12,-71.6820,-88.6717,direct,0.0500,44.4000,-62.2789
450.1,node[20],0,4850.4392,3139.8193,1.8950,0.0000,0.0000,-1.5999,831179686#18,-85.0349,-5.0000,100.0000,default,22,rsu(204m),2875,111069,0.0180,204,2.0205,2,2,-85.0349,-102.0246,direct,0.0500,44.0000,-62.2772
450.2,node[20],0,4850.4384,3139.8451,1.8950,0.2578,2.5778,-1.5999,831179686#18,-79.5805,-2.1766,100.0000,default,22,rsu(204m),2876,111124,0.0699,204,2.0168,3,4,-79.5805,-96.5702,direct,0.0500,44.0000,-62.3051
450.3,node[20],0,4850.4369,3139.8967,1.8950,0.5160,2.5817,-1.5999,831179686#18,-72.6612,5.0594,100.0000,default,22,rsu(204m),2877,111179,0.7369,204,2.0275,7,12,-72.6612,-89.6509,direct,0.0500,44.0000,-62.3589
450.4,node[20],0,4850.4347,3139.9720,1.8950,0.7538,2.3780,-1.5999,831179686#18,-69.7001,7.8663,100.0000,default,22,rsu(204m),2878,111235,0.9193,204,2.0254,8,14,-69.7001,-86.6898,direct,0.0500,44.0000,-62.4325
450.5,node[20],0,4850.4319,3140.0688,1.8950,0.9684,2.1459,-1.5999,831179686#18,-71.7748,2.4409,100.0000,default,22,rsu(204m),2879,111291,0.4306,204,2.0246,5,8,-71.7748,-88.7645,direct,0.0500,44.8000,-62.5191
450.6,node[20],0,4850.4284,3140.1901,1.8950,1.2135,2.4513,-1.5999,831179686#18,-74.3888,2.1458,100.0000,default,22,rsu(205m),2880,111345,0.3948,205,2.0201,5,8,-74.3888,-91.3785,direct,0.0500,44.8000,-62.6207
450.7,node[20],0,4850.4242,3140.3339,1.8950,1.4376,2.2410,-1.5999,831179686#18,-76.7821,-1.6342,100.0000,default,22,rsu(205m),2881,111402,0.0897,205,2.0241,3,4,-76.7821,-93.7718,direct,0.0500,44.4000,-62.7279
450.8,node[20],0,4850.4192,3140.5031,1.8950,1.6929,2.5534,-1.5999,831179686#18,-75.6836,2.9811,100.0000,default,22,rsu(205m),2882,111457,0.4976,205,2.0268,5,8,-75.6836,-92.6733,direct,0.0500,44.4000,-62.8469
450.9,node[20],0,4850.4138,3140.6886,1.8950,1.8556,1.6262,-1.5999,831179686#18,-86.4825,-5.0000,100.0000,default,22,rsu(205m),2883,111513,0.0180,205,2.0260,2,2,-86.4825,-103.4722,direct,0.0500,44.4000,-62.9614
451,node[20],0,4850.4082,3140.8955,1.8950,2.0692,2.1362,-1.5999,:227489846_1,-74.4068,2.4840,100.0000,default,22,rsu(205m),2884,111568,0.4359,205,2.0228,5,8,-74.4068,-91.3965,direct,0.0500,44.4000,-63.0831
451.1,node[20],0,4850.4027,3141.1192,1.8950,2.2376,1.6839,-1.5996,:227489846_1,-73.2819,2.2440,100.0000,default,22,rsu(205m),2885,111625,0.4066,205,2.0160,5,8,-73.2819,-90.2716,direct,0.0500,44.8000,-63.1990
451.2,node[20],0,4850.3967,3141.3665,1.8950,2.4729,2.3530,-1.5994,:227489846_1,-79.7563,-1.4989,100.0000,default,22,rsu(205m),2886,111682,0.0954,205,2.0149,3,4,-79.7563,-96.7460,direct,0.0500,44.8000,-63.3217
451.3,node[20],0,4850.3903,3141.6333,1.8950,2.6680,1.9516,-1.5991,:227489846_1,-77.9355,-0.5475,100.0000,default,22,rsu(206m),2887,111739,0.1451,206,2.0267,4,6,-77.9355,-94.9252,direct,0.0500,45.6000,-63.4456
451.4,node[20],0,4850.3833,3141.9194,1.8950,2.8606,1.9262,-1.5989,:227489846_1,-76.9735,-0.1821,100.0000,default,22,rsu(206m),2888,111796,0.1692,206,2.0197,4,6,-76.9735,-93.9632,direct,0.0500,45.6000,-63.5696
451.5,node[20],0,4850.3760,3142.2236,1.8950,3.0419,1.8125,-1.5986,:227489846_1,-69.2296,7.4180,100.0000,default,22,rsu(206m),2889,111851,0.9011,206,2.0262,8,14,-69.2296,-86.2193,direct,0.0500,44.8000,-63.6917
451.6,node[20],0,4850.3681,3142.5470,1.8950,3.2346,1.9272,-1.5982,:227489846_1,-73.7591,2.8711,100.0000,default,22,rsu(206m),2890,111907,0.4839,206,2.0217,5,8,-73.7591,-90.7488,direct,0.0500,44.8000,-63.8053
451.7,node[20],0,4850.3599,3142.8875,1.8950,3.4052,1.7055,-1.5979,:227489846_1,-73.3195,0.8223,100.0000,default,22,rsu(206m),2891,111962,0.2518,206,2.0154,4,6,-73.3195,-90.3092,direct,0.0500,44.4000,-63.9149
451.8,node[20],0,4850.3510,3143.2515,1.8950,3.6399,2.3479,-1.5976,:227489846_1,-66.7118,11.8414,100.0000,default,22,rsu(207m),2892,112015,0.9881,207,2.0230,10,18,-66.7118,-83.7015,direct,0.0500,44.4000,-64.0315
451.9,node[20],0,4850.3417,3143.6378,1.8950,3.8622,2.2230,-1.5972,:227489846_1,-80.3982,-4.0340,100.0000,default,22,rsu(207m),2893,112071,0.0288,207,2.0164,2,2,-80.3982,-97.3879,direct,0.0500,43.6000,-64.1453
452,node[20],0,4850.3317,3144.0485,1.8950,4.1077,2.4547,-1.5968,:227489846_1,-72.8311,5.7160,100.0000,default,22,rsu(207m),2894,112126,0.7954,207,2.0204,7,12,-72.8311,-89.8208,direct,0.0500,43.6000,-64.2609
452.1,node[20],0,4850.3214,3144.4746,1.8950,4.2608,1.5312,-1.5964,:227489846_1,-68.0763,11.0089,100.0000,default,22,rsu(208m),2895,112180,0.9821,208,2.0152,10,18,-68.0763,-85.0660,direct,0.0500,43.6000,-64.3706
452.2,node[20],0,4850.3107,3144.9174,1.8950,4.4282,1.6739,-1.5959,:227489846_1,-73.7876,0.3421,100.0000,default,22,rsu(208m),2896,112235,0.2093,208,2.0228,4,6,-73.7876,-90.7773,direct,0.0500,43.6000,-64.4744
452.3,node[20],0,4850.2994,3145.3805,1.8950,4.6312,2.0296,-1.5955,:227489846_1,-70.4002,4.5461,100.0000,default,22,rsu(208m),2897,112290,0.6842,208,2.0166,6,10,-70.4002,-87.3899,direct,0.0500,44.0000,-64.5767
452.4,node[20],0,4850.2876,3145.8688,1.8950,4.8830,2.5180,-1.5950,:227489846_1,-72.2268,5.7087,100.0000,default,22,rsu(209m),2898,112347,0.7948,209,2.0187,7,12,-72.2268,-89.2165,direct,0.0500,44.0000,-64.6818
452.5,node[20],0,4850.2752,3146.3810,1.8950,5.1212,2.3818,-1.5950,:227489846_1,-69.7496,5.9081,100.0000,default,22,rsu(209m),2899,112403,0.8106,209,2.0234,7,12,-69.7496,-86.7393,direct,0.0500,45.2000,-64.7881
452.6,node[20],0,4850.2622,3146.9144,1.8950,5.3344,2.1328,-1.5950,:227489846_1,-67.5341,9.5438,100.0000,default,22,rsu(209m),2900,112459,0.9635,209,2.0235,9,16,-67.5341,-84.5238,direct,0.0500,45.2000,-64.8923
452.7,node[20],0,4850.2489,3147.4631,1.8950,5.4874,1.5297,-1.5950,:227489846_1,-72.7496,6.4876,100.0000,default,22,rsu(210m),2901,112513,0.8512,210,2.0235,7,12,-72.7496,-89.7393,direct,0.0500,44.0000,-64.9861
452.8,node[20],0,4850.2353,3148.0250,1.8950,5.6181,1.3073,-1.5950,:227489846_1,-70.7469,6.5584,100.0000,default,22,rsu(210m),2902,112569,0.8556,210,2.0208,7,12,-70.7469,-87.7366,direct,0.0500,44.0000,-65.0651
452.9,node[20],0,4850.2212,3148.6073,1.8950,5.8231,2.0497,-1.5950,:227489846_1,-68.6914,7.8026,100.0000,default,22,rsu(211m),2903,112624,0.9169,211,2.0266,8,14,-68.6914,-85.6811,direct,0.0500,44.4000,-65.1361
453,node[20],0,4850.2066,3149.2082,1.8950,6.0088,1.8571,-1.5950,:227489846_1,-70.0818,4.8239,100.0000,default,22,rsu(211m),2904,112679,0.7134,211,2.0215,6,10,-70.0818,-87.0715,direct,0.0500,44.4000,-65.2007
453.1,node[20],0,4850.1916,3149.8274,1.8950,6.1920,1.8320,-1.5950,:227489846_1,-72.7112,4.5279,100.0000,default,22,rsu(211m),2905,112731,0.6822,211,2.0226,6,10,-72.7112,-89.7009,direct,0.0500,42.8000,-65.2524
453.2,node[20],0,4850.1762,3150.4621,1.8950,6.3474,1.5540,-1.5950,:227489846_1,-75.8210,3.1637,100.0000,default,22,rsu(212m),2906,112786,0.5205,212,2.0237,6,10,-75.8210,-92.8107,direct,0.0500,42.8000,-65.2943
453.3,node[20],0,4850.1604,3151.1158,1.8950,6.5366,1.8918,-1.5950,:227489846_1,-79.9494,-2.0349,100.0000,default,22,rsu(212m),2907,112840,0.0746,212,2.0261,3,4,-79.9494,-96.9391,direct,0.0500,43.6000,-65.3234
453.4,node[20],0,4850.1440,3151.7905,1.8950,6.7472,2.1059,-1.5950,:227489846_1,-82.5596,-5.0000,100.0000,default,22,rsu(213m),2908,112894,0.0180,213,2.0224,2,2,-82.5596,-99.5493,direct,0.0500,43.6000,-65.3474
453.5,node[20],0,4850.1270,3152.4909,1.8950,7.0041,2.5690,-1.5950,:227489846_1,-76.0164,2.4959,100.0000,default,22,rsu(213m),2909,112949,0.4373,213,2.0176,5,8,-76.0164,-93.0061,direct,0.0500,43.6000,-65.3632
453.6,node[20],0,4850.1095,3153.2145,1.8950,7.2365,2.3240,-1.5950,:227489846_1,-70.8690,3.0159,100.0000,default,22,rsu(214m),2910,113005,0.5020,214,2.0185,6,10,-70.8690,-87.8587,direct,0.0500,43.6000,-65.3700
453.7,node[20],0,4850.0913,3153.9632,1.8950,7.4868,2.5030,-1.5950,:227489846_1,-74.4739,-0.3973,100.0000,default,22,rsu(214m),2911,113061,0.1546,214,2.0268,4,6,-74.4739,-91.4636,direct,0.0500,44.8000,-65.3694
453.8,node[20],0,4850.0727,3154.7314,1.8950,7.6824,1.9561,-1.5950,:227489846_1,-71.3770,6.2710,100.0000,default,22,rsu(215m),2912,113115,0.8369,215,2.0170,7,12,-71.3770,-88.3667,direct,0.0500,44.8000,-65.3557
453.9,node[20],0,4850.0537,3155.5146,1.8950,7.8316,1.4925,-1.5950,:227489846_1,-72.4324,1.4042,100.0000,default,22,rsu(216m),2913,113170,0.3105,216,2.0242,5,8,-72.4324,-89.4221,direct,0.0500,43.6000,-65.3269
454,node[20],0,4850.0353,3156.3144,1.8950,7.9980,1.6633,-1.5948,831179686#19,-66.0634,7.8003,100.0000,default,22,rsu(216m),2914,113226,0.9168,216,2.0242,8,14,-66.0634,-83.0531,direct,0.0500,43.6000,-65.2827
454.1,node[20],0,4850.0192,3157.1278,1.8950,8.1353,1.3730,-1.5941,831179686#19,-70.9973,6.5527,100.0000,default,22,rsu(217m),2915,113280,0.8552,217,2.0175,7,12,-70.9973,-87.9870,direct,0.0500,44.0000,-65.2270
454.2,node[20],0,4850.0025,3157.9663,1.8950,8.3864,2.5118,-1.5934,831179686#19,-73.2080,3.1194,100.0000,default,22,rsu(217m),2916,113336,0.5149,217,2.0154,6,10,-73.2080,-90.1977,direct,0.0500,44.0000,-65.1702
454.3,node[20],0,4849.9854,3158.8259,1.8950,8.5971,2.1063,-1.5926,831179686#19,-75.0124,2.0562,100.0000,default,22,rsu(218m),2917,113391,0.3842,218,2.0204,5,8,-75.0124,-92.0021,direct,0.0500,44.4000,-65.1128
454.4,node[20],0,4849.9679,3159.7100,1.8950,8.8425,2.4546,-1.5919,831179686#19,-80.3864,-4.4367,100.0000,default,22,rsu(219m),2918,113446,0.0237,219,2.0173,2,2,-80.3864,-97.3761,direct,0.0500,44.4000,-65.0652
454.5,node[20],0,4849.9499,3160.6124,1.8950,9.0254,1.8283,-1.5911,831179686#19,-72.9438,6.2030,100.0000,default,22,rsu(219m),2919,113501,0.8322,219,2.0226,7,12,-72.9438,-89.9335,direct,0.0500,44.0000,-65.0342
454.6,node[20],0,4849.9316,3161.5322,1.8950,9.1995,1.7409,-1.5907,831179686#19,-72.3906,5.4030,100.0000,default,22,rsu(220m),2920,113556,0.7688,220,2.0221,7,12,-72.3906,-89.3803,direct,0.0500,44.0000,-65.0269
454.7,node[20],0,4849.9130,3162.4703,1.8950,9.3822,1.8273,-1.5907,831179686#19,-75.5282,1.9543,100.0000,default,22,rsu(221m),2921,113611,0.3722,221,2.0217,5,8,-75.5282,-92.5179,direct,0.0500,44.0000,-65.0478
454.8,node[20],0,4849.8939,3163.4291,1.8950,9.5901,2.0794,-1.5907,831179686#19,-72.3263,6.3086,100.0000,default,22,rsu(221m),2922,113666,0.8395,221,2.0211,7,12,-72.3263,-89.3160,direct,0.0500,44.0000,-65.1003
454.9,node[20],0,4849.8745,3164.4058,1.8950,9.7678,1.7772,-1.5907,831179686#19,-77.1124,2.0603,100.0000,default,22,rsu(222m),2923,113720,0.3846,222,2.0157,5,8,-77.1124,-94.1021,direct,0.0500,43.6000,-65.1812
455,node[20],0,4849.8547,3165.4046,1.8950,9.9894,2.2155,-1.5907,831179686#19,-73.0110,3.0782,100.0000,default,22,rsu(223m),2924,113774,0.5098,223,2.0155,6,10,-73.0110,-90.0007,direct,0.0500,43.6000,-65.2877
455.1,node[20],0,4849.8345,3166.4179,1.8950,10.1355,1.4609,-1.5907,831179686#19,-78.8864,-1.4716,100.0000,default,22,rsu(224m),2925,113829,0.0966,224,2.0242,3,4,-78.8864,-95.8761,direct,0.0500,43.6000,-65.4108
455.2,node[20],0,4849.8140,3167.4503,1.8950,10.3253,1.8981,-1.5907,831179686#19,-72.2656,2.4670,100.0000,default,22,rsu(224m),2926,113885,0.4338,224,2.0212,5,8,-72.2656,-89.2553,direct,0.0500,43.6000,-65.5445
455.3,node[20],0,4849.7931,3168.5041,1.8950,10.5395,2.1422,-1.5907,831179686#19,-76.5532,-2.6599,100.0000,default,22,rsu(225m),2927,113942,0.0557,225,2.0254,3,4,-76.5532,-93.5429,direct,0.0500,45.2000,-65.6845
455.4,node[20],0,4849.7718,3169.5767,1.8950,10.7278,1.8827,-1.5907,831179686#19,-72.4311,1.8662,100.0000,default,22,rsu(226m),2928,113998,0.3619,226,2.0180,5,8,-72.4311,-89.4208,direct,0.0500,45.2000,-65.8208
455.5,node[20],0,4849.7500,3170.6692,1.8950,10.9260,1.9818,-1.5907,831179686#19,-75.6971,0.7153,100.0000,default,22,rsu(227m),2929,114053,0.2419,227,2.0200,4,6,-75.6971,-92.6868,direct,0.0500,44.4000,-65.9469
455.6,node[20],0,4849.7280,3171.7776,1.8950,11.0860,1.6004,-1.5907,831179686#19,-81.1080,-4.2875,100.0000,default,22,rsu(228m),2930,114109,0.0255,228,2.0158,2,2,-81.1080,-98.0977,direct,0.0500,44.4000,-66.0542
455.7,node[20],0,4849.7055,3172.9090,1.8950,11.3162,2.3022,-1.5907,831179686#19,-79.0606,-0.9031,100.0000,default,22,rsu(229m),2931,114165,0.1244,229,2.0192,4,6,-79.0606,-96.0503,direct,0.0500,44.8000,-66.1429
455.8,node[20],0,4849.6827,3174.0582,1.8950,11.4939,1.7764,-1.5907,831179686#19,-74.0171,0.7786,100.0000,default,22,rsu(229m),2932,114221,0.2477,229,2.0179,4,6,-74.0171,-91.0068,direct,0.0500,44.8000,-66.2036
455.9,node[20],0,4849.6594,3175.2305,1.8950,11.7242,2.3032,-1.5907,831179686#19,-74.8374,2.2029,100.0000,default,22,rsu(230m),2933,114277,0.4017,230,2.0236,5,8,-74.8374,-91.8271,direct,0.0500,44.8000,-66.2274
456,node[20],0,4849.6356,3176.4258,1.8950,11.9550,2.3080,-1.5907,831179686#19,-76.0127,2.4743,100.0000,default,22,rsu(231m),2934,114333,0.4347,231,2.0255,5,8,-76.0127,-93.0024,direct,0.0500,44.8000,-66.2030
456.1,node[20],0,4849.6116,3177.6357,1.8950,12.1006,1.4558,-1.5907,831179686#19,-74.6602,2.2024,100.0000,default,22,rsu(232m),2935,114389,0.4016,232,2.0250,5,8,-74.6602,-91.6499,direct,0.0500,44.8000,-66.1136
456.2,node[20],0,4849.5871,3178.8688,1.8950,12.3329,2.3237,-1.5907,831179686#19,-79.5121,-3.5584,100.0000,default,22,rsu(233m),2936,114445,0.0363,233,2.0210,2,2,-79.5121,-96.5018,direct,0.0500,44.8000,-65.9358
456.3,node[20],0,4849.5621,3180.1243,1.8950,12.5575,2.2458,-1.5907,831179686#19,-71.7187,3.9871,100.0000,default,22,rsu(234m),2937,114500,0.6209,234,2.0157,6,10,-71.7187,-88.7084,direct,0.0500,44.4000,-65.6361
456.4,node[20],0,4849.5367,3181.4048,1.8950,12.8062,2.4865,-1.5907,831179686#19,-70.3229,8.2978,100.0000,default,22,rsu(235m),2938,114556,0.9339,235,2.0250,8,14,-70.3229,-87.3126,direct,0.0500,44.4000,-65.1602
456.5,node[20],0,4849.5110,3182.6993,1.8950,12.9474,1.4118,-1.5907,831179686#19,-68.3550,5.8291,100.0000,default,22,rsu(236m),2939,114612,0.8045,236,2.0173,7,12,-68.3550,-85.3447,direct,0.0500,44.8000,-64.4222
456.6,node[20],0,4849.4847,3184.0180,1.8950,13.1893,2.4199,-1.5907,831179686#19,-65.9875,12.6674,100.0000,default,22,rsu(237m),2940,114667,0.9921,237,2.0169,10,18,-65.9875,-82.9772,direct,0.0500,44.8000,-63.2866
456.7,node[20],0,4849.4581,3185.3560,1.8950,13.3820,1.9261,-1.5907,831179686#19,-73.2815,2.9774,100.0000,default,22,rsu(238m),2941,114722,0.4972,238,2.0196,5,8,-73.2815,-90.2712,direct,0.0500,44.0000,-61.5379
456.8,node[20],0,4849.4312,3186.7112,1.8950,13.5542,1.7229,-1.5907,831179686#19,-74.6504,3.6228,100.0000,default,22,rsu(239m),2942,114777,0.5772,239,2.0258,6,10,-74.6504,-91.6402,direct,0.0500,44.0000,-58.9071
456.9,node[20],0,4849.4038,3188.0902,1.8950,13.7917,2.3749,-1.5907,831179686#19,-78.8783,-1.5679,100.0000,default,22,rsu(240m),2943,114833,0.0925,240,2.0200,3,4,-78.8783,-95.8680,direct,0.0500,44.4000,-55.6392
457,node[20],0,4849.3760,3189.4917,1.8950,14.0168,2.2509,-1.5907,831179686#19,-77.5886,1.5216,100.0000,default,22,rsu(242m),2944,114887,0.3232,242,2.0210,5,8,-77.5886,-94.5783,direct,0.0500,44.4000,-55.3483
457.1,node[20],0,4849.3478,3190.9075,1.8950,14.1604,1.4359,-1.5907,831179686#19,-74.3053,4.7869,100.0000,default,22,rsu(243m),2945,114944,0.7096,243,2.0262,6,10,-74.3053,-91.2950,direct,0.0500,44.4000,-58.6679
457.2,node[20],0,4849.3193,3192.3403,1.8950,14.3306,1.7019,-1.5907,831179686#19,-80.6607,-3.2132,100.0000,default,22,rsu(244m),2946,115000,0.0428,244,2.0200,2,2,-80.6607,-97.6504,direct,0.0500,44.4000,-61.5925
457.3,node[20],0,4849.2906,3193.7876,1.8950,14.4746,1.4401,-1.5907,831179686#19,-74.5431,3.8314,100.0000,default,22,rsu(245m),2947,115056,0.6024,245,2.0171,6,10,-74.5431,-91.5328,direct,0.0500,44.8000,-63.6312
457.4,node[20],0,4849.2614,3195.2559,1.8950,14.6854,2.1078,-1.5907,831179686#19,-68.3956,6.3987,100.0000,default,22,rsu(246m),2948,115113,0.8455,246,2.0164,7,12,-68.3956,-85.3853,direct,0.0500,44.8000,-65.0523
457.5,node[20],0,4849.2317,3196.7494,1.8950,14.9376,2.5216,-1.5907,831179686#19,-67.4213,7.7861,100.0000,default,23,rsu(247m),2949,115171,0.9163,247,2.0269,8,14,-67.4213,-84.4110,direct,0.0500,46.0000,-66.0740
457.6,node[20],0,4849.2016,3198.2661,1.8950,15.1691,2.3157,-1.5907,831179686#19,-70.2277,3.6498,100.0000,default,23,rsu(249m),2950,115229,0.5805,249,2.0197,6,10,-70.2277,-87.2174,direct,0.0500,46.0000,-66.8315
457.7,node[20],0,4849.1711,3199.8012,1.8950,15.3536,1.8448,-1.5907,831179686#19,-71.0321,5.0116,100.0000,default,23,rsu(250m),2951,115286,0.7322,250,2.0269,7,12,-71.0321,-88.0218,direct,0.0500,46.0000,-67.4105
457.8,node[20],0,4849.1401,3201.3595,1.8950,15.5855,2.3194,-1.5907,831179686#19,-70.2265,4.2072,100.0000,default,23,rsu(251m),2952,115343,0.6465,251,2.0261,6,10,-70.2265,-87.2162,direct,0.0500,46.0000,-67.8707
457.9,node[20],0,4849.1086,3202.9423,1.8950,15.8304,2.4480,-1.5907,831179686#19,-84.8791,-5.0000,100.0000,default,23,rsu(252m),2953,115400,0.0180,252,2.0211,2,2,-84.8791,-101.8688,direct,0.0500,45.6000,-68.2460
458,node[20],0,4849.0767,3204.5472,1.8950,16.0509,2.2056,-1.5907,831179686#19,-74.6292,2.2511,100.0000,default,23,rsu(254m),2954,115455,0.4075,254,2.0226,5,8,-74.6292,-91.6189,direct,0.0500,45.6000,-68.5614
458.1,node[20],0,4849.0444,3206.1719,1.8950,16.2493,1.9836,-1.5907,831179686#19,-69.8561,6.1058,100.0000,default,23,rsu(255m),2955,115512,0.8253,255,2.0231,7,12,-69.8561,-86.8458,direct,0.0500,44.8000,-68.8330
458.2,node[20],0,4849.0117,3207.8177,1.8950,16.4605,2.1125,-1.5907,831179686#19,-70.4261,6.5502,100.0000,default,23,rsu(256m),2956,115567,0.8551,256,2.0182,7,12,-70.4261,-87.4158,direct,0.0500,44.8000,-69.0720
458.3,node[20],0,4848.9786,3209.4853,1.8950,16.6787,2.1823,-1.5907,831179686#19,-72.1504,7.2136,100.0000,default,23,rsu(258m),2957,115623,0.8916,258,2.0259,8,14,-72.1504,-89.1401,direct,0.0500,44.4000,-69.2863
458.4,node[20],0,4848.9451,3211.1720,1.8950,16.8693,1.9059,-1.5907,831179686#19,-79.2941,-0.5526,100.0000,default,23,rsu(259m),2958,115680,0.1448,259,2.0197,4,6,-79.2941,-96.2838,direct,0.0500,44.4000,-69.4816
458.5,node[20],0,4848.9111,3212.8820,1.8950,17.1033,2.3397,-1.5907,831179686#19,-73.1201,4.0359,100.0000,default,23,rsu(261m),2959,115738,0.6267,261,2.0174,6,10,-73.1201,-90.1098,direct,0.0500,46.0000,-69.6600
458.6,node[20],0,4848.8767,3214.6135,1.8950,17.3172,2.1386,-1.5907,831179686#19,-78.8017,-5.0000,100.0000,default,23,rsu(262m),2960,115794,0.0180,262,2.0155,2,2,-78.8017,-95.7914,direct,0.0500,46.0000,-69.8254
458.7,node[20],0,4848.8420,3216.3582,1.8950,17.4503,1.3314,-1.5907,831179686#19,-77.7749,-0.7230,100.0000,default,23,rsu(263m),2961,115850,0.1345,263,2.0241,4,6,-77.7749,-94.7646,direct,0.0500,44.8000,-69.9786
458.8,node[20],0,4848.8069,3218.1240,1.8950,17.6602,2.0991,-1.5907,831179686#19,-78.4863,-0.2014,100.0000,default,23,rsu(265m),2962,115908,0.1679,265,2.0226,4,6,-78.4863,-95.4760,direct,0.0500,44.8000,-70.1237
458.9,node[20],0,4848.7714,3219.9116,1.8950,17.8786,2.1840,-1.5907,831179686#19,-73.1723,1.9426,100.0000,default,23,rsu(266m),2963,115964,0.3708,266,2.0158,5,8,-73.1723,-90.1620,direct,0.0500,45.6000,-70.2637
459,node[20],0,4848.7366,3221.7167,1.8950,18.0533,1.7466,-1.5904,:227489857_0,-74.4793,3.7250,100.0000,default,23,rsu(268m),2964,116020,0.5896,268,2.0194,6,10,-74.4793,-91.4690,direct,0.0500,45.6000,-70.3981
459.1,node[20],0,4848.7092,3223.5433,1.8950,18.2659,2.1264,-1.5887,:227489857_0,-79.1271,0.0909,100.0000,default,23,rsu(269m),2965,116077,0.1893,269,2.0247,4,6,-79.1271,-96.1168,direct,0.0500,45.2000,-70.5259
459.2,node[20],0,4848.6814,3225.3942,1.8950,18.5092,2.4326,-1.5869,:227489857_0,-82.2901,-5.0000,100.0000,default,23,rsu(271m),2966,116133,0.0180,271,2.0233,2,2,-82.2901,-99.2798,direct,0.0500,45.2000,-70.6524
459.3,node[20],0,4848.6533,3227.2646,1.8950,18.7038,1.9456,-1.5858,:227489857_0,-71.4692,3.2193,100.0000,default,23,rsu(273m),2967,116191,0.5274,273,2.0216,6,10,-71.4692,-88.4589,direct,0.0500,45.6000,-70.7738
459.4,node[20],0,4848.6249,3229.1566,1.8950,18.9208,2.1709,-1.5858,:227489857_0,-70.2572,4.0314,100.0000,default,23,rsu(274m),2968,116248,0.6261,274,2.0207,6,10,-70.2572,-87.2469,direct,0.0500,45.6000,-70.8926
459.5,node[20],0,4848.5962,3231.0706,1.8950,19.1390,2.1819,-1.5858,:227489857_0,-76.7776,2.1141,100.0000,default,23,rsu(276m),2969,116305,0.3910,276,2.0265,5,8,-76.7776,-93.7673,direct,0.0500,45.6000,-71.0076
459.6,node[20],0,4848.5671,3233.0093,1.8950,19.3870,2.4800,-1.5858,:227489857_0,-73.9433,4.2984,100.0000,default,23,rsu(277m),2970,116363,0.6568,277,2.0274,6,10,-73.9433,-90.9330,direct,0.0500,45.6000,-71.1201
459.7,node[20],0,4848.5377,3234.9677,1.8950,19.5845,1.9745,-1.5858,:227489857_0,-79.7687,-3.5878,100.0000,default,23,rsu(279m),2971,116419,0.0358,279,2.0172,2,2,-79.7687,-96.7584,direct,0.0500,45.6000,-71.2283
459.8,node[20],0,4848.5086,3236.9432,1.8950,19.7551,1.7059,-1.5857,833751139#0,-68.9730,6.4616,100.0000,default,23,rsu(281m),2972,116476,0.8495,281,2.0182,7,12,-68.9730,-85.9627,direct,0.0500,45.6000,-71.3338
459.9,node[20],0,4848.4881,3238.9438,1.8950,20.0061,2.5103,-1.5838,833751139#0,-75.5183,1.0836,100.0000,default,23,rsu(282m),2973,116532,0.2772,282,2.0230,5,8,-75.5183,-92.5080,direct,0.0500,45.2000,-71.4382
460,node[20],0,4848.4675,3240.9586,1.8950,20.1473,1.4121,-1.5819,833751139#0,-83.3244,-5.0000,100.0000,default,23,rsu(284m),2974,116588,0.0180,284,2.0225,2,2,-83.3244,-100.3141,direct,0.0500,45.2000,-71.5378
460.1,node[20],0,4848.4466,3242.9944,1.8950,20.3584,2.1109,-1.5810,833751139#0,-78.7897,-4.0995,100.0000,default,23,rsu(286m),2975,116646,0.0279,286,2.0225,2,2,-78.7897,-95.7794,direct,0.0500,45.6000,-71.6373
460.2,node[20],0,4848.4256,3245.0507,1.8950,20.5635,2.0512,-1.5810,833751139#0,-71.4111,6.5636,100.0000,default,23,rsu(288m),2976,116703,0.8559,288,2.0209,7,12,-71.4111,-88.4008,direct,0.0500,45.6000,-71.7346
460.3,node[20],0,4848.4043,3247.1230,1.8950,20.7229,1.5939,-1.5810,833751139#0,-78.1235,-1.1656,100.0000,default,23,rsu(289m),2977,116758,0.1108,289,2.0275,3,4,-78.1235,-95.1132,direct,0.0500,44.8000,-71.8288
460.4,node[20],0,4848.3829,3249.2168,1.8950,20.9373,2.1440,-1.5810,833751139#0,-74.0221,5.2890,100.0000,default,23,rsu(291m),2978,116814,0.7585,291,2.0236,7,12,-74.0221,-91.0118,direct,0.0500,44.8000,-71.9201
460.5,node[20],0,4848.3612,3251.3315,1.8950,21.1469,2.0957,-1.5810,833751139#0,-75.9557,0.7484,100.0000,default,23,rsu(293m),2979,116870,0.2449,293,2.0206,4,6,-75.9557,-92.9454,direct,0.0500,44.8000,-72.0102
460.6,node[20],0,4848.3394,3253.4612,1.8950,21.2975,1.5064,-1.5810,833751139#0,-79.8559,-5.0000,100.0000,default,23,rsu(295m),2980,116927,0.0180,295,2.0220,2,2,-79.8559,-96.8456,direct,0.0500,44.8000,-72.0987
460.7,node[20],0,4848.3174,3255.6058,1.8950,21.4461,1.4852,-1.5810,833751139#0,-78.9195,-1.3020,100.0000,default,24,rsu(297m),2981,116984,0.1042,297,2.0281,3,4,-78.9195,-95.9092,direct,0.0500,45.6000,-72.1792
460.8,node[20],0,4848.2952,3257.7675,1.8950,21.6167,1.7063,-1.5810,833751139#0,-85.0640,-5.0000,100.0000,default,24,rsu(299m),2982,117040,0.0180,299,2.0235,2,2,-85.0640,-102.0537,direct,0.0500,45.6000,-72.2627
460.9,node[20],0,4848.2730,3259.9422,1.8950,21.7474,1.3069,-1.5810,833751139#0,-75.6788,2.1940,100.0000,default,24,rsu(300m),2983,117098,0.4006,300,2.0239,5,8,-75.6788,-92.6685,direct,0.0500,45.6000,-72.3424
461,node[20],0,4848.2505,3262.1318,1.8950,21.8962,1.4880,-1.5810,833751139#0,-71.6140,6.2108,100.0000,default,24,rsu(302m),2984,117155,0.8328,302,2.0223,7,12,-71.6140,-88.6037,direct,0.0500,45.6000,-72.4177
461.1,node[20],0,4848.2279,3264.3416,1.8950,22.0977,2.0151,-1.5810,833751139#0,-71.6789,6.1534,100.0000,default,24,rsu(304m),2985,117211,0.8287,304,2.0181,7,12,-71.6789,-88.6686,direct,0.0500,45.2000,-72.4901
461.2,node[20],0,4848.2050,3266.5689,1.8950,22.2724,1.7469,-1.5810,833751139#0,-73.3420,1.7603,100.0000,default,24,rsu(306m),2986,117266,0.3498,306,2.0177,5,8,-73.3420,-90.3317,direct,0.0500,45.2000,-72.5622
461.3,node[20],0,4848.1820,3268.8194,1.8950,22.5051,2.3267,-1.5810,833751139#0,-74.0998,2.4766,100.0000,default,24,rsu(308m),2987,117324,0.4349,308,2.0248,5,8,-74.0998,-91.0895,direct,0.0500,45.2000,-72.6325
461.4,node[20],0,4848.1587,3271.0929,1.8950,22.7350,2.2991,-1.5810,833751139#0,-83.6721,-5.0000,100.0000,default,24,rsu(310m),2988,117380,0.0180,310,2.0215,2,2,-83.6721,-100.6618,direct,0.0500,45.2000,-72.7025
461.5,node[20],0,4848.1352,3273.3813,1.8950,22.8841,1.4911,-1.5810,833751139#0,-79.1909,-1.6871,100.0000,default,24,rsu(312m),2989,117435,0.0876,312,2.0184,3,4,-79.1909,-96.1806,direct,0.0500,44.4000,-72.7706
461.6,node[20],0,4848.1117,3275.6831,1.8950,23.0183,1.3423,-1.5810,833751139#0,-71.2732,7.7028,100.0000,default,24,rsu(314m),2990,117492,0.9130,314,2.0238,8,14,-71.2732,-88.2629,direct,0.0500,44.4000,-72.8359
461.7,node[20],0,4848.0872,3277.9995,1.8950,23.1643,1.4601,-1.5812,:6279043559_1,-74.0117,1.3684,100.0000,default,24,rsu(316m),2991,117549,0.3067,316,2.0172,5,8,-74.0117,-91.0014,direct,0.0500,45.6000,-72.9001
461.8,node[20],0,4848.0619,3280.3303,1.8950,23.3076,1.4327,-1.5815,:6279043559_1,-88.3732,-5.0000,100.0000,default,24,rsu(318m),2992,117606,0.0180,318,2.0275,2,2,-88.3732,-105.3629,direct,0.0500,45.6000,-72.9613
461.9,node[20],0,4848.0365,3282.6779,1.8950,23.4759,1.6834,-1.5816,:6279043559_1,-79.6239,-4.0754,100.0000,default,24,rsu(320m),2993,117663,0.0283,320,2.0221,2,2,-79.6239,-96.6136,direct,0.0500,45.6000,-73.0207
462,node[20],0,4848.0108,3285.0399,1.8950,23.6197,1.4378,-1.5816,:6279043559_1,-79.8760,-4.2983,100.0000,default,24,rsu(323m),2994,117720,0.0254,323,2.0177,2,2,-79.8760,-96.8657,direct,0.0500,45.6000,-73.0790
462.1,node[20],0,4847.9852,3287.4254,1.8950,23.8555,2.3577,-1.5816,833751139#1,-78.3693,-2.8170,100.0000,default,24,rsu(325m),2995,117776,0.0517,325,2.0153,3,4,-78.3693,-95.3590,direct,0.0500,45.2000,-73.1387
462.2,node[20],0,4847.9607,3289.8273,1.8950,24.0187,1.6324,-1.5813,833751139#1,-79.6353,-5.0000,100.0000,default,24,rsu(327m),2996,117834,0.0180,327,2.0242,2,2,-79.6353,-96.6250,direct,0.0500,45.2000,-73.1962
462.3,node[20],0,4847.9360,3292.2501,1.8950,24.2284,2.0971,-1.5810,833751139#1,-69.8988,7.0468,100.0000,default,24,rsu(329m),2997,117891,0.8832,329,2.0242,8,14,-69.8988,-86.8885,direct,0.0500,46.0000,-73.2519
462.4,node[20],0,4847.9110,3294.6973,1.8950,24.4722,2.4375,-1.5810,833751139#1,-67.9420,8.6494,100.0000,default,24,rsu(331m),2998,117950,0.9440,331,2.0232,8,14,-67.9420,-84.9317,direct,0.0500,46.0000,-73.3082
462.5,node[20],0,4847.8858,3297.1666,1.8950,24.6925,2.2030,-1.5810,833751139#1,-76.9862,0.9987,100.0000,default,24,rsu(333m),2999,118008,0.2688,333,2.0195,4,6,-76.9862,-93.9759,direct,0.0500,46.8000,-73.3639
462.6,node[20],0,4847.8604,3299.6517,1.8950,24.8509,1.5841,-1.5810,833751139#1,-75.0995,-0.1447,100.0000,default,24,rsu(336m),3000,118067,0.1719,336,2.0240,4,6,-75.0995,-92.0892,direct,0.0500,46.8000,-73.4158
462.7,node[20],0,4847.8348,3302.1608,1.8950,25.0909,2.3999,-1.5810,833751139#1,-76.6169,0.4851,100.0000,default,24,rsu(338m),3001,118125,0.2214,338,2.0172,4,6,-76.6169,-93.6066,direct,0.0500,46.8000,-73.4687
462.8,node[20],0,4847.8091,3304.6847,1.8950,25.2390,1.4815,-1.5810,833751139#1,-74.6672,2.3041,100.0000,default,24,rsu(340m),3002,118183,0.4139,340,2.0179,5,8,-74.6672,-91.6569,direct,0.0500,46.8000,-73.5187
462.9,node[20],0,4847.7831,3307.2323,1.8950,25.4761,2.3707,-1.5810,833751139#1,-76.2134,-0.7569,100.0000,default,24,rsu(342m),3003,118241,0.1326,342,2.0271,4,6,-76.2134,-93.2031,direct,0.0500,46.4000,-73.5714
463,node[20],0,4847.7568,3309.8047,1.8950,25.7239,2.4780,-1.5810,833751139#1,-76.6902,0.0581,100.0000,default,24,rsu(345m),3004,118299,0.1868,345,2.0242,4,6,-76.6902,-93.6799,direct,0.0500,46.4000,-73.6263
463.1,node[20],0,4847.7306,3312.3922,1.8950,25.8750,1.5106,-1.5810,:6279043556_1,-76.5692,2.3358,100.0000,default,24,rsu(347m),3005,118358,0.4177,347,2.0161,5,8,-76.5692,-93.5589,direct,0.0500,46.8000,-73.6829
463.2,node[20],0,4847.7044,3314.9946,1.8950,26.0248,1.4978,-1.5809,:6279043556_1,-77.2200,-0.1072,100.0000,default,24,rsu(349m),3006,118416,0.1746,349,2.0221,4,6,-77.2200,-94.2097,direct,0.0500,46.8000,-73.7423
463.3,node[20],0,4847.6780,3317.6128,1.8950,26.1819,1.5713,-1.5809,:6279043556_1,-74.4727,4.2643,100.0000,default,24,rsu(352m),3007,118472,0.6530,352,2.0168,6,10,-74.4727,-91.4624,direct,0.0500,45.6000,-73.8023
463.4,node[20],0,4847.6364,3320.2484,1.8950,26.3559,1.7400,-1.5839,:4984043139_0,-91.8248,-5.0000,100.0000,default,24,rsu(354m),3008,118529,0.0180,354,2.0283,2,2,-91.8248,-108.8145,direct,0.0500,45.6000,-73.8640
463.5,node[20],0,4847.5806,3322.9025,1.8950,26.5409,1.8505,-1.5897,:4984043139_0,-81.9652,-5.0000,100.0000,default,24,rsu(357m),3009,118586,0.0180,357,2.0214,2,2,-81.9652,-98.9549,direct,0.0500,45.6000,-73.9291
463.6,node[20],0,4847.5246,3325.5729,1.8950,26.7042,1.6328,-1.5918,:4984043139_0,-72.8618,5.3745,100.0000,default,24,rsu(359m),3010,118644,0.7662,359,2.0160,7,12,-72.8618,-89.8515,direct,0.0500,45.6000,-73.9941
463.7,node[20],0,4847.4450,3328.2606,1.8950,26.8765,1.7232,-1.5964,:6279043560_1,-77.4415,0.6822,100.0000,default,24,rsu(361m),3011,118702,0.2389,361,2.0157,4,6,-77.4415,-94.4312,direct,0.0500,46.4000,-74.0568
463.8,node[20],0,4847.3554,3330.9702,1.8950,27.0961,2.1957,-1.6037,:6279043560_1,-75.6483,1.4835,100.0000,default,24,rsu(364m),3012,118759,0.3190,364,2.0220,5,8,-75.6483,-92.6380,direct,0.0500,46.4000,-74.1206
463.9,node[20],0,4847.2653,3333.6957,1.8950,27.2548,1.5865,-1.6038,:6279043560_1,-74.2772,4.2301,100.0000,default,24,rsu(366m),3013,118816,0.6491,366,2.0230,6,10,-74.2772,-91.2669,direct,0.0500,45.6000,-74.1817
464,node[20],0,4847.1753,3336.4326,1.8950,27.3904,1.3562,-1.6038,833751139#4,-84.2935,-5.0000,100.0000,default,24,rsu(369m),3014,118873,0.0180,369,2.0242,2,2,-84.2935,-101.2832,direct,0.0500,45.6000,-74.2381
464.1,node[20],0,4847.0847,3339.1878,1.8950,27.5771,1.8671,-1.6037,833751139#4,-81.2864,-2.2166,100.0000,default,24,rsu(372m),3015,118930,0.0686,372,2.0181,3,4,-81.2864,-98.2761,direct,0.0500,45.6000,-74.2895
464.2,node[20],0,4846.9937,3341.9580,1.8950,27.7281,1.5100,-1.6037,833751139#4,-75.6173,2.9752,100.0000,default,24,rsu(374m),3016,118989,0.4969,374,2.0275,5,8,-75.6173,-92.6070,direct,0.0500,45.6000,-74.3333
464.3,node[20],0,4846.9020,3344.7459,1.8950,27.9043,1.7624,-1.6037,833751139#4,-80.5172,-4.0811,100.0000,default,24,rsu(377m),3017,119047,0.0282,377,2.0160,2,2,-80.5172,-97.5069,direct,0.0500,46.8000,-74.3682
464.4,node[20],0,4846.8097,3347.5555,1.8950,28.1228,2.1849,-1.6037,833751139#4,-74.8409,3.7045,100.0000,default,24,rsu(379m),3018,119103,0.5872,379,2.0222,6,10,-74.8409,-91.8306,direct,0.0500,46.8000,-74.3898
464.5,node[20],0,4846.7169,3350.3795,1.8950,28.2654,1.4257,-1.6037,833751139#4,-76.9221,1.9994,100.0000,default,24,rsu(382m),3019,119160,0.3775,382,2.0237,5,8,-76.9221,-93.9118,direct,0.0500,45.2000,-74.3926
464.6,node[20],0,4846.6233,3353.2270,1.8950,28.5021,2.3669,-1.6037,833751139#4,-84.0891,-5.0000,100.0000,default,24,rsu(385m),3020,119216,0.0180,385,2.0222,2,2,-84.0891,-101.0788,direct,0.0500,45.2000,-74.3725
464.7,node[20],0,4846.5293,3356.0888,1.8950,28.6414,1.3937,-1.6036,:6279043563_1,-91.0102,-5.0000,100.0000,default,24,rsu(387m),3021,119273,0.0180,387,2.0238,2,2,-91.0102,-107.9999,direct,0.0500,45.2000,-74.3215
464.8,node[20],0,4846.4353,3358.9772,1.8950,28.8839,2.4242,-1.6034,:6279043563_1,-77.4754,-2.6690,100.0000,default,24,rsu(390m),3022,119332,0.0555,390,2.0277,3,4,-77.4754,-94.4651,direct,0.0500,45.2000,-74.2266
464.9,node[20],0,4846.3409,3361.8794,1.8950,29.0217,1.3785,-1.6033,:6279043563_1,-74.5850,3.9430,100.0000,default,24,rsu(393m),3023,119389,0.6157,393,2.0265,6,10,-74.5850,-91.5747,direct,0.0500,46.4000,-74.0685
465,node[20],0,4846.2523,3364.8035,1.8950,29.2491,2.2741,-1.6020,:6279043551_1,-74.0994,5.2072,100.0000,default,24,rsu(395m),3024,119448,0.7509,395,2.0275,7,12,-74.0994,-91.0891,direct,0.0500,46.4000,-73.8239
465.1,node[20],0,4846.1564,3367.7435,1.8950,29.4461,1.9700,-1.6021,:6279043551_1,-81.7935,-5.0000,100.0000,default,24,rsu(398m),3025,119506,0.0180,398,2.0259,2,2,-81.7935,-98.7832,direct,0.0500,46.8000,-73.4578
465.2,node[20],0,4846.0598,3370.7035,1.8950,29.6457,1.9956,-1.6034,833751139#6,-77.0953,-2.3116,100.0000,default,24,rsu(401m),3026,119563,0.0656,401,2.0204,3,4,-77.0953,-94.0850,direct,0.0500,46.8000,-72.9131
465.3,node[20],0,4845.9570,3373.6844,1.8950,29.8095,1.6378,-1.6045,:4984043128_0,-74.4352,2.0778,100.0000,default,24,rsu(404m),3027,119620,0.3867,404,2.0254,5,8,-74.4352,-91.4249,direct,0.0500,45.6000,-72.1064
465.4,node[20],0,4845.8588,3376.6793,1.8950,29.9658,1.5635,-1.6038,:2030386378_1,-90.7347,-5.0000,100.0000,default,24,rsu(407m),3028,119677,0.0180,407,2.0256,2,2,-90.7347,-107.7244,direct,0.0500,45.6000,-70.9027
465.5,node[20],0,4845.7448,3379.6894,1.8950,30.1481,1.8229,-1.6065,:2030386378_1,-79.6685,-0.6547,100.0000,default,24,rsu(409m),3029,119733,0.1386,409,2.0255,4,6,-79.6685,-96.6582,direct,0.0500,45.2000,-69.0746
465.6,node[20],0,4845.6286,3382.7187,1.8950,30.3342,1.8614,-1.6089,833751139#8,-80.7133,-1.8796,100.0000,default,24,rsu(412m),3030,119791,0.0802,412,2.0190,3,4,-80.7133,-97.7030,direct,0.0500,45.2000,-66.1790
465.7,node[20],0,4845.5079,3385.7475,1.8950,30.3107,-0.2356,-1.6102,833751139#8,-88.0456,-5.0000,100.0000,default,24,rsu(415m),3031,119848,0.0180,415,2.0158,2,2,-88.0456,-105.0353,direct,0.0500,46.0000,-61.2161
465.8,node[20],0,4845.3871,3388.7763,1.8950,30.3100,-0.0073,-1.6106,833751139#8,-83.2639,-5.0000,100.0000,default,24,rsu(418m),3032,119905,0.0180,418,2.0256,2,2,-83.2639,-100.2536,direct,0.0500,46.0000,-54.9328
465.9,node[20],0,4845.2661,3391.8145,1.8950,30.4038,0.9382,-1.6106,833751139#8,-74.8790,1.8198,100.0000,default,24,rsu(421m),3033,119960,0.3566,421,2.0270,5,8,-74.8790,-91.8687,direct,0.0500,44.8000,-61.4254
466,node[20],0,4845.1451,3394.8500,1.8950,30.3773,-0.2649,-1.6106,833751139#8,-77.5571,1.4840,100.0000,default,24,rsu(424m),3034,120015,0.3191,424,2.0185,5,8,-77.5571,-94.5468,direct,0.0500,44.8000,-66.3390
466.1,node[20],0,4845.0244,3397.8793,1.8950,30.3155,-0.6184,-1.6106,833751139#8,-78.4584,-3.5234,100.0000,default,24,rsu(426m),3035,120072,0.0369,426,2.0157,2,2,-78.4584,-95.4481,direct,0.0500,44.8000,-69.2767
466.2,node[20],0,4844.9032,3400.9193,1.8950,30.4224,1.0694,-1.6106,833751139#8,-78.4085,-1.2124,100.0000,default,24,rsu(429m),3036,120129,0.1085,429,2.0192,3,4,-78.4085,-95.3982,direct,0.0500,44.8000,-71.2254
466.3,node[20],0,4844.7825,3403.9481,1.8950,30.3096,-1.1280,-1.6106,833751139#8,-77.0699,-2.0364,100.0000,default,24,rsu(432m),3037,120186,0.0746,432,2.0191,3,4,-77.0699,-94.0596,direct,0.0500,45.6000,-72.5963
466.4,node[20],0,4844.6615,3406.9834,1.8950,30.3753,0.6574,-1.6106,833751139#8,-80.3558,-1.8646,100.0000,default,24,rsu(435m),3038,120244,0.0807,435,2.0221,3,4,-80.3558,-97.3455,direct,0.0500,45.6000,-73.6081
466.5,node[20],0,4844.5420,3410.0130,1.8950,30.3127,-0.6263,-1.6104,:1343542343_0,-74.3336,2.4933,100.0000,default,24,rsu(438m),3039,120300,0.4370,438,2.0175,5,8,-74.3336,-91.3233,direct,0.0500,45.6000,-74.3796
466.6,node[20],0,4844.4257,3413.0546,1.8950,30.4165,1.0383,-1.6094,:1343542343_0,-73.9605,0.2529,100.0000,default,24,rsu(441m),3040,120357,0.2020,441,2.0178,4,6,-73.9605,-90.9502,direct,0.0500,45.6000,-74.9890
466.7,node[20],0,4844.3099,3416.0862,1.8950,30.3155,-1.0100,-1.6090,:1343542343_0,-80.2339,-1.1681,100.0000,default,24,rsu(444m),3041,120415,0.1107,444,2.0230,3,4,-80.2339,-97.2236,direct,0.0500,46.0000,-75.4814
466.8,node[20],0,4844.1948,3419.1198,1.8950,30.3390,0.2352,-1.6088,833751139#9,-74.6260,3.5258,100.0000,default,24,rsu(447m),3042,120472,0.5653,447,2.0239,6,10,-74.6260,-91.6157,direct,0.0500,46.0000,-75.8879
466.9,node[20],0,4844.0854,3422.1508,1.8950,30.3281,-0.1092,-1.6075,833751139#9,-77.9653,1.2053,100.0000,default,24,rsu(450m),3043,120527,0.2896,450,2.0278,5,8,-77.9653,-94.9550,direct,0.0500,44.8000,-76.2313
467,node[20],0,4843.9759,3425.1798,1.8950,30.3087,-0.1941,-1.6069,833751139#9,-80.3395,-5.0000,100.0000,default,24,rsu(452m),3044,120584,0.0180,452,2.0239,2,2,-80.3395,-97.3292,direct,0.0500,44.8000,-76.5261
467.1,node[20],0,4843.8664,3428.2114,1.8950,30.3340,0.2531,-1.6069,833751139#9,-83.4989,-5.0000,100.0000,default,24,rsu(455m),3045,120641,0.0180,455,2.0259,2,2,-83.4989,-100.4886,direct,0.0500,45.6000,-76.7853
467.2,node[20],0,4843.7569,3431.2427,1.8950,30.3317,-0.0234,-1.6069,833751139#9,-79.3073,-2.3780,100.0000,default,24,rsu(458m),3046,120697,0.0636,458,2.0255,3,4,-79.3073,-96.2970,direct,0.0500,45.6000,-77.0158
467.3,node[20],0,4843.6474,3434.2754,1.8950,30.3450,0.1328,-1.6069,833751139#9,-77.4986,-0.5190,100.0000,default,25,rsu(461m),3047,120753,0.1468,461,2.0202,4,6,-77.4986,-94.4883,direct,0.0500,44.8000,-77.2106
467.4,node[20],0,4843.5376,3437.3147,1.8950,30.4122,0.6729,-1.6069,833751139#9,-81.0349,-1.7467,100.0000,default,25,rsu(464m),3048,120808,0.0852,464,2.0253,3,4,-81.0349,-98.0246,direct,0.0500,44.8000,-77.3988
467.5,node[20],0,4843.4282,3440.3454,1.8950,30.3249,-0.8734,-1.6069,833751139#9,-75.3555,2.2460,100.0000,default,25,rsu(467m),3049,120862,0.4069,467,2.0285,5,8,-75.3555,-92.3452,direct,0.0500,43.6000,-77.5702
467.6,node[20],0,4843.3187,3443.3758,1.8950,30.3230,-0.0195,-1.6069,833751139#9,-79.6351,-4.7267,100.0000,default,25,rsu(470m),3050,120917,0.0206,470,2.0239,2,2,-79.6351,-96.6248,direct,0.0500,43.6000,-77.7292
467.7,node[20],0,4843.2089,3446.4148,1.8950,30.4075,0.8454,-1.6069,833751139#9,-76.7303,-0.8943,100.0000,default,25,rsu(473m),3051,120974,0.1249,473,2.0201,4,6,-76.7303,-93.7200,direct,0.0500,44.8000,-77.8786
467.8,node[20],0,4843.0993,3449.4491,1.8950,30.3623,-0.4521,-1.6069,833751139#9,-74.3574,4.2384,100.0000,default,25,rsu(476m),3052,121031,0.6500,476,2.0233,6,10,-74.3574,-91.3471,direct,0.0500,44.8000,-78.0185
467.9,node[20],0,4842.9897,3452.4838,1.8950,30.3650,0.0268,-1.6069,833751139#9,-76.3817,-2.4257,100.0000,default,25,rsu(478m),3053,121087,0.0622,478,2.0208,3,4,-76.3817,-93.3714,direct,0.0500,45.2000,-78.1508
468,node[20],0,4842.8802,3455.5160,1.8950,30.3404,-0.2457,-1.6069,833751139#9,-81.5701,-3.4498,100.0000,default,25,rsu(481m),3054,121145,0.0382,481,2.0208,2,2,-81.5701,-98.5598,direct,0.0500,45.2000,-78.2748
468.1,node[20],0,4842.7704,3458.5554,1.8950,30.4122,0.7183,-1.6069,833751139#9,-74.6106,3.1147,100.0000,default,25,rsu(484m),3055,121201,0.5143,484,2.0173,6,10,-74.6106,-91.6003,direct,0.0500,45.6000,-78.3938
468.2,node[20],0,4842.6609,3461.5863,1.8950,30.3274,-0.8482,-1.6069,833751139#9,-75.8216,3.2403,100.0000,default,25,rsu(487m),3056,121259,0.5300,487,2.0281,6,10,-75.8216,-92.8113,direct,0.0500,45.6000,-78.5074
468.3,node[20],0,4842.5513,3464.6215,1.8950,30.3704,0.4299,-1.6069,833751139#9,-77.9150,-0.0378,100.0000,default,25,rsu(490m),3057,121316,0.1796,490,2.0171,4,6,-77.9150,-94.9047,direct,0.0500,46.0000,-78.6159
468.4,node[20],0,4842.4415,3467.6616,1.8950,30.4200,0.4963,-1.6069,833751139#9,-85.8799,-5.0000,100.0000,default,25,rsu(493m),3058,121375,0.0180,493,2.0272,2,2,-85.8799,-102.8696,direct,0.0500,46.0000,-78.7212
468.5,node[20],0,4842.3318,3470.6973,1.8950,30.3748,-0.4520,-1.6069,833751139#9,-78.1573,0.8468,100.0000,default,25,rsu(496m),3059,121431,0.2542,496,2.0210,4,6,-78.1573,-95.1470,direct,0.0500,46.0000,-78.8219
468.6,node[20],0,4842.2222,3473.7328,1.8950,30.3735,-0.0128,-1.6069,833751139#9,-80.4993,-2.2698,100.0000,default,25,rsu(499m),3060,121488,0.0669,499,2.0242,3,4,-80.4993,-97.4890,direct,0.0500,46.0000,-78.9193
468.7,node[20],0,4842.1128,3476.7615,1.8950,30.3055,-0.6809,-1.6069,833751139#9,-85.3717,-5.0000,100.0000,default,25,rsu(502m),3061,121547,0.0180,502,2.0177,2,2,-85.3717,-102.3614,direct,0.0500,46.4000,-79.0133
468.8,node[20],0,4842.0031,3479.7980,1.8950,30.3833,0.7783,-1.6069,833751139#9,-80.2613,-4.4521,100.0000,default,25,rsu(505m),3062,121605,0.0235,505,2.0217,2,2,-80.2613,-97.2510,direct,0.0500,46.4000,-79.1048
468.9,node[20],0,4841.8933,3482.8368,1.8950,30.4067,0.2344,-1.6069,833751139#9,-74.9173,1.5119,100.0000,default,25,rsu(508m),3063,121663,0.3221,508,2.0183,5,8,-74.9173,-91.9070,direct,0.0500,46.4000,-79.1941
469,node[20],0,4841.7892,3485.8663,1.8950,30.3195,-0.8722,-1.6058,:1343543412_1,-76.9741,-1.2264,100.0000,default,25,rsu(510m),3064,121719,0.1078,510,2.0211,3,4,-76.9741,-93.9638,direct,0.0500,46.4000,-79.2797
469.1,node[20],0,4841.6921,3488.9059,1.8950,30.4285,1.0901,-1.6033,:1343543412_1,-93.1366,-5.0000,100.0000,default,25,rsu(513m),3065,121777,0.0180,513,2.0261,2,2,-93.1366,-110.1263,direct,0.0500,45.6000,-79.3646
469.2,node[20],0,4841.5953,3491.9355,1.8950,30.3274,-1.0113,-1.6027,:1343543412_1,-76.6526,-1.6695,100.0000,default,25,rsu(516m),3066,121836,0.0883,516,2.0250,3,4,-76.6526,-93.6423,direct,0.0500,45.6000,-79.4465
469.3,node[20],0,4841.5014,3494.9655,1.8950,30.3282,0.0085,-1.6022,833751139#10,-82.3258,-4.5865,100.0000,default,25,rsu(519m),3067,121894,0.0220,519,2.0261,2,2,-82.3258,-99.3155,direct,0.0500,46.8000,-79.5263
469.4,node[20],0,4841.4132,3497.9992,1.8950,30.3561,0.2787,-1.6004,833751139#10,-73.2857,4.4391,100.0000,default,25,rsu(522m),3068,121951,0.6725,522,2.0285,6,10,-73.2857,-90.2754,direct,0.0500,46.8000,-79.6037
469.5,node[20],0,4841.3250,3501.0335,1.8950,30.3615,0.0537,-1.5999,833751139#10,-77.3461,1.6201,100.0000,default,25,rsu(525m),3069,122008,0.3340,525,2.0163,5,8,-77.3461,-94.3358,direct,0.0500,45.6000,-79.6797
469.6,node[20],0,4841.2369,3504.0633,1.8950,30.3168,-0.4472,-1.5999,833751139#10,-76.3692,-0.2245,100.0000,default,24,rsu(528m),3070,122065,0.1663,528,2.0217,4,6,-76.3692,-93.3589,direct,0.0500,45.6000,-79.7747
469.7,node[20],0,4841.1488,3507.0922,1.8950,30.3084,-0.0832,-1.5999,833751139#10,-78.8967,-4.9862,100.0000,default,24,rsu(531m),3071,122123,0.0181,531,2.0166,2,2,-78.8967,-95.8864,direct,0.0500,46.0000,-79.8466
469.8,node[20],0,4841.0607,3510.1229,1.8950,30.3253,0.1684,-1.5999,833751139#10,-85.8431,-5.0000,100.0000,default,24,rsu(534m),3072,122179,0.0180,534,2.0219,2,2,-85.8431,-102.8328,direct,0.0500,46.0000,-79.9177
469.9,node[20],0,4840.9723,3513.1635,1.8950,30.4258,1.0053,-1.5999,833751139#10,-76.0122,1.5129,100.0000,default,24,rsu(537m),3073,122235,0.3222,537,2.0233,5,8,-76.0122,-93.0019,direct,0.0500,44.8000,-79.9878
470,node[20],0,4840.8841,3516.1987,1.8950,30.3700,-0.5578,-1.5999,833751139#10,-78.7933,0.5668,100.0000,default,24,rsu(540m),3074,122291,0.2285,540,2.0282,4,6,-78.7933,-95.7830,direct,0.0500,44.8000,-80.0559
470.1,node[20],0,4840.7963,3519.2179,1.8950,30.2109,-1.5914,-1.5999,833751139#10,-84.3893,-5.0000,100.0000,default,24,rsu(543m),3075,122349,0.0180,543,2.0238,2,2,-84.3893,-101.3790,direct,0.0500,45.6000,-80.1215
470.2,node[20],0,4840.7099,3522.1927,1.8950,29.7666,-4.4427,-1.5999,833751139#10,-80.8250,-2.6962,100.0000,default,24,rsu(545m),3076,122407,0.0548,545,2.0255,3,4,-80.8250,-97.8147,direct,0.0500,45.6000,-80.1820
470.3,node[20],0,4840.6247,3525.1225,1.8950,29.3166,-4.5000,-1.5999,833751139#10,-81.6357,-3.1474,100.0000,default,24,rsu(548m),3077,122464,0.0442,548,2.0178,2,2,-81.6357,-98.6254,direct,0.0500,46.0000,-80.2375
470.4,node[20],0,4840.5408,3528.0078,1.8950,28.8706,-4.4598,-1.5999,833751139#10,-89.0621,-5.0000,100.0000,default,24,rsu(551m),3078,122520,0.0180,551,2.0164,2,2,-89.0621,-106.0518,direct,0.0500,46.0000,-80.2887
470.5,node[20],0,4840.4582,3530.8502,1.8950,28.4420,-4.2865,-1.5999,833751139#10,-94.1355,-5.0000,100.0000,default,24,rsu(554m),3079,122575,0.0180,554,2.0221,2,2,-94.1355,-111.1252,direct,0.0500,44.4000,-80.3351
470.6,node[20],0,4840.3769,3533.6477,1.8950,27.9923,-4.4970,-1.5999,833751139#10,-80.0476,-5.0000,100.0000,default,24,rsu(557m),3080,122631,0.0180,557,2.0286,2,2,-80.0476,-97.0373,direct,0.0500,44.4000,-80.3773
470.7,node[20],0,4840.2969,3536.4002,1.8950,27.5423,-4.5000,-1.5999,833751139#10,-85.6534,-5.0000,100.0000,default,24,rsu(559m),3081,122687,0.0180,559,2.0192,2,2,-85.6534,-102.6431,direct,0.0500,44.8000,-80.4153
470.8,node[20],0,4840.2181,3539.1078,1.8950,27.0923,-4.5000,-1.5999,833751139#10,-82.7795,-5.0000,100.0000,default,24,rsu(562m),3082,122742,0.0180,562,2.0190,2,2,-82.7795,-99.7692,direct,0.0500,44.8000,-80.4489
470.9,node[20],0,4840.1407,3541.7703,1.8950,26.6423,-4.5000,-1.5999,833751139#10,-85.9645,-5.0000,100.0000,default,24,rsu(564m),3083,122796,0.0180,564,2.0189,2,2,-85.9645,-102.9542,direct,0.0500,43.6000,-80.4781
471,node[20],0,4840.0506,3544.3869,1.8950,26.1923,-4.5000,-1.6027,:1343542355_0,-83.5781,-5.0000,100.0000,default,24,rsu(567m),3084,122851,0.0180,567,2.0245,2,2,-83.5781,-100.5678,direct,0.0500,43.6000,-80.5032
471.1,node[20],0,4839.9598,3546.9584,1.8950,25.7423,-4.5000,-1.6059,:1343542355_0,-84.5547,-5.0000,100.0000,default,24,rsu(569m),3085,122906,0.0180,569,2.0235,2,2,-84.5547,-101.5444,direct,0.0500,44.0000,-80.5246
471.2,node[20],0,4839.8705,3549.4849,1.8950,25.2923,-4.5000,-1.6061,:1343542355_0,-88.2805,-5.0000,100.0000,default,24,rsu(572m),3086,122961,0.0180,572,2.0178,2,2,-88.2805,-105.2702,direct,0.0500,44.0000,-80.5422
471.3,node[20],0,4839.7801,3551.9670,1.8950,24.8423,-4.5000,-1.6067,833751139#11,-83.5885,-5.0000,100.0000,default,24,rsu(574m),3087,123016,0.0180,574,2.0286,2,2,-83.5885,-100.5782,direct,0.0500,44.0000,-80.5556
471.4,node[20],0,4839.6802,3554.4062,1.8950,24.3923,-4.5000,-1.6094,833751139#11,-80.2854,-5.0000,100.0000,default,24,rsu(577m),3088,123071,0.0180,577,2.0206,2,2,-80.2854,-97.2751,direct,0.0500,44.0000,-80.5660
471.5,node[20],0,4839.5833,3556.7984,1.8950,23.9423,-4.5000,-1.6115,:12042384406_1,-88.1721,-5.0000,100.0000,default,24,rsu(579m),3089,123127,0.0180,579,2.0267,2,2,-88.1721,-105.1618,direct,0.0500,44.4000,-80.5724
471.6,node[20],0,4839.4886,3559.1452,1.8950,23.4923,-4.5000,-1.6112,:12042384406_1,-85.1981,-5.0000,100.0000,default,24,rsu(581m),3090,123182,0.0180,581,2.0287,2,2,-85.1981,-102.1878,direct,0.0500,44.4000,-80.5753
471.7,node[20],0,4839.3956,3561.4470,1.8950,23.0423,-4.5000,-1.6112,:12042384406_1,-79.1824,-2.2303,100.0000,default,24,rsu(583m),3091,123236,0.0682,583,2.0206,3,4,-79.1824,-96.1721,direct,0.0500,43.6000,-80.5744
471.8,node[20],0,4839.3045,3563.7038,1.8950,22.5923,-4.5000,-1.6112,:12042384406_1,-82.1475,-5.0000,100.0000,default,24,rsu(586m),3092,123290,0.0180,586,2.0190,2,2,-82.1475,-99.1372,direct,0.0500,43.6000,-80.5698
471.9,node[20],0,4839.2148,3565.9162,1.8950,22.1423,-4.5000,-1.6112,833751139#12,-81.4534,-4.4341,100.0000,default,24,rsu(588m),3093,123344,0.0237,588,2.0288,2,2,-81.4534,-98.4431,direct,0.0500,43.2000,-80.5611
472,node[20],0,4839.1269,3568.0839,1.8950,21.6923,-4.5000,-1.6113,833751139#12,-78.4222,-3.1408,100.0000,default,24,rsu(590m),3094,123400,0.0443,590,2.0264,2,2,-78.4222,-95.4119,direct,0.0500,43.2000,-80.5488
472.1,node[20],0,4839.0408,3570.2065,1.8950,21.2423,-4.5000,-1.6113,833751139#12,-81.8081,-3.0706,100.0000,default,24,rsu(592m),3095,123455,0.0459,592,2.0170,2,2,-81.8081,-98.7978,direct,0.0500,44.4000,-80.5326
472.2,node[20],0,4838.9565,3572.2843,1.8950,20.7923,-4.5000,-1.6113,833751139#12,-81.0220,-2.1684,100.0000,default,24,rsu(594m),3096,123509,0.0702,594,2.0225,3,4,-81.0220,-98.0117,direct,0.0500,44.4000,-80.5129
472.3,node[20],0,4838.8740,3574.3170,1.8950,20.3423,-4.5000,-1.6113,833751139#12,-78.8979,-1.1520,100.0000,default,24,rsu(596m),3097,123563,0.1115,596,2.0201,3,4,-78.8979,-95.8876,direct,0.0500,43.2000,-80.4897
472.4,node[20],0,4838.7933,3576.3048,1.8950,19.8923,-4.5000,-1.6113,833751139#12,-78.8553,-0.8906,100.0000,default,24,rsu(598m),3098,123617,0.1251,598,2.0225,4,6,-78.8553,-95.8450,direct,0.0500,43.2000,-80.4619
472.5,node[20],0,4838.7145,3578.2476,1.8950,19.4423,-4.5000,-1.6113,833751139#12,-81.2747,-2.2992,100.0000,default,24,rsu(600m),3099,123672,0.0660,600,2.0195,3,4,-81.2747,-98.2644,direct,0.0500,43.6000,-80.4302
472.6,node[20],0,4838.6375,3580.1454,1.8950,18.9923,-4.5000,-1.6113,833751139#12,-87.4681,-5.0000,100.0000,default,24,rsu(602m),3100,123726,0.0180,602,2.0258,2,2,-87.4681,-104.4578,direct,0.0500,43.6000,-80.3943
472.7,node[20],0,4838.5623,3581.9983,1.8950,18.5423,-4.5000,-1.6113,833751139#12,-78.7535,-3.0556,100.0000,default,24,rsu(603m),3101,123779,0.0462,603,2.0235,2,2,-78.7535,-95.7432,direct,0.0500,42.8000,-80.3544
472.8,node[20],0,4838.4890,3583.8062,1.8950,18.0923,-4.5000,-1.6113,833751139#12,-79.2339,-0.7133,100.0000,default,24,rsu(605m),3102,123835,0.1351,605,2.0207,4,6,-79.2339,-96.2236,direct,0.0500,42.8000,-80.3109
472.9,node[20],0,4838.4174,3585.5692,1.8950,17.6423,-4.5000,-1.6113,833751139#12,-84.7463,-5.0000,100.0000,default,24,rsu(607m),3103,123888,0.0180,607,2.0206,2,2,-84.7463,-101.7360,direct,0.0500,43.6000,-80.2625
473,node[20],0,4838.3477,3587.2872,1.8950,17.1923,-4.5000,-1.6113,833751139#12,-80.4587,-5.0000,100.0000,default,24,rsu(609m),3104,123942,0.0180,609,2.0219,2,2,-80.4587,-97.4484,direct,0.0500,43.6000,-80.2095
473.1,node[20],0,4838.2798,3588.9617,1.8950,16.7573,-4.3498,-1.6113,833751139#12,-80.5791,-4.7859,100.0000,default,24,rsu(610m),3105,123994,0.0200,610,2.0243,2,2,-80.5791,-97.5688,direct,0.0500,42.4000,-80.1528
473.2,node[20],0,4838.2137,3590.5912,1.8950,16.3073,-4.5000,-1.6113,833751139#12,-82.2667,-4.6260,100.0000,default,24,rsu(612m),3106,124045,0.0216,612,2.0267,2,2,-82.2667,-99.2564,direct,0.0500,42.4000,-80.0909
473.3,node[20],0,4838.1494,3592.1758,1.8950,15.8573,-4.5000,-1.6113,833751139#12,-82.3030,-2.9217,100.0000,default,24,rsu(613m),3107,124099,0.0492,613,2.0163,3,4,-82.3030,-99.2927,direct,0.0500,42.0000,-80.0238
473.4,node[20],0,4838.0869,3593.7154,1.8950,15.4073,-4.5000,-1.6113,833751139#12,-89.3654,-5.0000,100.0000,default,24,rsu(615m),3108,124152,0.0180,615,2.0165,2,2,-89.3654,-106.3551,direct,0.0500,42.0000,-79.9522
473.5,node[20],0,4838.0263,3595.2100,1.8950,14.9573,-4.5000,-1.6113,833751139#12,-85.7493,-5.0000,100.0000,default,24,rsu(616m),3109,124206,0.0180,616,2.0221,2,2,-85.7493,-102.7390,direct,0.0500,42.8000,-79.8745
473.6,node[20],0,4837.9675,3596.6597,1.8950,14.5073,-4.5000,-1.6113,833751139#12,-78.6648,-4.7501,100.0000,default,24,rsu(618m),3110,124259,0.0203,618,2.0256,2,2,-78.6648,-95.6545,direct,0.0500,42.8000,-79.7916
473.7,node[20],0,4837.9105,3598.0644,1.8950,14.0573,-4.5000,-1.6113,833751139#12,-79.1726,-3.1782,100.0000,default,24,rsu(619m),3111,124312,0.0436,619,2.0287,2,2,-79.1726,-96.1623,direct,0.0500,42.4000,-79.7050
473.8,node[20],0,4837.8553,3599.4242,1.8950,13.6073,-4.5000,-1.6113,833751139#12,-80.2784,-1.4460,100.0000,default,24,rsu(620m),3112,124365,0.0977,620,2.0190,3,4,-80.2784,-97.2681,direct,0.0500,42.4000,-79.6155
473.9,node[20],0,4837.8020,3600.7389,1.8950,13.1573,-4.5000,-1.6113,833751139#12,-78.4367,-2.0404,100.0000,default,24,rsu(622m),3113,124418,0.0745,622,2.0175,3,4,-78.4367,-95.4264,direct,0.0500,42.4000,-79.5236
474,node[20],0,4837.7504,3602.0087,1.8950,12.7073,-4.5000,-1.6113,833751139#12,-86.4099,-5.0000,100.0000,default,24,rsu(623m),3114,124471,0.0180,623,2.0220,2,2,-86.4099,-103.3996,direct,0.0500,42.4000,-79.4281
474.1,node[20],0,4837.7007,3603.2336,1.8950,12.2573,-4.5000,-1.6113,833751139#12,-79.8027,-2.3797,100.0000,default,24,rsu(624m),3115,124524,0.0636,624,2.0185,3,4,-79.8027,-96.7924,direct,0.0500,42.4000,-79.3300
474.2,node[20],0,4837.6529,3604.4134,1.8950,11.8073,-4.5000,-1.6113,833751139#12,-78.0486,-0.8164,100.0000,default,24,rsu(625m),3116,124577,0.1292,625,2.0219,4,6,-78.0486,-95.0383,direct,0.0500,42.4000,-79.2285
474.3,node[20],0,4837.6069,3605.5483,1.8950,11.3573,-4.5000,-1.6113,:12042384392_0,-76.8596,-1.7145,100.0000,default,24,rsu(626m),3117,124630,0.0865,626,2.0223,3,4,-76.8596,-93.8493,direct,0.0500,42.4000,-79.1239
474.4,node[20],0,4837.5631,3606.6378,1.8950,10.9073,-4.5000,-1.6112,:12042384392_0,-83.6425,-5.0000,100.0000,default,24,rsu(628m),3118,124682,0.0180,628,2.0263,2,2,-83.6425,-100.6322,direct,0.0500,42.4000,-79.0159
474.5,node[20],0,4837.5212,3607.6823,1.8950,10.4573,-4.5000,-1.6112,:12042384392_0,-82.2926,-5.0000,100.0000,default,24,rsu(629m),3119,124736,0.0180,629,2.0254,2,2,-82.2926,-99.2823,direct,0.0500,42.4000,-78.9054
474.6,node[20],0,4837.4811,3608.6819,1.8950,10.0073,-4.5000,-1.6111,:12042384392_0,-83.6523,-5.0000,100.0000,default,24,rsu(630m),3120,124787,0.0180,630,2.0287,2,2,-83.6523,-100.6420,direct,0.0500,42.4000,-78.7920
474.7,node[20],0,4837.4428,3609.6366,1.8950,9.5573,-4.5000,-1.6110,:12042384392_0,-82.3082,-4.1031,100.0000,default,24,rsu(630m),3121,124840,0.0279,630,2.0248,2,2,-82.3082,-99.2979,direct,0.0500,41.6000,-78.6747
474.8,node[20],0,4837.4063,3610.5462,1.8950,9.1073,-4.5000,-1.6109,:12042384392_0,-78.9364,-1.2536,100.0000,default,24,rsu(631m),3122,124893,0.1065,631,2.0167,3,4,-78.9364,-95.9261,direct,0.0500,41.6000,-78.5527
474.9,node[20],0,4837.3715,3611.4110,1.8950,8.6573,-4.5000,-1.6109,:12042384392_0,-81.6194,-4.8795,100.0000,default,24,rsu(632m),3123,124946,0.0191,632,2.0192,2,2,-81.6194,-98.6091,direct,0.0500,42.4000,-78.4271
475,node[20],0,4837.3386,3612.2308,1.8950,8.2073,-4.5000,-1.6109,:12042384392_0,-82.2111,-2.8258,100.0000,default,24,rsu(633m),3124,124996,0.0515,633,2.0240,3,4,-82.2111,-99.2008,direct,0.0500,42.4000,-78.2974
475.1,node[20],0,4837.3075,3613.0056,1.8950,7.7573,-4.5000,-1.6109,:12042384392_0,-84.2483,-5.0000,100.0000,default,24,rsu(634m),3125,125048,0.0180,634,2.0197,2,2,-84.2483,-101.2380,direct,0.0500,40.8000,-78.1633
475.2,node[20],0,4837.2782,3613.7355,1.8950,7.3073,-4.5000,-1.6109,:12042384392_0,-85.4284,-5.0000,100.0000,default,24,rsu(634m),3126,125100,0.0180,634,2.0167,2,2,-85.4284,-102.4181,direct,0.0500,40.8000,-78.0250
475.3,node[20],0,4837.2547,3614.4204,1.8950,6.8573,-4.5000,-1.6101,:227489861_2,-79.5663,-5.0000,100.0000,default,24,rsu(635m),3127,125153,0.0180,635,2.0223,2,2,-79.5663,-96.5560,direct,0.0500,42.0000,-77.8817
475.4,node[20],0,4837.3535,3615.0538,1.8950,6.4073,-4.5000,-1.5852,:227489861_2,-87.4410,-5.0000,100.0000,default,24,rsu(636m),3128,125204,0.0180,636,2.0169,2,2,-87.4410,-104.4307,direct,0.0500,42.0000,-77.7311
475.5,node[20],0,4837.4563,3615.7130,1.8950,6.6673,2.6000,-1.5592,:227489861_2,-83.0650,-4.8251,100.0000,default,24,rsu(636m),3129,125257,0.0196,636,2.0164,2,2,-83.0650,-100.0547,direct,0.0500,41.6000,-77.5858
475.6,node[20],0,4837.5631,3616.3979,1.8950,6.9273,2.6000,-1.5322,:227489861_2,-79.6835,-5.0000,100.0000,default,23,rsu(637m),3130,125309,0.0180,637,2.0229,2,2,-79.6835,-96.6732,direct,0.0500,41.6000,-77.4546
475.7,node[20],0,4837.6739,3617.1085,1.8950,7.1873,2.6000,-1.5041,:227489861_2,-81.5436,-4.5046,100.0000,default,23,rsu(638m),3131,125361,0.0229,638,2.0270,2,2,-81.5436,-98.5333,direct,0.0500,41.6000,-77.3116
475.8,node[20],0,4837.7887,3617.8448,1.8950,7.4473,2.6000,-1.4750,:227489861_2,-83.4116,-5.0000,100.0000,default,23,rsu(638m),3132,125411,0.0180,638,2.0289,2,2,-83.4116,-100.4013,direct,0.0500,41.6000,-77.1711
475.9,node[20],0,4837.9539,3618.5930,1.8950,7.7073,2.6000,-1.4354,:227489861_2,-81.6842,-5.0000,100.0000,default,23,rsu(639m),3133,125462,0.0180,639,2.0264,2,2,-81.6842,-98.6739,direct,0.0500,40.4000,-77.0292
476,node[20],0,4838.2830,3619.3190,1.8950,7.9673,2.6000,-1.3636,:227489861_16,-80.0652,-1.2601,100.0000,default,23,rsu(640m),3134,125513,0.1062,640,2.0166,3,4,-80.0652,-97.0549,direct,0.0500,40.4000,-76.8813
476.1,node[20],0,4838.6169,3620.0678,1.8950,8.2047,2.3740,-1.3200,:227489861_16,-80.1868,-4.6558,100.0000,default,23,rsu(640m),3135,125565,0.0213,640,2.0210,2,2,-80.1868,-97.1765,direct,0.0500,41.2000,-76.7305
476.2,node[20],0,4838.9565,3620.8290,1.8950,8.3415,1.3677,-1.2756,:227489861_16,-82.9698,-5.0000,100.0000,default,23,rsu(641m),3136,125617,0.0180,641,2.0280,2,2,-82.9698,-99.9595,direct,0.0500,41.2000,-76.5746
476.3,node[20],0,4839.3022,3621.6041,1.8950,8.4935,1.5200,-1.2304,:227489861_16,-79.3079,-2.3242,100.0000,default,23,rsu(642m),3137,125668,0.0652,642,2.0215,3,4,-79.3079,-96.2976,direct,0.0500,41.2000,-76.4137
476.4,node[20],0,4839.6547,3622.3942,1.8950,8.6580,1.6452,-1.1845,:227489861_16,-88.7595,-5.0000,100.0000,default,23,rsu(642m),3138,125720,0.0180,642,2.0171,2,2,-88.7595,-105.7492,direct,0.0500,41.2000,-76.2477
476.5,node[20],0,4840.1111,3623.1463,1.8950,8.8506,1.9262,-1.1282,:227489861_16,-87.0938,-5.0000,100.0000,default,23,rsu(643m),3139,125772,0.0180,643,2.0259,2,2,-87.0938,-104.0835,direct,0.0500,41.6000,-76.0782
476.6,node[20],0,4840.6419,3623.8735,1.8950,9.0098,1.5920,-1.0911,:227489861_16,-90.7637,-5.0000,100.0000,default,22,rsu(643m),3140,125823,0.0180,643,2.0177,2,2,-90.7637,-107.7534,direct,0.0500,41.6000,-75.9187
476.7,node[20],0,4841.1827,3624.6145,1.8950,9.1809,1.7112,-1.0522,:227489861_16,-85.4346,-5.0000,100.0000,default,22,rsu(644m),3141,125875,0.0180,644,2.0262,2,2,-85.4346,-102.4243,direct,0.0500,41.2000,-75.7464
476.8,node[20],0,4841.7339,3625.3697,1.8950,9.3565,1.7559,-1.0126,:227489861_16,-78.5862,0.7708,100.0000,default,22,rsu(645m),3142,125927,0.2470,645,2.0172,4,6,-78.5862,-95.5759,direct,0.0500,41.2000,-75.5708
476.9,node[20],0,4842.2968,3626.1409,1.8950,9.5552,1.9867,-0.9723,:227489861_16,-89.8736,-5.0000,100.0000,default,22,rsu(645m),3143,125979,0.0180,645,2.0220,2,2,-89.8736,-106.8633,direct,0.0500,41.6000,-75.3919
477,node[20],0,4842.9542,3626.8534,1.8950,9.7778,2.2261,-0.9180,:227489861_16,-76.3363,-0.3597,100.0000,default,22,rsu(646m),3144,126032,0.1571,646,2.0166,4,6,-76.3363,-93.3260,direct,0.0500,41.6000,-75.1980
477.1,node[20],0,4843.7201,3627.4838,1.8950,9.9267,1.4893,-0.8681,:227489861_16,-87.5213,-5.0000,100.0000,default,22,rsu(646m),3145,126084,0.0180,646,2.0257,2,2,-87.5213,-104.5110,direct,0.0500,42.0000,-74.9857
477.2,node[20],0,4844.4982,3628.1243,1.8950,10.0865,1.5979,-0.8172,:227489861_16,-84.9444,-5.0000,100.0000,default,22,rsu(647m),3146,126136,0.0180,647,2.0228,2,2,-84.9444,-101.9341,direct,0.0500,42.0000,-74.7713
477.3,node[20],0,4845.2916,3628.7774,1.8950,10.2834,1.9687,-0.7652,:227489861_16,-89.0557,-5.0000,100.0000,default,22,rsu(647m),3147,126189,0.0180,647,2.0286,2,2,-89.0557,-106.0454,direct,0.0500,42.0000,-74.5576
477.4,node[20],0,4846.1250,3629.4017,1.8950,10.4504,1.6697,-0.7031,833751137#0,-83.7756,-5.0000,100.0000,default,22,rsu(647m),3148,126242,0.0180,647,2.0288,2,2,-83.7756,-100.7653,direct,0.0500,42.0000,-74.3365
477.5,node[20],0,4847.0569,3629.9239,1.8950,10.6811,2.3071,-0.6412,833751137#0,-81.3881,-2.7069,100.0000,default,22,rsu(648m),3149,126296,0.0545,648,2.0264,3,4,-81.3881,-98.3778,direct,0.0500,42.8000,-74.0959
477.6,node[20],0,4848.0009,3630.4528,1.8950,10.8192,1.3814,-0.6026,833751137#0,-81.2178,-3.8509,100.0000,default,22,rsu(648m),3150,126350,0.0315,648,2.0176,2,2,-81.2178,-98.2075,direct,0.0500,42.8000,-73.8592
477.7,node[20],0,4848.9605,3630.9905,1.8950,10.9986,1.7942,-0.5633,833751137#0,-85.6223,-5.0000,100.0000,default,22,rsu(648m),3151,126404,0.0180,648,2.0177,2,2,-85.6223,-102.6120,direct,0.0500,43.2000,-73.6315
477.8,node[20],0,4849.9333,3631.5356,1.8950,11.1506,1.5194,-0.5237,833751137#0,-87.9421,-5.0000,100.0000,default,22,rsu(649m),3152,126457,0.0180,649,2.0278,2,2,-87.9421,-104.9318,direct,0.0500,43.2000,-73.4153
477.9,node[20],0,4850.9235,3632.0904,1.8950,11.3488,1.9826,-0.5107,833751137#0,-81.1887,-4.5320,100.0000,default,22,rsu(649m),3153,126510,0.0226,649,2.0257,2,2,-81.1887,-98.1784,direct,0.0500,42.4000,-73.2155
478,node[20],0,4851.9291,3632.6539,1.8950,11.5257,1.7690,-0.5107,833751137#0,-76.5745,1.4116,100.0000,default,22,rsu(649m),3154,126563,0.3113,649,2.0163,5,8,-76.5745,-93.5642,direct,0.0500,42.4000,-73.0348
478.1,node[20],0,4852.9514,3633.2267,1.8950,11.7171,1.9140,-0.5107,833751137#0,-87.1097,-5.0000,100.0000,default,22,rsu(650m),3155,126617,0.0180,650,2.0185,2,2,-87.1097,-104.0994,direct,0.0500,42.8000,-72.8788
478.2,node[20],0,4853.9953,3633.8117,1.8950,11.9656,2.4850,-0.5107,833751137#0,-81.0501,-5.0000,100.0000,default,22,rsu(650m),3156,126670,0.0180,650,2.0281,2,2,-81.0501,-98.0398,direct,0.0500,42.8000,-72.7515
478.3,node[20],0,4855.0616,3634.4091,1.8950,12.2208,2.5510,-0.5107,833751137#0,-80.1972,-4.7359,100.0000,default,22,rsu(650m),3157,126721,0.0205,650,2.0177,2,2,-80.1972,-97.1869,direct,0.0500,41.6000,-72.6547
478.4,node[20],0,4856.1422,3635.0147,1.8950,12.3857,1.6491,-0.5107,833751137#0,-83.6717,-5.0000,100.0000,default,22,rsu(651m),3158,126773,0.0180,651,2.0244,2,2,-83.6717,-100.6614,direct,0.0500,41.6000,-72.5871
478.5,node[20],0,4857.2380,3635.6287,1.8950,12.5595,1.7379,-0.5107,833751137#0,-76.9189,0.7645,100.0000,default,22,rsu(651m),3159,126826,0.2464,651,2.0179,4,6,-76.9189,-93.9086,direct,0.0500,42.0000,-72.5550
478.6,node[20],0,4858.3548,3636.2545,1.8950,12.8009,2.4147,-0.5107,833751137#0,-84.9524,-5.0000,100.0000,default,20,rsu(651m),3160,126879,0.0180,651,2.0176,2,2,-84.9524,-101.9421,direct,0.0500,42.0000,-72.5690
478.7,node[20],0,4859.4846,3636.8875,1.8950,12.9494,1.4845,-0.5107,833751137#0,-81.9837,-5.0000,100.0000,default,20,rsu(652m),3161,126933,0.0180,652,2.0281,2,2,-81.9837,-98.9734,direct,0.0500,42.8000,-72.6085
478.8,node[20],0,4860.6320,3637.5305,1.8950,13.1514,2.0207,-0.5107,833751137#0,-82.2107,-3.9895,100.0000,default,20,rsu(652m),3162,126986,0.0295,652,2.0199,2,2,-82.2107,-99.2004,direct,0.0500,42.8000,-72.6813
478.9,node[20],0,4861.7944,3638.1818,1.8950,13.3230,1.7155,-0.5107,833751137#0,-84.5654,-5.0000,100.0000,default,20,rsu(652m),3163,127040,0.0180,652,2.0255,2,2,-84.5654,-101.5551,direct,0.0500,42.8000,-72.7827
479,node[20],0,4862.9687,3638.8398,1.8950,13.4588,1.3583,-0.5107,833751137#0,-80.4059,-1.9130,100.0000,default,20,rsu(653m),3164,127093,0.0790,653,2.0175,3,4,-80.4059,-97.3956,direct,0.0500,42.8000,-72.9062
479.1,node[20],0,4864.1590,3639.5067,1.8950,13.6430,1.8419,-0.5107,833751137#0,-79.4643,-5.0000,100.0000,default,20,rsu(653m),3165,127148,0.0180,653,2.0226,2,2,-79.4643,-96.4540,direct,0.0500,43.2000,-73.0467
479.2,node[20],0,4865.3701,3640.1854,1.8950,13.8816,2.3857,-0.5107,833751137#0,-85.3719,-5.0000,100.0000,default,20,rsu(654m),3166,127203,0.0180,654,2.0207,2,2,-85.3719,-102.3616,direct,0.0500,43.2000,-73.1948
479.3,node[20],0,4866.6032,3640.8763,1.8950,14.1334,2.5183,-0.5107,833751137#0,-80.7761,-5.0000,100.0000,default,20,rsu(654m),3167,127260,0.0180,654,2.0236,2,2,-80.7761,-97.7658,direct,0.0500,44.8000,-73.3434
479.4,node[20],0,4867.8519,3641.5760,1.8950,14.3124,1.7894,-0.5107,833751137#0,-79.2530,-0.3241,100.0000,default,20,rsu(655m),3168,127316,0.1595,655,2.0174,4,6,-79.2530,-96.2427,direct,0.0500,44.8000,-73.4853
479.5,node[20],0,4869.1162,3642.2845,1.8950,14.4909,1.7853,-0.5107,833751137#0,-91.2399,-5.0000,100.0000,default,20,rsu(655m),3169,127370,0.0180,655,2.0256,2,2,-91.2399,-108.2296,direct,0.0500,44.0000,-73.6117
479.6,node[20],0,4870.3929,3642.9998,1.8950,14.6330,1.4208,-0.5107,833751137#0,-81.7991,-4.0527,100.0000,default,20,rsu(655m),3170,127426,0.0286,655,2.0288,2,2,-81.7991,-98.7888,direct,0.0500,44.0000,-73.7121
479.7,node[20],0,4871.6814,3643.7218,1.8950,14.7680,1.3500,-0.5107,833751137#0,-81.9702,-4.8492,100.0000,default,20,rsu(656m),3171,127482,0.0194,656,2.0192,2,2,-81.9702,-98.9599,direct,0.0500,44.8000,-73.7764
479.8,node[20],0,4872.9898,3644.4550,1.8950,14.9970,2.2904,-0.5107,833751137#0,-82.4499,-5.0000,100.0000,default,20,rsu(656m),3172,127537,0.0180,656,2.0239,2,2,-82.4499,-99.4396,direct,0.0500,44.8000,-73.7942
479.9,node[20],0,4874.3124,3645.1961,1.8950,15.1594,1.6237,-0.5107,833751137#0,-84.2321,-5.0000,100.0000,default,20,rsu(657m),3173,127591,0.0180,657,2.0163,2,2,-84.2321,-101.2218,direct,0.0500,43.6000,-73.7516
480,node[20],0,4875.6515,3645.9464,1.8950,15.3481,1.8873,-0.5107,833751137#0,-79.0946,-2.1543,100.0000,default,20,rsu(657m),3174,127646,0.0706,657,2.0251,3,4,-79.0946,-96.0843,direct,0.0500,43.6000,-73.6354
480.1,node[20],0,4877.0117,3646.7086,1.8950,15.5897,2.4159,-0.5107,833751137#0,-87.5734,-5.0000,100.0000,default,20,rsu(658m),3175,127701,0.0180,658,2.0232,2,2,-87.5734,-104.5631,direct,0.0500,44.0000,-73.4282
480.2,node[20],0,4878.3854,3647.4783,1.8950,15.7448,1.5504,-0.5107,833751137#0,-78.8728,-1.7505,100.0000,default,20,rsu(658m),3176,127756,0.0851,658,2.0191,3,4,-78.8728,-95.8625,direct,0.0500,44.0000,-73.1091
480.3,node[20],0,4879.7807,3648.2602,1.8950,15.9935,2.4878,-0.5107,833751137#0,-91.7838,-5.0000,100.0000,default,20,rsu(659m),3177,127810,0.0180,659,2.0162,2,2,-91.7838,-108.7735,direct,0.0500,43.6000,-72.6568
480.4,node[20],0,4881.1895,3649.0495,1.8950,16.1462,1.5264,-0.5107,833751137#0,-82.6624,-5.0000,100.0000,default,20,rsu(659m),3178,127866,0.0180,659,2.0286,2,2,-82.6624,-99.6521,direct,0.0500,43.6000,-72.0422
480.5,node[20],0,4882.6144,3649.8479,1.8950,16.3319,1.8569,-0.5107,833751137#0,-80.9957,-3.7701,100.0000,default,20,rsu(660m),3179,127921,0.0328,660,2.0235,2,2,-80.9957,-97.9854,direct,0.0500,44.4000,-71.2262
480.6,node[20],0,4884.0552,3650.6553,1.8950,16.5150,1.8318,-0.5107,833751137#0,-80.2082,-5.0000,100.0000,default,18,rsu(660m),3180,127977,0.0180,660,2.0210,2,2,-80.2082,-97.1979,direct,0.0500,44.4000,-70.1648
480.7,node[20],0,4885.5147,3651.4731,1.8950,16.7274,2.1239,-0.5107,833751137#0,-82.7175,-4.5150,100.0000,default,18,rsu(661m),3181,128033,0.0228,661,2.0187,2,2,-82.7175,-99.7072,direct,0.0500,44.8000,-68.7709
480.8,node[20],0,4886.9951,3652.3026,1.8950,16.9679,2.4043,-0.5107,833751137#0,-85.8060,-5.0000,100.0000,default,18,rsu(662m),3182,128087,0.0180,662,2.0216,2,2,-85.8060,-102.7957,direct,0.0500,44.8000,-66.9242
480.9,node[20],0,4888.4871,3653.1386,1.8950,17.1009,1.3305,-0.5107,833751137#0,-83.0431,-4.1456,100.0000,default,18,rsu(662m),3183,128143,0.0273,662,2.0259,2,2,-83.0431,-100.0328,direct,0.0500,44.0000,-64.4290
481,node[20],0,4889.9929,3653.9824,1.8950,17.2595,1.5859,-0.5107,833751137#0,-81.0797,-4.6683,100.0000,default,18,rsu(663m),3184,128199,0.0212,663,2.0228,2,2,-81.0797,-98.0694,direct,0.0500,44.0000,-60.8990
481.1,node[20],0,4891.5171,3654.8365,1.8950,17.4697,2.1016,-0.5107,833751137#0,-81.8436,-3.0268,100.0000,default,18,rsu(663m),3185,128254,0.0468,663,2.0181,2,2,-81.8436,-98.8333,direct,0.0500,44.4000,-56.2235
481.2,node[20],0,4893.0634,3655.7029,1.8950,17.7234,2.5377,-0.5107,833751137#0,-82.2651,-4.3073,100.0000,default,18,rsu(664m),3186,128310,0.0252,664,2.0218,2,2,-82.2651,-99.2548,direct,0.0500,44.4000,-56.1031
481.3,node[20],0,4894.6316,3656.5816,1.8950,17.9743,2.5087,-0.5107,833751137#0,-90.8211,-5.0000,100.0000,default,18,rsu(664m),3187,128366,0.0180,664,2.0215,2,2,-90.8211,-107.8108,direct,0.0500,44.8000,-60.8419
481.4,node[20],0,4896.2145,3657.4686,1.8950,18.1429,1.6864,-0.5107,833751137#0,-79.1223,-4.8023,100.0000,default,18,rsu(665m),3188,128422,0.0198,665,2.0205,2,2,-79.1223,-96.1120,direct,0.0500,44.8000,-64.4848
481.5,node[20],0,4897.8114,3658.3634,1.8950,18.3029,1.6000,-0.5107,833751137#0,-83.5885,-4.4349,100.0000,default,18,rsu(666m),3189,128476,0.0237,666,2.0215,2,2,-83.5885,-100.5782,direct,0.0500,44.0000,-67.1027
481.6,node[20],0,4899.4200,3659.2647,1.8950,18.4366,1.3362,-0.5107,833751137#0,-80.2868,-1.4662,100.0000,default,18,rsu(666m),3190,128533,0.0968,666,2.0171,3,4,-80.2868,-97.2765,direct,0.0500,44.0000,-69.0780
481.7,node[20],0,4901.0462,3660.1759,1.8950,18.6395,2.0290,-0.5107,833751137#0,-84.6837,-5.0000,100.0000,default,18,rsu(667m),3191,128587,0.0180,667,2.0275,2,2,-84.6837,-101.6734,direct,0.0500,44.4000,-70.6398
481.8,node[20],0,4902.6900,3661.0970,1.8950,18.8410,2.0160,-0.5107,833751137#0,-83.9225,-5.0000,100.0000,default,18,rsu(668m),3192,128642,0.0180,668,2.0194,2,2,-83.9225,-100.9122,direct,0.0500,44.4000,-71.9152
481.9,node[20],0,4904.3549,3662.0299,1.8950,19.0818,2.4078,-0.5107,833751137#0,-80.9313,-3.0588,100.0000,default,18,rsu(668m),3193,128696,0.0461,668,2.0259,2,2,-80.9313,-97.9210,direct,0.0500,43.6000,-72.9708
482,node[20],0,4906.0392,3662.9737,1.8950,19.3056,2.2378,-0.5107,833751137#0,-77.7002,-0.9815,100.0000,default,18,rsu(669m),3194,128750,0.1202,669,2.0233,4,6,-77.7002,-94.6899,direct,0.0500,43.6000,-73.8580
482.1,node[20],0,4907.7459,3663.9300,1.8950,19.5612,2.5560,-0.5107,833751137#0,-81.3824,-4.3543,100.0000,default,18,rsu(670m),3195,128805,0.0247,670,2.0283,2,2,-81.3824,-98.3721,direct,0.0500,43.6000,-74.6149
482.2,node[20],0,4909.4655,3664.8936,1.8950,19.7101,1.4890,-0.5107,833751137#0,-77.9649,1.1412,100.0000,default,19,rsu(671m),3196,128861,0.2830,671,2.0224,5,8,-77.9649,-94.9546,direct,0.0500,43.6000,-75.2586
482.3,node[20],0,4911.2038,3665.8676,1.8950,19.9236,2.1353,-0.5107,833751137#0,-82.6729,-5.0000,100.0000,default,19,rsu(671m),3197,128918,0.0180,671,2.0249,2,2,-82.6729,-99.6626,direct,0.0500,45.2000,-75.8244
482.4,node[20],0,4912.9603,3666.8518,1.8950,20.1324,2.0878,-0.5107,833751137#0,-80.5646,-1.1907,100.0000,default,19,rsu(672m),3198,128973,0.1096,672,2.0225,3,4,-80.5646,-97.5543,direct,0.0500,45.2000,-76.3205
482.5,node[20],0,4914.7321,3667.8446,1.8950,20.3081,1.7563,-0.5107,833751137#0,-86.7309,-5.0000,100.0000,default,19,rsu(673m),3199,129028,0.0180,673,2.0229,2,2,-86.7309,-103.7206,direct,0.0500,44.0000,-76.7581
482.6,node[20],0,4916.5258,3668.8497,1.8950,20.5583,2.5020,-0.5107,833751137#0,-81.7537,-3.7633,100.0000,default,19,rsu(674m),3200,129082,0.0329,674,2.0268,2,2,-81.7537,-98.7434,direct,0.0500,44.0000,-77.1470
482.7,node[20],0,4918.3314,3669.8614,1.8950,20.6951,1.3683,-0.5107,833751137#0,-93.5790,-5.0000,100.0000,default,19,rsu(674m),3201,129138,0.0180,674,2.0214,2,2,-93.5790,-110.5687,direct,0.0500,44.0000,-77.4933
482.8,node[20],0,4920.1538,3670.8826,1.8950,20.8884,1.9329,-0.5107,833751137#0,-93.1999,-5.0000,100.0000,default,19,rsu(675m),3202,129195,0.0180,675,2.0267,2,2,-93.1999,-110.1896,direct,0.0500,44.0000,-77.8037
482.9,node[20],0,4921.9881,3671.9104,1.8950,21.0236,1.3527,-0.5107,833751137#0,-82.8733,-5.0000,100.0000,default,19,rsu(676m),3203,129253,0.0180,676,2.0283,2,2,-82.8733,-99.8630,direct,0.0500,46.0000,-78.0826
483,node[20],0,4923.8409,3672.9440,1.8950,21.2179,1.9423,-0.5099,:1343541585_5,-80.9796,-5.0000,100.0000,default,19,rsu(677m),3204,129309,0.0180,677,2.0219,2,2,-80.9796,-97.9693,direct,0.0500,46.0000,-78.3349
483.1,node[20],0,4925.7213,3673.9684,1.8950,21.4318,2.1394,-0.5048,:1343541585_5,-89.5222,-5.0000,100.0000,default,19,rsu(678m),3205,129364,0.0180,678,2.0207,2,2,-89.5222,-106.5119,direct,0.0500,44.4000,-78.5646
483.2,node[20],0,4927.6145,3674.9998,1.8950,21.5785,1.4671,-0.4997,:1343541585_5,-81.2536,-5.0000,100.0000,default,19,rsu(678m),3206,129421,0.0180,678,2.0285,2,2,-81.2536,-98.2433,direct,0.0500,44.4000,-78.7741
483.3,node[20],0,4929.5199,3676.0379,1.8950,21.7173,1.3880,-0.4988,:1343541585_5,-80.9740,-5.0000,100.0000,default,19,rsu(679m),3207,129479,0.0180,679,2.0286,2,2,-80.9740,-97.9637,direct,0.0500,46.0000,-78.9658
483.4,node[20],0,4931.4460,3677.0872,1.8950,21.9533,2.3604,-0.4988,:1343541585_5,-81.4039,-5.0000,100.0000,default,19,rsu(680m),3208,129534,0.0180,680,2.0265,2,2,-81.4039,-98.3936,direct,0.0500,46.0000,-79.1435
483.5,node[20],0,4933.3979,3678.1247,1.8950,22.1108,1.5748,-0.4943,833751137#1,-81.0850,-2.8041,100.0000,default,19,rsu(681m),3209,129589,0.0521,681,2.0209,3,4,-81.0850,-98.0747,direct,0.0500,44.0000,-79.3090
483.6,node[20],0,4935.3766,3679.1682,1.8950,22.3698,2.5900,-0.4882,833751137#1,-89.7921,-5.0000,100.0000,default,19,rsu(682m),3210,129643,0.0180,682,2.0259,2,2,-89.7921,-106.7818,direct,0.0500,44.0000,-79.4649
483.7,node[20],0,4937.3694,3680.2192,1.8950,22.5291,1.5933,-0.4853,833751137#1,-81.0037,-3.9133,100.0000,default,19,rsu(683m),3211,129700,0.0306,683,2.0206,2,2,-81.0037,-97.9934,direct,0.0500,44.4000,-79.6119
483.8,node[20],0,4939.3759,3681.2774,1.8950,22.6848,1.5568,-0.4853,833751137#1,-86.5086,-5.0000,100.0000,default,19,rsu(683m),3212,129756,0.0180,683,2.0233,2,2,-86.5086,-103.4983,direct,0.0500,44.4000,-79.7514
483.9,node[20],0,4941.3966,3682.3431,1.8950,22.8450,1.6014,-0.4853,833751137#1,-88.8985,-5.0000,100.0000,default,19,rsu(684m),3213,129811,0.0180,684,2.0277,2,2,-88.8985,-105.8882,direct,0.0500,44.4000,-79.8848
484,node[20],0,4943.4333,3683.4173,1.8950,23.0263,1.8133,-0.4853,833751137#1,-76.7683,0.5183,100.0000,default,19,rsu(685m),3214,129868,0.2243,685,2.0203,4,6,-76.7683,-93.7580,direct,0.0500,44.4000,-80.0137
484.1,node[20],0,4945.4837,3684.4986,1.8950,23.1796,1.5335,-0.4853,833751137#1,-77.2716,1.4592,100.0000,default,19,rsu(686m),3215,129922,0.3164,686,2.0242,5,8,-77.2716,-94.2613,direct,0.0500,44.4000,-80.1393
484.2,node[20],0,4947.5469,3685.5867,1.8950,23.3257,1.4610,-0.4853,833751137#1,-85.3389,-5.0000,100.0000,default,19,rsu(687m),3216,129979,0.0180,687,2.0261,2,2,-85.3389,-102.3286,direct,0.0500,44.4000,-80.2619
484.3,node[20],0,4949.6274,3686.6839,1.8950,23.5213,1.9558,-0.4853,833751137#1,-87.1886,-5.0000,100.0000,default,19,rsu(688m),3217,130034,0.0180,688,2.0177,2,2,-87.1886,-104.1783,direct,0.0500,44.8000,-80.3824
484.4,node[20],0,4951.7220,3687.7886,1.8950,23.6805,1.5918,-0.4853,833751137#1,-80.3845,-3.3758,100.0000,default,19,rsu(689m),3218,130091,0.0396,689,2.0282,2,2,-80.3845,-97.3742,direct,0.0500,44.8000,-80.5012
484.5,node[20],0,4953.8391,3688.9051,1.8950,23.9347,2.5414,-0.4853,833751137#1,-84.6580,-5.0000,100.0000,default,19,rsu(690m),3219,130145,0.0180,690,2.0199,2,2,-84.6580,-101.6477,direct,0.0500,44.4000,-80.6192
484.6,node[20],0,4955.9719,3690.0299,1.8950,24.1119,1.7728,-0.4853,833751137#1,-82.1964,-3.2986,100.0000,default,19,rsu(691m),3220,130202,0.0411,691,2.0260,2,2,-82.1964,-99.1861,direct,0.0500,44.4000,-80.7362
484.7,node[20],0,4958.1147,3691.1600,1.8950,24.2258,1.1387,-0.4853,833751137#1,-78.6972,0.6280,100.0000,default,19,rsu(692m),3221,130258,0.2340,692,2.0182,4,6,-78.6972,-95.6869,direct,0.0500,45.2000,-80.8521
484.8,node[20],0,4960.2605,3692.2917,1.8950,24.2594,0.3358,-0.4853,833751137#1,-82.2951,-4.2053,100.0000,default,19,rsu(693m),3222,130313,0.0265,693,2.0196,2,2,-82.2951,-99.2848,direct,0.0500,45.2000,-80.9669
484.9,node[20],0,4962.4096,3693.4251,1.8950,24.2960,0.3662,-0.4853,833751137#1,-85.7490,-5.0000,100.0000,default,19,rsu(694m),3223,130369,0.0180,694,2.0277,2,2,-85.7490,-102.7387,direct,0.0500,44.4000,-81.0804
485,node[20],0,4964.5529,3694.5555,1.8950,24.2321,-0.6392,-0.4853,833751137#1,-81.2590,-2.2959,100.0000,default,19,rsu(695m),3224,130427,0.0661,695,2.0244,3,4,-81.2590,-98.2487,direct,0.0500,44.4000,-81.1923
485.1,node[20],0,4966.6944,3695.6848,1.8950,24.2098,-0.2225,-0.4853,833751137#1,-82.5467,-5.0000,100.0000,default,19,rsu(696m),3225,130481,0.0180,696,2.0197,2,2,-82.5467,-99.5364,direct,0.0500,44.8000,-81.3028
485.2,node[20],0,4968.8435,3696.8183,1.8950,24.2974,0.8753,-0.4853,833751137#1,-81.9126,-2.7748,100.0000,default,19,rsu(697m),3226,130535,0.0528,697,2.0185,3,4,-81.9126,-98.9023,direct,0.0500,44.8000,-81.4122
485.3,node[20],0,4970.9964,3697.9537,1.8950,24.3394,0.4206,-0.4853,833751137#1,-81.3589,-3.0699,100.0000,default,19,rsu(698m),3227,130592,0.0459,698,2.0281,2,2,-81.3589,-98.3486,direct,0.0500,44.4000,-81.5201
485.4,node[20],0,4973.1482,3699.0885,1.8950,24.3264,-0.1301,-0.4853,833751137#1,-77.6101,-0.0483,100.0000,default,19,rsu(699m),3228,130648,0.1788,699,2.0239,4,6,-77.6101,-94.5998,direct,0.0500,44.4000,-81.6262
485.5,node[20],0,4975.2917,3700.2190,1.8950,24.2340,-0.9237,-0.4853,833751137#1,-80.3578,-2.6352,100.0000,default,19,rsu(700m),3229,130705,0.0564,700,2.0166,3,4,-80.3578,-97.3475,direct,0.0500,45.2000,-81.7304
485.6,node[20],0,4977.4418,3701.3529,1.8950,24.3081,0.7404,-0.4853,833751137#1,-81.5435,-4.4258,100.0000,default,19,rsu(701m),3230,130762,0.0238,701,2.0246,2,2,-81.5435,-98.5332,direct,0.0500,45.2000,-81.8329
485.7,node[20],0,4979.5899,3702.4857,1.8950,24.2843,-0.2378,-0.4853,833751137#1,-77.6429,-2.0100,100.0000,default,19,rsu(702m),3231,130817,0.0755,702,2.0187,3,4,-77.6429,-94.6326,direct,0.0500,44.8000,-81.9334
485.8,node[20],0,4981.7427,3703.6211,1.8950,24.3393,0.5500,-0.4853,833751137#1,-80.9693,-2.9590,100.0000,default,19,rsu(703m),3232,130873,0.0484,703,2.0272,3,4,-80.9693,-97.9590,direct,0.0500,44.8000,-82.0320
485.9,node[20],0,4983.8853,3704.7511,1.8950,24.2223,-1.1702,-0.4853,833751137#1,-85.5172,-5.0000,100.0000,default,19,rsu(704m),3233,130928,0.0180,704,2.0244,2,2,-85.5172,-102.5069,direct,0.0500,44.4000,-82.1282
486,node[20],0,4986.0276,3705.8809,1.8950,24.2203,-0.0198,-0.4853,833751137#1,-83.6144,-5.0000,100.0000,default,19,rsu(706m),3234,130983,0.0180,706,2.0242,2,2,-83.6144,-100.6041,direct,0.0500,44.4000,-82.2222
486.1,node[20],0,4988.1797,3707.0159,1.8950,24.3300,1.0966,-0.4853,833751137#1,-89.6010,-5.0000,100.0000,default,19,rsu(707m),3235,131038,0.0180,707,2.0160,2,2,-89.6010,-106.5907,direct,0.0500,44.0000,-82.3144
486.2,node[20],0,4990.3228,3708.1462,1.8950,24.2296,-1.0033,-0.4853,833751137#1,-80.6917,-1.4278,100.0000,default,19,rsu(708m),3236,131096,0.0985,708,2.0279,3,4,-80.6917,-97.6814,direct,0.0500,44.0000,-82.4045
486.3,node[20],0,4992.4652,3709.2760,1.8950,24.2201,-0.0953,-0.4853,833751137#1,-86.1881,-5.0000,100.0000,default,19,rsu(709m),3237,131153,0.0180,709,2.0160,2,2,-86.1881,-103.1778,direct,0.0500,46.0000,-82.4928
486.4,node[20],0,4994.6072,3710.4057,1.8950,24.2170,-0.0308,-0.4853,833751137#1,-80.0537,-5.0000,100.0000,default,19,rsu(710m),3238,131209,0.0180,710,2.0203,2,2,-80.0537,-97.0434,direct,0.0500,46.0000,-82.5792
486.5,node[20],0,4996.7514,3711.5365,1.8950,24.2408,0.2382,-0.4853,833751137#1,-86.7541,-5.0000,100.0000,default,19,rsu(711m),3239,131266,0.0180,711,2.0169,2,2,-86.7541,-103.7438,direct,0.0500,45.2000,-82.6639
486.6,node[20],0,4998.8977,3712.6684,1.8950,24.2646,0.2374,-0.4853,833751137#1,-89.5579,-5.0000,100.0000,default,19,rsu(712m),3240,131323,0.0180,712,2.0168,2,2,-89.5579,-106.5476,direct,0.0500,45.2000,-82.7466
486.7,node[20],0,5001.0459,3713.8014,1.8950,24.2870,0.2244,-0.4853,833751137#1,-83.0313,-4.6271,100.0000,default,19,rsu(713m),3241,131377,0.0216,713,2.0252,2,2,-83.0313,-100.0210,direct,0.0500,44.4000,-82.8275
486.8,node[20],0,5003.1923,3714.9333,1.8950,24.2658,-0.2124,-0.4853,833751137#1,-77.6326,-1.7317,100.0000,default,19,rsu(714m),3242,131435,0.0858,714,2.0221,3,4,-77.6326,-94.6223,direct,0.0500,44.4000,-82.9063
486.9,node[20],0,5005.3382,3716.0651,1.8950,24.2610,-0.0477,-0.4853,833751137#1,-89.9289,-5.0000,100.0000,default,19,rsu(716m),3243,131492,0.0180,716,2.0273,2,2,-89.9289,-106.9186,direct,0.0500,46.0000,-82.9833
487,node[20],0,5007.4854,3717.1975,1.8950,24.2745,0.1350,-0.4853,833751137#1,-82.5194,-4.8840,100.0000,default,19,rsu(717m),3244,131548,0.0190,717,2.0247,2,2,-82.5194,-99.5091,direct,0.0500,46.0000,-83.0584
487.1,node[20],0,5009.6343,3718.3308,1.8950,24.2944,0.1989,-0.4853,833751137#1,-82.0589,-3.6113,100.0000,default,19,rsu(718m),3245,131606,0.0354,718,2.0162,2,2,-82.0589,-99.0486,direct,0.0500,45.6000,-83.1318
487.2,node[20],0,5011.7822,3719.4636,1.8950,24.2837,-0.1066,-0.4853,833751137#1,-84.7644,-5.0000,100.0000,default,19,rsu(719m),3246,131663,0.0180,719,2.0193,2,2,-84.7644,-101.7541,direct,0.0500,45.6000,-83.2032
487.3,node[20],0,5013.9265,3720.5944,1.8950,24.2417,-0.4208,-0.4853,833751137#1,-83.3712,-5.0000,100.0000,default,19,rsu(720m),3247,131719,0.0180,720,2.0276,2,2,-83.3712,-100.3609,direct,0.0500,45.2000,-83.2724
487.4,node[20],0,5016.0698,3721.7248,1.8950,24.2309,-0.1075,-0.4853,833751137#1,-88.7750,-5.0000,100.0000,default,19,rsu(721m),3248,131775,0.0180,721,2.0200,2,2,-88.7750,-105.7647,direct,0.0500,45.2000,-83.3398
487.5,node[20],0,5018.2146,3722.8559,1.8950,24.2478,0.1690,-0.4853,833751137#1,-87.0929,-5.0000,100.0000,default,19,rsu(723m),3249,131832,0.0180,723,2.0284,2,2,-87.0929,-104.0826,direct,0.0500,45.2000,-83.4055
487.6,node[20],0,5020.3665,3723.9908,1.8950,24.3287,0.8088,-0.4853,833751137#1,-92.6561,-5.0000,100.0000,default,19,rsu(724m),3250,131890,0.0180,724,2.0257,2,2,-92.6561,-109.6458,direct,0.0500,45.2000,-83.4696
487.7,node[20],0,5022.5167,3725.1248,1.8950,24.3096,-0.1912,-0.4853,833751137#1,-80.9261,-4.6307,100.0000,default,19,rsu(725m),3251,131947,0.0216,725,2.0169,2,2,-80.9261,-97.9158,direct,0.0500,46.0000,-83.5321
487.8,node[20],0,5024.6619,3726.2497,1.8950,24.2220,-0.8758,-0.4842,:2136577115_5,-82.0612,-4.3071,100.0000,default,19,rsu(726m),3252,132002,0.0252,726,2.0288,2,2,-82.0612,-99.0509,direct,0.0500,46.0000,-83.5929
487.9,node[20],0,5026.8285,3727.3547,1.8950,24.3203,0.9829,-0.4775,:2136577115_5,-85.8642,-5.0000,100.0000,default,19,rsu(727m),3253,132056,0.0180,727,2.0213,2,2,-85.8642,-102.8539,direct,0.0500,43.6000,-83.6522
488,node[20],0,5028.9854,3728.4547,1.8950,24.2115,-1.0881,-0.4716,:2136577115_5,-88.6791,-5.0000,100.0000,default,19,rsu(729m),3254,132111,0.0180,729,2.0189,2,2,-88.6791,-105.6688,direct,0.0500,43.6000,-83.7096
488.1,node[20],0,5031.1458,3729.5565,1.8950,24.2499,0.3839,-0.4716,:2136577115_5,-89.0942,-5.0000,100.0000,default,19,rsu(730m),3255,132165,0.0180,730,2.0169,2,2,-89.0942,-106.0839,direct,0.0500,43.6000,-83.7657
488.2,node[20],0,5033.3105,3730.6520,1.8950,24.2607,0.1086,-0.4701,833751137#2,-89.7629,-5.0000,100.0000,default,19,rsu(731m),3256,132221,0.0180,731,2.0258,2,2,-89.7629,-106.7526,direct,0.0500,43.6000,-83.8202
488.3,node[20],0,5035.4822,3731.7244,1.8950,24.2223,-0.3842,-0.4638,833751137#2,-84.6608,-5.0000,100.0000,default,19,rsu(732m),3257,132276,0.0180,732,2.0277,2,2,-84.6608,-101.6505,direct,0.0500,44.4000,-83.8735
488.4,node[20],0,5037.6637,3732.8017,1.8950,24.3318,1.0949,-0.4587,833751137#2,-85.4195,-5.0000,100.0000,default,19,rsu(733m),3258,132333,0.0180,733,2.0212,2,2,-85.4195,-102.4092,direct,0.0500,44.4000,-83.9254
488.5,node[20],0,5039.8392,3733.8760,1.8950,24.2644,-0.6740,-0.4587,833751137#2,-78.6663,-1.2669,100.0000,default,19,rsu(734m),3259,132388,0.1059,734,2.0235,3,4,-78.6663,-95.6560,direct,0.0500,44.8000,-83.9760
488.6,node[20],0,5042.0211,3734.9534,1.8950,24.3352,0.7077,-0.4587,833751137#2,-77.0674,-0.9386,100.0000,default,18,rsu(736m),3260,132443,0.1225,736,2.0248,4,6,-77.0674,-94.0571,direct,0.0500,44.8000,-84.0823
488.7,node[20],0,5044.2002,3736.0295,1.8950,24.3048,-0.3034,-0.4587,833751137#2,-83.0904,-5.0000,100.0000,default,18,rsu(737m),3261,132500,0.0180,737,2.0286,2,2,-83.0904,-100.0801,direct,0.0500,44.8000,-84.1310
488.8,node[20],0,5046.3717,3737.1019,1.8950,24.2200,-0.8484,-0.4587,833751137#2,-79.7912,-2.6955,100.0000,default,18,rsu(738m),3262,132557,0.0548,738,2.0268,3,4,-79.7912,-96.7809,direct,0.0500,44.8000,-84.1783
488.9,node[20],0,5048.5445,3738.1749,1.8950,24.2346,0.1466,-0.4587,833751137#2,-82.0122,-5.0000,100.0000,default,18,rsu(739m),3263,132613,0.0180,739,2.0273,2,2,-82.0122,-99.0019,direct,0.0500,45.2000,-84.2245
489,node[20],0,5050.7267,3739.2525,1.8950,24.3392,1.0460,-0.4587,833751137#2,-81.6527,-2.3581,100.0000,default,18,rsu(740m),3264,132671,0.0642,740,2.0250,3,4,-81.6527,-98.6424,direct,0.0500,45.2000,-84.2697
489.1,node[20],0,5052.9050,3740.3282,1.8950,24.2951,-0.4416,-0.4587,833751137#2,-89.9993,-5.0000,100.0000,default,18,rsu(742m),3265,132727,0.0180,742,2.0271,2,2,-89.9993,-106.9890,direct,0.0500,45.6000,-84.3138
489.2,node[20],0,5055.0773,3741.4009,1.8950,24.2295,-0.6556,-0.4587,833751137#2,-83.8250,-5.0000,100.0000,default,18,rsu(743m),3266,132781,0.0180,743,2.0217,2,2,-83.8250,-100.8147,direct,0.0500,45.6000,-84.3566
489.3,node[20],0,5057.2556,3742.4766,1.8950,24.2955,0.6601,-0.4587,833751137#2,-89.1423,-5.0000,100.0000,default,18,rsu(744m),3267,132838,0.0180,744,2.0273,2,2,-89.1423,-106.1320,direct,0.0500,44.4000,-84.3986
489.4,node[20],0,5059.4269,3743.5488,1.8950,24.2175,-0.7808,-0.4587,833751137#2,-90.6741,-5.0000,100.0000,default,18,rsu(745m),3268,132894,0.0180,745,2.0251,2,2,-90.6741,-107.6638,direct,0.0500,44.4000,-84.4394
489.5,node[20],0,5061.6045,3744.6242,1.8950,24.2882,0.7076,-0.4587,833751137#2,-80.4169,-1.1745,100.0000,default,18,rsu(747m),3269,132949,0.1103,747,2.0208,3,4,-80.4169,-97.4066,direct,0.0500,44.4000,-84.4792
489.6,node[20],0,5063.7769,3745.6970,1.8950,24.2299,-0.5833,-0.4587,833751137#2,-81.8010,-4.8744,100.0000,default,18,rsu(748m),3270,133006,0.0191,748,2.0245,2,2,-81.8010,-98.7907,direct,0.0500,44.4000,-84.5179
489.7,node[20],0,5065.9575,3746.7738,1.8950,24.3205,0.9061,-0.4587,833751137#2,-82.4587,-5.0000,100.0000,default,18,rsu(749m),3271,133062,0.0180,749,2.0242,2,2,-82.4587,-99.4484,direct,0.0500,45.2000,-84.5560
489.8,node[20],0,5068.1298,3747.8465,1.8950,24.2289,-0.9156,-0.4587,833751137#2,-86.3318,-5.0000,100.0000,default,18,rsu(750m),3272,133118,0.0180,750,2.0264,2,2,-86.3318,-103.3215,direct,0.0500,45.2000,-84.5930
489.9,node[20],0,5070.3036,3748.9200,1.8950,24.2456,0.1661,-0.4587,833751137#2,-82.1869,-5.0000,100.0000,default,18,rsu(752m),3273,133176,0.0180,752,2.0276,2,2,-82.1869,-99.1766,direct,0.0500,45.6000,-84.6291
490,node[20],0,5072.4843,3749.9969,1.8950,24.3231,0.7752,-0.4587,833751137#2,-77.6080,-0.0839,100.0000,default,18,rsu(753m),3274,133233,0.1763,753,2.0170,4,6,-77.6080,-94.5977,direct,0.0500,45.6000,-84.6645
490.1,node[20],0,5074.6635,3751.0730,1.8950,24.3054,-0.1769,-0.4587,833751137#2,-83.2838,-5.0000,100.0000,default,18,rsu(752m),3275,133290,0.0180,752,2.0172,2,2,-83.2838,-100.2735,direct,0.0500,45.6000,-84.6991
490.2,node[20],0,5076.8353,3752.1455,1.8950,24.2235,-0.8189,-0.4587,833751137#2,-80.2172,-1.5972,100.0000,default,18,rsu(751m),3276,133347,0.0912,751,2.0245,3,4,-80.2172,-97.2069,direct,0.0500,45.6000,-84.7327
490.3,node[20],0,5079.0120,3753.2204,1.8950,24.2782,0.5468,-0.4587,833751137#2,-83.8472,-4.8408,100.0000,default,18,rsu(750m),3277,133406,0.0194,750,2.0171,2,2,-83.8472,-100.8369,direct,0.0500,46.4000,-84.7658
490.4,node[20],0,5081.1831,3754.2925,1.8950,24.2147,-0.6346,-0.4587,833751137#2,-81.3208,-2.5339,100.0000,default,18,rsu(750m),3278,133465,0.0591,750,2.0278,3,4,-81.3208,-98.3105,direct,0.0500,46.4000,-84.7980
490.5,node[20],0,5083.3581,3755.3666,1.8950,24.2592,0.4448,-0.4587,833751137#2,-89.1874,-5.0000,100.0000,default,18,rsu(749m),3279,133524,0.0180,749,2.0266,2,2,-89.1874,-106.1771,direct,0.0500,47.2000,-84.8295
490.6,node[20],0,5085.5353,3756.4418,1.8950,24.2835,0.2431,-0.4587,833751137#2,-83.1782,-5.0000,100.0000,default,18,rsu(748m),3280,133581,0.0180,748,2.0167,2,2,-83.1782,-100.1679,direct,0.0500,47.2000,-84.8604
490.7,node[20],0,5087.7145,3757.5179,1.8950,24.3052,0.2173,-0.4587,833751137#2,-88.0952,-5.0000,100.0000,default,18,rsu(747m),3281,133639,0.0180,747,2.0273,2,2,-88.0952,-105.0849,direct,0.0500,46.0000,-84.8908
490.8,node[20],0,5089.8933,3758.5939,1.8950,24.3021,-0.0315,-0.4587,833751137#2,-82.2470,-4.4319,100.0000,default,18,rsu(746m),3282,133694,0.0238,746,2.0248,2,2,-82.2470,-99.2367,direct,0.0500,46.0000,-84.9206
490.9,node[20],0,5092.0681,3759.6678,1.8950,24.2562,-0.4587,-0.4587,833751137#2,-84.3542,-5.0000,100.0000,default,18,rsu(746m),3283,133753,0.0180,746,2.0259,2,2,-84.3542,-101.3439,direct,0.0500,45.6000,-84.9496
491,node[20],0,5094.2466,3760.7436,1.8950,24.2975,0.4127,-0.4587,833751137#2,-79.9064,-1.8606,100.0000,default,18,rsu(745m),3284,133809,0.0809,745,2.0257,3,4,-79.9064,-96.8961,direct,0.0500,45.6000,-84.9781
491.1,node[20],0,5096.4196,3761.8167,1.8950,24.2375,-0.5997,-0.4587,833751137#2,-88.6787,-5.0000,100.0000,default,18,rsu(744m),3285,133867,0.0180,744,2.0236,2,2,-88.6787,-105.6684,direct,0.0500,45.6000,-85.0060
491.2,node[20],0,5098.5903,3762.8886,1.8950,24.2101,-0.2737,-0.4587,833751137#2,-82.7096,-3.8327,100.0000,default,18,rsu(743m),3286,133925,0.0318,743,2.0255,2,2,-82.7096,-99.6993,direct,0.0500,45.6000,-85.0334
491.3,node[20],0,5100.7681,3763.9641,1.8950,24.2904,0.8025,-0.4587,833751137#2,-82.8522,-5.0000,100.0000,default,18,rsu(742m),3287,133982,0.0180,742,2.0220,2,2,-82.8522,-99.8419,direct,0.0500,46.0000,-85.0603
491.4,node[20],0,5102.9490,3765.0411,1.8950,24.3253,0.3487,-0.4587,833751137#2,-85.2327,-5.0000,100.0000,default,18,rsu(742m),3288,134041,0.0180,742,2.0170,2,2,-85.2327,-102.2224,direct,0.0500,46.0000,-85.0865
491.5,node[20],0,5105.1309,3766.1185,1.8950,24.3353,0.1000,-0.4587,833751137#2,-90.5411,-5.0000,100.0000,default,18,rsu(741m),3289,134098,0.0180,741,2.0246,2,2,-90.5411,-107.5308,direct,0.0500,46.4000,-85.1123
491.6,node[20],0,5107.3102,3767.1947,1.8950,24.3073,-0.2795,-0.4587,833751137#2,-82.0283,-2.9773,100.0000,default,18,rsu(740m),3290,134157,0.0479,740,2.0213,3,4,-82.0283,-99.0180,direct,0.0500,46.4000,-85.1374
491.7,node[20],0,5109.4882,3768.2703,1.8950,24.2923,-0.1503,-0.4587,833751137#2,-87.7468,-5.0000,100.0000,default,18,rsu(739m),3291,134216,0.0180,739,2.0269,2,2,-87.7468,-104.7365,direct,0.0500,47.2000,-85.1620
491.8,node[20],0,5111.6662,3769.3458,1.8950,24.2924,0.0007,-0.4587,833751137#2,-81.5344,-5.0000,100.0000,default,18,rsu(739m),3292,134274,0.0180,739,2.0238,2,2,-81.5344,-98.5241,direct,0.0500,47.2000,-85.1860
491.9,node[20],0,5113.8450,3770.4217,1.8950,24.3009,0.0852,-0.4587,833751137#2,-84.3276,-5.0000,100.0000,default,18,rsu(738m),3293,134332,0.0180,738,2.0247,2,2,-84.3276,-101.3173,direct,0.0500,46.4000,-85.2093
492,node[20],0,5116.0110,3771.5212,1.8950,24.2929,-0.0800,-0.4641,:227533693_13,-83.1608,-5.0000,100.0000,default,18,rsu(737m),3294,134392,0.0180,737,2.0222,2,2,-83.1608,-100.1505,direct,0.0500,46.4000,-85.2321
492.1,node[20],0,5118.1697,3772.6308,1.8950,24.2731,-0.1977,-0.4719,:227533693_13,-81.1435,-2.7071,100.0000,default,18,rsu(736m),3295,134450,0.0545,736,2.0197,3,4,-81.1435,-98.1332,direct,0.0500,47.2000,-85.2545
492.2,node[20],0,5120.3342,3773.7433,1.8950,24.3373,0.6417,-0.4748,:227533693_13,-83.3895,-5.0000,100.0000,default,18,rsu(736m),3296,134507,0.0180,736,2.0260,2,2,-83.3895,-100.3792,direct,0.0500,47.2000,-85.2763
492.3,node[20],0,5122.4987,3774.8559,1.8950,24.3382,0.0093,-0.4748,:227533693_13,-85.8013,-5.0000,100.0000,default,18,rsu(735m),3297,134564,0.0180,735,2.0180,2,2,-85.8013,-102.7910,direct,0.0500,45.6000,-85.2976
492.4,node[20],0,5124.6569,3775.9652,1.8950,24.2672,-0.7104,-0.4748,:227533693_13,-84.6857,-5.0000,100.0000,default,18,rsu(734m),3298,134620,0.0180,734,2.0230,2,2,-84.6857,-101.6754,direct,0.0500,45.6000,-85.3183
492.5,node[20],0,5126.8162,3777.0750,1.8950,24.2792,0.1199,-0.4748,:227533693_13,-79.9894,-5.0000,100.0000,default,19,rsu(733m),3299,134679,0.0180,733,2.0214,2,2,-79.9894,-96.9791,direct,0.0500,46.0000,-85.2633
492.6,node[20],0,5128.9676,3778.2125,1.8950,24.3340,0.5486,-0.4804,833751137#3,-95.7909,-5.0000,100.0000,default,19,rsu(733m),3300,134734,0.0180,733,2.0269,2,2,-95.7909,-112.7806,direct,0.0500,46.0000,-85.2830
492.7,node[20],0,5131.1107,3779.3570,1.8950,24.2907,-0.4333,-0.4880,833751137#3,-83.6461,-5.0000,100.0000,default,19,rsu(732m),3301,134791,0.0180,732,2.0234,2,2,-83.6461,-100.6358,direct,0.0500,44.8000,-85.3021
492.8,node[20],0,5133.2579,3780.5037,1.8950,24.3383,0.4764,-0.4905,833751137#3,-78.4300,0.0794,100.0000,default,19,rsu(731m),3302,134848,0.1884,731,2.0204,4,6,-78.4300,-95.4197,direct,0.0500,44.8000,-85.3208
492.9,node[20],0,5135.3989,3781.6470,1.8950,24.2669,-0.7147,-0.4905,833751137#3,-85.2322,-5.0000,100.0000,default,19,rsu(731m),3303,134906,0.0180,731,2.0240,2,2,-85.2322,-102.2219,direct,0.0500,46.0000,-85.3390
493,node[20],0,5137.5406,3782.7907,1.8950,24.2754,0.0854,-0.4905,833751137#3,-85.6342,-5.0000,100.0000,default,19,rsu(730m),3304,134962,0.0180,730,2.0194,2,2,-85.6342,-102.6239,direct,0.0500,46.0000,-85.3571
493.1,node[20],0,5139.6828,3783.9348,1.8950,24.2813,0.0588,-0.4905,833751137#3,-79.6950,-0.9015,100.0000,default,19,rsu(729m),3305,135019,0.1245,729,2.0271,4,6,-79.6950,-96.6847,direct,0.0500,45.2000,-85.3749
493.2,node[20],0,5141.8242,3785.0783,1.8950,24.2716,-0.0964,-0.4905,833751137#3,-81.1705,-4.6018,100.0000,default,19,rsu(728m),3306,135076,0.0219,728,2.0236,2,2,-81.1705,-98.1602,direct,0.0500,45.2000,-85.3923
493.3,node[20],0,5143.9657,3786.2220,1.8950,24.2736,0.0196,-0.4905,833751137#3,-79.0789,-4.1066,100.0000,default,19,rsu(728m),3307,135135,0.0278,728,2.0199,2,2,-79.0789,-96.0686,direct,0.0500,46.4000,-85.4093
493.4,node[20],0,5146.1050,3787.3644,1.8950,24.2480,-0.2562,-0.4905,833751137#3,-78.7774,-0.8106,100.0000,default,19,rsu(727m),3308,135193,0.1295,727,2.0240,4,6,-78.7774,-95.7671,direct,0.0500,46.4000,-85.4258
493.5,node[20],0,5148.2464,3788.5080,1.8950,24.2716,0.2361,-0.4905,833751137#3,-86.1080,-5.0000,100.0000,default,19,rsu(726m),3309,135251,0.0180,726,2.0259,2,2,-86.1080,-103.0977,direct,0.0500,46.4000,-85.4419
493.6,node[20],0,5150.3893,3789.6524,1.8950,24.2892,0.1755,-0.4905,833751137#3,-80.5865,-2.5961,100.0000,default,19,rsu(726m),3310,135311,0.0574,726,2.0203,3,4,-80.5865,-97.5762,direct,0.0500,46.4000,-85.4577
493.7,node[20],0,5152.5355,3790.7985,1.8950,24.3261,0.3696,-0.4905,833751137#3,-88.2061,-5.0000,100.0000,default,19,rsu(725m),3311,135369,0.0180,725,2.0205,2,2,-88.2061,-105.1958,direct,0.0500,47.2000,-85.4733
493.8,node[20],0,5154.6809,3791.9442,1.8950,24.3168,-0.0930,-0.4905,833751137#3,-85.7657,-5.0000,100.0000,default,19,rsu(724m),3312,135427,0.0180,724,2.0235,2,2,-85.7657,-102.7554,direct,0.0500,47.2000,-85.4885
493.9,node[20],0,5156.8233,3793.0883,1.8950,24.2833,-0.3348,-0.4905,833751137#3,-84.0475,-5.0000,100.0000,default,19,rsu(724m),3313,135486,0.0180,724,2.0200,2,2,-84.0475,-101.0372,direct,0.0500,46.8000,-85.5032
494,node[20],0,5158.9634,3794.2312,1.8950,24.2578,-0.2556,-0.4905,833751137#3,-101.1367,-5.0000,100.0000,default,19,rsu(723m),3314,135544,0.0180,723,2.0243,2,2,-101.1367,-118.1264,direct,0.0500,46.8000,-85.5175
494.1,node[20],0,5161.1045,3795.3746,1.8950,24.2680,0.1017,-0.4905,833751137#3,-81.3047,-5.0000,100.0000,default,19,rsu(722m),3315,135604,0.0180,722,2.0202,2,2,-81.3047,-98.2944,direct,0.0500,47.2000,-85.5313
494.2,node[20],0,5163.2437,3796.5170,1.8950,24.2471,-0.2087,-0.4905,833751137#3,-83.5702,-5.0000,100.0000,default,20,rsu(722m),3316,135662,0.0180,722,1.8553,2,2,-83.5702,-100.5599,direct,0.0500,47.2000,-85.4534
494.3,node[20],0,5165.3806,3797.6582,1.8950,24.2213,-0.2577,-0.4905,833751137#3,-82.9406,-5.0000,100.0000,default,20,rsu(721m),3317,135721,0.0180,721,1.8356,2,2,-82.9406,-99.9303,direct,0.0500,46.8000,-85.4657
494.4,node[20],0,5167.5279,3798.8049,1.8950,24.3385,1.1720,-0.4905,833751137#3,-77.7751,-3.9506,100.0000,default,20,rsu(720m),3318,135778,0.0300,720,1.8458,2,2,-77.7751,-94.7648,direct,0.0500,46.8000,-85.4776
494.5,node[20],0,5169.6726,3799.9503,1.8950,24.3094,-0.2912,-0.4905,833751137#3,-85.6996,-5.0000,100.0000,default,20,rsu(720m),3319,135839,0.0180,720,1.8560,2,2,-85.6996,-102.6893,direct,0.0500,47.2000,-85.4890
494.6,node[20],0,5171.8120,3801.0928,1.8950,24.2491,-0.6034,-0.4905,833751137#3,-80.7953,-3.2908,100.0000,default,20,rsu(719m),3320,135900,0.0413,719,1.8715,2,2,-80.7953,-97.7850,direct,0.0500,47.2000,-85.5000
494.7,node[20],0,5173.9577,3802.2386,1.8950,24.3205,0.7147,-0.4905,833751137#3,-85.4039,-5.0000,100.0000,default,20,rsu(719m),3321,135961,0.0180,719,1.8552,2,2,-85.4039,-102.3936,direct,0.0500,48.8000,-85.5107
494.8,node[20],0,5176.1007,3803.3831,1.8950,24.2909,-0.2966,-0.4905,833751137#3,-78.8019,0.1966,100.0000,default,20,rsu(718m),3322,136021,0.1975,718,1.8558,4,6,-78.8019,-95.7916,direct,0.0500,48.8000,-85.5209
494.9,node[20],0,5178.2412,3804.5262,1.8950,24.2613,-0.2953,-0.4905,833751137#3,-92.0359,-5.0000,100.0000,default,20,rsu(717m),3323,136080,0.0180,717,1.8573,2,2,-92.0359,-109.0256,direct,0.0500,47.6000,-85.5307
495,node[20],0,5180.3769,3805.6691,1.8950,24.2211,-0.4020,-0.4909,:227528499_6,-86.7373,-5.0000,100.0000,default,20,rsu(717m),3324,136141,0.0180,717,1.8451,2,2,-86.7373,-103.7270,direct,0.0500,47.6000,-85.5400
495.1,node[20],0,5182.5154,3806.8203,1.8950,24.2927,0.7155,-0.4925,:227528499_6,-78.8662,-4.4243,100.0000,default,20,rsu(716m),3325,136199,0.0238,716,1.8332,2,2,-78.8662,-95.8559,direct,0.0500,47.6000,-85.5490
495.2,node[20],0,5184.6538,3807.9714,1.8950,24.2906,-0.0203,-0.4938,:227528499_6,-79.4778,-3.5483,100.0000,default,20,rsu(716m),3326,136258,0.0365,716,1.8478,2,2,-79.4778,-96.4675,direct,0.0500,47.6000,-85.5576
495.3,node[20],0,5186.7920,3809.1225,1.8950,24.2897,-0.0099,-0.4938,:227528499_6,-102.9415,-5.0000,100.0000,default,20,rsu(715m),3327,136317,0.0180,715,1.8662,2,2,-102.9415,-119.9312,direct,0.0500,47.2000,-85.5659
495.4,node[20],0,5188.9344,3810.2759,1.8950,24.3377,0.4802,-0.4938,:227528499_6,-80.4278,-2.0303,100.0000,default,20,rsu(715m),3328,136378,0.0748,715,1.8313,3,4,-80.4278,-97.4175,direct,0.0500,47.2000,-85.5738
495.5,node[20],0,5191.0727,3811.4270,1.8950,24.2895,-0.4819,-0.4938,:227528499_6,-79.3667,-0.9345,100.0000,default,20,rsu(714m),3329,136437,0.1227,714,1.8430,4,6,-79.3667,-96.3564,direct,0.0500,48.0000,-85.5813
495.6,node[20],0,5193.2071,3812.5790,1.8950,24.2594,-0.3007,-0.4944,833751137#4,-87.8524,-5.0000,100.0000,default,20,rsu(714m),3330,136494,0.0180,714,1.8657,2,2,-87.8524,-104.8421,direct,0.0500,48.0000,-85.5885
495.7,node[20],0,5195.3386,3813.7350,1.8950,24.2493,-0.1012,-0.4959,833751137#4,-84.0489,-4.9649,100.0000,default,20,rsu(713m),3331,136552,0.0183,713,1.8733,2,2,-84.0489,-101.0386,direct,0.0500,46.0000,-85.5954
495.8,node[20],0,5197.4695,3814.8907,1.8950,24.2435,-0.0580,-0.4970,833751137#4,-79.6420,-3.0885,100.0000,default,20,rsu(713m),3332,136609,0.0455,713,1.8732,2,2,-79.6420,-96.6317,direct,0.0500,46.0000,-85.6018
495.9,node[20],0,5199.6008,3816.0467,1.8950,24.2478,0.0427,-0.4970,833751137#4,-81.3441,-5.0000,100.0000,default,20,rsu(712m),3333,136669,0.0180,712,1.8445,2,2,-81.3441,-98.3338,direct,0.0500,46.8000,-85.6078
496,node[20],0,5201.7306,3817.2018,1.8950,24.2302,-0.1757,-0.4970,833751137#4,-79.7911,-1.7532,100.0000,default,20,rsu(711m),3334,136727,0.0850,711,1.8472,3,4,-79.7911,-96.7808,direct,0.0500,46.8000,-85.6134
496.1,node[20],0,5203.8614,3818.3574,1.8950,24.2414,0.1124,-0.4970,833751137#4,-83.6705,-4.6880,100.0000,default,20,rsu(711m),3335,136786,0.0210,711,1.8693,2,2,-83.6705,-100.6602,direct,0.0500,46.8000,-85.6187
496.2,node[20],0,5205.9909,3819.5124,1.8950,24.2274,-0.1408,-0.4970,833751137#4,-77.8833,0.5562,100.0000,default,20,rsu(710m),3336,136845,0.2276,710,1.8563,4,6,-77.8833,-94.8730,direct,0.0500,46.8000,-85.6236
496.3,node[20],0,5208.1295,3820.6723,1.8950,24.3304,1.0307,-0.4970,833751137#4,-82.6749,-5.0000,100.0000,default,20,rsu(710m),3337,136902,0.0180,710,1.8418,2,2,-82.6749,-99.6646,direct,0.0500,46.4000,-85.6281
496.4,node[20],0,5210.2579,3821.8267,1.8950,24.2148,-1.1561,-0.4970,833751137#4,-86.4686,-5.0000,100.0000,default,20,rsu(710m),3338,136961,0.0180,710,1.8296,2,2,-86.4686,-103.4583,direct,0.0500,46.4000,-85.6321
496.5,node[20],0,5212.3952,3822.9859,1.8950,24.3159,1.0113,-0.4970,833751137#4,-86.1631,-5.0000,100.0000,default,20,rsu(709m),3339,137021,0.0180,709,1.8684,2,2,-86.1631,-103.1528,direct,0.0500,47.6000,-85.6358
496.6,node[20],0,5214.5282,3824.1428,1.8950,24.2674,-0.4851,-0.4970,833751137#4,-84.2832,-4.9645,100.0000,default,20,rsu(709m),3340,137080,0.0183,709,1.8575,2,2,-84.2832,-101.2729,direct,0.0500,47.6000,-85.6391
496.7,node[20],0,5216.6589,3825.2984,1.8950,24.2406,-0.2681,-0.4970,833751137#4,-84.5595,-5.0000,100.0000,default,20,rsu(708m),3341,137139,0.0180,708,1.8413,2,2,-84.5595,-101.5492,direct,0.0500,47.2000,-85.6418
496.8,node[20],0,5218.7906,3826.4546,1.8950,24.2526,0.1195,-0.4970,833751137#4,-80.8111,-2.2390,100.0000,default,20,rsu(708m),3342,137198,0.0679,708,1.8594,3,4,-80.8111,-97.8008,direct,0.0500,47.2000,-85.6443
496.9,node[20],0,5220.9231,3827.6111,1.8950,24.2603,0.0773,-0.4970,833751137#4,-80.3433,-1.6730,100.0000,default,20,rsu(707m),3343,137255,0.0881,707,1.8420,3,4,-80.3433,-97.3330,direct,0.0500,46.4000,-85.6463
497,node[20],0,5223.0561,3828.7680,1.8950,24.2676,0.0727,-0.4970,833751137#4,-80.8122,-1.5214,100.0000,default,20,rsu(707m),3344,137313,0.0944,707,1.8692,3,4,-80.8122,-97.8019,direct,0.0500,46.4000,-85.6479
497.1,node[20],0,5225.1860,3829.9232,1.8950,24.2317,-0.3583,-0.4970,833751137#4,-83.2753,-5.0000,100.0000,default,20,rsu(706m),3345,137372,0.0180,706,1.8468,2,2,-83.2753,-100.2650,direct,0.0500,46.8000,-85.6491
497.2,node[20],0,5227.3145,3831.0776,1.8950,24.2154,-0.1636,-0.4970,833751137#4,-83.5635,-5.0000,100.0000,default,20,rsu(706m),3346,137432,0.0180,706,1.8713,2,2,-83.5635,-100.5532,direct,0.0500,46.8000,-85.6498
497.3,node[20],0,5229.4494,3832.2355,1.8950,24.2884,0.7306,-0.4970,833751137#4,-90.8917,-5.0000,100.0000,default,20,rsu(706m),3347,137490,0.0180,706,1.8418,2,2,-90.8917,-107.8814,direct,0.0500,47.2000,-85.6500
497.4,node[20],0,5231.5866,3833.3947,1.8950,24.3150,0.2656,-0.4970,833751137#4,-92.8192,-5.0000,100.0000,default,20,rsu(705m),3348,137549,0.0180,705,1.8684,2,2,-92.8192,-109.8089,direct,0.0500,47.2000,-85.6498
497.5,node[20],0,5233.7202,3834.5519,1.8950,24.2742,-0.4080,-0.4970,833751137#4,-86.5286,-5.0000,100.0000,default,20,rsu(705m),3349,137608,0.0180,705,1.8596,2,2,-86.5286,-103.5183,direct,0.0500,47.2000,-85.6492
497.6,node[20],0,5235.8586,3835.7117,1.8950,24.3279,0.5368,-0.4970,833751137#4,-83.9469,-5.0000,100.0000,default,20,rsu(704m),3350,137668,0.0180,704,1.8422,2,2,-83.9469,-100.9366,direct,0.0500,47.2000,-85.6490
497.7,node[20],0,5237.9956,3836.8707,1.8950,24.3132,-0.1464,-0.4970,833751137#4,-88.1938,-5.0000,100.0000,default,20,rsu(704m),3351,137728,0.0180,704,1.8290,2,2,-88.1938,-105.1835,direct,0.0500,48.0000,-85.6486
497.8,node[20],0,5240.1350,3838.0310,1.8950,24.3391,0.2583,-0.4970,833751137#4,-82.0869,-5.0000,100.0000,default,20,rsu(704m),3352,137788,0.0180,704,1.8486,2,2,-82.0869,-99.0766,direct,0.0500,48.0000,-85.6475
497.9,node[20],0,5242.2714,3839.1898,1.8950,24.3063,-0.3276,-0.4970,833751137#4,-84.8101,-5.0000,100.0000,default,20,rsu(703m),3353,137848,0.0180,703,1.8556,2,2,-84.8101,-101.7998,direct,0.0500,48.0000,-85.6463
498,node[20],0,5244.4092,3840.3492,1.8950,24.3213,0.1503,-0.4970,833751137#4,-83.1473,-5.0000,100.0000,default,20,rsu(703m),3354,137908,0.0180,703,1.8584,2,2,-83.1473,-100.1370,direct,0.0500,48.0000,-85.6446
498.1,node[20],0,5246.5458,3841.5081,1.8950,24.3080,-0.1334,-0.4970,833751137#4,-79.1062,-2.6751,100.0000,default,20,rsu(703m),3355,137969,0.0553,703,1.8450,3,4,-79.1062,-96.0959,direct,0.0500,48.4000,-85.6424
498.2,node[20],0,5248.6814,3842.6633,1.8950,24.2902,-0.1776,-0.4964,:227488000_6,-75.5961,1.8932,100.0000,default,20,rsu(702m),3356,138027,0.3651,702,1.8425,5,8,-75.5961,-92.5858,direct,0.0500,48.4000,-85.6394
498.3,node[20],0,5250.8127,3843.8146,1.8950,24.2367,-0.5357,-0.4956,:227488000_6,-84.6462,-5.0000,100.0000,default,20,rsu(702m),3357,138086,0.0180,702,1.8560,2,2,-84.6462,-101.6359,direct,0.0500,46.8000,-85.6360
498.4,node[20],0,5252.9436,3844.9658,1.8950,24.2331,-0.0353,-0.4953,:227488000_6,-84.3757,-5.0000,100.0000,default,20,rsu(702m),3358,138146,0.0180,702,1.8764,2,2,-84.3757,-101.3654,direct,0.0500,46.8000,-85.6322
498.5,node[20],0,5255.0811,3846.1205,1.8950,24.3090,0.7592,-0.4953,:227488000_6,-91.1901,-5.0000,100.0000,default,20,rsu(701m),3359,138204,0.0180,701,1.8547,2,2,-91.1901,-108.1798,direct,0.0500,47.2000,-85.6278
498.6,node[20],0,5257.2141,3847.2728,1.8950,24.2565,-0.5258,-0.4953,:227488000_6,-88.5499,-5.0000,100.0000,default,20,rsu(701m),3360,138262,0.0180,701,1.8567,2,2,-88.5499,-105.5396,direct,0.0500,47.2000,-85.6221
498.7,node[20],0,5259.3472,3848.4252,1.8950,24.2582,0.0168,-0.4953,:227488000_6,-88.3777,-5.0000,100.0000,default,20,rsu(701m),3361,138320,0.0180,701,1.8313,2,2,-88.3777,-105.3674,direct,0.0500,46.4000,-85.6169
498.8,node[20],0,5261.4859,3849.5762,1.8950,24.2913,0.3316,-0.4945,833751137#5,-91.6120,-5.0000,100.0000,default,20,rsu(701m),3362,138378,0.0180,701,1.8439,2,2,-91.6120,-108.6017,direct,0.0500,46.4000,-85.6118
498.9,node[20],0,5263.6277,3850.7272,1.8950,24.3156,0.2429,-0.4935,833751137#5,-88.0179,-5.0000,100.0000,default,20,rsu(700m),3363,138437,0.0180,700,1.8772,2,2,-88.0179,-105.0076,direct,0.0500,46.8000,-85.6060
499,node[20],0,5265.7679,3851.8774,1.8950,24.2970,-0.1864,-0.4931,833751137#5,-78.4088,-0.0930,100.0000,default,20,rsu(700m),3364,138495,0.1756,700,1.8569,4,6,-78.4088,-95.3985,direct,0.0500,46.8000,-85.5997
499.1,node[20],0,5267.9052,3853.0260,1.8950,24.2646,-0.3236,-0.4931,833751137#5,-81.8172,-3.3649,100.0000,default,20,rsu(700m),3365,138553,0.0398,700,1.8451,2,2,-81.8172,-98.8069,direct,0.0500,46.4000,-85.5928
499.2,node[20],0,5270.0489,3854.1780,1.8950,24.3366,0.7197,-0.4931,833751137#5,-85.6948,-5.0000,100.0000,default,20,rsu(700m),3366,138612,0.0180,700,1.8555,2,2,-85.6948,-102.6845,direct,0.0500,46.4000,-85.5853
499.3,node[20],0,5272.1845,3855.3257,1.8950,24.2444,-0.9221,-0.4931,833751137#5,-77.9425,-1.8550,100.0000,default,20,rsu(699m),3367,138670,0.0811,699,1.8720,3,4,-77.9425,-94.9322,direct,0.0500,46.8000,-85.5772
499.4,node[20],0,5274.3187,3856.4726,1.8950,24.2292,-0.1518,-0.4931,833751137#5,-79.9564,-2.2955,100.0000,default,20,rsu(699m),3368,138727,0.0661,699,1.8595,3,4,-79.9564,-96.9461,direct,0.0500,46.8000,-85.5685
499.5,node[20],0,5276.4605,3857.6237,1.8950,24.3159,0.8669,-0.4931,833751137#5,-82.0028,-5.0000,100.0000,default,20,rsu(699m),3369,138787,0.0180,699,1.8295,2,2,-82.0028,-98.9925,direct,0.0500,46.8000,-85.5589
499.6,node[20],0,5278.6020,3858.7746,1.8950,24.3121,-0.0375,-0.4931,833751137#5,-83.9196,-5.0000,100.0000,default,20,rsu(699m),3370,138847,0.0180,699,1.8698,2,2,-83.9196,-100.9093,direct,0.0500,46.8000,-85.5492
499.7,node[20],0,5280.7346,3859.9206,1.8950,24.2102,-1.0188,-0.4931,833751137#5,-81.5901,-5.0000,100.0000,default,20,rsu(698m),3371,138904,0.0180,698,1.8331,2,2,-81.5901,-98.5798,direct,0.0500,46.8000,-85.5392
499.8,node[20],0,5282.8714,3861.0690,1.8950,24.2592,0.4892,-0.4931,833751137#5,-81.5941,-4.1285,100.0000,default,20,rsu(698m),3372,138961,0.0275,698,1.8414,2,2,-81.5941,-98.5838,direct,0.0500,46.8000,-85.5290
499.9,node[20],0,5285.0076,3862.2170,1.8950,24.2512,-0.0792,-0.4931,833751137#5,-89.2194,-5.0000,100.0000,default,20,rsu(698m),3373,139020,0.0180,698,1.8550,2,2,-89.2194,-106.2091,direct,0.0500,46.4000,-85.5182
500,node[20],0,5287.1452,3863.3658,1.8950,24.2673,0.1606,-0.4931,833751137#5,-93.1391,-5.0000,100.0000,default,20,rsu(698m),3374,139078,0.0180,698,1.8571,2,2,-93.1391,-110.1288,direct,0.0500,46.4000,-85.5066
500.1,node[20],0,5289.2799,3864.5130,1.8950,24.2351,-0.3215,-0.4931,833751137#5,-89.0378,-5.0000,100.0000,default,20,rsu(698m),3375,139137,0.0180,698,1.8293,2,2,-89.0378,-106.0275,direct,0.0500,46.8000,-85.4944
500.2,node[20],0,5291.4130,3865.6593,1.8950,24.2162,-0.1896,-0.4931,833751137#5,-82.1127,-5.0000,100.0000,default,20,rsu(698m),3376,139192,0.0180,698,1.8412,2,2,-82.1127,-99.1024,direct,0.0500,46.8000,-85.4813
500.3,node[20],0,5293.5554,3866.8107,1.8950,24.3226,1.0640,-0.4931,833751137#5,-85.6535,-5.0000,100.0000,default,20,rsu(697m),3377,139252,0.0180,697,1.8659,2,2,-85.6535,-102.6432,direct,0.0500,46.0000,-85.4671
500.4,node[20],0,5295.6991,3867.9628,1.8950,24.3370,0.1444,-0.4931,833751137#5,-83.9814,-5.0000,100.0000,default,20,rsu(697m),3378,139310,0.0180,697,1.8424,2,2,-83.9814,-100.9711,direct,0.0500,46.0000,-85.4525
500.5,node[20],0,5297.8398,3869.1132,1.8950,24.3026,-0.3441,-0.4931,833751137#5,-84.4432,-5.0000,100.0000,default,20,rsu(697m),3379,139367,0.0180,697,1.8659,2,2,-84.4432,-101.4329,direct,0.0500,46.0000,-85.4374
500.6,node[20],1,5299.9835,3870.2653,1.8950,24.3371,0.3445,-0.4931,833751137#5,-81.2148,-5.0000,100.0000,default,19,rsu(697m),3380,139425,0.0180,697,1.8577,2,2,-81.2148,-98.2045,direct,0.0500,46.0000,-85.4291
500.7,node[20],1,5302.1228,3871.4149,1.8950,24.2866,-0.5043,-0.4931,833751137#5,-85.5214,-5.0000,100.0000,default,20,rsu(697m),3381,139482,0.0180,697,1.8574,2,2,-85.5214,-102.5111,direct,0.0500,46.0000,-85.3338
500.8,node[20],1,5304.2612,3872.5641,1.8950,24.2771,-0.0954,-0.4931,833751137#5,-85.6388,-5.0000,100.0000,default,20,rsu(697m),3382,139539,0.0180,697,1.8711,2,2,-85.6388,-102.6285,direct,0.0500,46.0000,-85.3145
500.9,node[20],1,5306.4024,3873.7148,1.8950,24.3081,0.3103,-0.4931,833751137#5,-85.0051,-5.0000,100.0000,default,20,rsu(697m),3383,139597,0.0180,697,1.8746,2,2,-85.0051,-101.9948,direct,0.0500,46.0000,-85.2946
501,node[20],1,5308.5423,3874.8649,1.8950,24.2941,-0.1402,-0.4931,833751137#5,-80.7061,-5.0000,100.0000,default,20,rsu(697m),3384,139654,0.0180,697,1.8546,2,2,-80.7061,-97.6958,direct,0.0500,46.0000,-85.2733
501.1,node[20],1,5310.6763,3876.0117,1.8950,24.2270,-0.6714,-0.4931,833751137#5,-88.9523,-5.0000,100.0000,default,20,rsu(697m),3385,139712,0.0180,697,1.8574,2,2,-88.9523,-105.9420,direct,0.0500,46.0000,-85.2493
501.2,node[20],1,5312.8202,3877.1639,1.8950,24.3391,1.1217,-0.4931,833751137#5,-76.7550,1.0518,100.0000,default,20,rsu(696m),3386,139769,0.2741,696,1.8563,5,8,-76.7550,-93.7447,direct,0.0500,46.0000,-85.2245
501.3,node[20],1,5314.9556,3878.3093,1.8950,24.2297,-1.0945,-0.4927,:227501069_6,-87.5511,-5.0000,100.0000,default,21,rsu(696m),3387,139826,0.0180,696,1.8314,2,2,-87.5511,-104.5408,direct,0.0500,45.6000,-85.1253
501.4,node[20],1,5317.0998,3879.4556,1.8950,24.3080,0.7830,-0.4917,:227501069_6,-77.6562,0.3857,100.0000,default,21,rsu(696m),3388,139884,0.2130,696,1.8295,4,6,-77.6562,-94.6459,direct,0.0500,45.6000,-85.0971
501.5,node[20],1,5319.2382,3880.5987,1.8950,24.2418,-0.6618,-0.4909,:227501069_6,-81.4086,-4.5599,100.0000,default,21,rsu(696m),3389,139943,0.0223,696,1.8676,2,2,-81.4086,-98.3983,direct,0.0500,46.8000,-85.0669
501.6,node[20],1,5321.3825,3881.7451,1.8950,24.3094,0.6760,-0.4909,:227501069_6,-79.6441,-2.2200,100.0000,default,21,rsu(696m),3390,140001,0.0685,696,1.8411,3,4,-79.6441,-96.6338,direct,0.0500,46.8000,-85.0355
501.7,node[20],1,5323.5231,3882.8894,1.8950,24.2660,-0.4336,-0.4909,:227501069_6,-82.2812,-5.0000,100.0000,default,21,rsu(696m),3391,140060,0.0180,696,1.8543,2,2,-82.2812,-99.2709,direct,0.0500,46.8000,-85.0031
501.8,node[20],1,5325.6697,3884.0370,1.8950,24.3356,0.6956,-0.4909,:227501069_6,-79.3251,-2.4118,100.0000,default,21,rsu(696m),3392,140118,0.0626,696,1.8673,3,4,-79.3251,-96.3148,direct,0.0500,46.8000,-84.9694
501.9,node[20],1,5327.8081,3885.1771,1.8950,24.2300,-1.0561,-0.4904,833751137#6,-90.2813,-5.0000,100.0000,default,21,rsu(696m),3393,140177,0.0180,696,1.8664,2,2,-90.2813,-107.2710,direct,0.0500,46.8000,-84.9338
502,node[20],1,5329.9550,3886.3176,1.8950,24.3092,0.7919,-0.4891,833751137#6,-77.4415,-0.1570,100.0000,default,21,rsu(696m),3394,140235,0.1710,696,1.8768,4,6,-77.4415,-94.4312,direct,0.0500,46.8000,-84.8963
502.1,node[20],1,5332.1029,3887.4586,1.8950,24.3211,0.1192,-0.4883,833751137#6,-82.4384,-5.0000,100.0000,default,21,rsu(696m),3395,140293,0.0180,696,1.8559,2,2,-82.4384,-99.4281,direct,0.0500,46.4000,-84.8572
502.2,node[20],1,5334.2450,3888.5965,1.8950,24.2550,-0.6613,-0.4883,833751137#6,-86.4342,-5.0000,100.0000,default,21,rsu(696m),3396,140351,0.0180,696,1.8442,2,2,-86.4342,-103.4239,direct,0.0500,46.4000,-84.8171
502.3,node[20],1,5336.3901,3889.7360,1.8950,24.2886,0.3367,-0.4883,833751137#6,-78.6001,-0.0308,100.0000,default,21,rsu(696m),3397,140408,0.1801,696,1.8674,4,6,-78.6001,-95.5898,direct,0.0500,46.0000,-84.7754
502.4,node[20],1,5338.5312,3890.8734,1.8950,24.2436,-0.4504,-0.4883,833751137#6,-88.5477,-5.0000,100.0000,default,21,rsu(696m),3398,140467,0.0180,696,1.8699,2,2,-88.5477,-105.5374,direct,0.0500,46.0000,-84.7323
502.5,node[20],1,5340.6789,3892.0143,1.8950,24.3186,0.7498,-0.4883,833751137#6,-84.2170,-5.0000,100.0000,default,21,rsu(696m),3399,140523,0.0180,696,1.8562,2,2,-84.2170,-101.2067,direct,0.0500,46.0000,-84.6876
502.6,node[20],1,5342.8211,3893.1522,1.8950,24.2562,-0.6234,-0.4883,833751137#6,-81.1540,-4.5030,100.0000,default,21,rsu(696m),3400,140582,0.0229,696,1.8698,2,2,-81.1540,-98.1437,direct,0.0500,46.0000,-84.6413
502.7,node[20],1,5344.9597,3894.2883,1.8950,24.2165,-0.3969,-0.4883,833751137#6,-81.6716,-5.0000,100.0000,default,21,rsu(697m),3401,140640,0.0180,697,1.8437,2,2,-81.6716,-98.6613,direct,0.0500,46.8000,-84.5936
502.8,node[20],1,5347.1061,3895.4285,1.8950,24.3038,0.8725,-0.4883,833751137#6,-78.0215,-0.1522,100.0000,default,21,rsu(697m),3402,140697,0.1713,697,1.8430,4,6,-78.0215,-95.0112,direct,0.0500,46.8000,-84.5442
502.9,node[20],1,5349.2546,3896.5698,1.8950,24.3269,0.2312,-0.4883,833751137#6,-90.6460,-5.0000,100.0000,default,21,rsu(697m),3403,140753,0.0180,697,1.8712,2,2,-90.6460,-107.6357,direct,0.0500,45.2000,-84.4931
503,node[20],1,5351.3945,3897.7066,1.8950,24.2303,-0.9658,-0.4883,833751137#6,-76.0300,3.2333,100.0000,default,21,rsu(697m),3404,140811,0.5291,697,1.8563,6,10,-76.0300,-93.0197,direct,0.0500,45.2000,-84.4404
503.1,node[20],1,5353.5416,3898.8472,1.8950,24.3121,0.8183,-0.4883,833751137#6,-85.7715,-5.0000,100.0000,default,21,rsu(697m),3405,140869,0.0180,697,1.8698,2,2,-85.7715,-102.7612,direct,0.0500,46.4000,-84.3860
503.2,node[20],1,5355.6831,3899.9848,1.8950,24.2478,-0.6431,-0.4883,833751137#6,-83.9991,-5.0000,100.0000,default,21,rsu(697m),3406,140926,0.0180,697,1.8412,2,2,-83.9991,-100.9888,direct,0.0500,46.4000,-84.3302
503.3,node[20],1,5357.8245,3901.1223,1.8950,24.2478,-0.0005,-0.4883,833751137#6,-85.1974,-5.0000,100.0000,default,21,rsu(697m),3407,140984,0.0180,697,1.8683,2,2,-85.1974,-102.1871,direct,0.0500,46.0000,-84.2726
503.4,node[20],1,5359.9720,3902.2631,1.8950,24.3161,0.6832,-0.4883,833751137#6,-80.7378,-5.0000,100.0000,default,21,rsu(697m),3408,141042,0.0180,697,1.8486,2,2,-80.7378,-97.7275,direct,0.0500,46.0000,-84.2134
503.5,node[20],1,5362.1189,3903.4036,1.8950,24.3094,-0.0670,-0.4883,833751137#6,-93.2119,-5.0000,100.0000,default,21,rsu(697m),3409,141100,0.0180,697,1.8460,2,2,-93.2119,-110.2016,direct,0.0500,46.4000,-84.1525
503.6,node[20],1,5364.2644,3904.5433,1.8950,24.2941,-0.1529,-0.4883,833751137#6,-79.1641,-1.4881,100.0000,default,19,rsu(698m),3410,141155,0.0959,698,1.8683,3,4,-79.1641,-96.1538,direct,0.0500,46.4000,-84.2062
503.7,node[20],1,5366.4099,3905.6830,1.8950,24.2934,-0.0067,-0.4883,833751137#6,-80.2508,-3.9942,100.0000,default,19,rsu(698m),3411,141213,0.0294,698,1.8437,2,2,-80.2508,-97.2405,direct,0.0500,45.2000,-84.1405
503.8,node[20],1,5368.5573,3906.8238,1.8950,24.3150,0.2154,-0.4883,833751137#6,-82.0724,-5.0000,100.0000,default,19,rsu(698m),3412,141272,0.0180,698,1.8618,2,2,-82.0724,-99.0621,direct,0.0500,45.2000,-84.0733
503.9,node[20],1,5370.6999,3907.9620,1.8950,24.2610,-0.5395,-0.4883,833751137#6,-81.8755,-4.4374,100.0000,default,19,rsu(698m),3413,141330,0.0237,698,1.8640,2,2,-81.8755,-98.8652,direct,0.0500,46.8000,-84.0050
504,node[20],1,5372.8489,3909.1035,1.8950,24.3331,0.7208,-0.4883,833751137#6,-80.2116,-2.3620,100.0000,default,19,rsu(698m),3414,141387,0.0641,698,1.8297,3,4,-80.2116,-97.2013,direct,0.0500,46.8000,-83.9353
504.1,node[20],1,5374.9928,3910.2424,1.8950,24.2758,-0.5733,-0.4883,833751137#6,-83.9132,-5.0000,100.0000,default,19,rsu(698m),3415,141446,0.0180,698,1.8381,2,2,-83.9132,-100.9029,direct,0.0500,46.4000,-83.8647
504.2,node[20],1,5377.1389,3911.3825,1.8950,24.3005,0.2477,-0.4883,833751137#6,-78.2961,-0.5810,100.0000,default,19,rsu(699m),3416,141503,0.1430,699,1.8646,4,6,-78.2961,-95.2858,direct,0.0500,46.4000,-83.7930
504.3,node[20],1,5379.2818,3912.5208,1.8950,24.2635,-0.3706,-0.4883,833751137#6,-76.5722,-2.4649,100.0000,default,19,rsu(699m),3417,141560,0.0611,699,1.8760,3,4,-76.5722,-93.5619,direct,0.0500,45.6000,-83.7208
504.4,node[20],1,5381.4299,3913.6619,1.8950,24.3228,0.5936,-0.4883,833751137#6,-85.2290,-5.0000,100.0000,default,19,rsu(699m),3418,141615,0.0180,699,1.8285,2,2,-85.2290,-102.2187,direct,0.0500,45.6000,-83.6479
504.5,node[20],1,5383.5722,3914.7999,1.8950,24.2574,-0.6544,-0.4883,833751137#6,-87.1765,-5.0000,100.0000,default,19,rsu(699m),3419,141672,0.0180,699,1.8664,2,2,-87.1765,-104.1662,direct,0.0500,44.8000,-83.5750
504.6,node[20],2,5385.7215,3915.9417,1.8950,24.3376,0.8022,-0.4883,833751137#6,-88.4841,-5.0000,100.0000,default,18,rsu(699m),3420,141729,0.0180,699,1.8670,2,2,-88.4841,-105.4738,direct,0.0500,44.8000,-83.5115
504.7,node[20],2,5387.8602,3917.0778,1.8950,24.2164,-1.2118,-0.4883,833751137#6,-84.4800,-5.0000,100.0000,default,18,rsu(700m),3421,141787,0.0180,700,1.8462,2,2,-84.4800,-101.4697,direct,0.0500,46.0000,-83.4438
504.8,node[20],2,5390.0067,3918.2180,1.8950,24.3045,0.8802,-0.4883,833751137#6,-82.5060,-5.0000,100.0000,default,18,rsu(700m),3422,141844,0.0180,700,1.8386,2,2,-82.5060,-99.4957,direct,0.0500,46.0000,-83.3771
504.9,node[20],2,5392.1536,3919.3585,1.8950,24.3092,0.0472,-0.4883,833751137#6,-81.6289,-4.6649,100.0000,default,18,rsu(700m),3423,141903,0.0212,700,1.8433,2,2,-81.6289,-98.6186,direct,0.0500,46.4000,-83.3117
505,node[20],2,5394.2945,3920.4958,1.8950,24.2418,-0.6740,-0.4883,833751137#6,-89.3213,-5.0000,100.0000,default,18,rsu(700m),3424,141960,0.0180,700,1.8289,2,2,-89.3213,-106.3110,direct,0.0500,46.4000,-83.2485
505.1,node[20],2,5396.4341,3921.6324,1.8950,24.2267,-0.1504,-0.4883,833751137#6,-82.6303,-4.4182,100.0000,default,18,rsu(701m),3425,142017,0.0239,701,1.8325,2,2,-82.6303,-99.6200,direct,0.0500,45.6000,-83.1876
505.2,node[20],2,5398.5770,3922.7708,1.8950,24.2646,0.3790,-0.4883,833751137#6,-83.3998,-5.0000,100.0000,default,18,rsu(701m),3426,142073,0.0180,701,1.8407,2,2,-83.3998,-100.3895,direct,0.0500,45.6000,-83.1291
505.3,node[20],2,5400.7193,3923.9088,1.8950,24.2569,-0.0778,-0.4883,833751137#6,-81.1746,-4.8054,100.0000,default,18,rsu(701m),3427,142131,0.0198,701,1.8377,2,2,-81.1746,-98.1643,direct,0.0500,45.6000,-83.0736
505.4,node[20],2,5402.8681,3925.0502,1.8950,24.3311,0.7421,-0.4883,833751137#6,-88.5808,-5.0000,100.0000,default,18,rsu(702m),3428,142187,0.0180,702,1.8409,2,2,-88.5808,-105.5705,direct,0.0500,45.6000,-83.0213
505.5,node[20],2,5405.0070,3926.1865,1.8950,24.2195,-1.1153,-0.4883,833751137#6,-91.5224,-5.0000,100.0000,default,18,rsu(702m),3429,142244,0.0180,702,1.8428,2,2,-91.5224,-108.5121,direct,0.0500,45.2000,-82.9730
505.6,node[20],2,5407.1461,3927.3228,1.8950,24.2211,0.0151,-0.4883,833751137#6,-81.9827,-4.0833,100.0000,default,18,rsu(702m),3430,142301,0.0282,702,1.8302,2,2,-81.9827,-98.9724,direct,0.0500,45.2000,-82.9286
505.7,node[20],2,5409.2843,3928.4586,1.8950,24.2108,-0.1022,-0.4883,833751137#6,-86.8439,-5.0000,100.0000,default,18,rsu(702m),3431,142357,0.0180,702,1.8579,2,2,-86.8439,-103.8336,direct,0.0500,45.2000,-82.8886
505.8,node[20],2,5411.4279,3929.5974,1.8950,24.2723,0.6149,-0.4883,833751137#6,-84.5822,-5.0000,100.0000,default,18,rsu(703m),3432,142416,0.0180,703,1.8520,2,2,-84.5822,-101.5719,direct,0.0500,45.2000,-82.8532
505.9,node[20],2,5413.5707,3930.7357,1.8950,24.2627,-0.0958,-0.4883,833751137#6,-91.6176,-5.0000,100.0000,default,18,rsu(703m),3433,142472,0.0180,703,1.8576,2,2,-91.6176,-108.6073,direct,0.0500,46.0000,-82.8230
506,node[20],2,5415.7196,3931.8772,1.8950,24.3319,0.6919,-0.4883,833751137#6,-80.4732,-1.1578,100.0000,default,18,rsu(703m),3434,142529,0.1112,703,1.8318,3,4,-80.4732,-97.4629,direct,0.0500,46.0000,-82.7977
506.1,node[20],2,5417.8678,3933.0184,1.8950,24.3250,-0.0690,-0.4883,833751137#6,-92.0285,-5.0000,100.0000,default,18,rsu(704m),3435,142588,0.0180,704,1.8707,2,2,-92.0285,-109.0182,direct,0.0500,46.4000,-82.7780
506.2,node[20],2,5420.0122,3934.1575,1.8950,24.2812,-0.4381,-0.4883,833751137#6,-84.8109,-5.0000,100.0000,default,18,rsu(704m),3436,142646,0.0180,704,1.8500,2,2,-84.8109,-101.8006,direct,0.0500,46.4000,-82.7639
506.3,node[20],2,5422.1567,3935.2967,1.8950,24.2820,0.0081,-0.4883,833751137#6,-80.3737,-4.0822,100.0000,default,18,rsu(705m),3437,142702,0.0282,705,1.8689,2,2,-80.3737,-97.3634,direct,0.0500,45.6000,-82.7556
506.4,node[20],2,5424.3008,3936.4369,1.8950,24.2904,0.0831,-0.4885,:227572548_6,-86.0574,-5.0000,100.0000,default,18,rsu(705m),3438,142761,0.0180,705,1.8412,2,2,-86.0574,-103.0471,direct,0.0500,45.6000,-82.7527
506.5,node[20],2,5426.4417,3937.5756,1.8950,24.2552,-0.3513,-0.4888,:227572548_6,-78.4797,-0.4023,100.0000,default,18,rsu(705m),3439,142818,0.1543,705,1.8302,4,6,-78.4797,-95.4694,direct,0.0500,46.4000,-82.7559
506.6,node[20],2,5428.5797,3938.7127,1.8950,24.2234,-0.3183,-0.4888,:227572548_6,-80.8120,-5.0000,100.0000,default,18,rsu(706m),3440,142874,0.0180,706,1.8663,2,2,-80.8120,-97.8017,direct,0.0500,46.4000,-82.7649
506.7,node[20],2,5430.7223,3939.8523,1.8950,24.2750,0.5163,-0.4888,:227572548_6,-82.5906,-5.0000,100.0000,default,18,rsu(706m),3441,142933,0.0180,706,1.8520,2,2,-82.5906,-99.5803,direct,0.0500,46.0000,-82.7798
506.8,node[20],2,5432.8672,3940.9931,1.8950,24.3003,0.2525,-0.4888,:227572548_6,-82.4414,-5.0000,100.0000,default,18,rsu(707m),3442,142990,0.0180,707,1.8664,2,2,-82.4414,-99.4311,direct,0.0500,46.0000,-82.8001
506.9,node[20],2,5435.0086,3942.1320,1.8950,24.2612,-0.3908,-0.4888,:227572548_6,-83.5822,-4.3780,100.0000,default,18,rsu(707m),3443,143046,0.0244,707,1.8377,2,2,-83.5822,-100.5719,direct,0.0500,45.2000,-82.8253
507,node[20],2,5437.1496,3943.2709,1.8950,24.2510,-0.1016,-0.4888,833751137#7,-88.0748,-5.0000,100.0000,default,18,rsu(707m),3444,143104,0.0180,707,1.8765,2,2,-88.0748,-105.0645,direct,0.0500,45.2000,-82.8556
507.1,node[20],2,5439.2951,3944.4122,1.8950,24.3017,0.5064,-0.4889,833751137#7,-81.8321,-5.0000,100.0000,default,18,rsu(708m),3445,143161,0.0180,708,1.8541,2,2,-81.8321,-98.8218,direct,0.0500,46.0000,-82.8906
507.2,node[20],2,5441.4340,3945.5500,1.8950,24.2260,-0.7563,-0.4889,833751137#7,-84.2069,-5.0000,100.0000,default,18,rsu(708m),3446,143219,0.0180,708,1.8736,2,2,-84.2069,-101.1966,direct,0.0500,46.0000,-82.9298
507.3,node[20],2,5443.5800,3946.6916,1.8950,24.3071,0.8103,-0.4889,833751137#7,-93.8234,-5.0000,100.0000,default,18,rsu(709m),3447,143277,0.0180,709,1.8425,2,2,-93.8234,-110.8131,direct,0.0500,46.4000,-82.9728
507.4,node[20],2,5445.7284,3947.8344,1.8950,24.3338,0.2668,-0.4889,833751137#7,-82.3771,-3.8880,100.0000,default,18,rsu(709m),3448,143336,0.0309,709,1.8680,2,2,-82.3771,-99.3668,direct,0.0500,46.4000,-83.0192
507.5,node[20],2,5447.8710,3948.9742,1.8950,24.2690,-0.6476,-0.4889,833751137#7,-82.0285,-3.5872,100.0000,default,18,rsu(710m),3449,143396,0.0358,710,1.8349,2,2,-82.0285,-99.0182,direct,0.0500,47.6000,-83.0687
507.6,node[20],2,5450.0178,3950.1162,1.8950,24.3162,0.4719,-0.4889,833751137#7,-79.8812,-1.7460,100.0000,default,17,rsu(710m),3450,143455,0.0853,710,1.8461,3,4,-79.8812,-96.8709,direct,0.0500,47.6000,-83.1675
507.7,node[20],2,5452.1593,3951.2553,1.8950,24.2560,-0.6017,-0.4889,833751137#7,-84.5000,-5.0000,100.0000,default,17,rsu(711m),3451,143513,0.0180,711,1.8387,2,2,-84.5000,-101.4897,direct,0.0500,46.8000,-83.2229
507.8,node[20],2,5454.2972,3952.3926,1.8950,24.2153,-0.4072,-0.4889,833751137#7,-90.6291,-5.0000,100.0000,default,17,rsu(711m),3452,143570,0.0180,711,1.8548,2,2,-90.6291,-107.6188,direct,0.0500,46.8000,-83.2804
507.9,node[20],2,5456.4434,3953.5342,1.8950,24.3082,0.9293,-0.4889,833751137#7,-80.1042,-4.3423,100.0000,default,17,rsu(712m),3453,143628,0.0248,712,1.8275,2,2,-80.1042,-97.0939,direct,0.0500,46.0000,-83.3399
508,node[20],2,5458.5900,3954.6761,1.8950,24.3142,0.0593,-0.4889,833751137#7,-76.2500,0.0657,100.0000,default,18,rsu(712m),3454,143687,0.1874,712,1.8512,4,6,-76.2500,-93.2397,direct,0.0500,46.0000,-83.3959
508.1,node[20],2,5460.7319,3955.8155,1.8950,24.2602,-0.5395,-0.4889,833751137#7,-81.6739,-5.0000,100.0000,default,18,rsu(713m),3455,143747,0.0180,713,1.8305,2,2,-81.6739,-98.6636,direct,0.0500,47.6000,-83.4577
508.2,node[20],2,5462.8780,3956.9571,1.8950,24.3081,0.4793,-0.4889,833751137#7,-96.9060,-5.0000,100.0000,default,18,rsu(713m),3456,143807,0.0180,713,1.8309,2,2,-96.9060,-113.8957,direct,0.0500,47.6000,-83.5199
508.3,node[20],2,5465.0227,3958.0980,1.8950,24.2924,-0.1570,-0.4889,833751137#7,-82.9705,-4.0231,100.0000,default,18,rsu(714m),3457,143868,0.0290,714,1.8473,2,2,-82.9705,-99.9602,direct,0.0500,48.4000,-83.5825
508.4,node[20],2,5467.1686,3959.2394,1.8950,24.3101,0.1770,-0.4889,:227572583_7,-78.7541,-1.5823,100.0000,default,18,rsu(714m),3458,143926,0.0919,714,1.8387,3,4,-78.7541,-95.7438,direct,0.0500,48.4000,-83.6446
508.5,node[20],2,5469.3080,3960.3773,1.8950,24.2382,-0.7193,-0.4888,:227572583_7,-86.7863,-5.0000,100.0000,default,18,rsu(715m),3459,143984,0.0180,715,1.8682,2,2,-86.7863,-103.7760,direct,0.0500,46.4000,-83.7064
508.6,node[20],2,5471.4504,3961.5168,1.8950,24.2730,0.3483,-0.4888,:227572583_7,-80.1659,-3.6112,100.0000,default,18,rsu(715m),3460,144043,0.0354,715,1.8658,2,2,-80.1659,-97.1556,direct,0.0500,46.4000,-83.7678
508.7,node[20],2,5473.5978,3962.6588,1.8950,24.3285,0.5545,-0.4888,:227572583_7,-82.5364,-3.9380,100.0000,default,18,rsu(716m),3461,144102,0.0302,716,1.8530,2,2,-82.5364,-99.5261,direct,0.0500,47.2000,-83.8284
508.8,node[20],2,5475.7407,3963.7986,1.8950,24.2791,-0.4938,-0.4888,:227572583_7,-77.8689,-2.3177,100.0000,default,18,rsu(716m),3462,144158,0.0654,716,1.8535,3,4,-77.8689,-94.8586,direct,0.0500,47.2000,-83.8881
508.9,node[20],2,5477.8805,3964.9367,1.8950,24.2434,-0.3574,-0.4888,:227572583_7,-81.6806,-5.0000,100.0000,default,18,rsu(717m),3463,144217,0.0180,717,1.8424,2,2,-81.6806,-98.6703,direct,0.0500,46.0000,-83.9467
509,node[20],2,5480.0243,3966.0764,1.8950,24.2813,0.3789,-0.4887,833751137#8,-83.9647,-5.0000,100.0000,default,18,rsu(717m),3464,144275,0.0180,717,1.8420,2,2,-83.9647,-100.9544,direct,0.0500,46.0000,-84.0044
509.1,node[20],2,5482.1726,3967.2183,1.8950,24.3293,0.4803,-0.4886,833751137#8,-83.5536,-5.0000,100.0000,default,18,rsu(718m),3465,144335,0.0180,718,1.8703,2,2,-83.5536,-100.5433,direct,0.0500,47.2000,-84.0609
509.2,node[20],2,5484.3162,3968.3577,1.8950,24.2759,-0.5337,-0.4886,833751137#8,-77.7075,-0.5112,100.0000,default,18,rsu(719m),3466,144393,0.1473,719,1.8550,4,6,-77.7075,-94.6972,direct,0.0500,47.2000,-84.1150
509.3,node[20],2,5486.4576,3969.4959,1.8950,24.2515,-0.2441,-0.4886,833751137#8,-90.8400,-5.0000,100.0000,default,18,rsu(719m),3467,144451,0.0180,719,1.8558,2,2,-90.8400,-107.8297,direct,0.0500,46.4000,-84.1660
509.4,node[20],2,5488.5971,3970.6331,1.8950,24.2294,-0.2210,-0.4886,833751137#8,-84.5218,-5.0000,100.0000,default,18,rsu(720m),3468,144511,0.0180,720,1.8773,2,2,-84.5218,-101.5115,direct,0.0500,46.4000,-84.2157
509.5,node[20],2,5490.7413,3971.7728,1.8950,24.2824,0.5297,-0.4886,833751137#8,-76.3268,-1.5557,100.0000,default,18,rsu(721m),3469,144570,0.0930,721,1.8303,3,4,-76.3268,-93.3165,direct,0.0500,47.6000,-84.2642
509.6,node[20],2,5492.8848,3972.9122,1.8950,24.2747,-0.0764,-0.4886,833751137#8,-87.0784,-5.0000,100.0000,default,19,rsu(721m),3470,144631,0.0180,721,1.8761,2,2,-87.0784,-104.0681,direct,0.0500,47.6000,-84.2512
509.7,node[20],2,5495.0294,3974.0521,1.8950,24.2872,0.1248,-0.4886,833751137#8,-84.4509,-5.0000,100.0000,default,19,rsu(722m),3471,144689,0.0180,722,1.8295,2,2,-84.4509,-101.4406,direct,0.0500,47.6000,-84.2955
509.8,node[20],2,5497.1746,3975.1923,1.8950,24.2938,0.0661,-0.4886,833751137#8,-78.7374,-2.8332,100.0000,default,19,rsu(722m),3472,144749,0.0513,722,1.8409,3,4,-78.7374,-95.7271,direct,0.0500,47.6000,-84.3382
509.9,node[20],2,5499.3201,3976.3327,1.8950,24.2972,0.0334,-0.4886,833751137#8,-81.7066,-3.1261,100.0000,default,19,rsu(723m),3473,144808,0.0447,723,1.8654,2,2,-81.7066,-98.6963,direct,0.0500,47.6000,-84.3799
510,node[20],2,5501.4603,3977.4703,1.8950,24.2380,-0.5916,-0.4886,833751137#8,-79.1945,-5.0000,100.0000,default,19,rsu(722m),3474,144867,0.0180,722,1.8673,2,2,-79.1945,-96.1842,direct,0.0500,47.6000,-84.4200
510.1,node[20],2,5503.5981,3978.6066,1.8950,24.2106,-0.2740,-0.4886,833751137#8,-82.2544,-5.0000,100.0000,default,19,rsu(719m),3475,144927,0.0180,719,1.8440,2,2,-82.2544,-99.2441,direct,0.0500,47.6000,-84.4563
510.2,node[20],2,5505.7411,3979.7456,1.8950,24.2683,0.5765,-0.4886,833751137#8,-79.0253,0.1537,100.0000,default,19,rsu(717m),3476,144986,0.1942,717,1.8677,4,6,-79.0253,-96.0150,direct,0.0500,47.6000,-84.4931
510.3,node[20],2,5507.8806,3980.8828,1.8950,24.2298,-0.3840,-0.4886,833751137#8,-80.6474,-5.0000,100.0000,default,19,rsu(715m),3477,145043,0.0180,715,1.8657,2,2,-80.6474,-97.6371,direct,0.0500,46.4000,-84.5280
510.4,node[20],2,5510.0251,3982.0227,1.8950,24.2857,0.5588,-0.4886,833751137#8,-78.6675,-2.4666,100.0000,default,19,rsu(713m),3478,145101,0.0610,713,1.8439,3,4,-78.6675,-95.6572,direct,0.0500,46.4000,-84.5614
510.5,node[20],2,5512.1720,3983.1639,1.8950,24.3140,0.2830,-0.4886,833751137#8,-89.6570,-5.0000,100.0000,default,19,rsu(710m),3479,145157,0.0180,710,1.8561,2,2,-89.6570,-106.6467,direct,0.0500,45.6000,-84.5931
510.6,node[20],2,5514.3140,3984.3024,1.8950,24.2579,-0.5613,-0.4886,833751137#8,-84.7334,-5.0000,100.0000,default,20,rsu(708m),3480,145216,0.0180,708,1.8665,2,2,-84.7334,-101.7231,direct,0.0500,45.6000,-84.5553
510.7,node[20],2,5516.4596,3985.4428,1.8950,24.2979,0.3999,-0.4886,833751137#8,-81.0528,-5.0000,100.0000,default,20,rsu(706m),3481,145276,0.0180,706,1.8671,2,2,-81.0528,-98.0425,direct,0.0500,47.6000,-84.5810
510.8,node[20],2,5518.6084,3986.5850,1.8950,24.3356,0.3773,-0.4886,833751137#8,-75.2027,3.2731,100.0000,default,20,rsu(703m),3482,145336,0.5341,703,1.8762,6,10,-75.2027,-92.1924,direct,0.0500,47.6000,-84.6051
510.9,node[20],2,5520.7477,3987.7221,1.8950,24.2268,-1.0886,-0.4886,833751137#8,-80.0356,-5.0000,100.0000,default,20,rsu(701m),3483,145394,0.0180,701,1.8654,2,2,-80.0356,-97.0253,direct,0.0500,47.2000,-84.6282
511,node[20],2,5522.8907,3988.8611,1.8950,24.2689,0.4216,-0.4886,833751137#8,-87.7630,-5.0000,100.0000,default,20,rsu(699m),3484,145453,0.0180,699,1.8273,2,2,-87.7630,-104.7527,direct,0.0500,47.2000,-84.6470
511.1,node[20],2,5525.0291,3989.9978,1.8950,24.2170,-0.5194,-0.4886,833751137#8,-80.0356,-5.0000,100.0000,default,20,rsu(696m),3485,145512,0.0180,696,1.8422,2,2,-80.0356,-97.0253,direct,0.0500,47.2000,-84.6657
511.2,node[20],2,5527.1695,3991.1354,1.8950,24.2395,0.2248,-0.4886,833751137#8,-83.5485,-5.0000,100.0000,default,20,rsu(694m),3486,145568,0.0180,694,1.8402,2,2,-83.5485,-100.5382,direct,0.0500,47.2000,-84.6828
511.3,node[20],2,5529.3125,3992.2745,1.8950,24.2695,0.3004,-0.4886,833751137#8,-84.0523,-4.8089,100.0000,default,20,rsu(692m),3487,145627,0.0198,692,1.8513,2,2,-84.0523,-101.0420,direct,0.0500,46.0000,-84.6982
511.4,node[20],2,5531.4515,3993.4114,1.8950,24.2237,-0.4577,-0.4886,833751137#8,-86.9427,-5.0000,100.0000,default,20,rsu(690m),3488,145685,0.0180,690,1.8309,2,2,-86.9427,-103.9324,direct,0.0500,46.0000,-84.7086
511.5,node[20],2,5533.6000,3994.5535,1.8950,24.3319,1.0818,-0.4886,833751137#8,-81.4828,-3.8299,100.0000,default,20,rsu(687m),3489,145744,0.0318,687,1.8286,2,2,-81.4828,-98.4725,direct,0.0500,46.8000,-84.7198
511.6,node[20],2,5535.7423,3995.6922,1.8950,24.2613,-0.7064,-0.4886,833751137#8,-80.8286,-3.5583,100.0000,default,20,rsu(685m),3490,145804,0.0363,685,1.8645,2,2,-80.8286,-97.8183,direct,0.0500,46.8000,-84.7294
511.7,node[20],2,5537.8908,3996.8341,1.8950,24.3311,0.6985,-0.4886,833751137#8,-82.0709,-3.5239,100.0000,default,20,rsu(683m),3491,145863,0.0369,683,1.8699,2,2,-82.0709,-99.0606,direct,0.0500,47.6000,-84.7373
511.8,node[20],2,5540.0327,3997.9726,1.8950,24.2571,-0.7400,-0.4886,833751137#8,-81.3960,-5.0000,100.0000,default,20,rsu(680m),3492,145921,0.0180,680,1.8549,2,2,-81.3960,-98.3857,direct,0.0500,47.6000,-84.7440
511.9,node[20],2,5542.1715,3999.1230,1.8950,24.2831,0.2596,-0.4909,:227579240_6,-85.7163,-5.0000,100.0000,default,20,rsu(678m),3493,145979,0.0180,678,1.8447,2,2,-85.7163,-102.7060,direct,0.0500,46.4000,-84.7468
512,node[20],2,5544.2956,4000.2905,1.8950,24.2327,-0.5044,-0.4977,:227579240_6,-76.8595,-0.6549,100.0000,default,20,rsu(676m),3494,146037,0.1385,676,1.8765,4,6,-76.8595,-93.8492,direct,0.0500,46.4000,-84.7491
512.1,node[20],2,5546.4251,4001.4608,1.8950,24.2929,0.6025,-0.5025,:227579240_6,-84.2513,-5.0000,100.0000,default,20,rsu(673m),3495,146095,0.0180,673,1.8436,2,2,-84.2513,-101.2410,direct,0.0500,46.4000,-84.7506
512.2,node[20],2,5548.5515,4002.6295,1.8950,24.2575,-0.3541,-0.5025,:227579240_6,-78.1166,-0.7777,100.0000,default,20,rsu(671m),3496,146153,0.1314,671,1.8708,4,6,-78.1166,-95.1063,direct,0.0500,46.4000,-84.7504
512.3,node[20],2,5550.6849,4003.8020,1.8950,24.3387,0.8122,-0.5025,:227579240_6,-90.0775,-5.0000,100.0000,default,20,rsu(669m),3497,146212,0.0180,669,1.8568,2,2,-90.0775,-107.0672,direct,0.0500,46.8000,-84.7458
512.4,node[20],2,5552.8133,4004.9717,1.8950,24.2800,-0.5876,-0.5025,:227579240_6,-79.3852,-0.4607,100.0000,default,20,rsu(667m),3498,146269,0.1505,667,1.8652,4,6,-79.3852,-96.3749,direct,0.0500,46.8000,-84.7423
512.5,node[20],2,5554.9383,4006.1576,1.8950,24.3329,0.5289,-0.5057,833751137#9,-78.3261,-0.4259,100.0000,default,20,rsu(664m),3499,146326,0.1528,664,1.8436,4,6,-78.3261,-95.3158,direct,0.0500,45.6000,-84.7371
512.6,node[20],2,5557.0538,4007.3576,1.8950,24.3217,-0.1114,-0.5122,833751137#9,-79.9033,-3.2036,100.0000,default,20,rsu(662m),3500,146386,0.0430,662,1.8378,2,2,-79.9033,-96.8930,direct,0.0500,45.6000,-84.7270
512.7,node[20],2,5559.1639,4008.5546,1.8950,24.2605,-0.6122,-0.5160,833751137#9,-81.0495,-5.0000,100.0000,default,20,rsu(660m),3501,146443,0.0180,660,1.8740,2,2,-81.0495,-98.0392,direct,0.0500,46.8000,-84.7171
512.8,node[20],2,5561.2738,4009.7514,1.8950,24.2579,-0.0264,-0.5160,833751137#9,-86.3509,-5.0000,100.0000,default,20,rsu(657m),3502,146501,0.0180,657,1.8285,2,2,-86.3509,-103.3406,direct,0.0500,46.8000,-84.7053
512.9,node[20],2,5563.3826,4010.9476,1.8950,24.2443,-0.1361,-0.5160,833751137#9,-88.7473,-5.0000,100.0000,default,20,rsu(655m),3503,146560,0.0180,655,1.8378,2,2,-88.7473,-105.7370,direct,0.0500,46.8000,-84.6925
513,node[20],2,5565.4893,4012.1426,1.8950,24.2209,-0.2337,-0.5160,833751137#9,-81.4043,-5.0000,100.0000,default,20,rsu(653m),3504,146618,0.0180,653,1.8580,2,2,-81.4043,-98.3940,direct,0.0500,46.8000,-84.6759
513.1,node[20],2,5567.5957,4013.3375,1.8950,24.2171,-0.0382,-0.5160,833751137#9,-82.2639,-4.2685,100.0000,default,20,rsu(651m),3505,146677,0.0257,651,1.8385,2,2,-82.2639,-99.2536,direct,0.0500,46.8000,-84.6593
513.2,node[20],2,5569.7085,4014.5360,1.8950,24.2916,0.7455,-0.5160,833751137#9,-81.4469,-4.8182,100.0000,default,20,rsu(648m),3506,146736,0.0197,648,1.8556,2,2,-81.4469,-98.4366,direct,0.0500,46.8000,-84.6386
513.3,node[20],2,5571.8254,4015.7368,1.8950,24.3373,0.4573,-0.5160,833751137#9,-76.3939,2.2148,100.0000,default,20,rsu(646m),3507,146796,0.4031,646,1.8513,5,8,-76.3939,-93.3836,direct,0.0500,47.6000,-84.6180
513.4,node[20],2,5573.9346,4016.9332,1.8950,24.2505,-0.8682,-0.5160,833751137#9,-86.3631,-5.0000,100.0000,default,20,rsu(644m),3508,146854,0.0180,644,1.8671,2,2,-86.3631,-103.3528,direct,0.0500,47.6000,-84.5955
513.5,node[20],2,5576.0466,4018.1313,1.8950,24.2815,0.3096,-0.5160,833751137#9,-77.5563,0.8731,100.0000,default,21,rsu(641m),3509,146909,0.2567,641,1.8653,4,6,-77.5563,-94.5460,direct,0.0500,45.2000,-84.5077
513.6,node[20],2,5578.1636,4019.3321,1.8950,24.3389,0.5737,-0.5160,833751137#9,-82.7109,-5.0000,100.0000,default,20,rsu(639m),3510,146969,0.0180,639,1.8441,2,2,-82.7109,-99.7006,direct,0.0500,45.2000,-84.5442
513.7,node[20],2,5580.2695,4020.5267,1.8950,24.2120,-1.2689,-0.5160,833751137#9,-78.3282,0.3244,100.0000,default,20,rsu(637m),3511,147025,0.2079,637,1.8299,4,6,-78.3282,-95.3179,direct,0.0500,46.4000,-84.5099
513.8,node[20],2,5582.3777,4021.7225,1.8950,24.2379,0.2589,-0.5160,833751137#9,-85.6014,-5.0000,100.0000,default,20,rsu(634m),3512,147082,0.0180,634,1.8269,2,2,-85.6014,-102.5911,direct,0.0500,46.4000,-84.4784
513.9,node[20],2,5584.4893,4022.9204,1.8950,24.2773,0.3947,-0.5160,833751137#9,-94.9450,-5.0000,100.0000,default,20,rsu(632m),3513,147140,0.0180,632,1.8295,2,2,-94.9450,-111.9347,direct,0.0500,46.0000,-84.4446
514,node[20],2,5586.6012,4024.1183,1.8950,24.2808,0.0342,-0.5160,833751137#9,-87.6568,-5.0000,100.0000,default,20,rsu(630m),3514,147200,0.0180,630,1.8682,2,2,-87.6568,-104.6465,direct,0.0500,46.0000,-84.4050
514.1,node[20],2,5588.7151,4025.3174,1.8950,24.3030,0.2222,-0.5160,833751137#9,-84.4219,-5.0000,100.0000,default,20,rsu(628m),3515,147260,0.0180,628,1.8310,2,2,-84.4219,-101.4116,direct,0.0500,48.0000,-84.3649
514.2,node[20],2,5590.8280,4026.5160,1.8950,24.2927,-0.1030,-0.5160,833751137#9,-78.6935,-2.8274,100.0000,default,20,rsu(625m),3516,147318,0.0515,625,1.8495,3,4,-78.6935,-95.6832,direct,0.0500,48.0000,-84.3223
514.3,node[20],2,5592.9365,4027.7120,1.8950,24.2410,-0.5170,-0.5160,833751137#9,-80.5638,-5.0000,100.0000,default,20,rsu(623m),3517,147375,0.0180,623,1.8650,2,2,-80.5638,-97.5535,direct,0.0500,46.0000,-84.2779
514.4,node[20],2,5595.0535,4028.9128,1.8950,24.3392,0.9823,-0.5160,833751137#9,-79.7254,-1.3870,100.0000,default,20,rsu(621m),3518,147432,0.1003,621,1.8650,3,4,-79.7254,-96.7151,direct,0.0500,46.0000,-84.2304
514.5,node[20],2,5597.1650,4030.1106,1.8950,24.2768,-0.6245,-0.5160,833751137#9,-87.2892,-5.0000,100.0000,default,20,rsu(618m),3519,147491,0.0180,618,1.8416,2,2,-87.2892,-104.2789,direct,0.0500,46.4000,-84.1768
514.6,node[20],2,5599.2784,4031.3094,1.8950,24.2977,0.2092,-0.5160,833751137#9,-86.2982,-5.0000,100.0000,default,20,rsu(616m),3520,147552,0.0180,616,1.8647,2,2,-86.2982,-103.2879,direct,0.0500,46.4000,-84.1221
514.7,node[20],2,5601.3924,4032.5086,1.8950,24.3048,0.0713,-0.5160,833751137#9,-82.4951,-4.8387,100.0000,default,20,rsu(614m),3521,147611,0.0195,614,1.8288,2,2,-82.4951,-99.4848,direct,0.0500,48.0000,-84.0641
514.8,node[20],2,5603.5082,4033.7088,1.8950,24.3249,0.2014,-0.5160,833751137#9,-82.4260,-3.1224,100.0000,default,20,rsu(612m),3522,147668,0.0447,612,1.8423,2,2,-82.4260,-99.4157,direct,0.0500,48.0000,-84.0027
514.9,node[20],2,5605.6205,4034.9070,1.8950,24.2855,-0.3947,-0.5160,833751137#9,-83.6856,-5.0000,100.0000,default,20,rsu(609m),3523,147729,0.0180,609,1.8309,2,2,-83.6856,-100.6753,direct,0.0500,47.2000,-83.9386
515,node[20],2,5607.7327,4036.1051,1.8950,24.2832,-0.0225,-0.5160,833751137#9,-84.2880,-5.0000,100.0000,default,20,rsu(607m),3524,147790,0.0180,607,1.8690,2,2,-84.2880,-101.2777,direct,0.0500,47.2000,-83.8686
515.1,node[20],2,5609.8056,4037.2810,1.8950,23.8332,-4.5000,-0.5160,833751137#9,-76.2497,1.3138,100.0000,default,20,rsu(605m),3525,147852,0.3009,605,1.8279,5,8,-76.2497,-93.2394,direct,0.0500,49.2000,-83.7963
515.2,node[20],2,5611.8395,4038.4347,1.8950,23.3832,-4.5000,-0.5160,833751137#9,-87.8591,-5.0000,100.0000,default,20,rsu(603m),3526,147912,0.0180,603,1.8650,2,2,-87.8591,-104.8488,direct,0.0500,49.2000,-83.7209
515.3,node[20],2,5613.8342,4039.5661,1.8950,22.9332,-4.5000,-0.5160,833751137#9,-83.6767,-5.0000,100.0000,default,20,rsu(600m),3527,147971,0.0180,600,1.8650,2,2,-83.6767,-100.6664,direct,0.0500,47.6000,-83.6429
515.4,node[20],2,5615.7898,4040.6754,1.8950,22.4832,-4.5000,-0.5160,833751137#9,-77.6863,-3.4085,100.0000,default,20,rsu(598m),3528,148030,0.0390,598,1.8642,2,2,-77.6863,-94.6760,direct,0.0500,47.6000,-83.5614
515.5,node[20],2,5617.7062,4041.7625,1.8950,22.0332,-4.5000,-0.5160,833751137#9,-81.6936,-4.5057,100.0000,default,20,rsu(596m),3529,148089,0.0229,596,1.8299,2,2,-81.6936,-98.6833,direct,0.0500,47.2000,-83.4764
515.6,node[20],2,5619.5835,4042.8274,1.8950,21.5832,-4.5000,-0.5160,833751137#9,-82.3278,-5.0000,100.0000,default,20,rsu(594m),3530,148151,0.0180,594,1.8531,2,2,-82.3278,-99.3175,direct,0.0500,47.2000,-83.4278
515.7,node[20],2,5621.4216,4043.8701,1.8950,21.1332,-4.5000,-0.5160,833751137#9,-80.1614,-2.7205,100.0000,default,20,rsu(592m),3531,148210,0.0542,592,1.8536,3,4,-80.1614,-97.1511,direct,0.0500,48.4000,-83.3332
515.8,node[20],2,5623.2206,4044.8906,1.8950,20.6832,-4.5000,-0.5160,833751137#9,-84.3437,-5.0000,100.0000,default,20,rsu(590m),3532,148270,0.0180,590,1.8271,2,2,-84.3437,-101.3334,direct,0.0500,48.4000,-83.2348
515.9,node[20],2,5624.9805,4045.8888,1.8950,20.2332,-4.5000,-0.5160,833751137#9,-80.4311,-1.4924,100.0000,default,20,rsu(588m),3533,148329,0.0957,588,1.8496,3,4,-80.4311,-97.4208,direct,0.0500,47.6000,-83.1332
516,node[20],2,5626.7012,4046.8649,1.8950,19.7832,-4.5000,-0.5160,833751137#9,-79.9765,-4.5339,100.0000,default,20,rsu(587m),3534,148389,0.0226,587,1.8530,2,2,-79.9765,-96.9662,direct,0.0500,47.6000,-83.0275
516.1,node[20],2,5628.3828,4047.8188,1.8950,19.3332,-4.5000,-0.5160,833751137#9,-76.1787,0.8737,100.0000,default,20,rsu(585m),3535,148449,0.2567,585,1.8650,4,6,-76.1787,-93.1684,direct,0.0500,48.0000,-82.9178
516.2,node[20],2,5630.0252,4048.7505,1.8950,18.8832,-4.5000,-0.5160,833751137#9,-85.9551,-5.0000,100.0000,default,20,rsu(583m),3536,148508,0.0180,583,1.8376,2,2,-85.9551,-102.9448,direct,0.0500,48.0000,-82.8005
516.3,node[20],2,5631.6285,4049.6599,1.8950,18.4332,-4.5000,-0.5160,833751137#9,-81.2434,-5.0000,100.0000,default,20,rsu(581m),3537,148568,0.0180,581,1.8382,2,2,-81.2434,-98.2331,direct,0.0500,47.6000,-82.6817
516.4,node[20],2,5633.1927,4050.5472,1.8950,17.9832,-4.5000,-0.5160,833751137#9,-77.2910,-2.6705,100.0000,default,21,rsu(580m),3538,148628,0.0554,580,1.8447,3,4,-77.2910,-94.2807,direct,0.0500,47.6000,-82.5190
516.5,node[20],2,5634.7177,4051.4123,1.8950,17.5332,-4.5000,-0.5160,833751137#9,-82.6924,-5.0000,100.0000,default,21,rsu(578m),3539,148687,0.0180,578,1.8649,2,2,-82.6924,-99.6821,direct,0.0500,47.6000,-82.3901
516.6,node[20],2,5636.2036,4052.2551,1.8950,17.0832,-4.5000,-0.5160,833751137#9,-78.5285,-1.2965,100.0000,default,21,rsu(576m),3540,148749,0.1045,576,1.8650,3,4,-78.5285,-95.5182,direct,0.0500,47.6000,-82.2581
516.7,node[20],2,5637.6503,4053.0758,1.8950,16.6332,-4.5000,-0.5160,833751137#9,-78.4948,-2.6552,100.0000,default,21,rsu(575m),3541,148808,0.0558,575,1.8401,3,4,-78.4948,-95.4845,direct,0.0500,48.4000,-82.1220
516.8,node[20],2,5639.0579,4053.8742,1.8950,16.1832,-4.5000,-0.5160,833751137#9,-77.8185,-0.2585,100.0000,default,21,rsu(573m),3542,148871,0.1639,573,1.8655,4,6,-77.8185,-94.8082,direct,0.0500,48.4000,-81.9793
516.9,node[20],2,5640.4264,4054.6505,1.8950,15.7332,-4.5000,-0.5160,833751137#9,-83.7082,-5.0000,100.0000,default,21,rsu(572m),3543,148929,0.0180,572,1.8348,2,2,-83.7082,-100.6979,direct,0.0500,48.4000,-81.8321
517,node[20],2,5641.7603,4055.4071,1.8950,15.3356,-3.9762,-0.5160,833751137#9,-85.4112,-5.0000,100.0000,default,21,rsu(570m),3544,148990,0.0180,570,1.8654,2,2,-85.4112,-102.4009,direct,0.0500,48.4000,-81.6793
517.1,node[20],2,5643.0550,4056.1416,1.8950,14.8856,-4.5000,-0.5160,833751137#9,-78.5956,-3.2061,100.0000,default,21,rsu(569m),3545,149052,0.0430,569,1.8318,2,2,-78.5956,-95.5853,direct,0.0500,49.2000,-81.5210
517.2,node[20],2,5644.3106,4056.8538,1.8950,14.4356,-4.5000,-0.5160,833751137#9,-86.4638,-5.0000,100.0000,default,21,rsu(568m),3546,149110,0.0180,568,1.8670,2,2,-86.4638,-103.4535,direct,0.0500,49.2000,-81.3574
517.3,node[20],2,5645.5271,4057.5438,1.8950,13.9856,-4.5000,-0.5160,833751137#9,-84.4635,-5.0000,100.0000,default,21,rsu(566m),3547,149172,0.0180,566,1.8651,2,2,-84.4635,-101.4532,direct,0.0500,48.0000,-81.1866
517.4,node[20],2,5646.7044,4058.2117,1.8950,13.5356,-4.5000,-0.5160,833751137#9,-75.3029,3.3613,100.0000,default,21,rsu(565m),3548,149233,0.5450,565,1.8571,6,10,-75.3029,-92.2926,direct,0.0500,48.0000,-81.0104
517.5,node[20],2,5647.8425,4058.8573,1.8950,13.0856,-4.5000,-0.5160,833751137#9,-77.8300,-0.0845,100.0000,default,21,rsu(564m),3549,149293,0.1762,564,1.8303,4,6,-77.8300,-94.8197,direct,0.0500,48.4000,-80.8277
517.6,node[20],2,5648.9416,4059.4807,1.8950,12.6356,-4.5000,-0.5160,833751137#9,-79.9928,-1.7162,100.0000,default,20,rsu(563m),3550,149354,0.0864,563,1.8688,3,4,-79.9928,-96.9825,direct,0.0500,48.4000,-80.6652
517.7,node[20],2,5650.0015,4060.0819,1.8950,12.1856,-4.5000,-0.5160,833751137#9,-81.4715,-5.0000,100.0000,default,20,rsu(562m),3551,149416,0.0180,562,1.8674,2,2,-81.4715,-98.4612,direct,0.0500,49.2000,-80.4683
517.8,node[20],2,5651.0222,4060.6609,1.8950,11.7356,-4.5000,-0.5160,833751137#9,-82.0401,-3.6527,100.0000,default,20,rsu(561m),3552,149478,0.0347,561,1.8566,2,2,-82.0401,-99.0298,direct,0.0500,49.2000,-80.2652
517.9,node[20],2,5652.0046,4061.2182,1.8950,11.2943,-4.4130,-0.5160,833751137#9,-74.4038,1.9271,100.0000,default,21,rsu(560m),3553,149538,0.3690,560,1.8306,5,8,-74.4038,-91.3935,direct,0.0500,48.8000,-80.0329
518,node[20],2,5652.9478,4061.7532,1.8950,10.8443,-4.5000,-0.5160,833751137#9,-80.2478,-2.9004,100.0000,default,21,rsu(559m),3554,149597,0.0497,559,1.8363,3,4,-80.2478,-97.2375,direct,0.0500,48.8000,-79.8152
518.1,node[20],2,5653.8519,4062.2661,1.8950,10.3943,-4.5000,-0.5160,833751137#9,-78.9947,-0.2410,100.0000,default,21,rsu(558m),3555,149657,0.1651,558,1.8657,4,6,-78.9947,-95.9844,direct,0.0500,47.6000,-79.5906
518.2,node[20],2,5654.7168,4062.7567,1.8950,9.9443,-4.5000,-0.5160,833751137#9,-83.0628,-5.0000,100.0000,default,21,rsu(557m),3556,149717,0.0180,557,1.8632,2,2,-83.0628,-100.0525,direct,0.0500,47.6000,-79.3587
518.3,node[20],2,5655.5426,4063.2251,1.8950,9.4943,-4.5000,-0.5160,833751137#9,-84.6240,-5.0000,100.0000,default,21,rsu(556m),3557,149777,0.0180,556,1.8346,2,2,-84.6240,-101.6137,direct,0.0500,48.0000,-79.1180
518.4,node[20],2,5656.3293,4063.6714,1.8950,9.0443,-4.5000,-0.5160,833751137#9,-83.2452,-5.0000,100.0000,default,21,rsu(555m),3558,149839,0.0180,555,1.8417,2,2,-83.2452,-100.2349,direct,0.0500,48.0000,-78.8693
518.5,node[20],2,5657.0768,4064.0954,1.8950,8.5943,-4.5000,-0.5160,833751137#9,-78.9134,-0.9097,100.0000,default,21,rsu(554m),3559,149901,0.1240,554,1.8696,4,6,-78.9134,-95.9031,direct,0.0500,49.6000,-78.6118
518.6,node[20],2,5657.7852,4064.4972,1.8950,8.1443,-4.5000,-0.5160,833751137#9,-78.2789,-1.6499,100.0000,default,21,rsu(553m),3560,149961,0.0891,553,1.8268,3,4,-78.2789,-95.2686,direct,0.0500,49.6000,-78.3455
518.7,node[20],2,5658.4545,4064.8769,1.8950,7.6943,-4.5000,-0.5160,833751137#9,-77.8581,-2.5750,100.0000,default,21,rsu(553m),3561,150023,0.0580,553,1.8292,3,4,-77.8581,-94.8478,direct,0.0500,48.8000,-78.0696
518.8,node[20],2,5659.0330,4065.3218,1.8950,7.3041,-3.9016,-0.5363,:227555796_12,-82.7315,-5.0000,100.0000,default,21,rsu(552m),3562,150083,0.0180,552,1.8643,2,2,-82.7315,-99.7212,direct,0.0500,48.8000,-77.7845
518.9,node[20],2,5659.6103,4065.7671,1.8950,7.2957,-0.0845,-0.5569,:227555796_12,-80.4183,-1.2485,100.0000,default,21,rsu(551m),3563,150143,0.1068,551,1.8640,3,4,-80.4183,-97.4080,direct,0.0500,48.0000,-77.4834
519,node[20],2,5660.1808,4066.2070,1.8950,7.2096,-0.8614,-0.5772,:227555796_12,-86.5892,-5.0000,100.0000,default,21,rsu(551m),3564,150203,0.0180,551,1.8648,2,2,-86.5892,-103.5789,direct,0.0500,48.0000,-77.1668
519.1,node[20],2,5660.6478,4066.7387,1.8950,7.2190,0.0944,-0.6247,:227555796_12,-79.5599,-2.0382,100.0000,default,21,rsu(550m),3565,150265,0.0745,550,1.8265,3,4,-79.5599,-96.5496,direct,0.0500,48.8000,-76.8392
519.2,node[20],2,5661.0105,4067.3682,1.8950,7.2705,0.5151,-0.7017,:227555796_12,-87.0758,-5.0000,100.0000,default,22,rsu(549m),3566,150326,0.0180,549,1.8432,2,2,-87.0758,-104.0655,direct,0.0500,48.8000,-76.4894
519.3,node[20],2,5661.3704,4067.9930,1.8950,7.2153,-0.5524,-0.7790,:227555796_12,-80.7216,-5.0000,100.0000,default,22,rsu(548m),3567,150385,0.0180,548,1.8652,2,2,-80.7216,-97.7113,direct,0.0500,48.0000,-76.1324
519.4,node[20],2,5661.5489,4068.6713,1.8950,7.2193,0.0401,-0.8903,:227555796_12,-80.0957,-1.3944,100.0000,default,22,rsu(548m),3568,150446,0.1000,548,1.8431,3,4,-80.0957,-97.0854,direct,0.0500,48.0000,-75.7775
519.5,node[20],2,5661.5828,4069.3898,1.8950,7.1982,-0.2110,-1.0155,:227555796_12,-79.1622,-2.7929,100.0000,default,22,rsu(547m),3569,150507,0.0523,547,1.8319,3,4,-79.1622,-96.1519,direct,0.0500,48.8000,-75.4218
519.6,node[20],2,5661.6170,4070.1137,1.8950,7.2524,0.5419,-1.1440,:227555796_12,-81.7631,-2.9099,100.0000,default,21,rsu(547m),3570,150565,0.0495,547,1.8650,3,4,-81.7631,-98.7528,direct,0.0500,48.8000,-75.0562
519.7,node[20],2,5661.4771,4070.8166,1.8950,7.3024,0.5003,-1.3052,:227555796_12,-84.1362,-5.0000,100.0000,default,21,rsu(546m),3571,150624,0.0180,546,1.8461,2,2,-84.1362,-101.1259,direct,0.0500,46.8000,-74.6963
519.8,node[20],2,5661.2312,4071.5029,1.8950,7.2951,-0.0728,-1.4552,:227555796_12,-81.4425,-3.0978,100.0000,default,21,rsu(546m),3572,150684,0.0453,546,1.8503,2,2,-81.4425,-98.4322,direct,0.0500,46.8000,-74.3421
519.9,node[20],2,5660.9864,4072.1860,1.8950,7.2614,-0.3369,-1.5837,:227555796_12,-76.6144,-1.5883,100.0000,default,21,rsu(545m),3573,150742,0.0916,545,1.8395,3,4,-76.6144,-93.6041,direct,0.0500,47.2000,-73.9742
520,node[20],2,5660.7311,4072.8640,1.8950,7.2565,-0.0493,-1.7111,21156414#1,-77.8245,1.3650,100.0000,default,21,rsu(545m),3574,150803,0.3063,545,1.8572,5,8,-77.8245,-94.8142,direct,0.0500,47.2000,-73.5957
520.1,node[20],2,5660.3836,4073.5243,1.8950,7.4612,2.0471,-1.8123,21156414#1,-82.9003,-5.0000,100.0000,default,21,rsu(545m),3575,150862,0.0180,545,1.8455,2,2,-82.9003,-99.8900,direct,0.0500,48.0000,-73.2286
520.2,node[20],2,5660.0281,4074.2000,1.8950,7.6354,1.7422,-1.8939,21156414#1,-88.5494,-5.0000,100.0000,default,21,rsu(544m),3576,150921,0.0180,544,1.8314,2,2,-88.5494,-105.5391,direct,0.0500,48.0000,-72.8544
520.3,node[20],2,5659.6658,4074.8885,1.8950,7.7800,1.4459,-1.9756,21156414#1,-78.2056,0.2872,100.0000,default,22,rsu(544m),3577,150982,0.2048,544,1.8692,4,6,-78.2056,-95.1953,direct,0.0500,48.0000,-72.4698
520.4,node[20],2,5659.2927,4075.5976,1.8950,8.0124,2.3241,-2.0039,21156414#1,-75.7553,2.7464,100.0000,default,22,rsu(544m),3578,151042,0.4683,544,1.8417,5,8,-75.7553,-92.7450,direct,0.0500,48.0000,-72.0943
520.5,node[20],2,5658.9081,4076.3286,1.8950,8.2597,2.4731,-2.0271,21156414#1,-79.7762,-1.3223,100.0000,default,22,rsu(543m),3579,151101,0.1033,543,1.8645,3,4,-79.7762,-96.7659,direct,0.0500,47.6000,-71.7253
520.6,node[20],2,5658.5154,4077.0749,1.8950,8.4330,1.7325,-2.0507,21156414#1,-77.6068,1.5525,100.0000,default,21,rsu(543m),3580,151162,0.3266,543,1.8656,5,8,-77.6068,-94.5965,direct,0.0500,47.6000,-71.3760
520.7,node[20],2,5658.1115,4077.8425,1.8950,8.6737,2.4074,-2.0552,21156414#1,-82.7253,-5.0000,100.0000,default,21,rsu(543m),3581,151222,0.0180,543,1.8431,2,2,-82.7253,-99.7150,direct,0.0500,48.4000,-71.0494
520.8,node[20],2,5657.6989,4078.6266,1.8950,8.8604,1.8665,-2.0552,21156414#1,-81.2651,-5.0000,100.0000,default,21,rsu(542m),3582,151280,0.0180,542,1.8298,2,2,-81.2651,-98.2548,direct,0.0500,48.4000,-70.7578
520.9,node[20],2,5657.2770,4079.4283,1.8950,9.0588,1.9839,-2.0552,21156414#1,-87.3089,-5.0000,100.0000,default,21,rsu(542m),3583,151339,0.0180,542,1.8414,2,2,-87.3089,-104.2986,direct,0.0500,46.8000,-70.5128
521,node[20],2,5656.8470,4080.2457,1.8950,9.2357,1.7691,-2.0552,21156414#1,-84.1971,-5.0000,100.0000,default,21,rsu(542m),3584,151398,0.0180,542,1.8659,2,2,-84.1971,-101.1868,direct,0.0500,46.8000,-70.3255
521.1,node[20],2,5656.4084,4081.0793,1.8950,9.4193,1.8359,-2.0552,21156414#1,-82.2007,-5.0000,100.0000,default,21,rsu(541m),3585,151458,0.0180,541,1.8765,2,2,-82.2007,-99.1904,direct,0.0500,47.6000,-70.2035
521.2,node[20],2,5655.9603,4081.9309,1.8950,9.6227,2.0347,-2.0552,21156414#1,-78.1016,-0.0161,100.0000,default,21,rsu(541m),3586,151519,0.1812,541,1.8677,4,6,-78.1016,-95.0913,direct,0.0500,47.6000,-70.1533
521.3,node[20],2,5655.5020,4082.8017,1.8950,9.8406,2.1792,-2.0552,21156414#1,-86.7038,-5.0000,100.0000,default,21,rsu(541m),3587,151579,0.0180,541,1.8642,2,2,-86.7038,-103.6935,direct,0.0500,48.4000,-70.1725
521.4,node[20],2,5655.0370,4083.6855,1.8950,9.9865,1.4586,-2.0552,21156414#1,-82.1508,-5.0000,100.0000,default,21,rsu(540m),3588,151639,0.0180,540,1.8677,2,2,-82.1508,-99.1405,direct,0.0500,48.4000,-70.2529
521.5,node[20],2,5654.5646,4084.5833,1.8950,10.1439,1.5740,-2.0552,21156414#1,-86.6939,-5.0000,100.0000,default,21,rsu(540m),3589,151699,0.0180,540,1.8654,2,2,-86.6939,-103.6836,direct,0.0500,48.0000,-70.3840
521.6,node[20],2,5654.0860,4085.4928,1.8950,10.2775,1.3362,-2.0552,21156414#1,-82.2226,-5.0000,100.0000,default,21,rsu(539m),3590,151758,0.0180,539,1.8558,2,2,-82.2226,-99.2123,direct,0.0500,48.0000,-70.5543
521.7,node[20],2,5653.5965,4086.4231,1.8950,10.5123,2.3474,-2.0552,21156414#1,-82.3031,-5.0000,100.0000,default,21,rsu(539m),3591,151819,0.0180,539,1.8301,2,2,-82.3031,-99.2928,direct,0.0500,48.0000,-70.7556
521.8,node[20],2,5653.1000,4087.3668,1.8950,10.6634,1.5112,-2.0552,21156414#1,-87.1954,-5.0000,100.0000,default,21,rsu(539m),3592,151879,0.0180,539,1.8267,2,2,-87.1954,-104.1851,direct,0.0500,48.0000,-70.9754
521.9,node[20],2,5652.5941,4088.3283,1.8950,10.8643,2.0092,-2.0552,21156414#1,-76.8333,2.2303,100.0000,default,21,rsu(538m),3593,151940,0.4050,538,1.8313,5,8,-76.8333,-93.8230,direct,0.0500,48.4000,-71.2080
522,node[20],2,5652.0815,4089.3024,1.8950,11.0073,1.4304,-2.0552,21156414#1,-77.7337,-2.0561,100.0000,default,21,rsu(538m),3594,152001,0.0739,538,1.8265,3,4,-77.7337,-94.7234,direct,0.0500,48.4000,-71.4474
522.1,node[20],2,5651.5576,4090.2981,1.8950,11.2508,2.4348,-2.0552,21156414#1,-88.0949,-5.0000,100.0000,default,21,rsu(537m),3595,152062,0.0180,537,1.8438,2,2,-88.0949,-105.0846,direct,0.0500,48.8000,-71.6936
522.2,node[20],2,5651.0253,4091.3096,1.8950,11.4295,1.7870,-2.0552,21156414#1,-86.6799,-5.0000,100.0000,default,21,rsu(537m),3596,152121,0.0180,537,1.8464,2,2,-86.6799,-103.6696,direct,0.0500,48.8000,-71.9451
522.3,node[20],2,5650.4811,4092.3439,1.8950,11.6872,2.5767,-2.0552,21156414#1,-76.9236,1.7303,100.0000,default,21,rsu(536m),3597,152178,0.3464,536,1.8550,5,8,-76.9236,-93.9133,direct,0.0500,46.4000,-72.2038
522.4,node[20],2,5649.9303,4093.3907,1.8950,11.8286,1.4145,-2.0552,21156414#1,-83.5867,-5.0000,100.0000,default,21,rsu(536m),3598,152238,0.0180,536,1.8441,2,2,-83.5867,-100.5764,direct,0.0500,46.4000,-72.4674
522.5,node[20],2,5649.3727,4094.4504,1.8950,11.9743,1.4566,-2.0552,21156414#1,-74.5228,4.3230,100.0000,default,21,rsu(536m),3599,152299,0.6596,536,1.8397,6,10,-74.5228,-91.5125,direct,0.0500,48.4000,-72.7371
522.6,node[20],2,5648.8043,4095.5306,1.8950,12.2056,2.3133,-2.0552,21156414#1,-78.8128,-2.6338,100.0000,default,21,rsu(535m),3600,152357,0.0564,535,1.8277,3,4,-78.8128,-95.8025,direct,0.0500,48.4000,-73.0147
522.7,node[20],2,5648.2247,4096.6323,1.8950,12.4484,2.4279,-2.0552,21156414#1,-85.9093,-5.0000,100.0000,default,21,rsu(535m),3601,152418,0.0180,535,1.8693,2,2,-85.9093,-102.8990,direct,0.0500,47.6000,-73.3004
522.8,node[20],2,5647.6342,4097.7545,1.8950,12.6807,2.3224,-2.0552,21156414#1,-75.8587,-0.3821,100.0000,default,21,rsu(534m),3602,152478,0.1556,534,1.8649,4,6,-75.8587,-92.8484,direct,0.0500,47.6000,-73.5927
522.9,node[20],2,5647.0349,4098.8934,1.8950,12.8693,1.8862,-2.0552,21156414#1,-75.4253,1.9426,100.0000,default,21,rsu(534m),3603,152539,0.3708,534,1.8644,5,8,-75.4253,-92.4150,direct,0.0500,48.4000,-73.8899
523,node[20],2,5646.4253,4100.0518,1.8950,13.0897,2.2045,-2.0552,21156414#1,-75.3461,3.7191,100.0000,default,21,rsu(533m),3604,152600,0.5889,533,1.8541,6,10,-75.3461,-92.3358,direct,0.0500,48.4000,-74.1905
523.1,node[20],2,5645.8065,4101.2280,1.8950,13.2904,2.0064,-2.0552,21156414#1,-77.2189,-1.3288,100.0000,default,21,rsu(533m),3605,152661,0.1030,533,1.8647,3,4,-77.2189,-94.2086,direct,0.0500,48.8000,-74.4934
523.2,node[20],2,5645.1770,4102.4243,1.8950,13.5179,2.2755,-2.0552,21156414#1,-74.9235,-0.2595,100.0000,default,21,rsu(532m),3606,152719,0.1639,532,1.8644,4,6,-74.9235,-91.9132,direct,0.0500,48.8000,-74.7969
523.3,node[20],2,5644.5392,4103.6365,1.8950,13.6970,1.7906,-2.0552,21156414#1,-75.0893,-0.2475,100.0000,default,21,rsu(532m),3607,152778,0.1647,532,1.8311,4,6,-75.0893,-92.0790,direct,0.0500,46.8000,-75.0991
523.4,node[20],2,5643.8907,4104.8689,1.8950,13.9256,2.2859,-2.0552,21156414#1,-77.5130,0.1719,100.0000,default,21,rsu(531m),3608,152837,0.1956,531,1.8539,4,6,-77.5130,-94.5027,direct,0.0500,46.8000,-75.3991
523.5,node[20],2,5643.2357,4106.1138,1.8950,14.0668,1.4119,-2.0552,21156414#1,-76.5569,1.7871,100.0000,default,21,rsu(531m),3609,152897,0.3529,531,1.8651,5,8,-76.5569,-93.5466,direct,0.0500,47.6000,-75.6945
523.6,node[20],2,5642.5744,4107.3704,1.8950,14.1996,1.3283,-2.0552,21156414#1,-76.8173,-1.2491,100.0000,default,21,rsu(530m),3610,152955,0.1067,530,1.8348,3,4,-76.8173,-93.8070,direct,0.0500,47.6000,-75.9848
523.7,node[20],2,5641.9034,4108.6457,1.8950,14.4102,2.1058,-2.0552,21156414#1,-78.6253,-0.6801,100.0000,default,21,rsu(530m),3611,153012,0.1370,530,1.8550,4,6,-78.6253,-95.6150,direct,0.0500,46.0000,-76.2703
523.8,node[20],2,5641.2245,4109.9360,1.8950,14.5798,1.6968,-2.0552,21156414#1,-79.6908,-3.4765,100.0000,default,21,rsu(529m),3612,153071,0.0378,529,1.8374,2,2,-79.6908,-96.6805,direct,0.0500,46.0000,-76.5495
523.9,node[20],2,5640.5407,4111.2355,1.8950,14.6838,1.0397,-2.0552,21156414#1,-77.8741,1.2586,100.0000,default,21,rsu(529m),3613,153129,0.2951,529,1.8298,5,8,-77.8741,-94.8638,direct,0.0500,46.8000,-76.8211
524,node[20],2,5639.8599,4112.5293,1.8950,14.6198,-0.6401,-2.0552,21156414#1,-77.7712,-3.6726,100.0000,default,21,rsu(528m),3614,153187,0.0343,528,1.8301,2,2,-77.7712,-94.7609,direct,0.0500,46.8000,-77.0832
524.1,node[20],2,5639.1786,4113.8243,1.8950,14.6322,0.1237,-2.0552,21156414#1,-79.1587,-0.7617,100.0000,default,21,rsu(528m),3615,153247,0.1323,528,1.8304,4,6,-79.1587,-96.1484,direct,0.0500,47.2000,-77.3371
524.2,node[20],2,5638.4998,4115.1142,1.8950,14.5756,-0.5663,-2.0552,21156414#1,-84.9223,-5.0000,100.0000,default,21,rsu(528m),3616,153305,0.0180,528,1.8286,2,2,-84.9223,-101.9120,direct,0.0500,47.2000,-77.5819
524.3,node[20],2,5637.8167,4116.4125,1.8950,14.6708,0.9524,-2.0552,21156414#1,-81.9189,-5.0000,100.0000,default,21,rsu(527m),3617,153364,0.0180,527,1.8438,2,2,-81.9189,-98.9086,direct,0.0500,46.8000,-77.8192
524.4,node[20],2,5637.1363,4117.7056,1.8950,14.6115,-0.5931,-2.0552,21156414#1,-87.1798,-5.0000,100.0000,default,21,rsu(527m),3618,153424,0.0180,527,1.8654,2,2,-87.1798,-104.1695,direct,0.0500,46.8000,-78.0478
524.5,node[20],2,5636.4561,4118.9983,1.8950,14.6064,-0.0504,-2.0552,21156414#1,-78.6285,-3.9505,100.0000,default,21,rsu(526m),3619,153483,0.0300,526,1.8562,2,2,-78.6285,-95.6182,direct,0.0500,47.6000,-78.2680
524.6,node[20],2,5635.7751,4120.2925,1.8950,14.6244,0.1794,-2.0552,21156414#1,-78.8082,-4.0155,100.0000,default,21,rsu(526m),3620,153543,0.0291,526,1.8317,2,2,-78.8082,-95.7979,direct,0.0500,47.6000,-78.4812
524.7,node[20],2,5635.0916,4121.5915,1.8950,14.6783,0.5394,-2.0552,21156414#1,-88.6157,-5.0000,100.0000,default,21,rsu(525m),3621,153602,0.0180,525,1.8646,2,2,-88.6157,-105.6054,direct,0.0500,47.6000,-78.6870
524.8,node[20],2,5634.4118,4122.8835,1.8950,14.5987,-0.7960,-2.0552,21156414#1,-81.6356,-5.0000,100.0000,default,21,rsu(525m),3622,153662,0.0180,525,1.8648,2,2,-81.6356,-98.6253,direct,0.0500,47.6000,-78.8853
524.9,node[20],2,5633.7318,4124.1757,1.8950,14.6014,0.0264,-2.0552,21156414#1,-85.6191,-5.0000,100.0000,default,21,rsu(524m),3623,153720,0.0180,524,1.8279,2,2,-85.6191,-102.6088,direct,0.0500,47.2000,-79.0761
525,node[20],2,5633.0518,4125.4681,1.8950,14.6040,0.0262,-2.0552,21156414#1,-79.6457,-5.0000,100.0000,default,21,rsu(524m),3624,153780,0.0180,524,1.8649,2,2,-79.6457,-96.6354,direct,0.0500,47.2000,-79.2602
525.1,node[20],2,5632.3728,4126.7586,1.8950,14.5812,-0.2278,-2.0552,21156414#1,-80.3353,-5.0000,100.0000,default,21,rsu(523m),3625,153841,0.0180,523,1.8570,2,2,-80.3353,-97.3250,direct,0.0500,48.4000,-79.4376
525.2,node[20],2,5631.6908,4128.0547,1.8950,14.6456,0.6442,-2.0552,21156414#1,-79.6204,-3.2542,100.0000,default,21,rsu(523m),3626,153899,0.0420,523,1.8512,2,2,-79.6204,-96.6101,direct,0.0500,48.4000,-79.6090
525.3,node[20],2,5631.0118,4129.3451,1.8950,14.5816,-0.6404,-2.0552,21156414#1,-77.0028,-2.1823,100.0000,default,21,rsu(523m),3627,153960,0.0697,523,1.8652,3,4,-77.0028,-93.9925,direct,0.0500,47.6000,-79.7741
525.4,node[20],2,5630.3310,4130.6389,1.8950,14.6191,0.3750,-2.0552,21156414#1,-80.5368,-2.4291,100.0000,default,21,rsu(522m),3628,154018,0.0621,522,1.8561,3,4,-80.5368,-97.5265,direct,0.0500,47.6000,-79.9335
525.5,node[20],2,5629.6472,4131.9385,1.8950,14.6853,0.6623,-2.0552,21156414#1,-82.9033,-5.0000,100.0000,default,21,rsu(522m),3629,154077,0.0180,522,1.8552,2,2,-82.9033,-99.8930,direct,0.0500,46.8000,-80.0878
525.6,node[20],5,5628.9682,4133.2290,1.8950,14.5816,-1.0373,-2.0552,21156414#1,-77.9194,0.5445,100.0000,default,19,rsu(521m),3630,154134,0.2266,521,1.8689,4,6,-77.9194,-94.9091,direct,0.0500,46.8000,-80.2613
525.7,node[20],5,5628.2883,4134.5212,1.8950,14.6013,0.1973,-2.0552,21156414#1,-80.7850,-1.4154,100.0000,default,19,rsu(521m),3631,154194,0.0991,521,1.8648,3,4,-80.7850,-97.7747,direct,0.0500,46.8000,-80.4051
525.8,node[20],5,5627.6097,4135.8107,1.8950,14.5708,-0.3049,-2.0552,21156414#1,-83.0947,-5.0000,100.0000,default,19,rsu(520m),3632,154251,0.0180,520,1.8562,2,2,-83.0947,-100.0844,direct,0.0500,46.8000,-80.5437
525.9,node[20],5,5626.9312,4137.1003,1.8950,14.5721,0.0132,-2.0552,21156414#1,-81.4344,-2.7303,100.0000,default,19,rsu(520m),3633,154311,0.0539,520,1.8502,3,4,-81.4344,-98.4241,direct,0.0500,46.8000,-80.6775
526,node[20],5,5626.2486,4138.3976,1.8950,14.6588,0.8670,-2.0552,21156414#1,-81.7486,-3.2980,100.0000,default,19,rsu(520m),3634,154372,0.0411,520,1.8711,2,2,-81.7486,-98.7383,direct,0.0500,46.8000,-80.8068
526.1,node[20],5,5625.5675,4139.6920,1.8950,14.6265,-0.3236,-2.0552,21156414#1,-79.4262,-3.4385,100.0000,default,19,rsu(519m),3635,154433,0.0384,519,1.8706,2,2,-79.4262,-96.4159,direct,0.0500,48.8000,-80.9313
526.2,node[20],5,5624.8885,4140.9823,1.8950,14.5800,-0.4647,-2.0552,21156414#1,-78.0787,1.2579,100.0000,default,19,rsu(519m),3636,154491,0.2950,519,1.8690,5,8,-78.0787,-95.0684,direct,0.0500,48.8000,-81.0514
526.3,node[20],5,5624.2104,4142.2710,1.8950,14.5615,-0.1847,-2.0552,21156414#1,-80.9550,-5.0000,100.0000,default,19,rsu(518m),3637,154550,0.0180,518,1.8697,2,2,-80.9550,-97.9447,direct,0.0500,46.8000,-81.1668
526.4,node[20],5,5623.5303,4143.5635,1.8950,14.6052,0.4360,-2.0552,21156414#1,-79.9202,-1.0655,100.0000,default,19,rsu(518m),3638,154609,0.1158,518,1.8540,3,4,-79.9202,-96.9099,direct,0.0500,46.8000,-81.2785
526.5,node[20],5,5622.8519,4144.8529,1.8950,14.5691,-0.3602,-2.0552,21156414#1,-81.1949,-5.0000,100.0000,default,19,rsu(518m),3639,154670,0.0180,518,1.8581,2,2,-81.1949,-98.1846,direct,0.0500,48.0000,-81.3861
526.6,node[20],5,5622.1702,4146.1485,1.8950,14.6404,0.7126,-2.0552,21156414#1,-77.3329,0.3009,100.0000,default,18,rsu(517m),3640,154730,0.2059,517,1.8564,4,6,-77.3329,-94.3226,direct,0.0500,48.0000,-81.5216
526.7,node[20],5,5621.4907,4147.4398,1.8950,14.5911,-0.4926,-2.0552,21156414#1,-75.9489,-0.4723,100.0000,default,18,rsu(517m),3641,154790,0.1498,517,1.8557,4,6,-75.9489,-92.9386,direct,0.0500,48.0000,-81.6223
526.8,node[20],5,5620.8125,4148.7288,1.8950,14.5650,-0.2610,-2.0552,21156414#1,-84.3681,-5.0000,100.0000,default,18,rsu(516m),3642,154850,0.0180,516,1.8458,2,2,-84.3681,-101.3578,direct,0.0500,48.0000,-81.7189
526.9,node[20],5,5620.1342,4150.0178,1.8950,14.5647,-0.0032,-2.0552,21156414#1,-77.0576,-1.9521,100.0000,default,18,rsu(516m),3643,154912,0.0776,516,1.8416,3,4,-77.0576,-94.0473,direct,0.0500,48.8000,-81.8111
527,node[20],5,5619.4554,4151.3079,1.8950,14.5781,0.1343,-2.0552,21156414#1,-81.5154,-2.1455,100.0000,default,18,rsu(516m),3644,154972,0.0709,516,1.8649,3,4,-81.5154,-98.5051,direct,0.0500,48.8000,-81.9000
527.1,node[20],5,5618.7739,4152.6031,1.8950,14.6354,0.5727,-2.0552,21156414#1,-78.3723,0.6066,100.0000,default,18,rsu(515m),3645,155033,0.2321,515,1.8435,4,6,-78.3723,-95.3620,direct,0.0500,48.4000,-81.9839
527.2,node[20],5,5618.0934,4153.8964,1.8950,14.6135,-0.2192,-2.0552,21156414#1,-80.3161,-3.6302,100.0000,default,18,rsu(515m),3646,155092,0.0351,515,1.8432,2,2,-80.3161,-97.3058,direct,0.0500,48.4000,-82.0637
527.3,node[20],5,5617.4103,4155.1946,1.8950,14.6692,0.5575,-2.0552,21156414#1,-81.4602,-5.0000,100.0000,default,18,rsu(515m),3647,155153,0.0180,515,1.8317,2,2,-81.4602,-98.4499,direct,0.0500,48.0000,-82.1396
527.4,node[20],5,5616.7321,4156.4834,1.8950,14.5629,-1.0630,-2.0552,21156414#1,-78.3779,-2.0267,100.0000,default,18,rsu(514m),3648,155213,0.0749,514,1.8274,3,4,-78.3779,-95.3676,direct,0.0500,48.0000,-82.2115
527.5,node[20],5,5616.0526,4157.7748,1.8950,14.5925,0.2954,-2.0552,21156414#1,-81.1678,-3.2270,100.0000,default,18,rsu(514m),3649,155274,0.0426,514,1.8684,2,2,-81.1678,-98.1575,direct,0.0500,48.4000,-82.2801
527.6,node[20],5,5615.3707,4159.0708,1.8950,14.6435,0.5102,-2.0552,21156414#1,-74.7306,2.8393,100.0000,default,18,rsu(513m),3650,155333,0.4799,513,1.8743,5,8,-74.7306,-91.7203,direct,0.0500,48.4000,-82.3468
527.7,node[20],5,5614.6886,4160.3671,1.8950,14.6478,0.0425,-2.0552,21156414#1,-80.4902,-1.8863,100.0000,default,18,rsu(513m),3651,155394,0.0799,513,1.8558,3,4,-80.4902,-97.4799,direct,0.0500,48.0000,-82.4093
527.8,node[20],5,5614.0086,4161.6594,1.8950,14.6027,-0.4507,-2.0552,21156414#1,-81.0478,-5.0000,100.0000,default,18,rsu(513m),3652,155453,0.0180,513,1.8648,2,2,-81.0478,-98.0375,direct,0.0500,48.0000,-82.4686
527.9,node[20],5,5613.3267,4162.9554,1.8950,14.6444,0.4170,-2.0552,21156414#1,-77.2433,0.3896,100.0000,default,18,rsu(512m),3653,155516,0.2133,512,1.8661,4,6,-77.2433,-94.2330,direct,0.0500,48.8000,-82.5252
528,node[20],5,5612.6434,4164.2540,1.8950,14.6736,0.2924,-2.0552,21156414#1,-80.2285,-3.3124,100.0000,default,18,rsu(512m),3654,155577,0.0408,512,1.8693,2,2,-80.2285,-97.2182,direct,0.0500,48.8000,-82.5789
528.1,node[20],5,5611.9645,4165.5442,1.8950,14.5789,-0.9474,-2.0552,21156414#1,-84.8261,-5.0000,100.0000,default,18,rsu(512m),3655,155637,0.0180,512,1.8552,2,2,-84.8261,-101.8158,direct,0.0500,48.4000,-82.6298
528.2,node[20],5,5611.2818,4166.8417,1.8950,14.6611,0.8221,-2.0552,21156414#1,-73.9296,4.7592,100.0000,default,18,rsu(511m),3656,155695,0.7067,511,1.8428,6,10,-73.9296,-90.9193,direct,0.0500,48.4000,-82.6777
528.3,node[20],5,5610.5998,4168.1379,1.8950,14.6470,-0.1406,-2.0552,21156414#1,-76.9836,1.9525,100.0000,default,18,rsu(511m),3657,155755,0.3720,511,1.8647,5,8,-76.9836,-93.9733,direct,0.0500,47.2000,-82.7232
528.4,node[20],5,5609.9205,4169.4288,1.8950,14.5858,-0.6122,-2.0552,21156414#1,-82.1487,-2.9049,100.0000,default,18,rsu(511m),3658,155817,0.0496,511,1.8661,3,4,-82.1487,-99.1384,direct,0.0500,47.2000,-82.7673
528.5,node[20],5,5609.2410,4170.7203,1.8950,14.5932,0.0739,-2.0552,21156414#1,-92.2676,-5.0000,100.0000,default,18,rsu(511m),3659,155876,0.0180,511,1.8289,2,2,-92.2676,-109.2573,direct,0.0500,48.4000,-82.8078
528.6,node[20],5,5608.5599,4172.0147,1.8950,14.6272,0.3402,-2.0552,21156414#1,-85.5763,-5.0000,100.0000,default,17,rsu(510m),3660,155933,0.0180,510,1.8561,2,2,-85.5763,-102.5660,direct,0.0500,48.4000,-82.8502
528.7,node[20],5,5607.8767,4173.3130,1.8950,14.6697,0.4250,-2.0552,21156414#1,-75.6338,1.1920,100.0000,default,17,rsu(510m),3661,155993,0.2882,510,1.8646,5,8,-75.6338,-92.6235,direct,0.0500,46.8000,-82.8876
528.8,node[20],5,5607.1944,4174.6099,1.8950,14.6541,-0.1557,-2.0552,21156414#1,-77.7898,-0.6705,100.0000,default,17,rsu(510m),3662,156050,0.1376,510,1.8451,4,6,-77.7898,-94.7795,direct,0.0500,46.8000,-82.9220
528.9,node[20],5,5606.5125,4175.9058,1.8950,14.6437,-0.1046,-2.0552,21156414#1,-87.3482,-5.0000,100.0000,default,17,rsu(509m),3663,156110,0.0180,509,1.8527,2,2,-87.3482,-104.3379,direct,0.0500,46.8000,-82.9539
529,node[20],5,5605.8296,4177.2035,1.8950,14.6632,0.1953,-2.0552,21156414#1,-84.1576,-5.0000,100.0000,default,17,rsu(509m),3664,156169,0.0180,509,1.8650,2,2,-84.1576,-101.1473,direct,0.0500,46.8000,-82.9847
529.1,node[20],5,5605.1465,4178.5018,1.8950,14.6702,0.0702,-2.0552,21156414#1,-75.0799,0.7846,100.0000,default,17,rsu(509m),3665,156227,0.2483,509,1.8317,4,6,-75.0799,-92.0696,direct,0.0500,46.8000,-83.0133
529.2,node[20],5,5604.4665,4179.7940,1.8950,14.6019,-0.6832,-2.0552,21156414#1,-83.5535,-4.6102,100.0000,default,17,rsu(508m),3666,156286,0.0218,508,1.8493,2,2,-83.5535,-100.5432,direct,0.0500,46.8000,-83.0397
529.3,node[20],5,5603.7842,4181.0909,1.8950,14.6541,0.5216,-2.0552,21156414#1,-80.1105,-2.3978,100.0000,default,17,rsu(508m),3667,156346,0.0630,508,1.8708,3,4,-80.1105,-97.1002,direct,0.0500,47.6000,-83.0643
529.4,node[20],5,5603.1061,4182.3796,1.8950,14.5620,-0.9209,-2.0552,21156414#1,-80.1390,-5.0000,100.0000,default,17,rsu(508m),3668,156406,0.0180,508,1.8619,2,2,-80.1390,-97.1287,direct,0.0500,47.6000,-83.0871
529.5,node[20],5,5602.4231,4183.6776,1.8950,14.6665,1.0454,-2.0552,21156414#1,-79.4395,-4.5326,100.0000,default,17,rsu(508m),3669,156463,0.0226,508,1.8649,2,2,-79.4395,-96.4292,direct,0.0500,46.8000,-83.1077
529.6,node[20],5,5601.7411,4184.9736,1.8950,14.6449,-0.2166,-2.0552,21156414#1,-75.6013,1.3453,100.0000,default,17,rsu(507m),3670,156523,0.3042,507,1.8651,5,8,-75.6013,-92.5910,direct,0.0500,46.8000,-83.1266
529.7,node[20],5,5601.0620,4186.2644,1.8950,14.5852,-0.5970,-2.0552,21156414#1,-79.5383,-2.8329,100.0000,default,17,rsu(507m),3671,156581,0.0513,507,1.8737,3,4,-79.5383,-96.5280,direct,0.0500,47.2000,-83.1458
529.8,node[20],5,5600.3784,4187.5635,1.8950,14.6786,0.9346,-2.0552,21156414#1,-81.3544,-3.0257,100.0000,default,17,rsu(507m),3672,156641,0.0468,507,1.8655,2,2,-81.3544,-98.3441,direct,0.0500,47.2000,-83.1628
529.9,node[20],5,5599.6959,4188.8606,1.8950,14.6574,-0.2123,-2.0552,21156414#1,-75.5602,0.2941,100.0000,default,17,rsu(507m),3673,156700,0.2054,507,1.8556,4,6,-75.5602,-92.5499,direct,0.0500,47.6000,-83.1779
530,node[20],5,5599.0153,4190.1541,1.8950,14.6159,-0.4154,-2.0552,21156414#1,-80.2467,-5.0000,100.0000,default,17,rsu(506m),3674,156761,0.0180,506,1.8286,2,2,-80.2467,-97.2364,direct,0.0500,47.6000,-83.1928
530.1,node[20],5,5598.3359,4191.4453,1.8950,14.5903,-0.2560,-2.0552,21156414#1,-82.5797,-5.0000,100.0000,default,17,rsu(506m),3675,156818,0.0180,506,1.8381,2,2,-82.5797,-99.5694,direct,0.0500,47.2000,-83.2057
530.2,node[20],5,5597.6528,4192.7435,1.8950,14.6689,0.7860,-2.0552,21156414#1,-84.5152,-5.0000,100.0000,default,17,rsu(506m),3676,156876,0.0180,506,1.8668,2,2,-84.5152,-101.5049,direct,0.0500,47.2000,-83.2176
530.3,node[20],5,5596.9742,4194.0332,1.8950,14.5731,-0.9575,-2.0552,21156414#1,-77.8040,-2.0408,100.0000,default,17,rsu(506m),3677,156933,0.0744,506,1.8636,3,4,-77.8040,-94.7937,direct,0.0500,46.0000,-83.2280
530.4,node[20],5,5596.2942,4195.3254,1.8950,14.6013,0.2818,-2.0552,21156414#1,-82.7064,-5.0000,100.0000,default,17,rsu(505m),3678,156992,0.0180,505,1.8651,2,2,-82.7064,-99.6961,direct,0.0500,46.0000,-83.2389
530.5,node[20],5,5595.6151,4196.6161,1.8950,14.5839,-0.1737,-2.0552,21156414#1,-77.8461,1.4064,100.0000,default,17,rsu(505m),3679,157050,0.3107,505,1.8647,5,8,-77.8461,-94.8358,direct,0.0500,46.8000,-83.2470
530.6,node[20],5,5594.9336,4197.9113,1.8950,14.6358,0.5191,-2.0552,21156414#1,-80.8001,-5.0000,100.0000,default,17,rsu(505m),3680,157108,0.0180,505,1.8270,2,2,-80.8001,-97.7898,direct,0.0500,46.8000,-83.2538
530.7,node[20],5,5594.2521,4199.2065,1.8950,14.6348,-0.0105,-2.0552,21156414#1,-79.4517,-0.6574,100.0000,default,17,rsu(505m),3681,157167,0.1384,505,1.8642,4,6,-79.4517,-96.4414,direct,0.0500,46.8000,-83.2594
530.8,node[20],5,5593.5732,4200.4967,1.8950,14.5787,-0.5608,-2.0552,21156414#1,-81.6036,-5.0000,100.0000,default,17,rsu(504m),3682,157227,0.0180,504,1.8671,2,2,-81.6036,-98.5933,direct,0.0500,46.8000,-83.2635
530.9,node[20],5,5592.8912,4201.7929,1.8950,14.6464,0.6764,-2.0552,21156414#1,-83.5454,-4.6083,100.0000,default,17,rsu(504m),3683,157286,0.0218,504,1.8279,2,2,-83.5454,-100.5351,direct,0.0500,47.6000,-83.2661
531,node[20],5,5592.2128,4203.0821,1.8950,14.5682,-0.7816,-2.0552,21156414#1,-76.8826,-0.6691,100.0000,default,17,rsu(504m),3684,157345,0.1377,504,1.8419,4,6,-76.8826,-93.8723,direct,0.0500,47.6000,-83.2671
531.1,node[20],5,5591.5291,4204.3814,1.8950,14.6819,1.1369,-2.0552,21156414#1,-76.9890,-2.9744,100.0000,default,17,rsu(504m),3685,157404,0.0480,504,1.8425,3,4,-76.9890,-93.9787,direct,0.0500,47.2000,-83.2661
531.2,node[20],5,5590.8465,4205.6788,1.8950,14.6596,-0.2230,-2.0552,21156414#1,-90.1512,-5.0000,100.0000,default,17,rsu(504m),3686,157464,0.0180,504,1.8652,2,2,-90.1512,-107.1409,direct,0.0500,47.2000,-83.2634
531.3,node[20],5,5590.1643,4206.9753,1.8950,14.6503,-0.0932,-2.0552,21156414#1,-76.8625,0.2664,100.0000,default,17,rsu(503m),3687,157523,0.2031,503,1.8656,4,6,-76.8625,-93.8522,direct,0.0500,47.6000,-83.2604
531.4,node[20],5,5589.4831,4208.2699,1.8950,14.6277,-0.2261,-2.0552,21156414#1,-83.7693,-5.0000,100.0000,default,17,rsu(503m),3688,157580,0.0180,503,1.8765,2,2,-83.7693,-100.7590,direct,0.0500,47.6000,-83.2539
531.5,node[20],5,5588.8039,4209.5606,1.8950,14.5849,-0.4271,-2.0552,21156414#1,-81.3648,-3.1797,100.0000,default,17,rsu(503m),3689,157638,0.0435,503,1.8454,2,2,-81.3648,-98.3545,direct,0.0500,46.0000,-83.2458
531.6,node[20],5,5588.1229,4210.8550,1.8950,14.6257,0.4073,-2.0552,21156414#1,-81.4653,-5.0000,100.0000,default,17,rsu(503m),3690,157697,0.0180,503,1.8665,2,2,-81.4653,-98.4550,direct,0.0500,46.0000,-83.2360
531.7,node[20],5,5587.4412,4212.1505,1.8950,14.6396,0.1391,-2.0552,21156414#1,-86.1137,-5.0000,100.0000,default,17,rsu(503m),3691,157756,0.0180,503,1.8643,2,2,-86.1137,-103.1034,direct,0.0500,47.2000,-83.2266
531.8,node[20],5,5586.7584,4213.4482,1.8950,14.6625,0.2291,-2.0552,21156414#1,-81.9074,-5.0000,100.0000,default,17,rsu(502m),3692,157814,0.0180,502,1.8670,2,2,-81.9074,-98.8971,direct,0.0500,47.2000,-83.2135
531.9,node[20],5,5586.0797,4214.7380,1.8950,14.5753,-0.8723,-2.0552,21156414#1,-84.4923,-5.0000,100.0000,default,17,rsu(502m),3693,157876,0.0180,502,1.8538,2,2,-84.4923,-101.4820,direct,0.0500,48.0000,-83.1998
532,node[20],5,5585.3986,4216.0324,1.8950,14.6252,0.4991,-2.0552,21156414#1,-80.8878,-3.5759,100.0000,default,17,rsu(502m),3694,157936,0.0360,502,1.8684,2,2,-80.8878,-97.8775,direct,0.0500,48.0000,-83.1836
532.1,node[20],5,5584.7195,4217.3231,1.8950,14.5851,-0.4004,-2.0552,21156414#1,-84.7908,-5.0000,100.0000,default,17,rsu(502m),3695,157994,0.0180,502,1.8643,2,2,-84.7908,-101.7805,direct,0.0500,47.2000,-83.1655
532.2,node[20],5,5584.0381,4218.6180,1.8950,14.6315,0.4635,-2.0552,21156414#1,-77.6129,1.3651,100.0000,default,17,rsu(502m),3696,158053,0.3063,502,1.8287,5,8,-77.6129,-94.6026,direct,0.0500,47.2000,-83.1453
532.3,node[20],5,5583.3560,4219.9143,1.8950,14.6479,0.1638,-2.0552,21156414#1,-79.7209,-0.3916,100.0000,default,17,rsu(502m),3697,158111,0.1550,502,1.8653,4,6,-79.7209,-96.7106,direct,0.0500,46.8000,-83.1225
532.4,node[20],5,5582.6767,4221.2054,1.8950,14.5894,-0.5847,-2.0552,21156414#1,-90.6646,-5.0000,100.0000,default,17,rsu(501m),3698,158170,0.0180,501,1.8689,2,2,-90.6646,-107.6543,direct,0.0500,46.8000,-83.0978
532.5,node[20],5,5581.9969,4222.4974,1.8950,14.5983,0.0894,-2.0552,21156414#1,-82.7593,-5.0000,100.0000,default,17,rsu(501m),3699,158227,0.0180,501,1.8563,2,2,-82.7593,-99.7490,direct,0.0500,46.4000,-83.0701
532.6,node[20],5,5581.3170,4223.7894,1.8950,14.5993,0.0094,-2.0552,21156414#1,-83.6898,-5.0000,100.0000,default,17,rsu(501m),3700,158287,0.0180,501,1.8293,2,2,-83.6898,-100.6795,direct,0.0500,46.4000,-83.0406
532.7,node[20],5,5580.6339,4225.0878,1.8950,14.6710,0.7178,-2.0552,21156414#1,-76.1947,2.4582,100.0000,default,17,rsu(501m),3701,158345,0.4327,501,1.8651,5,8,-76.1947,-93.1844,direct,0.0500,47.2000,-83.0079
532.8,node[20],5,5579.9559,4226.3763,1.8950,14.5599,-1.1111,-2.0552,21156414#1,-83.2957,-5.0000,100.0000,default,17,rsu(501m),3702,158401,0.0180,501,1.8537,2,2,-83.2957,-100.2854,direct,0.0500,47.2000,-82.9722
532.9,node[20],5,5579.2770,4227.6665,1.8950,14.5782,0.1826,-2.0552,21156414#1,-73.6647,4.2800,100.0000,default,17,rsu(501m),3703,158459,0.6547,501,1.8427,6,10,-73.6647,-90.6544,direct,0.0500,45.6000,-82.9338
533,node[20],5,5578.5983,4228.9564,1.8950,14.5756,-0.0264,-2.0552,21156414#1,-78.1961,0.1068,100.0000,default,17,rsu(501m),3704,158518,0.1905,501,1.8289,4,6,-78.1961,-95.1858,direct,0.0500,45.6000,-82.8935
533.1,node[20],5,5577.9158,4230.2534,1.8950,14.6561,0.8053,-2.0552,21156414#1,-74.6526,2.7281,100.0000,default,17,rsu(500m),3705,158578,0.4661,500,1.8676,5,8,-74.6526,-91.6423,direct,0.0500,47.6000,-82.8491
533.2,node[20],5,5577.2361,4231.5452,1.8950,14.5966,-0.5947,-2.0552,21156414#1,-84.0273,-5.0000,100.0000,default,17,rsu(500m),3706,158637,0.0180,500,1.8677,2,2,-84.0273,-101.0170,direct,0.0500,47.6000,-82.8014
533.3,node[20],5,5576.5554,4232.8388,1.8950,14.6172,0.2058,-2.0552,21156414#1,-73.0380,5.3806,100.0000,default,17,rsu(500m),3707,158696,0.7668,500,1.8683,7,12,-73.0380,-90.0277,direct,0.0500,47.2000,-82.7500
533.4,node[20],5,5575.8719,4234.1377,1.8950,14.6775,0.6032,-2.0552,21156414#1,-84.9045,-5.0000,100.0000,default,17,rsu(500m),3708,158754,0.0180,500,1.8399,2,2,-84.9045,-101.8942,direct,0.0500,47.2000,-82.6947
533.5,node[20],5,5575.1895,4235.4347,1.8950,14.6554,-0.2212,-2.0552,21156414#1,-79.7025,-2.4624,100.0000,default,17,rsu(500m),3709,158813,0.0612,500,1.8410,3,4,-79.7025,-96.6922,direct,0.0500,46.8000,-82.6356
533.6,node[20],5,5574.5063,4236.7331,1.8950,14.6714,0.1605,-2.0552,21156414#1,-82.8372,-5.0000,100.0000,default,17,rsu(500m),3710,158871,0.0180,500,1.8537,2,2,-82.8372,-99.8269,direct,0.0500,46.8000,-82.5725
533.7,node[20],5,5573.8259,4238.0261,1.8950,14.6103,-0.6110,-2.0552,21156414#1,-82.6646,-4.4884,100.0000,default,17,rsu(500m),3711,158930,0.0231,500,1.8670,2,2,-82.6646,-99.6543,direct,0.0500,46.8000,-82.5050
533.8,node[20],5,5573.1448,4239.3206,1.8950,14.6274,0.1710,-2.0552,21156414#1,-80.9029,-4.2281,100.0000,default,17,rsu(500m),3712,158989,0.0262,500,1.8656,2,2,-80.9029,-97.8926,direct,0.0500,46.8000,-82.4323
533.9,node[20],5,5572.4656,4240.6114,1.8950,14.5851,-0.4236,-2.0552,21156414#1,-78.5548,-1.3443,100.0000,default,17,rsu(500m),3713,159046,0.1023,500,1.8303,3,4,-78.5548,-95.5445,direct,0.0500,46.4000,-82.3548
534,node[20],5,5571.7829,4241.9088,1.8950,14.6603,0.7518,-2.0552,21156414#1,-86.3167,-5.0000,100.0000,default,17,rsu(499m),3714,159105,0.0180,499,1.8660,2,2,-86.3167,-103.3064,direct,0.0500,46.4000,-82.2718
534.1,node[20],5,5571.1043,4243.1986,1.8950,14.5743,-0.8596,-2.0552,21156414#1,-88.4213,-5.0000,100.0000,default,17,rsu(499m),3715,159162,0.0180,499,1.8301,2,2,-88.4213,-105.4110,direct,0.0500,46.4000,-82.1839
534.2,node[20],5,5570.4243,4244.4909,1.8950,14.6023,0.2802,-2.0552,21156414#1,-85.0354,-5.0000,100.0000,default,18,rsu(499m),3716,159221,0.0180,499,1.8549,2,2,-85.0354,-102.0251,direct,0.0500,46.4000,-82.0556
534.3,node[20],5,5569.7404,4245.7906,1.8950,14.6860,0.8362,-2.0552,21156414#1,-77.4247,-0.8407,100.0000,default,18,rsu(499m),3717,159279,0.1278,499,1.8669,4,6,-77.4247,-94.4144,direct,0.0500,46.8000,-81.9557
534.4,node[20],5,5569.0614,4247.0811,1.8950,14.5822,-1.0380,-2.0552,21156414#1,-80.6745,-1.7042,100.0000,default,18,rsu(499m),3718,159337,0.0869,499,1.8554,3,4,-80.6745,-97.6642,direct,0.0500,46.8000,-81.8499
534.5,node[20],5,5568.3794,4248.3773,1.8950,14.6462,0.6408,-2.0552,21156414#1,-85.8480,-5.0000,100.0000,default,18,rsu(499m),3719,159394,0.0180,499,1.8482,2,2,-85.8480,-102.8377,direct,0.0500,46.0000,-81.7366
534.6,node[20],5,5567.6966,4249.6748,1.8950,14.6617,0.1544,-2.0552,21156414#1,-81.1375,-4.2758,100.0000,default,19,rsu(499m),3720,159451,0.0256,499,1.8412,2,2,-81.1375,-98.1272,direct,0.0500,46.0000,-81.5833
534.7,node[20],5,5567.0130,4250.9741,1.8950,14.6811,0.1944,-2.0552,21156414#1,-83.4600,-5.0000,100.0000,default,19,rsu(499m),3721,159509,0.0180,499,1.8432,2,2,-83.4600,-100.4497,direct,0.0500,46.0000,-81.4548
534.8,node[20],5,5566.3299,4252.2723,1.8950,14.6690,-0.1216,-2.0552,21156414#1,-80.8622,-2.1041,100.0000,default,19,rsu(499m),3722,159568,0.0723,499,1.8695,3,4,-80.8622,-97.8519,direct,0.0500,46.0000,-81.3193
534.9,node[20],5,5565.6464,4253.5712,1.8950,14.6771,0.0814,-2.0552,21156414#1,-81.4080,-3.7004,100.0000,default,19,rsu(499m),3723,159626,0.0339,499,1.8671,2,2,-81.4080,-98.3977,direct,0.0500,46.8000,-81.1739
535,node[20],5,5564.9644,4254.8675,1.8950,14.6479,-0.2921,-2.0552,21156414#1,-87.1523,-5.0000,100.0000,default,19,rsu(499m),3724,159687,0.0180,499,1.8432,2,2,-87.1523,-104.1420,direct,0.0500,46.8000,-81.0197
535.1,node[20],5,5564.2845,4256.1595,1.8950,14.5993,-0.4859,-2.0552,21156414#1,-82.0971,-5.0000,100.0000,default,19,rsu(499m),3725,159745,0.0180,499,1.8598,2,2,-82.0971,-99.0868,direct,0.0500,47.6000,-80.8552
535.2,node[20],5,5563.6021,4257.4563,1.8950,14.6537,0.5439,-2.0552,21156414#1,-79.6650,-2.7014,100.0000,default,20,rsu(499m),3726,159806,0.0546,499,1.8707,3,4,-79.6650,-96.6547,direct,0.1000,47.6000,-80.6538
535.3,node[20],5,5562.9193,4258.7540,1.8950,14.6633,0.0958,-2.0552,21156414#1,-79.9589,-2.5818,100.0000,default,20,rsu(499m),3727,159863,0.0578,499,1.8653,3,4,-79.9589,-96.9486,direct,0.1000,47.2000,-80.4669
535.4,node[20],5,5562.2356,4260.0534,1.8950,14.6827,0.1940,-2.0552,21156414#1,-81.6916,-5.0000,100.0000,default,20,rsu(499m),3728,159921,0.0180,499,1.8276,2,2,-81.6916,-98.6813,direct,0.1000,47.2000,-80.2674
535.5,node[20],5,5561.5517,4261.3532,1.8950,14.6872,0.0450,-2.0552,21156414#1,-75.6430,1.5608,100.0000,default,20,rsu(499m),3729,159978,0.3275,499,1.8334,5,8,-75.6430,-92.6327,direct,0.1000,46.0000,-80.0541
535.6,node[20],5,5560.8691,4262.6504,1.8950,14.6575,-0.2965,-2.0552,21156414#1,-76.1644,3.2116,100.0000,default,20,rsu(499m),3730,160035,0.5264,499,1.8669,6,10,-76.1644,-93.1541,direct,0.1000,46.0000,-79.8264
535.7,node[20],5,5560.1883,4263.9444,1.8950,14.6216,-0.3594,-2.0552,21156414#1,-83.0623,-3.9983,100.0000,default,20,rsu(499m),3731,160094,0.0293,499,1.8742,2,2,-83.0623,-100.0520,direct,0.1000,46.4000,-79.5851
535.8,node[20],5,5559.5084,4265.2365,1.8950,14.6007,-0.2086,-2.0552,21156414#1,-77.0071,-1.8789,100.0000,default,20,rsu(499m),3732,160153,0.0802,499,1.8321,3,4,-77.0071,-93.9968,direct,0.1000,46.4000,-79.3262
535.9,node[20],5,5558.8288,4266.5280,1.8950,14.5938,-0.0689,-2.0552,21156414#1,-75.9119,2.0980,100.0000,default,20,rsu(499m),3733,160211,0.3891,499,1.8676,5,8,-75.9119,-92.9016,direct,0.1000,46.8000,-79.0483
536,node[20],5,5558.1466,4267.8244,1.8950,14.6487,0.5487,-2.0552,21156414#1,-79.0498,-4.0261,100.0000,default,20,rsu(499m),3734,160269,0.0289,499,1.8304,2,2,-79.0498,-96.0395,direct,0.1000,46.8000,-78.7502
536.1,node[20],5,5557.4661,4269.1179,1.8950,14.6155,-0.3317,-2.0552,21156414#1,-84.2095,-5.0000,100.0000,default,20,rsu(499m),3735,160330,0.0180,499,1.8301,2,2,-84.2095,-101.1992,direct,0.1000,47.6000,-78.4319
536.2,node[20],5,5556.7852,4270.4118,1.8950,14.6204,0.0490,-2.0552,21156414#1,-75.8233,0.7269,100.0000,default,20,rsu(499m),3736,160390,0.2430,499,1.8458,4,6,-75.8233,-92.8130,direct,0.1000,47.6000,-78.0887
536.3,node[20],5,5556.1062,4271.7023,1.8950,14.5826,-0.3785,-2.0552,21156414#1,-78.7339,-0.4480,100.0000,default,20,rsu(499m),3737,160447,0.1514,499,1.8666,4,6,-78.7339,-95.7236,direct,0.1000,46.8000,-77.7201
536.4,node[20],5,5555.4258,4272.9953,1.8950,14.6106,0.2802,-2.0552,21156414#1,-83.9392,-5.0000,100.0000,default,20,rsu(499m),3738,160506,0.0180,499,1.8714,2,2,-83.9392,-100.9289,direct,0.1000,46.8000,-77.3229
536.5,node[20],5,5554.7431,4274.2929,1.8950,14.6620,0.5139,-2.0552,21156414#1,-86.1407,-5.0000,100.0000,default,20,rsu(499m),3739,160566,0.0180,499,1.8672,2,2,-86.1407,-103.1304,direct,0.1000,47.6000,-76.8925
536.6,node[20],5,5554.0606,4275.5899,1.8950,14.6551,-0.0688,-2.0552,21156414#1,-80.2884,-4.0025,100.0000,default,20,rsu(499m),3740,160623,0.0293,499,1.8649,2,2,-80.2884,-97.2781,direct,0.1000,47.6000,-76.4274
536.7,node[20],5,5553.3796,4276.8842,1.8950,14.6254,-0.2974,-2.0552,21156414#1,-79.6018,-3.3182,100.0000,default,20,rsu(499m),3741,160680,0.0407,499,1.8651,2,2,-79.6018,-96.5915,direct,0.1000,45.6000,-75.9224
536.8,node[20],5,5552.6960,4278.1832,1.8950,14.6787,0.5330,-2.0552,21156414#1,-74.5371,0.8822,100.0000,default,20,rsu(499m),3742,160740,0.2575,499,1.8567,4,6,-74.5371,-91.5268,direct,0.1000,45.6000,-75.3709
536.9,node[20],5,5552.0179,4279.4720,1.8950,14.5630,-1.1573,-2.0552,21156414#1,-78.2424,-4.2375,100.0000,default,20,rsu(499m),3743,160800,0.0261,499,1.8659,2,2,-78.2424,-95.2321,direct,0.1000,48.0000,-74.7720
537,node[20],5,5551.3352,4280.7695,1.8950,14.6611,0.9815,-2.0552,21156414#1,-79.7883,-0.8335,100.0000,default,20,rsu(499m),3744,160859,0.1282,499,1.8443,4,6,-79.7883,-96.7780,direct,0.1000,48.0000,-74.1094
537.1,node[20],5,5550.6558,4282.0607,1.8950,14.5896,-0.7150,-2.0552,21156414#1,-76.8178,2.4468,100.0000,default,20,rsu(499m),3745,160917,0.4313,499,1.8691,5,8,-76.8178,-93.8075,direct,0.1000,46.8000,-73.3819
537.2,node[20],5,5549.9743,4283.3558,1.8950,14.6347,0.4507,-2.0552,21156414#1,-73.7203,4.0200,100.0000,default,20,rsu(499m),3746,160977,0.6248,499,1.8283,6,10,-73.7203,-90.7100,direct,0.1000,46.8000,-72.5703
537.3,node[20],5,5549.2921,4284.6525,1.8950,14.6514,0.1668,-2.0552,21156414#1,-80.2906,-4.2038,100.0000,default,20,rsu(499m),3747,161035,0.0265,499,1.8404,2,2,-80.2906,-97.2803,direct,0.1000,47.2000,-71.6605
537.4,node[20],5,5548.6121,4285.9448,1.8950,14.6026,-0.4874,-2.0552,21156414#1,-82.3639,-5.0000,100.0000,default,20,rsu(499m),3748,161096,0.0180,499,1.8692,2,2,-82.3639,-99.3536,direct,0.1000,47.2000,-70.6320
537.5,node[20],5,5547.9312,4287.2388,1.8950,14.6213,0.1869,-2.0552,21156414#1,-84.2567,-5.0000,100.0000,default,20,rsu(499m),3749,161154,0.0180,499,1.8722,2,2,-84.2567,-101.2464,direct,0.0500,47.6000,-69.4524
537.6,node[20],5,5547.2531,4288.5275,1.8950,14.5626,-0.5874,-2.0552,21156414#1,-79.5124,-4.8809,100.0000,default,19,rsu(499m),3750,161212,0.0191,499,1.8422,2,2,-79.5124,-96.5021,direct,0.1000,47.6000,-68.0799
537.7,node[20],5,5546.5699,4289.8260,1.8950,14.6720,1.0946,-2.0552,21156414#1,-83.2107,-5.0000,100.0000,default,19,rsu(499m),3751,161271,0.0180,499,1.8274,2,2,-83.2107,-100.2004,direct,0.1000,46.8000,-66.4349
537.8,node[20],5,5545.8867,4291.1243,1.8950,14.6709,-0.0110,-2.0552,21156414#1,-78.2377,0.5957,100.0000,default,19,rsu(499m),3752,161330,0.2311,499,1.8699,4,6,-78.2377,-95.2274,direct,0.1000,46.8000,-64.4266
537.9,node[20],5,5545.2054,4292.4192,1.8950,14.6311,-0.3980,-2.0552,21156414#1,-76.2385,-2.2255,100.0000,default,19,rsu(499m),3753,161389,0.0683,499,1.8718,3,4,-76.2385,-93.2282,direct,0.1000,47.2000,-61.8996
538,node[20],5,5544.5247,4293.7127,1.8950,14.6166,-0.1451,-2.0552,21156414#1,-83.7047,-5.0000,100.0000,default,19,rsu(500m),3754,161447,0.0180,500,1.8370,2,2,-83.7047,-100.6944,direct,0.1000,47.2000,-58.6845
538.1,node[20],5,5543.8435,4295.0074,1.8950,14.6292,0.1258,-2.0552,21156414#1,-81.3368,-5.0000,100.0000,default,19,rsu(500m),3755,161504,0.0180,500,1.8608,2,2,-81.3368,-98.3265,direct,0.1000,46.0000,-55.4315
538.2,node[20],5,5543.1609,4296.3046,1.8950,14.6579,0.2868,-2.0552,21156414#1,-77.2954,1.5183,100.0000,default,19,rsu(500m),3756,161564,0.3228,500,1.8298,5,8,-77.2954,-94.2851,direct,0.1000,46.0000,-55.8342
538.3,node[20],5,5542.4824,4297.5941,1.8950,14.5713,-0.8653,-2.0552,21156414#1,-83.5658,-4.3945,100.0000,default,19,rsu(500m),3757,161621,0.0242,500,1.8657,2,2,-83.5658,-100.5555,direct,0.1000,46.8000,-59.2311
538.4,node[20],5,5541.8031,4298.8851,1.8950,14.5873,0.1592,-2.0552,21156414#1,-89.1736,-5.0000,100.0000,default,19,rsu(500m),3758,161680,0.0180,500,1.8381,2,2,-89.1736,-106.1633,direct,0.1000,46.8000,-62.3262
538.5,node[20],5,5541.1250,4300.1739,1.8950,14.5629,-0.2432,-2.0552,21156414#1,-84.3584,-5.0000,100.0000,default,19,rsu(500m),3759,161738,0.0180,500,1.8274,2,2,-84.3584,-101.3481,direct,0.1000,46.8000,-64.7533
538.6,node[20],5,5540.4430,4301.4700,1.8950,14.6452,0.8224,-2.0552,21156414#1,-77.8145,-0.4616,100.0000,default,19,rsu(500m),3760,161795,0.1505,500,1.8308,4,6,-77.8145,-94.8042,direct,0.1000,46.8000,-66.6997
538.7,node[20],5,5539.7649,4302.7587,1.8950,14.5623,-0.8292,-2.0552,21156414#1,-83.6103,-5.0000,100.0000,default,19,rsu(500m),3761,161851,0.0180,500,1.8646,2,2,-83.6103,-100.6000,direct,0.1000,45.2000,-68.2960
538.8,node[20],5,5539.0814,4304.0577,1.8950,14.6782,1.1592,-2.0552,21156414#1,-79.7101,-0.5344,100.0000,default,19,rsu(500m),3762,161909,0.1459,500,1.8767,4,6,-79.7101,-96.6998,direct,0.1000,45.2000,-69.6449
538.9,node[20],5,5538.3998,4305.3532,1.8950,14.6381,-0.4005,-2.0552,21156414#1,-81.7682,-4.3580,100.0000,default,19,rsu(500m),3763,161969,0.0246,500,1.8675,2,2,-81.7682,-98.7579,direct,0.1000,47.2000,-70.8084
539,node[20],5,5537.7195,4306.6460,1.8950,14.6092,-0.2897,-2.0552,21156414#1,-80.5657,-2.3473,100.0000,default,19,rsu(501m),3764,162028,0.0645,501,1.8509,3,4,-80.5657,-97.5554,direct,0.1000,47.2000,-71.8235
539.1,node[20],5,5537.0410,4307.9354,1.8950,14.5694,-0.3980,-2.0552,21156414#1,-78.7705,-2.8866,100.0000,default,19,rsu(501m),3765,162086,0.0501,501,1.8304,3,4,-78.7705,-95.7602,direct,0.1000,46.8000,-72.7193
539.2,node[20],5,5536.3591,4309.2314,1.8950,14.6444,0.7500,-2.0552,21156414#1,-78.1950,-2.9520,100.0000,default,19,rsu(501m),3766,162145,0.0485,501,1.8408,3,4,-78.1950,-95.1847,direct,0.1000,46.8000,-73.5224
539.3,node[20],5,5535.6763,4310.5291,1.8950,14.6627,0.1835,-2.0552,21156414#1,-76.9240,-0.1313,100.0000,default,19,rsu(501m),3767,162202,0.1728,501,1.8633,4,6,-76.9240,-93.9137,direct,0.1000,46.4000,-74.2500
539.4,node[20],5,5534.9946,4311.8247,1.8950,14.6403,-0.2236,-2.0552,21156414#1,-76.6343,0.8512,100.0000,default,19,rsu(501m),3768,162260,0.2546,501,1.8669,4,6,-76.6343,-93.6240,direct,0.1000,46.4000,-74.9072
539.5,node[20],5,5534.3130,4313.1199,1.8950,14.6357,-0.0462,-2.0552,21156414#1,-78.4063,-2.2361,100.0000,default,19,rsu(501m),3769,162318,0.0680,501,1.8298,3,4,-78.4063,-95.3960,direct,0.1000,46.4000,-75.5093
539.6,node[20],5,5533.6309,4314.4164,1.8950,14.6490,0.1325,-2.0552,21156414#1,-77.3997,-1.7719,100.0000,default,19,rsu(501m),3770,162376,0.0843,501,1.8532,3,4,-77.3997,-94.3894,direct,0.1000,46.4000,-76.0608
539.7,node[20],5,5532.9484,4315.7134,1.8950,14.6564,0.0746,-2.0552,21156414#1,-80.7474,-3.1945,100.0000,default,20,rsu(502m),3771,162435,0.0432,502,1.8647,2,2,-80.7474,-97.7371,direct,0.1000,46.8000,-76.5504
539.8,node[20],5,5532.2675,4317.0074,1.8950,14.6210,-0.3544,-2.0552,21156414#1,-81.0295,-1.7184,100.0000,default,20,rsu(502m),3772,162495,0.0863,502,1.8542,3,4,-81.0295,-98.0192,direct,0.1000,46.8000,-77.0168
539.9,node[20],5,5531.5887,4318.2976,1.8950,14.5787,-0.4231,-2.0552,21156414#1,-78.8066,-0.9745,100.0000,default,20,rsu(502m),3773,162554,0.1205,502,1.8505,4,6,-78.8066,-95.7963,direct,0.1000,47.6000,-77.4488
540,node[20],5,5530.9101,4319.5872,1.8950,14.5722,-0.0646,-2.0552,21156414#1,-75.1720,4.1132,100.0000,default,20,rsu(502m),3774,162612,0.6357,502,1.8360,6,10,-75.1720,-92.1617,direct,0.1000,47.6000,-77.8507
540.1,node[20],5,5530.2286,4320.8824,1.8950,14.6355,0.6329,-2.0552,21156414#1,-87.1491,-5.0000,100.0000,default,20,rsu(502m),3775,162671,0.0180,502,1.8558,2,2,-87.1491,-104.1388,direct,0.1000,46.8000,-78.2263
540.2,node[20],5,5529.5480,4322.1758,1.8950,14.6143,-0.2118,-2.0552,21156414#1,-74.9971,1.9067,100.0000,default,20,rsu(502m),3776,162731,0.3666,502,1.8633,5,8,-74.9971,-91.9868,direct,0.1000,46.8000,-78.5755
540.3,node[20],5,5528.8672,4323.4697,1.8950,14.6211,0.0681,-2.0552,21156414#1,-76.3471,0.1170,100.0000,default,20,rsu(503m),3777,162791,0.1913,503,1.8657,4,6,-76.3471,-93.3368,direct,0.1000,48.0000,-78.9027
540.4,node[20],5,5528.1844,4324.7673,1.8950,14.6619,0.4079,-2.0552,21156414#1,-85.7805,-5.0000,100.0000,default,20,rsu(503m),3778,162851,0.0180,503,1.8577,2,2,-85.7805,-102.7702,direct,0.1000,48.0000,-79.2100
540.5,node[20],5,5527.5038,4326.0608,1.8950,14.6163,-0.4568,-2.0552,21156414#1,-81.9429,-4.1337,100.0000,default,20,rsu(503m),3779,162913,0.0275,503,1.8565,2,2,-81.9429,-98.9326,direct,0.1000,48.8000,-79.4970
540.6,node[20],5,5526.8244,4327.3520,1.8950,14.5903,-0.2598,-2.0552,21156414#1,-82.1999,-5.0000,100.0000,default,20,rsu(503m),3780,162970,0.0180,503,1.8708,2,2,-82.1999,-99.1896,direct,0.1000,48.8000,-79.7668
540.7,node[20],5,5526.1448,4328.6436,1.8950,14.5947,0.0445,-2.0552,21156414#1,-89.2043,-5.0000,100.0000,default,21,rsu(503m),3781,163029,0.0180,503,1.8282,2,2,-89.2043,-106.1940,direct,0.1000,46.4000,-79.9980
540.8,node[20],5,5525.4664,4329.9328,1.8950,14.5674,-0.2738,-2.0552,21156414#1,-76.2503,2.1409,100.0000,default,21,rsu(504m),3782,163089,0.3942,504,1.8677,5,8,-76.2503,-93.2400,direct,0.1000,46.4000,-80.2354
540.9,node[20],5,5524.7879,4331.2223,1.8950,14.5706,0.0324,-2.0552,21156414#1,-87.6663,-5.0000,100.0000,default,21,rsu(504m),3783,163149,0.0180,504,1.8652,2,2,-87.6663,-104.6560,direct,0.1000,48.0000,-80.4600
541,node[20],5,5524.1042,4332.5218,1.8950,14.6834,1.1282,-2.0552,21156414#1,-81.2891,-5.0000,100.0000,default,21,rsu(504m),3784,163208,0.0180,504,1.8763,2,2,-81.2891,-98.2788,direct,0.1000,48.0000,-80.6719
541.1,node[20],5,5523.4207,4333.8208,1.8950,14.6780,-0.0539,-2.0552,21156414#1,-81.6265,-5.0000,100.0000,default,21,rsu(504m),3785,163269,0.0180,504,1.8531,2,2,-81.6265,-98.6162,direct,0.1000,48.0000,-80.8714
541.2,node[20],5,5522.7406,4335.1132,1.8950,14.6044,-0.7358,-2.0552,21156414#1,-80.6296,-2.3000,100.0000,default,21,rsu(504m),3786,163329,0.0660,504,1.8416,3,4,-80.6296,-97.6193,direct,0.1000,48.0000,-81.0598
541.3,node[20],5,5522.0587,4336.4092,1.8950,14.6437,0.3929,-2.0552,21156414#1,-77.6980,-2.3334,100.0000,default,21,rsu(505m),3787,163387,0.0650,505,1.8507,3,4,-77.6980,-94.6877,direct,0.1000,47.2000,-81.2377
541.4,node[20],5,5521.3751,4337.7083,1.8950,14.6799,0.3612,-2.0552,21156414#1,-84.4409,-5.0000,100.0000,default,21,rsu(505m),3788,163447,0.0180,505,1.8296,2,2,-84.4409,-101.4306,direct,0.1000,47.2000,-81.4077
541.5,node[20],5,5520.6924,4339.0058,1.8950,14.6611,-0.1873,-2.0552,21156414#1,-76.6946,1.1931,100.0000,default,21,rsu(505m),3789,163507,0.2883,505,1.8669,5,8,-76.6946,-93.6843,direct,0.1000,48.0000,-81.5680
541.6,node[20],5,5520.0114,4340.3001,1.8950,14.6243,-0.3686,-2.0552,21156414#1,-79.5682,-3.1633,100.0000,default,21,rsu(505m),3790,163567,0.0439,505,1.8638,2,2,-79.5682,-96.5579,direct,0.1000,48.0000,-81.7203
541.7,node[20],5,5519.3289,4341.5970,1.8950,14.6550,0.3078,-2.0552,21156414#1,-80.7156,-3.0575,100.0000,default,21,rsu(506m),3791,163628,0.0461,506,1.8553,2,2,-80.7156,-97.7053,direct,0.1000,48.4000,-81.8651
541.8,node[20],5,5518.6458,4342.8953,1.8950,14.6707,0.1568,-2.0552,21156414#1,-77.4655,-3.1872,100.0000,default,21,rsu(506m),3792,163688,0.0434,506,1.8699,2,2,-77.4655,-94.4552,direct,0.1000,48.4000,-82.0027
541.9,node[20],5,5517.9630,4344.1929,1.8950,14.6616,-0.0909,-2.0552,21156414#1,-78.9500,-3.5022,100.0000,default,21,rsu(506m),3793,163749,0.0373,506,1.8281,2,2,-78.9500,-95.9397,direct,0.1000,48.4000,-82.1328
542,node[20],5,5517.2845,4345.4825,1.8950,14.5717,-0.8992,-2.0552,21156414#1,-85.3848,-5.0000,100.0000,default,21,rsu(506m),3794,163810,0.0180,506,1.8425,2,2,-85.3848,-102.3745,direct,0.1000,48.4000,-82.2566
542.1,node[20],5,5516.6032,4346.7773,1.8950,14.6315,0.5981,-2.0552,21156414#1,-77.7530,1.3578,100.0000,default,21,rsu(507m),3795,163869,0.3055,507,1.8417,5,8,-77.7530,-94.7427,direct,0.1000,48.0000,-82.3745
542.2,node[20],5,5515.9248,4348.0665,1.8950,14.5674,-0.6410,-2.0552,21156414#1,-77.3260,-2.2812,100.0000,default,21,rsu(507m),3796,163930,0.0666,507,1.8735,3,4,-77.3260,-94.3157,direct,0.1000,48.0000,-82.4867
542.3,node[20],5,5515.2463,4349.3560,1.8950,14.5700,0.0260,-2.0552,21156414#1,-81.8420,-4.3423,100.0000,default,21,rsu(507m),3797,163988,0.0248,507,6.9672,2,2,-81.8420,-98.8317,direct,0.0500,47.6000,-82.5938
542.4,node[20],5,5514.5651,4350.6506,1.8950,14.6288,0.5878,-2.0552,21156414#1,-81.7566,-3.2711,100.0000,default,21,rsu(507m),3798,164048,0.0417,507,1.8331,2,2,-81.7566,-98.7463,direct,0.1000,47.6000,-82.6959
542.5,node[20],5,5513.8853,4351.9425,1.8950,14.5982,-0.3061,-2.0552,21156414#1,-83.8054,-5.0000,100.0000,default,21,rsu(508m),3799,164107,0.0180,508,1.8759,2,2,-83.8054,-100.7951,direct,0.1000,47.6000,-82.7933
542.6,node[20],5,5513.2044,4353.2366,1.8950,14.6225,0.2428,-2.0552,21156414#1,-77.7757,-0.7128,100.0000,default,21,rsu(508m),3800,164167,0.1351,508,1.8609,4,6,-77.7757,-94.7654,direct,0.1000,47.6000,-82.8866
542.7,node[20],5,5512.5205,4354.5364,1.8950,14.6875,0.6501,-2.0552,21156414#1,-86.1635,-5.0000,100.0000,default,21,rsu(508m),3801,164227,0.0180,508,1.8413,2,2,-86.1635,-103.1532,direct,0.1000,48.0000,-82.9760
542.8,node[20],5,5511.8419,4355.8261,1.8950,14.5734,-1.1412,-2.0552,21156414#1,-84.0274,-5.0000,100.0000,default,21,rsu(509m),3802,164286,0.0180,509,1.8471,2,2,-84.0274,-101.0171,direct,0.1000,48.0000,-83.0607
542.9,node[20],5,5511.1601,4357.1218,1.8950,14.6402,0.6686,-2.0552,21156414#1,-81.4594,-5.0000,100.0000,default,21,rsu(509m),3803,164344,0.0180,509,1.8566,2,2,-81.4594,-98.4491,direct,0.1000,46.8000,-83.1421
543,node[20],5,5510.4767,4358.4207,1.8950,14.6770,0.3673,-2.0552,21156414#1,-78.7722,0.0750,100.0000,default,21,rsu(509m),3804,164402,0.1881,509,1.8591,4,6,-78.7722,-95.7619,direct,0.1000,46.8000,-83.2199
543.1,node[20],5,5509.7974,4359.7117,1.8950,14.5879,-0.8910,-2.0552,21156414#1,-78.7633,-1.6162,100.0000,default,21,rsu(509m),3805,164460,0.0905,509,1.8665,3,4,-78.7633,-95.7530,direct,0.1000,46.4000,-83.2943
543.2,node[20],5,5509.1194,4361.0002,1.8950,14.5599,-0.2801,-2.0552,21156414#1,-78.6511,-2.0691,100.0000,default,21,rsu(510m),3806,164520,0.0735,510,1.8338,3,4,-78.6511,-95.6408,direct,0.1000,46.4000,-83.3652
543.3,node[20],5,5508.4378,4362.2955,1.8950,14.6366,0.7672,-2.0552,21156414#1,-83.9797,-5.0000,100.0000,default,21,rsu(510m),3807,164578,0.0180,510,1.8645,2,2,-83.9797,-100.9694,direct,0.1000,47.2000,-83.4334
543.4,node[20],5,5507.7594,4363.5849,1.8950,14.5691,-0.6744,-2.0552,21156414#1,-78.7094,-0.2796,100.0000,default,21,rsu(510m),3808,164635,0.1625,510,1.8444,4,6,-78.7094,-95.6991,direct,0.1000,47.2000,-83.4986
543.5,node[20],5,5507.0779,4364.8800,1.8950,14.6349,0.6578,-2.0552,21156414#1,-83.3891,-5.0000,100.0000,default,21,rsu(511m),3809,164696,0.0180,511,1.8406,2,2,-83.3891,-100.3788,direct,0.1000,47.2000,-83.5614
543.6,node[20],5,5506.3970,4366.1740,1.8950,14.6210,-0.1387,-2.0552,21156414#1,-88.5472,-5.0000,100.0000,default,21,rsu(511m),3810,164755,0.0180,511,1.8732,2,2,-88.5472,-105.5369,direct,0.1000,47.2000,-83.6215
543.7,node[20],5,5505.7140,4367.4721,1.8950,14.6678,0.4672,-2.0552,21156414#1,-78.4996,0.3693,100.0000,default,21,rsu(511m),3811,164814,0.2116,511,1.8509,4,6,-78.4996,-95.4893,direct,0.1000,47.2000,-83.6793
543.8,node[20],5,5505.0318,4368.7686,1.8950,14.6497,-0.1802,-2.0552,21156414#1,-79.1264,-3.1531,100.0000,default,21,rsu(512m),3812,164875,0.0441,512,1.8360,2,2,-79.1264,-96.1161,direct,0.1000,47.2000,-83.7346
543.9,node[20],5,5504.3484,4370.0674,1.8950,14.6763,0.2654,-2.0552,21156414#1,-80.7844,-4.3619,100.0000,default,21,rsu(512m),3813,164934,0.0246,512,1.8414,2,2,-80.7844,-97.7741,direct,0.1000,48.0000,-83.7879
544,node[20],5,5503.6675,4371.3615,1.8950,14.6226,-0.5364,-2.0552,21156414#1,-77.8950,-3.9586,100.0000,default,21,rsu(512m),3814,164995,0.0299,512,1.8308,2,2,-77.8950,-94.8847,direct,0.1000,48.0000,-83.8389
544.1,node[20],5,5502.9836,4372.6611,1.8950,14.6854,0.6280,-2.0552,21156414#1,-78.1211,0.0783,100.0000,default,21,rsu(513m),3815,165054,0.1883,513,1.8291,4,6,-78.1211,-95.1108,direct,0.1000,48.0000,-83.8882
544.2,node[20],5,5502.3037,4373.9533,1.8950,14.6014,-0.8406,-2.0552,21156414#1,-77.9295,-1.2077,100.0000,default,21,rsu(513m),3816,165114,0.1087,513,1.8556,3,4,-77.9295,-94.9192,direct,0.1000,48.0000,-83.9355
544.3,node[20],5,5501.6223,4375.2482,1.8950,14.6321,0.3067,-2.0552,21156414#1,-86.1818,-5.0000,100.0000,default,21,rsu(513m),3817,165174,0.0180,513,1.8454,2,2,-86.1818,-103.1715,direct,0.1000,48.0000,-83.9810
544.4,node[20],5,5500.9610,4376.5052,1.8950,14.2027,-4.2938,-2.0552,21156414#1,-73.7821,0.2368,100.0000,default,21,rsu(514m),3818,165235,0.2008,514,1.8728,4,6,-73.7821,-90.7718,direct,0.1000,48.0000,-84.0241
544.5,node[20],5,5500.3205,4377.7222,1.8950,13.7527,-4.5000,-2.0552,21156414#1,-82.1030,-4.7756,100.0000,default,21,rsu(514m),3819,165294,0.0201,514,1.8689,2,2,-82.1030,-99.0927,direct,0.1000,48.0000,-84.0649
544.6,node[20],5,5499.6977,4378.9059,1.8950,13.3749,-3.7773,-2.0552,21156414#1,-81.7986,-5.0000,100.0000,default,21,rsu(514m),3820,165353,0.0180,514,1.8646,2,2,-81.7986,-98.7883,direct,0.1000,48.0000,-84.1036
544.7,node[20],5,5499.0959,4380.0498,1.8950,12.9249,-4.5000,-2.0552,21156414#1,-75.6339,1.5591,100.0000,default,21,rsu(513m),3821,165414,0.3273,513,1.8437,5,8,-75.6339,-92.6236,direct,0.1000,48.0000,-84.1405
544.8,node[20],5,5498.5149,4381.1538,1.8950,12.4749,-4.5000,-2.0552,21156414#1,-78.1245,-1.8273,100.0000,default,21,rsu(512m),3822,165473,0.0821,512,1.8640,3,4,-78.1245,-95.1142,direct,0.1000,48.0000,-84.1756
544.9,node[20],5,5497.9543,4382.2193,1.8950,12.0405,-4.3444,-2.0552,21156414#1,-75.5834,1.0650,100.0000,default,21,rsu(511m),3823,165530,0.2754,511,1.8644,5,8,-75.5834,-92.5731,direct,0.1000,46.4000,-84.2089
545,node[20],5,5497.4145,4383.2451,1.8950,11.5905,-4.5000,-2.0552,21156414#1,-82.0003,-5.0000,100.0000,default,21,rsu(510m),3824,165589,0.0180,510,1.8751,2,2,-82.0003,-98.9900,direct,0.1000,46.4000,-84.2406
545.1,node[20],5,5496.8958,4384.2310,1.8950,11.1405,-4.5000,-2.0552,21156414#1,-79.6235,-1.6619,100.0000,default,21,rsu(510m),3825,165648,0.0886,510,1.8319,3,4,-79.6235,-96.6132,direct,0.1000,47.2000,-84.2709
545.2,node[20],5,5496.3979,4385.1771,1.8950,10.6905,-4.5000,-2.0552,21156414#1,-83.1744,-5.0000,100.0000,default,21,rsu(509m),3826,165706,0.0180,509,1.8574,2,2,-83.1744,-100.1641,direct,0.1000,47.2000,-84.2998
545.3,node[20],5,5495.9211,4386.0834,1.8950,10.2405,-4.5000,-2.0552,21156414#1,-80.3883,-4.3411,100.0000,default,21,rsu(508m),3827,165766,0.0248,508,1.8313,2,2,-80.3883,-97.3780,direct,0.1000,47.2000,-84.3273
545.4,node[20],5,5495.4652,4386.9498,1.8950,9.7905,-4.5000,-2.0552,21156414#1,-76.1004,2.4467,100.0000,default,21,rsu(508m),3828,165826,0.4313,508,1.8545,5,8,-76.1004,-93.0901,direct,0.1000,47.2000,-84.3535
545.5,node[20],5,5495.0302,4387.7764,1.8950,9.3405,-4.5000,-2.0552,21156414#1,-80.3776,-3.1740,100.0000,default,21,rsu(507m),3829,165885,0.0436,507,1.8615,2,2,-80.3776,-97.3673,direct,0.1000,47.6000,-84.3785
545.6,node[20],5,5494.6145,4388.5665,1.8950,8.9269,-4.1358,-2.0552,21156414#1,-94.0680,-5.0000,100.0000,default,21,rsu(507m),3830,165945,0.0180,507,1.8435,2,2,-94.0680,-111.0577,direct,0.1000,47.6000,-84.4025
545.7,node[20],5,5494.2198,4389.3167,1.8950,8.4769,-4.5000,-2.0552,21156414#1,-79.2927,-3.2082,100.0000,default,21,rsu(506m),3831,166003,0.0429,506,1.8769,2,2,-79.2927,-96.2824,direct,0.1000,47.2000,-84.4254
545.8,node[20],5,5493.8460,4390.0270,1.8950,8.0269,-4.5000,-2.0552,21156414#1,-77.3631,0.1556,100.0000,default,21,rsu(505m),3832,166061,0.1943,505,1.8340,4,6,-77.3631,-94.3528,direct,0.1000,47.2000,-84.4472
545.9,node[20],5,5493.4932,4390.6976,1.8950,7.5769,-4.5000,-2.0552,21156414#1,-82.8472,-5.0000,100.0000,default,21,rsu(505m),3833,166118,0.0180,505,1.8293,2,2,-82.8472,-99.8369,direct,0.1000,46.0000,-84.4682
546,node[20],5,5493.1613,4391.3283,1.8950,7.1269,-4.5000,-2.0552,21156414#1,-74.7329,4.6444,100.0000,default,21,rsu(504m),3834,166177,0.6947,504,1.8504,6,10,-74.7329,-91.7226,direct,0.1000,46.0000,-84.4883
546.1,node[20],5,5492.8504,4391.9192,1.8950,6.6769,-4.5000,-2.0552,21156414#1,-78.6761,-1.6591,100.0000,default,21,rsu(504m),3835,166235,0.0887,504,1.8655,3,4,-78.6761,-95.6658,direct,0.1000,46.8000,-84.5076
546.2,node[20],5,5492.5604,4392.4703,1.8950,6.2269,-4.5000,-2.0552,21156414#1,-82.3053,-3.0094,100.0000,default,21,rsu(504m),3836,166295,0.0472,504,1.8322,2,2,-82.3053,-99.2950,direct,0.1000,46.8000,-84.5261
546.3,node[20],5,5492.2583,4393.0444,1.8950,6.4869,2.6000,-2.0552,21156414#1,-75.1416,2.6447,100.0000,default,21,rsu(503m),3837,166353,0.4557,503,1.8345,5,8,-75.1416,-92.1313,direct,0.1000,47.2000,-84.5445
546.4,node[20],5,5491.9442,4393.6415,1.8950,6.7469,2.6000,-2.0552,21156414#1,-84.1107,-5.0000,100.0000,default,21,rsu(503m),3838,166413,0.0180,503,1.8769,2,2,-84.1107,-101.1004,direct,0.1000,47.2000,-84.5629
546.5,node[20],5,5491.6179,4394.2616,1.8950,7.0069,2.6000,-2.0552,21156414#1,-77.5109,-2.0074,100.0000,default,21,rsu(502m),3839,166473,0.0756,502,1.8764,3,4,-77.5109,-94.5006,direct,0.1000,48.0000,-84.5813
546.6,node[20],5,5491.2795,4394.9047,1.8950,7.2669,2.6000,-2.0552,21156414#1,-87.1202,-5.0000,100.0000,default,21,rsu(502m),3840,166533,0.0180,502,1.8564,2,2,-87.1202,-104.1099,direct,0.1000,48.0000,-84.5995
546.7,node[20],5,5490.9290,4395.5708,1.8950,7.5269,2.6000,-2.0552,21156414#1,-77.1640,-2.6834,100.0000,default,21,rsu(501m),3841,166593,0.0551,501,1.8306,3,4,-77.1640,-94.1537,direct,0.1000,48.0000,-84.6175
546.8,node[20],5,5490.5905,4396.2587,1.8950,7.6788,1.5185,-2.0510,:227555802_1,-98.0862,-5.0000,100.0000,default,21,rsu(501m),3842,166652,0.0180,501,1.8696,2,2,-98.0862,-115.0759,direct,0.1000,48.0000,-84.6353
546.9,node[20],5,5490.3239,4397.0056,1.8950,7.9347,2.5592,-2.0286,:227555802_1,-85.2853,-5.0000,100.0000,default,21,rsu(501m),3843,166712,0.0180,501,1.8538,2,2,-85.2853,-102.2750,direct,0.1000,47.6000,-84.6528
547,node[20],5,5490.0526,4397.7657,1.8950,8.0751,1.4043,-2.0057,:227555802_1,-91.5822,-5.0000,100.0000,default,21,rsu(500m),3844,166770,0.0180,500,1.8648,2,2,-91.5822,-108.5719,direct,0.1000,47.6000,-84.6703
547.1,node[20],5,5489.7745,4398.5448,1.8950,8.2758,2.0074,-1.9823,:227555802_1,-77.6356,0.5795,100.0000,default,21,rsu(500m),3845,166830,0.2297,500,1.8653,4,6,-77.6356,-94.6253,direct,0.1000,47.2000,-84.6876
547.2,node[20],5,5489.4917,4399.3371,1.8950,8.4165,1.4065,-1.9584,:227555802_1,-80.8196,-3.8248,100.0000,default,21,rsu(499m),3846,166889,0.0319,499,1.8448,2,2,-80.8196,-97.8093,direct,0.1000,47.2000,-84.7048
547.3,node[20],5,5489.3988,4400.1839,1.8950,8.6686,2.5206,-1.8942,:227555802_1,-80.3456,-4.2692,100.0000,default,21,rsu(499m),3847,166949,0.0257,499,1.8468,2,2,-80.3456,-97.3353,direct,0.1000,47.6000,-84.7212
547.4,node[20],5,5489.4293,4401.0535,1.8950,8.7061,0.3750,-1.8082,:227555802_1,-79.3033,-1.9458,100.0000,default,21,rsu(499m),3848,167008,0.0778,499,1.8280,3,4,-79.3033,-96.2930,direct,0.1000,47.6000,-84.7372
547.5,node[20],5,5489.4600,4401.9278,1.8950,8.7519,0.4581,-1.7415,:227555802_1,-76.1390,-0.9128,100.0000,default,21,rsu(499m),3849,167066,0.1239,499,1.8459,4,6,-76.1390,-93.1287,direct,0.1000,46.8000,-84.7531
547.6,node[20],5,5489.4996,4402.7978,1.8950,8.7340,-0.1789,-1.6729,:227555802_1,-77.6902,-0.7798,100.0000,default,21,rsu(499m),3850,167126,0.1313,499,1.8302,4,6,-77.6902,-94.6799,direct,0.1000,46.8000,-84.7686
547.7,node[20],5,5489.9193,4403.5724,1.8950,8.8139,0.7987,-1.5263,:227555802_1,-82.7857,-5.0000,100.0000,default,21,rsu(499m),3851,167187,0.0180,499,1.8485,2,2,-82.7857,-99.7754,direct,0.1000,48.4000,-84.7820
547.8,node[20],5,5490.3397,4404.3482,1.8950,8.8283,0.1442,-1.3780,:227555802_1,-82.2544,-5.0000,100.0000,default,21,rsu(499m),3852,167247,0.0180,499,1.8381,2,2,-82.2544,-99.2441,direct,0.1000,48.4000,-84.7955
547.9,node[20],5,5490.7551,4405.1150,1.8950,8.7254,-1.0289,-1.2902,:227555802_1,-83.7916,-5.0000,100.0000,default,21,rsu(499m),3853,167308,0.0180,499,1.8671,2,2,-83.7916,-100.7813,direct,0.1000,48.4000,-84.8088
548,node[20],5,5491.2884,4405.7836,1.8950,8.7173,-0.0808,-1.1786,:227555802_1,-78.9605,-1.9829,100.0000,default,21,rsu(500m),3854,167368,0.0765,500,1.8656,3,4,-78.9605,-95.9502,direct,0.1000,48.4000,-84.8212
548.1,node[20],5,5491.9608,4406.3365,1.8950,8.7088,-0.0853,-1.0307,:227555802_1,-83.5538,-5.0000,100.0000,default,21,rsu(500m),3855,167430,0.0180,500,1.8451,2,2,-83.5538,-100.5435,direct,0.1000,48.8000,-84.8322
548.2,node[20],5,5492.6424,4406.8970,1.8950,8.8284,1.1965,-0.9083,:227555802_1,-77.5177,-0.8299,100.0000,default,21,rsu(501m),3856,167491,0.1284,501,1.8379,4,6,-77.5177,-94.5074,direct,0.1000,48.8000,-84.8432
548.3,node[20],5,5493.3190,4407.4534,1.8950,8.7645,-0.6397,-0.8398,:227555802_1,-79.4091,-0.3956,100.0000,default,21,rsu(501m),3857,167550,0.1548,501,1.8449,4,6,-79.4091,-96.3988,direct,0.1000,48.0000,-84.8542
548.4,node[20],5,5494.0072,4407.9858,1.8950,8.7189,-0.4554,-0.7669,-21150305#2,-78.8500,-2.1030,100.0000,default,21,rsu(502m),3858,167609,0.0723,502,1.8422,3,4,-78.8500,-95.8397,direct,0.1000,48.0000,-84.8649
548.5,node[20],5,5494.7719,4408.4516,1.8950,8.9542,2.3526,-0.6730,-21150305#2,-78.7410,-0.5456,100.0000,default,21,rsu(503m),3859,167669,0.1452,503,1.8702,4,6,-78.7410,-95.7307,direct,0.1000,47.6000,-84.8748
548.6,node[20],5,5495.5518,4408.9267,1.8950,9.1320,1.7784,-0.6320,-21150305#2,-83.0973,-5.0000,100.0000,default,19,rsu(503m),3860,167728,0.0180,503,1.8457,2,2,-83.0973,-100.0870,direct,0.1000,47.6000,-85.0258
548.7,node[20],5,5496.3453,4409.4101,1.8950,9.2914,1.5939,-0.6057,-21150305#2,-79.1739,-0.9427,100.0000,default,19,rsu(504m),3861,167789,0.1222,504,1.8739,4,6,-79.1739,-96.1637,direct,0.1000,48.0000,-85.0360
548.8,node[20],5,5497.1542,4409.9029,1.8950,9.4723,1.8084,-0.5790,-21150305#2,-80.4036,-3.1957,100.0000,default,19,rsu(505m),3862,167850,0.0432,505,1.8708,2,2,-80.4036,-97.3933,direct,0.1000,48.0000,-85.0462
548.9,node[20],5,5497.9746,4410.4027,1.8950,9.6064,1.3413,-0.5519,-21150305#2,-83.0439,-5.0000,100.0000,default,19,rsu(505m),3863,167910,0.0180,505,1.8582,2,2,-83.0439,-100.0336,direct,0.1000,48.4000,-85.0562
549,node[20],5,5498.8073,4410.9100,1.8950,9.7506,1.4421,-0.5472,-21150305#2,-76.7811,1.8276,100.0000,default,19,rsu(506m),3864,167972,0.3575,506,1.8412,5,8,-76.7811,-93.7708,direct,0.1000,48.4000,-85.0662
549.1,node[20],5,5499.6614,4411.4303,1.8950,10.0003,2.4971,-0.5472,-21150305#2,-77.7391,-1.7185,100.0000,default,19,rsu(507m),3865,168033,0.0863,507,1.8717,3,4,-77.7391,-94.7288,direct,0.1000,49.2000,-85.0762
549.2,node[20],5,5500.5274,4411.9579,1.8950,10.1407,1.4042,-0.5472,-21150305#2,-87.1006,-5.0000,100.0000,default,19,rsu(507m),3866,168094,0.0180,507,1.8310,2,2,-87.1006,-104.0903,direct,0.1000,49.2000,-85.0862
549.3,node[20],5,5501.4120,4412.4968,1.8950,10.3589,2.1820,-0.5472,-21150305#2,-79.7207,-1.6732,100.0000,default,19,rsu(506m),3867,168154,0.0881,506,1.8476,3,4,-79.7207,-96.7104,direct,0.1000,48.4000,-85.0961
549.4,node[20],5,5502.3181,4413.0487,1.8950,10.6091,2.5019,-0.5472,-21150305#2,-73.7493,3.7838,100.0000,default,19,rsu(505m),3868,168213,0.5967,505,1.8451,6,10,-73.7493,-90.7390,direct,0.1000,48.4000,-85.1059
549.5,node[20],5,5503.2391,4413.6098,1.8950,10.7848,1.7565,-0.5472,-21150305#2,-74.8263,3.6778,100.0000,default,19,rsu(504m),3869,168272,0.5839,504,1.8505,6,10,-74.8263,-91.8160,direct,0.1000,47.2000,-85.1158
549.6,node[20],5,5504.1802,4414.1831,1.8950,11.0194,2.3464,-0.5472,-21150305#2,-81.5967,-2.8922,100.0000,default,19,rsu(503m),3870,168333,0.0499,503,1.8342,3,4,-81.5967,-98.5864,direct,0.1000,47.2000,-85.1254
549.7,node[20],5,5505.1414,4414.7687,1.8950,11.2554,2.3597,-0.5472,-21150305#2,-80.4691,-1.3681,100.0000,default,19,rsu(502m),3871,168394,0.1012,502,1.8673,3,4,-80.4691,-97.4588,direct,0.1000,48.8000,-85.1351
549.8,node[20],5,5506.1216,4415.3659,1.8950,11.4781,2.2270,-0.5472,-21150305#2,-81.8583,-4.8298,100.0000,default,19,rsu(501m),3872,168454,0.0196,501,1.8479,2,2,-81.8583,-98.8480,direct,0.1000,48.8000,-85.1448
549.9,node[20],5,5507.1146,4415.9708,1.8950,11.6276,1.4951,-0.5472,-21150305#2,-80.1587,-3.3949,100.0000,default,19,rsu(500m),3873,168515,0.0393,500,1.8303,2,2,-80.1587,-97.1484,direct,0.1000,48.4000,-85.1545
550,node[20],5,5508.1195,4416.5830,1.8950,11.7661,1.3849,-0.5472,-21150305#2,-81.2657,-5.0000,100.0000,default,19,rsu(498m),3874,168575,0.0180,498,1.8604,2,2,-81.2657,-98.2554,direct,0.1000,48.4000,-85.1641
550.1,node[20],5,5509.1393,4417.2042,1.8950,11.9418,1.7571,-0.5472,-21150305#2,-77.2289,-2.2325,100.0000,default,19,rsu(497m),3875,168635,0.0681,497,1.8725,3,4,-77.2289,-94.2186,direct,0.1000,48.0000,-85.1736
550.2,node[20],5,5510.1736,4417.8343,1.8950,12.1115,1.6972,-0.5472,-21150305#2,-80.1760,-2.8084,100.0000,default,19,rsu(496m),3876,168697,0.0519,496,1.8489,3,4,-80.1760,-97.1657,direct,0.1000,48.0000,-85.1830
550.3,node[20],5,5511.2264,4418.4757,1.8950,12.3277,2.1621,-0.5472,-21150305#2,-79.4553,-2.2603,100.0000,default,19,rsu(495m),3877,168758,0.0672,495,1.8658,3,4,-79.4553,-96.4450,direct,0.1000,49.2000,-85.1925
550.4,node[20],5,5512.2912,4419.1244,1.8950,12.4685,1.4078,-0.5472,-21150305#2,-78.1117,-3.3402,100.0000,default,19,rsu(494m),3878,168818,0.0403,494,1.8657,2,2,-78.1117,-95.1014,direct,0.1000,49.2000,-85.2020
550.5,node[20],5,5513.3770,4419.7858,1.8950,12.7134,2.4490,-0.5472,-21150305#2,-78.4203,0.2157,100.0000,default,19,rsu(493m),3879,168879,0.1991,493,1.8490,4,6,-78.4203,-95.4100,direct,0.1000,48.4000,-85.2112
550.6,node[20],5,5514.4788,4420.4571,1.8950,12.9017,1.8831,-0.5472,-21150305#2,-80.7943,-4.4929,100.0000,default,19,rsu(491m),3880,168941,0.0231,491,1.8500,2,2,-80.7943,-97.7840,direct,0.1000,48.4000,-85.2205
550.7,node[20],5,5515.5976,4421.1386,1.8950,13.1005,1.9880,-0.5472,-21150305#2,-75.4841,1.4507,100.0000,default,19,rsu(490m),3881,169001,0.3155,490,1.8697,5,8,-75.4841,-92.4738,direct,0.1000,48.8000,-85.2295
550.8,node[20],5,5516.7345,4421.8313,1.8950,13.3133,2.1277,-0.5472,-21150305#2,-78.3724,-4.0085,100.0000,default,19,rsu(489m),3882,169062,0.0292,489,1.8577,2,2,-78.3724,-95.3621,direct,0.1000,48.8000,-85.2385
550.9,node[20],5,5517.8912,4422.5359,1.8950,13.5437,2.3046,-0.5472,-21150305#2,-87.0044,-5.0000,100.0000,default,19,rsu(488m),3883,169120,0.0180,488,1.8610,2,2,-87.0044,-103.9941,direct,0.1000,47.6000,-85.2474
551,node[20],5,5519.0634,4423.2500,1.8950,13.7258,1.8201,-0.5472,-21150305#2,-84.7653,-5.0000,100.0000,default,19,rsu(487m),3884,169180,0.0180,487,1.8640,2,2,-84.7653,-101.7550,direct,0.1000,47.6000,-85.2563
551.1,node[20],5,5520.2470,4423.9711,1.8950,13.8597,1.3398,-0.5472,-21150305#2,-84.7613,-5.0000,100.0000,default,19,rsu(485m),3885,169239,0.0180,485,1.8682,2,2,-84.7613,-101.7510,direct,0.1000,47.6000,-85.2652
551.2,node[20],5,5521.4526,4424.7055,1.8950,14.1167,2.5700,-0.5472,-21150305#2,-76.7977,0.7501,100.0000,default,19,rsu(484m),3886,169296,0.2451,484,1.8587,4,6,-76.7977,-93.7874,direct,0.1000,47.6000,-85.2740
551.3,node[20],5,5522.6774,4425.4517,1.8950,14.3422,2.2543,-0.5472,-21150305#2,-89.1549,-5.0000,100.0000,default,19,rsu(483m),3887,169355,0.0180,483,1.8655,2,2,-89.1549,-106.1446,direct,0.1000,46.4000,-85.2823
551.4,node[20],5,5523.9147,4426.2054,1.8950,14.4879,1.4575,-0.5472,-21150305#2,-76.2173,1.3156,100.0000,default,19,rsu(481m),3888,169414,0.3011,481,1.8451,5,8,-76.2173,-93.2070,direct,0.1000,46.4000,-85.2903
551.5,node[20],5,5525.1659,4426.9677,1.8950,14.6514,1.6345,-0.5472,-21150305#2,-74.7541,-0.0871,100.0000,default,19,rsu(480m),3889,169473,0.1760,480,1.8369,4,6,-74.7541,-91.7438,direct,0.1000,47.2000,-85.2984
551.6,node[20],5,5526.4190,4427.7310,1.8950,14.6729,0.2150,-0.5472,-21150305#2,-78.2070,-1.3267,100.0000,default,19,rsu(479m),3890,169534,0.1031,479,1.8747,3,4,-78.2070,-95.1967,direct,0.1000,47.2000,-85.3064
551.7,node[20],5,5527.6655,4428.4904,1.8950,14.5960,-0.7686,-0.5472,-21150305#2,-83.3787,-5.0000,100.0000,default,19,rsu(477m),3891,169592,0.0180,477,1.8746,2,2,-83.3787,-100.3684,direct,0.1000,47.6000,-85.3143
551.8,node[20],5,5528.9187,4429.2538,1.8950,14.6737,0.7772,-0.5472,-21150305#2,-87.7480,-5.0000,100.0000,default,19,rsu(476m),3892,169650,0.0180,476,1.8480,2,2,-87.7480,-104.7377,direct,0.1000,47.6000,-85.3222
551.9,node[20],5,5530.1686,4430.0153,1.8950,14.6358,-0.3787,-0.5472,-21150305#2,-80.1722,-3.6976,100.0000,default,19,rsu(475m),3893,169708,0.0339,475,1.8374,2,2,-80.1722,-97.1619,direct,0.1000,46.4000,-85.3300
552,node[20],5,5531.4221,4430.7789,1.8950,14.6779,0.4206,-0.5472,-21150305#2,-75.7920,3.0022,100.0000,default,19,rsu(473m),3894,169768,0.5003,473,1.8658,6,10,-75.7920,-92.7817,direct,0.1000,46.4000,-85.3377
552.1,node[20],5,5532.6692,4431.5386,1.8950,14.6027,-0.7521,-0.5472,-21150305#2,-78.8414,-0.6355,100.0000,default,19,rsu(472m),3895,169831,0.1397,472,1.8659,4,6,-78.8414,-95.8311,direct,0.1000,49.2000,-85.3452
552.2,node[20],5,5533.9195,4432.3004,1.8950,14.6414,0.3870,-0.5472,-21150305#2,-81.4741,-3.8945,100.0000,default,19,rsu(470m),3896,169891,0.0309,470,1.8374,2,2,-81.4741,-98.4638,direct,0.1000,49.2000,-85.3528
552.3,node[20],5,5535.1672,4433.0604,1.8950,14.6093,-0.3205,-0.5472,-21150305#2,-82.5383,-5.0000,100.0000,default,19,rsu(469m),3897,169949,0.0180,469,1.8603,2,2,-82.5383,-99.5280,direct,0.1000,47.2000,-85.3604
552.4,node[20],5,5536.4214,4433.8245,1.8950,14.6861,0.7680,-0.5472,-21150305#2,-77.0649,-1.0085,100.0000,default,19,rsu(468m),3898,170009,0.1188,468,1.8359,3,4,-77.0649,-94.0546,direct,0.1000,47.2000,-85.3679
552.5,node[20],5,5537.6712,4434.5859,1.8950,14.6347,-0.5148,-0.5472,-21150305#2,-84.3978,-5.0000,100.0000,default,19,rsu(466m),3899,170069,0.0180,466,1.8586,2,2,-84.3978,-101.3875,direct,0.1000,48.0000,-85.3753
552.6,node[20],5,5538.9157,4435.3440,1.8950,14.5721,-0.6259,-0.5472,-21150305#2,-73.9019,3.0772,100.0000,default,19,rsu(465m),3900,170129,0.5097,465,1.8355,6,10,-73.9019,-90.8916,direct,0.1000,48.0000,-85.3826
552.7,node[20],5,5540.1696,4436.1079,1.8950,14.6832,1.1109,-0.5472,-21150305#2,-76.0810,1.3269,100.0000,default,19,rsu(464m),3901,170188,0.3023,464,1.8643,5,8,-76.0810,-93.0707,direct,0.1000,47.6000,-85.3897
552.8,node[20],5,5541.4155,4436.8669,1.8950,14.5890,-0.9415,-0.5472,-21150305#2,-81.6102,-5.0000,100.0000,default,19,rsu(462m),3902,170251,0.0180,462,1.8653,2,2,-81.6102,-98.5999,direct,0.1000,47.6000,-85.3969
552.9,node[20],5,5542.6682,4437.6301,1.8950,14.6684,0.7941,-0.5472,-21150305#2,-77.6564,-2.6761,100.0000,default,19,rsu(461m),3903,170312,0.0553,461,1.8305,3,4,-77.6564,-94.6461,direct,0.1000,49.6000,-85.4040
553,node[20],5,5543.9141,4438.3890,1.8950,14.5881,-0.8036,-0.5472,-21150305#2,-77.8577,-2.9843,100.0000,default,19,rsu(460m),3904,170374,0.0478,460,1.8569,3,4,-77.8577,-94.8474,direct,0.1000,49.6000,-85.4111
553.1,node[20],5,5545.1622,4439.1494,1.8950,14.6150,0.2693,-0.5472,-21150305#2,-85.8748,-5.0000,100.0000,default,19,rsu(458m),3905,170433,0.0180,458,1.8651,2,2,-85.8748,-102.8645,direct,0.1000,48.4000,-85.4181
553.2,node[20],5,5546.4069,4439.9077,1.8950,14.5749,-0.4009,-0.5472,-21150305#2,-101.6272,-5.0000,100.0000,default,19,rsu(457m),3906,170494,0.0180,457,1.8418,2,2,-101.6272,-118.6169,direct,0.1000,48.4000,-85.4250
553.3,node[20],5,5547.6546,4440.6677,1.8950,14.6093,0.3438,-0.5472,-21150305#2,-77.4853,-0.3654,100.0000,default,19,rsu(456m),3907,170554,0.1567,456,1.8641,4,6,-77.4853,-94.4750,direct,0.1000,48.4000,-85.4319
553.4,node[20],5,5548.9064,4441.4303,1.8950,14.6581,0.4878,-0.5472,-21150305#2,-74.6363,1.2488,100.0000,default,19,rsu(454m),3908,170616,0.2941,454,1.8447,5,8,-74.6363,-91.6260,direct,0.1000,48.4000,-85.4387
553.5,node[20],5,5550.1557,4442.1914,1.8950,14.6287,-0.2938,-0.5472,-21150305#2,-77.7291,1.6487,100.0000,default,19,rsu(453m),3909,170676,0.3372,453,1.8591,5,8,-77.7291,-94.7188,direct,0.1000,48.8000,-85.4454
553.6,node[20],5,5551.3995,4442.9491,1.8950,14.5641,-0.6465,-0.5472,-21150305#2,-83.7814,-5.0000,100.0000,default,19,rsu(452m),3910,170735,0.0180,452,1.8473,2,2,-83.7814,-100.7711,direct,0.1000,48.8000,-85.4521
553.7,node[20],5,5552.6472,4443.7093,1.8950,14.6106,0.4654,-0.5472,-21150305#2,-79.7494,-1.7364,100.0000,default,19,rsu(450m),3911,170797,0.0856,450,1.8749,3,4,-79.7494,-96.7391,direct,0.1000,48.4000,-85.4587
553.8,node[20],5,5553.8938,4444.4687,1.8950,14.5972,-0.1342,-0.5472,-21150305#2,-77.5994,-1.8035,100.0000,default,19,rsu(449m),3912,170857,0.0830,449,1.8670,3,4,-77.5994,-94.5891,direct,0.1000,48.4000,-85.4653
553.9,node[20],5,5555.1419,4445.2290,1.8950,14.6142,0.1701,-0.5472,-21150305#2,-72.8352,3.6904,100.0000,default,19,rsu(448m),3913,170916,0.5855,448,1.8622,6,10,-72.8352,-89.8249,direct,0.1000,47.6000,-85.4719
554,node[20],5,5556.3874,4445.9878,1.8950,14.5849,-0.2924,-0.5472,-21150305#2,-78.4626,-1.9478,100.0000,default,19,rsu(446m),3914,170978,0.0777,446,1.8684,3,4,-78.4626,-95.4523,direct,0.1000,47.6000,-85.4783
554.1,node[20],5,5557.6309,4446.7453,1.8950,14.5607,-0.2426,-0.5472,-21150305#2,-77.9685,-2.6734,100.0000,default,19,rsu(445m),3915,171038,0.0554,445,1.8626,3,4,-77.9685,-94.9582,direct,0.1000,48.8000,-85.4848
554.2,node[20],5,5558.8792,4447.5058,1.8950,14.6167,0.5601,-0.5472,-21150305#2,-79.5486,-3.2596,100.0000,default,19,rsu(444m),3916,171096,0.0419,444,1.8624,2,2,-79.5486,-96.5383,direct,0.1000,48.8000,-85.4912
554.3,node[20],5,5560.1324,4448.2692,1.8950,14.6744,0.5773,-0.5472,-21150305#2,-78.8193,-0.2207,100.0000,default,19,rsu(442m),3917,171156,0.1665,442,6.9662,4,6,-78.8193,-95.8090,direct,0.0500,47.2000,-85.4974
554.4,node[20],5,5561.3781,4449.0281,1.8950,14.5867,-0.8772,-0.5472,-21150305#2,-73.9340,3.7670,100.0000,default,19,rsu(441m),3918,171217,0.5947,441,1.8278,6,10,-73.9340,-90.9237,direct,0.1000,47.2000,-85.5038
554.5,node[20],5,5562.6253,4449.7879,1.8950,14.6034,0.1675,-0.5472,-21150305#2,-72.6039,1.8601,100.0000,default,19,rsu(440m),3919,171279,0.3613,440,1.8433,5,8,-72.6039,-89.5936,direct,0.1000,49.2000,-85.5102
554.6,node[20],5,5563.8771,4450.5505,1.8950,14.6582,0.5478,-0.5472,-21150305#2,-76.3611,-1.2886,100.0000,default,19,rsu(438m),3920,171338,0.1049,438,1.8567,3,4,-76.3611,-93.3508,direct,0.1000,49.2000,-85.5166
554.7,node[20],5,5565.1223,4451.3091,1.8950,14.5811,-0.7708,-0.5472,-21150305#2,-76.9686,1.5403,100.0000,default,19,rsu(437m),3921,171398,0.3252,437,1.8552,5,8,-76.9686,-93.9583,direct,0.1000,47.6000,-85.5229
554.8,node[20],5,5566.3740,4452.0716,1.8950,14.6560,0.7487,-0.5472,-21150305#2,-74.4936,4.5113,100.0000,default,19,rsu(436m),3922,171457,0.6804,436,1.8764,6,10,-74.4936,-91.4833,direct,0.1000,47.6000,-85.5293
554.9,node[20],5,5567.6264,4452.8346,1.8950,14.6649,0.0889,-0.5472,-21150305#2,-78.7286,-1.3275,100.0000,default,19,rsu(434m),3923,171516,0.1031,434,1.8633,3,4,-78.7286,-95.7183,direct,0.1000,47.2000,-85.5355
555,node[20],5,5568.8735,4453.5943,1.8950,14.6031,-0.6182,-0.5472,-21150305#2,-84.6250,-5.0000,100.0000,default,19,rsu(433m),3924,171579,0.0180,433,1.8694,2,2,-84.6250,-101.6147,direct,0.1000,47.2000,-85.5417
